[2025-12-31T00:00:20+08:00][error] 错误信息:controller not exists:app\controller\J
[2025-12-31T00:00:49+08:00][error] 错误信息:controller not exists:app\controller\J
[2025-12-31T00:00:54+08:00][error] 错误信息:controller not exists:app\controller\Index
[2025-12-31T00:01:40+08:00][error] 错误信息:controller not exists:app\controller\J
[2025-12-31T00:02:42+08:00][error] 错误信息:controller not exists:app\controller\J
[2025-12-31T00:03:28+08:00][error] 错误信息:controller not exists:app\controller\J
[2025-12-31T00:04:20+08:00][error] 错误信息:controller not exists:app\controller\J
[2025-12-31T00:06:41+08:00][error] 错误信息:controller not exists:app\controller\Openssh
[2025-12-31T00:07:01+08:00][error] 错误信息:controller not exists:app\controller\Wget
[2025-12-31T00:09:19+08:00][error] 错误信息:controller not exists:app\controller\Apache2
[2025-12-31T00:10:17+08:00][error] 错误信息:controller not exists:app\controller\Bash
[2025-12-31T00:12:09+08:00][error] 错误信息:controller not exists:app\controller\Pftp
[2025-12-31T00:12:56+08:00][error] 错误信息:controller not exists:app\controller\J
[2025-12-31T00:14:36+08:00][error] 错误信息:controller not exists:app\controller\J
[2025-12-31T00:14:59+08:00][error] 错误信息:controller not exists:app\controller\J
[2025-12-31T00:17:06+08:00][error] 错误信息:controller not exists:app\controller\miraint\Arm5n
[2025-12-31T00:18:09+08:00][error] 错误信息:controller not exists:app\controller\mirai\Arm
[2025-12-31T00:19:51+08:00][error] 错误信息:controller not exists:app\controller\Index
[2025-12-31T00:19:57+08:00][error] 错误信息:controller not exists:app\controller\mirai\X86
[2025-12-31T00:23:45+08:00][error] 错误信息:controller not exists:app\controller\Vv
[2025-12-31T00:25:08+08:00][error] 错误信息:controller not exists:app\controller\Vv
[2025-12-31T00:26:16+08:00][error] 错误信息:controller not exists:app\controller\Vv
[2025-12-31T00:26:40+08:00][error] 错误信息:controller not exists:app\controller\Vv
[2025-12-31T00:27:58+08:00][error] 错误信息:controller not exists:app\controller\Vv
[2025-12-31T00:29:08+08:00][error] 错误信息:controller not exists:app\controller\Vv
[2025-12-31T00:31:56+08:00][error] 错误信息:controller not exists:app\controller\Vv
[2025-12-31T00:33:13+08:00][error] 错误信息:controller not exists:app\controller\SDK
[2025-12-31T00:34:29+08:00][error] 错误信息:controller not exists:app\controller\Vv
[2025-12-31T00:36:41+08:00][error] 错误信息:controller not exists:app\controller\Index
[2025-12-31T00:37:25+08:00][error] 错误信息:controller not exists:app\controller\Vv
[2025-12-31T00:46:17+08:00][error] 错误信息:controller not exists:app\controller\Index
[2025-12-31T00:58:39+08:00][error] 错误信息:controller not exists:app\controller\010100110101010
[2025-12-31T01:04:51+08:00][error] 错误信息:controller not exists:app\controller\010100110101010
[2025-12-31T01:05:50+08:00][error] 错误信息:controller not exists:app\controller\010100110101010
[2025-12-31T01:07:59+08:00][error] 错误信息:controller not exists:app\controller\010100110101010
[2025-12-31T01:08:11+08:00][error] 错误信息:controller not exists:app\controller\Index
[2025-12-31T01:10:03+08:00][error] 错误信息:controller not exists:app\controller\Index
[2025-12-31T01:12:09+08:00][error] 错误信息:controller not exists:app\controller\Index
[2025-12-31T01:12:40+08:00][error] 错误信息:controller not exists:app\controller\fghe3tj\X8664
[2025-12-31T01:13:27+08:00][error] 错误信息:controller not exists:app\controller\fghe3tj\Ppc
[2025-12-31T01:14:29+08:00][error] 错误信息:controller not exists:app\controller\fghe3tj\M68k
[2025-12-31T01:15:13+08:00][error] 错误信息:controller not exists:app\controller\fghe3tj\X86
[2025-12-31T01:15:30+08:00][error] 错误信息:controller not exists:app\controller\fghe3tj\Mips
[2025-12-31T01:16:14+08:00][error] 错误信息:controller not exists:app\controller\fghe3tj\Spc
[2025-12-31T01:16:51+08:00][error] 错误信息:controller not exists:app\controller\fghe3tj\Mpsl
[2025-12-31T01:17:26+08:00][error] 错误信息:controller not exists:app\controller\fghe3tj\Arc
[2025-12-31T01:18:29+08:00][error] 错误信息:controller not exists:app\controller\neon\I686
[2025-12-31T01:18:52+08:00][error] 错误信息:controller not exists:app\controller\Dwrioej
[2025-12-31T01:19:16+08:00][error] 错误信息:controller not exists:app\controller\Dwrioej
[2025-12-31T01:19:52+08:00][error] 错误信息:controller not exists:app\controller\Dwrioej
[2025-12-31T01:20:27+08:00][error] 错误信息:controller not exists:app\controller\Dwrioej
[2025-12-31T01:20:31+08:00][error] 错误信息:controller not exists:app\controller\Dwrioej
[2025-12-31T01:21:11+08:00][error] 错误信息:controller not exists:app\controller\Dwrioej
[2025-12-31T01:21:17+08:00][error] 错误信息:controller not exists:app\controller\Curl
[2025-12-31T01:21:24+08:00][error] 错误信息:controller not exists:app\controller\SDK
[2025-12-31T01:21:54+08:00][error] 错误信息:controller not exists:app\controller\I
[2025-12-31T01:22:09+08:00][error] 错误信息:controller not exists:app\controller\Aqua\Arm6
[2025-12-31T01:22:38+08:00][error] 错误信息:controller not exists:app\controller\CgiBin
[2025-12-31T01:22:40+08:00][error] 错误信息:controller not exists:app\controller\O
[2025-12-31T01:30:35+08:00][error] 错误信息:controller not exists:app\controller\Index
[2025-12-31T01:32:04+08:00][error] 错误信息:controller not exists:app\controller\Index
[2025-12-31T01:33:33+08:00][error] 错误信息:controller not exists:app\controller\Index
[2025-12-31T01:38:39+08:00][error] 错误信息:controller not exists:app\controller\Index
[2025-12-31T01:47:56+08:00][error] 错误信息:controller not exists:app\controller\Wiki
[2025-12-31T01:59:20+08:00][error] 错误信息:controller not exists:app\controller\Index
[2025-12-31T02:02:39+08:00][error] 错误信息:controller not exists:app\controller\Index
[2025-12-31T02:22:30+08:00][error] 错误信息:controller not exists:app\controller\Index
[2025-12-31T02:23:41+08:00][error] 错误信息:controller not exists:app\controller\Index
[2025-12-31T02:24:12+08:00][error] 错误信息:controller not exists:app\controller\Bins
[2025-12-31T02:24:22+08:00][error] 错误信息:controller not exists:app\controller\Bin
[2025-12-31T02:24:25+08:00][error] 错误信息:controller not exists:app\controller\Index
[2025-12-31T02:24:41+08:00][error] 错误信息:controller not exists:app\controller\I
[2025-12-31T02:24:45+08:00][error] 错误信息:controller not exists:app\controller\bin\Sh
[2025-12-31T02:24:58+08:00][error] 错误信息:controller not exists:app\controller\Bins
[2025-12-31T02:25:18+08:00][error] 错误信息:controller not exists:app\controller\Arm5
[2025-12-31T02:25:33+08:00][error] 错误信息:controller not exists:app\controller\Mpsl
[2025-12-31T02:25:58+08:00][error] 错误信息:controller not exists:app\controller\Arm
[2025-12-31T02:26:12+08:00][error] 错误信息:controller not exists:app\controller\Bins
[2025-12-31T02:26:21+08:00][error] 错误信息:controller not exists:app\controller\Bins
[2025-12-31T02:26:33+08:00][error] 错误信息:controller not exists:app\controller\Bins
[2025-12-31T02:27:00+08:00][error] 错误信息:controller not exists:app\controller\Bins
[2025-12-31T02:27:15+08:00][error] 错误信息:controller not exists:app\controller\Bins
[2025-12-31T02:27:22+08:00][error] 错误信息:controller not exists:app\controller\Bins
[2025-12-31T02:27:32+08:00][error] 错误信息:controller not exists:app\controller\X86
[2025-12-31T02:27:56+08:00][error] 错误信息:controller not exists:app\controller\Mips
[2025-12-31T02:28:15+08:00][error] 错误信息:controller not exists:app\controller\Bins
[2025-12-31T02:28:31+08:00][error] 错误信息:controller not exists:app\controller\Bins
[2025-12-31T02:28:39+08:00][error] 错误信息:controller not exists:app\controller\Bins
[2025-12-31T02:28:57+08:00][error] 错误信息:controller not exists:app\controller\Bins
[2025-12-31T02:29:14+08:00][error] 错误信息:controller not exists:app\controller\Mipsel
[2025-12-31T02:29:24+08:00][error] 错误信息:controller not exists:app\controller\Mozi\M
[2025-12-31T02:29:47+08:00][error] 错误信息:controller not exists:app\controller\Bins
[2025-12-31T02:29:55+08:00][error] 错误信息:controller not exists:app\controller\Sh
[2025-12-31T02:30:06+08:00][error] 错误信息:controller not exists:app\controller\Hiddenbin
[2025-12-31T02:30:29+08:00][error] 错误信息:controller not exists:app\controller\Armv4l
[2025-12-31T02:30:42+08:00][error] 错误信息:controller not exists:app\controller\resgod\Spc
[2025-12-31T02:30:57+08:00][error] 错误信息:controller not exists:app\controller\Hiddenbin
[2025-12-31T02:31:17+08:00][error] 错误信息:controller not exists:app\controller\Hiddenbin
[2025-12-31T02:31:27+08:00][error] 错误信息:controller not exists:app\controller\Hiddenbin
[2025-12-31T02:31:35+08:00][error] 错误信息:controller not exists:app\controller\Hiddenbin
[2025-12-31T02:32:02+08:00][error] 错误信息:controller not exists:app\controller\Hiddenbin
[2025-12-31T02:32:08+08:00][error] 错误信息:controller not exists:app\controller\resgod\M68k
[2025-12-31T02:32:29+08:00][error] 错误信息:controller not exists:app\controller\Hiddenbin
[2025-12-31T02:32:47+08:00][error] 错误信息:controller not exists:app\controller\Hiddenbin
[2025-12-31T02:32:56+08:00][error] 错误信息:controller not exists:app\controller\Hiddenbin
[2025-12-31T02:33:15+08:00][error] 错误信息:controller not exists:app\controller\Bins
[2025-12-31T02:33:34+08:00][error] 错误信息:controller not exists:app\controller\Hiddenbin
[2025-12-31T02:33:49+08:00][error] 错误信息:controller not exists:app\controller\Hiddenbin
[2025-12-31T02:34:06+08:00][error] 错误信息:controller not exists:app\controller\Sparc
[2025-12-31T02:34:18+08:00][error] 错误信息:controller not exists:app\controller\Armv5l
[2025-12-31T02:34:40+08:00][error] 错误信息:controller not exists:app\controller\Armv6l
[2025-12-31T02:34:54+08:00][error] 错误信息:controller not exists:app\controller\I586
[2025-12-31T02:35:02+08:00][error] 错误信息:controller not exists:app\controller\Sh4
[2025-12-31T02:35:13+08:00][error] 错误信息:controller not exists:app\controller\Arm7
[2025-12-31T02:35:32+08:00][error] 错误信息:controller not exists:app\controller\X8664
[2025-12-31T02:35:47+08:00][error] 错误信息:controller not exists:app\controller\I686
[2025-12-31T02:36:07+08:00][error] 错误信息:controller not exists:app\controller\M68k
[2025-12-31T02:36:20+08:00][error] 错误信息:controller not exists:app\controller\Arm6
[2025-12-31T02:36:41+08:00][error] 错误信息:controller not exists:app\controller\Bins
[2025-12-31T02:36:48+08:00][error] 错误信息:controller not exists:app\controller\Bins
[2025-12-31T02:37:03+08:00][error] 错误信息:controller not exists:app\controller\Bins
[2025-12-31T02:37:15+08:00][error] 错误信息:controller not exists:app\controller\skid\Arm5
[2025-12-31T02:37:38+08:00][error] 错误信息:controller not exists:app\controller\Bins
[2025-12-31T02:37:46+08:00][error] 错误信息:controller not exists:app\controller\skid\Arm
[2025-12-31T02:38:10+08:00][error] 错误信息:controller not exists:app\controller\Bins
[2025-12-31T02:38:21+08:00][error] 错误信息:controller not exists:app\controller\Bins
[2025-12-31T02:38:29+08:00][error] 错误信息:controller not exists:app\controller\Bins
[2025-12-31T02:38:58+08:00][error] 错误信息:controller not exists:app\controller\Bins
[2025-12-31T02:39:11+08:00][error] 错误信息:controller not exists:app\controller\Spc
[2025-12-31T02:39:28+08:00][error] 错误信息:controller not exists:app\controller\Ppc
[2025-12-31T02:39:35+08:00][error] 错误信息:controller not exists:app\controller\Arm4
[2025-12-31T02:39:59+08:00][error] 错误信息:controller not exists:app\controller\skid\Mpsl
[2025-12-31T02:40:14+08:00][error] 错误信息:controller not exists:app\controller\skid\Mips
[2025-12-31T02:40:24+08:00][error] 错误信息:controller not exists:app\controller\skid\Arm7
[2025-12-31T02:40:32+08:00][error] 错误信息:controller not exists:app\controller\001010101010010110101011101010101101010111010101
[2025-12-31T02:40:54+08:00][error] 错误信息:controller not exists:app\controller\001010101010010110101011101010101101010111010101
[2025-12-31T02:41:06+08:00][error] 错误信息:controller not exists:app\controller\001010101010010110101011101010101101010111010101
[2025-12-31T02:41:25+08:00][error] 错误信息:controller not exists:app\controller\001010101010010110101011101010101101010111010101
[2025-12-31T02:41:34+08:00][error] 错误信息:controller not exists:app\controller\001010101010010110101011101010101101010111010101
[2025-12-31T02:41:39+08:00][error] 错误信息:controller not exists:app\controller\CgiBin
[2025-12-31T02:41:52+08:00][error] 错误信息:controller not exists:app\controller\001010101010010110101011101010101101010111010101
[2025-12-31T02:42:10+08:00][error] 错误信息:controller not exists:app\controller\001010101010010110101011101010101101010111010101
[2025-12-31T02:42:27+08:00][error] 错误信息:controller not exists:app\controller\001010101010010110101011101010101101010111010101
[2025-12-31T02:42:45+08:00][error] 错误信息:controller not exists:app\controller\001010101010010110101011101010101101010111010101
[2025-12-31T02:43:03+08:00][error] 错误信息:controller not exists:app\controller\001010101010010110101011101010101101010111010101
[2025-12-31T02:43:13+08:00][error] 错误信息:controller not exists:app\controller\001010101010010110101011101010101101010111010101
[2025-12-31T02:43:29+08:00][error] 错误信息:controller not exists:app\controller\001010101010010110101011101010101101010111010101
[2025-12-31T02:43:46+08:00][error] 错误信息:controller not exists:app\controller\001010101010010110101011101010101101010111010101
[2025-12-31T02:43:58+08:00][error] 错误信息:controller not exists:app\controller\001010101010010110101011101010101101010111010101
[2025-12-31T02:44:07+08:00][error] 错误信息:controller not exists:app\controller\Lmips
[2025-12-31T02:44:28+08:00][error] 错误信息:controller not exists:app\controller\Larm5
[2025-12-31T02:44:38+08:00][error] 错误信息:controller not exists:app\controller\Larm7
[2025-12-31T02:44:57+08:00][error] 错误信息:controller not exists:app\controller\Gmips
[2025-12-31T02:45:23+08:00][error] 错误信息:controller not exists:app\controller\Xmips
[2025-12-31T02:45:26+08:00][error] 错误信息:controller not exists:app\controller\Rmpsl
[2025-12-31T02:45:51+08:00][error] 错误信息:controller not exists:app\controller\Lmpsl
[2025-12-31T02:46:01+08:00][error] 错误信息:controller not exists:app\controller\Harm7
[2025-12-31T02:46:20+08:00][error] 错误信息:controller not exists:app\controller\Larm4
[2025-12-31T02:46:36+08:00][error] 错误信息:controller not exists:app\controller\00101010101001
[2025-12-31T02:46:55+08:00][error] 错误信息:controller not exists:app\controller\00101010101001
[2025-12-31T02:47:01+08:00][error] 错误信息:controller not exists:app\controller\00101010101001
[2025-12-31T02:47:16+08:00][error] 错误信息:controller not exists:app\controller\00101010101001
[2025-12-31T02:47:32+08:00][error] 错误信息:controller not exists:app\controller\00101010101001
[2025-12-31T02:47:43+08:00][error] 错误信息:controller not exists:app\controller\00101010101001
[2025-12-31T02:47:59+08:00][error] 错误信息:controller not exists:app\controller\00101010101001
[2025-12-31T02:48:25+08:00][error] 错误信息:controller not exists:app\controller\00101010101001
[2025-12-31T02:48:33+08:00][error] 错误信息:controller not exists:app\controller\00101010101001
[2025-12-31T02:48:50+08:00][error] 错误信息:controller not exists:app\controller\00101010101001
[2025-12-31T02:49:05+08:00][error] 错误信息:controller not exists:app\controller\00101010101001
[2025-12-31T02:49:27+08:00][error] 错误信息:controller not exists:app\controller\00101010101001
[2025-12-31T02:49:36+08:00][error] 错误信息:controller not exists:app\controller\00101010101001
[2025-12-31T02:49:58+08:00][error] 错误信息:controller not exists:app\controller\00101010101001
[2025-12-31T02:50:05+08:00][error] 错误信息:controller not exists:app\controller\00101010101001
[2025-12-31T02:50:21+08:00][error] 错误信息:controller not exists:app\controller\Bins
[2025-12-31T02:50:40+08:00][error] 错误信息:controller not exists:app\controller\Aarch64
[2025-12-31T02:50:42+08:00][error] 错误信息:controller not exists:app\controller\Index
[2025-12-31T02:50:50+08:00][error] 错误信息:controller not exists:app\controller\Csky
[2025-12-31T02:51:14+08:00][error] 错误信息:controller not exists:app\controller\Arc
[2025-12-31T02:51:26+08:00][error] 错误信息:controller not exists:app\controller\Harm4
[2025-12-31T02:51:34+08:00][error] 错误信息:controller not exists:app\controller\Harm5
[2025-12-31T02:51:53+08:00][error] 错误信息:controller not exists:app\controller\Gmpsl
[2025-12-31T02:52:02+08:00][error] 错误信息:controller not exists:app\controller\Hmips
[2025-12-31T02:52:29+08:00][error] 错误信息:controller not exists:app\controller\Armv7l
[2025-12-31T02:52:38+08:00][error] 错误信息:controller not exists:app\controller\Gompsl
[2025-12-31T02:52:52+08:00][error] 错误信息:controller not exists:app\controller\Garm7
[2025-12-31T02:53:05+08:00][error] 错误信息:controller not exists:app\controller\Systemcl
[2025-12-31T02:53:27+08:00][error] 错误信息:controller not exists:app\controller\Systemcl
[2025-12-31T02:53:41+08:00][error] 错误信息:controller not exists:app\controller\Systemcl
[2025-12-31T02:53:57+08:00][error] 错误信息:controller not exists:app\controller\Systemcl
[2025-12-31T02:54:11+08:00][error] 错误信息:controller not exists:app\controller\Systemcl
[2025-12-31T02:54:15+08:00][error] 错误信息:controller not exists:app\controller\Goform
[2025-12-31T02:54:26+08:00][error] 错误信息:controller not exists:app\controller\Systemcl
[2025-12-31T02:54:41+08:00][error] 错误信息:controller not exists:app\controller\Systemcl
[2025-12-31T02:54:50+08:00][error] 错误信息:controller not exists:app\controller\Systemcl
[2025-12-31T02:55:13+08:00][error] 错误信息:controller not exists:app\controller\Systemcl
[2025-12-31T02:55:14+08:00][error] 错误信息:controller not exists:app\controller\Systemcl
[2025-12-31T02:55:42+08:00][error] 错误信息:controller not exists:app\controller\p\Txt
[2025-12-31T02:56:01+08:00][error] 错误信息:controller not exists:app\controller\Systemcl
[2025-12-31T02:56:05+08:00][error] 错误信息:controller not exists:app\controller\Systemcl
[2025-12-31T02:56:29+08:00][error] 错误信息:controller not exists:app\controller\Bins
[2025-12-31T02:56:43+08:00][error] 错误信息:controller not exists:app\controller\Bins
[2025-12-31T02:56:55+08:00][error] 错误信息:controller not exists:app\controller\Bins
[2025-12-31T02:57:09+08:00][error] 错误信息:controller not exists:app\controller\Bins
[2025-12-31T02:57:26+08:00][error] 错误信息:controller not exists:app\controller\Bins
[2025-12-31T02:57:47+08:00][error] 错误信息:controller not exists:app\controller\Bins
[2025-12-31T02:57:55+08:00][error] 错误信息:controller not exists:app\controller\Bins
[2025-12-31T02:58:12+08:00][error] 错误信息:controller not exists:app\controller\Bins
[2025-12-31T02:58:27+08:00][error] 错误信息:controller not exists:app\controller\Bins
[2025-12-31T02:58:33+08:00][error] 错误信息:controller not exists:app\controller\Bins
[2025-12-31T02:58:46+08:00][error] 错误信息:controller not exists:app\controller\Actuator
[2025-12-31T02:58:53+08:00][error] 错误信息:controller not exists:app\controller\I486
[2025-12-31T02:59:17+08:00][error] 错误信息:controller not exists:app\controller\Sshd
[2025-12-31T02:59:21+08:00][error] 错误信息:controller not exists:app\controller\Hiddenbin
[2025-12-31T02:59:44+08:00][error] 错误信息:controller not exists:app\controller\SDK
[2025-12-31T02:59:46+08:00][error] 错误信息:controller not exists:app\controller\00101010101001
[2025-12-31T02:59:56+08:00][error] 错误信息:controller not exists:app\controller\Mozi\A
[2025-12-31T03:00:14+08:00][error] 错误信息:controller not exists:app\controller\Hiddenbin
[2025-12-31T03:00:33+08:00][error] 错误信息:controller not exists:app\controller\Hiddenbin
[2025-12-31T03:00:49+08:00][error] 错误信息:controller not exists:app\controller\Hiddenbin
[2025-12-31T03:00:56+08:00][error] 错误信息:controller not exists:app\controller\Hiddenbin
[2025-12-31T03:01:06+08:00][error] 错误信息:controller not exists:app\controller\Hiddenbin
[2025-12-31T03:01:35+08:00][error] 错误信息:controller not exists:app\controller\Hiddenbin
[2025-12-31T03:01:54+08:00][error] 错误信息:controller not exists:app\controller\Hiddenbin
[2025-12-31T03:02:01+08:00][error] 错误信息:controller not exists:app\controller\Hiddenbin
[2025-12-31T03:02:16+08:00][error] 错误信息:controller not exists:app\controller\001010101010010110101011101010101101010111010101
[2025-12-31T03:02:33+08:00][error] 错误信息:controller not exists:app\controller\Powerpc
[2025-12-31T03:02:49+08:00][error] 错误信息:controller not exists:app\controller\Hiddenbin
[2025-12-31T03:02:56+08:00][error] 错误信息:controller not exists:app\controller\Hiddenbin
[2025-12-31T03:03:13+08:00][error] 错误信息:controller not exists:app\controller\Hiddenbin
[2025-12-31T03:03:23+08:00][error] 错误信息:controller not exists:app\controller\Hiddenbin
[2025-12-31T03:03:56+08:00][error] 错误信息:controller not exists:app\controller\Hiddenbin
[2025-12-31T03:04:02+08:00][error] 错误信息:controller not exists:app\controller\Hiddenbin
[2025-12-31T03:04:18+08:00][error] 错误信息:controller not exists:app\controller\Hiddenbin
[2025-12-31T03:04:31+08:00][error] 错误信息:controller not exists:app\controller\Hiddenbin
[2025-12-31T03:04:52+08:00][error] 错误信息:controller not exists:app\controller\Hiddenbin
[2025-12-31T03:05:05+08:00][error] 错误信息:controller not exists:app\controller\Hiddenbin
[2025-12-31T03:05:16+08:00][error] 错误信息:controller not exists:app\controller\Hiddenbin
[2025-12-31T03:05:37+08:00][error] 错误信息:controller not exists:app\controller\rebirth\X86
[2025-12-31T03:05:44+08:00][error] 错误信息:controller not exists:app\controller\rebirth\Arm6
[2025-12-31T03:06:12+08:00][error] 错误信息:controller not exists:app\controller\596a96cc7bf9108cd896f33c44aedc8a
[2025-12-31T03:06:31+08:00][error] 错误信息:controller not exists:app\controller\a-r\m-7\SNOOPY
[2025-12-31T03:06:37+08:00][error] 错误信息:controller not exists:app\controller\596a96cc7bf9108cd896f33c44aedc8a
[2025-12-31T03:06:56+08:00][error] 错误信息:controller not exists:app\controller\i-5\8-6\SNOOPY
[2025-12-31T03:07:07+08:00][error] 错误信息:controller not exists:app\controller\596a96cc7bf9108cd896f33c44aedc8a
[2025-12-31T03:07:32+08:00][error] 错误信息:controller not exists:app\controller\a-r\m-5\SNOOPY
[2025-12-31T03:07:43+08:00][error] 错误信息:controller not exists:app\controller\596a96cc7bf9108cd896f33c44aedc8a
[2025-12-31T03:07:53+08:00][error] 错误信息:controller not exists:app\controller\596a96cc7bf9108cd896f33c44aedc8a
[2025-12-31T03:08:22+08:00][error] 错误信息:controller not exists:app\controller\596a96cc7bf9108cd896f33c44aedc8a
[2025-12-31T03:08:30+08:00][error] 错误信息:controller not exists:app\controller\596a96cc7bf9108cd896f33c44aedc8a
[2025-12-31T03:08:45+08:00][error] 错误信息:controller not exists:app\controller\s-h\4-\SNOOPY
[2025-12-31T03:09:09+08:00][error] 错误信息:controller not exists:app\controller\596a96cc7bf9108cd896f33c44aedc8a
[2025-12-31T03:09:22+08:00][error] 错误信息:controller not exists:app\controller\596a96cc7bf9108cd896f33c44aedc8a
[2025-12-31T03:09:38+08:00][error] 错误信息:controller not exists:app\controller\m-p\s-l\SNOOPY
[2025-12-31T03:09:46+08:00][error] 错误信息:controller not exists:app\controller\p-p\c-\SNOOPY
[2025-12-31T03:10:05+08:00][error] 错误信息:controller not exists:app\controller\m-6\8-k\SNOOPY
[2025-12-31T03:10:19+08:00][error] 错误信息:controller not exists:app\controller\x-8\6-\SNOOPY
[2025-12-31T03:10:39+08:00][error] 错误信息:controller not exists:app\controller\a-r\m-6\SNOOPY
[2025-12-31T03:10:58+08:00][error] 错误信息:controller not exists:app\controller\596a96cc7bf9108cd896f33c44aedc8a
[2025-12-31T03:11:24+08:00][error] 错误信息:controller not exists:app\controller\596a96cc7bf9108cd896f33c44aedc8a
[2025-12-31T03:11:35+08:00][error] 错误信息:controller not exists:app\controller\m-i\p-s\SNOOPY
[2025-12-31T03:11:45+08:00][error] 错误信息:controller not exists:app\controller\a-r\m-4\SNOOPY
[2025-12-31T03:11:58+08:00][error] 错误信息:controller not exists:app\controller\596a96cc7bf9108cd896f33c44aedc8a
[2025-12-31T03:12:14+08:00][error] 错误信息:controller not exists:app\controller\596a96cc7bf9108cd896f33c44aedc8a
[2025-12-31T03:12:26+08:00][error] 错误信息:controller not exists:app\controller\x-3\2-\SNOOPY
[2025-12-31T03:12:49+08:00][error] 错误信息:controller not exists:app\controller\Xmrig
[2025-12-31T03:13:25+08:00][error] 错误信息:controller not exists:app\controller\Ss
[2025-12-31T03:13:44+08:00][error] 错误信息:controller not exists:app\controller\bot\Arm6
[2025-12-31T03:14:00+08:00][error] 错误信息:controller not exists:app\controller\bot\Mips
[2025-12-31T03:14:12+08:00][error] 错误信息:controller not exists:app\controller\bot\X8664
[2025-12-31T03:14:24+08:00][error] 错误信息:controller not exists:app\controller\bot\Ppc
[2025-12-31T03:14:37+08:00][error] 错误信息:controller not exists:app\controller\bot\Sh4
[2025-12-31T03:14:38+08:00][error] 错误信息:controller not exists:app\controller\Index
[2025-12-31T03:14:54+08:00][error] 错误信息:controller not exists:app\controller\bot\M68k
[2025-12-31T03:15:14+08:00][error] 错误信息:controller not exists:app\controller\bot\Arm
[2025-12-31T03:15:19+08:00][error] 错误信息:controller not exists:app\controller\bot\Mpsl
[2025-12-31T03:15:40+08:00][error] 错误信息:controller not exists:app\controller\bot\Arm5
[2025-12-31T03:16:05+08:00][error] 错误信息:controller not exists:app\controller\bot\X86
[2025-12-31T03:16:18+08:00][error] 错误信息:controller not exists:app\controller\bot\Arm7
[2025-12-31T03:16:42+08:00][error] 错误信息:controller not exists:app\controller\Bins
[2025-12-31T03:16:58+08:00][error] 错误信息:controller not exists:app\controller\Bins
[2025-12-31T03:17:04+08:00][error] 错误信息:controller not exists:app\controller\Bins
[2025-12-31T03:17:16+08:00][error] 错误信息:controller not exists:app\controller\Bins
[2025-12-31T03:17:28+08:00][error] 错误信息:controller not exists:app\controller\Developmentserver
[2025-12-31T03:17:41+08:00][error] 错误信息:controller not exists:app\controller\Bins
[2025-12-31T03:17:47+08:00][error] 错误信息:controller not exists:app\controller\Bins
[2025-12-31T03:18:14+08:00][error] 错误信息:controller not exists:app\controller\Bins
[2025-12-31T03:18:44+08:00][error] 错误信息:controller not exists:app\controller\Bins
[2025-12-31T03:18:56+08:00][error] 错误信息:controller not exists:app\controller\Bins
[2025-12-31T03:19:20+08:00][error] 错误信息:controller not exists:app\controller\Bins
[2025-12-31T03:19:27+08:00][error] 错误信息:controller not exists:app\controller\Bins
[2025-12-31T03:19:48+08:00][error] 错误信息:controller not exists:app\controller\Bins
[2025-12-31T03:20:04+08:00][error] 错误信息:controller not exists:app\controller\Bins
[2025-12-31T03:20:17+08:00][error] 错误信息:controller not exists:app\controller\Bins
[2025-12-31T03:20:28+08:00][error] 错误信息:controller not exists:app\controller\Bins
[2025-12-31T03:20:56+08:00][error] 错误信息:controller not exists:app\controller\Systemcl
[2025-12-31T03:21:13+08:00][error] 错误信息:controller not exists:app\controller\bot\Sparc
[2025-12-31T03:21:28+08:00][error] 错误信息:controller not exists:app\controller\lol\Arm7
[2025-12-31T03:21:39+08:00][error] 错误信息:controller not exists:app\controller\lol\Arm5
[2025-12-31T03:22:00+08:00][error] 错误信息:controller not exists:app\controller\bot\Mipsel
[2025-12-31T03:22:23+08:00][error] 错误信息:controller not exists:app\controller\lol\Mpsl
[2025-12-31T03:22:39+08:00][error] 错误信息:controller not exists:app\controller\kitty\M68k
[2025-12-31T03:22:49+08:00][error] 错误信息:controller not exists:app\controller\kitty\Armv5l
[2025-12-31T03:23:07+08:00][error] 错误信息:controller not exists:app\controller\kitty\Aarch64
[2025-12-31T03:23:45+08:00][error] 错误信息:controller not exists:app\controller\kitty\Powerpc
[2025-12-31T03:23:57+08:00][error] 错误信息:controller not exists:app\controller\kitty\Mips
[2025-12-31T03:24:16+08:00][error] 错误信息:controller not exists:app\controller\kitty\Mipsel
[2025-12-31T03:24:38+08:00][error] 错误信息:controller not exists:app\controller\kitty\X8664
[2025-12-31T03:25:00+08:00][error] 错误信息:controller not exists:app\controller\kitty\Armv7l
[2025-12-31T03:25:14+08:00][error] 错误信息:controller not exists:app\controller\kitty\Powerpc64
[2025-12-31T03:25:30+08:00][error] 错误信息:controller not exists:app\controller\kitty\I686
[2025-12-31T03:26:38+08:00][error] 错误信息:controller not exists:app\controller\kitty\Armv6l
[2025-12-31T03:26:54+08:00][error] 错误信息:controller not exists:app\controller\kitty\I486
[2025-12-31T03:27:04+08:00][error] 错误信息:controller not exists:app\controller\Bins
[2025-12-31T03:27:47+08:00][error] 错误信息:controller not exists:app\controller\Bins
[2025-12-31T03:27:54+08:00][error] 错误信息:controller not exists:app\controller\L7vmra
[2025-12-31T03:28:54+08:00][error] 错误信息:controller not exists:app\controller\Bins
[2025-12-31T03:29:09+08:00][error] 错误信息:controller not exists:app\controller\Bins
[2025-12-31T03:29:42+08:00][error] 错误信息:controller not exists:app\controller\Spim
[2025-12-31T03:30:07+08:00][error] 错误信息:controller not exists:app\controller\Bins
[2025-12-31T03:30:46+08:00][error] 错误信息:controller not exists:app\controller\MainArm5
[2025-12-31T03:31:04+08:00][error] 错误信息:controller not exists:app\controller\MainPpc
[2025-12-31T03:32:09+08:00][error] 错误信息:controller not exists:app\controller\MainM68k
[2025-12-31T03:32:26+08:00][error] 错误信息:controller not exists:app\controller\MainArm7
[2025-12-31T03:33:01+08:00][error] 错误信息:controller not exists:app\controller\debug\Dbg
[2025-12-31T03:34:56+08:00][error] 错误信息:controller not exists:app\controller\MainSpc
[2025-12-31T03:35:38+08:00][error] 错误信息:controller not exists:app\controller\MainX86
[2025-12-31T03:35:56+08:00][error] 错误信息:controller not exists:app\controller\MainX8664
[2025-12-31T03:38:28+08:00][error] 错误信息:controller not exists:app\controller\MainArm
[2025-12-31T03:39:19+08:00][error] 错误信息:controller not exists:app\controller\MainSh4
[2025-12-31T03:40:15+08:00][error] 错误信息:controller not exists:app\controller\Bins
[2025-12-31T03:41:02+08:00][error] 错误信息:controller not exists:app\controller\Index
[2025-12-31T03:41:13+08:00][error] 错误信息:controller not exists:app\controller\Debug
[2025-12-31T03:44:22+08:00][error] 错误信息:controller not exists:app\controller\Bins
[2025-12-31T03:46:58+08:00][error] 错误信息:controller not exists:app\controller\Bins
[2025-12-31T03:48:43+08:00][error] 错误信息:controller not exists:app\controller\Index
[2025-12-31T03:55:31+08:00][error] 错误信息:controller not exists:app\controller\morte\Arm6
[2025-12-31T03:56:18+08:00][error] 错误信息:controller not exists:app\controller\morte\Ppc
[2025-12-31T04:02:46+08:00][error] 错误信息:controller not exists:app\controller\Index
[2025-12-31T04:10:15+08:00][error] 错误信息:controller not exists:app\controller\404
[2025-12-31T04:12:15+08:00][error] 错误信息:controller not exists:app\controller\CgiBin
[2025-12-31T04:19:07+08:00][error] 错误信息:controller not exists:app\controller\Index
[2025-12-31T04:21:26+08:00][error] 错误信息:controller not exists:app\controller\LjEZs
[2025-12-31T04:26:34+08:00][error] 错误信息:controller not exists:app\controller\Index
[2025-12-31T04:29:00+08:00][error] 错误信息:controller not exists:app\controller\Index
[2025-12-31T04:30:08+08:00][error] 错误信息:controller not exists:app\controller\Index
[2025-12-31T04:41:11+08:00][error] 错误信息:controller not exists:app\controller\Index
[2025-12-31T04:41:56+08:00][error] 错误信息:controller not exists:app\controller\Index
[2025-12-31T04:41:57+08:00][error] 错误信息:controller not exists:app\controller\sitemap\Xml
[2025-12-31T04:45:24+08:00][error] 错误信息:controller not exists:app\controller\Index
[2025-12-31T04:47:32+08:00][error] 错误信息:controller not exists:app\controller\LjEZs
[2025-12-31T04:48:27+08:00][error] 错误信息:controller not exists:app\controller\arm7\Nn
[2025-12-31T04:49:34+08:00][error] 错误信息:controller not exists:app\controller\M68k68xxx
[2025-12-31T04:50:49+08:00][error] 错误信息:controller not exists:app\controller\a-r\m-4\Sakura
[2025-12-31T04:51:56+08:00][error] 错误信息:controller not exists:app\controller\m-p\s-l\Sakura
[2025-12-31T04:52:47+08:00][error] 错误信息:controller not exists:app\controller\a-r\m-6\Sakura
[2025-12-31T04:53:22+08:00][error] 错误信息:controller not exists:app\controller\Index
[2025-12-31T04:54:15+08:00][error] 错误信息:controller not exists:app\controller\m-6\8-k\Sakura
[2025-12-31T04:54:21+08:00][error] 错误信息:controller not exists:app\controller\m-i\p-s\Sakura
[2025-12-31T04:55:25+08:00][error] 错误信息:controller not exists:app\controller\x86_64\Dbg
[2025-12-31T04:55:36+08:00][error] 错误信息:controller not exists:app\controller\ShSh4
[2025-12-31T04:56:27+08:00][error] 错误信息:controller not exists:app\controller\Aarch64be
[2025-12-31T04:56:58+08:00][error] 错误信息:controller not exists:app\controller\Powerpc440fp
[2025-12-31T04:57:40+08:00][error] 错误信息:controller not exists:app\controller\Microblazebe
[2025-12-31T04:58:11+08:00][error] 错误信息:controller not exists:app\controller\Arcle750d
[2025-12-31T04:58:35+08:00][error] 错误信息:controller not exists:app\controller\X8664
[2025-12-31T04:59:11+08:00][error] 错误信息:controller not exists:app\controller\ArcleHs38
[2025-12-31T04:59:43+08:00][error] 错误信息:controller not exists:app\controller\Microblazeel
[2025-12-31T05:00:14+08:00][error] 错误信息:controller not exists:app\controller\p-p\c-\Sakura
[2025-12-31T05:00:51+08:00][error] 错误信息:controller not exists:app\controller\x-8\6-\Sakura
[2025-12-31T05:01:53+08:00][error] 错误信息:controller not exists:app\controller\a-r\m-5\Sakura
[2025-12-31T05:02:06+08:00][error] 错误信息:controller not exists:app\controller\i-5\8-6\Sakura
[2025-12-31T05:02:32+08:00][error] 错误信息:controller not exists:app\controller\x-3\2-\Sakura
[2025-12-31T05:03:07+08:00][error] 错误信息:controller not exists:app\controller\a-r\m-7\Sakura
[2025-12-31T05:03:13+08:00][error] 错误信息:controller not exists:app\controller\Index
[2025-12-31T05:03:27+08:00][error] 错误信息:controller not exists:app\controller\s-h\4-\Sakura
[2025-12-31T05:03:37+08:00][error] 错误信息:controller not exists:app\controller\Cnc
[2025-12-31T05:04:35+08:00][error] 错误信息:controller not exists:app\controller\Z
[2025-12-31T05:04:45+08:00][error] 错误信息:controller not exists:app\controller\Z
[2025-12-31T05:05:14+08:00][error] 错误信息:controller not exists:app\controller\Z
[2025-12-31T05:05:20+08:00][error] 错误信息:controller not exists:app\controller\Z
[2025-12-31T05:05:55+08:00][error] 错误信息:controller not exists:app\controller\Z
[2025-12-31T05:06:31+08:00][error] 错误信息:controller not exists:app\controller\Z
[2025-12-31T05:06:49+08:00][error] 错误信息:controller not exists:app\controller\Z
[2025-12-31T05:06:54+08:00][error] 错误信息:controller not exists:app\controller\SDK
[2025-12-31T05:07:16+08:00][error] 错误信息:controller not exists:app\controller\Rtz
[2025-12-31T05:07:28+08:00][error] 错误信息:controller not exists:app\controller\Z
[2025-12-31T05:07:42+08:00][error] 错误信息:controller not exists:app\controller\Z
[2025-12-31T05:08:04+08:00][error] 错误信息:controller not exists:app\controller\Z
[2025-12-31T05:08:24+08:00][error] 错误信息:controller not exists:app\controller\Z
[2025-12-31T05:08:47+08:00][error] 错误信息:controller not exists:app\controller\Z
[2025-12-31T05:09:11+08:00][error] 错误信息:controller not exists:app\controller\Index
[2025-12-31T05:09:19+08:00][error] 错误信息:controller not exists:app\controller\Z
[2025-12-31T05:09:42+08:00][error] 错误信息:controller not exists:app\controller\Z
[2025-12-31T05:10:05+08:00][error] 错误信息:controller not exists:app\controller\Z
[2025-12-31T05:10:19+08:00][error] 错误信息:controller not exists:app\controller\Z
[2025-12-31T05:10:23+08:00][error] 错误信息:controller not exists:app\controller\404
[2025-12-31T05:10:38+08:00][error] 错误信息:controller not exists:app\controller\Z
[2025-12-31T05:11:06+08:00][error] 错误信息:controller not exists:app\controller\Z
[2025-12-31T05:11:15+08:00][error] 错误信息:controller not exists:app\controller\Z
[2025-12-31T05:12:07+08:00][error] 错误信息:controller not exists:app\controller\Z
[2025-12-31T05:12:21+08:00][error] 错误信息:controller not exists:app\controller\Z
[2025-12-31T05:12:40+08:00][error] 错误信息:controller not exists:app\controller\Z
[2025-12-31T05:12:45+08:00][error] 错误信息:controller not exists:app\controller\Z
[2025-12-31T05:13:03+08:00][error] 错误信息:controller not exists:app\controller\Z
[2025-12-31T05:13:34+08:00][error] 错误信息:controller not exists:app\controller\Z
[2025-12-31T05:13:50+08:00][error] 错误信息:controller not exists:app\controller\Arm
[2025-12-31T05:14:14+08:00][error] 错误信息:controller not exists:app\controller\hanoi\X86
[2025-12-31T05:14:45+08:00][error] 错误信息:controller not exists:app\controller\rondo\I486
[2025-12-31T05:14:50+08:00][error] 错误信息:controller not exists:app\controller\rondo\Powerpc
[2025-12-31T05:15:07+08:00][error] 错误信息:controller not exists:app\controller\rondo\Mips
[2025-12-31T05:15:26+08:00][error] 错误信息:controller not exists:app\controller\rondo\Armv4l
[2025-12-31T05:15:53+08:00][error] 错误信息:controller not exists:app\controller\rondo\Fbsdi386
[2025-12-31T05:16:07+08:00][error] 错误信息:controller not exists:app\controller\rondo\M68k
[2025-12-31T05:16:26+08:00][error] 错误信息:controller not exists:app\controller\rondo\Arc700
[2025-12-31T05:16:55+08:00][error] 错误信息:controller not exists:app\controller\rondo\Mipsel
[2025-12-31T05:17:09+08:00][error] 错误信息:controller not exists:app\controller\rondo\Fbsdarm64
[2025-12-31T05:17:21+08:00][error] 错误信息:controller not exists:app\controller\rondo\X8664
[2025-12-31T05:17:42+08:00][error] 错误信息:controller not exists:app\controller\rondo\I586
[2025-12-31T05:17:54+08:00][error] 错误信息:controller not exists:app\controller\rondo\Fbsdamd64
[2025-12-31T05:18:14+08:00][error] 错误信息:controller not exists:app\controller\rondo\Sparc
[2025-12-31T05:18:37+08:00][error] 错误信息:controller not exists:app\controller\rondo\I686
[2025-12-31T05:18:58+08:00][error] 错误信息:controller not exists:app\controller\Index
[2025-12-31T05:18:59+08:00][error] 错误信息:controller not exists:app\controller\rondo\Armv7l
[2025-12-31T05:19:24+08:00][error] 错误信息:controller not exists:app\controller\rondo\Armv5l
[2025-12-31T05:19:36+08:00][error] 错误信息:controller not exists:app\controller\rondo\Fbsdpowerpc
[2025-12-31T05:19:48+08:00][error] 错误信息:controller not exists:app\controller\rondo\Sh4
[2025-12-31T05:20:09+08:00][error] 错误信息:controller not exists:app\controller\rondo\Armv6l
[2025-12-31T05:20:29+08:00][error] 错误信息:controller not exists:app\controller\rondo\Powerpc440fp
[2025-12-31T05:20:42+08:00][error] 错误信息:controller not exists:app\controller\Bins
[2025-12-31T05:20:59+08:00][error] 错误信息:controller not exists:app\controller\HBTs
[2025-12-31T05:21:17+08:00][error] 错误信息:controller not exists:app\controller\HBTs
[2025-12-31T05:21:44+08:00][error] 错误信息:controller not exists:app\controller\Bins
[2025-12-31T05:21:56+08:00][error] 错误信息:controller not exists:app\controller\Bins
[2025-12-31T05:22:14+08:00][error] 错误信息:controller not exists:app\controller\Bins
[2025-12-31T05:22:30+08:00][error] 错误信息:controller not exists:app\controller\Hiddenbin
[2025-12-31T05:22:38+08:00][error] 错误信息:controller not exists:app\controller\SDK
[2025-12-31T05:22:44+08:00][error] 错误信息:controller not exists:app\controller\Mips64
[2025-12-31T05:23:01+08:00][error] 错误信息:controller not exists:app\controller\Whoareyou
[2025-12-31T05:23:16+08:00][error] 错误信息:controller not exists:app\controller\Whoareyou
[2025-12-31T05:23:44+08:00][error] 错误信息:controller not exists:app\controller\Whoareyou
[2025-12-31T05:24:03+08:00][error] 错误信息:controller not exists:app\controller\Whoareyou
[2025-12-31T05:24:18+08:00][error] 错误信息:controller not exists:app\controller\Whoareyou
[2025-12-31T05:24:37+08:00][error] 错误信息:controller not exists:app\controller\Whoareyou
[2025-12-31T05:24:44+08:00][error] 错误信息:controller not exists:app\controller\Whoareyou
[2025-12-31T05:25:10+08:00][error] 错误信息:controller not exists:app\controller\Whoareyou
[2025-12-31T05:25:21+08:00][error] 错误信息:controller not exists:app\controller\Whoareyou
[2025-12-31T05:25:32+08:00][error] 错误信息:controller not exists:app\controller\Whoareyou
[2025-12-31T05:25:50+08:00][error] 错误信息:controller not exists:app\controller\Whoareyou
[2025-12-31T05:26:08+08:00][error] 错误信息:controller not exists:app\controller\Whoareyou
[2025-12-31T05:26:37+08:00][error] 错误信息:controller not exists:app\controller\Bins
[2025-12-31T05:26:49+08:00][error] 错误信息:controller not exists:app\controller\Bins
[2025-12-31T05:27:04+08:00][error] 错误信息:controller not exists:app\controller\Bins
[2025-12-31T05:27:26+08:00][error] 错误信息:controller not exists:app\controller\Bins
[2025-12-31T05:27:36+08:00][error] 错误信息:controller not exists:app\controller\Bins
[2025-12-31T05:27:49+08:00][error] 错误信息:controller not exists:app\controller\Bins
[2025-12-31T05:28:14+08:00][error] 错误信息:controller not exists:app\controller\Bins
[2025-12-31T05:28:46+08:00][error] 错误信息:controller not exists:app\controller\Bins
[2025-12-31T05:29:05+08:00][error] 错误信息:controller not exists:app\controller\Bins
[2025-12-31T05:29:07+08:00][error] 错误信息:controller not exists:app\controller\Bins
[2025-12-31T05:29:29+08:00][error] 错误信息:controller not exists:app\controller\Bins
[2025-12-31T05:29:45+08:00][error] 错误信息:controller not exists:app\controller\Bins
[2025-12-31T05:29:58+08:00][error] 错误信息:controller not exists:app\controller\Hiddenbin
[2025-12-31T05:30:27+08:00][error] 错误信息:controller not exists:app\controller\HBTs
[2025-12-31T05:30:42+08:00][error] 错误信息:controller not exists:app\controller\HBTs
[2025-12-31T05:30:46+08:00][error] 错误信息:controller not exists:app\controller\HBTs
[2025-12-31T05:31:27+08:00][error] 错误信息:controller not exists:app\controller\HBTs
[2025-12-31T05:31:40+08:00][error] 错误信息:controller not exists:app\controller\HBTs
[2025-12-31T05:31:55+08:00][error] 错误信息:controller not exists:app\controller\HBTs
[2025-12-31T05:32:19+08:00][error] 错误信息:controller not exists:app\controller\HBTs
[2025-12-31T05:32:28+08:00][error] 错误信息:controller not exists:app\controller\HBTs
[2025-12-31T05:32:48+08:00][error] 错误信息:controller not exists:app\controller\HBTs
[2025-12-31T05:33:05+08:00][error] 错误信息:controller not exists:app\controller\HBTs
[2025-12-31T05:33:26+08:00][error] 错误信息:controller not exists:app\controller\HBTs
[2025-12-31T05:33:50+08:00][error] 错误信息:controller not exists:app\controller\HBTs
[2025-12-31T05:34:11+08:00][error] 错误信息:controller not exists:app\controller\m68k\Nn
[2025-12-31T05:34:34+08:00][error] 错误信息:controller not exists:app\controller\mipsel\Nn
[2025-12-31T05:34:44+08:00][error] 错误信息:controller not exists:app\controller\x86_64\Nn
[2025-12-31T05:34:56+08:00][error] 错误信息:controller not exists:app\controller\x86_32\Nn
[2025-12-31T05:35:21+08:00][error] 错误信息:controller not exists:app\controller\sh4\Nn
[2025-12-31T05:35:42+08:00][error] 错误信息:controller not exists:app\controller\mips\Nn
[2025-12-31T05:36:15+08:00][error] 错误信息:controller not exists:app\controller\sparc\Nn
[2025-12-31T05:36:35+08:00][error] 错误信息:controller not exists:app\controller\powerpc\Nn
[2025-12-31T05:36:38+08:00][error] 错误信息:controller not exists:app\controller\Linux
[2025-12-31T05:37:06+08:00][error] 错误信息:controller not exists:app\controller\Huhu
[2025-12-31T05:37:29+08:00][error] 错误信息:controller not exists:app\controller\Huhu
[2025-12-31T05:37:49+08:00][error] 错误信息:controller not exists:app\controller\Bins
[2025-12-31T05:37:53+08:00][error] 错误信息:controller not exists:app\controller\Huhu
[2025-12-31T05:38:17+08:00][error] 错误信息:controller not exists:app\controller\Huhu
[2025-12-31T05:38:48+08:00][error] 错误信息:controller not exists:app\controller\Huhu
[2025-12-31T05:39:17+08:00][error] 错误信息:controller not exists:app\controller\Huhu
[2025-12-31T05:39:34+08:00][error] 错误信息:controller not exists:app\controller\Huhu
[2025-12-31T05:39:51+08:00][error] 错误信息:controller not exists:app\controller\Huhu
[2025-12-31T05:40:17+08:00][error] 错误信息:controller not exists:app\controller\Huhu
[2025-12-31T05:40:32+08:00][error] 错误信息:controller not exists:app\controller\Huhu
[2025-12-31T05:40:44+08:00][error] 错误信息:controller not exists:app\controller\Huhu
[2025-12-31T05:41:37+08:00][error] 错误信息:controller not exists:app\controller\Huhu
[2025-12-31T05:41:46+08:00][error] 错误信息:controller not exists:app\controller\Huhu
[2025-12-31T05:42:14+08:00][error] 错误信息:controller not exists:app\controller\Huhu
[2025-12-31T05:42:37+08:00][error] 错误信息:controller not exists:app\controller\Huhu
[2025-12-31T05:42:44+08:00][error] 错误信息:controller not exists:app\controller\Huhu
[2025-12-31T05:42:45+08:00][error] 错误信息:controller not exists:app\controller\Index
[2025-12-31T05:43:27+08:00][error] 错误信息:controller not exists:app\controller\0010101010100101101010111010101
[2025-12-31T05:43:57+08:00][error] 错误信息:controller not exists:app\controller\0010101010100101101010111010101
[2025-12-31T05:44:12+08:00][error] 错误信息:controller not exists:app\controller\0010101010100101101010111010101
[2025-12-31T05:44:37+08:00][error] 错误信息:controller not exists:app\controller\0010101010100101101010111010101
[2025-12-31T05:44:57+08:00][error] 错误信息:controller not exists:app\controller\0010101010100101101010111010101
[2025-12-31T05:45:32+08:00][error] 错误信息:controller not exists:app\controller\0010101010100101101010111010101
[2025-12-31T05:46:03+08:00][error] 错误信息:controller not exists:app\controller\0010101010100101101010111010101
[2025-12-31T05:46:31+08:00][error] 错误信息:controller not exists:app\controller\0010101010100101101010111010101
[2025-12-31T05:46:51+08:00][error] 错误信息:controller not exists:app\controller\0010101010100101101010111010101
[2025-12-31T05:47:07+08:00][error] 错误信息:controller not exists:app\controller\0010101010100101101010111010101
[2025-12-31T05:47:49+08:00][error] 错误信息:controller not exists:app\controller\0010101010100101101010111010101
[2025-12-31T05:48:17+08:00][error] 错误信息:controller not exists:app\controller\0010101010100101101010111010101
[2025-12-31T05:48:57+08:00][error] 错误信息:controller not exists:app\controller\0010101010100101101010111010101
[2025-12-31T05:48:59+08:00][error] 错误信息:controller not exists:app\controller\0010101010100101101010111010101
[2025-12-31T05:49:29+08:00][error] 错误信息:controller not exists:app\controller\Harm6
[2025-12-31T05:49:48+08:00][error] 错误信息:controller not exists:app\controller\phanes\Mips
[2025-12-31T05:50:26+08:00][error] 错误信息:controller not exists:app\controller\phanes\Arm6
[2025-12-31T05:51:04+08:00][error] 错误信息:controller not exists:app\controller\phanes\Arm7
[2025-12-31T05:51:41+08:00][error] 错误信息:controller not exists:app\controller\phanes\Mpsl
[2025-12-31T05:51:49+08:00][error] 错误信息:controller not exists:app\controller\phanes\Ppc
[2025-12-31T05:52:41+08:00][error] 错误信息:controller not exists:app\controller\phanes\X86
[2025-12-31T05:52:49+08:00][error] 错误信息:controller not exists:app\controller\phanes\Arm5
[2025-12-31T05:53:44+08:00][error] 错误信息:controller not exists:app\controller\phanes\Sh4
[2025-12-31T05:54:00+08:00][error] 错误信息:controller not exists:app\controller\phanes\Arm
[2025-12-31T05:54:31+08:00][error] 错误信息:controller not exists:app\controller\phanes\Arc
[2025-12-31T05:55:17+08:00][error] 错误信息:controller not exists:app\controller\Bins
[2025-12-31T05:55:23+08:00][error] 错误信息:controller not exists:app\controller\Bins
[2025-12-31T05:56:38+08:00][error] 错误信息:controller not exists:app\controller\lol\Arm
[2025-12-31T05:57:07+08:00][error] 错误信息:controller not exists:app\controller\lol\Mips
[2025-12-31T05:57:27+08:00][error] 错误信息:controller not exists:app\controller\J
[2025-12-31T05:58:13+08:00][error] 错误信息:controller not exists:app\controller\J
[2025-12-31T05:58:17+08:00][error] 错误信息:controller not exists:app\controller\J
[2025-12-31T05:59:01+08:00][error] 错误信息:controller not exists:app\controller\J
[2025-12-31T05:59:37+08:00][error] 错误信息:controller not exists:app\controller\J
[2025-12-31T06:00:33+08:00][error] 错误信息:controller not exists:app\controller\J
[2025-12-31T06:00:57+08:00][error] 错误信息:controller not exists:app\controller\J
[2025-12-31T06:01:13+08:00][error] 错误信息:controller not exists:app\controller\Ppc4fp
[2025-12-31T06:01:26+08:00][error] 错误信息:controller not exists:app\controller\Index
[2025-12-31T06:02:16+08:00][error] 错误信息:controller not exists:app\controller\Bins
[2025-12-31T06:02:49+08:00][error] 错误信息:controller not exists:app\controller\Bins
[2025-12-31T06:03:23+08:00][error] 错误信息:controller not exists:app\controller\Bins
[2025-12-31T06:04:12+08:00][error] 错误信息:controller not exists:app\controller\Bins
[2025-12-31T06:04:52+08:00][error] 错误信息:controller not exists:app\controller\Bins
[2025-12-31T06:05:20+08:00][error] 错误信息:controller not exists:app\controller\Bins
[2025-12-31T06:05:54+08:00][error] 错误信息:controller not exists:app\controller\Bins
[2025-12-31T06:06:59+08:00][error] 错误信息:controller not exists:app\controller\Bins
[2025-12-31T06:07:27+08:00][error] 错误信息:controller not exists:app\controller\Bins
[2025-12-31T06:08:07+08:00][error] 错误信息:controller not exists:app\controller\Index
[2025-12-31T06:08:24+08:00][error] 错误信息:controller not exists:app\controller\Bins
[2025-12-31T06:08:34+08:00][error] 错误信息:controller not exists:app\controller\Arm61
[2025-12-31T06:09:58+08:00][error] 错误信息:controller not exists:app\controller\Co
[2025-12-31T06:10:10+08:00][error] 错误信息:controller not exists:app\controller\Index
[2025-12-31T06:10:22+08:00][error] 错误信息:controller not exists:app\controller\Dss
[2025-12-31T06:11:12+08:00][error] 错误信息:controller not exists:app\controller\586
[2025-12-31T06:11:31+08:00][error] 错误信息:controller not exists:app\controller\Cron
[2025-12-31T06:12:41+08:00][error] 错误信息:controller not exists:app\controller\Katrina
[2025-12-31T06:12:50+08:00][error] 错误信息:controller not exists:app\controller\Rsyslogd
[2025-12-31T06:13:34+08:00][error] 错误信息:controller not exists:app\controller\System
[2025-12-31T06:14:12+08:00][error] 错误信息:controller not exists:app\controller\DbusDaemon
[2025-12-31T06:15:48+08:00][error] 错误信息:controller not exists:app\controller\Getty
[2025-12-31T06:16:23+08:00][error] 错误信息:controller not exists:app\controller\Agetty
[2025-12-31T06:16:42+08:00][error] 错误信息:controller not exists:app\controller\Ssh
[2025-12-31T06:18:08+08:00][error] 错误信息:controller not exists:app\controller\Telnetd
[2025-12-31T06:18:13+08:00][error] 错误信息:controller not exists:app\controller\Klogd
[2025-12-31T06:19:12+08:00][error] 错误信息:controller not exists:app\controller\Bns
[2025-12-31T06:20:25+08:00][error] 错误信息:controller not exists:app\controller\Bns
[2025-12-31T06:20:49+08:00][error] 错误信息:controller not exists:app\controller\Bns
[2025-12-31T06:22:04+08:00][error] 错误信息:controller not exists:app\controller\Bns
[2025-12-31T06:23:47+08:00][error] 错误信息:controller not exists:app\controller\Bns
[2025-12-31T06:24:11+08:00][error] 错误信息:controller not exists:app\controller\Bns
[2025-12-31T06:25:49+08:00][error] 错误信息:controller not exists:app\controller\Bns
[2025-12-31T06:26:25+08:00][error] 错误信息:controller not exists:app\controller\Bns
[2025-12-31T06:27:33+08:00][error] 错误信息:controller not exists:app\controller\Bns
[2025-12-31T06:28:35+08:00][error] 错误信息:controller not exists:app\controller\Mig
[2025-12-31T06:28:57+08:00][error] 错误信息:controller not exists:app\controller\J
[2025-12-31T06:29:50+08:00][error] 错误信息:controller not exists:app\controller\J
[2025-12-31T06:31:12+08:00][error] 错误信息:controller not exists:app\controller\J
[2025-12-31T06:31:42+08:00][error] 错误信息:controller not exists:app\controller\J
[2025-12-31T06:33:06+08:00][error] 错误信息:controller not exists:app\controller\J
[2025-12-31T06:34:00+08:00][error] 错误信息:controller not exists:app\controller\Index
[2025-12-31T06:34:21+08:00][error] 错误信息:controller not exists:app\controller\J
[2025-12-31T06:34:57+08:00][error] 错误信息:controller not exists:app\controller\J
[2025-12-31T06:36:06+08:00][error] 错误信息:controller not exists:app\controller\Ntpd
[2025-12-31T06:38:14+08:00][error] 错误信息:controller not exists:app\controller\Wget
[2025-12-31T06:38:49+08:00][error] 错误信息:controller not exists:app\controller\Ftp
[2025-12-31T06:41:07+08:00][error] 错误信息:controller not exists:app\controller\Apache2
[2025-12-31T06:43:17+08:00][error] 错误信息:controller not exists:app\controller\Tftp
[2025-12-31T06:43:47+08:00][error] 错误信息:controller not exists:app\controller\Pftp
[2025-12-31T06:44:47+08:00][error] 错误信息:controller not exists:app\controller\Index
[2025-12-31T06:45:22+08:00][error] 错误信息:controller not exists:app\controller\J
[2025-12-31T06:45:50+08:00][error] 错误信息:controller not exists:app\controller\Login
[2025-12-31T06:46:09+08:00][error] 错误信息:controller not exists:app\controller\J
[2025-12-31T06:47:49+08:00][error] 错误信息:controller not exists:app\controller\J
[2025-12-31T06:48:13+08:00][error] 错误信息:controller not exists:app\controller\Update
[2025-12-31T06:49:26+08:00][error] 错误信息:controller not exists:app\controller\miraint\Arm5n
[2025-12-31T06:51:31+08:00][error] 错误信息:controller not exists:app\controller\mirai\Arm
[2025-12-31T06:51:57+08:00][error] 错误信息:controller not exists:app\controller\mirai\Mips
[2025-12-31T06:53:40+08:00][error] 错误信息:controller not exists:app\controller\mirai\X86
[2025-12-31T06:54:48+08:00][error] 错误信息:controller not exists:app\controller\mirai\Arm5n
[2025-12-31T06:56:48+08:00][error] 错误信息:controller not exists:app\controller\Index
[2025-12-31T06:57:16+08:00][error] 错误信息:controller not exists:app\controller\Vv
[2025-12-31T06:58:59+08:00][error] 错误信息:controller not exists:app\controller\Vv
[2025-12-31T07:00:24+08:00][error] 错误信息:controller not exists:app\controller\Vv
[2025-12-31T07:02:41+08:00][error] 错误信息:controller not exists:app\controller\Vv
[2025-12-31T07:07:11+08:00][error] 错误信息:controller not exists:app\controller\Vv
[2025-12-31T07:09:51+08:00][error] 错误信息:controller not exists:app\controller\Vv
[2025-12-31T07:11:05+08:00][error] 错误信息:controller not exists:app\controller\Vv
[2025-12-31T07:12:54+08:00][error] 错误信息:controller not exists:app\controller\Vv
[2025-12-31T07:15:19+08:00][error] 错误信息:controller not exists:app\controller\Index
[2025-12-31T07:16:27+08:00][error] 错误信息:controller not exists:app\controller\010100110101010
[2025-12-31T07:18:17+08:00][error] 错误信息:controller not exists:app\controller\010100110101010
[2025-12-31T07:18:46+08:00][error] 错误信息:controller not exists:app\controller\010100110101010
[2025-12-31T07:19:34+08:00][error] 错误信息:controller not exists:app\controller\010100110101010
[2025-12-31T07:21:05+08:00][error] 错误信息:controller not exists:app\controller\Index
[2025-12-31T07:21:15+08:00][error] 错误信息:controller not exists:app\controller\010100110101010
[2025-12-31T07:21:50+08:00][error] 错误信息:controller not exists:app\controller\010100110101010
[2025-12-31T07:22:49+08:00][error] 错误信息:controller not exists:app\controller\010100110101010
[2025-12-31T07:23:14+08:00][error] 错误信息:controller not exists:app\controller\010100110101010
[2025-12-31T07:23:53+08:00][error] 错误信息:controller not exists:app\controller\010100110101010
[2025-12-31T07:24:36+08:00][error] 错误信息:controller not exists:app\controller\010100110101010
[2025-12-31T07:25:39+08:00][error] 错误信息:controller not exists:app\controller\010100110101010
[2025-12-31T07:25:57+08:00][error] 错误信息:controller not exists:app\controller\010100110101010
[2025-12-31T07:26:26+08:00][error] 错误信息:controller not exists:app\controller\010100110101010
[2025-12-31T07:27:05+08:00][error] 错误信息:controller not exists:app\controller\010100110101010
[2025-12-31T07:27:59+08:00][error] 错误信息:controller not exists:app\controller\010100110101010
[2025-12-31T07:28:36+08:00][error] 错误信息:controller not exists:app\controller\T
[2025-12-31T07:28:48+08:00][error] 错误信息:controller not exists:app\controller\fghe3tj\I686
[2025-12-31T07:29:16+08:00][error] 错误信息:controller not exists:app\controller\fghe3tj\X8664
[2025-12-31T07:30:22+08:00][error] 错误信息:controller not exists:app\controller\fghe3tj\Ppc
[2025-12-31T07:30:46+08:00][error] 错误信息:controller not exists:app\controller\fghe3tj\M68k
[2025-12-31T07:31:19+08:00][error] 错误信息:controller not exists:app\controller\fghe3tj\X86
[2025-12-31T07:31:27+08:00][error] 错误信息:controller not exists:app\controller\fghe3tj\Mips
[2025-12-31T07:31:56+08:00][error] 错误信息:controller not exists:app\controller\fghe3tj\Spc
[2025-12-31T07:32:33+08:00][error] 错误信息:controller not exists:app\controller\fghe3tj\Mpsl
[2025-12-31T07:33:11+08:00][error] 错误信息:controller not exists:app\controller\fghe3tj\Arc
[2025-12-31T07:33:24+08:00][error] 错误信息:controller not exists:app\controller\neon\I686
[2025-12-31T07:34:07+08:00][error] 错误信息:controller not exists:app\controller\Dwrioej
[2025-12-31T07:34:24+08:00][error] 错误信息:controller not exists:app\controller\Dwrioej
[2025-12-31T07:34:46+08:00][error] 错误信息:controller not exists:app\controller\Dwrioej
[2025-12-31T07:35:29+08:00][error] 错误信息:controller not exists:app\controller\Dwrioej
[2025-12-31T07:35:50+08:00][error] 错误信息:controller not exists:app\controller\Dwrioej
[2025-12-31T07:35:59+08:00][error] 错误信息:controller not exists:app\controller\Dwrioej
[2025-12-31T07:36:37+08:00][error] 错误信息:controller not exists:app\controller\Curl
[2025-12-31T07:36:52+08:00][error] 错误信息:controller not exists:app\controller\I
[2025-12-31T07:37:10+08:00][error] 错误信息:controller not exists:app\controller\Aqua\Arm6
[2025-12-31T07:38:13+08:00][error] 错误信息:controller not exists:app\controller\O
[2025-12-31T07:38:36+08:00][error] 错误信息:controller not exists:app\controller\SDK
[2025-12-31T07:45:40+08:00][error] 错误信息:controller not exists:app\controller\Index
[2025-12-31T08:14:16+08:00][error] 错误信息:controller not exists:app\controller\Index
[2025-12-31T08:36:21+08:00][error] 错误信息:controller not exists:app\controller\Index
[2025-12-31T08:38:59+08:00][error] 错误信息:controller not exists:app\controller\Index
[2025-12-31T08:39:15+08:00][error] 错误信息:controller not exists:app\controller\Bins
[2025-12-31T08:39:25+08:00][error] 错误信息:controller not exists:app\controller\Bin
[2025-12-31T08:39:40+08:00][error] 错误信息:controller not exists:app\controller\I
[2025-12-31T08:39:50+08:00][error] 错误信息:controller not exists:app\controller\bin\Sh
[2025-12-31T08:40:13+08:00][error] 错误信息:controller not exists:app\controller\Bins
[2025-12-31T08:40:18+08:00][error] 错误信息:controller not exists:app\controller\Index
[2025-12-31T08:40:23+08:00][error] 错误信息:controller not exists:app\controller\Arm5
[2025-12-31T08:40:31+08:00][error] 错误信息:controller not exists:app\controller\Mpsl
[2025-12-31T08:40:47+08:00][error] 错误信息:controller not exists:app\controller\Arm
[2025-12-31T08:41:09+08:00][error] 错误信息:controller not exists:app\controller\Bins
[2025-12-31T08:41:23+08:00][error] 错误信息:controller not exists:app\controller\Bins
[2025-12-31T08:41:37+08:00][error] 错误信息:controller not exists:app\controller\Bins
[2025-12-31T08:41:49+08:00][error] 错误信息:controller not exists:app\controller\Bins
[2025-12-31T08:42:01+08:00][error] 错误信息:controller not exists:app\controller\Bins
[2025-12-31T08:42:19+08:00][error] 错误信息:controller not exists:app\controller\Bins
[2025-12-31T08:42:30+08:00][error] 错误信息:controller not exists:app\controller\X86
[2025-12-31T08:42:40+08:00][error] 错误信息:controller not exists:app\controller\Mips
[2025-12-31T08:42:50+08:00][error] 错误信息:controller not exists:app\controller\Bins
[2025-12-31T08:43:05+08:00][error] 错误信息:controller not exists:app\controller\Bins
[2025-12-31T08:43:25+08:00][error] 错误信息:controller not exists:app\controller\Bins
[2025-12-31T08:43:28+08:00][error] 错误信息:controller not exists:app\controller\Bins
[2025-12-31T08:43:43+08:00][error] 错误信息:controller not exists:app\controller\Mipsel
[2025-12-31T08:43:56+08:00][error] 错误信息:controller not exists:app\controller\Mozi\M
[2025-12-31T08:44:13+08:00][error] 错误信息:controller not exists:app\controller\Bins
[2025-12-31T08:44:25+08:00][error] 错误信息:controller not exists:app\controller\Sh
[2025-12-31T08:44:39+08:00][error] 错误信息:controller not exists:app\controller\Hiddenbin
[2025-12-31T08:44:52+08:00][error] 错误信息:controller not exists:app\controller\Armv4l
[2025-12-31T08:45:16+08:00][error] 错误信息:controller not exists:app\controller\resgod\Spc
[2025-12-31T08:45:28+08:00][error] 错误信息:controller not exists:app\controller\Hiddenbin
[2025-12-31T08:45:33+08:00][error] 错误信息:controller not exists:app\controller\Hiddenbin
[2025-12-31T08:45:58+08:00][error] 错误信息:controller not exists:app\controller\Hiddenbin
[2025-12-31T08:46:04+08:00][error] 错误信息:controller not exists:app\controller\Hiddenbin
[2025-12-31T08:46:18+08:00][error] 错误信息:controller not exists:app\controller\Hiddenbin
[2025-12-31T08:46:33+08:00][error] 错误信息:controller not exists:app\controller\resgod\M68k
[2025-12-31T08:46:42+08:00][error] 错误信息:controller not exists:app\controller\Hiddenbin
[2025-12-31T08:47:07+08:00][error] 错误信息:controller not exists:app\controller\Hiddenbin
[2025-12-31T08:47:19+08:00][error] 错误信息:controller not exists:app\controller\Hiddenbin
[2025-12-31T08:47:22+08:00][error] 错误信息:controller not exists:app\controller\Bins
[2025-12-31T08:47:47+08:00][error] 错误信息:controller not exists:app\controller\Hiddenbin
[2025-12-31T08:48:00+08:00][error] 错误信息:controller not exists:app\controller\Hiddenbin
[2025-12-31T08:48:14+08:00][error] 错误信息:controller not exists:app\controller\Sparc
[2025-12-31T08:48:24+08:00][error] 错误信息:controller not exists:app\controller\Armv5l
[2025-12-31T08:48:34+08:00][error] 错误信息:controller not exists:app\controller\Armv6l
[2025-12-31T08:48:53+08:00][error] 错误信息:controller not exists:app\controller\I586
[2025-12-31T08:49:09+08:00][error] 错误信息:controller not exists:app\controller\Sh4
[2025-12-31T08:49:14+08:00][error] 错误信息:controller not exists:app\controller\Arm7
[2025-12-31T08:49:33+08:00][error] 错误信息:controller not exists:app\controller\X8664
[2025-12-31T08:49:40+08:00][error] 错误信息:controller not exists:app\controller\I686
[2025-12-31T08:49:54+08:00][error] 错误信息:controller not exists:app\controller\M68k
[2025-12-31T08:50:08+08:00][error] 错误信息:controller not exists:app\controller\Arm6
[2025-12-31T08:50:30+08:00][error] 错误信息:controller not exists:app\controller\Bins
[2025-12-31T08:50:37+08:00][error] 错误信息:controller not exists:app\controller\Bins
[2025-12-31T08:50:57+08:00][error] 错误信息:controller not exists:app\controller\Bins
[2025-12-31T08:51:11+08:00][error] 错误信息:controller not exists:app\controller\skid\Arm5
[2025-12-31T08:51:17+08:00][error] 错误信息:controller not exists:app\controller\Bins
[2025-12-31T08:51:34+08:00][error] 错误信息:controller not exists:app\controller\skid\Arm
[2025-12-31T08:51:48+08:00][error] 错误信息:controller not exists:app\controller\Bins
[2025-12-31T08:52:04+08:00][error] 错误信息:controller not exists:app\controller\Bins
[2025-12-31T08:52:16+08:00][error] 错误信息:controller not exists:app\controller\Bins
[2025-12-31T08:52:34+08:00][error] 错误信息:controller not exists:app\controller\Bins
[2025-12-31T08:52:42+08:00][error] 错误信息:controller not exists:app\controller\Spc
[2025-12-31T08:52:56+08:00][error] 错误信息:controller not exists:app\controller\Ppc
[2025-12-31T08:53:07+08:00][error] 错误信息:controller not exists:app\controller\Arm4
[2025-12-31T08:53:24+08:00][error] 错误信息:controller not exists:app\controller\skid\Mpsl
[2025-12-31T08:53:37+08:00][error] 错误信息:controller not exists:app\controller\skid\Mips
[2025-12-31T08:53:48+08:00][error] 错误信息:controller not exists:app\controller\skid\Arm7
[2025-12-31T08:54:13+08:00][error] 错误信息:controller not exists:app\controller\001010101010010110101011101010101101010111010101
[2025-12-31T08:54:15+08:00][error] 错误信息:controller not exists:app\controller\001010101010010110101011101010101101010111010101
[2025-12-31T08:54:41+08:00][error] 错误信息:controller not exists:app\controller\001010101010010110101011101010101101010111010101
[2025-12-31T08:54:55+08:00][error] 错误信息:controller not exists:app\controller\001010101010010110101011101010101101010111010101
[2025-12-31T08:54:59+08:00][error] 错误信息:controller not exists:app\controller\001010101010010110101011101010101101010111010101
[2025-12-31T08:55:18+08:00][error] 错误信息:controller not exists:app\controller\001010101010010110101011101010101101010111010101
[2025-12-31T08:55:32+08:00][error] 错误信息:controller not exists:app\controller\001010101010010110101011101010101101010111010101
[2025-12-31T08:55:45+08:00][error] 错误信息:controller not exists:app\controller\001010101010010110101011101010101101010111010101
[2025-12-31T08:56:02+08:00][error] 错误信息:controller not exists:app\controller\001010101010010110101011101010101101010111010101
[2025-12-31T08:56:07+08:00][error] 错误信息:controller not exists:app\controller\001010101010010110101011101010101101010111010101
[2025-12-31T08:56:23+08:00][error] 错误信息:controller not exists:app\controller\001010101010010110101011101010101101010111010101
[2025-12-31T08:56:43+08:00][error] 错误信息:controller not exists:app\controller\001010101010010110101011101010101101010111010101
[2025-12-31T08:56:57+08:00][error] 错误信息:controller not exists:app\controller\001010101010010110101011101010101101010111010101
[2025-12-31T08:57:08+08:00][error] 错误信息:controller not exists:app\controller\001010101010010110101011101010101101010111010101
[2025-12-31T08:57:22+08:00][error] 错误信息:controller not exists:app\controller\Lmips
[2025-12-31T08:57:41+08:00][error] 错误信息:controller not exists:app\controller\Larm5
[2025-12-31T08:57:46+08:00][error] 错误信息:controller not exists:app\controller\Larm7
[2025-12-31T08:58:00+08:00][error] 错误信息:controller not exists:app\controller\Gmips
[2025-12-31T08:58:20+08:00][error] 错误信息:controller not exists:app\controller\Xmips
[2025-12-31T08:58:33+08:00][error] 错误信息:controller not exists:app\controller\Rmpsl
[2025-12-31T08:58:53+08:00][error] 错误信息:controller not exists:app\controller\Lmpsl
[2025-12-31T08:59:02+08:00][error] 错误信息:controller not exists:app\controller\Harm7
[2025-12-31T08:59:21+08:00][error] 错误信息:controller not exists:app\controller\Larm4
[2025-12-31T08:59:27+08:00][error] 错误信息:controller not exists:app\controller\Index
[2025-12-31T08:59:30+08:00][error] 错误信息:controller not exists:app\controller\00101010101001
[2025-12-31T08:59:41+08:00][error] 错误信息:controller not exists:app\controller\00101010101001
[2025-12-31T08:59:52+08:00][error] 错误信息:controller not exists:app\controller\00101010101001
[2025-12-31T09:00:15+08:00][error] 错误信息:controller not exists:app\controller\00101010101001
[2025-12-31T09:00:29+08:00][error] 错误信息:controller not exists:app\controller\00101010101001
[2025-12-31T09:00:48+08:00][error] 错误信息:controller not exists:app\controller\00101010101001
[2025-12-31T09:00:50+08:00][error] 错误信息:controller not exists:app\controller\00101010101001
[2025-12-31T09:01:04+08:00][error] 错误信息:controller not exists:app\controller\00101010101001
[2025-12-31T09:01:31+08:00][error] 错误信息:controller not exists:app\controller\00101010101001
[2025-12-31T09:01:33+08:00][error] 错误信息:controller not exists:app\controller\00101010101001
[2025-12-31T09:01:52+08:00][error] 错误信息:controller not exists:app\controller\00101010101001
[2025-12-31T09:02:11+08:00][error] 错误信息:controller not exists:app\controller\00101010101001
[2025-12-31T09:02:21+08:00][error] 错误信息:controller not exists:app\controller\00101010101001
[2025-12-31T09:02:30+08:00][error] 错误信息:controller not exists:app\controller\00101010101001
[2025-12-31T09:02:42+08:00][error] 错误信息:controller not exists:app\controller\Index
[2025-12-31T09:02:54+08:00][error] 错误信息:controller not exists:app\controller\00101010101001
[2025-12-31T09:03:00+08:00][error] 错误信息:controller not exists:app\controller\Bins
[2025-12-31T09:03:19+08:00][error] 错误信息:controller not exists:app\controller\Aarch64
[2025-12-31T09:03:31+08:00][error] 错误信息:controller not exists:app\controller\Csky
[2025-12-31T09:03:48+08:00][error] 错误信息:controller not exists:app\controller\Arc
[2025-12-31T09:04:07+08:00][error] 错误信息:controller not exists:app\controller\Harm4
[2025-12-31T09:04:19+08:00][error] 错误信息:controller not exists:app\controller\Harm5
[2025-12-31T09:04:24+08:00][error] 错误信息:controller not exists:app\controller\Gmpsl
[2025-12-31T09:04:49+08:00][error] 错误信息:controller not exists:app\controller\Hmips
[2025-12-31T09:05:03+08:00][error] 错误信息:controller not exists:app\controller\Armv7l
[2025-12-31T09:05:09+08:00][error] 错误信息:controller not exists:app\controller\Gompsl
[2025-12-31T09:05:25+08:00][error] 错误信息:controller not exists:app\controller\Garm7
[2025-12-31T09:05:47+08:00][error] 错误信息:controller not exists:app\controller\Systemcl
[2025-12-31T09:05:48+08:00][error] 错误信息:controller not exists:app\controller\Systemcl
[2025-12-31T09:06:13+08:00][error] 错误信息:controller not exists:app\controller\Systemcl
[2025-12-31T09:06:20+08:00][error] 错误信息:controller not exists:app\controller\Systemcl
[2025-12-31T09:06:39+08:00][error] 错误信息:controller not exists:app\controller\Systemcl
[2025-12-31T09:06:47+08:00][error] 错误信息:controller not exists:app\controller\Systemcl
[2025-12-31T09:07:03+08:00][error] 错误信息:controller not exists:app\controller\Systemcl
[2025-12-31T09:07:24+08:00][error] 错误信息:controller not exists:app\controller\Systemcl
[2025-12-31T09:07:32+08:00][error] 错误信息:controller not exists:app\controller\Systemcl
[2025-12-31T09:07:56+08:00][error] 错误信息:controller not exists:app\controller\Systemcl
[2025-12-31T09:08:02+08:00][error] 错误信息:controller not exists:app\controller\p\Txt
[2025-12-31T09:08:17+08:00][error] 错误信息:controller not exists:app\controller\Systemcl
[2025-12-31T09:08:29+08:00][error] 错误信息:controller not exists:app\controller\Systemcl
[2025-12-31T09:08:43+08:00][error] 错误信息:controller not exists:app\controller\Bins
[2025-12-31T09:09:01+08:00][error] 错误信息:controller not exists:app\controller\Bins
[2025-12-31T09:09:20+08:00][error] 错误信息:controller not exists:app\controller\Index
[2025-12-31T09:09:20+08:00][error] 错误信息:controller not exists:app\controller\Bins
[2025-12-31T09:09:32+08:00][error] 错误信息:controller not exists:app\controller\Bins
[2025-12-31T09:09:42+08:00][error] 错误信息:controller not exists:app\controller\Bins
[2025-12-31T09:10:04+08:00][error] 错误信息:controller not exists:app\controller\Bins
[2025-12-31T09:10:15+08:00][error] 错误信息:controller not exists:app\controller\Bins
[2025-12-31T09:10:31+08:00][error] 错误信息:controller not exists:app\controller\Bins
[2025-12-31T09:10:38+08:00][error] 错误信息:controller not exists:app\controller\Bins
[2025-12-31T09:10:56+08:00][error] 错误信息:controller not exists:app\controller\Bins
[2025-12-31T09:11:20+08:00][error] 错误信息:controller not exists:app\controller\I486
[2025-12-31T09:11:24+08:00][error] 错误信息:controller not exists:app\controller\Sshd
[2025-12-31T09:11:46+08:00][error] 错误信息:controller not exists:app\controller\Hiddenbin
[2025-12-31T09:12:01+08:00][error] 错误信息:controller not exists:app\controller\00101010101001
[2025-12-31T09:12:15+08:00][error] 错误信息:controller not exists:app\controller\Mozi\A
[2025-12-31T09:12:30+08:00][error] 错误信息:controller not exists:app\controller\Hiddenbin
[2025-12-31T09:12:35+08:00][error] 错误信息:controller not exists:app\controller\Hiddenbin
[2025-12-31T09:12:45+08:00][error] 错误信息:controller not exists:app\controller\Hiddenbin
[2025-12-31T09:13:14+08:00][error] 错误信息:controller not exists:app\controller\Hiddenbin
[2025-12-31T09:13:21+08:00][error] 错误信息:controller not exists:app\controller\Hiddenbin
[2025-12-31T09:13:40+08:00][error] 错误信息:controller not exists:app\controller\Hiddenbin
[2025-12-31T09:13:50+08:00][error] 错误信息:controller not exists:app\controller\Hiddenbin
[2025-12-31T09:14:05+08:00][error] 错误信息:controller not exists:app\controller\Hiddenbin
[2025-12-31T09:14:15+08:00][error] 错误信息:controller not exists:app\controller\001010101010010110101011101010101101010111010101
[2025-12-31T09:14:35+08:00][error] 错误信息:controller not exists:app\controller\Powerpc
[2025-12-31T09:14:48+08:00][error] 错误信息:controller not exists:app\controller\Hiddenbin
[2025-12-31T09:14:57+08:00][error] 错误信息:controller not exists:app\controller\Hiddenbin
[2025-12-31T09:15:25+08:00][error] 错误信息:controller not exists:app\controller\Hiddenbin
[2025-12-31T09:15:38+08:00][error] 错误信息:controller not exists:app\controller\Hiddenbin
[2025-12-31T09:15:56+08:00][error] 错误信息:controller not exists:app\controller\Hiddenbin
[2025-12-31T09:16:05+08:00][error] 错误信息:controller not exists:app\controller\Hiddenbin
[2025-12-31T09:16:20+08:00][error] 错误信息:controller not exists:app\controller\Hiddenbin
[2025-12-31T09:16:32+08:00][error] 错误信息:controller not exists:app\controller\Hiddenbin
[2025-12-31T09:16:42+08:00][error] 错误信息:controller not exists:app\controller\Hiddenbin
[2025-12-31T09:17:06+08:00][error] 错误信息:controller not exists:app\controller\Hiddenbin
[2025-12-31T09:17:11+08:00][error] 错误信息:controller not exists:app\controller\Hiddenbin
[2025-12-31T09:17:43+08:00][error] 错误信息:controller not exists:app\controller\rebirth\X86
[2025-12-31T09:17:50+08:00][error] 错误信息:controller not exists:app\controller\rebirth\Arm6
[2025-12-31T09:17:59+08:00][error] 错误信息:controller not exists:app\controller\596a96cc7bf9108cd896f33c44aedc8a
[2025-12-31T09:18:14+08:00][error] 错误信息:controller not exists:app\controller\a-r\m-7\SNOOPY
[2025-12-31T09:18:31+08:00][error] 错误信息:controller not exists:app\controller\596a96cc7bf9108cd896f33c44aedc8a
[2025-12-31T09:18:44+08:00][error] 错误信息:controller not exists:app\controller\i-5\8-6\SNOOPY
[2025-12-31T09:19:05+08:00][error] 错误信息:controller not exists:app\controller\596a96cc7bf9108cd896f33c44aedc8a
[2025-12-31T09:19:07+08:00][error] 错误信息:controller not exists:app\controller\a-r\m-5\SNOOPY
[2025-12-31T09:19:24+08:00][error] 错误信息:controller not exists:app\controller\596a96cc7bf9108cd896f33c44aedc8a
[2025-12-31T09:19:50+08:00][error] 错误信息:controller not exists:app\controller\596a96cc7bf9108cd896f33c44aedc8a
[2025-12-31T09:20:07+08:00][error] 错误信息:controller not exists:app\controller\596a96cc7bf9108cd896f33c44aedc8a
[2025-12-31T09:20:12+08:00][error] 错误信息:controller not exists:app\controller\596a96cc7bf9108cd896f33c44aedc8a
[2025-12-31T09:20:34+08:00][error] 错误信息:controller not exists:app\controller\s-h\4-\SNOOPY
[2025-12-31T09:20:46+08:00][error] 错误信息:controller not exists:app\controller\596a96cc7bf9108cd896f33c44aedc8a
[2025-12-31T09:20:54+08:00][error] 错误信息:controller not exists:app\controller\596a96cc7bf9108cd896f33c44aedc8a
[2025-12-31T09:21:12+08:00][error] 错误信息:controller not exists:app\controller\m-p\s-l\SNOOPY
[2025-12-31T09:21:23+08:00][error] 错误信息:controller not exists:app\controller\p-p\c-\SNOOPY
[2025-12-31T09:21:46+08:00][error] 错误信息:controller not exists:app\controller\m-6\8-k\SNOOPY
[2025-12-31T09:22:06+08:00][error] 错误信息:controller not exists:app\controller\x-8\6-\SNOOPY
[2025-12-31T09:22:12+08:00][error] 错误信息:controller not exists:app\controller\a-r\m-6\SNOOPY
[2025-12-31T09:22:35+08:00][error] 错误信息:controller not exists:app\controller\596a96cc7bf9108cd896f33c44aedc8a
[2025-12-31T09:22:43+08:00][error] 错误信息:controller not exists:app\controller\596a96cc7bf9108cd896f33c44aedc8a
[2025-12-31T09:22:59+08:00][error] 错误信息:controller not exists:app\controller\m-i\p-s\SNOOPY
[2025-12-31T09:23:20+08:00][error] 错误信息:controller not exists:app\controller\a-r\m-4\SNOOPY
[2025-12-31T09:23:24+08:00][error] 错误信息:controller not exists:app\controller\596a96cc7bf9108cd896f33c44aedc8a
[2025-12-31T09:23:40+08:00][error] 错误信息:controller not exists:app\controller\596a96cc7bf9108cd896f33c44aedc8a
[2025-12-31T09:24:01+08:00][error] 错误信息:controller not exists:app\controller\x-3\2-\SNOOPY
[2025-12-31T09:24:14+08:00][error] 错误信息:controller not exists:app\controller\Xmrig
[2025-12-31T09:24:21+08:00][error] 错误信息:controller not exists:app\controller\Ss
[2025-12-31T09:25:02+08:00][error] 错误信息:controller not exists:app\controller\bot\Arm6
[2025-12-31T09:25:19+08:00][error] 错误信息:controller not exists:app\controller\bot\Mips
[2025-12-31T09:25:23+08:00][error] 错误信息:controller not exists:app\controller\bot\X8664
[2025-12-31T09:25:42+08:00][error] 错误信息:controller not exists:app\controller\bot\Ppc
[2025-12-31T09:25:48+08:00][error] 错误信息:controller not exists:app\controller\bot\Sh4
[2025-12-31T09:26:04+08:00][error] 错误信息:controller not exists:app\controller\Index
[2025-12-31T09:26:14+08:00][error] 错误信息:controller not exists:app\controller\bot\M68k
[2025-12-31T09:26:27+08:00][error] 错误信息:controller not exists:app\controller\bot\Arm
[2025-12-31T09:26:31+08:00][error] 错误信息:controller not exists:app\controller\bot\Mpsl
[2025-12-31T09:26:45+08:00][error] 错误信息:controller not exists:app\controller\bot\Arm5
[2025-12-31T09:27:21+08:00][error] 错误信息:controller not exists:app\controller\bot\X86
[2025-12-31T09:27:27+08:00][error] 错误信息:controller not exists:app\controller\bot\Arm7
[2025-12-31T09:27:46+08:00][error] 错误信息:controller not exists:app\controller\Bins
[2025-12-31T09:27:58+08:00][error] 错误信息:controller not exists:app\controller\Bins
[2025-12-31T09:28:14+08:00][error] 错误信息:controller not exists:app\controller\Bins
[2025-12-31T09:28:25+08:00][error] 错误信息:controller not exists:app\controller\Bins
[2025-12-31T09:28:35+08:00][error] 错误信息:controller not exists:app\controller\Bins
[2025-12-31T09:28:55+08:00][error] 错误信息:controller not exists:app\controller\Bins
[2025-12-31T09:29:13+08:00][error] 错误信息:controller not exists:app\controller\Bins
[2025-12-31T09:29:33+08:00][error] 错误信息:controller not exists:app\controller\Bins
[2025-12-31T09:30:04+08:00][error] 错误信息:controller not exists:app\controller\Bins
[2025-12-31T09:30:19+08:00][error] 错误信息:controller not exists:app\controller\Bins
[2025-12-31T09:30:23+08:00][error] 错误信息:controller not exists:app\controller\Bins
[2025-12-31T09:30:41+08:00][error] 错误信息:controller not exists:app\controller\Bins
[2025-12-31T09:30:50+08:00][error] 错误信息:controller not exists:app\controller\Bins
[2025-12-31T09:31:02+08:00][error] 错误信息:controller not exists:app\controller\Bins
[2025-12-31T09:31:20+08:00][error] 错误信息:controller not exists:app\controller\Bins
[2025-12-31T09:31:29+08:00][error] 错误信息:controller not exists:app\controller\Systemcl
[2025-12-31T09:31:47+08:00][error] 错误信息:controller not exists:app\controller\bot\Sparc
[2025-12-31T09:32:02+08:00][error] 错误信息:controller not exists:app\controller\lol\Arm7
[2025-12-31T09:32:27+08:00][error] 错误信息:controller not exists:app\controller\lol\Arm5
[2025-12-31T09:32:51+08:00][error] 错误信息:controller not exists:app\controller\bot\Mipsel
[2025-12-31T09:32:56+08:00][error] 错误信息:controller not exists:app\controller\lol\Mpsl
[2025-12-31T09:33:21+08:00][error] 错误信息:controller not exists:app\controller\kitty\M68k
[2025-12-31T09:33:26+08:00][error] 错误信息:controller not exists:app\controller\kitty\Armv5l
[2025-12-31T09:33:44+08:00][error] 错误信息:controller not exists:app\controller\kitty\Aarch64
[2025-12-31T09:33:56+08:00][error] 错误信息:controller not exists:app\controller\kitty\Powerpc
[2025-12-31T09:34:14+08:00][error] 错误信息:controller not exists:app\controller\kitty\Mips
[2025-12-31T09:34:21+08:00][error] 错误信息:controller not exists:app\controller\kitty\Mipsel
[2025-12-31T09:34:41+08:00][error] 错误信息:controller not exists:app\controller\kitty\X8664
[2025-12-31T09:35:06+08:00][error] 错误信息:controller not exists:app\controller\kitty\Armv7l
[2025-12-31T09:35:29+08:00][error] 错误信息:controller not exists:app\controller\kitty\Powerpc64
[2025-12-31T09:35:48+08:00][error] 错误信息:controller not exists:app\controller\kitty\I686
[2025-12-31T09:36:03+08:00][error] 错误信息:controller not exists:app\controller\kitty\Armv6l
[2025-12-31T09:36:13+08:00][error] 错误信息:controller not exists:app\controller\kitty\I486
[2025-12-31T09:36:28+08:00][error] 错误信息:controller not exists:app\controller\Bins
[2025-12-31T09:36:45+08:00][error] 错误信息:controller not exists:app\controller\Bins
[2025-12-31T09:36:51+08:00][error] 错误信息:controller not exists:app\controller\L7vmra
[2025-12-31T09:37:37+08:00][error] 错误信息:controller not exists:app\controller\Bins
[2025-12-31T09:37:45+08:00][error] 错误信息:controller not exists:app\controller\Bins
[2025-12-31T09:38:03+08:00][error] 错误信息:controller not exists:app\controller\Spim
[2025-12-31T09:38:25+08:00][error] 错误信息:controller not exists:app\controller\Bins
[2025-12-31T09:38:49+08:00][error] 错误信息:controller not exists:app\controller\MainArm5
[2025-12-31T09:39:01+08:00][error] 错误信息:controller not exists:app\controller\MainPpc
[2025-12-31T09:39:17+08:00][error] 错误信息:controller not exists:app\controller\MainM68k
[2025-12-31T09:39:39+08:00][error] 错误信息:controller not exists:app\controller\MainArm7
[2025-12-31T09:40:27+08:00][error] 错误信息:controller not exists:app\controller\debug\Dbg
[2025-12-31T09:40:48+08:00][error] 错误信息:controller not exists:app\controller\MainArm6
[2025-12-31T09:41:06+08:00][error] 错误信息:controller not exists:app\controller\MainSpc
[2025-12-31T09:41:11+08:00][error] 错误信息:controller not exists:app\controller\MainX86
[2025-12-31T09:41:40+08:00][error] 错误信息:controller not exists:app\controller\MainX8664
[2025-12-31T09:42:18+08:00][error] 错误信息:controller not exists:app\controller\MainMips
[2025-12-31T09:42:38+08:00][error] 错误信息:controller not exists:app\controller\MainArm
[2025-12-31T09:43:20+08:00][error] 错误信息:controller not exists:app\controller\MainSh4
[2025-12-31T09:43:32+08:00][error] 错误信息:controller not exists:app\controller\Bins
[2025-12-31T09:44:06+08:00][error] 错误信息:controller not exists:app\controller\Debug
[2025-12-31T09:44:27+08:00][error] 错误信息:controller not exists:app\controller\Index
[2025-12-31T09:44:33+08:00][error] 错误信息:controller not exists:app\controller\morte\Arc
[2025-12-31T09:44:53+08:00][error] 错误信息:controller not exists:app\controller\morte\M68k
[2025-12-31T09:45:53+08:00][error] 错误信息:controller not exists:app\controller\Bins
[2025-12-31T09:46:24+08:00][error] 错误信息:controller not exists:app\controller\Bins
[2025-12-31T09:47:07+08:00][error] 错误信息:controller not exists:app\controller\Bins
[2025-12-31T09:47:36+08:00][error] 错误信息:controller not exists:app\controller\Bins
[2025-12-31T09:47:50+08:00][error] 错误信息:controller not exists:app\controller\morte\Arm5
[2025-12-31T09:49:26+08:00][error] 错误信息:controller not exists:app\controller\morte\X8664
[2025-12-31T09:49:52+08:00][error] 错误信息:controller not exists:app\controller\morte\Arm
[2025-12-31T09:52:42+08:00][error] 错误信息:controller not exists:app\controller\morte\Arm6
[2025-12-31T09:52:46+08:00][error] 错误信息:controller not exists:app\controller\Index
[2025-12-31T09:53:21+08:00][error] 错误信息:controller not exists:app\controller\Index
[2025-12-31T09:57:57+08:00][error] 错误信息:controller not exists:app\controller\404
[2025-12-31T09:58:55+08:00][error] 错误信息:controller not exists:app\controller\morte\Mpsl
[2025-12-31T10:01:39+08:00][error] 错误信息:controller not exists:app\controller\morte\I686
[2025-12-31T10:06:44+08:00][error] 错误信息:controller not exists:app\controller\Index
[2025-12-31T10:07:13+08:00][error] 错误信息:controller not exists:app\controller\Login
[2025-12-31T10:16:34+08:00][error] 错误信息:controller not exists:app\controller\Index
[2025-12-31T10:43:05+08:00][error] 错误信息:controller not exists:app\controller\Index
[2025-12-31T10:48:12+08:00][error] 错误信息:controller not exists:app\controller\Index
[2025-12-31T10:49:06+08:00][error] 错误信息:controller not exists:app\controller\sitemap\Xml
[2025-12-31T10:49:10+08:00][error] 错误信息:controller not exists:app\controller\Index
[2025-12-31T10:49:11+08:00][error] 错误信息:controller not exists:app\controller\Index
[2025-12-31T10:55:15+08:00][error] 错误信息:controller not exists:app\controller\LjEZs
[2025-12-31T11:00:37+08:00][error] 错误信息:controller not exists:app\controller\LjEZs
[2025-12-31T11:01:54+08:00][error] 错误信息:controller not exists:app\controller\arm\Nn
[2025-12-31T11:02:57+08:00][error] 错误信息:controller not exists:app\controller\arm5\Nn
[2025-12-31T11:03:50+08:00][error] 错误信息:controller not exists:app\controller\arm6\Nn
[2025-12-31T11:04:38+08:00][error] 错误信息:controller not exists:app\controller\MainMpsl
[2025-12-31T11:05:35+08:00][error] 错误信息:controller not exists:app\controller\bot\Spc
[2025-12-31T11:06:13+08:00][error] 错误信息:controller not exists:app\controller\LjEZs
[2025-12-31T11:06:51+08:00][error] 错误信息:controller not exists:app\controller\LjEZs
[2025-12-31T11:07:27+08:00][error] 错误信息:controller not exists:app\controller\LjEZs
[2025-12-31T11:07:44+08:00][error] 错误信息:controller not exists:app\controller\LjEZs
[2025-12-31T11:08:19+08:00][error] 错误信息:controller not exists:app\controller\arm7\Nn
[2025-12-31T11:08:55+08:00][error] 错误信息:controller not exists:app\controller\M68k68xxx
[2025-12-31T11:09:21+08:00][error] 错误信息:controller not exists:app\controller\Index
[2025-12-31T11:09:36+08:00][error] 错误信息:controller not exists:app\controller\a-r\m-4\Sakura
[2025-12-31T11:09:44+08:00][error] 错误信息:controller not exists:app\controller\m-p\s-l\Sakura
[2025-12-31T11:10:26+08:00][error] 错误信息:controller not exists:app\controller\a-r\m-6\Sakura
[2025-12-31T11:10:52+08:00][error] 错误信息:controller not exists:app\controller\m-6\8-k\Sakura
[2025-12-31T11:11:05+08:00][error] 错误信息:controller not exists:app\controller\m-i\p-s\Sakura
[2025-12-31T11:11:23+08:00][error] 错误信息:controller not exists:app\controller\x86_64\Dbg
[2025-12-31T11:12:11+08:00][error] 错误信息:controller not exists:app\controller\ShSh4
[2025-12-31T11:12:25+08:00][error] 错误信息:controller not exists:app\controller\Aarch64be
[2025-12-31T11:13:00+08:00][error] 错误信息:controller not exists:app\controller\Powerpc440fp
[2025-12-31T11:13:15+08:00][error] 错误信息:controller not exists:app\controller\Microblazebe
[2025-12-31T11:13:30+08:00][error] 错误信息:controller not exists:app\controller\Arcle750d
[2025-12-31T11:13:51+08:00][error] 错误信息:controller not exists:app\controller\X8664
[2025-12-31T11:14:25+08:00][error] 错误信息:controller not exists:app\controller\ArcleHs38
[2025-12-31T11:14:58+08:00][error] 错误信息:controller not exists:app\controller\Microblazeel
[2025-12-31T11:15:07+08:00][error] 错误信息:controller not exists:app\controller\p-p\c-\Sakura
[2025-12-31T11:15:39+08:00][error] 错误信息:controller not exists:app\controller\x-8\6-\Sakura
[2025-12-31T11:15:50+08:00][error] 错误信息:controller not exists:app\controller\a-r\m-5\Sakura
[2025-12-31T11:16:09+08:00][error] 错误信息:controller not exists:app\controller\i-5\8-6\Sakura
[2025-12-31T11:16:35+08:00][error] 错误信息:controller not exists:app\controller\x-3\2-\Sakura
[2025-12-31T11:17:06+08:00][error] 错误信息:controller not exists:app\controller\a-r\m-7\Sakura
[2025-12-31T11:17:25+08:00][error] 错误信息:controller not exists:app\controller\s-h\4-\Sakura
[2025-12-31T11:17:38+08:00][error] 错误信息:controller not exists:app\controller\Cnc
[2025-12-31T11:17:48+08:00][error] 错误信息:controller not exists:app\controller\Z
[2025-12-31T11:18:07+08:00][error] 错误信息:controller not exists:app\controller\Z
[2025-12-31T11:18:25+08:00][error] 错误信息:controller not exists:app\controller\Z
[2025-12-31T11:19:07+08:00][error] 错误信息:controller not exists:app\controller\Z
[2025-12-31T11:19:20+08:00][error] 错误信息:controller not exists:app\controller\Z
[2025-12-31T11:19:41+08:00][error] 错误信息:controller not exists:app\controller\Z
[2025-12-31T11:20:04+08:00][error] 错误信息:controller not exists:app\controller\Z
[2025-12-31T11:20:08+08:00][error] 错误信息:controller not exists:app\controller\Rtz
[2025-12-31T11:20:28+08:00][error] 错误信息:controller not exists:app\controller\Z
[2025-12-31T11:20:41+08:00][error] 错误信息:controller not exists:app\controller\Z
[2025-12-31T11:21:10+08:00][error] 错误信息:controller not exists:app\controller\Z
[2025-12-31T11:21:14+08:00][error] 错误信息:controller not exists:app\controller\Z
[2025-12-31T11:21:51+08:00][error] 错误信息:controller not exists:app\controller\Z
[2025-12-31T11:22:17+08:00][error] 错误信息:controller not exists:app\controller\Z
[2025-12-31T11:22:31+08:00][error] 错误信息:controller not exists:app\controller\Z
[2025-12-31T11:22:43+08:00][error] 错误信息:controller not exists:app\controller\Z
[2025-12-31T11:23:07+08:00][error] 错误信息:controller not exists:app\controller\Z
[2025-12-31T11:23:21+08:00][error] 错误信息:controller not exists:app\controller\Z
[2025-12-31T11:23:29+08:00][error] 错误信息:controller not exists:app\controller\Z
[2025-12-31T11:23:57+08:00][error] 错误信息:controller not exists:app\controller\Z
[2025-12-31T11:24:20+08:00][error] 错误信息:controller not exists:app\controller\Z
[2025-12-31T11:24:33+08:00][error] 错误信息:controller not exists:app\controller\Z
[2025-12-31T11:24:47+08:00][error] 错误信息:controller not exists:app\controller\Z
[2025-12-31T11:25:08+08:00][error] 错误信息:controller not exists:app\controller\Z
[2025-12-31T11:25:19+08:00][error] 错误信息:controller not exists:app\controller\Z
[2025-12-31T11:25:35+08:00][error] 错误信息:controller not exists:app\controller\Z
[2025-12-31T11:25:54+08:00][error] 错误信息:controller not exists:app\controller\Arm
[2025-12-31T11:26:18+08:00][error] 错误信息:controller not exists:app\controller\hanoi\X86
[2025-12-31T11:26:39+08:00][error] 错误信息:controller not exists:app\controller\rondo\I486
[2025-12-31T11:26:48+08:00][error] 错误信息:controller not exists:app\controller\rondo\Powerpc
[2025-12-31T11:27:05+08:00][error] 错误信息:controller not exists:app\controller\rondo\Mips
[2025-12-31T11:27:19+08:00][error] 错误信息:controller not exists:app\controller\rondo\Armv4l
[2025-12-31T11:27:44+08:00][error] 错误信息:controller not exists:app\controller\rondo\Fbsdi386
[2025-12-31T11:27:57+08:00][error] 错误信息:controller not exists:app\controller\rondo\M68k
[2025-12-31T11:28:04+08:00][error] 错误信息:controller not exists:app\controller\rondo\Arc700
[2025-12-31T11:28:19+08:00][error] 错误信息:controller not exists:app\controller\rondo\Mipsel
[2025-12-31T11:28:52+08:00][error] 错误信息:controller not exists:app\controller\rondo\Fbsdarm64
[2025-12-31T11:29:04+08:00][error] 错误信息:controller not exists:app\controller\rondo\X8664
[2025-12-31T11:29:19+08:00][error] 错误信息:controller not exists:app\controller\rondo\I586
[2025-12-31T11:29:42+08:00][error] 错误信息:controller not exists:app\controller\rondo\Fbsdamd64
[2025-12-31T11:29:55+08:00][error] 错误信息:controller not exists:app\controller\rondo\Sparc
[2025-12-31T11:30:07+08:00][error] 错误信息:controller not exists:app\controller\rondo\I686
[2025-12-31T11:30:26+08:00][error] 错误信息:controller not exists:app\controller\rondo\Armv7l
[2025-12-31T11:30:41+08:00][error] 错误信息:controller not exists:app\controller\rondo\Armv5l
[2025-12-31T11:30:58+08:00][error] 错误信息:controller not exists:app\controller\rondo\Fbsdpowerpc
[2025-12-31T11:31:24+08:00][error] 错误信息:controller not exists:app\controller\rondo\Sh4
[2025-12-31T11:31:26+08:00][error] 错误信息:controller not exists:app\controller\Index
[2025-12-31T11:31:36+08:00][error] 错误信息:controller not exists:app\controller\rondo\Armv6l
[2025-12-31T11:31:46+08:00][error] 错误信息:controller not exists:app\controller\Index
[2025-12-31T11:31:55+08:00][error] 错误信息:controller not exists:app\controller\rondo\Powerpc440fp
[2025-12-31T11:32:09+08:00][error] 错误信息:controller not exists:app\controller\Bins
[2025-12-31T11:32:24+08:00][error] 错误信息:controller not exists:app\controller\HBTs
[2025-12-31T11:32:30+08:00][error] 错误信息:controller not exists:app\controller\HBTs
[2025-12-31T11:32:56+08:00][error] 错误信息:controller not exists:app\controller\Bins
[2025-12-31T11:33:08+08:00][error] 错误信息:controller not exists:app\controller\Bins
[2025-12-31T11:33:16+08:00][error] 错误信息:controller not exists:app\controller\Bins
[2025-12-31T11:33:43+08:00][error] 错误信息:controller not exists:app\controller\Hiddenbin
[2025-12-31T11:34:06+08:00][error] 错误信息:controller not exists:app\controller\Mips64
[2025-12-31T11:34:09+08:00][error] 错误信息:controller not exists:app\controller\Whoareyou
[2025-12-31T11:34:34+08:00][error] 错误信息:controller not exists:app\controller\Whoareyou
[2025-12-31T11:34:44+08:00][error] 错误信息:controller not exists:app\controller\Whoareyou
[2025-12-31T11:34:54+08:00][error] 错误信息:controller not exists:app\controller\Whoareyou
[2025-12-31T11:35:14+08:00][error] 错误信息:controller not exists:app\controller\Whoareyou
[2025-12-31T11:35:27+08:00][error] 错误信息:controller not exists:app\controller\Whoareyou
[2025-12-31T11:35:41+08:00][error] 错误信息:controller not exists:app\controller\Whoareyou
[2025-12-31T11:36:07+08:00][error] 错误信息:controller not exists:app\controller\Whoareyou
[2025-12-31T11:36:19+08:00][error] 错误信息:controller not exists:app\controller\Whoareyou
[2025-12-31T11:36:28+08:00][error] 错误信息:controller not exists:app\controller\Whoareyou
[2025-12-31T11:36:46+08:00][error] 错误信息:controller not exists:app\controller\Whoareyou
[2025-12-31T11:36:58+08:00][error] 错误信息:controller not exists:app\controller\Whoareyou
[2025-12-31T11:37:19+08:00][error] 错误信息:controller not exists:app\controller\Bins
[2025-12-31T11:37:37+08:00][error] 错误信息:controller not exists:app\controller\Bins
[2025-12-31T11:37:40+08:00][error] 错误信息:controller not exists:app\controller\Bins
[2025-12-31T11:37:53+08:00][error] 错误信息:controller not exists:app\controller\Bins
[2025-12-31T11:38:12+08:00][error] 错误信息:controller not exists:app\controller\Bins
[2025-12-31T11:38:36+08:00][error] 错误信息:controller not exists:app\controller\Bins
[2025-12-31T11:38:59+08:00][error] 错误信息:controller not exists:app\controller\Bins
[2025-12-31T11:39:02+08:00][error] 错误信息:controller not exists:app\controller\Bins
[2025-12-31T11:39:26+08:00][error] 错误信息:controller not exists:app\controller\Bins
[2025-12-31T11:39:39+08:00][error] 错误信息:controller not exists:app\controller\Bins
[2025-12-31T11:39:54+08:00][error] 错误信息:controller not exists:app\controller\Bins
[2025-12-31T11:40:09+08:00][error] 错误信息:controller not exists:app\controller\Bins
[2025-12-31T11:40:20+08:00][error] 错误信息:controller not exists:app\controller\Hiddenbin
[2025-12-31T11:40:36+08:00][error] 错误信息:controller not exists:app\controller\HBTs
[2025-12-31T11:40:46+08:00][error] 错误信息:controller not exists:app\controller\HBTs
[2025-12-31T11:41:05+08:00][error] 错误信息:controller not exists:app\controller\HBTs
[2025-12-31T11:41:21+08:00][error] 错误信息:controller not exists:app\controller\HBTs
[2025-12-31T11:41:47+08:00][error] 错误信息:controller not exists:app\controller\HBTs
[2025-12-31T11:42:02+08:00][error] 错误信息:controller not exists:app\controller\HBTs
[2025-12-31T11:42:07+08:00][error] 错误信息:controller not exists:app\controller\HBTs
[2025-12-31T11:42:25+08:00][error] 错误信息:controller not exists:app\controller\HBTs
[2025-12-31T11:42:32+08:00][error] 错误信息:controller not exists:app\controller\HBTs
[2025-12-31T11:42:48+08:00][error] 错误信息:controller not exists:app\controller\HBTs
[2025-12-31T11:43:12+08:00][error] 错误信息:controller not exists:app\controller\HBTs
[2025-12-31T11:43:40+08:00][error] 错误信息:controller not exists:app\controller\HBTs
[2025-12-31T11:43:50+08:00][error] 错误信息:controller not exists:app\controller\m68k\Nn
[2025-12-31T11:44:02+08:00][error] 错误信息:controller not exists:app\controller\mipsel\Nn
[2025-12-31T11:44:20+08:00][error] 错误信息:controller not exists:app\controller\x86_64\Nn
[2025-12-31T11:44:35+08:00][error] 错误信息:controller not exists:app\controller\x86_32\Nn
[2025-12-31T11:44:51+08:00][error] 错误信息:controller not exists:app\controller\sh4\Nn
[2025-12-31T11:44:58+08:00][error] 错误信息:controller not exists:app\controller\mips\Nn
[2025-12-31T11:45:12+08:00][error] 错误信息:controller not exists:app\controller\sparc\Nn
[2025-12-31T11:45:22+08:00][error] 错误信息:controller not exists:app\controller\powerpc\Nn
[2025-12-31T11:45:47+08:00][error] 错误信息:controller not exists:app\controller\Linux
[2025-12-31T11:46:05+08:00][error] 错误信息:controller not exists:app\controller\Huhu
[2025-12-31T11:46:18+08:00][error] 错误信息:controller not exists:app\controller\Huhu
[2025-12-31T11:46:44+08:00][error] 错误信息:controller not exists:app\controller\Bins
[2025-12-31T11:46:56+08:00][error] 错误信息:controller not exists:app\controller\Huhu
[2025-12-31T11:47:08+08:00][error] 错误信息:controller not exists:app\controller\Huhu
[2025-12-31T11:47:21+08:00][error] 错误信息:controller not exists:app\controller\Huhu
[2025-12-31T11:47:31+08:00][error] 错误信息:controller not exists:app\controller\Huhu
[2025-12-31T11:48:05+08:00][error] 错误信息:controller not exists:app\controller\Huhu
[2025-12-31T11:48:08+08:00][error] 错误信息:controller not exists:app\controller\Huhu
[2025-12-31T11:48:45+08:00][error] 错误信息:controller not exists:app\controller\Huhu
[2025-12-31T11:48:58+08:00][error] 错误信息:controller not exists:app\controller\Huhu
[2025-12-31T11:49:12+08:00][error] 错误信息:controller not exists:app\controller\Huhu
[2025-12-31T11:49:28+08:00][error] 错误信息:controller not exists:app\controller\Huhu
[2025-12-31T11:49:39+08:00][error] 错误信息:controller not exists:app\controller\Huhu
[2025-12-31T11:49:53+08:00][error] 错误信息:controller not exists:app\controller\Huhu
[2025-12-31T11:50:08+08:00][error] 错误信息:controller not exists:app\controller\Huhu
[2025-12-31T11:50:57+08:00][error] 错误信息:controller not exists:app\controller\Huhu
[2025-12-31T11:51:07+08:00][error] 错误信息:controller not exists:app\controller\0010101010100101101010111010101
[2025-12-31T11:51:25+08:00][error] 错误信息:controller not exists:app\controller\0010101010100101101010111010101
[2025-12-31T11:51:44+08:00][error] 错误信息:controller not exists:app\controller\0010101010100101101010111010101
[2025-12-31T11:52:10+08:00][error] 错误信息:controller not exists:app\controller\0010101010100101101010111010101
[2025-12-31T11:52:29+08:00][error] 错误信息:controller not exists:app\controller\0010101010100101101010111010101
[2025-12-31T11:52:34+08:00][error] 错误信息:controller not exists:app\controller\0010101010100101101010111010101
[2025-12-31T11:53:01+08:00][error] 错误信息:controller not exists:app\controller\0010101010100101101010111010101
[2025-12-31T11:53:29+08:00][error] 错误信息:controller not exists:app\controller\0010101010100101101010111010101
[2025-12-31T11:53:50+08:00][error] 错误信息:controller not exists:app\controller\0010101010100101101010111010101
[2025-12-31T11:54:18+08:00][error] 错误信息:controller not exists:app\controller\0010101010100101101010111010101
[2025-12-31T11:54:32+08:00][error] 错误信息:controller not exists:app\controller\0010101010100101101010111010101
[2025-12-31T11:54:55+08:00][error] 错误信息:controller not exists:app\controller\0010101010100101101010111010101
[2025-12-31T11:55:14+08:00][error] 错误信息:controller not exists:app\controller\0010101010100101101010111010101
[2025-12-31T11:55:21+08:00][error] 错误信息:controller not exists:app\controller\0010101010100101101010111010101
[2025-12-31T11:56:15+08:00][error] 错误信息:controller not exists:app\controller\Harm6
[2025-12-31T11:56:22+08:00][error] 错误信息:controller not exists:app\controller\phanes\Mips
[2025-12-31T11:56:47+08:00][error] 错误信息:controller not exists:app\controller\phanes\Arm6
[2025-12-31T11:57:15+08:00][error] 错误信息:controller not exists:app\controller\phanes\Arm7
[2025-12-31T11:57:33+08:00][error] 错误信息:controller not exists:app\controller\phanes\Mpsl
[2025-12-31T11:57:45+08:00][error] 错误信息:controller not exists:app\controller\phanes\Ppc
[2025-12-31T11:58:43+08:00][error] 错误信息:controller not exists:app\controller\phanes\X86
[2025-12-31T11:58:48+08:00][error] 错误信息:controller not exists:app\controller\phanes\Arm5
[2025-12-31T11:58:50+08:00][error] 错误信息:controller not exists:app\controller\404
[2025-12-31T11:58:50+08:00][error] 错误信息:controller not exists:app\controller\404
[2025-12-31T11:59:17+08:00][error] 错误信息:controller not exists:app\controller\phanes\Sh4
[2025-12-31T11:59:34+08:00][error] 错误信息:controller not exists:app\controller\phanes\Arm
[2025-12-31T11:59:37+08:00][error] 错误信息:controller not exists:app\controller\Index
[2025-12-31T12:00:02+08:00][error] 错误信息:controller not exists:app\controller\phanes\Arc
[2025-12-31T12:01:00+08:00][error] 错误信息:controller not exists:app\controller\Bins
[2025-12-31T12:01:14+08:00][error] 错误信息:controller not exists:app\controller\Bins
[2025-12-31T12:01:51+08:00][error] 错误信息:controller not exists:app\controller\lol\Arm
[2025-12-31T12:02:17+08:00][error] 错误信息:controller not exists:app\controller\lol\Mips
[2025-12-31T12:02:37+08:00][error] 错误信息:controller not exists:app\controller\J
[2025-12-31T12:03:14+08:00][error] 错误信息:controller not exists:app\controller\J
[2025-12-31T12:04:04+08:00][error] 错误信息:controller not exists:app\controller\J
[2025-12-31T12:04:35+08:00][error] 错误信息:controller not exists:app\controller\J
[2025-12-31T12:04:52+08:00][error] 错误信息:controller not exists:app\controller\J
[2025-12-31T12:05:18+08:00][error] 错误信息:controller not exists:app\controller\J
[2025-12-31T12:06:23+08:00][error] 错误信息:controller not exists:app\controller\J
[2025-12-31T12:06:26+08:00][error] 错误信息:controller not exists:app\controller\Ppc4fp
[2025-12-31T12:07:05+08:00][error] 错误信息:controller not exists:app\controller\Bins
[2025-12-31T12:07:29+08:00][error] 错误信息:controller not exists:app\controller\Bins
[2025-12-31T12:08:10+08:00][error] 错误信息:controller not exists:app\controller\Bins
[2025-12-31T12:09:07+08:00][error] 错误信息:controller not exists:app\controller\Bins
[2025-12-31T12:09:40+08:00][error] 错误信息:controller not exists:app\controller\Bins
[2025-12-31T12:10:31+08:00][error] 错误信息:controller not exists:app\controller\Bins
[2025-12-31T12:10:36+08:00][error] 错误信息:controller not exists:app\controller\Bins
[2025-12-31T12:10:59+08:00][error] 错误信息:controller not exists:app\controller\Index
[2025-12-31T12:11:48+08:00][error] 错误信息:controller not exists:app\controller\Index
[2025-12-31T12:11:54+08:00][error] 错误信息:controller not exists:app\controller\Bins
[2025-12-31T12:12:36+08:00][error] 错误信息:controller not exists:app\controller\Bins
[2025-12-31T12:12:47+08:00][error] 错误信息:controller not exists:app\controller\Bins
[2025-12-31T12:14:00+08:00][error] 错误信息:controller not exists:app\controller\Arm61
[2025-12-31T12:14:57+08:00][error] 错误信息:controller not exists:app\controller\Co
[2025-12-31T12:15:28+08:00][error] 错误信息:controller not exists:app\controller\Dss
[2025-12-31T12:16:51+08:00][error] 错误信息:controller not exists:app\controller\586
[2025-12-31T12:17:13+08:00][error] 错误信息:controller not exists:app\controller\Index
[2025-12-31T12:17:25+08:00][error] 错误信息:controller not exists:app\controller\Cron
[2025-12-31T12:17:58+08:00][error] 错误信息:controller not exists:app\controller\Katrina
[2025-12-31T12:19:40+08:00][error] 错误信息:controller not exists:app\controller\Rsyslogd
[2025-12-31T12:20:33+08:00][error] 错误信息:controller not exists:app\controller\System
[2025-12-31T12:22:16+08:00][error] 错误信息:controller not exists:app\controller\Index
[2025-12-31T12:23:36+08:00][error] 错误信息:controller not exists:app\controller\Ssh
[2025-12-31T12:25:47+08:00][error] 错误信息:controller not exists:app\controller\Telnetd
[2025-12-31T12:27:40+08:00][error] 错误信息:controller not exists:app\controller\Bns
[2025-12-31T12:29:53+08:00][error] 错误信息:controller not exists:app\controller\Bns
[2025-12-31T12:30:18+08:00][error] 错误信息:controller not exists:app\controller\Bns
[2025-12-31T12:32:02+08:00][error] 错误信息:controller not exists:app\controller\Index
[2025-12-31T12:33:06+08:00][error] 错误信息:controller not exists:app\controller\Bns
[2025-12-31T12:34:20+08:00][error] 错误信息:controller not exists:app\controller\Bns
[2025-12-31T12:35:35+08:00][error] 错误信息:controller not exists:app\controller\Bns
[2025-12-31T12:39:37+08:00][error] 错误信息:controller not exists:app\controller\J
[2025-12-31T12:39:47+08:00][error] 错误信息:controller not exists:app\controller\Mig
[2025-12-31T12:42:28+08:00][error] 错误信息:controller not exists:app\controller\J
[2025-12-31T12:47:43+08:00][error] 错误信息:controller not exists:app\controller\Index
[2025-12-31T13:06:54+08:00][error] 错误信息:controller not exists:app\controller\Index
[2025-12-31T13:11:51+08:00][error] 错误信息:controller not exists:app\controller\Ntpd
[2025-12-31T13:12:25+08:00][error] 错误信息:controller not exists:app\controller\Index
[2025-12-31T13:15:58+08:00][error] 错误信息:controller not exists:app\controller\Wget
[2025-12-31T13:20:32+08:00][error] 错误信息:controller not exists:app\controller\Tftp
[2025-12-31T13:23:01+08:00][error] 错误信息:controller not exists:app\controller\J
[2025-12-31T13:23:55+08:00][error] 错误信息:controller not exists:app\controller\J
[2025-12-31T13:25:15+08:00][error] 错误信息:controller not exists:app\controller\J
[2025-12-31T13:25:42+08:00][error] 错误信息:controller not exists:app\controller\Update
[2025-12-31T13:26:39+08:00][error] 错误信息:controller not exists:app\controller\miraint\Arm5n
[2025-12-31T13:27:30+08:00][error] 错误信息:controller not exists:app\controller\mirai\Arm
[2025-12-31T13:28:10+08:00][error] 错误信息:controller not exists:app\controller\mirai\Mips
[2025-12-31T13:28:48+08:00][error] 错误信息:controller not exists:app\controller\mirai\X86
[2025-12-31T13:28:58+08:00][error] 错误信息:controller not exists:app\controller\mirai\Arm5n
[2025-12-31T13:29:40+08:00][error] 错误信息:controller not exists:app\controller\Vv
[2025-12-31T13:30:38+08:00][error] 错误信息:controller not exists:app\controller\Vv
[2025-12-31T13:31:03+08:00][error] 错误信息:controller not exists:app\controller\Vv
[2025-12-31T13:31:32+08:00][error] 错误信息:controller not exists:app\controller\Vv
[2025-12-31T13:31:41+08:00][error] 错误信息:controller not exists:app\controller\Vv
[2025-12-31T13:32:05+08:00][error] 错误信息:controller not exists:app\controller\Vv
[2025-12-31T13:33:06+08:00][error] 错误信息:controller not exists:app\controller\Vv
[2025-12-31T13:33:27+08:00][error] 错误信息:controller not exists:app\controller\Vv
[2025-12-31T13:33:52+08:00][error] 错误信息:controller not exists:app\controller\Vv
[2025-12-31T13:33:58+08:00][error] 错误信息:controller not exists:app\controller\Vv
[2025-12-31T13:34:37+08:00][error] 错误信息:controller not exists:app\controller\Vv
[2025-12-31T13:34:44+08:00][error] 错误信息:controller not exists:app\controller\Vv
[2025-12-31T13:35:30+08:00][error] 错误信息:controller not exists:app\controller\Vv
[2025-12-31T13:36:06+08:00][error] 错误信息:controller not exists:app\controller\Index
[2025-12-31T13:36:27+08:00][error] 错误信息:controller not exists:app\controller\010100110101010
[2025-12-31T13:36:32+08:00][error] 错误信息:controller not exists:app\controller\010100110101010
[2025-12-31T13:36:55+08:00][error] 错误信息:controller not exists:app\controller\010100110101010
[2025-12-31T13:37:46+08:00][error] 错误信息:controller not exists:app\controller\010100110101010
[2025-12-31T13:38:06+08:00][error] 错误信息:controller not exists:app\controller\010100110101010
[2025-12-31T13:38:12+08:00][error] 错误信息:controller not exists:app\controller\010100110101010
[2025-12-31T13:38:38+08:00][error] 错误信息:controller not exists:app\controller\Index
[2025-12-31T13:38:47+08:00][error] 错误信息:controller not exists:app\controller\010100110101010
[2025-12-31T13:38:58+08:00][error] 错误信息:controller not exists:app\controller\010100110101010
[2025-12-31T13:39:21+08:00][error] 错误信息:controller not exists:app\controller\010100110101010
[2025-12-31T13:39:29+08:00][error] 错误信息:controller not exists:app\controller\010100110101010
[2025-12-31T13:39:57+08:00][error] 错误信息:controller not exists:app\controller\010100110101010
[2025-12-31T13:40:15+08:00][error] 错误信息:controller not exists:app\controller\010100110101010
[2025-12-31T13:40:31+08:00][error] 错误信息:controller not exists:app\controller\010100110101010
[2025-12-31T13:40:55+08:00][error] 错误信息:controller not exists:app\controller\010100110101010
[2025-12-31T13:41:19+08:00][error] 错误信息:controller not exists:app\controller\010100110101010
[2025-12-31T13:41:25+08:00][error] 错误信息:controller not exists:app\controller\T
[2025-12-31T13:41:49+08:00][error] 错误信息:controller not exists:app\controller\fghe3tj\I686
[2025-12-31T13:42:03+08:00][error] 错误信息:controller not exists:app\controller\fghe3tj\X8664
[2025-12-31T13:42:32+08:00][error] 错误信息:controller not exists:app\controller\fghe3tj\Ppc
[2025-12-31T13:42:58+08:00][error] 错误信息:controller not exists:app\controller\fghe3tj\M68k
[2025-12-31T13:43:16+08:00][error] 错误信息:controller not exists:app\controller\fghe3tj\X86
[2025-12-31T13:43:25+08:00][error] 错误信息:controller not exists:app\controller\fghe3tj\Mips
[2025-12-31T13:43:33+08:00][error] 错误信息:controller not exists:app\controller\fghe3tj\Spc
[2025-12-31T13:43:55+08:00][error] 错误信息:controller not exists:app\controller\fghe3tj\Mpsl
[2025-12-31T13:44:06+08:00][error] 错误信息:controller not exists:app\controller\fghe3tj\Arc
[2025-12-31T13:44:32+08:00][error] 错误信息:controller not exists:app\controller\neon\I686
[2025-12-31T13:45:11+08:00][error] 错误信息:controller not exists:app\controller\Dwrioej
[2025-12-31T13:45:26+08:00][error] 错误信息:controller not exists:app\controller\Dwrioej
[2025-12-31T13:45:31+08:00][error] 错误信息:controller not exists:app\controller\Dwrioej
[2025-12-31T13:45:59+08:00][error] 错误信息:controller not exists:app\controller\Dwrioej
[2025-12-31T13:46:05+08:00][error] 错误信息:controller not exists:app\controller\Dwrioej
[2025-12-31T13:46:27+08:00][error] 错误信息:controller not exists:app\controller\Dwrioej
[2025-12-31T13:46:37+08:00][error] 错误信息:controller not exists:app\controller\Curl
[2025-12-31T13:46:57+08:00][error] 错误信息:controller not exists:app\controller\I
[2025-12-31T13:47:27+08:00][error] 错误信息:controller not exists:app\controller\Aqua\Arm6
[2025-12-31T13:47:49+08:00][error] 错误信息:controller not exists:app\controller\O
[2025-12-31T14:03:55+08:00][error] 错误信息:controller not exists:app\controller\Index
[2025-12-31T14:29:55+08:00][error] 错误信息:controller not exists:app\controller\Index
[2025-12-31T14:42:08+08:00][error] 错误信息:controller not exists:app\controller\Index
[2025-12-31T14:48:40+08:00][error] 错误信息:controller not exists:app\controller\Index
[2025-12-31T14:48:51+08:00][error] 错误信息:controller not exists:app\controller\Bins
[2025-12-31T14:49:03+08:00][error] 错误信息:controller not exists:app\controller\Bin
[2025-12-31T14:49:14+08:00][error] 错误信息:controller not exists:app\controller\I
[2025-12-31T14:49:25+08:00][error] 错误信息:controller not exists:app\controller\bin\Sh
[2025-12-31T14:49:28+08:00][error] 错误信息:controller not exists:app\controller\Bins
[2025-12-31T14:49:38+08:00][error] 错误信息:controller not exists:app\controller\Arm5
[2025-12-31T14:49:48+08:00][error] 错误信息:controller not exists:app\controller\Mpsl
[2025-12-31T14:50:06+08:00][error] 错误信息:controller not exists:app\controller\Arm
[2025-12-31T14:50:10+08:00][error] 错误信息:controller not exists:app\controller\Bins
[2025-12-31T14:50:18+08:00][error] 错误信息:controller not exists:app\controller\Login
[2025-12-31T14:50:23+08:00][error] 错误信息:controller not exists:app\controller\Bins
[2025-12-31T14:50:37+08:00][error] 错误信息:controller not exists:app\controller\Bins
[2025-12-31T14:50:39+08:00][error] 错误信息:controller not exists:app\controller\Bins
[2025-12-31T14:50:55+08:00][error] 错误信息:controller not exists:app\controller\Bins
[2025-12-31T14:50:58+08:00][error] 错误信息:controller not exists:app\controller\Bins
[2025-12-31T14:51:11+08:00][error] 错误信息:controller not exists:app\controller\X86
[2025-12-31T14:51:21+08:00][error] 错误信息:controller not exists:app\controller\Mips
[2025-12-31T14:51:27+08:00][error] 错误信息:controller not exists:app\controller\Bins
[2025-12-31T14:51:41+08:00][error] 错误信息:controller not exists:app\controller\Bins
[2025-12-31T14:51:51+08:00][error] 错误信息:controller not exists:app\controller\Bins
[2025-12-31T14:52:00+08:00][error] 错误信息:controller not exists:app\controller\Bins
[2025-12-31T14:52:15+08:00][error] 错误信息:controller not exists:app\controller\Mipsel
[2025-12-31T14:52:26+08:00][error] 错误信息:controller not exists:app\controller\Mozi\M
[2025-12-31T14:52:32+08:00][error] 错误信息:controller not exists:app\controller\Bins
[2025-12-31T14:52:46+08:00][error] 错误信息:controller not exists:app\controller\Sh
[2025-12-31T14:52:51+08:00][error] 错误信息:controller not exists:app\controller\Hiddenbin
[2025-12-31T14:53:05+08:00][error] 错误信息:controller not exists:app\controller\Armv4l
[2025-12-31T14:53:11+08:00][error] 错误信息:controller not exists:app\controller\resgod\Spc
[2025-12-31T14:53:27+08:00][error] 错误信息:controller not exists:app\controller\Hiddenbin
[2025-12-31T14:53:35+08:00][error] 错误信息:controller not exists:app\controller\Hiddenbin
[2025-12-31T14:53:42+08:00][error] 错误信息:controller not exists:app\controller\Hiddenbin
[2025-12-31T14:53:49+08:00][error] 错误信息:controller not exists:app\controller\Hiddenbin
[2025-12-31T14:53:59+08:00][error] 错误信息:controller not exists:app\controller\Hiddenbin
[2025-12-31T14:54:12+08:00][error] 错误信息:controller not exists:app\controller\resgod\M68k
[2025-12-31T14:54:18+08:00][error] 错误信息:controller not exists:app\controller\Hiddenbin
[2025-12-31T14:54:34+08:00][error] 错误信息:controller not exists:app\controller\Hiddenbin
[2025-12-31T14:54:37+08:00][error] 错误信息:controller not exists:app\controller\Index
[2025-12-31T14:54:41+08:00][error] 错误信息:controller not exists:app\controller\Hiddenbin
[2025-12-31T14:54:52+08:00][error] 错误信息:controller not exists:app\controller\Bins
[2025-12-31T14:54:59+08:00][error] 错误信息:controller not exists:app\controller\Hiddenbin
[2025-12-31T14:55:16+08:00][error] 错误信息:controller not exists:app\controller\Hiddenbin
[2025-12-31T14:55:27+08:00][error] 错误信息:controller not exists:app\controller\Sparc
[2025-12-31T14:55:35+08:00][error] 错误信息:controller not exists:app\controller\Armv5l
[2025-12-31T14:55:40+08:00][error] 错误信息:controller not exists:app\controller\Armv6l
[2025-12-31T14:55:59+08:00][error] 错误信息:controller not exists:app\controller\I586
[2025-12-31T14:56:13+08:00][error] 错误信息:controller not exists:app\controller\Sh4
[2025-12-31T14:56:22+08:00][error] 错误信息:controller not exists:app\controller\Arm7
[2025-12-31T14:56:27+08:00][error] 错误信息:controller not exists:app\controller\X8664
[2025-12-31T14:56:43+08:00][error] 错误信息:controller not exists:app\controller\I686
[2025-12-31T14:56:53+08:00][error] 错误信息:controller not exists:app\controller\M68k
[2025-12-31T14:57:04+08:00][error] 错误信息:controller not exists:app\controller\Arm6
[2025-12-31T14:57:09+08:00][error] 错误信息:controller not exists:app\controller\Bins
[2025-12-31T14:57:20+08:00][error] 错误信息:controller not exists:app\controller\Bins
[2025-12-31T14:57:34+08:00][error] 错误信息:controller not exists:app\controller\Bins
[2025-12-31T14:57:42+08:00][error] 错误信息:controller not exists:app\controller\skid\Arm5
[2025-12-31T14:57:52+08:00][error] 错误信息:controller not exists:app\controller\Bins
[2025-12-31T14:58:06+08:00][error] 错误信息:controller not exists:app\controller\skid\Arm
[2025-12-31T14:58:17+08:00][error] 错误信息:controller not exists:app\controller\Bins
[2025-12-31T14:58:19+08:00][error] 错误信息:controller not exists:app\controller\Bins
[2025-12-31T14:58:35+08:00][error] 错误信息:controller not exists:app\controller\Bins
[2025-12-31T14:58:46+08:00][error] 错误信息:controller not exists:app\controller\Bins
[2025-12-31T14:58:56+08:00][error] 错误信息:controller not exists:app\controller\Spc
[2025-12-31T14:59:01+08:00][error] 错误信息:controller not exists:app\controller\Ppc
[2025-12-31T14:59:15+08:00][error] 错误信息:controller not exists:app\controller\Arm4
[2025-12-31T14:59:30+08:00][error] 错误信息:controller not exists:app\controller\skid\Mpsl
[2025-12-31T14:59:39+08:00][error] 错误信息:controller not exists:app\controller\skid\Mips
[2025-12-31T14:59:44+08:00][error] 错误信息:controller not exists:app\controller\skid\Arm7
[2025-12-31T14:59:57+08:00][error] 错误信息:controller not exists:app\controller\001010101010010110101011101010101101010111010101
[2025-12-31T15:00:06+08:00][error] 错误信息:controller not exists:app\controller\001010101010010110101011101010101101010111010101
[2025-12-31T15:00:17+08:00][error] 错误信息:controller not exists:app\controller\001010101010010110101011101010101101010111010101
[2025-12-31T15:00:25+08:00][error] 错误信息:controller not exists:app\controller\001010101010010110101011101010101101010111010101
[2025-12-31T15:00:43+08:00][error] 错误信息:controller not exists:app\controller\001010101010010110101011101010101101010111010101
[2025-12-31T15:00:51+08:00][error] 错误信息:controller not exists:app\controller\001010101010010110101011101010101101010111010101
[2025-12-31T15:01:02+08:00][error] 错误信息:controller not exists:app\controller\001010101010010110101011101010101101010111010101
[2025-12-31T15:01:08+08:00][error] 错误信息:controller not exists:app\controller\001010101010010110101011101010101101010111010101
[2025-12-31T15:01:21+08:00][error] 错误信息:controller not exists:app\controller\001010101010010110101011101010101101010111010101
[2025-12-31T15:01:31+08:00][error] 错误信息:controller not exists:app\controller\001010101010010110101011101010101101010111010101
[2025-12-31T15:01:44+08:00][error] 错误信息:controller not exists:app\controller\001010101010010110101011101010101101010111010101
[2025-12-31T15:01:56+08:00][error] 错误信息:controller not exists:app\controller\001010101010010110101011101010101101010111010101
[2025-12-31T15:01:59+08:00][error] 错误信息:controller not exists:app\controller\001010101010010110101011101010101101010111010101
[2025-12-31T15:02:14+08:00][error] 错误信息:controller not exists:app\controller\001010101010010110101011101010101101010111010101
[2025-12-31T15:02:23+08:00][error] 错误信息:controller not exists:app\controller\Lmips
[2025-12-31T15:02:33+08:00][error] 错误信息:controller not exists:app\controller\Larm5
[2025-12-31T15:02:46+08:00][error] 错误信息:controller not exists:app\controller\Larm7
[2025-12-31T15:03:01+08:00][error] 错误信息:controller not exists:app\controller\Gmips
[2025-12-31T15:03:13+08:00][error] 错误信息:controller not exists:app\controller\Xmips
[2025-12-31T15:03:15+08:00][error] 错误信息:controller not exists:app\controller\Rmpsl
[2025-12-31T15:03:25+08:00][error] 错误信息:controller not exists:app\controller\Lmpsl
[2025-12-31T15:03:45+08:00][error] 错误信息:controller not exists:app\controller\Harm7
[2025-12-31T15:03:56+08:00][error] 错误信息:controller not exists:app\controller\Larm4
[2025-12-31T15:04:06+08:00][error] 错误信息:controller not exists:app\controller\00101010101001
[2025-12-31T15:04:15+08:00][error] 错误信息:controller not exists:app\controller\00101010101001
[2025-12-31T15:04:20+08:00][error] 错误信息:controller not exists:app\controller\00101010101001
[2025-12-31T15:04:31+08:00][error] 错误信息:controller not exists:app\controller\00101010101001
[2025-12-31T15:04:53+08:00][error] 错误信息:controller not exists:app\controller\00101010101001
[2025-12-31T15:04:55+08:00][error] 错误信息:controller not exists:app\controller\00101010101001
[2025-12-31T15:05:12+08:00][error] 错误信息:controller not exists:app\controller\00101010101001
[2025-12-31T15:05:17+08:00][error] 错误信息:controller not exists:app\controller\00101010101001
[2025-12-31T15:05:35+08:00][error] 错误信息:controller not exists:app\controller\00101010101001
[2025-12-31T15:05:38+08:00][error] 错误信息:controller not exists:app\controller\00101010101001
[2025-12-31T15:05:49+08:00][error] 错误信息:controller not exists:app\controller\00101010101001
[2025-12-31T15:05:59+08:00][error] 错误信息:controller not exists:app\controller\00101010101001
[2025-12-31T15:06:12+08:00][error] 错误信息:controller not exists:app\controller\00101010101001
[2025-12-31T15:06:26+08:00][error] 错误信息:controller not exists:app\controller\00101010101001
[2025-12-31T15:06:41+08:00][error] 错误信息:controller not exists:app\controller\00101010101001
[2025-12-31T15:06:48+08:00][error] 错误信息:controller not exists:app\controller\Bins
[2025-12-31T15:06:54+08:00][error] 错误信息:controller not exists:app\controller\Aarch64
[2025-12-31T15:07:04+08:00][error] 错误信息:controller not exists:app\controller\Csky
[2025-12-31T15:07:20+08:00][error] 错误信息:controller not exists:app\controller\Arc
[2025-12-31T15:07:24+08:00][error] 错误信息:controller not exists:app\controller\Harm4
[2025-12-31T15:07:41+08:00][error] 错误信息:controller not exists:app\controller\Harm5
[2025-12-31T15:07:55+08:00][error] 错误信息:controller not exists:app\controller\Gmpsl
[2025-12-31T15:08:05+08:00][error] 错误信息:controller not exists:app\controller\Hmips
[2025-12-31T15:08:09+08:00][error] 错误信息:controller not exists:app\controller\Armv7l
[2025-12-31T15:08:21+08:00][error] 错误信息:controller not exists:app\controller\Gompsl
[2025-12-31T15:08:38+08:00][error] 错误信息:controller not exists:app\controller\Garm7
[2025-12-31T15:08:46+08:00][error] 错误信息:controller not exists:app\controller\Systemcl
[2025-12-31T15:09:01+08:00][error] 错误信息:controller not exists:app\controller\Systemcl
[2025-12-31T15:09:03+08:00][error] 错误信息:controller not exists:app\controller\Index
[2025-12-31T15:09:09+08:00][error] 错误信息:controller not exists:app\controller\Systemcl
[2025-12-31T15:09:20+08:00][error] 错误信息:controller not exists:app\controller\Systemcl
[2025-12-31T15:09:38+08:00][error] 错误信息:controller not exists:app\controller\Systemcl
[2025-12-31T15:09:40+08:00][error] 错误信息:controller not exists:app\controller\Systemcl
[2025-12-31T15:09:43+08:00][error] 错误信息:controller not exists:app\controller\Systemcl
[2025-12-31T15:09:54+08:00][error] 错误信息:controller not exists:app\controller\Systemcl
[2025-12-31T15:10:03+08:00][error] 错误信息:controller not exists:app\controller\Systemcl
[2025-12-31T15:10:16+08:00][error] 错误信息:controller not exists:app\controller\Systemcl
[2025-12-31T15:10:23+08:00][error] 错误信息:controller not exists:app\controller\Systemcl
[2025-12-31T15:10:29+08:00][error] 错误信息:controller not exists:app\controller\p\Txt
[2025-12-31T15:10:49+08:00][error] 错误信息:controller not exists:app\controller\Systemcl
[2025-12-31T15:10:56+08:00][error] 错误信息:controller not exists:app\controller\Systemcl
[2025-12-31T15:11:06+08:00][error] 错误信息:controller not exists:app\controller\Bins
[2025-12-31T15:11:17+08:00][error] 错误信息:controller not exists:app\controller\Bins
[2025-12-31T15:11:27+08:00][error] 错误信息:controller not exists:app\controller\Bins
[2025-12-31T15:11:41+08:00][error] 错误信息:controller not exists:app\controller\Bins
[2025-12-31T15:11:53+08:00][error] 错误信息:controller not exists:app\controller\Bins
[2025-12-31T15:12:07+08:00][error] 错误信息:controller not exists:app\controller\Bins
[2025-12-31T15:12:18+08:00][error] 错误信息:controller not exists:app\controller\Bins
[2025-12-31T15:12:25+08:00][error] 错误信息:controller not exists:app\controller\Bins
[2025-12-31T15:12:32+08:00][error] 错误信息:controller not exists:app\controller\Bins
[2025-12-31T15:12:47+08:00][error] 错误信息:controller not exists:app\controller\Bins
[2025-12-31T15:12:52+08:00][error] 错误信息:controller not exists:app\controller\I486
[2025-12-31T15:13:09+08:00][error] 错误信息:controller not exists:app\controller\Sshd
[2025-12-31T15:13:25+08:00][error] 错误信息:controller not exists:app\controller\Hiddenbin
[2025-12-31T15:13:28+08:00][error] 错误信息:controller not exists:app\controller\00101010101001
[2025-12-31T15:13:40+08:00][error] 错误信息:controller not exists:app\controller\Mozi\A
[2025-12-31T15:13:52+08:00][error] 错误信息:controller not exists:app\controller\Hiddenbin
[2025-12-31T15:13:56+08:00][error] 错误信息:controller not exists:app\controller\Hiddenbin
[2025-12-31T15:13:59+08:00][info] [loadAvailablePorts] 从数据库加载端口配置，数量: 101
[2025-12-31T15:13:59+08:00][info] [TelegramTask] 批次处理开始: batch_id=batch_6954cd37cc36c8.14567845, type=set_online, 任务数=69
[2025-12-31T15:13:59+08:00][info] [batchApiProcess] 开始批量API处理，类型: set_online, 总任务数: 69
[2025-12-31T15:13:59+08:00][info] [getBalancedPortConfig] 用户 1012 分配到端口 5068
[2025-12-31T15:13:59+08:00][info] [getBalancedPortConfig] 用户 1079 分配到端口 5040
[2025-12-31T15:13:59+08:00][info] [getBalancedPortConfig] 用户 1081 分配到端口 5042
[2025-12-31T15:13:59+08:00][info] [getBalancedPortConfig] 用户 1084 分配到端口 5045
[2025-12-31T15:13:59+08:00][info] [getBalancedPortConfig] 用户 1091 分配到端口 5052
[2025-12-31T15:13:59+08:00][info] [getBalancedPortConfig] 用户 1106 分配到端口 5067
[2025-12-31T15:13:59+08:00][info] [getBalancedPortConfig] 用户 1133 分配到端口 5094
[2025-12-31T15:13:59+08:00][info] [getBalancedPortConfig] 用户 1147 分配到端口 5013
[2025-12-31T15:13:59+08:00][info] [getBalancedPortConfig] 用户 1167 分配到端口 5033
[2025-12-31T15:13:59+08:00][info] [getBalancedPortConfig] 用户 1175 分配到端口 5041
[2025-12-31T15:13:59+08:00][info] [getBalancedPortConfig] 用户 1179 分配到端口 5045
[2025-12-31T15:13:59+08:00][info] [getBalancedPortConfig] 用户 1189 分配到端口 5055
[2025-12-31T15:13:59+08:00][info] [getBalancedPortConfig] 用户 1190 分配到端口 5056
[2025-12-31T15:13:59+08:00][info] [getBalancedPortConfig] 用户 1191 分配到端口 5057
[2025-12-31T15:13:59+08:00][info] [getBalancedPortConfig] 用户 1208 分配到端口 5074
[2025-12-31T15:13:59+08:00][info] [getBalancedPortConfig] 用户 1211 分配到端口 5077
[2025-12-31T15:13:59+08:00][info] [getBalancedPortConfig] 用户 1214 分配到端口 5080
[2025-12-31T15:13:59+08:00][info] [getBalancedPortConfig] 用户 1220 分配到端口 5086
[2025-12-31T15:13:59+08:00][info] [getBalancedPortConfig] 用户 1226 分配到端口 5092
[2025-12-31T15:13:59+08:00][info] [getBalancedPortConfig] 用户 1277 分配到端口 5048
[2025-12-31T15:13:59+08:00][info] [getBalancedPortConfig] 用户 1278 分配到端口 5049
[2025-12-31T15:13:59+08:00][info] [getBalancedPortConfig] 用户 1279 分配到端口 5050
[2025-12-31T15:13:59+08:00][info] [getBalancedPortConfig] 用户 1280 分配到端口 5051
[2025-12-31T15:13:59+08:00][info] [getBalancedPortConfig] 用户 1281 分配到端口 5052
[2025-12-31T15:13:59+08:00][info] [getBalancedPortConfig] 用户 1282 分配到端口 5053
[2025-12-31T15:13:59+08:00][info] [getBalancedPortConfig] 用户 1283 分配到端口 5054
[2025-12-31T15:13:59+08:00][info] [getBalancedPortConfig] 用户 1284 分配到端口 5055
[2025-12-31T15:13:59+08:00][info] [getBalancedPortConfig] 用户 1285 分配到端口 5056
[2025-12-31T15:13:59+08:00][info] [getBalancedPortConfig] 用户 1286 分配到端口 5057
[2025-12-31T15:13:59+08:00][info] [getBalancedPortConfig] 用户 1287 分配到端口 5058
[2025-12-31T15:13:59+08:00][info] [getBalancedPortConfig] 用户 1288 分配到端口 5059
[2025-12-31T15:13:59+08:00][info] [getBalancedPortConfig] 用户 1289 分配到端口 5060
[2025-12-31T15:13:59+08:00][info] [getBalancedPortConfig] 用户 1290 分配到端口 5061
[2025-12-31T15:13:59+08:00][info] [getBalancedPortConfig] 用户 1291 分配到端口 5062
[2025-12-31T15:13:59+08:00][info] [getBalancedPortConfig] 用户 1292 分配到端口 5063
[2025-12-31T15:13:59+08:00][info] [getBalancedPortConfig] 用户 1293 分配到端口 5064
[2025-12-31T15:13:59+08:00][info] [getBalancedPortConfig] 用户 1294 分配到端口 5065
[2025-12-31T15:13:59+08:00][info] [getBalancedPortConfig] 用户 1295 分配到端口 5066
[2025-12-31T15:13:59+08:00][info] [getBalancedPortConfig] 用户 1296 分配到端口 5067
[2025-12-31T15:13:59+08:00][info] [getBalancedPortConfig] 用户 1297 分配到端口 5068
[2025-12-31T15:13:59+08:00][info] [getBalancedPortConfig] 用户 1298 分配到端口 5069
[2025-12-31T15:13:59+08:00][info] [getBalancedPortConfig] 用户 1299 分配到端口 5070
[2025-12-31T15:13:59+08:00][info] [getBalancedPortConfig] 用户 1300 分配到端口 5071
[2025-12-31T15:13:59+08:00][info] [getBalancedPortConfig] 用户 1301 分配到端口 5072
[2025-12-31T15:13:59+08:00][info] [getBalancedPortConfig] 用户 1302 分配到端口 5073
[2025-12-31T15:13:59+08:00][info] [getBalancedPortConfig] 用户 1303 分配到端口 5074
[2025-12-31T15:13:59+08:00][info] [getBalancedPortConfig] 用户 1304 分配到端口 5075
[2025-12-31T15:13:59+08:00][info] [getBalancedPortConfig] 用户 1305 分配到端口 5076
[2025-12-31T15:13:59+08:00][info] [getBalancedPortConfig] 用户 1306 分配到端口 5077
[2025-12-31T15:13:59+08:00][info] [getBalancedPortConfig] 用户 1307 分配到端口 5078
[2025-12-31T15:13:59+08:00][info] [getBalancedPortConfig] 用户 1308 分配到端口 5079
[2025-12-31T15:13:59+08:00][info] [getBalancedPortConfig] 用户 1309 分配到端口 5080
[2025-12-31T15:13:59+08:00][info] [getBalancedPortConfig] 用户 1310 分配到端口 5081
[2025-12-31T15:13:59+08:00][info] [getBalancedPortConfig] 用户 1311 分配到端口 5082
[2025-12-31T15:13:59+08:00][info] [getBalancedPortConfig] 用户 1312 分配到端口 5083
[2025-12-31T15:13:59+08:00][info] [getBalancedPortConfig] 用户 1313 分配到端口 5084
[2025-12-31T15:13:59+08:00][info] [getBalancedPortConfig] 用户 1314 分配到端口 5085
[2025-12-31T15:13:59+08:00][info] [getBalancedPortConfig] 用户 1315 分配到端口 5086
[2025-12-31T15:13:59+08:00][info] [getBalancedPortConfig] 用户 1316 分配到端口 5087
[2025-12-31T15:13:59+08:00][info] [getBalancedPortConfig] 用户 1317 分配到端口 5088
[2025-12-31T15:13:59+08:00][info] [getBalancedPortConfig] 用户 1318 分配到端口 5089
[2025-12-31T15:13:59+08:00][info] [getBalancedPortConfig] 用户 1319 分配到端口 5090
[2025-12-31T15:13:59+08:00][info] [getBalancedPortConfig] 用户 1320 分配到端口 5091
[2025-12-31T15:13:59+08:00][info] [getBalancedPortConfig] 用户 1321 分配到端口 5092
[2025-12-31T15:13:59+08:00][info] [getBalancedPortConfig] 用户 1322 分配到端口 5093
[2025-12-31T15:13:59+08:00][info] [getBalancedPortConfig] 用户 1323 分配到端口 5094
[2025-12-31T15:13:59+08:00][info] [getBalancedPortConfig] 用户 1324 分配到端口 5095
[2025-12-31T15:13:59+08:00][info] [getBalancedPortConfig] 用户 1325 分配到端口 5096
[2025-12-31T15:13:59+08:00][info] [getBalancedPortConfig] 用户 1326 分配到端口 5097
[2025-12-31T15:13:59+08:00][info] [groupTasksByPort] 端口 5068 分配到 2 个任务
[2025-12-31T15:13:59+08:00][info] [groupTasksByPort] 端口 5040 分配到 1 个任务
[2025-12-31T15:13:59+08:00][info] [groupTasksByPort] 端口 5042 分配到 1 个任务
[2025-12-31T15:13:59+08:00][info] [groupTasksByPort] 端口 5045 分配到 2 个任务
[2025-12-31T15:13:59+08:00][info] [groupTasksByPort] 端口 5052 分配到 2 个任务
[2025-12-31T15:13:59+08:00][info] [groupTasksByPort] 端口 5067 分配到 2 个任务
[2025-12-31T15:13:59+08:00][info] [groupTasksByPort] 端口 5094 分配到 2 个任务
[2025-12-31T15:13:59+08:00][info] [groupTasksByPort] 端口 5013 分配到 1 个任务
[2025-12-31T15:13:59+08:00][info] [groupTasksByPort] 端口 5033 分配到 1 个任务
[2025-12-31T15:13:59+08:00][info] [groupTasksByPort] 端口 5041 分配到 1 个任务
[2025-12-31T15:13:59+08:00][info] [groupTasksByPort] 端口 5055 分配到 2 个任务
[2025-12-31T15:13:59+08:00][info] [groupTasksByPort] 端口 5056 分配到 2 个任务
[2025-12-31T15:13:59+08:00][info] [groupTasksByPort] 端口 5057 分配到 2 个任务
[2025-12-31T15:13:59+08:00][info] [groupTasksByPort] 端口 5074 分配到 2 个任务
[2025-12-31T15:13:59+08:00][info] [groupTasksByPort] 端口 5077 分配到 2 个任务
[2025-12-31T15:13:59+08:00][info] [groupTasksByPort] 端口 5080 分配到 2 个任务
[2025-12-31T15:13:59+08:00][info] [groupTasksByPort] 端口 5086 分配到 2 个任务
[2025-12-31T15:13:59+08:00][info] [groupTasksByPort] 端口 5092 分配到 2 个任务
[2025-12-31T15:13:59+08:00][info] [groupTasksByPort] 端口 5048 分配到 1 个任务
[2025-12-31T15:13:59+08:00][info] [groupTasksByPort] 端口 5049 分配到 1 个任务
[2025-12-31T15:13:59+08:00][info] [groupTasksByPort] 端口 5050 分配到 1 个任务
[2025-12-31T15:13:59+08:00][info] [groupTasksByPort] 端口 5051 分配到 1 个任务
[2025-12-31T15:13:59+08:00][info] [groupTasksByPort] 端口 5053 分配到 1 个任务
[2025-12-31T15:13:59+08:00][info] [groupTasksByPort] 端口 5054 分配到 1 个任务
[2025-12-31T15:13:59+08:00][info] [groupTasksByPort] 端口 5058 分配到 1 个任务
[2025-12-31T15:13:59+08:00][info] [groupTasksByPort] 端口 5059 分配到 1 个任务
[2025-12-31T15:13:59+08:00][info] [groupTasksByPort] 端口 5060 分配到 1 个任务
[2025-12-31T15:13:59+08:00][info] [groupTasksByPort] 端口 5061 分配到 1 个任务
[2025-12-31T15:13:59+08:00][info] [groupTasksByPort] 端口 5062 分配到 1 个任务
[2025-12-31T15:13:59+08:00][info] [groupTasksByPort] 端口 5063 分配到 1 个任务
[2025-12-31T15:13:59+08:00][info] [groupTasksByPort] 端口 5064 分配到 1 个任务
[2025-12-31T15:13:59+08:00][info] [groupTasksByPort] 端口 5065 分配到 1 个任务
[2025-12-31T15:13:59+08:00][info] [groupTasksByPort] 端口 5066 分配到 1 个任务
[2025-12-31T15:13:59+08:00][info] [groupTasksByPort] 端口 5069 分配到 1 个任务
[2025-12-31T15:13:59+08:00][info] [groupTasksByPort] 端口 5070 分配到 1 个任务
[2025-12-31T15:13:59+08:00][info] [groupTasksByPort] 端口 5071 分配到 1 个任务
[2025-12-31T15:13:59+08:00][info] [groupTasksByPort] 端口 5072 分配到 1 个任务
[2025-12-31T15:13:59+08:00][info] [groupTasksByPort] 端口 5073 分配到 1 个任务
[2025-12-31T15:13:59+08:00][info] [groupTasksByPort] 端口 5075 分配到 1 个任务
[2025-12-31T15:13:59+08:00][info] [groupTasksByPort] 端口 5076 分配到 1 个任务
[2025-12-31T15:13:59+08:00][info] [groupTasksByPort] 端口 5078 分配到 1 个任务
[2025-12-31T15:13:59+08:00][info] [groupTasksByPort] 端口 5079 分配到 1 个任务
[2025-12-31T15:13:59+08:00][info] [groupTasksByPort] 端口 5081 分配到 1 个任务
[2025-12-31T15:13:59+08:00][info] [groupTasksByPort] 端口 5082 分配到 1 个任务
[2025-12-31T15:13:59+08:00][info] [groupTasksByPort] 端口 5083 分配到 1 个任务
[2025-12-31T15:13:59+08:00][info] [groupTasksByPort] 端口 5084 分配到 1 个任务
[2025-12-31T15:13:59+08:00][info] [groupTasksByPort] 端口 5085 分配到 1 个任务
[2025-12-31T15:13:59+08:00][info] [groupTasksByPort] 端口 5087 分配到 1 个任务
[2025-12-31T15:13:59+08:00][info] [groupTasksByPort] 端口 5088 分配到 1 个任务
[2025-12-31T15:13:59+08:00][info] [groupTasksByPort] 端口 5089 分配到 1 个任务
[2025-12-31T15:13:59+08:00][info] [groupTasksByPort] 端口 5090 分配到 1 个任务
[2025-12-31T15:13:59+08:00][info] [groupTasksByPort] 端口 5091 分配到 1 个任务
[2025-12-31T15:13:59+08:00][info] [groupTasksByPort] 端口 5093 分配到 1 个任务
[2025-12-31T15:13:59+08:00][info] [groupTasksByPort] 端口 5095 分配到 1 个任务
[2025-12-31T15:13:59+08:00][info] [groupTasksByPort] 端口 5096 分配到 1 个任务
[2025-12-31T15:13:59+08:00][info] [groupTasksByPort] 端口 5097 分配到 1 个任务
[2025-12-31T15:13:59+08:00][info] [recordPortAssignments] 已记录端口分配信息，任务数: 69
[2025-12-31T15:13:59+08:00][info] [batchApiProcess] 地址 http://127.0.0.1:5068 处理 2 个任务
[2025-12-31T15:13:59+08:00][info] 发送任务{"batch":[{"action":"set_online","user_id":1012,"tdata_path":"\/www\/wwwroot\/tdata.tgbota.top\/public\/uploads\/admin\/202512\/695277bebf004\/85244966739\/tdata","proxy":"socks5:\/\/user-splmqynpf0-country-hk:9u6virjzTwd1PRZp4=@isp.decodo.com:10006","params":[],"tguser_id":"8268471203","first_name":null,"main_dc_id":5,"auth_key_hex":"442cda6604b59e1ecce963e0fe823ad31ee0f58faf16a236733d2ffe2cff82abf4ceaab42baa13b7edcc89157bd7bbc3f6ac6d7bfa02bbf92dd70d9be04741d0f9acb4742de5355b83fed7a24fe190cff807ea0162ff7c1414a1b08fcbedf9aec3eb04774386008a4987def501975c6440f5e20f03402251f3d412b1168339b6a39f93c4252e6a4a4f8ac3e8b690a42313050c767aeb9ca61d2948231c119fca06bfce28367c85ddf9643d3fbe2d46fbbb135f4e61f5234373b7b859aa6096b10bb93223a3eb59fbe664d5a70703c5707887c21c298082ca1994dc423e9b2098d0348a43f7a56f5daa66ec2ab128718de6ffaabc6da3e04275f7c4d551b928e7","assigned_port":5068,"assigned_host":"127.0.0.1"},{"action":"set_online","user_id":1297,"tdata_path":"\/www\/wwwroot\/tdata.tgbota.top\/public\/uploads\/admin\/202512\/695387359e84b\/8615207293942\/tdata","proxy":"socks5:\/\/user-splmqynpf0-country-jp:9u6virjzTwd1PRZp4=@isp.decodo.com:10060","params":[],"tguser_id":"8312443197","first_name":null,"main_dc_id":5,"auth_key_hex":"3b2c2dd439c8304a50af6478badcc4d15240176bf89459c9881b24689072a1db8d7ed9a05129c69b392398acc2a1d8f07e7495ea2d4fc3c983e4f705d26ed01b591a392a8aa52fda48d165771951df77d37c1a1d735a469d784c1d8a8e28cfe434e0a8ad9d5ee84717e7c98dc0652344250c930ab192c77ef4d2278edd41faf9669544723dbefc18e5f981cf761d2d85ffbe3b37965b690dc262111898f0a5ba992d2b0cf1c799b51b122f81cfe7744f360dd0a3c93be6a8d29befdfb30d98ea5af5353f526dece33ab5d53487bf63cc559c93979124ec1146a7be392e1d601aa9c508a9027190ee2c459a7c246b91ef57fd05a777b8ace1b5b21cfd50add5c7","assigned_port":5068,"assigned_host":"127.0.0.1"}]}
[2025-12-31T15:13:59+08:00][info] [callPythonApiAsync] 发送请求到 http://127.0.0.1:5068/telegram_action
[2025-12-31T15:13:59+08:00][info] [batchApiProcess] 地址 http://127.0.0.1:5040 处理 1 个任务
[2025-12-31T15:13:59+08:00][info] 发送任务{"batch":[{"action":"set_online","user_id":1079,"tdata_path":"\/www\/wwwroot\/tdata.tgbota.top\/public\/uploads\/admin\/202512\/6952870fadb7f\/85247158958\/tdata","proxy":"socks5:\/\/user-splmqynpf0-country-hk:9u6virjzTwd1PRZp4=@isp.decodo.com:10146","params":[],"tguser_id":"8400619507","first_name":null,"main_dc_id":5,"auth_key_hex":"4fc34ff74d41f35dc8f8915771832ecb28deb38a86e00c46ec39e13bc0ed8b6186001a117014c35123a046492775c396ef5ea5d67f83c6009cf2ccae85db3aa20077e5cb549e4a5e65da7dcc510c1dac354e22baeccea816531302690aa7eb16be7ff2721bbb461e4c5ee788d45182bdb2b1703990d54ed3de3f0f18fafcdd74f177ace889fd3c7bbbd1c770f4e78356de27aa00090a46067036babc88c6b545f025395f3a6f8a7d8669f0ac06e9ed87927c1bea9a9c13d3ba49e18d42ce654ad0161143799b5e098dc78dbddd0583def0b92e4c264392ebb4d1827951e6e6d85afd1c50687d6784d56e0441e3494cc70a92c6ccb76b3eeefa2c8f037a755e29","assigned_port":5040,"assigned_host":"127.0.0.1"}]}
[2025-12-31T15:13:59+08:00][info] [callPythonApiAsync] 发送请求到 http://127.0.0.1:5040/telegram_action
[2025-12-31T15:13:59+08:00][info] [batchApiProcess] 地址 http://127.0.0.1:5042 处理 1 个任务
[2025-12-31T15:13:59+08:00][info] 发送任务{"batch":[{"action":"set_online","user_id":1081,"tdata_path":"\/www\/wwwroot\/tdata.tgbota.top\/public\/uploads\/admin\/202512\/6952870fadb7f\/85296750973\/tdata","proxy":"socks5:\/\/user-splmqynpf0-country-hk:9u6virjzTwd1PRZp4=@isp.decodo.com:10145","params":[],"tguser_id":"8446284331","first_name":null,"main_dc_id":5,"auth_key_hex":"41be4795036f20ac735538b2585e8fa65b9ccdbd0d0cd4ecb412becce327be3f84fccdc3500a46097fd923680ac54f99e88e2903fb09b1997f3093a70b2efc86a059e09aaa448d4426fc86eda70f9f44b152cb465688e51a33b3bc03e83a75c0c054cfefb5eaae54c80056cc4ba50561b30a24df2265e74f6e4d6d90e136e3d1d74bac789374f5d7dcd0aa866bc48520cf111ea8130b7dc8330b2c2baa5055724ba43f1946ead41ce70b927a7f8fa916aeca0c1f4adf5348ddaeb700a233a18beea46dbad0d183ca47d2af637970d4b996ce7fd2997f5fa3c264cbcc20050a2191a9822b53085df2bb420a918c3d8206fe8150ff3cd1319144de755462af0a94","assigned_port":5042,"assigned_host":"127.0.0.1"}]}
[2025-12-31T15:13:59+08:00][info] [callPythonApiAsync] 发送请求到 http://127.0.0.1:5042/telegram_action
[2025-12-31T15:13:59+08:00][info] [batchApiProcess] 地址 http://127.0.0.1:5045 处理 2 个任务
[2025-12-31T15:13:59+08:00][info] 发送任务{"batch":[{"action":"set_online","user_id":1084,"tdata_path":"\/www\/wwwroot\/tdata.tgbota.top\/public\/uploads\/admin\/202512\/6952870fadb7f\/85296717601\/tdata","proxy":"socks5:\/\/user-splmqynpf0-country-hk:9u6virjzTwd1PRZp4=@isp.decodo.com:10142","params":[],"tguser_id":"8300479419","first_name":null,"main_dc_id":5,"auth_key_hex":"11fe260494c58c2193207a81f441ec3341e127ea5e99e48cb3b3f7269e3da0d08dbe5d678f2aaa99717f4858f172122392bde15bcce828b27dcf52a18950e69b73b743966eef542a1b76eda7dd8158f1f1ea70f7e59a4d508dd10064c375ebb3878b99437c5a070bc524416e2d428adbe17f8238cb5d28b9168d883e4fc4da7ec9e5cb31be6b0a8a1f6fe3c463ad4b694921840bd222f986235abcac75ddf56032098463d32891979ad2499cab0cb4b161729480db51b3741ddbbd270b77c7b50fbe625f59d229d39f7e0e13c295f7103be5013aed3d7fa6c5f01f25ab2fe4a54826ce92c87da64bb8c637bd11b5e6cc4bc7e3deea03bc706099ecead0d18ef9","assigned_port":5045,"assigned_host":"127.0.0.1"},{"action":"set_online","user_id":1179,"tdata_path":"\/www\/wwwroot\/tdata.tgbota.top\/public\/uploads\/admin\/202512\/6952870fadb7f\/85298323506\/tdata","proxy":"socks5:\/\/user-splmqynpf0-country-hk:9u6virjzTwd1PRZp4=@isp.decodo.com:10055","params":[],"tguser_id":"8271324715","first_name":null,"main_dc_id":5,"auth_key_hex":"b888c9b2516176f92b611da72c4d166643f78ba22e840ae96652082d30b0267b514df96fbcee7f35728957f265bb9d6be01eed7a65566e0c9eba99ff0ca3b3e3b81fc45f14245d607372700291d30a9a55b3bc52c7e0694d80f083f4639f5c7ebc698fb6ea291cc026afac81e18498d4d26d1164c967f03c0adc0ce606ca65cc3803b549ff0159495884346c317d812a00e30f13bed5d85b898439947cae434be67ddc21989c7c74098f163150703c533022fc23ed954b7d64f515bc0cb8fb6fd43bd221e490f6d771640ffc827fc7ce3ceee185aab35a7f9f56dd3deee8a4d4415ae8a021613c5c379994d6c5870c299b05b8cac3a950c09414796d5a9d9f26","assigned_port":5045,"assigned_host":"127.0.0.1"}]}
[2025-12-31T15:13:59+08:00][info] [callPythonApiAsync] 发送请求到 http://127.0.0.1:5045/telegram_action
[2025-12-31T15:13:59+08:00][info] [batchApiProcess] 地址 http://127.0.0.1:5052 处理 2 个任务
[2025-12-31T15:14:00+08:00][info] 发送任务{"batch":[{"action":"set_online","user_id":1091,"tdata_path":"\/www\/wwwroot\/tdata.tgbota.top\/public\/uploads\/admin\/202512\/6952870fadb7f\/85296757221\/tdata","proxy":"socks5:\/\/user-splmqynpf0-country-hk:9u6virjzTwd1PRZp4=@isp.decodo.com:10135","params":[],"tguser_id":"8513237843","first_name":null,"main_dc_id":5,"auth_key_hex":"26df51c96ae2074c6a01d508ee82ea3661be17f3b14dda20b01f07cabc958055e93d4beacb15e1ffb6d466756b756673fb42d78c0262660534ac6fa60bb7bd0afbb9a85c9318fcc13e436039155c25f7b407f2b25a1cf39e0aedcea09a94ff0826bacff2fae51b13d81aa24e5e99c64f461670e88618e8e9ab541002890358bb43b44f5f74f9ce3e151e6a2822f8bb3e03669b288df69b3897cd90cdb745c2f2195b077604853f0d8db66c81baeb990e65fdeeba8409c0aa59e36244f4be0148c5baead08bd8eff83c3c280ca307b51266251c8fe218c903efd1ba0d4fcf7fb28cd71314892cbc462eff2df09e4c20de7652839cc7fa970abd70722d2583fd21","assigned_port":5052,"assigned_host":"127.0.0.1"},{"action":"set_online","user_id":1281,"tdata_path":"\/www\/wwwroot\/tdata.tgbota.top\/public\/uploads\/admin\/202512\/695387359e84b\/8615178828504\/tdata","proxy":"socks5:\/\/user-splmqynpf0-country-jp:9u6virjzTwd1PRZp4=@isp.decodo.com:10076","params":[],"tguser_id":"8251645021","first_name":null,"main_dc_id":5,"auth_key_hex":"20c8b9aba4061f98183b746d4d72c23ca438ae9efd7c8383fa1ba9047db35432b1ea8995bb1a3fb428f44471cfa500067a81913f26d160e34692b67dd8f4825145a48d57784ab5b89c9fca17a1e93374ea990c81c803cd1a3aadd1816c971fe115d161379ec492e788025fcf9c17e0ccefff5613f45ffc997401c8fde8f7026734e30b9ed2ff98c817a65bb2b4612ba9d1342d4efb44632478b984b152488badbc17f406e0a2567c1ad3e92269edc6e6299b00cf014f412995331b05fdd8007bb7200a3989e17a435855b2cd21e86f1cafbe07bc2ab4b6a06dd230519ff80e0cd103a022a72a594fb8d1f4a80eb4dc51c9cae1ff31b2c149761ff6b0493d1c27","assigned_port":5052,"assigned_host":"127.0.0.1"}]}
[2025-12-31T15:14:00+08:00][info] [callPythonApiAsync] 发送请求到 http://127.0.0.1:5052/telegram_action
[2025-12-31T15:14:00+08:00][info] [batchApiProcess] 地址 http://127.0.0.1:5067 处理 2 个任务
[2025-12-31T15:14:00+08:00][info] 发送任务{"batch":[{"action":"set_online","user_id":1106,"tdata_path":"\/www\/wwwroot\/tdata.tgbota.top\/public\/uploads\/admin\/202512\/6952870fadb7f\/85296757284\/tdata","proxy":"socks5:\/\/user-splmqynpf0-country-hk:9u6virjzTwd1PRZp4=@isp.decodo.com:10120","params":[],"tguser_id":"8527728163","first_name":null,"main_dc_id":5,"auth_key_hex":"4999a8716b3faf6162c5ecd52d742d42df7bbc6940022f43d5172324cba56a676bdaaa028dbc720a30205712b706cf6036bd55ab4339f6229d473721e6e16d13c6b1640c248a39661023be1cbf1e2400b5693fd2f6e40ad308a9fe6d1b25e258c626c740af919d590a5b556222ad4c63688a3cbdf3633656800be1223afe24a4d392663b5a688dca73aa4a12f73ac7734df578454eb1f0f8ae35316d2f7e27bd110af3fde48b6d8aa82f450589251f7b4e5e9f0695bfabaa4b9355d75dc725a816456ec2673821c4994606d92585c12d3db2641388fb7fdbf4725e60746a88a2b380c7894abf1ce61a3a64553c88a85e3e47aa36294b9baf3d4222ca31e4d3d1","assigned_port":5067,"assigned_host":"127.0.0.1"},{"action":"set_online","user_id":1296,"tdata_path":"\/www\/wwwroot\/tdata.tgbota.top\/public\/uploads\/admin\/202512\/695387359e84b\/8615213111450\/tdata","proxy":"socks5:\/\/user-splmqynpf0-country-jp:9u6virjzTwd1PRZp4=@isp.decodo.com:10061","params":[],"tguser_id":"7686170276","first_name":null,"main_dc_id":5,"auth_key_hex":"2a5bba7bab16a7632060cc5ef04f49d5e66c727232a5014945cbdefd103783f4e978d68e04b8309fee33ad9b15892842faf474ca91540611d1b021519b82cebb8301f94579499f7ddca44fe84ed9d307403e3176c7e069a7e1bc37551ff17a8a519187e700bc2956d81fe8ed2454b6a2d81246951a23dccb94dc49c115d7aa92498b640e2500d0730d3006fd1f0bb55e05a74e69be5012295478065ab4c303d6402fc75377279e41284e3529f565a1257a1f9659b735c7941406512f363b879117642901ac90a989dd432d1ba31a9b9fd31c9710dceeb3c40952de4d631a18d5c72016c385b78f2d99ca6748cf77d34b2c5cb75a304557ac5f91b3f124c6f9ce","assigned_port":5067,"assigned_host":"127.0.0.1"}]}
[2025-12-31T15:14:00+08:00][info] [callPythonApiAsync] 发送请求到 http://127.0.0.1:5067/telegram_action
[2025-12-31T15:14:00+08:00][info] [batchApiProcess] 地址 http://127.0.0.1:5094 处理 2 个任务
[2025-12-31T15:14:00+08:00][info] 发送任务{"batch":[{"action":"set_online","user_id":1133,"tdata_path":"\/www\/wwwroot\/tdata.tgbota.top\/public\/uploads\/admin\/202512\/6952870fadb7f\/85298289231\/tdata","proxy":"socks5:\/\/user-splmqynpf0-country-hk:9u6virjzTwd1PRZp4=@isp.decodo.com:10099","params":[],"tguser_id":"8204466123","first_name":null,"main_dc_id":5,"auth_key_hex":"8d87808f38b44d918c3da37f71051d731d13199462bb0e5121c29396686a94a113567f47a64c00b05b81b50b44252acfbb88c1b42f0ed71f37cb062b8cabccfc35a53d915e2bdc91a8f18c4afdff8f90214f4f9d31fff3f8ce4b399c04284a298ed0352536c704b2af37b7834fc69a57e072162c593f2d7c34293bea5777e5cbed329c272862a398c9ae1b89cd3efd9956329e1f6ee766d9a8c84b36689604e5736c6b1f091f65d8abb291728beaef9951454f76ce6d2e78f285f34b4987442a1d1e12b8aa8f387ca73558329a97263027f7c3b0bc7aea2c5c8dccdd1b63b2f3a0b9700d3dc755e0bd5251218b1d955c2dafeca278e4c2599280cb2cc5d8f130","assigned_port":5094,"assigned_host":"127.0.0.1"},{"action":"set_online","user_id":1323,"tdata_path":"\/www\/wwwroot\/tdata.tgbota.top\/public\/uploads\/admin\/202512\/695387359e84b\/8615213128221\/tdata","proxy":"socks5:\/\/user-splmqynpf0-country-jp:9u6virjzTwd1PRZp4=@isp.decodo.com:10034","params":[],"tguser_id":"8210888458","first_name":null,"main_dc_id":5,"auth_key_hex":"9e412b041e0ad9a122d1e76394713e30edaf628eec6c5bca11d7d8d29b1a060b4ee2f57981b0c7ba836178ef0ad891cbdb624b8428dfcebf98d13ad6311f9cb14f9c28e7e7bd83c737b0fe9ae9960ca573a6cbdae701b200f5588e3f2b408f763ad20f862e334c49a8a0e61cc0de30f3cbb762ce313c9df2b46690217b1ef9e9e06fd62cfc415ff4b542442f5afae323391324b50e625e0387829cb2964c0fbe33ea9e1a350498f91a3b1c0307d7e3ca253a7d06a6f795f9d0b29e6a40f1baabed5e1024913e72a6436df57f5626b026a03b1961e6e9685c9fce5f0c1593c683338a6c9737f0ed1029cb4fd8c8dab4374cee7bff0fb667ac312880230b06e70f","assigned_port":5094,"assigned_host":"127.0.0.1"}]}
[2025-12-31T15:14:00+08:00][info] [callPythonApiAsync] 发送请求到 http://127.0.0.1:5094/telegram_action
[2025-12-31T15:14:00+08:00][info] [batchApiProcess] 地址 http://127.0.0.1:5013 处理 1 个任务
[2025-12-31T15:14:00+08:00][info] 发送任务{"batch":[{"action":"set_online","user_id":1147,"tdata_path":"\/www\/wwwroot\/tdata.tgbota.top\/public\/uploads\/admin\/202512\/6952870fadb7f\/85296732357\/tdata","proxy":"socks5:\/\/user-splmqynpf0-country-hk:9u6virjzTwd1PRZp4=@isp.decodo.com:10086","params":[],"tguser_id":"8247806507","first_name":null,"main_dc_id":5,"auth_key_hex":"12ba4a9a6821991adcbad99a3675f59fd629ef96766856050ec756491e39821865fa90bbc203338b271d1556fbbea405ef431950e5fa4978bab22ff2317f89dc069e890d05a839f74a6d06307aeb11a5fbfa534a761a9e44c7dcaf771235d0059109fa59cf629c415cb2c6cce7ae84639ab79c1b2a88c61c4ac838dab4565d6e84dbb03ad6caed030fd57af5cf398c4877d2ebc669e7f12a48d0158da0b8f610e59342828c821bf591503066944913fa20e9ea0db9338b4e11372b3f6616486485913a3fb7f4e9a6e88e2091dea2f4556d7feeed860e1c8769f9d4d1ae0bc7393c5ecfaa173409bf909bda26a476e588d9c1a6117d5f1cb17dfbba4b1f4a462d","assigned_port":5013,"assigned_host":"127.0.0.1"}]}
[2025-12-31T15:14:00+08:00][info] [callPythonApiAsync] 发送请求到 http://127.0.0.1:5013/telegram_action
[2025-12-31T15:14:00+08:00][info] [batchApiProcess] 地址 http://127.0.0.1:5033 处理 1 个任务
[2025-12-31T15:14:00+08:00][info] 发送任务{"batch":[{"action":"set_online","user_id":1167,"tdata_path":"\/www\/wwwroot\/tdata.tgbota.top\/public\/uploads\/admin\/202512\/6952870fadb7f\/85297408028\/tdata","proxy":"socks5:\/\/user-splmqynpf0-country-hk:9u6virjzTwd1PRZp4=@isp.decodo.com:10066","params":[],"tguser_id":"8421226027","first_name":null,"main_dc_id":5,"auth_key_hex":"45ba72fb48e38bd814756570b4e445a521051ce461b2d55154985f20e79ddb94fcd0e18122987daec070cb98ed459e1e750964f5e9aaa900aeed12ef75355f097f0942368629f2a074f2855ba5ff39478929106160e3b669cd7f801d6f5e6ad9bbb17329c97d18c15d14a6e5e570815335bf5933b44ba51ed229b5f178316013cc4752da98e2533ea8769074e1b6c7087bbbcab942015e9aabd76872bbe68a5fa14da26a6b6541b104dd15db46899d4e9d69d398556d82e33e2b99017c29bb9f2acf6d549cd757fcf6c1ab0b92455f558b346430d73e3d2349bde3a6b7af777d71f9b9bd20d862d3cb1b9d71782d87bcfec8413a1de43d0bfa068e024e4efb88","assigned_port":5033,"assigned_host":"127.0.0.1"}]}
[2025-12-31T15:14:00+08:00][info] [callPythonApiAsync] 发送请求到 http://127.0.0.1:5033/telegram_action
[2025-12-31T15:14:00+08:00][info] [batchApiProcess] 地址 http://127.0.0.1:5041 处理 1 个任务
[2025-12-31T15:14:00+08:00][info] 发送任务{"batch":[{"action":"set_online","user_id":1175,"tdata_path":"\/www\/wwwroot\/tdata.tgbota.top\/public\/uploads\/admin\/202512\/6952870fadb7f\/85298387635\/tdata","proxy":"socks5:\/\/user-splmqynpf0-country-hk:9u6virjzTwd1PRZp4=@isp.decodo.com:10059","params":[],"tguser_id":"8456250779","first_name":null,"main_dc_id":5,"auth_key_hex":"887c79a40682b74e814808a87c902689825782964c5f232a0f85ab40ec5476ab7b42d13c5454d94c4a0086e3e2a75165884d1924079005c95ac004b0ddc4b09e1fbe659ae968966e1d70a3ba13323ae7f15eee2d2d31bb06ebd40b70eccc6abc05f99a350fd6600b594011f303dd7a7a103139282aa74d910ed8a232c13bc5d4f143b0e21068e5d0778487051b7bfb7cd8319cd53e93bb730dcc31771a6695c64323afc0fa20aaab538c4eb3fe5a33db3bdca10b68b464b65c1bc3cc161db68895864d8e48490b00a3ccc69636b33dff9cd16ff097ea3d3540dc9c9e7bdc9858574488e0a0c9996336f6c5c6ffb556e17c015b52fd22befafcc63c94a2d16186","assigned_port":5041,"assigned_host":"127.0.0.1"}]}
[2025-12-31T15:14:00+08:00][info] [callPythonApiAsync] 发送请求到 http://127.0.0.1:5041/telegram_action
[2025-12-31T15:14:00+08:00][info] [batchApiProcess] 地址 http://127.0.0.1:5055 处理 2 个任务
[2025-12-31T15:14:00+08:00][info] 发送任务{"batch":[{"action":"set_online","user_id":1189,"tdata_path":"\/www\/wwwroot\/tdata.tgbota.top\/public\/uploads\/admin\/202512\/6952870fadb7f\/85296765120\/tdata","proxy":"socks5:\/\/user-splmqynpf0-country-hk:9u6virjzTwd1PRZp4=@isp.decodo.com:10045","params":[],"tguser_id":"8191190211","first_name":null,"main_dc_id":5,"auth_key_hex":"4dea97206bfe639cf499ecb30a30959fe1227ef1434f5aafe238c06f49e3ffd29a7b0e626af4bb2cb8457a0595c32939c050a5e7088df7d5e116b8a77d5b9643a52dd27f66e135d131ff46636bb379e46d894432f136241c14d22c8988edcf5bda825b14ef7512c779701c51ae981ef0c4fde74927a2adff3d2cf1fd06086a6e7b28a871f630f362d459044884826c8b423a2cfd7a0af32ae1cdb87fd7115e5a5325413ce006c5146956fe1a99d20b25a5e50549b3b22a6d778888d0658d02b5c92b1ca1b50abb2988d65f3298370e3d66e091b1467c288ade49077844ab9f12bb2b43b39ac82d378efba4c27164ec05e87eff070c082fb4ac0c817f61c942ce","assigned_port":5055,"assigned_host":"127.0.0.1"},{"action":"set_online","user_id":1284,"tdata_path":"\/www\/wwwroot\/tdata.tgbota.top\/public\/uploads\/admin\/202512\/695387359e84b\/8615178828137\/tdata","proxy":"socks5:\/\/user-splmqynpf0-country-jp:9u6virjzTwd1PRZp4=@isp.decodo.com:10073","params":[],"tguser_id":"8444556666","first_name":null,"main_dc_id":5,"auth_key_hex":"b040a874c0d122b2747f5a1b889a5aca729d85b4dd27a9cb5cfad81c2985e8df8600e754c999233d2173f8fc2bca7f70dd3548f532a5dc5ac3107f35bad5e4d7fbf5b52ca7ec4759f0e4383d5a0c874cd288bc591217c250c1b69697422a5746d79622497660081244d06e36525ff6119c8a31d384e9e0ee718bf89c2dd079a4577344a3a3b067e6a0e09c0d9068d678dcb108f112ad6253184b75de581bb7dbda808ce03adcf1369d17eec88a95aebde3408aeffe6cb8495c335b51f4e7f1ebbdcf96d197be4ef6c86cc325f7efa4bd0dd36db0e10c03e89995482ef8e7ece3cb3c109bad07bacf984c43c9d109604daea21bda306e999454b5f81dbea55edb","assigned_port":5055,"assigned_host":"127.0.0.1"}]}
[2025-12-31T15:14:00+08:00][info] [callPythonApiAsync] 发送请求到 http://127.0.0.1:5055/telegram_action
[2025-12-31T15:14:00+08:00][info] [batchApiProcess] 地址 http://127.0.0.1:5056 处理 2 个任务
[2025-12-31T15:14:00+08:00][info] 发送任务{"batch":[{"action":"set_online","user_id":1190,"tdata_path":"\/www\/wwwroot\/tdata.tgbota.top\/public\/uploads\/admin\/202512\/6952870fadb7f\/85298334597\/tdata","proxy":"socks5:\/\/user-splmqynpf0-country-hk:9u6virjzTwd1PRZp4=@isp.decodo.com:10044","params":[],"tguser_id":"8408103171","first_name":null,"main_dc_id":5,"auth_key_hex":"9e625ea8d8e1990df6a1fd95eaa4db6a406b0203002712b23da769d31be52ebb0374ce561f2bfb298c5bca4fe8390172b700896303228c45b53adbd32d810225e4ae9b7343cb0425d1cabf42a03205dcf3dc0fb69b2fb45435be06888b08c3295b9cbfc9a5da00834b528567bcb2e1dc04e08568a6afa206bc1152af1f55ca569a44b7a7c03893be5cfb6707aff80ab2f8de0b5ab74a8a4bfb502a063d5d7192741ed16474a9b083bce5c6da79d7f8db4135b68314a33ba60c4ee5c74f903a3a58dcd4589454a0ad3faef3c03c94c39f6cde6553945ee1d6fc10c6f6eed00da587967eefaa7749b60360e32d274b0cd6564f3a2d5704a220abe9fee541ee875a","assigned_port":5056,"assigned_host":"127.0.0.1"},{"action":"set_online","user_id":1285,"tdata_path":"\/www\/wwwroot\/tdata.tgbota.top\/public\/uploads\/admin\/202512\/695387359e84b\/8615213104315\/tdata","proxy":"socks5:\/\/user-splmqynpf0-country-jp:9u6virjzTwd1PRZp4=@isp.decodo.com:10072","params":[],"tguser_id":"8077456681","first_name":null,"main_dc_id":5,"auth_key_hex":"4fa2014a521ddf1404a492b740cd2b23b988a514402766e40a078fd5f32a0df25366c7c4f240f0910f8fc8e01f5c79f94adac77190c22a3f2aec8d88ba1dc53a4c3ac206b2c3a3202634e29d4f036cee4d64786d55e83e3aef7e2675f16644f7fd9b33a68ff19adcb5fadf7d52804ef6c0f4d01d30628bec31df046be711ac7294723abcdf07fb35e729f1edcbc288439b9d4c5df4d058c99536ff4d1d0ae7b66e1e9df7e3f96e9c3fee7d7dfc0f28a2d93a3c11125de51ef3d7d8fcaed6d841bf364348db72e31973369e835deed35474a3ecef2e91d7c63f61db76f7b8cba525f1610affe434ab8d1ad7b67c03259a0ba0d27130e10471090dc0b06ed2eaba","assigned_port":5056,"assigned_host":"127.0.0.1"}]}
[2025-12-31T15:14:00+08:00][info] [callPythonApiAsync] 发送请求到 http://127.0.0.1:5056/telegram_action
[2025-12-31T15:14:00+08:00][info] [batchApiProcess] 地址 http://127.0.0.1:5057 处理 2 个任务
[2025-12-31T15:14:00+08:00][info] 发送任务{"batch":[{"action":"set_online","user_id":1191,"tdata_path":"\/www\/wwwroot\/tdata.tgbota.top\/public\/uploads\/admin\/202512\/6952870fadb7f\/85298314609\/tdata","proxy":"socks5:\/\/user-splmqynpf0-country-hk:9u6virjzTwd1PRZp4=@isp.decodo.com:10043","params":[],"tguser_id":"8238034451","first_name":null,"main_dc_id":5,"auth_key_hex":"4bff99df0e2aaa5575818f686a6c73caaa712e2874516860674fbcb4cdea208c4016f584e1220bf8ad8f208aa3ecbfb90f296f89266ff9f5bb8b88b5dba69eb1f0bbb585ec65f0bad1e493587a08a77cbd6d3390d428f3e6a4663ad7f3f80e0ea08d679a901350cf754ec2e229e9ad8d06330f864044540c3ed896ef6aa01a050d6c1dd86c7aae923930795f182919ed3b728707547baa9caafd867fa29b414f34d5135fa8f27b90536072c7a36fb0d16058d7eb793d7b9517da39718d7db929d583882fbdb9235ed51369ce98087f2a2161190839580dd3da0f8f9936fa1f9b8f8a1dfe42e40a42788a8eef7e19b524f0065f0b404ef6eb2d12ac19bb8e7b69","assigned_port":5057,"assigned_host":"127.0.0.1"},{"action":"set_online","user_id":1286,"tdata_path":"\/www\/wwwroot\/tdata.tgbota.top\/public\/uploads\/admin\/202512\/695387359e84b\/8615178891370\/tdata","proxy":"socks5:\/\/user-splmqynpf0-country-jp:9u6virjzTwd1PRZp4=@isp.decodo.com:10071","params":[],"tguser_id":"8312655669","first_name":null,"main_dc_id":5,"auth_key_hex":"20fffe4d6bd5c1e735337fe00a335f10730b35f7ad4c2b11658b292fa97d9edf04d0eff0965d652fe0c9592f96b1bcb29d7ec6eaf52fd532cdac08924e0cbb32bcf5a83303c3479348d25b01c6d20516de62a1e17fd73238e65ce018431ffcd3cee44cc4e5fc87fe15cb51d11b26909f50685eed20d5b538505f97c18137f1dba10ed3f5da9697b51860d0364a4b412ce9b978b855175c352b15fea1d82e4c65d5bdfc30d2e1b11aad4b176153c46b9e01dd60acb9acd2f0741d98f8feb99e285e4c72d5e386aa3d0387bee84cd27b409012b6300968a2c357bfc3c673d0e962615e2656d6d21b2a519f6de538b49c9f6aa1ae898d6b4db89cf961112c609041","assigned_port":5057,"assigned_host":"127.0.0.1"}]}
[2025-12-31T15:14:00+08:00][info] [callPythonApiAsync] 发送请求到 http://127.0.0.1:5057/telegram_action
[2025-12-31T15:14:00+08:00][info] [batchApiProcess] 地址 http://127.0.0.1:5074 处理 2 个任务
[2025-12-31T15:14:00+08:00][info] 发送任务{"batch":[{"action":"set_online","user_id":1208,"tdata_path":"\/www\/wwwroot\/tdata.tgbota.top\/public\/uploads\/admin\/202512\/6952870fadb7f\/85298116407\/tdata","proxy":"socks5:\/\/user-splmqynpf0-country-hk:9u6virjzTwd1PRZp4=@isp.decodo.com:10025","params":[],"tguser_id":"8519442531","first_name":null,"main_dc_id":5,"auth_key_hex":"072fc9ae179de8664abdad57e896344ae6b22cf7c00c0caf815f8e08f6923992e2ba31c4df11eb3805bf58e1b85d7b8c4c843ccf6a1e84dc9b3c2003b6d8dde6efea6e68fa573c776c5c9a5476c41351a22ca9a973671c335cdad0e4962af74f2a5c19d9eeef822a2afacd509981198c3f56ae0a572f5e49d59e58b09b3b7b854151a64849f96b4f4264f892ae5c97a1a411c42c855cdb2c86122087c86605e6c72c33d0cee3f3331eefe24d110e8252db99a37ed3d9229a0eba4d26d045bc45f27d9c2f80b168b59da9edf46aa272d46aa11606e5f6a44ac93de06f29344cf7c6e079dbb37027f562304384d254e45200c211823dcb12ff701fedffe0c5c0ff","assigned_port":5074,"assigned_host":"127.0.0.1"},{"action":"set_online","user_id":1303,"tdata_path":"\/www\/wwwroot\/tdata.tgbota.top\/public\/uploads\/admin\/202512\/695387359e84b\/8615178816940\/tdata","proxy":"socks5:\/\/user-splmqynpf0-country-jp:9u6virjzTwd1PRZp4=@isp.decodo.com:10054","params":[],"tguser_id":"7973968858","first_name":null,"main_dc_id":5,"auth_key_hex":"5c883f1a31e036f33d60f9fe21d3c0631c905ab08cdc600599349df400b9de7c6811bcf740880f2e3c7819d14f71bb39e241c2d23e2ee41687624181c7f0d6145fb98e3a5c3fd11a78c267f654474cc371e4fe28ff84f01509c4ea32875fdbdfc7ae750f8374667e9437de54e423d5370065b6bcd6dd6fc12cc2aeda316eb6953966ae93947abd25ee86f885c89927c56003b1ce0c75a3dacbbf3a6d16e398ade0e63c263659a2b0333e2968d037a07d68f937bdcb6eb3c0eb5297deb95b7571d9d52d0fedc8f435f82844171d80fad8ee461bd10ba0a285854320c4ce896a676ba0c2243ffd4b63c9f4af865949d4f26687ace70c8010bc5310c2402b22b9a7","assigned_port":5074,"assigned_host":"127.0.0.1"}]}
[2025-12-31T15:14:00+08:00][info] [callPythonApiAsync] 发送请求到 http://127.0.0.1:5074/telegram_action
[2025-12-31T15:14:00+08:00][info] [batchApiProcess] 地址 http://127.0.0.1:5077 处理 2 个任务
[2025-12-31T15:14:00+08:00][info] 发送任务{"batch":[{"action":"set_online","user_id":1211,"tdata_path":"\/www\/wwwroot\/tdata.tgbota.top\/public\/uploads\/admin\/202512\/6952870fadb7f\/85296744157\/tdata","proxy":"socks5:\/\/user-splmqynpf0-country-hk:9u6virjzTwd1PRZp4=@isp.decodo.com:10022","params":[],"tguser_id":"8528128011","first_name":null,"main_dc_id":5,"auth_key_hex":"81fe2123791a74b8e9a74b94a46b07390d2b5d2f6c50c40761cbed7649da9d995ebb56c4d8718db5b536063743386ff08983e36cd204f120aef9669c78ebeae0d9f0f8c7cc9b96956166fc89a79c269ebdfe3dd264257bd12d4afddcb2a6f8b9ba8d3b223cb94c3a27c2f83fe737b7b8294f16f4485e9032e095abd100730e9066da8ad524460a8cd306f7e0ea364b1f984d56b4c156c0dd263c86de349743c9d9ea3bd5eb8bf97520f5b69c0815ca57ec3ab50ea3be7d3c2f04d369845a2f387a9af10d58d0dec90c3ab0c5a81cb90a35baa724bb0840f0e052420b32d86f0cd1ccbd7d20d5ec08440a7c9707254ba8ca2d6ce190ec240ae9286a62780cab7c","assigned_port":5077,"assigned_host":"127.0.0.1"},{"action":"set_online","user_id":1306,"tdata_path":"\/www\/wwwroot\/tdata.tgbota.top\/public\/uploads\/admin\/202512\/695387359e84b\/8615211864541\/tdata","proxy":"socks5:\/\/user-splmqynpf0-country-jp:9u6virjzTwd1PRZp4=@isp.decodo.com:10051","params":[],"tguser_id":"8070129982","first_name":null,"main_dc_id":5,"auth_key_hex":"768d0141ca2ca6b774635840e5b59295544c5211ad0d2680f5b48407ce149fbd6b51d096b328486e1aecfb337d7217e815d0bb0cdd3ec2246fb1b4ebddb5cfe00c0337d1e7d2fe002a3f30cf921c3e1e511d9ce5b7f430a646a20da5006c409e0e57aba0f12a19903e9a6e36893ef9fbf62f61d69852e14eb91e178d82826f2760a08b31303592ed93da5c5a8259d1c98acbea668c515fc471d9e284eaa785d6819f71565157d35eb8569721e618dc033bd8c69aedccf1f1505926e389fbff6d7a7e5f0799f6d2e9418a42713b19c6ad3a30803310fb5a86df7c79554a9eab0277e5e5d0f5b50114e4265b1b448d0ffeb1d75b525abe93ee8f2724be18fa4582","assigned_port":5077,"assigned_host":"127.0.0.1"}]}
[2025-12-31T15:14:00+08:00][info] [callPythonApiAsync] 发送请求到 http://127.0.0.1:5077/telegram_action
[2025-12-31T15:14:00+08:00][info] [batchApiProcess] 地址 http://127.0.0.1:5080 处理 2 个任务
[2025-12-31T15:14:00+08:00][info] 发送任务{"batch":[{"action":"set_online","user_id":1214,"tdata_path":"\/www\/wwwroot\/tdata.tgbota.top\/public\/uploads\/admin\/202512\/6952870fadb7f\/85247526942\/tdata","proxy":"socks5:\/\/user-splmqynpf0-country-hk:9u6virjzTwd1PRZp4=@isp.decodo.com:10019","params":[],"tguser_id":"8266106867","first_name":null,"main_dc_id":5,"auth_key_hex":"73503613b724521119aadb9c8ff2478ec63a2d5c8d8ab908d09bd5209cfca95f9f54a1f2173d3d5b7fbe63be3fa7644439182038d64b4c5ae1ae978174def5c8d0624066a78046eed16f786c46be5d9a47bc2cd810a0816a07667daca2642b18885478fc49253b9b720576b67c2eb26c894f74abb755c81bbeba582493be0d8d9cff50e1fb23838f3f59c165a489a50e9002c4b22920a5fd3ed743cabeda3e83281267b7035eb0f7dac3ea217c64d7ad766bf51aad12bf393a320a95d6f53d5cbd7da3ac8385cb50b29b6bf9303a355d257beb24b7fc0a52571ff8b62a938f5766b83bccde0ea7b80bb6e913c3719a80eba8dc819bfd9c4b8fc31b9fc21eb42c","assigned_port":5080,"assigned_host":"127.0.0.1"},{"action":"set_online","user_id":1309,"tdata_path":"\/www\/wwwroot\/tdata.tgbota.top\/public\/uploads\/admin\/202512\/695387359e84b\/8615178936432\/tdata","proxy":"socks5:\/\/user-splmqynpf0-country-jp:9u6virjzTwd1PRZp4=@isp.decodo.com:10048","params":[],"tguser_id":"8395014097","first_name":null,"main_dc_id":5,"auth_key_hex":"c00df0566bd7b82ad4461b19fcd00a766ecb141dd13ae999541a94317fc542d9ba71fb720a2f56c05aff5b9ab1bd2557dbd72099f202ba99f0e7d96f230d67bd6c22a78e31c933647eec81d8f3a2ce5365f6f8399d9f743ecfc87b5364719d8f5cafb5a9daefc40248c438f92e4333e27c831fdab8e48d8ccef75a82b6e210bcb5752f354327301fc0033b87cca91ccc0610d89cdf761e9c61a30322a3868a97f9240f4149f5eb14885e36ea425d8b1c25ac89d237bb43a7654caa1b9c76876bc36fa2dfe8e674bd0d041640cdf947a542e6ef91b38feeacd589bc73a6ef99a7286b89039f93557467433187e5f65e222ed3b5fd24b0fb906c70643b3c98445b","assigned_port":5080,"assigned_host":"127.0.0.1"}]}
[2025-12-31T15:14:00+08:00][info] [callPythonApiAsync] 发送请求到 http://127.0.0.1:5080/telegram_action
[2025-12-31T15:14:00+08:00][info] [batchApiProcess] 地址 http://127.0.0.1:5086 处理 2 个任务
[2025-12-31T15:14:00+08:00][info] 发送任务{"batch":[{"action":"set_online","user_id":1220,"tdata_path":"\/www\/wwwroot\/tdata.tgbota.top\/public\/uploads\/admin\/202512\/6952870fadb7f\/85297437936\/tdata","proxy":"socks5:\/\/user-splmqynpf0-country-hk:9u6virjzTwd1PRZp4=@isp.decodo.com:10013","params":[],"tguser_id":"8298164955","first_name":null,"main_dc_id":5,"auth_key_hex":"a9b913853abb85dad1be60dc266dcf451a99c8eeaee07766ad19a5f0b7565b7308292c96e6766be4b2019b054ba92ed8e8193d762a5e682a4e110b0163affea7b3f328a073ebba6f7e696520c938fe94d3f833c0352ddb4ceabfcf9d2c291580663ec2490a6f9f244620d08f35e7267dde82f82cb5d7c604deefcf29c9c56dcb2d29c7f79460ceb8d90019fca6323c40f500115a8d93b463d593aebee0658832bc8eed3e5be42ee52805b2fc72f58c3cd6485ca909cc9b214ada755ccfca452e659fb362b877ba38173126bd7e6329132d0b42f02c42558d13a76a3dd5a6f2b0d804e1bf831e76b2fac2b7998b78aae99d2dce10dee36ec53b2b87ccd9275533","assigned_port":5086,"assigned_host":"127.0.0.1"},{"action":"set_online","user_id":1315,"tdata_path":"\/www\/wwwroot\/tdata.tgbota.top\/public\/uploads\/admin\/202512\/695387359e84b\/8615211854303\/tdata","proxy":"socks5:\/\/user-splmqynpf0-country-jp:9u6virjzTwd1PRZp4=@isp.decodo.com:10042","params":[],"tguser_id":"8382811331","first_name":null,"main_dc_id":5,"auth_key_hex":"909980b7153df6ac542d38cd9e93d8abdf4110e1206c70fc3b37e9202689ccb55f41fc1064ae66e49bf120d4ba36797c6cee831e6ecc788532d780bdb710c3b308e3173cd4ff225eeaf96a03cf366ac68b999de1b3cd696ed976f3cb416ff91bbfc3129d424ba7933bd8e924a69fea31771c3d6b20a90d7c87babb94d3ecd7637ec6ada55b1edee3d2ac8da8f50c76244c15357243215afd3b9a23cb88e31f85b6cfad06e05bcc4563dd25a8d793f9cbde2a718ca5b6d7409901caa73dcbed05258cb02f034eb2d6bf2a8469161a2d5843c8178431d1c67ca01666d5944ec02c4d168b58aaa189f9837d257b4e936ad267febf2707636c22aed685992c173d57","assigned_port":5086,"assigned_host":"127.0.0.1"}]}
[2025-12-31T15:14:00+08:00][info] [callPythonApiAsync] 发送请求到 http://127.0.0.1:5086/telegram_action
[2025-12-31T15:14:00+08:00][info] [batchApiProcess] 地址 http://127.0.0.1:5092 处理 2 个任务
[2025-12-31T15:14:00+08:00][info] 发送任务{"batch":[{"action":"set_online","user_id":1226,"tdata_path":"\/www\/wwwroot\/tdata.tgbota.top\/public\/uploads\/admin\/202512\/6952870fadb7f\/85297502947\/tdata","proxy":"socks5:\/\/user-splmqynpf0-country-hk:9u6virjzTwd1PRZp4=@isp.decodo.com:10007","params":[],"tguser_id":"8591130907","first_name":null,"main_dc_id":5,"auth_key_hex":"8794a9a2c3c26d46c601e03347209819fbb86d75ad63ffea018f055d814194d58298e99b7f44268cba10afe540aa46dc84c79fc0f0121627f1138109d639a02ec6898213b1c9dac8425034755a2418d15b7a5118305a11d04f70487b7d41919564609f893f11e620399cf329cd84418c3f839db09bd0267114b15c5e4c974ee60f953f47380bfbddb061fa4c28405fc1ee2b574deb1e1d3c8c4199befe90d932447b563bc70c9e75224de2cca7eb696c944f91e067f736eba269ab0505b446d566bc1f7f7ce61e9523cadc1e447692f870714cb06cebf8915c1ad328920925cca30294d99e5fd352ceecd6829f467d7c15aa2d6fc620c5ed39301b29bd2fa233","assigned_port":5092,"assigned_host":"127.0.0.1"},{"action":"set_online","user_id":1321,"tdata_path":"\/www\/wwwroot\/tdata.tgbota.top\/public\/uploads\/admin\/202512\/695387359e84b\/8615213104024\/tdata","proxy":"socks5:\/\/user-splmqynpf0-country-jp:9u6virjzTwd1PRZp4=@isp.decodo.com:10036","params":[],"tguser_id":"8365300117","first_name":null,"main_dc_id":5,"auth_key_hex":"0ef77a90b642cbc0e64f229292ce58b67dc2cbcc6b355ad1a62f41b9a361c42c22e38207b85dfd1e95d168ab012afab32032568f74fe8e5afb82daee8b94092252dc6ed1735aedfe7d8c4a4d34453a519a52323e8bfb819c05dfe4d7f8d7856073a4aa87803257f98f2df23e366d3673ca96529f1f7eeb51554915a2fc9673c4db6691bd16d9472f47773833d59892111330a5071f8d44b5b1020d5cb32e301a13f471451fbe5053a81a702d4437801d6739c2a7a8690edef42515b441e913fca04a47211340bc40cbbf33d14010ba41ae9eedd1790d2b75f1cb7d2f916831111a1a986daba4f63aacca2f1c39779a4593d91029a9c9e2e8f722ecabc2f34e81","assigned_port":5092,"assigned_host":"127.0.0.1"}]}
[2025-12-31T15:14:00+08:00][info] [callPythonApiAsync] 发送请求到 http://127.0.0.1:5092/telegram_action
[2025-12-31T15:14:00+08:00][info] [batchApiProcess] 地址 http://127.0.0.1:5048 处理 1 个任务
[2025-12-31T15:14:00+08:00][info] 发送任务{"batch":[{"action":"set_online","user_id":1277,"tdata_path":"\/www\/wwwroot\/tdata.tgbota.top\/public\/uploads\/admin\/202512\/695387359e84b\/8615213109327\/tdata","proxy":"socks5:\/\/user-splmqynpf0-country-jp:9u6virjzTwd1PRZp4=@isp.decodo.com:10080","params":[],"tguser_id":"8240395408","first_name":null,"main_dc_id":5,"auth_key_hex":"3e252718c7a7a717ff61da7e1b984051c669448d03ed2e202f72cfed97edef4596657e70c6ea46d3aef6e498257a283bb1e931f4c1577e83a1fd5b9f94f44707b60228fd33613c2b6de2aa9a369345bf525031887e5b6d4451f788a6e9b9139aa3d3974097169a9c77ce24ae907c1d51ca9da4253bf0230e4db4a17774fee3ab8c1a7194e8f95c5701b6810f34bcdf6a32d733d5155897a0d27443af1df57d00ecb9bc70ee3f73feacfd19295899a4e32adc87e78e89ff785c3d21d171dcae42a09f6ae541cdacee351628f13b978b3c415a3c95cc356c6f5c22ea259f5a85db0c2055ff580e411a457469e0edc6ca7fe0359bb05177f4ce620bff924e996556","assigned_port":5048,"assigned_host":"127.0.0.1"}]}
[2025-12-31T15:14:00+08:00][info] [callPythonApiAsync] 发送请求到 http://127.0.0.1:5048/telegram_action
[2025-12-31T15:14:00+08:00][info] [batchApiProcess] 地址 http://127.0.0.1:5049 处理 1 个任务
[2025-12-31T15:14:00+08:00][info] 发送任务{"batch":[{"action":"set_online","user_id":1278,"tdata_path":"\/www\/wwwroot\/tdata.tgbota.top\/public\/uploads\/admin\/202512\/695387359e84b\/8615211852301\/tdata","proxy":"socks5:\/\/user-splmqynpf0-country-jp:9u6virjzTwd1PRZp4=@isp.decodo.com:10079","params":[],"tguser_id":"8471501880","first_name":null,"main_dc_id":5,"auth_key_hex":"1d9d2758d5462a4abb0ce1c8417877ef4d37eb58404c1a24f60f5b3129c9bf88af4027018ed3d152acc6c9d345b0e164ce5880a3a92f41ab7e76f68fe986dcb08ce509154b27a54475d35b2f08256abc22342797436eb033067e4bfaa1374f5409af41361c5d050df009aea13c6c5830183fde45063ac9d684394632290c9ef65585e00aa61075a4a0a43098c073042db756f70e8397a596c58ba69189352d8709733845166ae541df920a28fb890c935b3f63ddfa0238072029bd79f0e4dc6fb4b43def9852815df11d881bdab0189068170bd9659ca9d8fda767afe26951381165ba90d80f858d5a218d7bed1de6e0951e200d1848a25e5909452af27486e7","assigned_port":5049,"assigned_host":"127.0.0.1"}]}
[2025-12-31T15:14:00+08:00][info] [callPythonApiAsync] 发送请求到 http://127.0.0.1:5049/telegram_action
[2025-12-31T15:14:00+08:00][info] [batchApiProcess] 地址 http://127.0.0.1:5050 处理 1 个任务
[2025-12-31T15:14:00+08:00][info] 发送任务{"batch":[{"action":"set_online","user_id":1279,"tdata_path":"\/www\/wwwroot\/tdata.tgbota.top\/public\/uploads\/admin\/202512\/695387359e84b\/8615178844163\/tdata","proxy":"socks5:\/\/user-splmqynpf0-country-jp:9u6virjzTwd1PRZp4=@isp.decodo.com:10078","params":[],"tguser_id":"8464730439","first_name":null,"main_dc_id":5,"auth_key_hex":"ab6fcf9d2c9b0d8f06b5526f2bc16500c94aa29fbfa260a796d73fbde954ad22c32391d039ee9b36422e7db353df8e12184c1b3e40f1264b71936d5838bd78e218e608c19e855e84c42a42655b6d8dfbf0348e3e453caceb596ea405b4bf856c11f966d69a7d6c1c92ce8235c940080c43f20869b49268c6243d509db3eb7a19bffa7aac6a32343bd1f840748f0fae5d3d0077c0e5f00e6822d915cd3da42b155ec95269daccaaf19ebe427bf2f40f7aa044bab9ee939dd6e161831579cabd9427562f933afba25c2a7434d97fec523693f10bcb72359b444456bd6e6841b7f20fcb8be2ef1504f63c1af5ae4bcee21d552ac791fb8b992bdd1a30d7cf90a989","assigned_port":5050,"assigned_host":"127.0.0.1"}]}
[2025-12-31T15:14:00+08:00][info] [callPythonApiAsync] 发送请求到 http://127.0.0.1:5050/telegram_action
[2025-12-31T15:14:00+08:00][info] [batchApiProcess] 地址 http://127.0.0.1:5051 处理 1 个任务
[2025-12-31T15:14:00+08:00][info] 发送任务{"batch":[{"action":"set_online","user_id":1280,"tdata_path":"\/www\/wwwroot\/tdata.tgbota.top\/public\/uploads\/admin\/202512\/695387359e84b\/8615200855780\/tdata","proxy":"socks5:\/\/user-splmqynpf0-country-jp:9u6virjzTwd1PRZp4=@isp.decodo.com:10077","params":[],"tguser_id":"8418531061","first_name":null,"main_dc_id":5,"auth_key_hex":"11b78fc04bbe3d4b4998a17436e1932529c6526d1cb026de67cc0a5570657d6493fb6874c5b6671aa7bd1b872e48ea77a964cf8b7352793ace31cbcf8b451adcff140440b69c7a81891c7dc00612d8b1220ed4292851540dfa92267f9903044a7f09a1c0d65a542c27089a16392c69d06214c6809335538a8cfb09b4d14fcbe16f9addfef9dfbaebeadfe7c649154512d81d559cc99829edfb9316d0959491371a10e3bd50980bc8c99f8c28da796aaf879bccc64c33f1f5d02ae1e65c95ea23497cb1cc40b249487748345f8f3cca40b3c2b3fb0cd839a548230b9e32f18625330e1e6ce400eb78f70242481d2430fa4ef76bf566b6bb2b72cefb21809b336d","assigned_port":5051,"assigned_host":"127.0.0.1"}]}
[2025-12-31T15:14:00+08:00][info] [callPythonApiAsync] 发送请求到 http://127.0.0.1:5051/telegram_action
[2025-12-31T15:14:00+08:00][info] [batchApiProcess] 地址 http://127.0.0.1:5053 处理 1 个任务
[2025-12-31T15:14:00+08:00][info] 发送任务{"batch":[{"action":"set_online","user_id":1282,"tdata_path":"\/www\/wwwroot\/tdata.tgbota.top\/public\/uploads\/admin\/202512\/695387359e84b\/8615178828467\/tdata","proxy":"socks5:\/\/user-splmqynpf0-country-jp:9u6virjzTwd1PRZp4=@isp.decodo.com:10075","params":[],"tguser_id":"8495116294","first_name":null,"main_dc_id":5,"auth_key_hex":"20773d7cecf052db2abff35afd1f2c7a631439c3e706c7dfe32caeeef12fe68cc9d7dc0de8968b1ddf49aee0f4d49a8df8c5be4c78115cba6b0645848b68b0d3121bbc47072fe1555df714b7b8b6d93ad37928fbe8eecd9accceb32885a9b137009b791187197b83a32c6e635595c116f3635d60b8b856a244647743d5fa3cac9d3f82d4f2a5db7bd5efec45b69cd7766c12065530b2c3ae72ca85ec8cf8ec3fcb2fcbff8298362fd07f754fc3c976883e5d3ca45adc496aeeb59e11caa2ea8c1d8657f48706e98023f1fb9c887a7067d600e5ed32ad6af71879698e30ce1d7079160c9a731c8ed227067139af5accbff0e89a29adfbb99e2846a5002eec0edf","assigned_port":5053,"assigned_host":"127.0.0.1"}]}
[2025-12-31T15:14:00+08:00][info] [callPythonApiAsync] 发送请求到 http://127.0.0.1:5053/telegram_action
[2025-12-31T15:14:00+08:00][info] [batchApiProcess] 地址 http://127.0.0.1:5054 处理 1 个任务
[2025-12-31T15:14:00+08:00][info] 发送任务{"batch":[{"action":"set_online","user_id":1283,"tdata_path":"\/www\/wwwroot\/tdata.tgbota.top\/public\/uploads\/admin\/202512\/695387359e84b\/8615211862815\/tdata","proxy":"socks5:\/\/user-splmqynpf0-country-jp:9u6virjzTwd1PRZp4=@isp.decodo.com:10074","params":[],"tguser_id":"8412207894","first_name":null,"main_dc_id":5,"auth_key_hex":"523ada5017d354de46b89048cc877a4f362be829ac033503249176f7984367a48dcda6d54eaea75bd4a12a0a43c5bc6c0fd61b79d81c02324bacbe3e26bc36ed61fe550f0069215a34f85f9b900523c7b2fa0570e9cc6dde9178285c0098701eeed6b2d2482e55435a84f989d4129df0abb14de250081c0528d7275f733d6a6de9d1d1d1ad8b7df8d11d731c86b891fbb33e93853a6642689ea5a4734cf8deb20690a8db82ecfd88f8d325dbe43b48a384da5ae5819f5785cceb5a94f114e9e4abf2333d5c131409003476b748ce0afe79edf4b774f0259368431bc78de66406614de540a033d78aa2c3221066bacb5fe05aecf654710b567e61b219c3e63f25","assigned_port":5054,"assigned_host":"127.0.0.1"}]}
[2025-12-31T15:14:00+08:00][info] [callPythonApiAsync] 发送请求到 http://127.0.0.1:5054/telegram_action
[2025-12-31T15:14:00+08:00][info] [batchApiProcess] 地址 http://127.0.0.1:5058 处理 1 个任务
[2025-12-31T15:14:00+08:00][info] 发送任务{"batch":[{"action":"set_online","user_id":1287,"tdata_path":"\/www\/wwwroot\/tdata.tgbota.top\/public\/uploads\/admin\/202512\/695387359e84b\/8615178868044\/tdata","proxy":"socks5:\/\/user-splmqynpf0-country-jp:9u6virjzTwd1PRZp4=@isp.decodo.com:10070","params":[],"tguser_id":"8275206751","first_name":null,"main_dc_id":5,"auth_key_hex":"6758eacf98c1c8aaf6538e41cc46faa9f0eee174a4527b7ca3cf6d5eda0b299f4a907ebf87da4cd3bba19c7e869794cf679bfe483a1a35962066deb4713f8fa0764907fcebe64d0a008ccf9f5135cb9a0f54881ee4b9cd200525f55ef6d1b07248d3d4e53648595724c2832fd672e83c8c17ad8c43d4fe18ad34f6e373f5abd5a06a9df45a7795497b78923bceec036a6023db795b77c51afe1053ebfd3552a9320a0c072465613ba862adbd18c40138c24427afca7b8992d16ae94005d22ab5f3842797246c9a97652667e5e76fb3e11a36b3beff7f12500a93620659cf4ab88997c0fe441a4642de486b283b28229a83d9bc8c0aaa49112e68ed87a495a51d","assigned_port":5058,"assigned_host":"127.0.0.1"}]}
[2025-12-31T15:14:00+08:00][info] [callPythonApiAsync] 发送请求到 http://127.0.0.1:5058/telegram_action
[2025-12-31T15:14:00+08:00][info] [batchApiProcess] 地址 http://127.0.0.1:5059 处理 1 个任务
[2025-12-31T15:14:00+08:00][info] 发送任务{"batch":[{"action":"set_online","user_id":1288,"tdata_path":"\/www\/wwwroot\/tdata.tgbota.top\/public\/uploads\/admin\/202512\/695387359e84b\/8615178793580\/tdata","proxy":"socks5:\/\/user-splmqynpf0-country-jp:9u6virjzTwd1PRZp4=@isp.decodo.com:10069","params":[],"tguser_id":"8262353413","first_name":null,"main_dc_id":5,"auth_key_hex":"045e2500beec78a3c4311194407018a22392024cc04a11347036f909b3b250c820512e3708614b9644bb614691566e71cca7686ba284764a83da72e336f5434ad8cea1754868a2955532bf23435b57c8aa6c04176432d8cba68a37b4a420be23b5e8a840c3adc21666137885471ff27a9edaf4775ed6dc5143d311170ae12460ef72dc212601423e09b6b6476b953104e0f79d8dd3f2e202af577a8d3600971091e5fda947350877a19db1a101f20dc6ceb6a12cfe27f8670df1c7df237a229bd7ec669d67c6e6c6fe13b87481bc374fb5bcb0903fbfea54eb1635660dee6bb4d1381242139eeb8a755b0683d64a2d33647e604bc5d721af0752f504e673f857","assigned_port":5059,"assigned_host":"127.0.0.1"}]}
[2025-12-31T15:14:00+08:00][info] [callPythonApiAsync] 发送请求到 http://127.0.0.1:5059/telegram_action
[2025-12-31T15:14:00+08:00][info] [batchApiProcess] 地址 http://127.0.0.1:5060 处理 1 个任务
[2025-12-31T15:14:00+08:00][info] 发送任务{"batch":[{"action":"set_online","user_id":1289,"tdata_path":"\/www\/wwwroot\/tdata.tgbota.top\/public\/uploads\/admin\/202512\/695387359e84b\/8615213111701\/tdata","proxy":"socks5:\/\/user-splmqynpf0-country-jp:9u6virjzTwd1PRZp4=@isp.decodo.com:10068","params":[],"tguser_id":"7825911921","first_name":null,"main_dc_id":5,"auth_key_hex":"568516ee21e74196328b2217aecc30a24a943bafa0308c4b0a15c5ba2fb9627a732b2f3604522c48b19c34e79107902cd3593f98137f715390aee7361848556a29e1183399eff3040c553e4f2dfc87f0e77123e5d76d5489f5a6f06a0980e472a41439403866785d8fd97204fab2bc972917a5724b6f9a60145f8406e74f39489522e10a20cb8430703a6a4ba31783a72fbf1b38a27f72028ecd3e5b06be036b3a25645e8599867ba99868ded0448093d661eb149b88a281cc03ca6c1ba564696e9f7ac06311eb68deab63ec05d7372108ec1418e689155f69080969fe597f07fdcd20fb0cbedbd80dfc1f52d69684498a94bd409f1d0ba8d759e50002ad8789","assigned_port":5060,"assigned_host":"127.0.0.1"}]}
[2025-12-31T15:14:00+08:00][info] [callPythonApiAsync] 发送请求到 http://127.0.0.1:5060/telegram_action
[2025-12-31T15:14:00+08:00][info] [batchApiProcess] 地址 http://127.0.0.1:5061 处理 1 个任务
[2025-12-31T15:14:00+08:00][info] 发送任务{"batch":[{"action":"set_online","user_id":1290,"tdata_path":"\/www\/wwwroot\/tdata.tgbota.top\/public\/uploads\/admin\/202512\/695387359e84b\/8615178877425\/tdata","proxy":"socks5:\/\/user-splmqynpf0-country-jp:9u6virjzTwd1PRZp4=@isp.decodo.com:10067","params":[],"tguser_id":"8475919589","first_name":null,"main_dc_id":5,"auth_key_hex":"8427b51cdd0094cf7f22809ed645f634a713257a5701d2ece90c91232bf08070a14e953ca5f62c61bec877aeddad2a073e6a8f3adf01ab94b10ba3b8ecaca7c2026ae15879ff6c2f08face9be20771ae2808b11f0efcba269bf34ecffca82531fd3a989c8c104945e5487ba7c8cd4fec2852cf76c0c7ef7122e25318a0ef3e5ab7a7b7a0f12d778e0ac8447c4c0a382d1d41197eff07019cd8fd9022ab14b9b755d6f9b775d3ec8e4ef92fe9c4781280f2a138972b903b322accd8cea4f882fdc8a7f6a2c9f9db30bc0efc53aeed483fb49edca9cc175f11bf17cb94722912b657d3fa10f889d719bcc4d16f72639b70f22f1257e218d46882eb571a6c6fbe27","assigned_port":5061,"assigned_host":"127.0.0.1"}]}
[2025-12-31T15:14:00+08:00][info] [callPythonApiAsync] 发送请求到 http://127.0.0.1:5061/telegram_action
[2025-12-31T15:14:00+08:00][info] [batchApiProcess] 地址 http://127.0.0.1:5062 处理 1 个任务
[2025-12-31T15:14:00+08:00][info] 发送任务{"batch":[{"action":"set_online","user_id":1291,"tdata_path":"\/www\/wwwroot\/tdata.tgbota.top\/public\/uploads\/admin\/202512\/695387359e84b\/8615213123724\/tdata","proxy":"socks5:\/\/user-splmqynpf0-country-jp:9u6virjzTwd1PRZp4=@isp.decodo.com:10066","params":[],"tguser_id":"7770205711","first_name":null,"main_dc_id":5,"auth_key_hex":"584ee9fca7780edca11cf88c5b348dd4692bbb49ad81a1fd413dcbfa40d1b44af4dc4d8d1d6ae4f6cb8affcdc4d052a75714548446c79a55df8ed4ea22c5ddf16a76f602e06e02d183837ad97984a62cc64bce31129210039a18dd86d101eca86766d4e4460ed15652edd1bcd9add396a0fa5f3e8afa262616a8728540ffc1f530f98170e17ad40201858b64f81345bd837b6ac7ac946f766ab1f75495f1e8483e58781545e638ce5a9387c68f7287ab86f4aa3b353d962a3b70583572bd8ed2b6385246fc575bbf5b5a387225867e088436ebfcd7384fd55e19c0f58fd1971b71da1c7cca91491ca0aa89815fbd3933e5ea53c29b1a57ef21807077ddc42035","assigned_port":5062,"assigned_host":"127.0.0.1"}]}
[2025-12-31T15:14:00+08:00][info] [callPythonApiAsync] 发送请求到 http://127.0.0.1:5062/telegram_action
[2025-12-31T15:14:00+08:00][info] [batchApiProcess] 地址 http://127.0.0.1:5063 处理 1 个任务
[2025-12-31T15:14:00+08:00][info] 发送任务{"batch":[{"action":"set_online","user_id":1292,"tdata_path":"\/www\/wwwroot\/tdata.tgbota.top\/public\/uploads\/admin\/202512\/695387359e84b\/8615178773647\/tdata","proxy":"socks5:\/\/user-splmqynpf0-country-jp:9u6virjzTwd1PRZp4=@isp.decodo.com:10065","params":[],"tguser_id":"8126419928","first_name":null,"main_dc_id":5,"auth_key_hex":"5bdd981bb0e45ae50db235adb8b37dfc87747937903cbb419b372c8fe7fa00911f0786e2cd7ca55d8f0996904b033643bd656e45b0131b9b47c677b6c3255e39dd5446df02f4673b511a279d7d868c2f379547add74e959309996e1401cf2ed533164105f42b4a7a1feb0fb4e5799c39fc908358b7ca1d73aa21189af04cd14792f5ac442ed17e8c5a577418bcbae7d8f39fdd58bcbd46604b8e68b96a9304aea2568712dc9de2c47ed87983c7894e87d831309620dd4587bbaf893882629695b27a9ce126017cc818cdbaf1fde87e626e9b792c88ada76a481878e7d167044ce935967ba4f67badb29eeba707df086287c593059aea90b7589ef426f103b92d","assigned_port":5063,"assigned_host":"127.0.0.1"}]}
[2025-12-31T15:14:00+08:00][info] [callPythonApiAsync] 发送请求到 http://127.0.0.1:5063/telegram_action
[2025-12-31T15:14:00+08:00][info] [batchApiProcess] 地址 http://127.0.0.1:5064 处理 1 个任务
[2025-12-31T15:14:00+08:00][info] 发送任务{"batch":[{"action":"set_online","user_id":1293,"tdata_path":"\/www\/wwwroot\/tdata.tgbota.top\/public\/uploads\/admin\/202512\/695387359e84b\/8615213127604\/tdata","proxy":"socks5:\/\/user-splmqynpf0-country-jp:9u6virjzTwd1PRZp4=@isp.decodo.com:10064","params":[],"tguser_id":"8172997145","first_name":null,"main_dc_id":5,"auth_key_hex":"1a7328a25bdb409a35a2a665075c06864c6cc71cbb9d7236e81ddeb379faac448305ad231aad44151a2e1f2c085b2da6eab9fa5311f2ff2822ddca98fb5353fad36b6638b79e1d8952a01e10770f538f39621f26f2d859ab0935f6a80c41b608a2e631703c2e9125db3e83c9e2a17441f4d90794d05cbc1ddf1ab383f32a874e5b48b30811a8847a99ae2d448989ab823e18a923dfb5ce8803a8cfddfbb574bbc9a49d3f3ae71d2d5c9d81388473af4c0c10aa275a3cb108ff94686a41a398e0eb61314ccdc8b05119a81e5e2abb3e50a251d27566c730b488043dd23e2e46f1da25a03666866a2cab68c11f53b1dc457171dfc09e27386807e458c90de29bf8","assigned_port":5064,"assigned_host":"127.0.0.1"}]}
[2025-12-31T15:14:00+08:00][info] [callPythonApiAsync] 发送请求到 http://127.0.0.1:5064/telegram_action
[2025-12-31T15:14:00+08:00][info] [batchApiProcess] 地址 http://127.0.0.1:5065 处理 1 个任务
[2025-12-31T15:14:00+08:00][info] 发送任务{"batch":[{"action":"set_online","user_id":1294,"tdata_path":"\/www\/wwwroot\/tdata.tgbota.top\/public\/uploads\/admin\/202512\/695387359e84b\/8615178745170\/tdata","proxy":"socks5:\/\/user-splmqynpf0-country-jp:9u6virjzTwd1PRZp4=@isp.decodo.com:10063","params":[],"tguser_id":"8461665305","first_name":null,"main_dc_id":5,"auth_key_hex":"1501a8de2c1495862c137d2bf64e2915ca0aec5ca950159624ee03336bc3c7484eba475d55f06c9df65e5c6121a3e76aa587bd85eb7758c5375892069bb4fbef87942bf0febeb5df782f70a0f6ac0313c1fa6db4446c7cbe809972f891ba595b9203943908c39d3b0620f655b91ebb25cdfb124f85e8843666d699796532884b97b4e351248ae98dff8a099e4577913658969f218572f1057608c912efe55f28e221bc3df58ff6ecdc674c2c478ad9e2581d38b8f9297a9ae2b2ab3560bae09150c86eb3784b20af397b5fb309e5e779d7942c6052873034037a664670ba2e81b9642ac77320f9758c3cff610c33214fd576fd64d27f3adac7325e8fed328cbc","assigned_port":5065,"assigned_host":"127.0.0.1"}]}
[2025-12-31T15:14:00+08:00][info] [callPythonApiAsync] 发送请求到 http://127.0.0.1:5065/telegram_action
[2025-12-31T15:14:00+08:00][info] [batchApiProcess] 地址 http://127.0.0.1:5066 处理 1 个任务
[2025-12-31T15:14:00+08:00][info] 发送任务{"batch":[{"action":"set_online","user_id":1295,"tdata_path":"\/www\/wwwroot\/tdata.tgbota.top\/public\/uploads\/admin\/202512\/695387359e84b\/8615178862474\/tdata","proxy":"socks5:\/\/user-splmqynpf0-country-jp:9u6virjzTwd1PRZp4=@isp.decodo.com:10062","params":[],"tguser_id":"8407871615","first_name":null,"main_dc_id":5,"auth_key_hex":"3647de701a713c84e98a5ffcd417fafa5f36513f8eb958348ef0ceb498c1e06fafe626fbcb79c7a2e49e3e54555a14e85898c80ee99a85e28c2d16c8df32e37ad5792e006a35a1f263bbfe7f7e29aadfdd162f87cf95afa6d5f3d11df4234d3f3ceef609ed4369c86fd7fe87b5f959a3d05d5ec7d42e44cb0cc7bca6f111637e2b0497b3bd69c8a3281735f1fa693963e95432741efa01ee1ceb05ab3edf70c6fc1092a5e96c06efd407a9809a19740968f58196009673672dd2702867c1033f3551454596703c66f615694e5b41284457be2c02a88056864f55dcd2394e4669681235bb007245ce207f9511f1936fe646dee8dd557042f844ff62952c27beb0","assigned_port":5066,"assigned_host":"127.0.0.1"}]}
[2025-12-31T15:14:00+08:00][info] [callPythonApiAsync] 发送请求到 http://127.0.0.1:5066/telegram_action
[2025-12-31T15:14:00+08:00][info] [batchApiProcess] 地址 http://127.0.0.1:5069 处理 1 个任务
[2025-12-31T15:14:00+08:00][info] 发送任务{"batch":[{"action":"set_online","user_id":1298,"tdata_path":"\/www\/wwwroot\/tdata.tgbota.top\/public\/uploads\/admin\/202512\/695387359e84b\/8615211864362\/tdata","proxy":"socks5:\/\/user-splmqynpf0-country-jp:9u6virjzTwd1PRZp4=@isp.decodo.com:10059","params":[],"tguser_id":"8278596927","first_name":null,"main_dc_id":5,"auth_key_hex":"407cd086a7f4711ceb11d2ebbd615f6b43566bb0cf4ed18a05d8eab5e2cbd57b295298add3a6b9a2ff8a6337db85ae6aaef70152e829361b435ce94007705adf5cc2ab72317252575cfe643602b316ae39237ab60e53165f18c2bec4509a2bfa06680c6eb3454feee8d836c48f6eca4de784f04d13e4d9d5644bfd1bb729e31d0ab37784f446d7f483557445115d74fc3863a13308bcb06bd490fb4b8c65415b0be072cbf6de425889337c0305326876406a97bea6d23295b30ac70ac91537582d7944af47f7c2b3f448e56bf9a6f23719ae257073a7e99c3f030a41cb7c35d2daaf40f2b223b05325038f5db45379f083fa8a965d399bc40690d87cf32da932","assigned_port":5069,"assigned_host":"127.0.0.1"}]}
[2025-12-31T15:14:00+08:00][info] [callPythonApiAsync] 发送请求到 http://127.0.0.1:5069/telegram_action
[2025-12-31T15:14:00+08:00][info] [batchApiProcess] 地址 http://127.0.0.1:5070 处理 1 个任务
[2025-12-31T15:14:00+08:00][info] 发送任务{"batch":[{"action":"set_online","user_id":1299,"tdata_path":"\/www\/wwwroot\/tdata.tgbota.top\/public\/uploads\/admin\/202512\/695387359e84b\/8615178891147\/tdata","proxy":"socks5:\/\/user-splmqynpf0-country-jp:9u6virjzTwd1PRZp4=@isp.decodo.com:10058","params":[],"tguser_id":"8266403778","first_name":null,"main_dc_id":5,"auth_key_hex":"62524d39a544c838672acff57487053150f9d779dc84d32b08ba84ee71a9689a6bbf8843b0a20b367a6edcd7c8a4264ea969456f50bdc94f3a750c0242c24dd66e08ac5a4645ec55f02bff7525dfdf25f6168079039b6a2afb98f8b3acd45343a373cfb63ce8b9a298b235dd786861dd1342c0e0a2e20cd204154f13608fa51343d6e620713008f1e06a40450d8ad211754bea35c053cb7de6aef590150c8dc6ba667a7144561b6026e945606dbc784ed9f3f4b6052c66e9395af5882ad8a2f6e534a9eb3703d1e576c29701616327b4bf5ce6c6ef2ea4153741a782cdd73ee68d7325c0366b6de4225b23ce79858816dc0fe71cca5664c193f72401f1543398","assigned_port":5070,"assigned_host":"127.0.0.1"}]}
[2025-12-31T15:14:00+08:00][info] [callPythonApiAsync] 发送请求到 http://127.0.0.1:5070/telegram_action
[2025-12-31T15:14:00+08:00][info] [batchApiProcess] 地址 http://127.0.0.1:5071 处理 1 个任务
[2025-12-31T15:14:00+08:00][info] 发送任务{"batch":[{"action":"set_online","user_id":1300,"tdata_path":"\/www\/wwwroot\/tdata.tgbota.top\/public\/uploads\/admin\/202512\/695387359e84b\/8615178824224\/tdata","proxy":"socks5:\/\/user-splmqynpf0-country-jp:9u6virjzTwd1PRZp4=@isp.decodo.com:10057","params":[],"tguser_id":"8390314909","first_name":null,"main_dc_id":5,"auth_key_hex":"40f3befeb1997a8a24cafe769ae28cd7f756e0b1e12e5e11df171b257922e064fff7409783a75946113e6081ad6bc012d7f5ef1d713cdc1c693fa0256b430acd2e337083ba9f414dd4643d81207ef53d1d86218221057dce01ffb3ff7834533797f116bb23cd2e7a76daec46aed25bc96d1c2751ef739454d53af39cf96c98b7ea24dc58f657a8bcd47ba2f3d84eb71ba485a266750a2aed9eab5c558651a0006c4146648bd6730dd04a730156994bcbe9d0fcd4c3cbd69d076d5f56e645a00baa920c5241088c6b235353db93e4680ec7314b8e898b7b35ef0c9b0e8a1495ffd8e314af6c66ec08086a4b4e9d5a74224d781193de5658db04e1818c9bd46602","assigned_port":5071,"assigned_host":"127.0.0.1"}]}
[2025-12-31T15:14:00+08:00][info] [callPythonApiAsync] 发送请求到 http://127.0.0.1:5071/telegram_action
[2025-12-31T15:14:00+08:00][info] [batchApiProcess] 地址 http://127.0.0.1:5072 处理 1 个任务
[2025-12-31T15:14:00+08:00][info] 发送任务{"batch":[{"action":"set_online","user_id":1301,"tdata_path":"\/www\/wwwroot\/tdata.tgbota.top\/public\/uploads\/admin\/202512\/695387359e84b\/8615207128947\/tdata","proxy":"socks5:\/\/user-splmqynpf0-country-jp:9u6virjzTwd1PRZp4=@isp.decodo.com:10056","params":[],"tguser_id":"8272647348","first_name":null,"main_dc_id":5,"auth_key_hex":"75d8bb35d081dd55b2486519b1a8213c59c55cabeb1ef55c99cc1d6a5591590e01ff471ddcf4eb93181befd9d846386c04dbce2847e38ac30e1f9ac24e8b293dddebff185bae00454592ab7cd17d363a33e6bdaa34f02ed34cf08c16a6b02c6547b45a13cce8fa9d629ee237fc1cf49e4ad1f92cd124ef6b1dd7e4cd34643827b596ddce449acde6d78ae4f51f18a38d188e19cdb30d57e091d3f0789721de51868cfa3a3370142222ef681a5201ee99add69408d4b852a4ee70067afdddc00c0aa9276b75bab8c55cd11dd4b222fd2d8d24fe399f755f2dd1892677a484151d2b6874ecc0000cbb4a0074026c291c1a97a2912df3aecbd1b38b31d45463505d","assigned_port":5072,"assigned_host":"127.0.0.1"}]}
[2025-12-31T15:14:00+08:00][info] [callPythonApiAsync] 发送请求到 http://127.0.0.1:5072/telegram_action
[2025-12-31T15:14:00+08:00][info] [batchApiProcess] 地址 http://127.0.0.1:5073 处理 1 个任务
[2025-12-31T15:14:00+08:00][info] 发送任务{"batch":[{"action":"set_online","user_id":1302,"tdata_path":"\/www\/wwwroot\/tdata.tgbota.top\/public\/uploads\/admin\/202512\/695387359e84b\/8615206372691\/tdata","proxy":"socks5:\/\/user-splmqynpf0-country-jp:9u6virjzTwd1PRZp4=@isp.decodo.com:10055","params":[],"tguser_id":"8357985051","first_name":null,"main_dc_id":5,"auth_key_hex":"2a1eb6ed3d53786191a9ecd1ab1be9314d52e158635a95d9102a92455c60ea3723ccaa64d283d81eb0c2af15474a17f6480cda1f63b521e51620a085c533da480afdc08cb1e7c19113d62c1c18f814ea69a46150b8835046cc41d8f78833d70c63300e01803f4c12b710a3b926e36d5d406ed2ce3b004caf328ffa17ac4db4e340670a1686e8745bc554855d37b05cfd7cd6214f155d08ec660adf709bba7ccbb43b3d9d3083a1a7e2049838eac2bb579cdaf829669b3c157ac9663295e2aec430d01eb7cd73cc35037c348c8a3e6c271653bd6f4d7288d69180c934f707dabb2847257b4c1281566aa0a2f9d62b90d2792ad96e2a02a3942ef39d3075f27f91","assigned_port":5073,"assigned_host":"127.0.0.1"}]}
[2025-12-31T15:14:00+08:00][info] [callPythonApiAsync] 发送请求到 http://127.0.0.1:5073/telegram_action
[2025-12-31T15:14:00+08:00][info] [batchApiProcess] 地址 http://127.0.0.1:5075 处理 1 个任务
[2025-12-31T15:14:00+08:00][info] 发送任务{"batch":[{"action":"set_online","user_id":1304,"tdata_path":"\/www\/wwwroot\/tdata.tgbota.top\/public\/uploads\/admin\/202512\/695387359e84b\/8615178808607\/tdata","proxy":"socks5:\/\/user-splmqynpf0-country-jp:9u6virjzTwd1PRZp4=@isp.decodo.com:10053","params":[],"tguser_id":"8264781163","first_name":null,"main_dc_id":5,"auth_key_hex":"37d47a506fcee76f7729d9816697541db9bb9bb50876d6800feeb0836d52560c53aadcfe75c5e8c7d4ef41add792a2178d6f6bbd5ea66bc5771fee4b067d384a7c53f2ab9e615ab7555443d392e935655c2e4d888d195ddd6795358fffc4b5801f1b866d926f965bfcc5056af6df8ec13a5d472bdebe8841f918c1bc3b0e9fc1283003d0951dfcbe9244f705be21f5188aecb85393f511dd1edb2f06f218c49dcaa02da323081761e72597d3b4545e6474a85e2f466d4b828cfab77f51d7deef64f67eeadb563137458eb208639c337fe444a84fdac684dfabbe74cc4c6057af4ba5dcaffa3545a8d34cc7d169b65ff4734a0160fd9f8028c1c1bf0e2198352d","assigned_port":5075,"assigned_host":"127.0.0.1"}]}
[2025-12-31T15:14:00+08:00][info] [callPythonApiAsync] 发送请求到 http://127.0.0.1:5075/telegram_action
[2025-12-31T15:14:00+08:00][info] [batchApiProcess] 地址 http://127.0.0.1:5076 处理 1 个任务
[2025-12-31T15:14:00+08:00][info] 发送任务{"batch":[{"action":"set_online","user_id":1305,"tdata_path":"\/www\/wwwroot\/tdata.tgbota.top\/public\/uploads\/admin\/202512\/695387359e84b\/8615178790743\/tdata","proxy":"socks5:\/\/user-splmqynpf0-country-jp:9u6virjzTwd1PRZp4=@isp.decodo.com:10052","params":[],"tguser_id":"8414466676","first_name":null,"main_dc_id":5,"auth_key_hex":"b957fdb518b1c02bea73c04b62049309d3b341ac2cc5308a6567555e755cc0e7d5e25a93cefb53619dfcb9c588193ebc72956bcf683d1710ed7cc643acc915f1d817febdd585ed8cc12706260a5a5e6c4ed4fdafea925f3d63d32a47ad04b1fc339e63aaed7519a6dccfaccb327c60e2517d73b3100573803ea01f46cc101df394e6d1090a0ef7e1c3e9802b6c8e3900b6f65d9263595e2d5a91f71a885a97f09a22f15523c66c8d0a30d8dfabe802c3c9e57a7fc673a5273c5f81ad613689cdc42103e7930e9d765b8816da22894c1d59b6f072f44079728bec8d9c765d40fd276e9b2c42dc535b9b947b85b5bdbbb0a18b053382d00c1843f8ba4d75d50f62","assigned_port":5076,"assigned_host":"127.0.0.1"}]}
[2025-12-31T15:14:00+08:00][info] [callPythonApiAsync] 发送请求到 http://127.0.0.1:5076/telegram_action
[2025-12-31T15:14:00+08:00][info] [batchApiProcess] 地址 http://127.0.0.1:5078 处理 1 个任务
[2025-12-31T15:14:00+08:00][info] 发送任务{"batch":[{"action":"set_online","user_id":1307,"tdata_path":"\/www\/wwwroot\/tdata.tgbota.top\/public\/uploads\/admin\/202512\/695387359e84b\/8615178816771\/tdata","proxy":"socks5:\/\/user-splmqynpf0-country-jp:9u6virjzTwd1PRZp4=@isp.decodo.com:10050","params":[],"tguser_id":"8204763002","first_name":null,"main_dc_id":5,"auth_key_hex":"c1b49c08522e5cb8cd80bba616e3501a6d47241b423d36a51ecdf8e913c63bdd50c3cfde408194c0928955fc897907387eb5849ffdc336c530ac2aab77705becd22b6ab056c04c457d895652ff71eabb27b235b0173c09109bf57951123f842b214df0be8e8c6cf876bc0182d100dc8250b8aad8992e5d6b10ed8b9151b823c71c0d94dbb6d991c8e261f2403133e4452a45b8df7b808421be9d676b4c10c10d3dd2cd7c8734730e7ca2d813d2f4d3e91f6b810afad009844659afc0b960d0b5bed9a721909ae6f1e7f6043219748a02e4bc98655bd8eab3faa3455991d1cba7534af62f399eeb78688074bc4854c2d23d62819048abd97e5ab0adcc6e0255c8","assigned_port":5078,"assigned_host":"127.0.0.1"}]}
[2025-12-31T15:14:00+08:00][info] [callPythonApiAsync] 发送请求到 http://127.0.0.1:5078/telegram_action
[2025-12-31T15:14:00+08:00][info] [batchApiProcess] 地址 http://127.0.0.1:5079 处理 1 个任务
[2025-12-31T15:14:00+08:00][info] 发送任务{"batch":[{"action":"set_online","user_id":1308,"tdata_path":"\/www\/wwwroot\/tdata.tgbota.top\/public\/uploads\/admin\/202512\/695387359e84b\/8615178798914\/tdata","proxy":"socks5:\/\/user-splmqynpf0-country-jp:9u6virjzTwd1PRZp4=@isp.decodo.com:10049","params":[],"tguser_id":"7917902005","first_name":null,"main_dc_id":5,"auth_key_hex":"02f123ffeb9a3aa8a9483cb0dc19a8e5cc518542624d546753c16aa9fb9c41411d522cfe0408ff4ed21de865ba7261f721783ab222d890d109dcad753dae74cc61c54cfa860c6127b4bf5a279121c0c6fd694aa8a375d7e0234c4dadd27487fd5a5cd48e1f680bb261f3db1fa7f42750a23d31dc799125fd0ad2fab26cf69d679c87923f4105cd616d76432f87d28c0b0929d7f0d568b708e4eb8468e79c67789c32acbcf4eac05d3d21e60c81b68a405a0b463efde61480b3d7a588d4d5e93d218e45c4a8038251b39e882107051d627daea2ce8a2374adf4745fcc428e6761cae99f0339ab7f78194fb4069933937fb119a9d77e8dba90601d67e6fa072ece","assigned_port":5079,"assigned_host":"127.0.0.1"}]}
[2025-12-31T15:14:00+08:00][info] [callPythonApiAsync] 发送请求到 http://127.0.0.1:5079/telegram_action
[2025-12-31T15:14:00+08:00][info] [batchApiProcess] 地址 http://127.0.0.1:5081 处理 1 个任务
[2025-12-31T15:14:00+08:00][info] 发送任务{"batch":[{"action":"set_online","user_id":1310,"tdata_path":"\/www\/wwwroot\/tdata.tgbota.top\/public\/uploads\/admin\/202512\/695387359e84b\/8615178866714\/tdata","proxy":"socks5:\/\/user-splmqynpf0-country-jp:9u6virjzTwd1PRZp4=@isp.decodo.com:10047","params":[],"tguser_id":"8163853542","first_name":null,"main_dc_id":5,"auth_key_hex":"605313c05689c4706975606caf5948e55cbab5558202d591e5207c2a05d772d775c8787446db2ef1034f8ea4b2085fc2d381a8040dfe20791906ff106b16d2f7cf56c78d59b9b7614778def66ca221a8fdd56992f19d68dcdfc0898de0477c2896d5f8633d13bf2c6a837894b0abfd5607ac4f09687b369af7f993efe84700472ccedde1f4f1ba9cb9403d19eab3180fa83d8b02898f5222d35c28d231befc44cb79684260174822999aa45e578e33c42f715349a35001ada96d992ca76563fed2431e60559303b8c93528628cba8dad28558d035d662bd04bb4e0e16c87a531a6a8aa82123caf5e918d885f963fa397ea40287d01231ee3bff2eba669df3064","assigned_port":5081,"assigned_host":"127.0.0.1"}]}
[2025-12-31T15:14:00+08:00][info] [callPythonApiAsync] 发送请求到 http://127.0.0.1:5081/telegram_action
[2025-12-31T15:14:00+08:00][info] [batchApiProcess] 地址 http://127.0.0.1:5082 处理 1 个任务
[2025-12-31T15:14:00+08:00][info] 发送任务{"batch":[{"action":"set_online","user_id":1311,"tdata_path":"\/www\/wwwroot\/tdata.tgbota.top\/public\/uploads\/admin\/202512\/695387359e84b\/8615207292247\/tdata","proxy":"socks5:\/\/user-splmqynpf0-country-jp:9u6virjzTwd1PRZp4=@isp.decodo.com:10046","params":[],"tguser_id":"8435107567","first_name":null,"main_dc_id":5,"auth_key_hex":"9dda2a20b6bde7e3ceb30b9dd40e5c652bf22ac9b45167201f09f31af0f7eae86f3da0a1742e4ec98839ba82ec103dd4cf086b9be63f1f6c3a2926c03d6e47e04c112b15761a4ca0bd2ae133c408cc312c759f76424ef6c0185a3a890e42eadfb8981f340ddf216b587dc09b031ab56199d02dc67ad325a34303a8c928dde97d9d2d331752eaf431bae25c1127795113ca996d43e5b861af059c91e9dc5db039941e3f68304fd358626febac8539ea20ca387b5d905af195e7f162badea47658cc5409a1558498287afb0680ab2c457c22ed4c15e4a7e8e9297e8ceba124141636c15085c06a61acb0cfea2268bf5b5efd6d2e97c683e5dbdb61f9df5e121328","assigned_port":5082,"assigned_host":"127.0.0.1"}]}
[2025-12-31T15:14:00+08:00][info] [callPythonApiAsync] 发送请求到 http://127.0.0.1:5082/telegram_action
[2025-12-31T15:14:00+08:00][info] [batchApiProcess] 地址 http://127.0.0.1:5083 处理 1 个任务
[2025-12-31T15:14:00+08:00][info] 发送任务{"batch":[{"action":"set_online","user_id":1312,"tdata_path":"\/www\/wwwroot\/tdata.tgbota.top\/public\/uploads\/admin\/202512\/695387359e84b\/8615211864107\/tdata","proxy":"socks5:\/\/user-splmqynpf0-country-jp:9u6virjzTwd1PRZp4=@isp.decodo.com:10045","params":[],"tguser_id":"8175983174","first_name":null,"main_dc_id":5,"auth_key_hex":"080cf014bcd3a55e271c55102a8e49e182053aeb0c9786cfb9f65ae9a8f45a3dd137500647ea38f42c76721d10a13faecf222956f51596d8a7d78e196da924075160ab0407e5672f24f97595f03d03bc2200518f8a296266b1aae7d7b56a2f67dee4bb8b04eef7ba182ad60b93c111b98c6992b70f1769860ae47abd41ac02ca7473e3a4760ea96ee23e36e80491e56f68d96b9536469a6fdc9012d06358508aff8e39e9e6b80bdab6ed29900183d64bfef4738f067b611aa82f3c4cadb8ae0fc633171e7752244e73f95a45a7fad63f44c6011c56ca065e2d8a8cf17be46ba491d9c972f84cc296183c21d16f5c34ba3336e2e3491a0be4cb9c904d012d95cb","assigned_port":5083,"assigned_host":"127.0.0.1"}]}
[2025-12-31T15:14:00+08:00][info] [callPythonApiAsync] 发送请求到 http://127.0.0.1:5083/telegram_action
[2025-12-31T15:14:00+08:00][info] [batchApiProcess] 地址 http://127.0.0.1:5084 处理 1 个任务
[2025-12-31T15:14:00+08:00][info] 发送任务{"batch":[{"action":"set_online","user_id":1313,"tdata_path":"\/www\/wwwroot\/tdata.tgbota.top\/public\/uploads\/admin\/202512\/695387359e84b\/8615178821496\/tdata","proxy":"socks5:\/\/user-splmqynpf0-country-jp:9u6virjzTwd1PRZp4=@isp.decodo.com:10044","params":[],"tguser_id":"8494571793","first_name":null,"main_dc_id":5,"auth_key_hex":"a8ddfaf3584a505adb67b8d5a754356bcd2e85cde9c367a8bd31705bc1fcd147c57b5a5c904301555de4b8b123d425c968ad783d6c4b766f9a1b32c86d5347c54caf448dd1a353a7045d9904646f661fa81234b5911e85bc37c1bb84ec0e3293dc09c83cd2a1f522c2c76ae51f5632c6ec6c0717fbada52b08bd193c7645406165110b8d70835320d3bf9db5c915f8f4b45b09dc64547f4bc3d53adff56e18bdfc9e9ebed6cfe6ba5698839bc5b1a65ab2bcb42d0e7f1ed6530580667470a6a59833b7ae70289d71fd7a7a43e21a23778e6a0b5025261a6e5ab49251f5cbc19d9dc06b07204a5ae5948ae88dd5a396bdc6af6886888ceef1a7d5641a17f15bc4","assigned_port":5084,"assigned_host":"127.0.0.1"}]}
[2025-12-31T15:14:00+08:00][info] [callPythonApiAsync] 发送请求到 http://127.0.0.1:5084/telegram_action
[2025-12-31T15:14:00+08:00][info] [batchApiProcess] 地址 http://127.0.0.1:5085 处理 1 个任务
[2025-12-31T15:14:00+08:00][info] 发送任务{"batch":[{"action":"set_online","user_id":1314,"tdata_path":"\/www\/wwwroot\/tdata.tgbota.top\/public\/uploads\/admin\/202512\/695387359e84b\/8615178780421\/tdata","proxy":"socks5:\/\/user-splmqynpf0-country-jp:9u6virjzTwd1PRZp4=@isp.decodo.com:10043","params":[],"tguser_id":"8035424204","first_name":null,"main_dc_id":5,"auth_key_hex":"5a06bcbf5afadebaef892565dc7e1f32d395967b8f54dd6e7ed24bdee27799df14c8eee702007d5db93531fe7e70ac5b294ded90b8770ddf558fcf4cb55716ae7075ebfeedf75154834b93e365ea0ff922ea77eaebafd3e060f613fd6080c803dff91065c207cdc8de27bf5cf0edda0a130713ceb438d0bca2ffba75a21f8c0b723a7d409deb551894498290f5af1004f1a46efcb689d2b082e9d383e9f0ec9f8154790a1f2ad7e23f4bc4482a7b223dd6930f4d3d9626c0e3ed97c287ca001b0ffd0f0fa39c29ed0e5a0a1f266eb27ad0a769f11c2c3574a797596a5755b4cc9aceb4084598b45657fe645ef5c5b583e44a94639cc628dbde440191b50cd684","assigned_port":5085,"assigned_host":"127.0.0.1"}]}
[2025-12-31T15:14:00+08:00][info] [callPythonApiAsync] 发送请求到 http://127.0.0.1:5085/telegram_action
[2025-12-31T15:14:00+08:00][info] [batchApiProcess] 地址 http://127.0.0.1:5087 处理 1 个任务
[2025-12-31T15:14:00+08:00][info] 发送任务{"batch":[{"action":"set_online","user_id":1316,"tdata_path":"\/www\/wwwroot\/tdata.tgbota.top\/public\/uploads\/admin\/202512\/695387359e84b\/8615211853935\/tdata","proxy":"socks5:\/\/user-splmqynpf0-country-jp:9u6virjzTwd1PRZp4=@isp.decodo.com:10041","params":[],"tguser_id":"8104939574","first_name":null,"main_dc_id":5,"auth_key_hex":"29836be2d1ba23bc3059e23fe99c43c2e1f981bb8b577ba532bdede0968246a417d10a13617c7916910962d4aec9b806346ba132155d65df7745c94f1a79cbdfc1778125fd4198fb640a19c2a5bf134ceeb7977ad888ae87ded3e0a8d1db1944e95a7a7c6727be0fbd6b3e17ec8dd680b96741972ae836102d4410d78fb642ed7b478cb5b3ad09dd7ed10cc47372ec1f15f813fea1d1751881430e0d4c2130b55d653659a460ae62327d8d4ceb4b29b680cf7e9d825b1c3416db0433cbbca590719c8065fce011fd603300ce340c119f96f609a676931f570120d5a29dc75e22aa9304ca09ed17ed7fdfd3d600611ca8f94266769095fa613b183255f72b12b0","assigned_port":5087,"assigned_host":"127.0.0.1"}]}
[2025-12-31T15:14:00+08:00][info] [callPythonApiAsync] 发送请求到 http://127.0.0.1:5087/telegram_action
[2025-12-31T15:14:00+08:00][info] [batchApiProcess] 地址 http://127.0.0.1:5088 处理 1 个任务
[2025-12-31T15:14:00+08:00][info] 发送任务{"batch":[{"action":"set_online","user_id":1317,"tdata_path":"\/www\/wwwroot\/tdata.tgbota.top\/public\/uploads\/admin\/202512\/695387359e84b\/8615213101091\/tdata","proxy":"socks5:\/\/user-splmqynpf0-country-jp:9u6virjzTwd1PRZp4=@isp.decodo.com:10040","params":[],"tguser_id":"8422558220","first_name":null,"main_dc_id":5,"auth_key_hex":"6239b56acc5e2e759e6bc2ce6eed9ea7f62d0750f74b5687a06edcaf95b1017050b30d45ca0f5d6cda7eab40e2085cd1b14e6fd0ecb7b9484b3d694b748abb1034f6e255aa4999dd6912f26390e29d752d5773351147da6c803b2e6e0fad31d794c4a1256abe213138e6cc12230afa93c683287908f902d5a8639a857fec735d11f8fb7deac9e812054efc9432c0bb9230f4c281e2c7fed608bf73cf10afc546aa48f8dfbf41264276495e282bd313d480d641d2569035b895da582e7e7029c650d90af109d48b6a531591a5f5b28c8e080c1f0664cd7bb59bad39c4f2b8431fccf4a4bd531fc4c65f6a751f61d538868d7cc96fa806729b4adaf7153f16e6a0","assigned_port":5088,"assigned_host":"127.0.0.1"}]}
[2025-12-31T15:14:00+08:00][info] [callPythonApiAsync] 发送请求到 http://127.0.0.1:5088/telegram_action
[2025-12-31T15:14:00+08:00][info] [batchApiProcess] 地址 http://127.0.0.1:5089 处理 1 个任务
[2025-12-31T15:14:00+08:00][info] 发送任务{"batch":[{"action":"set_online","user_id":1318,"tdata_path":"\/www\/wwwroot\/tdata.tgbota.top\/public\/uploads\/admin\/202512\/695387359e84b\/8615213118740\/tdata","proxy":"socks5:\/\/user-splmqynpf0-country-jp:9u6virjzTwd1PRZp4=@isp.decodo.com:10039","params":[],"tguser_id":"8464297372","first_name":null,"main_dc_id":5,"auth_key_hex":"6c477e2ed1004fb20f17874cc769868258a93b68cfef86a18b445f5d362405a1f4561f779eb0bd7b03e61eb3d5b57bf967963d024144ba357f381a4074925b5b70d46592d095913a1dfad71bf6c8e2938deb1949aec714a5db2ca722d159e5a5eff3f36414c3cc4cbf5e3fc9c1284860b402b292b0d766119938b539a314106de23656930025e8f146f980a3df77cd8831fd8e516371a7abb6f066d3a21245679a8d6bdec1b538002ae6566c38d9e29a2494df5896f4dfa7d573b60a2e516d65c222e6d2a11c760aee1c01671a7e5f5ca571e10b6a42311517c5c871ed9adbce3b64c52f646eed08325201aef11136591d3a7c80b7f3fdb10351a5d0fdc1fc09","assigned_port":5089,"assigned_host":"127.0.0.1"}]}
[2025-12-31T15:14:00+08:00][info] [callPythonApiAsync] 发送请求到 http://127.0.0.1:5089/telegram_action
[2025-12-31T15:14:00+08:00][info] [batchApiProcess] 地址 http://127.0.0.1:5090 处理 1 个任务
[2025-12-31T15:14:00+08:00][info] 发送任务{"batch":[{"action":"set_online","user_id":1319,"tdata_path":"\/www\/wwwroot\/tdata.tgbota.top\/public\/uploads\/admin\/202512\/695387359e84b\/8615178816190\/tdata","proxy":"socks5:\/\/user-splmqynpf0-country-jp:9u6virjzTwd1PRZp4=@isp.decodo.com:10038","params":[],"tguser_id":"8096792614","first_name":null,"main_dc_id":5,"auth_key_hex":"804ab03c4e0d76d97b0e58ff626f33084e2e15e5e8bfa536a4c080b2776aff80a4debe0ddd06c7e924a2fd95b829ce3daa7cfdb5e14a77758d579f472d161d8da784ed14208e772cd13d847eaacadf5c319a7601a801391bc4014aeac6433872926ceb5f21a507d67e262831091ef973dfe7adb6d1299939a942e7ad0cf4099287f0b5567b96754084ac2e0f78aa6a6b92f5efa7b7140691ef4c5ae4eb4b141426a54db39cd218aa0ba15c4aa180e1d7d441137d0b24d9705d0ed887da51b81fd8340cac39729cda108f4e54aae394fa733b1463e64dedc97f931d2870aac6ccde2f7fd7cfcc265111ded223f0dcbc16a3fc65114adbedec32f5b560e6f81ace","assigned_port":5090,"assigned_host":"127.0.0.1"}]}
[2025-12-31T15:14:00+08:00][info] [callPythonApiAsync] 发送请求到 http://127.0.0.1:5090/telegram_action
[2025-12-31T15:14:00+08:00][info] [batchApiProcess] 地址 http://127.0.0.1:5091 处理 1 个任务
[2025-12-31T15:14:00+08:00][info] 发送任务{"batch":[{"action":"set_online","user_id":1320,"tdata_path":"\/www\/wwwroot\/tdata.tgbota.top\/public\/uploads\/admin\/202512\/695387359e84b\/8615178867814\/tdata","proxy":"socks5:\/\/user-splmqynpf0-country-jp:9u6virjzTwd1PRZp4=@isp.decodo.com:10037","params":[],"tguser_id":"8276319913","first_name":null,"main_dc_id":5,"auth_key_hex":"202dc7f631c36b6348191918570d852ba5690452ffee203917c45b5e15d1fe09f37accc500959b30a01412639f6e8f6eda20dd27f8450909ca3d7c7ae8f424071392c0804cab5cc3abf8d46b5e6767669f757d6bc543c1694a2a6b2e2e08a7bc7e12cc26a3c78687472ea4c81d0dd2b13d7231190d82c48a9dca37c19814ca8aa40b6b65e78ba7de8476f9a2cb499d3c3a8cf227be776b4980d1ed75c5762861e5eac6e7ccac8f070b228295391e66b1bcc9d0217b19448817978a7007c2bcce6c5c099f87ed38ff0b8d6d2e1d73566f4bc19e2ad87a57b721fe57b58b23698e861cacbd2fc4e25138bb540bbac53d82f2c3d6b9ff2764d193da76aafc2c76e7","assigned_port":5091,"assigned_host":"127.0.0.1"}]}
[2025-12-31T15:14:00+08:00][info] [callPythonApiAsync] 发送请求到 http://127.0.0.1:5091/telegram_action
[2025-12-31T15:14:00+08:00][info] [batchApiProcess] 地址 http://127.0.0.1:5093 处理 1 个任务
[2025-12-31T15:14:00+08:00][info] 发送任务{"batch":[{"action":"set_online","user_id":1322,"tdata_path":"\/www\/wwwroot\/tdata.tgbota.top\/public\/uploads\/admin\/202512\/695387359e84b\/8615193191467\/tdata","proxy":"socks5:\/\/user-splmqynpf0-country-jp:9u6virjzTwd1PRZp4=@isp.decodo.com:10035","params":[],"tguser_id":"8392688721","first_name":null,"main_dc_id":5,"auth_key_hex":"08fc5ae34506ad4b2cb63c7f1a0d5881a9233282882d183588bae245bd87a2a05637b3734b18a8577f6d874cd47ed3a285ed0243fb6a1914f2b9ba12c6510d9ea27c853f165c3377a93e9633eb861cb1a7e443b4fbfc652dd795fcb52a02330389e59072d4ff79a6d634b162e14ca28fa665ed8d5f5b3116cffd78c43bee9ef7ae7f80157bba06cf4617a4e4a6a82cc2bec35c21e19ed51f29d86f39445ff44f44eebeacdd566ef82b3b88577e612ae610bb82794212043d2ab567cee1a9c0e5be729a5ade24d3f1657bc1e0341d45a68eef7e7667ca5631f94a622e85f0691584d6077b443e63b2eab4e12bd80ec03c8e008d3a7bac89f5708762e4fa608d1e","assigned_port":5093,"assigned_host":"127.0.0.1"}]}
[2025-12-31T15:14:00+08:00][info] [callPythonApiAsync] 发送请求到 http://127.0.0.1:5093/telegram_action
[2025-12-31T15:14:00+08:00][info] [batchApiProcess] 地址 http://127.0.0.1:5095 处理 1 个任务
[2025-12-31T15:14:00+08:00][info] 发送任务{"batch":[{"action":"set_online","user_id":1324,"tdata_path":"\/www\/wwwroot\/tdata.tgbota.top\/public\/uploads\/admin\/202512\/695387359e84b\/8615178865290\/tdata","proxy":"socks5:\/\/user-splmqynpf0-country-jp:9u6virjzTwd1PRZp4=@isp.decodo.com:10033","params":[],"tguser_id":"8447268219","first_name":null,"main_dc_id":5,"auth_key_hex":"94cbd61f554e1d62a468310a5960f7d488a2813426b1b2029c3fa3c94d9e973eb4eb261ffab8f8e4dc797cbb9be9f65862cddc1f8c2e05eb1bf6528421cf8285d20a7fd1482da19d7b028a84908c7db8c5f7d2075eaacf5294baed583a87bb5a7140fb376e9034d13795bc323705b54e2b66253b30effeeee2168e477de433c6dadc42946b0bcb46dd6891c08bd9389f7d8a8fba9013b176a6453114be8b132674434747b819155ef013a36b6cf9da3fa106d883b44e1ad862dea0e71f1811ee155ef17027298442c18cd3a4ee61cea17dd51a784ff1191f99c676b5ceeada20309f60f0ef9f661154b58d2f6e4bdcde509cda6ae41fedd2bd8c898d5ab2fbfe","assigned_port":5095,"assigned_host":"127.0.0.1"}]}
[2025-12-31T15:14:00+08:00][info] [callPythonApiAsync] 发送请求到 http://127.0.0.1:5095/telegram_action
[2025-12-31T15:14:00+08:00][info] [batchApiProcess] 地址 http://127.0.0.1:5096 处理 1 个任务
[2025-12-31T15:14:00+08:00][info] 发送任务{"batch":[{"action":"set_online","user_id":1325,"tdata_path":"\/www\/wwwroot\/tdata.tgbota.top\/public\/uploads\/admin\/202512\/695387359e84b\/8615213150287\/tdata","proxy":"socks5:\/\/user-splmqynpf0-country-jp:9u6virjzTwd1PRZp4=@isp.decodo.com:10032","params":[],"tguser_id":"8351771927","first_name":null,"main_dc_id":5,"auth_key_hex":"63b9d000c8bce18991b85cad26deb36a57289105cf10b89781d52ea75c84307ec909f91ee258d41da1ea002728ec620428293fa541cfad5dccf5d234d31d97002673547daf9e96db4f3f42564741fe0b4e3b6a158e6453a0468e07b91c379e214cf47fa8fdd6c8470e45eecc72d8ab40a7e2cc0cb025c630d1136050b310308510b9a7c57fb24e5d94becd5dd2bafd46d5c533907738ca972dfadb02bb43b63198d3a22526b1a66990f478ad8f3afe9efae0c7d3c7682487e5d9a1bbde00c774ad2d781f0a4ef0946f6ab420d8e71f712cf4952693909e1014382ef9dd1281e9293e70a88dc8c599ee7710840dcf08460e9889702503679b2ea1a7910c9039f7","assigned_port":5096,"assigned_host":"127.0.0.1"}]}
[2025-12-31T15:14:00+08:00][info] [callPythonApiAsync] 发送请求到 http://127.0.0.1:5096/telegram_action
[2025-12-31T15:14:00+08:00][info] [batchApiProcess] 地址 http://127.0.0.1:5097 处理 1 个任务
[2025-12-31T15:14:00+08:00][info] 发送任务{"batch":[{"action":"set_online","user_id":1326,"tdata_path":"\/www\/wwwroot\/tdata.tgbota.top\/public\/uploads\/admin\/202512\/695387359e84b\/8615211854929\/tdata","proxy":"socks5:\/\/user-splmqynpf0-country-jp:9u6virjzTwd1PRZp4=@isp.decodo.com:10031","params":[],"tguser_id":"8309483279","first_name":null,"main_dc_id":5,"auth_key_hex":"62b81d5adcd831cf4db89f120a033bbf67be45818b33026b8039736570e8b9b836c3146b7c9c7ad5454c836be8454043581ca992057667e3472637f1998c457ab0656d51b72118a4607f0715728f0d7cc15a2bfb8356170025160cd9675935decd024fc21823e766bdb2570e1ddb8bfda110dd162745dcede622d916d46f8bf83d9fa5c2d2448122c6395e0f5f77e112f90152d41f317144edbfce2b0c45175cae79f1a5cfadd3219e1060ab00673168e921c89e6d2ffdfc895dd1de2c2f00c66e888d2370b7f9c700dd15fed17df9c168dd26825f8dd6b8d9c1364ca0c9d2084c30dea202c37675c25c90c6722261a7aeb9d12e8b294506c3e5683477c43255","assigned_port":5097,"assigned_host":"127.0.0.1"}]}
[2025-12-31T15:14:00+08:00][info] [callPythonApiAsync] 发送请求到 http://127.0.0.1:5097/telegram_action
[2025-12-31T15:14:05+08:00][info] [callPythonApiAsync] 的值：{"status":true,"message":"\u6279\u91cf\u4efb\u52a1\u5b8c\u6210","data":[{"status":false,"message":"\u590d\u7528\u5df2\u6709\u5ba2\u6237\u7aef\uff0c\u5df2\u5904\u4e8e\u5728\u7ebf\u72b6\u6001","data":{"account_status":"\u51bb\u7ed3","account_status_desc":"\u8d26\u53f7\u88abTelegram\u5b98\u65b9\u51bb\u7ed3: The account was frozen"},"account_info":{"account_id":"0","phone":"","result":{"session_path":"\/www\/wwwroot\/tdata.tgbota.top\/public\/uploads\/admin\/202512\/6952870fadb7f\/85296732357\/tdata\/temp_8247806507.session","verification_result":{"success":true,"user_id":8247806507,"username":null,"nickname":"Trista Nadia","phone":"85296732357","country":"\u9999\u6e2f","status_info":{"type":"UserStatusOffline","is_online":false,"was_online":1763884159},"is_authorized":true,"account_status":"\u6b63\u5e38","account_status_desc":"\u8d26\u53f7\u72b6\u6001\u6b63\u5e38","session_file":"\/www\/wwwroot\/tdata.tgbota.top\/public\/uploads\/admin\/202512\/6952870fadb7f\/85296732357\/tdata\/temp_8247806507.session","client":null}},"error":""},"task_id":0,"mt_id":1147}]}
[2025-12-31T15:14:05+08:00][info] [callPythonApiAsync] 地址 http://127.0.0.1:5013 响应成功
[2025-12-31T15:14:05+08:00][info] [callPythonApiAsync] 的值：{"status":true,"message":"\u6279\u91cf\u4efb\u52a1\u5b8c\u6210","data":[{"status":false,"message":"\u590d\u7528\u5df2\u6709\u5ba2\u6237\u7aef\uff0c\u5df2\u5904\u4e8e\u5728\u7ebf\u72b6\u6001","data":{"account_status":"\u51bb\u7ed3","account_status_desc":"\u8d26\u53f7\u88abTelegram\u5b98\u65b9\u51bb\u7ed3: The account was frozen"},"account_info":{"account_id":"0","phone":"","result":{"session_path":"\/www\/wwwroot\/tdata.tgbota.top\/public\/uploads\/admin\/202512\/6952870fadb7f\/85298387635\/tdata\/temp_8456250779.session","verification_result":{"success":true,"user_id":8456250779,"username":null,"nickname":"Black Tabitha","phone":"85298387635","country":"\u9999\u6e2f","status_info":{"type":"UserStatusOffline","is_online":false,"was_online":1763884245},"is_authorized":true,"account_status":"\u6b63\u5e38","account_status_desc":"\u8d26\u53f7\u72b6\u6001\u6b63\u5e38","session_file":"\/www\/wwwroot\/tdata.tgbota.top\/public\/uploads\/admin\/202512\/6952870fadb7f\/85298387635\/tdata\/temp_8456250779.session","client":null}},"error":""},"task_id":0,"mt_id":1175}]}
[2025-12-31T15:14:05+08:00][info] [callPythonApiAsync] 地址 http://127.0.0.1:5041 响应成功
[2025-12-31T15:14:06+08:00][info] [callPythonApiAsync] 的值：{"status":true,"message":"\u6279\u91cf\u4efb\u52a1\u5b8c\u6210","data":[{"status":true,"message":"\u590d\u7528\u5df2\u6709\u5ba2\u6237\u7aef\uff0c\u5df2\u5904\u4e8e\u5728\u7ebf\u72b6\u6001","data":{"account_status":"\u6b63\u5e38","account_status_desc":"\u767b\u5f55\u6210\u529f"},"account_info":{"account_id":"0","phone":"","result":{"session_path":"\/www\/wwwroot\/tdata.tgbota.top\/public\/uploads\/admin\/202512\/695387359e84b\/8615211862815\/tdata\/temp_8412207894.session","verification_result":{"success":true,"user_id":8412207894,"username":null,"nickname":"Gladys Barrocas","phone":"8615211862815","country":"\u4e2d\u56fd","status_info":{"type":"UserStatusOffline","is_online":false,"was_online":1766911553},"is_authorized":true,"account_status":"\u6b63\u5e38","account_status_desc":"\u8d26\u53f7\u72b6\u6001\u6b63\u5e38","session_file":"\/www\/wwwroot\/tdata.tgbota.top\/public\/uploads\/admin\/202512\/695387359e84b\/8615211862815\/tdata\/temp_8412207894.session","client":null}},"error":""},"task_id":0,"mt_id":1283}]}
[2025-12-31T15:14:06+08:00][info] [callPythonApiAsync] 地址 http://127.0.0.1:5054 响应成功
[2025-12-31T15:14:06+08:00][info] [callPythonApiAsync] 的值：{"status":true,"message":"\u6279\u91cf\u4efb\u52a1\u5b8c\u6210","data":[{"status":false,"message":"\u590d\u7528\u5df2\u6709\u5ba2\u6237\u7aef\uff0c\u5df2\u5904\u4e8e\u5728\u7ebf\u72b6\u6001","data":{"account_status":"\u51bb\u7ed3","account_status_desc":"\u8d26\u53f7\u88abTelegram\u5b98\u65b9\u51bb\u7ed3: The account was frozen"},"account_info":{"account_id":"0","phone":"","result":{"session_path":"\/www\/wwwroot\/tdata.tgbota.top\/public\/uploads\/admin\/202512\/695387359e84b\/8615211854929\/tdata\/temp_8309483279.session","verification_result":{"success":true,"user_id":8309483279,"username":null,"nickname":"Marilyn Minor","phone":"8615211854929","country":"\u4e2d\u56fd","status_info":{"type":"UserStatusOffline","is_online":false,"was_online":1766911553},"is_authorized":true,"account_status":"\u6b63\u5e38","account_status_desc":"\u8d26\u53f7\u72b6\u6001\u6b63\u5e38","session_file":"\/www\/wwwroot\/tdata.tgbota.top\/public\/uploads\/admin\/202512\/695387359e84b\/8615211854929\/tdata\/temp_8309483279.session","client":null}},"error":""},"task_id":0,"mt_id":1326}]}
[2025-12-31T15:14:06+08:00][info] [callPythonApiAsync] 地址 http://127.0.0.1:5097 响应成功
[2025-12-31T15:14:06+08:00][info] [callPythonApiAsync] 的值：{"status":true,"message":"\u6279\u91cf\u4efb\u52a1\u5b8c\u6210","data":[{"status":false,"message":"\u590d\u7528\u5df2\u6709\u5ba2\u6237\u7aef\uff0c\u5df2\u5904\u4e8e\u5728\u7ebf\u72b6\u6001","data":{"account_status":"\u51bb\u7ed3","account_status_desc":"\u8d26\u53f7\u88abTelegram\u5b98\u65b9\u51bb\u7ed3: The account was frozen"},"account_info":{"account_id":"0","phone":"","result":{"session_path":"\/www\/wwwroot\/tdata.tgbota.top\/public\/uploads\/admin\/202512\/695387359e84b\/8615178780421\/tdata\/temp_8035424204.session","verification_result":{"success":true,"user_id":8035424204,"username":null,"nickname":"Harry Hobbs","phone":"8615178780421","country":"\u4e2d\u56fd","status_info":{"type":"UserStatusOffline","is_online":false,"was_online":1766911555},"is_authorized":true,"account_status":"\u6b63\u5e38","account_status_desc":"\u8d26\u53f7\u72b6\u6001\u6b63\u5e38","session_file":"\/www\/wwwroot\/tdata.tgbota.top\/public\/uploads\/admin\/202512\/695387359e84b\/8615178780421\/tdata\/temp_8035424204.session","client":null}},"error":""},"task_id":0,"mt_id":1314}]}
[2025-12-31T15:14:06+08:00][info] [callPythonApiAsync] 地址 http://127.0.0.1:5085 响应成功
[2025-12-31T15:14:06+08:00][info] [callPythonApiAsync] 的值：{"status":true,"message":"\u6279\u91cf\u4efb\u52a1\u5b8c\u6210","data":[{"status":false,"message":"\u590d\u7528\u5df2\u6709\u5ba2\u6237\u7aef\uff0c\u5df2\u5904\u4e8e\u5728\u7ebf\u72b6\u6001","data":{"account_status":"\u51bb\u7ed3","account_status_desc":"\u8d26\u53f7\u88abTelegram\u5b98\u65b9\u51bb\u7ed3: The account was frozen"},"account_info":{"account_id":"0","phone":"","result":{"session_path":"\/www\/wwwroot\/tdata.tgbota.top\/public\/uploads\/admin\/202512\/695387359e84b\/8615193191467\/tdata\/temp_8392688721.session","verification_result":{"success":true,"user_id":8392688721,"username":null,"nickname":"Lindsey Magee","phone":"8615193191467","country":"\u4e2d\u56fd","status_info":{"type":"UserStatusOffline","is_online":false,"was_online":1766911552},"is_authorized":true,"account_status":"\u6b63\u5e38","account_status_desc":"\u8d26\u53f7\u72b6\u6001\u6b63\u5e38","session_file":"\/www\/wwwroot\/tdata.tgbota.top\/public\/uploads\/admin\/202512\/695387359e84b\/8615193191467\/tdata\/temp_8392688721.session","client":null}},"error":""},"task_id":0,"mt_id":1322}]}
[2025-12-31T15:14:06+08:00][info] [callPythonApiAsync] 地址 http://127.0.0.1:5093 响应成功
[2025-12-31T15:14:07+08:00][info] [callPythonApiAsync] 的值：{"status":true,"message":"\u6279\u91cf\u4efb\u52a1\u5b8c\u6210","data":[{"status":false,"message":"\u590d\u7528\u5df2\u6709\u5ba2\u6237\u7aef\uff0c\u5df2\u5904\u4e8e\u5728\u7ebf\u72b6\u6001","data":{"account_status":"\u51bb\u7ed3","account_status_desc":"\u8d26\u53f7\u88abTelegram\u5b98\u65b9\u51bb\u7ed3: The account was frozen"},"account_info":{"account_id":"0","phone":"","result":{"session_path":"\/www\/wwwroot\/tdata.tgbota.top\/public\/uploads\/admin\/202512\/695387359e84b\/8615213109327\/tdata\/temp_8240395408.session","verification_result":{"success":true,"user_id":8240395408,"username":null,"nickname":"Thea Bachleda","phone":"8615213109327","country":"\u4e2d\u56fd","status_info":{"type":"UserStatusOffline","is_online":false,"was_online":1766911552},"is_authorized":true,"account_status":"\u6b63\u5e38","account_status_desc":"\u8d26\u53f7\u72b6\u6001\u6b63\u5e38","session_file":"\/www\/wwwroot\/tdata.tgbota.top\/public\/uploads\/admin\/202512\/695387359e84b\/8615213109327\/tdata\/temp_8240395408.session","client":null}},"error":""},"task_id":0,"mt_id":1277}]}
[2025-12-31T15:14:07+08:00][info] [callPythonApiAsync] 地址 http://127.0.0.1:5048 响应成功
[2025-12-31T15:14:07+08:00][info] [callPythonApiAsync] 的值：{"status":true,"message":"\u6279\u91cf\u4efb\u52a1\u5b8c\u6210","data":[{"status":false,"message":"\u590d\u7528\u5df2\u6709\u5ba2\u6237\u7aef\uff0c\u5df2\u5904\u4e8e\u5728\u7ebf\u72b6\u6001","data":{"account_status":"\u51bb\u7ed3","account_status_desc":"\u8d26\u53f7\u88abTelegram\u5b98\u65b9\u51bb\u7ed3: The account was frozen"},"account_info":{"account_id":"0","phone":"","result":{"session_path":"\/www\/wwwroot\/tdata.tgbota.top\/public\/uploads\/admin\/202512\/695387359e84b\/8615178824224\/tdata\/temp_8390314909.session","verification_result":{"success":true,"user_id":8390314909,"username":null,"nickname":"Andrew Hunter","phone":"8615178824224","country":"\u4e2d\u56fd","status_info":{"type":"UserStatusOffline","is_online":false,"was_online":1766911555},"is_authorized":true,"account_status":"\u6b63\u5e38","account_status_desc":"\u8d26\u53f7\u72b6\u6001\u6b63\u5e38","session_file":"\/www\/wwwroot\/tdata.tgbota.top\/public\/uploads\/admin\/202512\/695387359e84b\/8615178824224\/tdata\/temp_8390314909.session","client":null}},"error":""},"task_id":0,"mt_id":1300}]}
[2025-12-31T15:14:07+08:00][info] [callPythonApiAsync] 地址 http://127.0.0.1:5071 响应成功
[2025-12-31T15:14:07+08:00][info] [callPythonApiAsync] 的值：{"status":true,"message":"\u6279\u91cf\u4efb\u52a1\u5b8c\u6210","data":[{"status":true,"message":"\u590d\u7528\u5df2\u6709\u5ba2\u6237\u7aef\uff0c\u5df2\u5904\u4e8e\u5728\u7ebf\u72b6\u6001","data":{"account_status":"\u6b63\u5e38","account_status_desc":"\u767b\u5f55\u6210\u529f"},"account_info":{"account_id":"0","phone":"","result":{"session_path":"\/www\/wwwroot\/tdata.tgbota.top\/public\/uploads\/admin\/202512\/695387359e84b\/8615211853935\/tdata\/temp_8104939574.session","verification_result":{"success":true,"user_id":8104939574,"username":null,"nickname":"James Richards","phone":"8615211853935","country":"\u4e2d\u56fd","status_info":{"type":"UserStatusOffline","is_online":false,"was_online":1766911553},"is_authorized":true,"account_status":"\u6b63\u5e38","account_status_desc":"\u8d26\u53f7\u72b6\u6001\u6b63\u5e38","session_file":"\/www\/wwwroot\/tdata.tgbota.top\/public\/uploads\/admin\/202512\/695387359e84b\/8615211853935\/tdata\/temp_8104939574.session","client":null}},"error":""},"task_id":0,"mt_id":1316}]}
[2025-12-31T15:14:07+08:00][info] [callPythonApiAsync] 地址 http://127.0.0.1:5087 响应成功
[2025-12-31T15:14:07+08:00][info] [callPythonApiAsync] 的值：{"status":true,"message":"\u6279\u91cf\u4efb\u52a1\u5b8c\u6210","data":[{"status":false,"message":"\u590d\u7528\u5df2\u6709\u5ba2\u6237\u7aef\uff0c\u5df2\u5904\u4e8e\u5728\u7ebf\u72b6\u6001","data":{"account_status":"\u51bb\u7ed3","account_status_desc":"\u8d26\u53f7\u88abTelegram\u5b98\u65b9\u51bb\u7ed3: The account was frozen"},"account_info":{"account_id":"0","phone":"","result":{"session_path":"\/www\/wwwroot\/tdata.tgbota.top\/public\/uploads\/admin\/202512\/695387359e84b\/8615211852301\/tdata\/temp_8471501880.session","verification_result":{"success":true,"user_id":8471501880,"username":null,"nickname":"James Bustamante","phone":"8615211852301","country":"\u4e2d\u56fd","status_info":{"type":"UserStatusOffline","is_online":false,"was_online":1766911553},"is_authorized":true,"account_status":"\u6b63\u5e38","account_status_desc":"\u8d26\u53f7\u72b6\u6001\u6b63\u5e38","session_file":"\/www\/wwwroot\/tdata.tgbota.top\/public\/uploads\/admin\/202512\/695387359e84b\/8615211852301\/tdata\/temp_8471501880.session","client":null}},"error":""},"task_id":0,"mt_id":1278}]}
[2025-12-31T15:14:07+08:00][info] [callPythonApiAsync] 地址 http://127.0.0.1:5049 响应成功
[2025-12-31T15:14:07+08:00][info] [callPythonApiAsync] 的值：{"status":true,"message":"\u6279\u91cf\u4efb\u52a1\u5b8c\u6210","data":[{"status":false,"message":"\u590d\u7528\u5df2\u6709\u5ba2\u6237\u7aef\uff0c\u5df2\u5904\u4e8e\u5728\u7ebf\u72b6\u6001","data":{"account_status":"\u51bb\u7ed3","account_status_desc":"\u8d26\u53f7\u88abTelegram\u5b98\u65b9\u51bb\u7ed3: The account was frozen"},"account_info":{"account_id":"0","phone":"","result":{"session_path":"\/www\/wwwroot\/tdata.tgbota.top\/public\/uploads\/admin\/202512\/695387359e84b\/8615178793580\/tdata\/temp_8262353413.session","verification_result":{"success":true,"user_id":8262353413,"username":null,"nickname":"Jill Desrosiers","phone":"8615178793580","country":"\u4e2d\u56fd","status_info":{"type":"UserStatusOffline","is_online":false,"was_online":1766911554},"is_authorized":true,"account_status":"\u6b63\u5e38","account_status_desc":"\u8d26\u53f7\u72b6\u6001\u6b63\u5e38","session_file":"\/www\/wwwroot\/tdata.tgbota.top\/public\/uploads\/admin\/202512\/695387359e84b\/8615178793580\/tdata\/temp_8262353413.session","client":null}},"error":""},"task_id":0,"mt_id":1288}]}
[2025-12-31T15:14:07+08:00][info] [callPythonApiAsync] 地址 http://127.0.0.1:5059 响应成功
[2025-12-31T15:14:07+08:00][info] [callPythonApiAsync] 的值：{"status":true,"message":"\u6279\u91cf\u4efb\u52a1\u5b8c\u6210","data":[{"status":false,"message":"\u590d\u7528\u5df2\u6709\u5ba2\u6237\u7aef\uff0c\u5df2\u5904\u4e8e\u5728\u7ebf\u72b6\u6001","data":{"account_status":"\u51bb\u7ed3","account_status_desc":"\u8d26\u53f7\u88abTelegram\u5b98\u65b9\u51bb\u7ed3: The account was frozen"},"account_info":{"account_id":"0","phone":"","result":{"session_path":"\/www\/wwwroot\/tdata.tgbota.top\/public\/uploads\/admin\/202512\/695387359e84b\/8615178808607\/tdata\/temp_8264781163.session","verification_result":{"success":true,"user_id":8264781163,"username":null,"nickname":"Margaret Greene","phone":"8615178808607","country":"\u4e2d\u56fd","status_info":{"type":"UserStatusOffline","is_online":false,"was_online":1766911554},"is_authorized":true,"account_status":"\u6b63\u5e38","account_status_desc":"\u8d26\u53f7\u72b6\u6001\u6b63\u5e38","session_file":"\/www\/wwwroot\/tdata.tgbota.top\/public\/uploads\/admin\/202512\/695387359e84b\/8615178808607\/tdata\/temp_8264781163.session","client":null}},"error":""},"task_id":0,"mt_id":1304}]}
[2025-12-31T15:14:07+08:00][info] [callPythonApiAsync] 地址 http://127.0.0.1:5075 响应成功
[2025-12-31T15:14:07+08:00][info] [callPythonApiAsync] 的值：{"status":true,"message":"\u6279\u91cf\u4efb\u52a1\u5b8c\u6210","data":[{"status":false,"message":"\u590d\u7528\u5df2\u6709\u5ba2\u6237\u7aef\uff0c\u5df2\u5904\u4e8e\u5728\u7ebf\u72b6\u6001","data":{"account_status":"\u51bb\u7ed3","account_status_desc":"\u8d26\u53f7\u88abTelegram\u5b98\u65b9\u51bb\u7ed3: The account was frozen"},"account_info":{"account_id":"0","phone":"","result":{"session_path":"\/www\/wwwroot\/tdata.tgbota.top\/public\/uploads\/admin\/202512\/695387359e84b\/8615178745170\/tdata\/temp_8461665305.session","verification_result":{"success":true,"user_id":8461665305,"username":null,"nickname":"John Raines","phone":"8615178745170","country":"\u4e2d\u56fd","status_info":{"type":"UserStatusOffline","is_online":false,"was_online":1766911555},"is_authorized":true,"account_status":"\u6b63\u5e38","account_status_desc":"\u8d26\u53f7\u72b6\u6001\u6b63\u5e38","session_file":"\/www\/wwwroot\/tdata.tgbota.top\/public\/uploads\/admin\/202512\/695387359e84b\/8615178745170\/tdata\/temp_8461665305.session","client":null}},"error":""},"task_id":0,"mt_id":1294}]}
[2025-12-31T15:14:07+08:00][info] [callPythonApiAsync] 地址 http://127.0.0.1:5065 响应成功
[2025-12-31T15:14:07+08:00][info] [callPythonApiAsync] 的值：{"status":true,"message":"\u6279\u91cf\u4efb\u52a1\u5b8c\u6210","data":[{"status":false,"message":"\u590d\u7528\u5df2\u6709\u5ba2\u6237\u7aef\uff0c\u5df2\u5904\u4e8e\u5728\u7ebf\u72b6\u6001","data":{"account_status":"\u51bb\u7ed3","account_status_desc":"\u8d26\u53f7\u88abTelegram\u5b98\u65b9\u51bb\u7ed3: The account was frozen"},"account_info":{"account_id":"0","phone":"","result":{"session_path":"\/www\/wwwroot\/tdata.tgbota.top\/public\/uploads\/admin\/202512\/6952870fadb7f\/85297408028\/tdata\/temp_8421226027.session","verification_result":{"success":true,"user_id":8421226027,"username":null,"nickname":"Tony Davin","phone":"85297408028","country":"\u9999\u6e2f","status_info":{"type":"UserStatusOffline","is_online":false,"was_online":1763884176},"is_authorized":true,"account_status":"\u6b63\u5e38","account_status_desc":"\u8d26\u53f7\u72b6\u6001\u6b63\u5e38","session_file":"\/www\/wwwroot\/tdata.tgbota.top\/public\/uploads\/admin\/202512\/6952870fadb7f\/85297408028\/tdata\/temp_8421226027.session","client":null}},"error":""},"task_id":0,"mt_id":1167}]}
[2025-12-31T15:14:07+08:00][info] [callPythonApiAsync] 地址 http://127.0.0.1:5033 响应成功
[2025-12-31T15:14:07+08:00][info] [callPythonApiAsync] 的值：{"status":true,"message":"\u6279\u91cf\u4efb\u52a1\u5b8c\u6210","data":[{"status":false,"message":"\u590d\u7528\u5df2\u6709\u5ba2\u6237\u7aef\uff0c\u5df2\u5904\u4e8e\u5728\u7ebf\u72b6\u6001","data":{"account_status":"\u51bb\u7ed3","account_status_desc":"\u8d26\u53f7\u88abTelegram\u5b98\u65b9\u51bb\u7ed3: The account was frozen"},"account_info":{"account_id":"0","phone":"","result":{"session_path":"\/www\/wwwroot\/tdata.tgbota.top\/public\/uploads\/admin\/202512\/6952870fadb7f\/85296750973\/tdata\/temp_8446284331.session","verification_result":{"success":true,"user_id":8446284331,"username":null,"nickname":"Rebellious Prosperous","phone":"85296750973","country":"\u9999\u6e2f","status_info":{"type":"UserStatusOffline","is_online":false,"was_online":1763884170},"is_authorized":true,"account_status":"\u6b63\u5e38","account_status_desc":"\u8d26\u53f7\u72b6\u6001\u6b63\u5e38","session_file":"\/www\/wwwroot\/tdata.tgbota.top\/public\/uploads\/admin\/202512\/6952870fadb7f\/85296750973\/tdata\/temp_8446284331.session","client":null}},"error":""},"task_id":0,"mt_id":1081}]}
[2025-12-31T15:14:07+08:00][info] [callPythonApiAsync] 地址 http://127.0.0.1:5042 响应成功
[2025-12-31T15:14:07+08:00][info] [callPythonApiAsync] 的值：{"status":true,"message":"\u6279\u91cf\u4efb\u52a1\u5b8c\u6210","data":[{"status":false,"message":"\u590d\u7528\u5df2\u6709\u5ba2\u6237\u7aef\uff0c\u5df2\u5904\u4e8e\u5728\u7ebf\u72b6\u6001","data":{"account_status":"\u51bb\u7ed3","account_status_desc":"\u8d26\u53f7\u88abTelegram\u5b98\u65b9\u51bb\u7ed3: The account was frozen"},"account_info":{"account_id":"0","phone":"","result":{"session_path":"\/www\/wwwroot\/tdata.tgbota.top\/public\/uploads\/admin\/202512\/695387359e84b\/8615211864362\/tdata\/temp_8278596927.session","verification_result":{"success":true,"user_id":8278596927,"username":null,"nickname":"Dorothy Little","phone":"8615211864362","country":"\u4e2d\u56fd","status_info":{"type":"UserStatusOffline","is_online":false,"was_online":1766911554},"is_authorized":true,"account_status":"\u6b63\u5e38","account_status_desc":"\u8d26\u53f7\u72b6\u6001\u6b63\u5e38","session_file":"\/www\/wwwroot\/tdata.tgbota.top\/public\/uploads\/admin\/202512\/695387359e84b\/8615211864362\/tdata\/temp_8278596927.session","client":null}},"error":""},"task_id":0,"mt_id":1298}]}
[2025-12-31T15:14:07+08:00][info] [callPythonApiAsync] 地址 http://127.0.0.1:5069 响应成功
[2025-12-31T15:14:07+08:00][info] [callPythonApiAsync] 的值：{"status":true,"message":"\u6279\u91cf\u4efb\u52a1\u5b8c\u6210","data":[{"status":true,"message":"\u590d\u7528\u5df2\u6709\u5ba2\u6237\u7aef\uff0c\u5df2\u5904\u4e8e\u5728\u7ebf\u72b6\u6001","data":{"account_status":"\u6b63\u5e38","account_status_desc":"\u767b\u5f55\u6210\u529f"},"account_info":{"account_id":"0","phone":"","result":{"session_path":"\/www\/wwwroot\/tdata.tgbota.top\/public\/uploads\/admin\/202512\/695387359e84b\/8615211864107\/tdata\/temp_8175983174.session","verification_result":{"success":true,"user_id":8175983174,"username":null,"nickname":"Andrew Stephenson","phone":"8615211864107","country":"\u4e2d\u56fd","status_info":{"type":"UserStatusOffline","is_online":false,"was_online":1766911554},"is_authorized":true,"account_status":"\u6b63\u5e38","account_status_desc":"\u8d26\u53f7\u72b6\u6001\u6b63\u5e38","session_file":"\/www\/wwwroot\/tdata.tgbota.top\/public\/uploads\/admin\/202512\/695387359e84b\/8615211864107\/tdata\/temp_8175983174.session","client":null}},"error":""},"task_id":0,"mt_id":1312}]}
[2025-12-31T15:14:07+08:00][info] [callPythonApiAsync] 地址 http://127.0.0.1:5083 响应成功
[2025-12-31T15:14:07+08:00][info] [callPythonApiAsync] 的值：{"status":true,"message":"\u6279\u91cf\u4efb\u52a1\u5b8c\u6210","data":[{"status":false,"message":"\u590d\u7528\u5df2\u6709\u5ba2\u6237\u7aef\uff0c\u5df2\u5904\u4e8e\u5728\u7ebf\u72b6\u6001","data":{"account_status":"\u51bb\u7ed3","account_status_desc":"\u8d26\u53f7\u88abTelegram\u5b98\u65b9\u51bb\u7ed3: The account was frozen"},"account_info":{"account_id":"0","phone":"","result":{"session_path":"\/www\/wwwroot\/tdata.tgbota.top\/public\/uploads\/admin\/202512\/6952870fadb7f\/85247158958\/tdata\/temp_8400619507.session","verification_result":{"success":true,"user_id":8400619507,"username":null,"nickname":"Zachariah Mary","phone":"85247158958","country":"\u9999\u6e2f","status_info":{"type":"UserStatusOffline","is_online":false,"was_online":1764245729},"is_authorized":true,"account_status":"\u6b63\u5e38","account_status_desc":"\u8d26\u53f7\u72b6\u6001\u6b63\u5e38","session_file":"\/www\/wwwroot\/tdata.tgbota.top\/public\/uploads\/admin\/202512\/6952870fadb7f\/85247158958\/tdata\/temp_8400619507.session","client":null}},"error":""},"task_id":0,"mt_id":1079}]}
[2025-12-31T15:14:07+08:00][info] [callPythonApiAsync] 地址 http://127.0.0.1:5040 响应成功
[2025-12-31T15:14:07+08:00][info] [callPythonApiAsync] 的值：{"status":true,"message":"\u6279\u91cf\u4efb\u52a1\u5b8c\u6210","data":[{"status":false,"message":"\u590d\u7528\u5df2\u6709\u5ba2\u6237\u7aef\uff0c\u5df2\u5904\u4e8e\u5728\u7ebf\u72b6\u6001","data":{"account_status":"\u51bb\u7ed3","account_status_desc":"\u8d26\u53f7\u88abTelegram\u5b98\u65b9\u51bb\u7ed3: The account was frozen"},"account_info":{"account_id":"0","phone":"","result":{"session_path":"\/www\/wwwroot\/tdata.tgbota.top\/public\/uploads\/admin\/202512\/695387359e84b\/8615178773647\/tdata\/temp_8126419928.session","verification_result":{"success":true,"user_id":8126419928,"username":null,"nickname":"Mark Borges","phone":"8615178773647","country":"\u4e2d\u56fd","status_info":{"type":"UserStatusOffline","is_online":false,"was_online":1766911555},"is_authorized":true,"account_status":"\u6b63\u5e38","account_status_desc":"\u8d26\u53f7\u72b6\u6001\u6b63\u5e38","session_file":"\/www\/wwwroot\/tdata.tgbota.top\/public\/uploads\/admin\/202512\/695387359e84b\/8615178773647\/tdata\/temp_8126419928.session","client":null}},"error":""},"task_id":0,"mt_id":1292}]}
[2025-12-31T15:14:07+08:00][info] [callPythonApiAsync] 地址 http://127.0.0.1:5063 响应成功
[2025-12-31T15:14:07+08:00][info] [callPythonApiAsync] 的值：{"status":true,"message":"\u6279\u91cf\u4efb\u52a1\u5b8c\u6210","data":[{"status":false,"message":"\u590d\u7528\u5df2\u6709\u5ba2\u6237\u7aef\uff0c\u5df2\u5904\u4e8e\u5728\u7ebf\u72b6\u6001","data":{"account_status":"\u51bb\u7ed3","account_status_desc":"\u8d26\u53f7\u88abTelegram\u5b98\u65b9\u51bb\u7ed3: The account was frozen"},"account_info":{"account_id":"0","phone":"","result":{"session_path":"\/www\/wwwroot\/tdata.tgbota.top\/public\/uploads\/admin\/202512\/695387359e84b\/8615178877425\/tdata\/temp_8475919589.session","verification_result":{"success":true,"user_id":8475919589,"username":null,"nickname":"Ross Haas","phone":"8615178877425","country":"\u4e2d\u56fd","status_info":{"type":"UserStatusOffline","is_online":false,"was_online":1766911553},"is_authorized":true,"account_status":"\u6b63\u5e38","account_status_desc":"\u8d26\u53f7\u72b6\u6001\u6b63\u5e38","session_file":"\/www\/wwwroot\/tdata.tgbota.top\/public\/uploads\/admin\/202512\/695387359e84b\/8615178877425\/tdata\/temp_8475919589.session","client":null}},"error":""},"task_id":0,"mt_id":1290}]}
[2025-12-31T15:14:07+08:00][info] [callPythonApiAsync] 地址 http://127.0.0.1:5061 响应成功
[2025-12-31T15:14:07+08:00][info] [callPythonApiAsync] 的值：{"status":true,"message":"\u6279\u91cf\u4efb\u52a1\u5b8c\u6210","data":[{"status":false,"message":"\u590d\u7528\u5df2\u6709\u5ba2\u6237\u7aef\uff0c\u5df2\u5904\u4e8e\u5728\u7ebf\u72b6\u6001","data":{"account_status":"\u51bb\u7ed3","account_status_desc":"\u8d26\u53f7\u88abTelegram\u5b98\u65b9\u51bb\u7ed3: The account was frozen"},"account_info":{"account_id":"0","phone":"","result":{"session_path":"\/www\/wwwroot\/tdata.tgbota.top\/public\/uploads\/admin\/202512\/695387359e84b\/8615207128947\/tdata\/temp_8272647348.session","verification_result":{"success":true,"user_id":8272647348,"username":null,"nickname":"Jon Croom","phone":"8615207128947","country":"\u4e2d\u56fd","status_info":{"type":"UserStatusOffline","is_online":false,"was_online":1766911554},"is_authorized":true,"account_status":"\u6b63\u5e38","account_status_desc":"\u8d26\u53f7\u72b6\u6001\u6b63\u5e38","session_file":"\/www\/wwwroot\/tdata.tgbota.top\/public\/uploads\/admin\/202512\/695387359e84b\/8615207128947\/tdata\/temp_8272647348.session","client":null}},"error":""},"task_id":0,"mt_id":1301}]}
[2025-12-31T15:14:07+08:00][info] [callPythonApiAsync] 地址 http://127.0.0.1:5072 响应成功
[2025-12-31T15:14:07+08:00][info] [callPythonApiAsync] 的值：{"status":true,"message":"\u6279\u91cf\u4efb\u52a1\u5b8c\u6210","data":[{"status":true,"message":"\u590d\u7528\u5df2\u6709\u5ba2\u6237\u7aef\uff0c\u5df2\u5904\u4e8e\u5728\u7ebf\u72b6\u6001","data":{"account_status":"\u6b63\u5e38","account_status_desc":"\u767b\u5f55\u6210\u529f"},"account_info":{"account_id":"0","phone":"","result":{"session_path":"\/www\/wwwroot\/tdata.tgbota.top\/public\/uploads\/admin\/202512\/695387359e84b\/8615178828467\/tdata\/temp_8495116294.session","verification_result":{"success":true,"user_id":8495116294,"username":null,"nickname":"Keturah Horsley","phone":"8615178828467","country":"\u4e2d\u56fd","status_info":{"type":"UserStatusOffline","is_online":false,"was_online":1766911553},"is_authorized":true,"account_status":"\u6b63\u5e38","account_status_desc":"\u8d26\u53f7\u72b6\u6001\u6b63\u5e38","session_file":"\/www\/wwwroot\/tdata.tgbota.top\/public\/uploads\/admin\/202512\/695387359e84b\/8615178828467\/tdata\/temp_8495116294.session","client":null}},"error":""},"task_id":0,"mt_id":1282}]}
[2025-12-31T15:14:07+08:00][info] [callPythonApiAsync] 地址 http://127.0.0.1:5053 响应成功
[2025-12-31T15:14:07+08:00][info] [callPythonApiAsync] 的值：{"status":true,"message":"\u6279\u91cf\u4efb\u52a1\u5b8c\u6210","data":[{"status":true,"message":"\u590d\u7528\u5df2\u6709\u5ba2\u6237\u7aef\uff0c\u5df2\u5904\u4e8e\u5728\u7ebf\u72b6\u6001","data":{"account_status":"\u6b63\u5e38","account_status_desc":"\u767b\u5f55\u6210\u529f"},"account_info":{"account_id":"0","phone":"","result":{"session_path":"\/www\/wwwroot\/tdata.tgbota.top\/public\/uploads\/admin\/202512\/695387359e84b\/8615178816190\/tdata\/temp_8096792614.session","verification_result":{"success":true,"user_id":8096792614,"username":null,"nickname":"Michael Hoff","phone":"8615178816190","country":"\u4e2d\u56fd","status_info":{"type":"UserStatusOffline","is_online":false,"was_online":1766911555},"is_authorized":true,"account_status":"\u6b63\u5e38","account_status_desc":"\u8d26\u53f7\u72b6\u6001\u6b63\u5e38","session_file":"\/www\/wwwroot\/tdata.tgbota.top\/public\/uploads\/admin\/202512\/695387359e84b\/8615178816190\/tdata\/temp_8096792614.session","client":null}},"error":""},"task_id":0,"mt_id":1319}]}
[2025-12-31T15:14:07+08:00][info] [callPythonApiAsync] 地址 http://127.0.0.1:5090 响应成功
[2025-12-31T15:14:07+08:00][info] [callPythonApiAsync] 的值：{"status":true,"message":"\u6279\u91cf\u4efb\u52a1\u5b8c\u6210","data":[{"status":false,"message":"\u590d\u7528\u5df2\u6709\u5ba2\u6237\u7aef\uff0c\u5df2\u5904\u4e8e\u5728\u7ebf\u72b6\u6001","data":{"account_status":"\u51bb\u7ed3","account_status_desc":"\u8d26\u53f7\u88abTelegram\u5b98\u65b9\u51bb\u7ed3: The account was frozen"},"account_info":{"account_id":"0","phone":"","result":{"session_path":"\/www\/wwwroot\/tdata.tgbota.top\/public\/uploads\/admin\/202512\/695387359e84b\/8615213123724\/tdata\/temp_7770205711.session","verification_result":{"success":true,"user_id":7770205711,"username":null,"nickname":"Jane Skubis","phone":"8615213123724","country":"\u4e2d\u56fd","status_info":{"type":"UserStatusOffline","is_online":false,"was_online":1766911555},"is_authorized":true,"account_status":"\u6b63\u5e38","account_status_desc":"\u8d26\u53f7\u72b6\u6001\u6b63\u5e38","session_file":"\/www\/wwwroot\/tdata.tgbota.top\/public\/uploads\/admin\/202512\/695387359e84b\/8615213123724\/tdata\/temp_7770205711.session","client":null}},"error":""},"task_id":0,"mt_id":1291}]}
[2025-12-31T15:14:07+08:00][info] [callPythonApiAsync] 地址 http://127.0.0.1:5062 响应成功
[2025-12-31T15:14:07+08:00][info] [callPythonApiAsync] 的值：{"status":true,"message":"\u6279\u91cf\u4efb\u52a1\u5b8c\u6210","data":[{"status":false,"message":"\u590d\u7528\u5df2\u6709\u5ba2\u6237\u7aef\uff0c\u5df2\u5904\u4e8e\u5728\u7ebf\u72b6\u6001","data":{"account_status":"\u51bb\u7ed3","account_status_desc":"\u8d26\u53f7\u88abTelegram\u5b98\u65b9\u51bb\u7ed3: The account was frozen"},"account_info":{"account_id":"0","phone":"","result":{"session_path":"\/www\/wwwroot\/tdata.tgbota.top\/public\/uploads\/admin\/202512\/695387359e84b\/8615213118740\/tdata\/temp_8464297372.session","verification_result":{"success":true,"user_id":8464297372,"username":null,"nickname":"Connie Mccombs","phone":"8615213118740","country":"\u4e2d\u56fd","status_info":{"type":"UserStatusOffline","is_online":false,"was_online":1766911552},"is_authorized":true,"account_status":"\u6b63\u5e38","account_status_desc":"\u8d26\u53f7\u72b6\u6001\u6b63\u5e38","session_file":"\/www\/wwwroot\/tdata.tgbota.top\/public\/uploads\/admin\/202512\/695387359e84b\/8615213118740\/tdata\/temp_8464297372.session","client":null}},"error":""},"task_id":0,"mt_id":1318}]}
[2025-12-31T15:14:07+08:00][info] [callPythonApiAsync] 地址 http://127.0.0.1:5089 响应成功
[2025-12-31T15:14:07+08:00][info] [callPythonApiAsync] 的值：{"status":true,"message":"\u6279\u91cf\u4efb\u52a1\u5b8c\u6210","data":[{"status":true,"message":"\u590d\u7528\u5df2\u6709\u5ba2\u6237\u7aef\uff0c\u5df2\u5904\u4e8e\u5728\u7ebf\u72b6\u6001","data":{"account_status":"\u6b63\u5e38","account_status_desc":"\u767b\u5f55\u6210\u529f"},"account_info":{"account_id":"0","phone":"","result":{"session_path":"\/www\/wwwroot\/tdata.tgbota.top\/public\/uploads\/admin\/202512\/695387359e84b\/8615178866714\/tdata\/temp_8163853542.session","verification_result":{"success":true,"user_id":8163853542,"username":null,"nickname":"Loyd Hill","phone":"8615178866714","country":"\u4e2d\u56fd","status_info":{"type":"UserStatusOffline","is_online":false,"was_online":1766911552},"is_authorized":true,"account_status":"\u6b63\u5e38","account_status_desc":"\u8d26\u53f7\u72b6\u6001\u6b63\u5e38","session_file":"\/www\/wwwroot\/tdata.tgbota.top\/public\/uploads\/admin\/202512\/695387359e84b\/8615178866714\/tdata\/temp_8163853542.session","client":null}},"error":""},"task_id":0,"mt_id":1310}]}
[2025-12-31T15:14:07+08:00][info] [callPythonApiAsync] 地址 http://127.0.0.1:5081 响应成功
[2025-12-31T15:14:07+08:00][info] [callPythonApiAsync] 的值：{"status":true,"message":"\u6279\u91cf\u4efb\u52a1\u5b8c\u6210","data":[{"status":false,"message":"\u590d\u7528\u5df2\u6709\u5ba2\u6237\u7aef\uff0c\u5df2\u5904\u4e8e\u5728\u7ebf\u72b6\u6001","data":{"account_status":"\u51bb\u7ed3","account_status_desc":"\u8d26\u53f7\u88abTelegram\u5b98\u65b9\u51bb\u7ed3: The account was frozen"},"account_info":{"account_id":"0","phone":"","result":{"session_path":"\/www\/wwwroot\/tdata.tgbota.top\/public\/uploads\/admin\/202512\/695387359e84b\/8615213127604\/tdata\/temp_8172997145.session","verification_result":{"success":true,"user_id":8172997145,"username":null,"nickname":"Renee Lumpkin","phone":"8615213127604","country":"\u4e2d\u56fd","status_info":{"type":"UserStatusOffline","is_online":false,"was_online":1766911554},"is_authorized":true,"account_status":"\u6b63\u5e38","account_status_desc":"\u8d26\u53f7\u72b6\u6001\u6b63\u5e38","session_file":"\/www\/wwwroot\/tdata.tgbota.top\/public\/uploads\/admin\/202512\/695387359e84b\/8615213127604\/tdata\/temp_8172997145.session","client":null}},"error":""},"task_id":0,"mt_id":1293}]}
[2025-12-31T15:14:07+08:00][info] [callPythonApiAsync] 地址 http://127.0.0.1:5064 响应成功
[2025-12-31T15:14:07+08:00][info] [callPythonApiAsync] 的值：{"status":true,"message":"\u6279\u91cf\u4efb\u52a1\u5b8c\u6210","data":[{"status":false,"message":"\u590d\u7528\u5df2\u6709\u5ba2\u6237\u7aef\uff0c\u5df2\u5904\u4e8e\u5728\u7ebf\u72b6\u6001","data":{"account_status":"\u51bb\u7ed3","account_status_desc":"\u8d26\u53f7\u88abTelegram\u5b98\u65b9\u51bb\u7ed3: The account was frozen"},"account_info":{"account_id":"0","phone":"","result":{"session_path":"\/www\/wwwroot\/tdata.tgbota.top\/public\/uploads\/admin\/202512\/695387359e84b\/8615207292247\/tdata\/temp_8435107567.session","verification_result":{"success":true,"user_id":8435107567,"username":null,"nickname":"Jerry Hester","phone":"8615207292247","country":"\u4e2d\u56fd","status_info":{"type":"UserStatusOffline","is_online":false,"was_online":1766911554},"is_authorized":true,"account_status":"\u6b63\u5e38","account_status_desc":"\u8d26\u53f7\u72b6\u6001\u6b63\u5e38","session_file":"\/www\/wwwroot\/tdata.tgbota.top\/public\/uploads\/admin\/202512\/695387359e84b\/8615207292247\/tdata\/temp_8435107567.session","client":null}},"error":""},"task_id":0,"mt_id":1311}]}
[2025-12-31T15:14:07+08:00][info] [callPythonApiAsync] 地址 http://127.0.0.1:5082 响应成功
[2025-12-31T15:14:07+08:00][info] [callPythonApiAsync] 的值：{"status":true,"message":"\u6279\u91cf\u4efb\u52a1\u5b8c\u6210","data":[{"status":false,"message":"\u590d\u7528\u5df2\u6709\u5ba2\u6237\u7aef\uff0c\u5df2\u5904\u4e8e\u5728\u7ebf\u72b6\u6001","data":{"account_status":"\u51bb\u7ed3","account_status_desc":"\u8d26\u53f7\u88abTelegram\u5b98\u65b9\u51bb\u7ed3: The account was frozen"},"account_info":{"account_id":"0","phone":"","result":{"session_path":"\/www\/wwwroot\/tdata.tgbota.top\/public\/uploads\/admin\/202512\/695387359e84b\/8615178868044\/tdata\/temp_8275206751.session","verification_result":{"success":true,"user_id":8275206751,"username":null,"nickname":"Melissa Robinson","phone":"8615178868044","country":"\u4e2d\u56fd","status_info":{"type":"UserStatusOffline","is_online":false,"was_online":1766911555},"is_authorized":true,"account_status":"\u6b63\u5e38","account_status_desc":"\u8d26\u53f7\u72b6\u6001\u6b63\u5e38","session_file":"\/www\/wwwroot\/tdata.tgbota.top\/public\/uploads\/admin\/202512\/695387359e84b\/8615178868044\/tdata\/temp_8275206751.session","client":null}},"error":""},"task_id":0,"mt_id":1287}]}
[2025-12-31T15:14:07+08:00][info] [callPythonApiAsync] 地址 http://127.0.0.1:5058 响应成功
[2025-12-31T15:14:07+08:00][info] [callPythonApiAsync] 的值：{"status":true,"message":"\u6279\u91cf\u4efb\u52a1\u5b8c\u6210","data":[{"status":false,"message":"\u590d\u7528\u5df2\u6709\u5ba2\u6237\u7aef\uff0c\u5df2\u5904\u4e8e\u5728\u7ebf\u72b6\u6001","data":{"account_status":"\u51bb\u7ed3","account_status_desc":"\u8d26\u53f7\u88abTelegram\u5b98\u65b9\u51bb\u7ed3: The account was frozen"},"account_info":{"account_id":"0","phone":"","result":{"session_path":"\/www\/wwwroot\/tdata.tgbota.top\/public\/uploads\/admin\/202512\/695387359e84b\/8615206372691\/tdata\/temp_8357985051.session","verification_result":{"success":true,"user_id":8357985051,"username":null,"nickname":"Rose Moon","phone":"8615206372691","country":"\u4e2d\u56fd","status_info":{"type":"UserStatusOffline","is_online":false,"was_online":1766911555},"is_authorized":true,"account_status":"\u6b63\u5e38","account_status_desc":"\u8d26\u53f7\u72b6\u6001\u6b63\u5e38","session_file":"\/www\/wwwroot\/tdata.tgbota.top\/public\/uploads\/admin\/202512\/695387359e84b\/8615206372691\/tdata\/temp_8357985051.session","client":null}},"error":""},"task_id":0,"mt_id":1302}]}
[2025-12-31T15:14:07+08:00][info] [callPythonApiAsync] 地址 http://127.0.0.1:5073 响应成功
[2025-12-31T15:14:07+08:00][info] [callPythonApiAsync] 的值：{"status":true,"message":"\u6279\u91cf\u4efb\u52a1\u5b8c\u6210","data":[{"status":false,"message":"\u590d\u7528\u5df2\u6709\u5ba2\u6237\u7aef\uff0c\u5df2\u5904\u4e8e\u5728\u7ebf\u72b6\u6001","data":{"account_status":"\u51bb\u7ed3","account_status_desc":"\u8d26\u53f7\u88abTelegram\u5b98\u65b9\u51bb\u7ed3: The account was frozen"},"account_info":{"account_id":"0","phone":"","result":{"session_path":"\/www\/wwwroot\/tdata.tgbota.top\/public\/uploads\/admin\/202512\/695387359e84b\/8615178867814\/tdata\/temp_8276319913.session","verification_result":{"success":true,"user_id":8276319913,"username":null,"nickname":"Eddie Callaway","phone":"8615178867814","country":"\u4e2d\u56fd","status_info":{"type":"UserStatusOffline","is_online":false,"was_online":1766911553},"is_authorized":true,"account_status":"\u6b63\u5e38","account_status_desc":"\u8d26\u53f7\u72b6\u6001\u6b63\u5e38","session_file":"\/www\/wwwroot\/tdata.tgbota.top\/public\/uploads\/admin\/202512\/695387359e84b\/8615178867814\/tdata\/temp_8276319913.session","client":null}},"error":""},"task_id":0,"mt_id":1320}]}
[2025-12-31T15:14:07+08:00][info] [callPythonApiAsync] 地址 http://127.0.0.1:5091 响应成功
[2025-12-31T15:14:07+08:00][info] [callPythonApiAsync] 的值：{"status":true,"message":"\u6279\u91cf\u4efb\u52a1\u5b8c\u6210","data":[{"status":false,"message":"\u590d\u7528\u5df2\u6709\u5ba2\u6237\u7aef\uff0c\u5df2\u5904\u4e8e\u5728\u7ebf\u72b6\u6001","data":{"account_status":"\u51bb\u7ed3","account_status_desc":"\u8d26\u53f7\u88abTelegram\u5b98\u65b9\u51bb\u7ed3: The account was frozen"},"account_info":{"account_id":"0","phone":"","result":{"session_path":"\/www\/wwwroot\/tdata.tgbota.top\/public\/uploads\/admin\/202512\/695387359e84b\/8615178865290\/tdata\/temp_8447268219.session","verification_result":{"success":true,"user_id":8447268219,"username":null,"nickname":"Christopher Hensel","phone":"8615178865290","country":"\u4e2d\u56fd","status_info":{"type":"UserStatusOffline","is_online":false,"was_online":1766911554},"is_authorized":true,"account_status":"\u6b63\u5e38","account_status_desc":"\u8d26\u53f7\u72b6\u6001\u6b63\u5e38","session_file":"\/www\/wwwroot\/tdata.tgbota.top\/public\/uploads\/admin\/202512\/695387359e84b\/8615178865290\/tdata\/temp_8447268219.session","client":null}},"error":""},"task_id":0,"mt_id":1324}]}
[2025-12-31T15:14:07+08:00][info] [callPythonApiAsync] 地址 http://127.0.0.1:5095 响应成功
[2025-12-31T15:14:07+08:00][info] [callPythonApiAsync] 的值：{"status":true,"message":"\u6279\u91cf\u4efb\u52a1\u5b8c\u6210","data":[{"status":false,"message":"\u590d\u7528\u5df2\u6709\u5ba2\u6237\u7aef\uff0c\u5df2\u5904\u4e8e\u5728\u7ebf\u72b6\u6001","data":{"account_status":"\u51bb\u7ed3","account_status_desc":"\u8d26\u53f7\u88abTelegram\u5b98\u65b9\u51bb\u7ed3: The account was frozen"},"account_info":{"account_id":"0","phone":"","result":{"session_path":"\/www\/wwwroot\/tdata.tgbota.top\/public\/uploads\/admin\/202512\/695387359e84b\/8615178816771\/tdata\/temp_8204763002.session","verification_result":{"success":true,"user_id":8204763002,"username":null,"nickname":"Brenda Lisonbee","phone":"8615178816771","country":"\u4e2d\u56fd","status_info":{"type":"UserStatusOffline","is_online":false,"was_online":1766911554},"is_authorized":true,"account_status":"\u6b63\u5e38","account_status_desc":"\u8d26\u53f7\u72b6\u6001\u6b63\u5e38","session_file":"\/www\/wwwroot\/tdata.tgbota.top\/public\/uploads\/admin\/202512\/695387359e84b\/8615178816771\/tdata\/temp_8204763002.session","client":null}},"error":""},"task_id":0,"mt_id":1307}]}
[2025-12-31T15:14:07+08:00][info] [callPythonApiAsync] 地址 http://127.0.0.1:5078 响应成功
[2025-12-31T15:14:07+08:00][info] [callPythonApiAsync] 的值：{"status":true,"message":"\u6279\u91cf\u4efb\u52a1\u5b8c\u6210","data":[{"status":false,"message":"\u590d\u7528\u5df2\u6709\u5ba2\u6237\u7aef\uff0c\u5df2\u5904\u4e8e\u5728\u7ebf\u72b6\u6001","data":{"account_status":"\u51bb\u7ed3","account_status_desc":"\u8d26\u53f7\u88abTelegram\u5b98\u65b9\u51bb\u7ed3: The account was frozen"},"account_info":{"account_id":"0","phone":"","result":{"session_path":"\/www\/wwwroot\/tdata.tgbota.top\/public\/uploads\/admin\/202512\/695387359e84b\/8615178862474\/tdata\/temp_8407871615.session","verification_result":{"success":true,"user_id":8407871615,"username":null,"nickname":"Darrell Medley","phone":"8615178862474","country":"\u4e2d\u56fd","status_info":{"type":"UserStatusOffline","is_online":false,"was_online":1766911554},"is_authorized":true,"account_status":"\u6b63\u5e38","account_status_desc":"\u8d26\u53f7\u72b6\u6001\u6b63\u5e38","session_file":"\/www\/wwwroot\/tdata.tgbota.top\/public\/uploads\/admin\/202512\/695387359e84b\/8615178862474\/tdata\/temp_8407871615.session","client":null}},"error":""},"task_id":0,"mt_id":1295}]}
[2025-12-31T15:14:07+08:00][info] [callPythonApiAsync] 地址 http://127.0.0.1:5066 响应成功
[2025-12-31T15:14:07+08:00][info] [callPythonApiAsync] 的值：{"status":true,"message":"\u6279\u91cf\u4efb\u52a1\u5b8c\u6210","data":[{"status":false,"message":"\u590d\u7528\u5df2\u6709\u5ba2\u6237\u7aef\uff0c\u5df2\u5904\u4e8e\u5728\u7ebf\u72b6\u6001","data":{"account_status":"\u51bb\u7ed3","account_status_desc":"\u8d26\u53f7\u88abTelegram\u5b98\u65b9\u51bb\u7ed3: The account was frozen"},"account_info":{"account_id":"0","phone":"","result":{"session_path":"\/www\/wwwroot\/tdata.tgbota.top\/public\/uploads\/admin\/202512\/695387359e84b\/8615178821496\/tdata\/temp_8494571793.session","verification_result":{"success":true,"user_id":8494571793,"username":null,"nickname":"Donald Mclane","phone":"8615178821496","country":"\u4e2d\u56fd","status_info":{"type":"UserStatusOffline","is_online":false,"was_online":1766911554},"is_authorized":true,"account_status":"\u6b63\u5e38","account_status_desc":"\u8d26\u53f7\u72b6\u6001\u6b63\u5e38","session_file":"\/www\/wwwroot\/tdata.tgbota.top\/public\/uploads\/admin\/202512\/695387359e84b\/8615178821496\/tdata\/temp_8494571793.session","client":null}},"error":""},"task_id":0,"mt_id":1313}]}
[2025-12-31T15:14:07+08:00][info] [callPythonApiAsync] 地址 http://127.0.0.1:5084 响应成功
[2025-12-31T15:14:07+08:00][info] [callPythonApiAsync] 的值：{"status":true,"message":"\u6279\u91cf\u4efb\u52a1\u5b8c\u6210","data":[{"status":false,"message":"\u590d\u7528\u5df2\u6709\u5ba2\u6237\u7aef\uff0c\u5df2\u5904\u4e8e\u5728\u7ebf\u72b6\u6001","data":{"account_status":"\u51bb\u7ed3","account_status_desc":"\u8d26\u53f7\u88abTelegram\u5b98\u65b9\u51bb\u7ed3: The account was frozen"},"account_info":{"account_id":"0","phone":"","result":{"session_path":"\/www\/wwwroot\/tdata.tgbota.top\/public\/uploads\/admin\/202512\/695387359e84b\/8615213150287\/tdata\/temp_8351771927.session","verification_result":{"success":true,"user_id":8351771927,"username":null,"nickname":"Eileen Reed","phone":"8615213150287","country":"\u4e2d\u56fd","status_info":{"type":"UserStatusOffline","is_online":false,"was_online":1766911553},"is_authorized":true,"account_status":"\u6b63\u5e38","account_status_desc":"\u8d26\u53f7\u72b6\u6001\u6b63\u5e38","session_file":"\/www\/wwwroot\/tdata.tgbota.top\/public\/uploads\/admin\/202512\/695387359e84b\/8615213150287\/tdata\/temp_8351771927.session","client":null}},"error":""},"task_id":0,"mt_id":1325}]}
[2025-12-31T15:14:07+08:00][info] [callPythonApiAsync] 地址 http://127.0.0.1:5096 响应成功
[2025-12-31T15:14:07+08:00][info] [callPythonApiAsync] 的值：{"status":true,"message":"\u6279\u91cf\u4efb\u52a1\u5b8c\u6210","data":[{"status":false,"message":"\u590d\u7528\u5df2\u6709\u5ba2\u6237\u7aef\uff0c\u5df2\u5904\u4e8e\u5728\u7ebf\u72b6\u6001","data":{"account_status":"\u51bb\u7ed3","account_status_desc":"\u8d26\u53f7\u88abTelegram\u5b98\u65b9\u51bb\u7ed3: The account was frozen"},"account_info":{"account_id":"0","phone":"","result":{"session_path":"\/www\/wwwroot\/tdata.tgbota.top\/public\/uploads\/admin\/202512\/695387359e84b\/8615200855780\/tdata\/temp_8418531061.session","verification_result":{"success":true,"user_id":8418531061,"username":null,"nickname":"Jack Donelson","phone":"8615200855780","country":"\u4e2d\u56fd","status_info":{"type":"UserStatusOffline","is_online":false,"was_online":1766911555},"is_authorized":true,"account_status":"\u6b63\u5e38","account_status_desc":"\u8d26\u53f7\u72b6\u6001\u6b63\u5e38","session_file":"\/www\/wwwroot\/tdata.tgbota.top\/public\/uploads\/admin\/202512\/695387359e84b\/8615200855780\/tdata\/temp_8418531061.session","client":null}},"error":""},"task_id":0,"mt_id":1280}]}
[2025-12-31T15:14:07+08:00][info] [callPythonApiAsync] 地址 http://127.0.0.1:5051 响应成功
[2025-12-31T15:14:07+08:00][info] [callPythonApiAsync] 的值：{"status":true,"message":"\u6279\u91cf\u4efb\u52a1\u5b8c\u6210","data":[{"status":false,"message":"\u590d\u7528\u5df2\u6709\u5ba2\u6237\u7aef\uff0c\u5df2\u5904\u4e8e\u5728\u7ebf\u72b6\u6001","data":{"account_status":"\u51bb\u7ed3","account_status_desc":"\u8d26\u53f7\u88abTelegram\u5b98\u65b9\u51bb\u7ed3: The account was frozen"},"account_info":{"account_id":"0","phone":"","result":{"session_path":"\/www\/wwwroot\/tdata.tgbota.top\/public\/uploads\/admin\/202512\/695387359e84b\/8615178790743\/tdata\/temp_8414466676.session","verification_result":{"success":true,"user_id":8414466676,"username":null,"nickname":"Edmond Byrd","phone":"8615178790743","country":"\u4e2d\u56fd","status_info":{"type":"UserStatusOffline","is_online":false,"was_online":1766911554},"is_authorized":true,"account_status":"\u6b63\u5e38","account_status_desc":"\u8d26\u53f7\u72b6\u6001\u6b63\u5e38","session_file":"\/www\/wwwroot\/tdata.tgbota.top\/public\/uploads\/admin\/202512\/695387359e84b\/8615178790743\/tdata\/temp_8414466676.session","client":null}},"error":""},"task_id":0,"mt_id":1305}]}
[2025-12-31T15:14:07+08:00][info] [callPythonApiAsync] 地址 http://127.0.0.1:5076 响应成功
[2025-12-31T15:14:07+08:00][info] [callPythonApiAsync] 的值：{"status":true,"message":"\u6279\u91cf\u4efb\u52a1\u5b8c\u6210","data":[{"status":false,"message":"\u590d\u7528\u5df2\u6709\u5ba2\u6237\u7aef\uff0c\u5df2\u5904\u4e8e\u5728\u7ebf\u72b6\u6001","data":{"account_status":"\u51bb\u7ed3","account_status_desc":"\u8d26\u53f7\u88abTelegram\u5b98\u65b9\u51bb\u7ed3: The account was frozen"},"account_info":{"account_id":"0","phone":"","result":{"session_path":"\/www\/wwwroot\/tdata.tgbota.top\/public\/uploads\/admin\/202512\/695387359e84b\/8615178798914\/tdata\/temp_7917902005.session","verification_result":{"success":true,"user_id":7917902005,"username":null,"nickname":"Tammy Moss","phone":"8615178798914","country":"\u4e2d\u56fd","status_info":{"type":"UserStatusOffline","is_online":false,"was_online":1766911554},"is_authorized":true,"account_status":"\u6b63\u5e38","account_status_desc":"\u8d26\u53f7\u72b6\u6001\u6b63\u5e38","session_file":"\/www\/wwwroot\/tdata.tgbota.top\/public\/uploads\/admin\/202512\/695387359e84b\/8615178798914\/tdata\/temp_7917902005.session","client":null}},"error":""},"task_id":0,"mt_id":1308}]}
[2025-12-31T15:14:07+08:00][info] [callPythonApiAsync] 地址 http://127.0.0.1:5079 响应成功
[2025-12-31T15:14:07+08:00][info] [callPythonApiAsync] 的值：{"status":true,"message":"\u6279\u91cf\u4efb\u52a1\u5b8c\u6210","data":[{"status":false,"message":"\u590d\u7528\u5df2\u6709\u5ba2\u6237\u7aef\uff0c\u5df2\u5904\u4e8e\u5728\u7ebf\u72b6\u6001","data":{"account_status":"\u51bb\u7ed3","account_status_desc":"\u8d26\u53f7\u88abTelegram\u5b98\u65b9\u51bb\u7ed3: The account was frozen"},"account_info":{"account_id":"0","phone":"","result":{"session_path":"\/www\/wwwroot\/tdata.tgbota.top\/public\/uploads\/admin\/202512\/695387359e84b\/8615213111701\/tdata\/temp_7825911921.session","verification_result":{"success":true,"user_id":7825911921,"username":null,"nickname":"Evan Chee","phone":"8615213111701","country":"\u4e2d\u56fd","status_info":{"type":"UserStatusOffline","is_online":false,"was_online":1766911552},"is_authorized":true,"account_status":"\u6b63\u5e38","account_status_desc":"\u8d26\u53f7\u72b6\u6001\u6b63\u5e38","session_file":"\/www\/wwwroot\/tdata.tgbota.top\/public\/uploads\/admin\/202512\/695387359e84b\/8615213111701\/tdata\/temp_7825911921.session","client":null}},"error":""},"task_id":0,"mt_id":1289}]}
[2025-12-31T15:14:07+08:00][info] [callPythonApiAsync] 地址 http://127.0.0.1:5060 响应成功
[2025-12-31T15:14:07+08:00][info] [callPythonApiAsync] 的值：{"status":true,"message":"\u6279\u91cf\u4efb\u52a1\u5b8c\u6210","data":[{"status":false,"message":"\u590d\u7528\u5df2\u6709\u5ba2\u6237\u7aef\uff0c\u5df2\u5904\u4e8e\u5728\u7ebf\u72b6\u6001","data":{"account_status":"\u51bb\u7ed3","account_status_desc":"\u8d26\u53f7\u88abTelegram\u5b98\u65b9\u51bb\u7ed3: The account was frozen"},"account_info":{"account_id":"0","phone":"","result":{"session_path":"\/www\/wwwroot\/tdata.tgbota.top\/public\/uploads\/admin\/202512\/695387359e84b\/8615213101091\/tdata\/temp_8422558220.session","verification_result":{"success":true,"user_id":8422558220,"username":null,"nickname":"Mary Harris","phone":"8615213101091","country":"\u4e2d\u56fd","status_info":{"type":"UserStatusOffline","is_online":false,"was_online":1766911553},"is_authorized":true,"account_status":"\u6b63\u5e38","account_status_desc":"\u8d26\u53f7\u72b6\u6001\u6b63\u5e38","session_file":"\/www\/wwwroot\/tdata.tgbota.top\/public\/uploads\/admin\/202512\/695387359e84b\/8615213101091\/tdata\/temp_8422558220.session","client":null}},"error":""},"task_id":0,"mt_id":1317}]}
[2025-12-31T15:14:07+08:00][info] [callPythonApiAsync] 地址 http://127.0.0.1:5088 响应成功
[2025-12-31T15:14:07+08:00][info] [callPythonApiAsync] 的值：{"status":true,"message":"\u6279\u91cf\u4efb\u52a1\u5b8c\u6210","data":[{"status":false,"message":"\u590d\u7528\u5df2\u6709\u5ba2\u6237\u7aef\uff0c\u5df2\u5904\u4e8e\u5728\u7ebf\u72b6\u6001","data":{"account_status":"\u51bb\u7ed3","account_status_desc":"\u8d26\u53f7\u88abTelegram\u5b98\u65b9\u51bb\u7ed3: The account was frozen"},"account_info":{"account_id":"0","phone":"","result":{"session_path":"\/www\/wwwroot\/tdata.tgbota.top\/public\/uploads\/admin\/202512\/695387359e84b\/8615178891147\/tdata\/temp_8266403778.session","verification_result":{"success":true,"user_id":8266403778,"username":null,"nickname":"Phyllis Buxton","phone":"8615178891147","country":"\u4e2d\u56fd","status_info":{"type":"UserStatusOffline","is_online":false,"was_online":1766911553},"is_authorized":true,"account_status":"\u6b63\u5e38","account_status_desc":"\u8d26\u53f7\u72b6\u6001\u6b63\u5e38","session_file":"\/www\/wwwroot\/tdata.tgbota.top\/public\/uploads\/admin\/202512\/695387359e84b\/8615178891147\/tdata\/temp_8266403778.session","client":null}},"error":""},"task_id":0,"mt_id":1299}]}
[2025-12-31T15:14:07+08:00][info] [callPythonApiAsync] 地址 http://127.0.0.1:5070 响应成功
[2025-12-31T15:14:07+08:00][info] [callPythonApiAsync] 的值：{"status":true,"message":"\u6279\u91cf\u4efb\u52a1\u5b8c\u6210","data":[{"status":false,"message":"\u590d\u7528\u5df2\u6709\u5ba2\u6237\u7aef\uff0c\u5df2\u5904\u4e8e\u5728\u7ebf\u72b6\u6001","data":{"account_status":"\u51bb\u7ed3","account_status_desc":"\u8d26\u53f7\u88abTelegram\u5b98\u65b9\u51bb\u7ed3: The account was frozen"},"account_info":{"account_id":"0","phone":"","result":{"session_path":"\/www\/wwwroot\/tdata.tgbota.top\/public\/uploads\/admin\/202512\/6952870fadb7f\/85298334597\/tdata\/temp_8408103171.session","verification_result":{"success":true,"user_id":8408103171,"username":null,"nickname":"Willette Wayne","phone":"85298334597","country":"\u9999\u6e2f","status_info":{"type":"UserStatusOffline","is_online":false,"was_online":1767018383},"is_authorized":true,"account_status":"\u6b63\u5e38","account_status_desc":"\u8d26\u53f7\u72b6\u6001\u6b63\u5e38","session_file":"\/www\/wwwroot\/tdata.tgbota.top\/public\/uploads\/admin\/202512\/6952870fadb7f\/85298334597\/tdata\/temp_8408103171.session","client":null}},"error":""},"task_id":0,"mt_id":1190},{"status":false,"message":"\u590d\u7528\u5df2\u6709\u5ba2\u6237\u7aef\uff0c\u5df2\u5904\u4e8e\u5728\u7ebf\u72b6\u6001","data":{"account_status":"\u51bb\u7ed3","account_status_desc":"\u8d26\u53f7\u88abTelegram\u5b98\u65b9\u51bb\u7ed3: The account was frozen"},"account_info":{"account_id":"1","phone":"","result":{"session_path":"\/www\/wwwroot\/tdata.tgbota.top\/public\/uploads\/admin\/202512\/695387359e84b\/8615213104315\/tdata\/temp_8077456681.session","verification_result":{"success":true,"user_id":8077456681,"username":null,"nickname":"Angela Ray","phone":"8615213104315","country":"\u4e2d\u56fd","status_info":{"type":"UserStatusOffline","is_online":false,"was_online":1766911554},"is_authorized":true,"account_status":"\u6b63\u5e38","account_status_desc":"\u8d26\u53f7\u72b6\u6001\u6b63\u5e38","session_file":"\/www\/wwwroot\/tdata.tgbota.top\/public\/uploads\/admin\/202512\/695387359e84b\/8615213104315\/tdata\/temp_8077456681.session","client":null}},"error":""},"task_id":1,"mt_id":1285}]}
[2025-12-31T15:14:07+08:00][info] [callPythonApiAsync] 地址 http://127.0.0.1:5056 响应成功
[2025-12-31T15:14:07+08:00][info] [callPythonApiAsync] 的值：{"status":true,"message":"\u6279\u91cf\u4efb\u52a1\u5b8c\u6210","data":[{"status":false,"message":"\u590d\u7528\u5df2\u6709\u5ba2\u6237\u7aef\uff0c\u5df2\u5904\u4e8e\u5728\u7ebf\u72b6\u6001","data":{"account_status":"\u51bb\u7ed3","account_status_desc":"\u8d26\u53f7\u88abTelegram\u5b98\u65b9\u51bb\u7ed3: The account was frozen"},"account_info":{"account_id":"0","phone":"","result":{"session_path":"\/www\/wwwroot\/tdata.tgbota.top\/public\/uploads\/admin\/202512\/6952870fadb7f\/85297502947\/tdata\/temp_8591130907.session","verification_result":{"success":true,"user_id":8591130907,"username":null,"nickname":"Philip Matthew","phone":"85297502947","country":"\u9999\u6e2f","status_info":{"type":"UserStatusOffline","is_online":false,"was_online":1767018824},"is_authorized":true,"account_status":"\u6b63\u5e38","account_status_desc":"\u8d26\u53f7\u72b6\u6001\u6b63\u5e38","session_file":"\/www\/wwwroot\/tdata.tgbota.top\/public\/uploads\/admin\/202512\/6952870fadb7f\/85297502947\/tdata\/temp_8591130907.session","client":null}},"error":""},"task_id":0,"mt_id":1226},{"status":false,"message":"\u590d\u7528\u5df2\u6709\u5ba2\u6237\u7aef\uff0c\u5df2\u5904\u4e8e\u5728\u7ebf\u72b6\u6001","data":{"account_status":"\u51bb\u7ed3","account_status_desc":"\u8d26\u53f7\u88abTelegram\u5b98\u65b9\u51bb\u7ed3: The account was frozen"},"account_info":{"account_id":"1","phone":"","result":{"session_path":"\/www\/wwwroot\/tdata.tgbota.top\/public\/uploads\/admin\/202512\/695387359e84b\/8615213104024\/tdata\/temp_8365300117.session","verification_result":{"success":true,"user_id":8365300117,"username":null,"nickname":"Arlene Fraction","phone":"8615213104024","country":"\u4e2d\u56fd","status_info":{"type":"UserStatusOffline","is_online":false,"was_online":1766911556},"is_authorized":true,"account_status":"\u6b63\u5e38","account_status_desc":"\u8d26\u53f7\u72b6\u6001\u6b63\u5e38","session_file":"\/www\/wwwroot\/tdata.tgbota.top\/public\/uploads\/admin\/202512\/695387359e84b\/8615213104024\/tdata\/temp_8365300117.session","client":null}},"error":""},"task_id":1,"mt_id":1321}]}
[2025-12-31T15:14:07+08:00][info] [callPythonApiAsync] 地址 http://127.0.0.1:5092 响应成功
[2025-12-31T15:14:08+08:00][info] [callPythonApiAsync] 的值：{"status":true,"message":"\u6279\u91cf\u4efb\u52a1\u5b8c\u6210","data":[{"status":false,"message":"\u590d\u7528\u5df2\u6709\u5ba2\u6237\u7aef\uff0c\u5df2\u5904\u4e8e\u5728\u7ebf\u72b6\u6001","data":{"account_status":"\u51bb\u7ed3","account_status_desc":"\u8d26\u53f7\u88abTelegram\u5b98\u65b9\u51bb\u7ed3: The account was frozen"},"account_info":{"account_id":"0","phone":"","result":{"session_path":"\/www\/wwwroot\/tdata.tgbota.top\/public\/uploads\/admin\/202512\/6952870fadb7f\/85298314609\/tdata\/temp_8238034451.session","verification_result":{"success":true,"user_id":8238034451,"username":null,"nickname":"Larina Emeline","phone":"85298314609","country":"\u9999\u6e2f","status_info":{"type":"UserStatusOffline","is_online":false,"was_online":1767017596},"is_authorized":true,"account_status":"\u6b63\u5e38","account_status_desc":"\u8d26\u53f7\u72b6\u6001\u6b63\u5e38","session_file":"\/www\/wwwroot\/tdata.tgbota.top\/public\/uploads\/admin\/202512\/6952870fadb7f\/85298314609\/tdata\/temp_8238034451.session","client":null}},"error":""},"task_id":0,"mt_id":1191},{"status":false,"message":"\u590d\u7528\u5df2\u6709\u5ba2\u6237\u7aef\uff0c\u5df2\u5904\u4e8e\u5728\u7ebf\u72b6\u6001","data":{"account_status":"\u51bb\u7ed3","account_status_desc":"\u8d26\u53f7\u88abTelegram\u5b98\u65b9\u51bb\u7ed3: The account was frozen"},"account_info":{"account_id":"1","phone":"","result":{"session_path":"\/www\/wwwroot\/tdata.tgbota.top\/public\/uploads\/admin\/202512\/695387359e84b\/8615178891370\/tdata\/temp_8312655669.session","verification_result":{"success":true,"user_id":8312655669,"username":null,"nickname":"Nellie Fisher","phone":"8615178891370","country":"\u4e2d\u56fd","status_info":{"type":"UserStatusOffline","is_online":false,"was_online":1766911554},"is_authorized":true,"account_status":"\u6b63\u5e38","account_status_desc":"\u8d26\u53f7\u72b6\u6001\u6b63\u5e38","session_file":"\/www\/wwwroot\/tdata.tgbota.top\/public\/uploads\/admin\/202512\/695387359e84b\/8615178891370\/tdata\/temp_8312655669.session","client":null}},"error":""},"task_id":1,"mt_id":1286}]}
[2025-12-31T15:14:08+08:00][info] [callPythonApiAsync] 地址 http://127.0.0.1:5057 响应成功
[2025-12-31T15:14:08+08:00][info] [callPythonApiAsync] 的值：{"status":true,"message":"\u6279\u91cf\u4efb\u52a1\u5b8c\u6210","data":[{"status":false,"message":"\u590d\u7528\u5df2\u6709\u5ba2\u6237\u7aef\uff0c\u5df2\u5904\u4e8e\u5728\u7ebf\u72b6\u6001","data":{"account_status":"\u51bb\u7ed3","account_status_desc":"\u8d26\u53f7\u88abTelegram\u5b98\u65b9\u51bb\u7ed3: The account was frozen"},"account_info":{"account_id":"0","phone":"","result":{"session_path":"\/www\/wwwroot\/tdata.tgbota.top\/public\/uploads\/admin\/202512\/6952870fadb7f\/85296757284\/tdata\/temp_8527728163.session","verification_result":{"success":true,"user_id":8527728163,"username":null,"nickname":"Dwight Crown","phone":"85296757284","country":"\u9999\u6e2f","status_info":{"type":"UserStatusOffline","is_online":false,"was_online":1763884173},"is_authorized":true,"account_status":"\u6b63\u5e38","account_status_desc":"\u8d26\u53f7\u72b6\u6001\u6b63\u5e38","session_file":"\/www\/wwwroot\/tdata.tgbota.top\/public\/uploads\/admin\/202512\/6952870fadb7f\/85296757284\/tdata\/temp_8527728163.session","client":null}},"error":""},"task_id":0,"mt_id":1106},{"status":false,"message":"\u590d\u7528\u5df2\u6709\u5ba2\u6237\u7aef\uff0c\u5df2\u5904\u4e8e\u5728\u7ebf\u72b6\u6001","data":{"account_status":"\u51bb\u7ed3","account_status_desc":"\u8d26\u53f7\u88abTelegram\u5b98\u65b9\u51bb\u7ed3: The account was frozen"},"account_info":{"account_id":"1","phone":"","result":{"session_path":"\/www\/wwwroot\/tdata.tgbota.top\/public\/uploads\/admin\/202512\/695387359e84b\/8615213111450\/tdata\/temp_7686170276.session","verification_result":{"success":true,"user_id":7686170276,"username":null,"nickname":"Nancy Leath","phone":"8615213111450","country":"\u4e2d\u56fd","status_info":{"type":"UserStatusOffline","is_online":false,"was_online":1766911553},"is_authorized":true,"account_status":"\u6b63\u5e38","account_status_desc":"\u8d26\u53f7\u72b6\u6001\u6b63\u5e38","session_file":"\/www\/wwwroot\/tdata.tgbota.top\/public\/uploads\/admin\/202512\/695387359e84b\/8615213111450\/tdata\/temp_7686170276.session","client":null}},"error":""},"task_id":1,"mt_id":1296}]}
[2025-12-31T15:14:08+08:00][info] [callPythonApiAsync] 地址 http://127.0.0.1:5067 响应成功
[2025-12-31T15:14:08+08:00][info] [callPythonApiAsync] 的值：{"status":true,"message":"\u6279\u91cf\u4efb\u52a1\u5b8c\u6210","data":[{"status":false,"message":"\u590d\u7528\u5df2\u6709\u5ba2\u6237\u7aef\uff0c\u5df2\u5904\u4e8e\u5728\u7ebf\u72b6\u6001","data":{"account_status":"\u51bb\u7ed3","account_status_desc":"\u8d26\u53f7\u88abTelegram\u5b98\u65b9\u51bb\u7ed3: The account was frozen"},"account_info":{"account_id":"0","phone":"","result":{"session_path":"\/www\/wwwroot\/tdata.tgbota.top\/public\/uploads\/admin\/202512\/6952870fadb7f\/85298116407\/tdata\/temp_8519442531.session","verification_result":{"success":true,"user_id":8519442531,"username":null,"nickname":"Morgan Eve","phone":"85298116407","country":"\u9999\u6e2f","status_info":{"type":"UserStatusOffline","is_online":false,"was_online":1763884220},"is_authorized":true,"account_status":"\u6b63\u5e38","account_status_desc":"\u8d26\u53f7\u72b6\u6001\u6b63\u5e38","session_file":"\/www\/wwwroot\/tdata.tgbota.top\/public\/uploads\/admin\/202512\/6952870fadb7f\/85298116407\/tdata\/temp_8519442531.session","client":null}},"error":""},"task_id":0,"mt_id":1208},{"status":false,"message":"\u590d\u7528\u5df2\u6709\u5ba2\u6237\u7aef\uff0c\u5df2\u5904\u4e8e\u5728\u7ebf\u72b6\u6001","data":{"account_status":"\u51bb\u7ed3","account_status_desc":"\u8d26\u53f7\u88abTelegram\u5b98\u65b9\u51bb\u7ed3: The account was frozen"},"account_info":{"account_id":"1","phone":"","result":{"session_path":"\/www\/wwwroot\/tdata.tgbota.top\/public\/uploads\/admin\/202512\/695387359e84b\/8615178816940\/tdata\/temp_7973968858.session","verification_result":{"success":true,"user_id":7973968858,"username":null,"nickname":"Jason Parker","phone":"8615178816940","country":"\u4e2d\u56fd","status_info":{"type":"UserStatusOffline","is_online":false,"was_online":1766911555},"is_authorized":true,"account_status":"\u6b63\u5e38","account_status_desc":"\u8d26\u53f7\u72b6\u6001\u6b63\u5e38","session_file":"\/www\/wwwroot\/tdata.tgbota.top\/public\/uploads\/admin\/202512\/695387359e84b\/8615178816940\/tdata\/temp_7973968858.session","client":null}},"error":""},"task_id":1,"mt_id":1303}]}
[2025-12-31T15:14:08+08:00][info] [callPythonApiAsync] 地址 http://127.0.0.1:5074 响应成功
[2025-12-31T15:14:08+08:00][info] [callPythonApiAsync] 的值：{"status":true,"message":"\u6279\u91cf\u4efb\u52a1\u5b8c\u6210","data":[{"status":false,"message":"\u590d\u7528\u5df2\u6709\u5ba2\u6237\u7aef\uff0c\u5df2\u5904\u4e8e\u5728\u7ebf\u72b6\u6001","data":{"account_status":"\u51bb\u7ed3","account_status_desc":"\u8d26\u53f7\u88abTelegram\u5b98\u65b9\u51bb\u7ed3: The account was frozen"},"account_info":{"account_id":"0","phone":"","result":{"session_path":"\/www\/wwwroot\/tdata.tgbota.top\/public\/uploads\/admin\/202512\/695387359e84b\/8615178844163\/tdata\/temp_8464730439.session","verification_result":{"success":true,"user_id":8464730439,"username":null,"nickname":"Beverly Anderson","phone":"8615178844163","country":"\u4e2d\u56fd","status_info":{"type":"UserStatusOffline","is_online":false,"was_online":1766911556},"is_authorized":true,"account_status":"\u6b63\u5e38","account_status_desc":"\u8d26\u53f7\u72b6\u6001\u6b63\u5e38","session_file":"\/www\/wwwroot\/tdata.tgbota.top\/public\/uploads\/admin\/202512\/695387359e84b\/8615178844163\/tdata\/temp_8464730439.session","client":null}},"error":""},"task_id":0,"mt_id":1279}]}
[2025-12-31T15:14:08+08:00][info] [callPythonApiAsync] 地址 http://127.0.0.1:5050 响应成功
[2025-12-31T15:14:08+08:00][info] [callPythonApiAsync] 的值：{"status":true,"message":"\u6279\u91cf\u4efb\u52a1\u5b8c\u6210","data":[{"status":false,"message":"\u590d\u7528\u5df2\u6709\u5ba2\u6237\u7aef\uff0c\u5df2\u5904\u4e8e\u5728\u7ebf\u72b6\u6001","data":{"account_status":"\u51bb\u7ed3","account_status_desc":"\u8d26\u53f7\u88abTelegram\u5b98\u65b9\u51bb\u7ed3: The account was frozen"},"account_info":{"account_id":"0","phone":"","result":{"session_path":"\/www\/wwwroot\/tdata.tgbota.top\/public\/uploads\/admin\/202512\/6952870fadb7f\/85247526942\/tdata\/temp_8266106867.session","verification_result":{"success":true,"user_id":8266106867,"username":null,"nickname":"Joanna Harley","phone":"85247526942","country":"\u9999\u6e2f","status_info":{"type":"UserStatusOffline","is_online":false,"was_online":1764245724},"is_authorized":true,"account_status":"\u6b63\u5e38","account_status_desc":"\u8d26\u53f7\u72b6\u6001\u6b63\u5e38","session_file":"\/www\/wwwroot\/tdata.tgbota.top\/public\/uploads\/admin\/202512\/6952870fadb7f\/85247526942\/tdata\/temp_8266106867.session","client":null}},"error":""},"task_id":0,"mt_id":1214},{"status":false,"message":"\u590d\u7528\u5df2\u6709\u5ba2\u6237\u7aef\uff0c\u5df2\u5904\u4e8e\u5728\u7ebf\u72b6\u6001","data":{"account_status":"\u51bb\u7ed3","account_status_desc":"\u8d26\u53f7\u88abTelegram\u5b98\u65b9\u51bb\u7ed3: The account was frozen"},"account_info":{"account_id":"1","phone":"","result":{"session_path":"\/www\/wwwroot\/tdata.tgbota.top\/public\/uploads\/admin\/202512\/695387359e84b\/8615178936432\/tdata\/temp_8395014097.session","verification_result":{"success":true,"user_id":8395014097,"username":null,"nickname":"Gregory Smith","phone":"8615178936432","country":"\u4e2d\u56fd","status_info":{"type":"UserStatusOffline","is_online":false,"was_online":1766911553},"is_authorized":true,"account_status":"\u6b63\u5e38","account_status_desc":"\u8d26\u53f7\u72b6\u6001\u6b63\u5e38","session_file":"\/www\/wwwroot\/tdata.tgbota.top\/public\/uploads\/admin\/202512\/695387359e84b\/8615178936432\/tdata\/temp_8395014097.session","client":null}},"error":""},"task_id":1,"mt_id":1309}]}
[2025-12-31T15:14:08+08:00][info] [callPythonApiAsync] 地址 http://127.0.0.1:5080 响应成功
[2025-12-31T15:14:08+08:00][info] [callPythonApiAsync] 的值：{"status":true,"message":"\u6279\u91cf\u4efb\u52a1\u5b8c\u6210","data":[{"status":false,"message":"\u590d\u7528\u5df2\u6709\u5ba2\u6237\u7aef\uff0c\u5df2\u5904\u4e8e\u5728\u7ebf\u72b6\u6001","data":{"account_status":"\u51bb\u7ed3","account_status_desc":"\u8d26\u53f7\u88abTelegram\u5b98\u65b9\u51bb\u7ed3: The account was frozen"},"account_info":{"account_id":"0","phone":"","result":{"session_path":"\/www\/wwwroot\/tdata.tgbota.top\/public\/uploads\/admin\/202512\/6952870fadb7f\/85298289231\/tdata\/temp_8204466123.session","verification_result":{"success":true,"user_id":8204466123,"username":null,"nickname":"Spencer White","phone":"85298289231","country":"\u9999\u6e2f","status_info":{"type":"UserStatusOffline","is_online":false,"was_online":1763884237},"is_authorized":true,"account_status":"\u6b63\u5e38","account_status_desc":"\u8d26\u53f7\u72b6\u6001\u6b63\u5e38","session_file":"\/www\/wwwroot\/tdata.tgbota.top\/public\/uploads\/admin\/202512\/6952870fadb7f\/85298289231\/tdata\/temp_8204466123.session","client":null}},"error":""},"task_id":0,"mt_id":1133},{"status":false,"message":"\u590d\u7528\u5df2\u6709\u5ba2\u6237\u7aef\uff0c\u5df2\u5904\u4e8e\u5728\u7ebf\u72b6\u6001","data":{"account_status":"\u51bb\u7ed3","account_status_desc":"\u8d26\u53f7\u88abTelegram\u5b98\u65b9\u51bb\u7ed3: The account was frozen"},"account_info":{"account_id":"1","phone":"","result":{"session_path":"\/www\/wwwroot\/tdata.tgbota.top\/public\/uploads\/admin\/202512\/695387359e84b\/8615213128221\/tdata\/temp_8210888458.session","verification_result":{"success":true,"user_id":8210888458,"username":null,"nickname":"Francisco Figaro","phone":"8615213128221","country":"\u4e2d\u56fd","status_info":{"type":"UserStatusOffline","is_online":false,"was_online":1766911554},"is_authorized":true,"account_status":"\u6b63\u5e38","account_status_desc":"\u8d26\u53f7\u72b6\u6001\u6b63\u5e38","session_file":"\/www\/wwwroot\/tdata.tgbota.top\/public\/uploads\/admin\/202512\/695387359e84b\/8615213128221\/tdata\/temp_8210888458.session","client":null}},"error":""},"task_id":1,"mt_id":1323}]}
[2025-12-31T15:14:08+08:00][info] [callPythonApiAsync] 地址 http://127.0.0.1:5094 响应成功
[2025-12-31T15:14:08+08:00][info] [callPythonApiAsync] 的值：{"status":true,"message":"\u6279\u91cf\u4efb\u52a1\u5b8c\u6210","data":[{"status":false,"message":"\u590d\u7528\u5df2\u6709\u5ba2\u6237\u7aef\uff0c\u5df2\u5904\u4e8e\u5728\u7ebf\u72b6\u6001","data":{"account_status":"\u51bb\u7ed3","account_status_desc":"\u8d26\u53f7\u88abTelegram\u5b98\u65b9\u51bb\u7ed3: The account was frozen"},"account_info":{"account_id":"0","phone":"","result":{"session_path":"\/www\/wwwroot\/tdata.tgbota.top\/public\/uploads\/admin\/202512\/6952870fadb7f\/85297437936\/tdata\/temp_8298164955.session","verification_result":{"success":true,"user_id":8298164955,"username":null,"nickname":"Keegan Healthy","phone":"85297437936","country":"\u9999\u6e2f","status_info":{"type":"UserStatusOffline","is_online":false,"was_online":1767018589},"is_authorized":true,"account_status":"\u6b63\u5e38","account_status_desc":"\u8d26\u53f7\u72b6\u6001\u6b63\u5e38","session_file":"\/www\/wwwroot\/tdata.tgbota.top\/public\/uploads\/admin\/202512\/6952870fadb7f\/85297437936\/tdata\/temp_8298164955.session","client":null}},"error":""},"task_id":0,"mt_id":1220},{"status":false,"message":"\u590d\u7528\u5df2\u6709\u5ba2\u6237\u7aef\uff0c\u5df2\u5904\u4e8e\u5728\u7ebf\u72b6\u6001","data":{"account_status":"\u51bb\u7ed3","account_status_desc":"\u8d26\u53f7\u88abTelegram\u5b98\u65b9\u51bb\u7ed3: The account was frozen"},"account_info":{"account_id":"1","phone":"","result":{"session_path":"\/www\/wwwroot\/tdata.tgbota.top\/public\/uploads\/admin\/202512\/695387359e84b\/8615211854303\/tdata\/temp_8382811331.session","verification_result":{"success":true,"user_id":8382811331,"username":null,"nickname":"Joshua Nathan","phone":"8615211854303","country":"\u4e2d\u56fd","status_info":{"type":"UserStatusOffline","is_online":false,"was_online":1766911554},"is_authorized":true,"account_status":"\u6b63\u5e38","account_status_desc":"\u8d26\u53f7\u72b6\u6001\u6b63\u5e38","session_file":"\/www\/wwwroot\/tdata.tgbota.top\/public\/uploads\/admin\/202512\/695387359e84b\/8615211854303\/tdata\/temp_8382811331.session","client":null}},"error":""},"task_id":1,"mt_id":1315}]}
[2025-12-31T15:14:08+08:00][info] [callPythonApiAsync] 地址 http://127.0.0.1:5086 响应成功
[2025-12-31T15:14:08+08:00][info] [callPythonApiAsync] 的值：{"status":true,"message":"\u6279\u91cf\u4efb\u52a1\u5b8c\u6210","data":[{"status":false,"message":"\u590d\u7528\u5df2\u6709\u5ba2\u6237\u7aef\uff0c\u5df2\u5904\u4e8e\u5728\u7ebf\u72b6\u6001","data":{"account_status":"\u51bb\u7ed3","account_status_desc":"\u8d26\u53f7\u88abTelegram\u5b98\u65b9\u51bb\u7ed3: The account was frozen"},"account_info":{"account_id":"0","phone":"","result":{"session_path":"\/www\/wwwroot\/tdata.tgbota.top\/public\/uploads\/admin\/202512\/6952870fadb7f\/85296717601\/tdata\/temp_8300479419.session","verification_result":{"success":true,"user_id":8300479419,"username":null,"nickname":"Industrious Royal","phone":"85296717601","country":"\u9999\u6e2f","status_info":{"type":"UserStatusOffline","is_online":false,"was_online":1763884161},"is_authorized":true,"account_status":"\u6b63\u5e38","account_status_desc":"\u8d26\u53f7\u72b6\u6001\u6b63\u5e38","session_file":"\/www\/wwwroot\/tdata.tgbota.top\/public\/uploads\/admin\/202512\/6952870fadb7f\/85296717601\/tdata\/temp_8300479419.session","client":null}},"error":""},"task_id":0,"mt_id":1084},{"status":false,"message":"\u590d\u7528\u5df2\u6709\u5ba2\u6237\u7aef\uff0c\u5df2\u5904\u4e8e\u5728\u7ebf\u72b6\u6001","data":{"account_status":"\u51bb\u7ed3","account_status_desc":"\u8d26\u53f7\u88abTelegram\u5b98\u65b9\u51bb\u7ed3: The account was frozen"},"account_info":{"account_id":"1","phone":"","result":{"session_path":"\/www\/wwwroot\/tdata.tgbota.top\/public\/uploads\/admin\/202512\/6952870fadb7f\/85298323506\/tdata\/temp_8271324715.session","verification_result":{"success":true,"user_id":8271324715,"username":null,"nickname":"Theobold Anne","phone":"85298323506","country":"\u9999\u6e2f","status_info":{"type":"UserStatusOffline","is_online":false,"was_online":1763884248},"is_authorized":true,"account_status":"\u6b63\u5e38","account_status_desc":"\u8d26\u53f7\u72b6\u6001\u6b63\u5e38","session_file":"\/www\/wwwroot\/tdata.tgbota.top\/public\/uploads\/admin\/202512\/6952870fadb7f\/85298323506\/tdata\/temp_8271324715.session","client":null}},"error":""},"task_id":1,"mt_id":1179}]}
[2025-12-31T15:14:08+08:00][info] [callPythonApiAsync] 地址 http://127.0.0.1:5045 响应成功
[2025-12-31T15:14:08+08:00][info] [callPythonApiAsync] 的值：{"status":true,"message":"\u6279\u91cf\u4efb\u52a1\u5b8c\u6210","data":[{"status":false,"message":"\u590d\u7528\u5df2\u6709\u5ba2\u6237\u7aef\uff0c\u5df2\u5904\u4e8e\u5728\u7ebf\u72b6\u6001","data":{"account_status":"\u51bb\u7ed3","account_status_desc":"\u8d26\u53f7\u88abTelegram\u5b98\u65b9\u51bb\u7ed3: The account was frozen"},"account_info":{"account_id":"0","phone":"","result":{"session_path":"\/www\/wwwroot\/tdata.tgbota.top\/public\/uploads\/admin\/202512\/6952870fadb7f\/85296757221\/tdata\/temp_8513237843.session","verification_result":{"success":true,"user_id":8513237843,"username":null,"nickname":"Page Haley","phone":"85296757221","country":"\u9999\u6e2f","status_info":{"type":"UserStatusOffline","is_online":false,"was_online":1763884178},"is_authorized":true,"account_status":"\u6b63\u5e38","account_status_desc":"\u8d26\u53f7\u72b6\u6001\u6b63\u5e38","session_file":"\/www\/wwwroot\/tdata.tgbota.top\/public\/uploads\/admin\/202512\/6952870fadb7f\/85296757221\/tdata\/temp_8513237843.session","client":null}},"error":""},"task_id":0,"mt_id":1091},{"status":false,"message":"\u590d\u7528\u5df2\u6709\u5ba2\u6237\u7aef\uff0c\u5df2\u5904\u4e8e\u5728\u7ebf\u72b6\u6001","data":{"account_status":"\u51bb\u7ed3","account_status_desc":"\u8d26\u53f7\u88abTelegram\u5b98\u65b9\u51bb\u7ed3: The account was frozen"},"account_info":{"account_id":"1","phone":"","result":{"session_path":"\/www\/wwwroot\/tdata.tgbota.top\/public\/uploads\/admin\/202512\/695387359e84b\/8615178828504\/tdata\/temp_8251645021.session","verification_result":{"success":true,"user_id":8251645021,"username":null,"nickname":"Ricardo Fitts","phone":"8615178828504","country":"\u4e2d\u56fd","status_info":{"type":"UserStatusOffline","is_online":false,"was_online":1766911553},"is_authorized":true,"account_status":"\u6b63\u5e38","account_status_desc":"\u8d26\u53f7\u72b6\u6001\u6b63\u5e38","session_file":"\/www\/wwwroot\/tdata.tgbota.top\/public\/uploads\/admin\/202512\/695387359e84b\/8615178828504\/tdata\/temp_8251645021.session","client":null}},"error":""},"task_id":1,"mt_id":1281}]}
[2025-12-31T15:14:08+08:00][info] [callPythonApiAsync] 地址 http://127.0.0.1:5052 响应成功
[2025-12-31T15:14:09+08:00][info] [callPythonApiAsync] 的值：{"status":true,"message":"\u6279\u91cf\u4efb\u52a1\u5b8c\u6210","data":[{"status":false,"message":"\u590d\u7528\u5df2\u6709\u5ba2\u6237\u7aef\uff0c\u5df2\u5904\u4e8e\u5728\u7ebf\u72b6\u6001","data":{"account_status":"\u51bb\u7ed3","account_status_desc":"\u8d26\u53f7\u88abTelegram\u5b98\u65b9\u51bb\u7ed3: The account was frozen"},"account_info":{"account_id":"0","phone":"","result":{"session_path":"\/www\/wwwroot\/tdata.tgbota.top\/public\/uploads\/admin\/202512\/6952870fadb7f\/85296744157\/tdata\/temp_8528128011.session","verification_result":{"success":true,"user_id":8528128011,"username":null,"nickname":"Lyndon Norman","phone":"85296744157","country":"\u9999\u6e2f","status_info":{"type":"UserStatusOffline","is_online":false,"was_online":1763884163},"is_authorized":true,"account_status":"\u6b63\u5e38","account_status_desc":"\u8d26\u53f7\u72b6\u6001\u6b63\u5e38","session_file":"\/www\/wwwroot\/tdata.tgbota.top\/public\/uploads\/admin\/202512\/6952870fadb7f\/85296744157\/tdata\/temp_8528128011.session","client":null}},"error":""},"task_id":0,"mt_id":1211},{"status":true,"message":"\u590d\u7528\u5df2\u6709\u5ba2\u6237\u7aef\uff0c\u5df2\u5904\u4e8e\u5728\u7ebf\u72b6\u6001","data":{"account_status":"\u6b63\u5e38","account_status_desc":"\u767b\u5f55\u6210\u529f"},"account_info":{"account_id":"1","phone":"","result":{"session_path":"\/www\/wwwroot\/tdata.tgbota.top\/public\/uploads\/admin\/202512\/695387359e84b\/8615211864541\/tdata\/temp_8070129982.session","verification_result":{"success":true,"user_id":8070129982,"username":null,"nickname":"Donna Williams","phone":"8615211864541","country":"\u4e2d\u56fd","status_info":{"type":"UserStatusOffline","is_online":false,"was_online":1766911553},"is_authorized":true,"account_status":"\u6b63\u5e38","account_status_desc":"\u8d26\u53f7\u72b6\u6001\u6b63\u5e38","session_file":"\/www\/wwwroot\/tdata.tgbota.top\/public\/uploads\/admin\/202512\/695387359e84b\/8615211864541\/tdata\/temp_8070129982.session","client":null}},"error":""},"task_id":1,"mt_id":1306}]}
[2025-12-31T15:14:09+08:00][info] [callPythonApiAsync] 地址 http://127.0.0.1:5077 响应成功
[2025-12-31T15:14:10+08:00][info] [callPythonApiAsync] 的值：{"status":true,"message":"\u6279\u91cf\u4efb\u52a1\u5b8c\u6210","data":[{"status":false,"message":"\u590d\u7528\u5df2\u6709\u5ba2\u6237\u7aef\uff0c\u5df2\u5904\u4e8e\u5728\u7ebf\u72b6\u6001","data":{"account_status":"\u51bb\u7ed3","account_status_desc":"\u8d26\u53f7\u88abTelegram\u5b98\u65b9\u51bb\u7ed3: The account was frozen"},"account_info":{"account_id":"0","phone":"","result":{"session_path":"\/www\/wwwroot\/tdata.tgbota.top\/public\/uploads\/admin\/202512\/6952870fadb7f\/85296765120\/tdata\/temp_8191190211.session","verification_result":{"success":true,"user_id":8191190211,"username":null,"nickname":"Dorian Millicent","phone":"85296765120","country":"\u9999\u6e2f","status_info":{"type":"UserStatusOffline","is_online":false,"was_online":1767017788},"is_authorized":true,"account_status":"\u6b63\u5e38","account_status_desc":"\u8d26\u53f7\u72b6\u6001\u6b63\u5e38","session_file":"\/www\/wwwroot\/tdata.tgbota.top\/public\/uploads\/admin\/202512\/6952870fadb7f\/85296765120\/tdata\/temp_8191190211.session","client":null}},"error":""},"task_id":0,"mt_id":1189},{"status":false,"message":"\u590d\u7528\u5df2\u6709\u5ba2\u6237\u7aef\uff0c\u5df2\u5904\u4e8e\u5728\u7ebf\u72b6\u6001","data":{"account_status":"\u51bb\u7ed3","account_status_desc":"\u8d26\u53f7\u88abTelegram\u5b98\u65b9\u51bb\u7ed3: The account was frozen"},"account_info":{"account_id":"1","phone":"","result":{"session_path":"\/www\/wwwroot\/tdata.tgbota.top\/public\/uploads\/admin\/202512\/695387359e84b\/8615178828137\/tdata\/temp_8444556666.session","verification_result":{"success":true,"user_id":8444556666,"username":null,"nickname":"Dena Bloomquist","phone":"8615178828137","country":"\u4e2d\u56fd","status_info":{"type":"UserStatusOffline","is_online":false,"was_online":1766911555},"is_authorized":true,"account_status":"\u6b63\u5e38","account_status_desc":"\u8d26\u53f7\u72b6\u6001\u6b63\u5e38","session_file":"\/www\/wwwroot\/tdata.tgbota.top\/public\/uploads\/admin\/202512\/695387359e84b\/8615178828137\/tdata\/temp_8444556666.session","client":null}},"error":""},"task_id":1,"mt_id":1284}]}
[2025-12-31T15:14:10+08:00][info] [callPythonApiAsync] 地址 http://127.0.0.1:5055 响应成功
[2025-12-31T15:14:10+08:00][info] [callPythonApiAsync] 的值：{"status":true,"message":"\u6279\u91cf\u4efb\u52a1\u5b8c\u6210","data":[{"status":false,"message":"\u590d\u7528\u5df2\u6709\u5ba2\u6237\u7aef\uff0c\u5df2\u5904\u4e8e\u5728\u7ebf\u72b6\u6001","data":{"account_status":"\u51bb\u7ed3","account_status_desc":"\u8d26\u53f7\u88abTelegram\u5b98\u65b9\u51bb\u7ed3: The account was frozen"},"account_info":{"account_id":"0","phone":"","result":{"session_path":"\/www\/wwwroot\/tdata.tgbota.top\/public\/uploads\/admin\/202512\/695277bebf004\/85244966739\/tdata\/temp_8268471203.session","verification_result":{"success":true,"user_id":8268471203,"username":null,"nickname":"Lucas Lilah","phone":"85244966739","country":"\u9999\u6e2f","status_info":{"type":"UserStatusOffline","is_online":false,"was_online":1767016712},"is_authorized":true,"account_status":"\u6b63\u5e38","account_status_desc":"\u8d26\u53f7\u72b6\u6001\u6b63\u5e38","session_file":"\/www\/wwwroot\/tdata.tgbota.top\/public\/uploads\/admin\/202512\/695277bebf004\/85244966739\/tdata\/temp_8268471203.session","client":null}},"error":""},"task_id":0,"mt_id":1012},{"status":false,"message":"\u590d\u7528\u5df2\u6709\u5ba2\u6237\u7aef\uff0c\u5df2\u5904\u4e8e\u5728\u7ebf\u72b6\u6001","data":{"account_status":"\u51bb\u7ed3","account_status_desc":"\u8d26\u53f7\u88abTelegram\u5b98\u65b9\u51bb\u7ed3: The account was frozen"},"account_info":{"account_id":"1","phone":"","result":{"session_path":"\/www\/wwwroot\/tdata.tgbota.top\/public\/uploads\/admin\/202512\/695387359e84b\/8615207293942\/tdata\/temp_8312443197.session","verification_result":{"success":true,"user_id":8312443197,"username":null,"nickname":"Bryant Spaid","phone":"8615207293942","country":"\u4e2d\u56fd","status_info":{"type":"UserStatusOffline","is_online":false,"was_online":1766911553},"is_authorized":true,"account_status":"\u6b63\u5e38","account_status_desc":"\u8d26\u53f7\u72b6\u6001\u6b63\u5e38","session_file":"\/www\/wwwroot\/tdata.tgbota.top\/public\/uploads\/admin\/202512\/695387359e84b\/8615207293942\/tdata\/temp_8312443197.session","client":null}},"error":""},"task_id":1,"mt_id":1297}]}
[2025-12-31T15:14:10+08:00][info] [callPythonApiAsync] 地址 http://127.0.0.1:5068 响应成功
[2025-12-31T15:14:10+08:00][info] [allResults] 的值：{"5013":{"state":"fulfilled","value":{"status":true,"message":"\u6279\u91cf\u4efb\u52a1\u5b8c\u6210","data":[{"status":false,"message":"\u590d\u7528\u5df2\u6709\u5ba2\u6237\u7aef\uff0c\u5df2\u5904\u4e8e\u5728\u7ebf\u72b6\u6001","data":{"account_status":"\u51bb\u7ed3","account_status_desc":"\u8d26\u53f7\u88abTelegram\u5b98\u65b9\u51bb\u7ed3: The account was frozen"},"account_info":{"account_id":"0","phone":"","result":{"session_path":"\/www\/wwwroot\/tdata.tgbota.top\/public\/uploads\/admin\/202512\/6952870fadb7f\/85296732357\/tdata\/temp_8247806507.session","verification_result":{"success":true,"user_id":8247806507,"username":null,"nickname":"Trista Nadia","phone":"85296732357","country":"\u9999\u6e2f","status_info":{"type":"UserStatusOffline","is_online":false,"was_online":1763884159},"is_authorized":true,"account_status":"\u6b63\u5e38","account_status_desc":"\u8d26\u53f7\u72b6\u6001\u6b63\u5e38","session_file":"\/www\/wwwroot\/tdata.tgbota.top\/public\/uploads\/admin\/202512\/6952870fadb7f\/85296732357\/tdata\/temp_8247806507.session","client":null}},"error":""},"task_id":0,"mt_id":1147}]}},"5033":{"state":"fulfilled","value":{"status":true,"message":"\u6279\u91cf\u4efb\u52a1\u5b8c\u6210","data":[{"status":false,"message":"\u590d\u7528\u5df2\u6709\u5ba2\u6237\u7aef\uff0c\u5df2\u5904\u4e8e\u5728\u7ebf\u72b6\u6001","data":{"account_status":"\u51bb\u7ed3","account_status_desc":"\u8d26\u53f7\u88abTelegram\u5b98\u65b9\u51bb\u7ed3: The account was frozen"},"account_info":{"account_id":"0","phone":"","result":{"session_path":"\/www\/wwwroot\/tdata.tgbota.top\/public\/uploads\/admin\/202512\/6952870fadb7f\/85297408028\/tdata\/temp_8421226027.session","verification_result":{"success":true,"user_id":8421226027,"username":null,"nickname":"Tony Davin","phone":"85297408028","country":"\u9999\u6e2f","status_info":{"type":"UserStatusOffline","is_online":false,"was_online":1763884176},"is_authorized":true,"account_status":"\u6b63\u5e38","account_status_desc":"\u8d26\u53f7\u72b6\u6001\u6b63\u5e38","session_file":"\/www\/wwwroot\/tdata.tgbota.top\/public\/uploads\/admin\/202512\/6952870fadb7f\/85297408028\/tdata\/temp_8421226027.session","client":null}},"error":""},"task_id":0,"mt_id":1167}]}},"5040":{"state":"fulfilled","value":{"status":true,"message":"\u6279\u91cf\u4efb\u52a1\u5b8c\u6210","data":[{"status":false,"message":"\u590d\u7528\u5df2\u6709\u5ba2\u6237\u7aef\uff0c\u5df2\u5904\u4e8e\u5728\u7ebf\u72b6\u6001","data":{"account_status":"\u51bb\u7ed3","account_status_desc":"\u8d26\u53f7\u88abTelegram\u5b98\u65b9\u51bb\u7ed3: The account was frozen"},"account_info":{"account_id":"0","phone":"","result":{"session_path":"\/www\/wwwroot\/tdata.tgbota.top\/public\/uploads\/admin\/202512\/6952870fadb7f\/85247158958\/tdata\/temp_8400619507.session","verification_result":{"success":true,"user_id":8400619507,"username":null,"nickname":"Zachariah Mary","phone":"85247158958","country":"\u9999\u6e2f","status_info":{"type":"UserStatusOffline","is_online":false,"was_online":1764245729},"is_authorized":true,"account_status":"\u6b63\u5e38","account_status_desc":"\u8d26\u53f7\u72b6\u6001\u6b63\u5e38","session_file":"\/www\/wwwroot\/tdata.tgbota.top\/public\/uploads\/admin\/202512\/6952870fadb7f\/85247158958\/tdata\/temp_8400619507.session","client":null}},"error":""},"task_id":0,"mt_id":1079}]}},"5041":{"state":"fulfilled","value":{"status":true,"message":"\u6279\u91cf\u4efb\u52a1\u5b8c\u6210","data":[{"status":false,"message":"\u590d\u7528\u5df2\u6709\u5ba2\u6237\u7aef\uff0c\u5df2\u5904\u4e8e\u5728\u7ebf\u72b6\u6001","data":{"account_status":"\u51bb\u7ed3","account_status_desc":"\u8d26\u53f7\u88abTelegram\u5b98\u65b9\u51bb\u7ed3: The account was frozen"},"account_info":{"account_id":"0","phone":"","result":{"session_path":"\/www\/wwwroot\/tdata.tgbota.top\/public\/uploads\/admin\/202512\/6952870fadb7f\/85298387635\/tdata\/temp_8456250779.session","verification_result":{"success":true,"user_id":8456250779,"username":null,"nickname":"Black Tabitha","phone":"85298387635","country":"\u9999\u6e2f","status_info":{"type":"UserStatusOffline","is_online":false,"was_online":1763884245},"is_authorized":true,"account_status":"\u6b63\u5e38","account_status_desc":"\u8d26\u53f7\u72b6\u6001\u6b63\u5e38","session_file":"\/www\/wwwroot\/tdata.tgbota.top\/public\/uploads\/admin\/202512\/6952870fadb7f\/85298387635\/tdata\/temp_8456250779.session","client":null}},"error":""},"task_id":0,"mt_id":1175}]}},"5042":{"state":"fulfilled","value":{"status":true,"message":"\u6279\u91cf\u4efb\u52a1\u5b8c\u6210","data":[{"status":false,"message":"\u590d\u7528\u5df2\u6709\u5ba2\u6237\u7aef\uff0c\u5df2\u5904\u4e8e\u5728\u7ebf\u72b6\u6001","data":{"account_status":"\u51bb\u7ed3","account_status_desc":"\u8d26\u53f7\u88abTelegram\u5b98\u65b9\u51bb\u7ed3: The account was frozen"},"account_info":{"account_id":"0","phone":"","result":{"session_path":"\/www\/wwwroot\/tdata.tgbota.top\/public\/uploads\/admin\/202512\/6952870fadb7f\/85296750973\/tdata\/temp_8446284331.session","verification_result":{"success":true,"user_id":8446284331,"username":null,"nickname":"Rebellious Prosperous","phone":"85296750973","country":"\u9999\u6e2f","status_info":{"type":"UserStatusOffline","is_online":false,"was_online":1763884170},"is_authorized":true,"account_status":"\u6b63\u5e38","account_status_desc":"\u8d26\u53f7\u72b6\u6001\u6b63\u5e38","session_file":"\/www\/wwwroot\/tdata.tgbota.top\/public\/uploads\/admin\/202512\/6952870fadb7f\/85296750973\/tdata\/temp_8446284331.session","client":null}},"error":""},"task_id":0,"mt_id":1081}]}},"5045":{"state":"fulfilled","value":{"status":true,"message":"\u6279\u91cf\u4efb\u52a1\u5b8c\u6210","data":[{"status":false,"message":"\u590d\u7528\u5df2\u6709\u5ba2\u6237\u7aef\uff0c\u5df2\u5904\u4e8e\u5728\u7ebf\u72b6\u6001","data":{"account_status":"\u51bb\u7ed3","account_status_desc":"\u8d26\u53f7\u88abTelegram\u5b98\u65b9\u51bb\u7ed3: The account was frozen"},"account_info":{"account_id":"0","phone":"","result":{"session_path":"\/www\/wwwroot\/tdata.tgbota.top\/public\/uploads\/admin\/202512\/6952870fadb7f\/85296717601\/tdata\/temp_8300479419.session","verification_result":{"success":true,"user_id":8300479419,"username":null,"nickname":"Industrious Royal","phone":"85296717601","country":"\u9999\u6e2f","status_info":{"type":"UserStatusOffline","is_online":false,"was_online":1763884161},"is_authorized":true,"account_status":"\u6b63\u5e38","account_status_desc":"\u8d26\u53f7\u72b6\u6001\u6b63\u5e38","session_file":"\/www\/wwwroot\/tdata.tgbota.top\/public\/uploads\/admin\/202512\/6952870fadb7f\/85296717601\/tdata\/temp_8300479419.session","client":null}},"error":""},"task_id":0,"mt_id":1084},{"status":false,"message":"\u590d\u7528\u5df2\u6709\u5ba2\u6237\u7aef\uff0c\u5df2\u5904\u4e8e\u5728\u7ebf\u72b6\u6001","data":{"account_status":"\u51bb\u7ed3","account_status_desc":"\u8d26\u53f7\u88abTelegram\u5b98\u65b9\u51bb\u7ed3: The account was frozen"},"account_info":{"account_id":"1","phone":"","result":{"session_path":"\/www\/wwwroot\/tdata.tgbota.top\/public\/uploads\/admin\/202512\/6952870fadb7f\/85298323506\/tdata\/temp_8271324715.session","verification_result":{"success":true,"user_id":8271324715,"username":null,"nickname":"Theobold Anne","phone":"85298323506","country":"\u9999\u6e2f","status_info":{"type":"UserStatusOffline","is_online":false,"was_online":1763884248},"is_authorized":true,"account_status":"\u6b63\u5e38","account_status_desc":"\u8d26\u53f7\u72b6\u6001\u6b63\u5e38","session_file":"\/www\/wwwroot\/tdata.tgbota.top\/public\/uploads\/admin\/202512\/6952870fadb7f\/85298323506\/tdata\/temp_8271324715.session","client":null}},"error":""},"task_id":1,"mt_id":1179}]}},"5048":{"state":"fulfilled","value":{"status":true,"message":"\u6279\u91cf\u4efb\u52a1\u5b8c\u6210","data":[{"status":false,"message":"\u590d\u7528\u5df2\u6709\u5ba2\u6237\u7aef\uff0c\u5df2\u5904\u4e8e\u5728\u7ebf\u72b6\u6001","data":{"account_status":"\u51bb\u7ed3","account_status_desc":"\u8d26\u53f7\u88abTelegram\u5b98\u65b9\u51bb\u7ed3: The account was frozen"},"account_info":{"account_id":"0","phone":"","result":{"session_path":"\/www\/wwwroot\/tdata.tgbota.top\/public\/uploads\/admin\/202512\/695387359e84b\/8615213109327\/tdata\/temp_8240395408.session","verification_result":{"success":true,"user_id":8240395408,"username":null,"nickname":"Thea Bachleda","phone":"8615213109327","country":"\u4e2d\u56fd","status_info":{"type":"UserStatusOffline","is_online":false,"was_online":1766911552},"is_authorized":true,"account_status":"\u6b63\u5e38","account_status_desc":"\u8d26\u53f7\u72b6\u6001\u6b63\u5e38","session_file":"\/www\/wwwroot\/tdata.tgbota.top\/public\/uploads\/admin\/202512\/695387359e84b\/8615213109327\/tdata\/temp_8240395408.session","client":null}},"error":""},"task_id":0,"mt_id":1277}]}},"5049":{"state":"fulfilled","value":{"status":true,"message":"\u6279\u91cf\u4efb\u52a1\u5b8c\u6210","data":[{"status":false,"message":"\u590d\u7528\u5df2\u6709\u5ba2\u6237\u7aef\uff0c\u5df2\u5904\u4e8e\u5728\u7ebf\u72b6\u6001","data":{"account_status":"\u51bb\u7ed3","account_status_desc":"\u8d26\u53f7\u88abTelegram\u5b98\u65b9\u51bb\u7ed3: The account was frozen"},"account_info":{"account_id":"0","phone":"","result":{"session_path":"\/www\/wwwroot\/tdata.tgbota.top\/public\/uploads\/admin\/202512\/695387359e84b\/8615211852301\/tdata\/temp_8471501880.session","verification_result":{"success":true,"user_id":8471501880,"username":null,"nickname":"James Bustamante","phone":"8615211852301","country":"\u4e2d\u56fd","status_info":{"type":"UserStatusOffline","is_online":false,"was_online":1766911553},"is_authorized":true,"account_status":"\u6b63\u5e38","account_status_desc":"\u8d26\u53f7\u72b6\u6001\u6b63\u5e38","session_file":"\/www\/wwwroot\/tdata.tgbota.top\/public\/uploads\/admin\/202512\/695387359e84b\/8615211852301\/tdata\/temp_8471501880.session","client":null}},"error":""},"task_id":0,"mt_id":1278}]}},"5050":{"state":"fulfilled","value":{"status":true,"message":"\u6279\u91cf\u4efb\u52a1\u5b8c\u6210","data":[{"status":false,"message":"\u590d\u7528\u5df2\u6709\u5ba2\u6237\u7aef\uff0c\u5df2\u5904\u4e8e\u5728\u7ebf\u72b6\u6001","data":{"account_status":"\u51bb\u7ed3","account_status_desc":"\u8d26\u53f7\u88abTelegram\u5b98\u65b9\u51bb\u7ed3: The account was frozen"},"account_info":{"account_id":"0","phone":"","result":{"session_path":"\/www\/wwwroot\/tdata.tgbota.top\/public\/uploads\/admin\/202512\/695387359e84b\/8615178844163\/tdata\/temp_8464730439.session","verification_result":{"success":true,"user_id":8464730439,"username":null,"nickname":"Beverly Anderson","phone":"8615178844163","country":"\u4e2d\u56fd","status_info":{"type":"UserStatusOffline","is_online":false,"was_online":1766911556},"is_authorized":true,"account_status":"\u6b63\u5e38","account_status_desc":"\u8d26\u53f7\u72b6\u6001\u6b63\u5e38","session_file":"\/www\/wwwroot\/tdata.tgbota.top\/public\/uploads\/admin\/202512\/695387359e84b\/8615178844163\/tdata\/temp_8464730439.session","client":null}},"error":""},"task_id":0,"mt_id":1279}]}},"5051":{"state":"fulfilled","value":{"status":true,"message":"\u6279\u91cf\u4efb\u52a1\u5b8c\u6210","data":[{"status":false,"message":"\u590d\u7528\u5df2\u6709\u5ba2\u6237\u7aef\uff0c\u5df2\u5904\u4e8e\u5728\u7ebf\u72b6\u6001","data":{"account_status":"\u51bb\u7ed3","account_status_desc":"\u8d26\u53f7\u88abTelegram\u5b98\u65b9\u51bb\u7ed3: The account was frozen"},"account_info":{"account_id":"0","phone":"","result":{"session_path":"\/www\/wwwroot\/tdata.tgbota.top\/public\/uploads\/admin\/202512\/695387359e84b\/8615200855780\/tdata\/temp_8418531061.session","verification_result":{"success":true,"user_id":8418531061,"username":null,"nickname":"Jack Donelson","phone":"8615200855780","country":"\u4e2d\u56fd","status_info":{"type":"UserStatusOffline","is_online":false,"was_online":1766911555},"is_authorized":true,"account_status":"\u6b63\u5e38","account_status_desc":"\u8d26\u53f7\u72b6\u6001\u6b63\u5e38","session_file":"\/www\/wwwroot\/tdata.tgbota.top\/public\/uploads\/admin\/202512\/695387359e84b\/8615200855780\/tdata\/temp_8418531061.session","client":null}},"error":""},"task_id":0,"mt_id":1280}]}},"5052":{"state":"fulfilled","value":{"status":true,"message":"\u6279\u91cf\u4efb\u52a1\u5b8c\u6210","data":[{"status":false,"message":"\u590d\u7528\u5df2\u6709\u5ba2\u6237\u7aef\uff0c\u5df2\u5904\u4e8e\u5728\u7ebf\u72b6\u6001","data":{"account_status":"\u51bb\u7ed3","account_status_desc":"\u8d26\u53f7\u88abTelegram\u5b98\u65b9\u51bb\u7ed3: The account was frozen"},"account_info":{"account_id":"0","phone":"","result":{"session_path":"\/www\/wwwroot\/tdata.tgbota.top\/public\/uploads\/admin\/202512\/6952870fadb7f\/85296757221\/tdata\/temp_8513237843.session","verification_result":{"success":true,"user_id":8513237843,"username":null,"nickname":"Page Haley","phone":"85296757221","country":"\u9999\u6e2f","status_info":{"type":"UserStatusOffline","is_online":false,"was_online":1763884178},"is_authorized":true,"account_status":"\u6b63\u5e38","account_status_desc":"\u8d26\u53f7\u72b6\u6001\u6b63\u5e38","session_file":"\/www\/wwwroot\/tdata.tgbota.top\/public\/uploads\/admin\/202512\/6952870fadb7f\/85296757221\/tdata\/temp_8513237843.session","client":null}},"error":""},"task_id":0,"mt_id":1091},{"status":false,"message":"\u590d\u7528\u5df2\u6709\u5ba2\u6237\u7aef\uff0c\u5df2\u5904\u4e8e\u5728\u7ebf\u72b6\u6001","data":{"account_status":"\u51bb\u7ed3","account_status_desc":"\u8d26\u53f7\u88abTelegram\u5b98\u65b9\u51bb\u7ed3: The account was frozen"},"account_info":{"account_id":"1","phone":"","result":{"session_path":"\/www\/wwwroot\/tdata.tgbota.top\/public\/uploads\/admin\/202512\/695387359e84b\/8615178828504\/tdata\/temp_8251645021.session","verification_result":{"success":true,"user_id":8251645021,"username":null,"nickname":"Ricardo Fitts","phone":"8615178828504","country":"\u4e2d\u56fd","status_info":{"type":"UserStatusOffline","is_online":false,"was_online":1766911553},"is_authorized":true,"account_status":"\u6b63\u5e38","account_status_desc":"\u8d26\u53f7\u72b6\u6001\u6b63\u5e38","session_file":"\/www\/wwwroot\/tdata.tgbota.top\/public\/uploads\/admin\/202512\/695387359e84b\/8615178828504\/tdata\/temp_8251645021.session","client":null}},"error":""},"task_id":1,"mt_id":1281}]}},"5053":{"state":"fulfilled","value":{"status":true,"message":"\u6279\u91cf\u4efb\u52a1\u5b8c\u6210","data":[{"status":true,"message":"\u590d\u7528\u5df2\u6709\u5ba2\u6237\u7aef\uff0c\u5df2\u5904\u4e8e\u5728\u7ebf\u72b6\u6001","data":{"account_status":"\u6b63\u5e38","account_status_desc":"\u767b\u5f55\u6210\u529f"},"account_info":{"account_id":"0","phone":"","result":{"session_path":"\/www\/wwwroot\/tdata.tgbota.top\/public\/uploads\/admin\/202512\/695387359e84b\/8615178828467\/tdata\/temp_8495116294.session","verification_result":{"success":true,"user_id":8495116294,"username":null,"nickname":"Keturah Horsley","phone":"8615178828467","country":"\u4e2d\u56fd","status_info":{"type":"UserStatusOffline","is_online":false,"was_online":1766911553},"is_authorized":true,"account_status":"\u6b63\u5e38","account_status_desc":"\u8d26\u53f7\u72b6\u6001\u6b63\u5e38","session_file":"\/www\/wwwroot\/tdata.tgbota.top\/public\/uploads\/admin\/202512\/695387359e84b\/8615178828467\/tdata\/temp_8495116294.session","client":null}},"error":""},"task_id":0,"mt_id":1282}]}},"5054":{"state":"fulfilled","value":{"status":true,"message":"\u6279\u91cf\u4efb\u52a1\u5b8c\u6210","data":[{"status":true,"message":"\u590d\u7528\u5df2\u6709\u5ba2\u6237\u7aef\uff0c\u5df2\u5904\u4e8e\u5728\u7ebf\u72b6\u6001","data":{"account_status":"\u6b63\u5e38","account_status_desc":"\u767b\u5f55\u6210\u529f"},"account_info":{"account_id":"0","phone":"","result":{"session_path":"\/www\/wwwroot\/tdata.tgbota.top\/public\/uploads\/admin\/202512\/695387359e84b\/8615211862815\/tdata\/temp_8412207894.session","verification_result":{"success":true,"user_id":8412207894,"username":null,"nickname":"Gladys Barrocas","phone":"8615211862815","country":"\u4e2d\u56fd","status_info":{"type":"UserStatusOffline","is_online":false,"was_online":1766911553},"is_authorized":true,"account_status":"\u6b63\u5e38","account_status_desc":"\u8d26\u53f7\u72b6\u6001\u6b63\u5e38","session_file":"\/www\/wwwroot\/tdata.tgbota.top\/public\/uploads\/admin\/202512\/695387359e84b\/8615211862815\/tdata\/temp_8412207894.session","client":null}},"error":""},"task_id":0,"mt_id":1283}]}},"5055":{"state":"fulfilled","value":{"status":true,"message":"\u6279\u91cf\u4efb\u52a1\u5b8c\u6210","data":[{"status":false,"message":"\u590d\u7528\u5df2\u6709\u5ba2\u6237\u7aef\uff0c\u5df2\u5904\u4e8e\u5728\u7ebf\u72b6\u6001","data":{"account_status":"\u51bb\u7ed3","account_status_desc":"\u8d26\u53f7\u88abTelegram\u5b98\u65b9\u51bb\u7ed3: The account was frozen"},"account_info":{"account_id":"0","phone":"","result":{"session_path":"\/www\/wwwroot\/tdata.tgbota.top\/public\/uploads\/admin\/202512\/6952870fadb7f\/85296765120\/tdata\/temp_8191190211.session","verification_result":{"success":true,"user_id":8191190211,"username":null,"nickname":"Dorian Millicent","phone":"85296765120","country":"\u9999\u6e2f","status_info":{"type":"UserStatusOffline","is_online":false,"was_online":1767017788},"is_authorized":true,"account_status":"\u6b63\u5e38","account_status_desc":"\u8d26\u53f7\u72b6\u6001\u6b63\u5e38","session_file":"\/www\/wwwroot\/tdata.tgbota.top\/public\/uploads\/admin\/202512\/6952870fadb7f\/85296765120\/tdata\/temp_8191190211.session","client":null}},"error":""},"task_id":0,"mt_id":1189},{"status":false,"message":"\u590d\u7528\u5df2\u6709\u5ba2\u6237\u7aef\uff0c\u5df2\u5904\u4e8e\u5728\u7ebf\u72b6\u6001","data":{"account_status":"\u51bb\u7ed3","account_status_desc":"\u8d26\u53f7\u88abTelegram\u5b98\u65b9\u51bb\u7ed3: The account was frozen"},"account_info":{"account_id":"1","phone":"","result":{"session_path":"\/www\/wwwroot\/tdata.tgbota.top\/public\/uploads\/admin\/202512\/695387359e84b\/8615178828137\/tdata\/temp_8444556666.session","verification_result":{"success":true,"user_id":8444556666,"username":null,"nickname":"Dena Bloomquist","phone":"8615178828137","country":"\u4e2d\u56fd","status_info":{"type":"UserStatusOffline","is_online":false,"was_online":1766911555},"is_authorized":true,"account_status":"\u6b63\u5e38","account_status_desc":"\u8d26\u53f7\u72b6\u6001\u6b63\u5e38","session_file":"\/www\/wwwroot\/tdata.tgbota.top\/public\/uploads\/admin\/202512\/695387359e84b\/8615178828137\/tdata\/temp_8444556666.session","client":null}},"error":""},"task_id":1,"mt_id":1284}]}},"5056":{"state":"fulfilled","value":{"status":true,"message":"\u6279\u91cf\u4efb\u52a1\u5b8c\u6210","data":[{"status":false,"message":"\u590d\u7528\u5df2\u6709\u5ba2\u6237\u7aef\uff0c\u5df2\u5904\u4e8e\u5728\u7ebf\u72b6\u6001","data":{"account_status":"\u51bb\u7ed3","account_status_desc":"\u8d26\u53f7\u88abTelegram\u5b98\u65b9\u51bb\u7ed3: The account was frozen"},"account_info":{"account_id":"0","phone":"","result":{"session_path":"\/www\/wwwroot\/tdata.tgbota.top\/public\/uploads\/admin\/202512\/6952870fadb7f\/85298334597\/tdata\/temp_8408103171.session","verification_result":{"success":true,"user_id":8408103171,"username":null,"nickname":"Willette Wayne","phone":"85298334597","country":"\u9999\u6e2f","status_info":{"type":"UserStatusOffline","is_online":false,"was_online":1767018383},"is_authorized":true,"account_status":"\u6b63\u5e38","account_status_desc":"\u8d26\u53f7\u72b6\u6001\u6b63\u5e38","session_file":"\/www\/wwwroot\/tdata.tgbota.top\/public\/uploads\/admin\/202512\/6952870fadb7f\/85298334597\/tdata\/temp_8408103171.session","client":null}},"error":""},"task_id":0,"mt_id":1190},{"status":false,"message":"\u590d\u7528\u5df2\u6709\u5ba2\u6237\u7aef\uff0c\u5df2\u5904\u4e8e\u5728\u7ebf\u72b6\u6001","data":{"account_status":"\u51bb\u7ed3","account_status_desc":"\u8d26\u53f7\u88abTelegram\u5b98\u65b9\u51bb\u7ed3: The account was frozen"},"account_info":{"account_id":"1","phone":"","result":{"session_path":"\/www\/wwwroot\/tdata.tgbota.top\/public\/uploads\/admin\/202512\/695387359e84b\/8615213104315\/tdata\/temp_8077456681.session","verification_result":{"success":true,"user_id":8077456681,"username":null,"nickname":"Angela Ray","phone":"8615213104315","country":"\u4e2d\u56fd","status_info":{"type":"UserStatusOffline","is_online":false,"was_online":1766911554},"is_authorized":true,"account_status":"\u6b63\u5e38","account_status_desc":"\u8d26\u53f7\u72b6\u6001\u6b63\u5e38","session_file":"\/www\/wwwroot\/tdata.tgbota.top\/public\/uploads\/admin\/202512\/695387359e84b\/8615213104315\/tdata\/temp_8077456681.session","client":null}},"error":""},"task_id":1,"mt_id":1285}]}},"5057":{"state":"fulfilled","value":{"status":true,"message":"\u6279\u91cf\u4efb\u52a1\u5b8c\u6210","data":[{"status":false,"message":"\u590d\u7528\u5df2\u6709\u5ba2\u6237\u7aef\uff0c\u5df2\u5904\u4e8e\u5728\u7ebf\u72b6\u6001","data":{"account_status":"\u51bb\u7ed3","account_status_desc":"\u8d26\u53f7\u88abTelegram\u5b98\u65b9\u51bb\u7ed3: The account was frozen"},"account_info":{"account_id":"0","phone":"","result":{"session_path":"\/www\/wwwroot\/tdata.tgbota.top\/public\/uploads\/admin\/202512\/6952870fadb7f\/85298314609\/tdata\/temp_8238034451.session","verification_result":{"success":true,"user_id":8238034451,"username":null,"nickname":"Larina Emeline","phone":"85298314609","country":"\u9999\u6e2f","status_info":{"type":"UserStatusOffline","is_online":false,"was_online":1767017596},"is_authorized":true,"account_status":"\u6b63\u5e38","account_status_desc":"\u8d26\u53f7\u72b6\u6001\u6b63\u5e38","session_file":"\/www\/wwwroot\/tdata.tgbota.top\/public\/uploads\/admin\/202512\/6952870fadb7f\/85298314609\/tdata\/temp_8238034451.session","client":null}},"error":""},"task_id":0,"mt_id":1191},{"status":false,"message":"\u590d\u7528\u5df2\u6709\u5ba2\u6237\u7aef\uff0c\u5df2\u5904\u4e8e\u5728\u7ebf\u72b6\u6001","data":{"account_status":"\u51bb\u7ed3","account_status_desc":"\u8d26\u53f7\u88abTelegram\u5b98\u65b9\u51bb\u7ed3: The account was frozen"},"account_info":{"account_id":"1","phone":"","result":{"session_path":"\/www\/wwwroot\/tdata.tgbota.top\/public\/uploads\/admin\/202512\/695387359e84b\/8615178891370\/tdata\/temp_8312655669.session","verification_result":{"success":true,"user_id":8312655669,"username":null,"nickname":"Nellie Fisher","phone":"8615178891370","country":"\u4e2d\u56fd","status_info":{"type":"UserStatusOffline","is_online":false,"was_online":1766911554},"is_authorized":true,"account_status":"\u6b63\u5e38","account_status_desc":"\u8d26\u53f7\u72b6\u6001\u6b63\u5e38","session_file":"\/www\/wwwroot\/tdata.tgbota.top\/public\/uploads\/admin\/202512\/695387359e84b\/8615178891370\/tdata\/temp_8312655669.session","client":null}},"error":""},"task_id":1,"mt_id":1286}]}},"5058":{"state":"fulfilled","value":{"status":true,"message":"\u6279\u91cf\u4efb\u52a1\u5b8c\u6210","data":[{"status":false,"message":"\u590d\u7528\u5df2\u6709\u5ba2\u6237\u7aef\uff0c\u5df2\u5904\u4e8e\u5728\u7ebf\u72b6\u6001","data":{"account_status":"\u51bb\u7ed3","account_status_desc":"\u8d26\u53f7\u88abTelegram\u5b98\u65b9\u51bb\u7ed3: The account was frozen"},"account_info":{"account_id":"0","phone":"","result":{"session_path":"\/www\/wwwroot\/tdata.tgbota.top\/public\/uploads\/admin\/202512\/695387359e84b\/8615178868044\/tdata\/temp_8275206751.session","verification_result":{"success":true,"user_id":8275206751,"username":null,"nickname":"Melissa Robinson","phone":"8615178868044","country":"\u4e2d\u56fd","status_info":{"type":"UserStatusOffline","is_online":false,"was_online":1766911555},"is_authorized":true,"account_status":"\u6b63\u5e38","account_status_desc":"\u8d26\u53f7\u72b6\u6001\u6b63\u5e38","session_file":"\/www\/wwwroot\/tdata.tgbota.top\/public\/uploads\/admin\/202512\/695387359e84b\/8615178868044\/tdata\/temp_8275206751.session","client":null}},"error":""},"task_id":0,"mt_id":1287}]}},"5059":{"state":"fulfilled","value":{"status":true,"message":"\u6279\u91cf\u4efb\u52a1\u5b8c\u6210","data":[{"status":false,"message":"\u590d\u7528\u5df2\u6709\u5ba2\u6237\u7aef\uff0c\u5df2\u5904\u4e8e\u5728\u7ebf\u72b6\u6001","data":{"account_status":"\u51bb\u7ed3","account_status_desc":"\u8d26\u53f7\u88abTelegram\u5b98\u65b9\u51bb\u7ed3: The account was frozen"},"account_info":{"account_id":"0","phone":"","result":{"session_path":"\/www\/wwwroot\/tdata.tgbota.top\/public\/uploads\/admin\/202512\/695387359e84b\/8615178793580\/tdata\/temp_8262353413.session","verification_result":{"success":true,"user_id":8262353413,"username":null,"nickname":"Jill Desrosiers","phone":"8615178793580","country":"\u4e2d\u56fd","status_info":{"type":"UserStatusOffline","is_online":false,"was_online":1766911554},"is_authorized":true,"account_status":"\u6b63\u5e38","account_status_desc":"\u8d26\u53f7\u72b6\u6001\u6b63\u5e38","session_file":"\/www\/wwwroot\/tdata.tgbota.top\/public\/uploads\/admin\/202512\/695387359e84b\/8615178793580\/tdata\/temp_8262353413.session","client":null}},"error":""},"task_id":0,"mt_id":1288}]}},"5060":{"state":"fulfilled","value":{"status":true,"message":"\u6279\u91cf\u4efb\u52a1\u5b8c\u6210","data":[{"status":false,"message":"\u590d\u7528\u5df2\u6709\u5ba2\u6237\u7aef\uff0c\u5df2\u5904\u4e8e\u5728\u7ebf\u72b6\u6001","data":{"account_status":"\u51bb\u7ed3","account_status_desc":"\u8d26\u53f7\u88abTelegram\u5b98\u65b9\u51bb\u7ed3: The account was frozen"},"account_info":{"account_id":"0","phone":"","result":{"session_path":"\/www\/wwwroot\/tdata.tgbota.top\/public\/uploads\/admin\/202512\/695387359e84b\/8615213111701\/tdata\/temp_7825911921.session","verification_result":{"success":true,"user_id":7825911921,"username":null,"nickname":"Evan Chee","phone":"8615213111701","country":"\u4e2d\u56fd","status_info":{"type":"UserStatusOffline","is_online":false,"was_online":1766911552},"is_authorized":true,"account_status":"\u6b63\u5e38","account_status_desc":"\u8d26\u53f7\u72b6\u6001\u6b63\u5e38","session_file":"\/www\/wwwroot\/tdata.tgbota.top\/public\/uploads\/admin\/202512\/695387359e84b\/8615213111701\/tdata\/temp_7825911921.session","client":null}},"error":""},"task_id":0,"mt_id":1289}]}},"5061":{"state":"fulfilled","value":{"status":true,"message":"\u6279\u91cf\u4efb\u52a1\u5b8c\u6210","data":[{"status":false,"message":"\u590d\u7528\u5df2\u6709\u5ba2\u6237\u7aef\uff0c\u5df2\u5904\u4e8e\u5728\u7ebf\u72b6\u6001","data":{"account_status":"\u51bb\u7ed3","account_status_desc":"\u8d26\u53f7\u88abTelegram\u5b98\u65b9\u51bb\u7ed3: The account was frozen"},"account_info":{"account_id":"0","phone":"","result":{"session_path":"\/www\/wwwroot\/tdata.tgbota.top\/public\/uploads\/admin\/202512\/695387359e84b\/8615178877425\/tdata\/temp_8475919589.session","verification_result":{"success":true,"user_id":8475919589,"username":null,"nickname":"Ross Haas","phone":"8615178877425","country":"\u4e2d\u56fd","status_info":{"type":"UserStatusOffline","is_online":false,"was_online":1766911553},"is_authorized":true,"account_status":"\u6b63\u5e38","account_status_desc":"\u8d26\u53f7\u72b6\u6001\u6b63\u5e38","session_file":"\/www\/wwwroot\/tdata.tgbota.top\/public\/uploads\/admin\/202512\/695387359e84b\/8615178877425\/tdata\/temp_8475919589.session","client":null}},"error":""},"task_id":0,"mt_id":1290}]}},"5062":{"state":"fulfilled","value":{"status":true,"message":"\u6279\u91cf\u4efb\u52a1\u5b8c\u6210","data":[{"status":false,"message":"\u590d\u7528\u5df2\u6709\u5ba2\u6237\u7aef\uff0c\u5df2\u5904\u4e8e\u5728\u7ebf\u72b6\u6001","data":{"account_status":"\u51bb\u7ed3","account_status_desc":"\u8d26\u53f7\u88abTelegram\u5b98\u65b9\u51bb\u7ed3: The account was frozen"},"account_info":{"account_id":"0","phone":"","result":{"session_path":"\/www\/wwwroot\/tdata.tgbota.top\/public\/uploads\/admin\/202512\/695387359e84b\/8615213123724\/tdata\/temp_7770205711.session","verification_result":{"success":true,"user_id":7770205711,"username":null,"nickname":"Jane Skubis","phone":"8615213123724","country":"\u4e2d\u56fd","status_info":{"type":"UserStatusOffline","is_online":false,"was_online":1766911555},"is_authorized":true,"account_status":"\u6b63\u5e38","account_status_desc":"\u8d26\u53f7\u72b6\u6001\u6b63\u5e38","session_file":"\/www\/wwwroot\/tdata.tgbota.top\/public\/uploads\/admin\/202512\/695387359e84b\/8615213123724\/tdata\/temp_7770205711.session","client":null}},"error":""},"task_id":0,"mt_id":1291}]}},"5063":{"state":"fulfilled","value":{"status":true,"message":"\u6279\u91cf\u4efb\u52a1\u5b8c\u6210","data":[{"status":false,"message":"\u590d\u7528\u5df2\u6709\u5ba2\u6237\u7aef\uff0c\u5df2\u5904\u4e8e\u5728\u7ebf\u72b6\u6001","data":{"account_status":"\u51bb\u7ed3","account_status_desc":"\u8d26\u53f7\u88abTelegram\u5b98\u65b9\u51bb\u7ed3: The account was frozen"},"account_info":{"account_id":"0","phone":"","result":{"session_path":"\/www\/wwwroot\/tdata.tgbota.top\/public\/uploads\/admin\/202512\/695387359e84b\/8615178773647\/tdata\/temp_8126419928.session","verification_result":{"success":true,"user_id":8126419928,"username":null,"nickname":"Mark Borges","phone":"8615178773647","country":"\u4e2d\u56fd","status_info":{"type":"UserStatusOffline","is_online":false,"was_online":1766911555},"is_authorized":true,"account_status":"\u6b63\u5e38","account_status_desc":"\u8d26\u53f7\u72b6\u6001\u6b63\u5e38","session_file":"\/www\/wwwroot\/tdata.tgbota.top\/public\/uploads\/admin\/202512\/695387359e84b\/8615178773647\/tdata\/temp_8126419928.session","client":null}},"error":""},"task_id":0,"mt_id":1292}]}},"5064":{"state":"fulfilled","value":{"status":true,"message":"\u6279\u91cf\u4efb\u52a1\u5b8c\u6210","data":[{"status":false,"message":"\u590d\u7528\u5df2\u6709\u5ba2\u6237\u7aef\uff0c\u5df2\u5904\u4e8e\u5728\u7ebf\u72b6\u6001","data":{"account_status":"\u51bb\u7ed3","account_status_desc":"\u8d26\u53f7\u88abTelegram\u5b98\u65b9\u51bb\u7ed3: The account was frozen"},"account_info":{"account_id":"0","phone":"","result":{"session_path":"\/www\/wwwroot\/tdata.tgbota.top\/public\/uploads\/admin\/202512\/695387359e84b\/8615213127604\/tdata\/temp_8172997145.session","verification_result":{"success":true,"user_id":8172997145,"username":null,"nickname":"Renee Lumpkin","phone":"8615213127604","country":"\u4e2d\u56fd","status_info":{"type":"UserStatusOffline","is_online":false,"was_online":1766911554},"is_authorized":true,"account_status":"\u6b63\u5e38","account_status_desc":"\u8d26\u53f7\u72b6\u6001\u6b63\u5e38","session_file":"\/www\/wwwroot\/tdata.tgbota.top\/public\/uploads\/admin\/202512\/695387359e84b\/8615213127604\/tdata\/temp_8172997145.session","client":null}},"error":""},"task_id":0,"mt_id":1293}]}},"5065":{"state":"fulfilled","value":{"status":true,"message":"\u6279\u91cf\u4efb\u52a1\u5b8c\u6210","data":[{"status":false,"message":"\u590d\u7528\u5df2\u6709\u5ba2\u6237\u7aef\uff0c\u5df2\u5904\u4e8e\u5728\u7ebf\u72b6\u6001","data":{"account_status":"\u51bb\u7ed3","account_status_desc":"\u8d26\u53f7\u88abTelegram\u5b98\u65b9\u51bb\u7ed3: The account was frozen"},"account_info":{"account_id":"0","phone":"","result":{"session_path":"\/www\/wwwroot\/tdata.tgbota.top\/public\/uploads\/admin\/202512\/695387359e84b\/8615178745170\/tdata\/temp_8461665305.session","verification_result":{"success":true,"user_id":8461665305,"username":null,"nickname":"John Raines","phone":"8615178745170","country":"\u4e2d\u56fd","status_info":{"type":"UserStatusOffline","is_online":false,"was_online":1766911555},"is_authorized":true,"account_status":"\u6b63\u5e38","account_status_desc":"\u8d26\u53f7\u72b6\u6001\u6b63\u5e38","session_file":"\/www\/wwwroot\/tdata.tgbota.top\/public\/uploads\/admin\/202512\/695387359e84b\/8615178745170\/tdata\/temp_8461665305.session","client":null}},"error":""},"task_id":0,"mt_id":1294}]}},"5066":{"state":"fulfilled","value":{"status":true,"message":"\u6279\u91cf\u4efb\u52a1\u5b8c\u6210","data":[{"status":false,"message":"\u590d\u7528\u5df2\u6709\u5ba2\u6237\u7aef\uff0c\u5df2\u5904\u4e8e\u5728\u7ebf\u72b6\u6001","data":{"account_status":"\u51bb\u7ed3","account_status_desc":"\u8d26\u53f7\u88abTelegram\u5b98\u65b9\u51bb\u7ed3: The account was frozen"},"account_info":{"account_id":"0","phone":"","result":{"session_path":"\/www\/wwwroot\/tdata.tgbota.top\/public\/uploads\/admin\/202512\/695387359e84b\/8615178862474\/tdata\/temp_8407871615.session","verification_result":{"success":true,"user_id":8407871615,"username":null,"nickname":"Darrell Medley","phone":"8615178862474","country":"\u4e2d\u56fd","status_info":{"type":"UserStatusOffline","is_online":false,"was_online":1766911554},"is_authorized":true,"account_status":"\u6b63\u5e38","account_status_desc":"\u8d26\u53f7\u72b6\u6001\u6b63\u5e38","session_file":"\/www\/wwwroot\/tdata.tgbota.top\/public\/uploads\/admin\/202512\/695387359e84b\/8615178862474\/tdata\/temp_8407871615.session","client":null}},"error":""},"task_id":0,"mt_id":1295}]}},"5067":{"state":"fulfilled","value":{"status":true,"message":"\u6279\u91cf\u4efb\u52a1\u5b8c\u6210","data":[{"status":false,"message":"\u590d\u7528\u5df2\u6709\u5ba2\u6237\u7aef\uff0c\u5df2\u5904\u4e8e\u5728\u7ebf\u72b6\u6001","data":{"account_status":"\u51bb\u7ed3","account_status_desc":"\u8d26\u53f7\u88abTelegram\u5b98\u65b9\u51bb\u7ed3: The account was frozen"},"account_info":{"account_id":"0","phone":"","result":{"session_path":"\/www\/wwwroot\/tdata.tgbota.top\/public\/uploads\/admin\/202512\/6952870fadb7f\/85296757284\/tdata\/temp_8527728163.session","verification_result":{"success":true,"user_id":8527728163,"username":null,"nickname":"Dwight Crown","phone":"85296757284","country":"\u9999\u6e2f","status_info":{"type":"UserStatusOffline","is_online":false,"was_online":1763884173},"is_authorized":true,"account_status":"\u6b63\u5e38","account_status_desc":"\u8d26\u53f7\u72b6\u6001\u6b63\u5e38","session_file":"\/www\/wwwroot\/tdata.tgbota.top\/public\/uploads\/admin\/202512\/6952870fadb7f\/85296757284\/tdata\/temp_8527728163.session","client":null}},"error":""},"task_id":0,"mt_id":1106},{"status":false,"message":"\u590d\u7528\u5df2\u6709\u5ba2\u6237\u7aef\uff0c\u5df2\u5904\u4e8e\u5728\u7ebf\u72b6\u6001","data":{"account_status":"\u51bb\u7ed3","account_status_desc":"\u8d26\u53f7\u88abTelegram\u5b98\u65b9\u51bb\u7ed3: The account was frozen"},"account_info":{"account_id":"1","phone":"","result":{"session_path":"\/www\/wwwroot\/tdata.tgbota.top\/public\/uploads\/admin\/202512\/695387359e84b\/8615213111450\/tdata\/temp_7686170276.session","verification_result":{"success":true,"user_id":7686170276,"username":null,"nickname":"Nancy Leath","phone":"8615213111450","country":"\u4e2d\u56fd","status_info":{"type":"UserStatusOffline","is_online":false,"was_online":1766911553},"is_authorized":true,"account_status":"\u6b63\u5e38","account_status_desc":"\u8d26\u53f7\u72b6\u6001\u6b63\u5e38","session_file":"\/www\/wwwroot\/tdata.tgbota.top\/public\/uploads\/admin\/202512\/695387359e84b\/8615213111450\/tdata\/temp_7686170276.session","client":null}},"error":""},"task_id":1,"mt_id":1296}]}},"5068":{"state":"fulfilled","value":{"status":true,"message":"\u6279\u91cf\u4efb\u52a1\u5b8c\u6210","data":[{"status":false,"message":"\u590d\u7528\u5df2\u6709\u5ba2\u6237\u7aef\uff0c\u5df2\u5904\u4e8e\u5728\u7ebf\u72b6\u6001","data":{"account_status":"\u51bb\u7ed3","account_status_desc":"\u8d26\u53f7\u88abTelegram\u5b98\u65b9\u51bb\u7ed3: The account was frozen"},"account_info":{"account_id":"0","phone":"","result":{"session_path":"\/www\/wwwroot\/tdata.tgbota.top\/public\/uploads\/admin\/202512\/695277bebf004\/85244966739\/tdata\/temp_8268471203.session","verification_result":{"success":true,"user_id":8268471203,"username":null,"nickname":"Lucas Lilah","phone":"85244966739","country":"\u9999\u6e2f","status_info":{"type":"UserStatusOffline","is_online":false,"was_online":1767016712},"is_authorized":true,"account_status":"\u6b63\u5e38","account_status_desc":"\u8d26\u53f7\u72b6\u6001\u6b63\u5e38","session_file":"\/www\/wwwroot\/tdata.tgbota.top\/public\/uploads\/admin\/202512\/695277bebf004\/85244966739\/tdata\/temp_8268471203.session","client":null}},"error":""},"task_id":0,"mt_id":1012},{"status":false,"message":"\u590d\u7528\u5df2\u6709\u5ba2\u6237\u7aef\uff0c\u5df2\u5904\u4e8e\u5728\u7ebf\u72b6\u6001","data":{"account_status":"\u51bb\u7ed3","account_status_desc":"\u8d26\u53f7\u88abTelegram\u5b98\u65b9\u51bb\u7ed3: The account was frozen"},"account_info":{"account_id":"1","phone":"","result":{"session_path":"\/www\/wwwroot\/tdata.tgbota.top\/public\/uploads\/admin\/202512\/695387359e84b\/8615207293942\/tdata\/temp_8312443197.session","verification_result":{"success":true,"user_id":8312443197,"username":null,"nickname":"Bryant Spaid","phone":"8615207293942","country":"\u4e2d\u56fd","status_info":{"type":"UserStatusOffline","is_online":false,"was_online":1766911553},"is_authorized":true,"account_status":"\u6b63\u5e38","account_status_desc":"\u8d26\u53f7\u72b6\u6001\u6b63\u5e38","session_file":"\/www\/wwwroot\/tdata.tgbota.top\/public\/uploads\/admin\/202512\/695387359e84b\/8615207293942\/tdata\/temp_8312443197.session","client":null}},"error":""},"task_id":1,"mt_id":1297}]}},"5069":{"state":"fulfilled","value":{"status":true,"message":"\u6279\u91cf\u4efb\u52a1\u5b8c\u6210","data":[{"status":false,"message":"\u590d\u7528\u5df2\u6709\u5ba2\u6237\u7aef\uff0c\u5df2\u5904\u4e8e\u5728\u7ebf\u72b6\u6001","data":{"account_status":"\u51bb\u7ed3","account_status_desc":"\u8d26\u53f7\u88abTelegram\u5b98\u65b9\u51bb\u7ed3: The account was frozen"},"account_info":{"account_id":"0","phone":"","result":{"session_path":"\/www\/wwwroot\/tdata.tgbota.top\/public\/uploads\/admin\/202512\/695387359e84b\/8615211864362\/tdata\/temp_8278596927.session","verification_result":{"success":true,"user_id":8278596927,"username":null,"nickname":"Dorothy Little","phone":"8615211864362","country":"\u4e2d\u56fd","status_info":{"type":"UserStatusOffline","is_online":false,"was_online":1766911554},"is_authorized":true,"account_status":"\u6b63\u5e38","account_status_desc":"\u8d26\u53f7\u72b6\u6001\u6b63\u5e38","session_file":"\/www\/wwwroot\/tdata.tgbota.top\/public\/uploads\/admin\/202512\/695387359e84b\/8615211864362\/tdata\/temp_8278596927.session","client":null}},"error":""},"task_id":0,"mt_id":1298}]}},"5070":{"state":"fulfilled","value":{"status":true,"message":"\u6279\u91cf\u4efb\u52a1\u5b8c\u6210","data":[{"status":false,"message":"\u590d\u7528\u5df2\u6709\u5ba2\u6237\u7aef\uff0c\u5df2\u5904\u4e8e\u5728\u7ebf\u72b6\u6001","data":{"account_status":"\u51bb\u7ed3","account_status_desc":"\u8d26\u53f7\u88abTelegram\u5b98\u65b9\u51bb\u7ed3: The account was frozen"},"account_info":{"account_id":"0","phone":"","result":{"session_path":"\/www\/wwwroot\/tdata.tgbota.top\/public\/uploads\/admin\/202512\/695387359e84b\/8615178891147\/tdata\/temp_8266403778.session","verification_result":{"success":true,"user_id":8266403778,"username":null,"nickname":"Phyllis Buxton","phone":"8615178891147","country":"\u4e2d\u56fd","status_info":{"type":"UserStatusOffline","is_online":false,"was_online":1766911553},"is_authorized":true,"account_status":"\u6b63\u5e38","account_status_desc":"\u8d26\u53f7\u72b6\u6001\u6b63\u5e38","session_file":"\/www\/wwwroot\/tdata.tgbota.top\/public\/uploads\/admin\/202512\/695387359e84b\/8615178891147\/tdata\/temp_8266403778.session","client":null}},"error":""},"task_id":0,"mt_id":1299}]}},"5071":{"state":"fulfilled","value":{"status":true,"message":"\u6279\u91cf\u4efb\u52a1\u5b8c\u6210","data":[{"status":false,"message":"\u590d\u7528\u5df2\u6709\u5ba2\u6237\u7aef\uff0c\u5df2\u5904\u4e8e\u5728\u7ebf\u72b6\u6001","data":{"account_status":"\u51bb\u7ed3","account_status_desc":"\u8d26\u53f7\u88abTelegram\u5b98\u65b9\u51bb\u7ed3: The account was frozen"},"account_info":{"account_id":"0","phone":"","result":{"session_path":"\/www\/wwwroot\/tdata.tgbota.top\/public\/uploads\/admin\/202512\/695387359e84b\/8615178824224\/tdata\/temp_8390314909.session","verification_result":{"success":true,"user_id":8390314909,"username":null,"nickname":"Andrew Hunter","phone":"8615178824224","country":"\u4e2d\u56fd","status_info":{"type":"UserStatusOffline","is_online":false,"was_online":1766911555},"is_authorized":true,"account_status":"\u6b63\u5e38","account_status_desc":"\u8d26\u53f7\u72b6\u6001\u6b63\u5e38","session_file":"\/www\/wwwroot\/tdata.tgbota.top\/public\/uploads\/admin\/202512\/695387359e84b\/8615178824224\/tdata\/temp_8390314909.session","client":null}},"error":""},"task_id":0,"mt_id":1300}]}},"5072":{"state":"fulfilled","value":{"status":true,"message":"\u6279\u91cf\u4efb\u52a1\u5b8c\u6210","data":[{"status":false,"message":"\u590d\u7528\u5df2\u6709\u5ba2\u6237\u7aef\uff0c\u5df2\u5904\u4e8e\u5728\u7ebf\u72b6\u6001","data":{"account_status":"\u51bb\u7ed3","account_status_desc":"\u8d26\u53f7\u88abTelegram\u5b98\u65b9\u51bb\u7ed3: The account was frozen"},"account_info":{"account_id":"0","phone":"","result":{"session_path":"\/www\/wwwroot\/tdata.tgbota.top\/public\/uploads\/admin\/202512\/695387359e84b\/8615207128947\/tdata\/temp_8272647348.session","verification_result":{"success":true,"user_id":8272647348,"username":null,"nickname":"Jon Croom","phone":"8615207128947","country":"\u4e2d\u56fd","status_info":{"type":"UserStatusOffline","is_online":false,"was_online":1766911554},"is_authorized":true,"account_status":"\u6b63\u5e38","account_status_desc":"\u8d26\u53f7\u72b6\u6001\u6b63\u5e38","session_file":"\/www\/wwwroot\/tdata.tgbota.top\/public\/uploads\/admin\/202512\/695387359e84b\/8615207128947\/tdata\/temp_8272647348.session","client":null}},"error":""},"task_id":0,"mt_id":1301}]}},"5073":{"state":"fulfilled","value":{"status":true,"message":"\u6279\u91cf\u4efb\u52a1\u5b8c\u6210","data":[{"status":false,"message":"\u590d\u7528\u5df2\u6709\u5ba2\u6237\u7aef\uff0c\u5df2\u5904\u4e8e\u5728\u7ebf\u72b6\u6001","data":{"account_status":"\u51bb\u7ed3","account_status_desc":"\u8d26\u53f7\u88abTelegram\u5b98\u65b9\u51bb\u7ed3: The account was frozen"},"account_info":{"account_id":"0","phone":"","result":{"session_path":"\/www\/wwwroot\/tdata.tgbota.top\/public\/uploads\/admin\/202512\/695387359e84b\/8615206372691\/tdata\/temp_8357985051.session","verification_result":{"success":true,"user_id":8357985051,"username":null,"nickname":"Rose Moon","phone":"8615206372691","country":"\u4e2d\u56fd","status_info":{"type":"UserStatusOffline","is_online":false,"was_online":1766911555},"is_authorized":true,"account_status":"\u6b63\u5e38","account_status_desc":"\u8d26\u53f7\u72b6\u6001\u6b63\u5e38","session_file":"\/www\/wwwroot\/tdata.tgbota.top\/public\/uploads\/admin\/202512\/695387359e84b\/8615206372691\/tdata\/temp_8357985051.session","client":null}},"error":""},"task_id":0,"mt_id":1302}]}},"5074":{"state":"fulfilled","value":{"status":true,"message":"\u6279\u91cf\u4efb\u52a1\u5b8c\u6210","data":[{"status":false,"message":"\u590d\u7528\u5df2\u6709\u5ba2\u6237\u7aef\uff0c\u5df2\u5904\u4e8e\u5728\u7ebf\u72b6\u6001","data":{"account_status":"\u51bb\u7ed3","account_status_desc":"\u8d26\u53f7\u88abTelegram\u5b98\u65b9\u51bb\u7ed3: The account was frozen"},"account_info":{"account_id":"0","phone":"","result":{"session_path":"\/www\/wwwroot\/tdata.tgbota.top\/public\/uploads\/admin\/202512\/6952870fadb7f\/85298116407\/tdata\/temp_8519442531.session","verification_result":{"success":true,"user_id":8519442531,"username":null,"nickname":"Morgan Eve","phone":"85298116407","country":"\u9999\u6e2f","status_info":{"type":"UserStatusOffline","is_online":false,"was_online":1763884220},"is_authorized":true,"account_status":"\u6b63\u5e38","account_status_desc":"\u8d26\u53f7\u72b6\u6001\u6b63\u5e38","session_file":"\/www\/wwwroot\/tdata.tgbota.top\/public\/uploads\/admin\/202512\/6952870fadb7f\/85298116407\/tdata\/temp_8519442531.session","client":null}},"error":""},"task_id":0,"mt_id":1208},{"status":false,"message":"\u590d\u7528\u5df2\u6709\u5ba2\u6237\u7aef\uff0c\u5df2\u5904\u4e8e\u5728\u7ebf\u72b6\u6001","data":{"account_status":"\u51bb\u7ed3","account_status_desc":"\u8d26\u53f7\u88abTelegram\u5b98\u65b9\u51bb\u7ed3: The account was frozen"},"account_info":{"account_id":"1","phone":"","result":{"session_path":"\/www\/wwwroot\/tdata.tgbota.top\/public\/uploads\/admin\/202512\/695387359e84b\/8615178816940\/tdata\/temp_7973968858.session","verification_result":{"success":true,"user_id":7973968858,"username":null,"nickname":"Jason Parker","phone":"8615178816940","country":"\u4e2d\u56fd","status_info":{"type":"UserStatusOffline","is_online":false,"was_online":1766911555},"is_authorized":true,"account_status":"\u6b63\u5e38","account_status_desc":"\u8d26\u53f7\u72b6\u6001\u6b63\u5e38","session_file":"\/www\/wwwroot\/tdata.tgbota.top\/public\/uploads\/admin\/202512\/695387359e84b\/8615178816940\/tdata\/temp_7973968858.session","client":null}},"error":""},"task_id":1,"mt_id":1303}]}},"5075":{"state":"fulfilled","value":{"status":true,"message":"\u6279\u91cf\u4efb\u52a1\u5b8c\u6210","data":[{"status":false,"message":"\u590d\u7528\u5df2\u6709\u5ba2\u6237\u7aef\uff0c\u5df2\u5904\u4e8e\u5728\u7ebf\u72b6\u6001","data":{"account_status":"\u51bb\u7ed3","account_status_desc":"\u8d26\u53f7\u88abTelegram\u5b98\u65b9\u51bb\u7ed3: The account was frozen"},"account_info":{"account_id":"0","phone":"","result":{"session_path":"\/www\/wwwroot\/tdata.tgbota.top\/public\/uploads\/admin\/202512\/695387359e84b\/8615178808607\/tdata\/temp_8264781163.session","verification_result":{"success":true,"user_id":8264781163,"username":null,"nickname":"Margaret Greene","phone":"8615178808607","country":"\u4e2d\u56fd","status_info":{"type":"UserStatusOffline","is_online":false,"was_online":1766911554},"is_authorized":true,"account_status":"\u6b63\u5e38","account_status_desc":"\u8d26\u53f7\u72b6\u6001\u6b63\u5e38","session_file":"\/www\/wwwroot\/tdata.tgbota.top\/public\/uploads\/admin\/202512\/695387359e84b\/8615178808607\/tdata\/temp_8264781163.session","client":null}},"error":""},"task_id":0,"mt_id":1304}]}},"5076":{"state":"fulfilled","value":{"status":true,"message":"\u6279\u91cf\u4efb\u52a1\u5b8c\u6210","data":[{"status":false,"message":"\u590d\u7528\u5df2\u6709\u5ba2\u6237\u7aef\uff0c\u5df2\u5904\u4e8e\u5728\u7ebf\u72b6\u6001","data":{"account_status":"\u51bb\u7ed3","account_status_desc":"\u8d26\u53f7\u88abTelegram\u5b98\u65b9\u51bb\u7ed3: The account was frozen"},"account_info":{"account_id":"0","phone":"","result":{"session_path":"\/www\/wwwroot\/tdata.tgbota.top\/public\/uploads\/admin\/202512\/695387359e84b\/8615178790743\/tdata\/temp_8414466676.session","verification_result":{"success":true,"user_id":8414466676,"username":null,"nickname":"Edmond Byrd","phone":"8615178790743","country":"\u4e2d\u56fd","status_info":{"type":"UserStatusOffline","is_online":false,"was_online":1766911554},"is_authorized":true,"account_status":"\u6b63\u5e38","account_status_desc":"\u8d26\u53f7\u72b6\u6001\u6b63\u5e38","session_file":"\/www\/wwwroot\/tdata.tgbota.top\/public\/uploads\/admin\/202512\/695387359e84b\/8615178790743\/tdata\/temp_8414466676.session","client":null}},"error":""},"task_id":0,"mt_id":1305}]}},"5077":{"state":"fulfilled","value":{"status":true,"message":"\u6279\u91cf\u4efb\u52a1\u5b8c\u6210","data":[{"status":false,"message":"\u590d\u7528\u5df2\u6709\u5ba2\u6237\u7aef\uff0c\u5df2\u5904\u4e8e\u5728\u7ebf\u72b6\u6001","data":{"account_status":"\u51bb\u7ed3","account_status_desc":"\u8d26\u53f7\u88abTelegram\u5b98\u65b9\u51bb\u7ed3: The account was frozen"},"account_info":{"account_id":"0","phone":"","result":{"session_path":"\/www\/wwwroot\/tdata.tgbota.top\/public\/uploads\/admin\/202512\/6952870fadb7f\/85296744157\/tdata\/temp_8528128011.session","verification_result":{"success":true,"user_id":8528128011,"username":null,"nickname":"Lyndon Norman","phone":"85296744157","country":"\u9999\u6e2f","status_info":{"type":"UserStatusOffline","is_online":false,"was_online":1763884163},"is_authorized":true,"account_status":"\u6b63\u5e38","account_status_desc":"\u8d26\u53f7\u72b6\u6001\u6b63\u5e38","session_file":"\/www\/wwwroot\/tdata.tgbota.top\/public\/uploads\/admin\/202512\/6952870fadb7f\/85296744157\/tdata\/temp_8528128011.session","client":null}},"error":""},"task_id":0,"mt_id":1211},{"status":true,"message":"\u590d\u7528\u5df2\u6709\u5ba2\u6237\u7aef\uff0c\u5df2\u5904\u4e8e\u5728\u7ebf\u72b6\u6001","data":{"account_status":"\u6b63\u5e38","account_status_desc":"\u767b\u5f55\u6210\u529f"},"account_info":{"account_id":"1","phone":"","result":{"session_path":"\/www\/wwwroot\/tdata.tgbota.top\/public\/uploads\/admin\/202512\/695387359e84b\/8615211864541\/tdata\/temp_8070129982.session","verification_result":{"success":true,"user_id":8070129982,"username":null,"nickname":"Donna Williams","phone":"8615211864541","country":"\u4e2d\u56fd","status_info":{"type":"UserStatusOffline","is_online":false,"was_online":1766911553},"is_authorized":true,"account_status":"\u6b63\u5e38","account_status_desc":"\u8d26\u53f7\u72b6\u6001\u6b63\u5e38","session_file":"\/www\/wwwroot\/tdata.tgbota.top\/public\/uploads\/admin\/202512\/695387359e84b\/8615211864541\/tdata\/temp_8070129982.session","client":null}},"error":""},"task_id":1,"mt_id":1306}]}},"5078":{"state":"fulfilled","value":{"status":true,"message":"\u6279\u91cf\u4efb\u52a1\u5b8c\u6210","data":[{"status":false,"message":"\u590d\u7528\u5df2\u6709\u5ba2\u6237\u7aef\uff0c\u5df2\u5904\u4e8e\u5728\u7ebf\u72b6\u6001","data":{"account_status":"\u51bb\u7ed3","account_status_desc":"\u8d26\u53f7\u88abTelegram\u5b98\u65b9\u51bb\u7ed3: The account was frozen"},"account_info":{"account_id":"0","phone":"","result":{"session_path":"\/www\/wwwroot\/tdata.tgbota.top\/public\/uploads\/admin\/202512\/695387359e84b\/8615178816771\/tdata\/temp_8204763002.session","verification_result":{"success":true,"user_id":8204763002,"username":null,"nickname":"Brenda Lisonbee","phone":"8615178816771","country":"\u4e2d\u56fd","status_info":{"type":"UserStatusOffline","is_online":false,"was_online":1766911554},"is_authorized":true,"account_status":"\u6b63\u5e38","account_status_desc":"\u8d26\u53f7\u72b6\u6001\u6b63\u5e38","session_file":"\/www\/wwwroot\/tdata.tgbota.top\/public\/uploads\/admin\/202512\/695387359e84b\/8615178816771\/tdata\/temp_8204763002.session","client":null}},"error":""},"task_id":0,"mt_id":1307}]}},"5079":{"state":"fulfilled","value":{"status":true,"message":"\u6279\u91cf\u4efb\u52a1\u5b8c\u6210","data":[{"status":false,"message":"\u590d\u7528\u5df2\u6709\u5ba2\u6237\u7aef\uff0c\u5df2\u5904\u4e8e\u5728\u7ebf\u72b6\u6001","data":{"account_status":"\u51bb\u7ed3","account_status_desc":"\u8d26\u53f7\u88abTelegram\u5b98\u65b9\u51bb\u7ed3: The account was frozen"},"account_info":{"account_id":"0","phone":"","result":{"session_path":"\/www\/wwwroot\/tdata.tgbota.top\/public\/uploads\/admin\/202512\/695387359e84b\/8615178798914\/tdata\/temp_7917902005.session","verification_result":{"success":true,"user_id":7917902005,"username":null,"nickname":"Tammy Moss","phone":"8615178798914","country":"\u4e2d\u56fd","status_info":{"type":"UserStatusOffline","is_online":false,"was_online":1766911554},"is_authorized":true,"account_status":"\u6b63\u5e38","account_status_desc":"\u8d26\u53f7\u72b6\u6001\u6b63\u5e38","session_file":"\/www\/wwwroot\/tdata.tgbota.top\/public\/uploads\/admin\/202512\/695387359e84b\/8615178798914\/tdata\/temp_7917902005.session","client":null}},"error":""},"task_id":0,"mt_id":1308}]}},"5080":{"state":"fulfilled","value":{"status":true,"message":"\u6279\u91cf\u4efb\u52a1\u5b8c\u6210","data":[{"status":false,"message":"\u590d\u7528\u5df2\u6709\u5ba2\u6237\u7aef\uff0c\u5df2\u5904\u4e8e\u5728\u7ebf\u72b6\u6001","data":{"account_status":"\u51bb\u7ed3","account_status_desc":"\u8d26\u53f7\u88abTelegram\u5b98\u65b9\u51bb\u7ed3: The account was frozen"},"account_info":{"account_id":"0","phone":"","result":{"session_path":"\/www\/wwwroot\/tdata.tgbota.top\/public\/uploads\/admin\/202512\/6952870fadb7f\/85247526942\/tdata\/temp_8266106867.session","verification_result":{"success":true,"user_id":8266106867,"username":null,"nickname":"Joanna Harley","phone":"85247526942","country":"\u9999\u6e2f","status_info":{"type":"UserStatusOffline","is_online":false,"was_online":1764245724},"is_authorized":true,"account_status":"\u6b63\u5e38","account_status_desc":"\u8d26\u53f7\u72b6\u6001\u6b63\u5e38","session_file":"\/www\/wwwroot\/tdata.tgbota.top\/public\/uploads\/admin\/202512\/6952870fadb7f\/85247526942\/tdata\/temp_8266106867.session","client":null}},"error":""},"task_id":0,"mt_id":1214},{"status":false,"message":"\u590d\u7528\u5df2\u6709\u5ba2\u6237\u7aef\uff0c\u5df2\u5904\u4e8e\u5728\u7ebf\u72b6\u6001","data":{"account_status":"\u51bb\u7ed3","account_status_desc":"\u8d26\u53f7\u88abTelegram\u5b98\u65b9\u51bb\u7ed3: The account was frozen"},"account_info":{"account_id":"1","phone":"","result":{"session_path":"\/www\/wwwroot\/tdata.tgbota.top\/public\/uploads\/admin\/202512\/695387359e84b\/8615178936432\/tdata\/temp_8395014097.session","verification_result":{"success":true,"user_id":8395014097,"username":null,"nickname":"Gregory Smith","phone":"8615178936432","country":"\u4e2d\u56fd","status_info":{"type":"UserStatusOffline","is_online":false,"was_online":1766911553},"is_authorized":true,"account_status":"\u6b63\u5e38","account_status_desc":"\u8d26\u53f7\u72b6\u6001\u6b63\u5e38","session_file":"\/www\/wwwroot\/tdata.tgbota.top\/public\/uploads\/admin\/202512\/695387359e84b\/8615178936432\/tdata\/temp_8395014097.session","client":null}},"error":""},"task_id":1,"mt_id":1309}]}},"5081":{"state":"fulfilled","value":{"status":true,"message":"\u6279\u91cf\u4efb\u52a1\u5b8c\u6210","data":[{"status":true,"message":"\u590d\u7528\u5df2\u6709\u5ba2\u6237\u7aef\uff0c\u5df2\u5904\u4e8e\u5728\u7ebf\u72b6\u6001","data":{"account_status":"\u6b63\u5e38","account_status_desc":"\u767b\u5f55\u6210\u529f"},"account_info":{"account_id":"0","phone":"","result":{"session_path":"\/www\/wwwroot\/tdata.tgbota.top\/public\/uploads\/admin\/202512\/695387359e84b\/8615178866714\/tdata\/temp_8163853542.session","verification_result":{"success":true,"user_id":8163853542,"username":null,"nickname":"Loyd Hill","phone":"8615178866714","country":"\u4e2d\u56fd","status_info":{"type":"UserStatusOffline","is_online":false,"was_online":1766911552},"is_authorized":true,"account_status":"\u6b63\u5e38","account_status_desc":"\u8d26\u53f7\u72b6\u6001\u6b63\u5e38","session_file":"\/www\/wwwroot\/tdata.tgbota.top\/public\/uploads\/admin\/202512\/695387359e84b\/8615178866714\/tdata\/temp_8163853542.session","client":null}},"error":""},"task_id":0,"mt_id":1310}]}},"5082":{"state":"fulfilled","value":{"status":true,"message":"\u6279\u91cf\u4efb\u52a1\u5b8c\u6210","data":[{"status":false,"message":"\u590d\u7528\u5df2\u6709\u5ba2\u6237\u7aef\uff0c\u5df2\u5904\u4e8e\u5728\u7ebf\u72b6\u6001","data":{"account_status":"\u51bb\u7ed3","account_status_desc":"\u8d26\u53f7\u88abTelegram\u5b98\u65b9\u51bb\u7ed3: The account was frozen"},"account_info":{"account_id":"0","phone":"","result":{"session_path":"\/www\/wwwroot\/tdata.tgbota.top\/public\/uploads\/admin\/202512\/695387359e84b\/8615207292247\/tdata\/temp_8435107567.session","verification_result":{"success":true,"user_id":8435107567,"username":null,"nickname":"Jerry Hester","phone":"8615207292247","country":"\u4e2d\u56fd","status_info":{"type":"UserStatusOffline","is_online":false,"was_online":1766911554},"is_authorized":true,"account_status":"\u6b63\u5e38","account_status_desc":"\u8d26\u53f7\u72b6\u6001\u6b63\u5e38","session_file":"\/www\/wwwroot\/tdata.tgbota.top\/public\/uploads\/admin\/202512\/695387359e84b\/8615207292247\/tdata\/temp_8435107567.session","client":null}},"error":""},"task_id":0,"mt_id":1311}]}},"5083":{"state":"fulfilled","value":{"status":true,"message":"\u6279\u91cf\u4efb\u52a1\u5b8c\u6210","data":[{"status":true,"message":"\u590d\u7528\u5df2\u6709\u5ba2\u6237\u7aef\uff0c\u5df2\u5904\u4e8e\u5728\u7ebf\u72b6\u6001","data":{"account_status":"\u6b63\u5e38","account_status_desc":"\u767b\u5f55\u6210\u529f"},"account_info":{"account_id":"0","phone":"","result":{"session_path":"\/www\/wwwroot\/tdata.tgbota.top\/public\/uploads\/admin\/202512\/695387359e84b\/8615211864107\/tdata\/temp_8175983174.session","verification_result":{"success":true,"user_id":8175983174,"username":null,"nickname":"Andrew Stephenson","phone":"8615211864107","country":"\u4e2d\u56fd","status_info":{"type":"UserStatusOffline","is_online":false,"was_online":1766911554},"is_authorized":true,"account_status":"\u6b63\u5e38","account_status_desc":"\u8d26\u53f7\u72b6\u6001\u6b63\u5e38","session_file":"\/www\/wwwroot\/tdata.tgbota.top\/public\/uploads\/admin\/202512\/695387359e84b\/8615211864107\/tdata\/temp_8175983174.session","client":null}},"error":""},"task_id":0,"mt_id":1312}]}},"5084":{"state":"fulfilled","value":{"status":true,"message":"\u6279\u91cf\u4efb\u52a1\u5b8c\u6210","data":[{"status":false,"message":"\u590d\u7528\u5df2\u6709\u5ba2\u6237\u7aef\uff0c\u5df2\u5904\u4e8e\u5728\u7ebf\u72b6\u6001","data":{"account_status":"\u51bb\u7ed3","account_status_desc":"\u8d26\u53f7\u88abTelegram\u5b98\u65b9\u51bb\u7ed3: The account was frozen"},"account_info":{"account_id":"0","phone":"","result":{"session_path":"\/www\/wwwroot\/tdata.tgbota.top\/public\/uploads\/admin\/202512\/695387359e84b\/8615178821496\/tdata\/temp_8494571793.session","verification_result":{"success":true,"user_id":8494571793,"username":null,"nickname":"Donald Mclane","phone":"8615178821496","country":"\u4e2d\u56fd","status_info":{"type":"UserStatusOffline","is_online":false,"was_online":1766911554},"is_authorized":true,"account_status":"\u6b63\u5e38","account_status_desc":"\u8d26\u53f7\u72b6\u6001\u6b63\u5e38","session_file":"\/www\/wwwroot\/tdata.tgbota.top\/public\/uploads\/admin\/202512\/695387359e84b\/8615178821496\/tdata\/temp_8494571793.session","client":null}},"error":""},"task_id":0,"mt_id":1313}]}},"5085":{"state":"fulfilled","value":{"status":true,"message":"\u6279\u91cf\u4efb\u52a1\u5b8c\u6210","data":[{"status":false,"message":"\u590d\u7528\u5df2\u6709\u5ba2\u6237\u7aef\uff0c\u5df2\u5904\u4e8e\u5728\u7ebf\u72b6\u6001","data":{"account_status":"\u51bb\u7ed3","account_status_desc":"\u8d26\u53f7\u88abTelegram\u5b98\u65b9\u51bb\u7ed3: The account was frozen"},"account_info":{"account_id":"0","phone":"","result":{"session_path":"\/www\/wwwroot\/tdata.tgbota.top\/public\/uploads\/admin\/202512\/695387359e84b\/8615178780421\/tdata\/temp_8035424204.session","verification_result":{"success":true,"user_id":8035424204,"username":null,"nickname":"Harry Hobbs","phone":"8615178780421","country":"\u4e2d\u56fd","status_info":{"type":"UserStatusOffline","is_online":false,"was_online":1766911555},"is_authorized":true,"account_status":"\u6b63\u5e38","account_status_desc":"\u8d26\u53f7\u72b6\u6001\u6b63\u5e38","session_file":"\/www\/wwwroot\/tdata.tgbota.top\/public\/uploads\/admin\/202512\/695387359e84b\/8615178780421\/tdata\/temp_8035424204.session","client":null}},"error":""},"task_id":0,"mt_id":1314}]}},"5086":{"state":"fulfilled","value":{"status":true,"message":"\u6279\u91cf\u4efb\u52a1\u5b8c\u6210","data":[{"status":false,"message":"\u590d\u7528\u5df2\u6709\u5ba2\u6237\u7aef\uff0c\u5df2\u5904\u4e8e\u5728\u7ebf\u72b6\u6001","data":{"account_status":"\u51bb\u7ed3","account_status_desc":"\u8d26\u53f7\u88abTelegram\u5b98\u65b9\u51bb\u7ed3: The account was frozen"},"account_info":{"account_id":"0","phone":"","result":{"session_path":"\/www\/wwwroot\/tdata.tgbota.top\/public\/uploads\/admin\/202512\/6952870fadb7f\/85297437936\/tdata\/temp_8298164955.session","verification_result":{"success":true,"user_id":8298164955,"username":null,"nickname":"Keegan Healthy","phone":"85297437936","country":"\u9999\u6e2f","status_info":{"type":"UserStatusOffline","is_online":false,"was_online":1767018589},"is_authorized":true,"account_status":"\u6b63\u5e38","account_status_desc":"\u8d26\u53f7\u72b6\u6001\u6b63\u5e38","session_file":"\/www\/wwwroot\/tdata.tgbota.top\/public\/uploads\/admin\/202512\/6952870fadb7f\/85297437936\/tdata\/temp_8298164955.session","client":null}},"error":""},"task_id":0,"mt_id":1220},{"status":false,"message":"\u590d\u7528\u5df2\u6709\u5ba2\u6237\u7aef\uff0c\u5df2\u5904\u4e8e\u5728\u7ebf\u72b6\u6001","data":{"account_status":"\u51bb\u7ed3","account_status_desc":"\u8d26\u53f7\u88abTelegram\u5b98\u65b9\u51bb\u7ed3: The account was frozen"},"account_info":{"account_id":"1","phone":"","result":{"session_path":"\/www\/wwwroot\/tdata.tgbota.top\/public\/uploads\/admin\/202512\/695387359e84b\/8615211854303\/tdata\/temp_8382811331.session","verification_result":{"success":true,"user_id":8382811331,"username":null,"nickname":"Joshua Nathan","phone":"8615211854303","country":"\u4e2d\u56fd","status_info":{"type":"UserStatusOffline","is_online":false,"was_online":1766911554},"is_authorized":true,"account_status":"\u6b63\u5e38","account_status_desc":"\u8d26\u53f7\u72b6\u6001\u6b63\u5e38","session_file":"\/www\/wwwroot\/tdata.tgbota.top\/public\/uploads\/admin\/202512\/695387359e84b\/8615211854303\/tdata\/temp_8382811331.session","client":null}},"error":""},"task_id":1,"mt_id":1315}]}},"5087":{"state":"fulfilled","value":{"status":true,"message":"\u6279\u91cf\u4efb\u52a1\u5b8c\u6210","data":[{"status":true,"message":"\u590d\u7528\u5df2\u6709\u5ba2\u6237\u7aef\uff0c\u5df2\u5904\u4e8e\u5728\u7ebf\u72b6\u6001","data":{"account_status":"\u6b63\u5e38","account_status_desc":"\u767b\u5f55\u6210\u529f"},"account_info":{"account_id":"0","phone":"","result":{"session_path":"\/www\/wwwroot\/tdata.tgbota.top\/public\/uploads\/admin\/202512\/695387359e84b\/8615211853935\/tdata\/temp_8104939574.session","verification_result":{"success":true,"user_id":8104939574,"username":null,"nickname":"James Richards","phone":"8615211853935","country":"\u4e2d\u56fd","status_info":{"type":"UserStatusOffline","is_online":false,"was_online":1766911553},"is_authorized":true,"account_status":"\u6b63\u5e38","account_status_desc":"\u8d26\u53f7\u72b6\u6001\u6b63\u5e38","session_file":"\/www\/wwwroot\/tdata.tgbota.top\/public\/uploads\/admin\/202512\/695387359e84b\/8615211853935\/tdata\/temp_8104939574.session","client":null}},"error":""},"task_id":0,"mt_id":1316}]}},"5088":{"state":"fulfilled","value":{"status":true,"message":"\u6279\u91cf\u4efb\u52a1\u5b8c\u6210","data":[{"status":false,"message":"\u590d\u7528\u5df2\u6709\u5ba2\u6237\u7aef\uff0c\u5df2\u5904\u4e8e\u5728\u7ebf\u72b6\u6001","data":{"account_status":"\u51bb\u7ed3","account_status_desc":"\u8d26\u53f7\u88abTelegram\u5b98\u65b9\u51bb\u7ed3: The account was frozen"},"account_info":{"account_id":"0","phone":"","result":{"session_path":"\/www\/wwwroot\/tdata.tgbota.top\/public\/uploads\/admin\/202512\/695387359e84b\/8615213101091\/tdata\/temp_8422558220.session","verification_result":{"success":true,"user_id":8422558220,"username":null,"nickname":"Mary Harris","phone":"8615213101091","country":"\u4e2d\u56fd","status_info":{"type":"UserStatusOffline","is_online":false,"was_online":1766911553},"is_authorized":true,"account_status":"\u6b63\u5e38","account_status_desc":"\u8d26\u53f7\u72b6\u6001\u6b63\u5e38","session_file":"\/www\/wwwroot\/tdata.tgbota.top\/public\/uploads\/admin\/202512\/695387359e84b\/8615213101091\/tdata\/temp_8422558220.session","client":null}},"error":""},"task_id":0,"mt_id":1317}]}},"5089":{"state":"fulfilled","value":{"status":true,"message":"\u6279\u91cf\u4efb\u52a1\u5b8c\u6210","data":[{"status":false,"message":"\u590d\u7528\u5df2\u6709\u5ba2\u6237\u7aef\uff0c\u5df2\u5904\u4e8e\u5728\u7ebf\u72b6\u6001","data":{"account_status":"\u51bb\u7ed3","account_status_desc":"\u8d26\u53f7\u88abTelegram\u5b98\u65b9\u51bb\u7ed3: The account was frozen"},"account_info":{"account_id":"0","phone":"","result":{"session_path":"\/www\/wwwroot\/tdata.tgbota.top\/public\/uploads\/admin\/202512\/695387359e84b\/8615213118740\/tdata\/temp_8464297372.session","verification_result":{"success":true,"user_id":8464297372,"username":null,"nickname":"Connie Mccombs","phone":"8615213118740","country":"\u4e2d\u56fd","status_info":{"type":"UserStatusOffline","is_online":false,"was_online":1766911552},"is_authorized":true,"account_status":"\u6b63\u5e38","account_status_desc":"\u8d26\u53f7\u72b6\u6001\u6b63\u5e38","session_file":"\/www\/wwwroot\/tdata.tgbota.top\/public\/uploads\/admin\/202512\/695387359e84b\/8615213118740\/tdata\/temp_8464297372.session","client":null}},"error":""},"task_id":0,"mt_id":1318}]}},"5090":{"state":"fulfilled","value":{"status":true,"message":"\u6279\u91cf\u4efb\u52a1\u5b8c\u6210","data":[{"status":true,"message":"\u590d\u7528\u5df2\u6709\u5ba2\u6237\u7aef\uff0c\u5df2\u5904\u4e8e\u5728\u7ebf\u72b6\u6001","data":{"account_status":"\u6b63\u5e38","account_status_desc":"\u767b\u5f55\u6210\u529f"},"account_info":{"account_id":"0","phone":"","result":{"session_path":"\/www\/wwwroot\/tdata.tgbota.top\/public\/uploads\/admin\/202512\/695387359e84b\/8615178816190\/tdata\/temp_8096792614.session","verification_result":{"success":true,"user_id":8096792614,"username":null,"nickname":"Michael Hoff","phone":"8615178816190","country":"\u4e2d\u56fd","status_info":{"type":"UserStatusOffline","is_online":false,"was_online":1766911555},"is_authorized":true,"account_status":"\u6b63\u5e38","account_status_desc":"\u8d26\u53f7\u72b6\u6001\u6b63\u5e38","session_file":"\/www\/wwwroot\/tdata.tgbota.top\/public\/uploads\/admin\/202512\/695387359e84b\/8615178816190\/tdata\/temp_8096792614.session","client":null}},"error":""},"task_id":0,"mt_id":1319}]}},"5091":{"state":"fulfilled","value":{"status":true,"message":"\u6279\u91cf\u4efb\u52a1\u5b8c\u6210","data":[{"status":false,"message":"\u590d\u7528\u5df2\u6709\u5ba2\u6237\u7aef\uff0c\u5df2\u5904\u4e8e\u5728\u7ebf\u72b6\u6001","data":{"account_status":"\u51bb\u7ed3","account_status_desc":"\u8d26\u53f7\u88abTelegram\u5b98\u65b9\u51bb\u7ed3: The account was frozen"},"account_info":{"account_id":"0","phone":"","result":{"session_path":"\/www\/wwwroot\/tdata.tgbota.top\/public\/uploads\/admin\/202512\/695387359e84b\/8615178867814\/tdata\/temp_8276319913.session","verification_result":{"success":true,"user_id":8276319913,"username":null,"nickname":"Eddie Callaway","phone":"8615178867814","country":"\u4e2d\u56fd","status_info":{"type":"UserStatusOffline","is_online":false,"was_online":1766911553},"is_authorized":true,"account_status":"\u6b63\u5e38","account_status_desc":"\u8d26\u53f7\u72b6\u6001\u6b63\u5e38","session_file":"\/www\/wwwroot\/tdata.tgbota.top\/public\/uploads\/admin\/202512\/695387359e84b\/8615178867814\/tdata\/temp_8276319913.session","client":null}},"error":""},"task_id":0,"mt_id":1320}]}},"5092":{"state":"fulfilled","value":{"status":true,"message":"\u6279\u91cf\u4efb\u52a1\u5b8c\u6210","data":[{"status":false,"message":"\u590d\u7528\u5df2\u6709\u5ba2\u6237\u7aef\uff0c\u5df2\u5904\u4e8e\u5728\u7ebf\u72b6\u6001","data":{"account_status":"\u51bb\u7ed3","account_status_desc":"\u8d26\u53f7\u88abTelegram\u5b98\u65b9\u51bb\u7ed3: The account was frozen"},"account_info":{"account_id":"0","phone":"","result":{"session_path":"\/www\/wwwroot\/tdata.tgbota.top\/public\/uploads\/admin\/202512\/6952870fadb7f\/85297502947\/tdata\/temp_8591130907.session","verification_result":{"success":true,"user_id":8591130907,"username":null,"nickname":"Philip Matthew","phone":"85297502947","country":"\u9999\u6e2f","status_info":{"type":"UserStatusOffline","is_online":false,"was_online":1767018824},"is_authorized":true,"account_status":"\u6b63\u5e38","account_status_desc":"\u8d26\u53f7\u72b6\u6001\u6b63\u5e38","session_file":"\/www\/wwwroot\/tdata.tgbota.top\/public\/uploads\/admin\/202512\/6952870fadb7f\/85297502947\/tdata\/temp_8591130907.session","client":null}},"error":""},"task_id":0,"mt_id":1226},{"status":false,"message":"\u590d\u7528\u5df2\u6709\u5ba2\u6237\u7aef\uff0c\u5df2\u5904\u4e8e\u5728\u7ebf\u72b6\u6001","data":{"account_status":"\u51bb\u7ed3","account_status_desc":"\u8d26\u53f7\u88abTelegram\u5b98\u65b9\u51bb\u7ed3: The account was frozen"},"account_info":{"account_id":"1","phone":"","result":{"session_path":"\/www\/wwwroot\/tdata.tgbota.top\/public\/uploads\/admin\/202512\/695387359e84b\/8615213104024\/tdata\/temp_8365300117.session","verification_result":{"success":true,"user_id":8365300117,"username":null,"nickname":"Arlene Fraction","phone":"8615213104024","country":"\u4e2d\u56fd","status_info":{"type":"UserStatusOffline","is_online":false,"was_online":1766911556},"is_authorized":true,"account_status":"\u6b63\u5e38","account_status_desc":"\u8d26\u53f7\u72b6\u6001\u6b63\u5e38","session_file":"\/www\/wwwroot\/tdata.tgbota.top\/public\/uploads\/admin\/202512\/695387359e84b\/8615213104024\/tdata\/temp_8365300117.session","client":null}},"error":""},"task_id":1,"mt_id":1321}]}},"5093":{"state":"fulfilled","value":{"status":true,"message":"\u6279\u91cf\u4efb\u52a1\u5b8c\u6210","data":[{"status":false,"message":"\u590d\u7528\u5df2\u6709\u5ba2\u6237\u7aef\uff0c\u5df2\u5904\u4e8e\u5728\u7ebf\u72b6\u6001","data":{"account_status":"\u51bb\u7ed3","account_status_desc":"\u8d26\u53f7\u88abTelegram\u5b98\u65b9\u51bb\u7ed3: The account was frozen"},"account_info":{"account_id":"0","phone":"","result":{"session_path":"\/www\/wwwroot\/tdata.tgbota.top\/public\/uploads\/admin\/202512\/695387359e84b\/8615193191467\/tdata\/temp_8392688721.session","verification_result":{"success":true,"user_id":8392688721,"username":null,"nickname":"Lindsey Magee","phone":"8615193191467","country":"\u4e2d\u56fd","status_info":{"type":"UserStatusOffline","is_online":false,"was_online":1766911552},"is_authorized":true,"account_status":"\u6b63\u5e38","account_status_desc":"\u8d26\u53f7\u72b6\u6001\u6b63\u5e38","session_file":"\/www\/wwwroot\/tdata.tgbota.top\/public\/uploads\/admin\/202512\/695387359e84b\/8615193191467\/tdata\/temp_8392688721.session","client":null}},"error":""},"task_id":0,"mt_id":1322}]}},"5094":{"state":"fulfilled","value":{"status":true,"message":"\u6279\u91cf\u4efb\u52a1\u5b8c\u6210","data":[{"status":false,"message":"\u590d\u7528\u5df2\u6709\u5ba2\u6237\u7aef\uff0c\u5df2\u5904\u4e8e\u5728\u7ebf\u72b6\u6001","data":{"account_status":"\u51bb\u7ed3","account_status_desc":"\u8d26\u53f7\u88abTelegram\u5b98\u65b9\u51bb\u7ed3: The account was frozen"},"account_info":{"account_id":"0","phone":"","result":{"session_path":"\/www\/wwwroot\/tdata.tgbota.top\/public\/uploads\/admin\/202512\/6952870fadb7f\/85298289231\/tdata\/temp_8204466123.session","verification_result":{"success":true,"user_id":8204466123,"username":null,"nickname":"Spencer White","phone":"85298289231","country":"\u9999\u6e2f","status_info":{"type":"UserStatusOffline","is_online":false,"was_online":1763884237},"is_authorized":true,"account_status":"\u6b63\u5e38","account_status_desc":"\u8d26\u53f7\u72b6\u6001\u6b63\u5e38","session_file":"\/www\/wwwroot\/tdata.tgbota.top\/public\/uploads\/admin\/202512\/6952870fadb7f\/85298289231\/tdata\/temp_8204466123.session","client":null}},"error":""},"task_id":0,"mt_id":1133},{"status":false,"message":"\u590d\u7528\u5df2\u6709\u5ba2\u6237\u7aef\uff0c\u5df2\u5904\u4e8e\u5728\u7ebf\u72b6\u6001","data":{"account_status":"\u51bb\u7ed3","account_status_desc":"\u8d26\u53f7\u88abTelegram\u5b98\u65b9\u51bb\u7ed3: The account was frozen"},"account_info":{"account_id":"1","phone":"","result":{"session_path":"\/www\/wwwroot\/tdata.tgbota.top\/public\/uploads\/admin\/202512\/695387359e84b\/8615213128221\/tdata\/temp_8210888458.session","verification_result":{"success":true,"user_id":8210888458,"username":null,"nickname":"Francisco Figaro","phone":"8615213128221","country":"\u4e2d\u56fd","status_info":{"type":"UserStatusOffline","is_online":false,"was_online":1766911554},"is_authorized":true,"account_status":"\u6b63\u5e38","account_status_desc":"\u8d26\u53f7\u72b6\u6001\u6b63\u5e38","session_file":"\/www\/wwwroot\/tdata.tgbota.top\/public\/uploads\/admin\/202512\/695387359e84b\/8615213128221\/tdata\/temp_8210888458.session","client":null}},"error":""},"task_id":1,"mt_id":1323}]}},"5095":{"state":"fulfilled","value":{"status":true,"message":"\u6279\u91cf\u4efb\u52a1\u5b8c\u6210","data":[{"status":false,"message":"\u590d\u7528\u5df2\u6709\u5ba2\u6237\u7aef\uff0c\u5df2\u5904\u4e8e\u5728\u7ebf\u72b6\u6001","data":{"account_status":"\u51bb\u7ed3","account_status_desc":"\u8d26\u53f7\u88abTelegram\u5b98\u65b9\u51bb\u7ed3: The account was frozen"},"account_info":{"account_id":"0","phone":"","result":{"session_path":"\/www\/wwwroot\/tdata.tgbota.top\/public\/uploads\/admin\/202512\/695387359e84b\/8615178865290\/tdata\/temp_8447268219.session","verification_result":{"success":true,"user_id":8447268219,"username":null,"nickname":"Christopher Hensel","phone":"8615178865290","country":"\u4e2d\u56fd","status_info":{"type":"UserStatusOffline","is_online":false,"was_online":1766911554},"is_authorized":true,"account_status":"\u6b63\u5e38","account_status_desc":"\u8d26\u53f7\u72b6\u6001\u6b63\u5e38","session_file":"\/www\/wwwroot\/tdata.tgbota.top\/public\/uploads\/admin\/202512\/695387359e84b\/8615178865290\/tdata\/temp_8447268219.session","client":null}},"error":""},"task_id":0,"mt_id":1324}]}},"5096":{"state":"fulfilled","value":{"status":true,"message":"\u6279\u91cf\u4efb\u52a1\u5b8c\u6210","data":[{"status":false,"message":"\u590d\u7528\u5df2\u6709\u5ba2\u6237\u7aef\uff0c\u5df2\u5904\u4e8e\u5728\u7ebf\u72b6\u6001","data":{"account_status":"\u51bb\u7ed3","account_status_desc":"\u8d26\u53f7\u88abTelegram\u5b98\u65b9\u51bb\u7ed3: The account was frozen"},"account_info":{"account_id":"0","phone":"","result":{"session_path":"\/www\/wwwroot\/tdata.tgbota.top\/public\/uploads\/admin\/202512\/695387359e84b\/8615213150287\/tdata\/temp_8351771927.session","verification_result":{"success":true,"user_id":8351771927,"username":null,"nickname":"Eileen Reed","phone":"8615213150287","country":"\u4e2d\u56fd","status_info":{"type":"UserStatusOffline","is_online":false,"was_online":1766911553},"is_authorized":true,"account_status":"\u6b63\u5e38","account_status_desc":"\u8d26\u53f7\u72b6\u6001\u6b63\u5e38","session_file":"\/www\/wwwroot\/tdata.tgbota.top\/public\/uploads\/admin\/202512\/695387359e84b\/8615213150287\/tdata\/temp_8351771927.session","client":null}},"error":""},"task_id":0,"mt_id":1325}]}},"5097":{"state":"fulfilled","value":{"status":true,"message":"\u6279\u91cf\u4efb\u52a1\u5b8c\u6210","data":[{"status":false,"message":"\u590d\u7528\u5df2\u6709\u5ba2\u6237\u7aef\uff0c\u5df2\u5904\u4e8e\u5728\u7ebf\u72b6\u6001","data":{"account_status":"\u51bb\u7ed3","account_status_desc":"\u8d26\u53f7\u88abTelegram\u5b98\u65b9\u51bb\u7ed3: The account was frozen"},"account_info":{"account_id":"0","phone":"","result":{"session_path":"\/www\/wwwroot\/tdata.tgbota.top\/public\/uploads\/admin\/202512\/695387359e84b\/8615211854929\/tdata\/temp_8309483279.session","verification_result":{"success":true,"user_id":8309483279,"username":null,"nickname":"Marilyn Minor","phone":"8615211854929","country":"\u4e2d\u56fd","status_info":{"type":"UserStatusOffline","is_online":false,"was_online":1766911553},"is_authorized":true,"account_status":"\u6b63\u5e38","account_status_desc":"\u8d26\u53f7\u72b6\u6001\u6b63\u5e38","session_file":"\/www\/wwwroot\/tdata.tgbota.top\/public\/uploads\/admin\/202512\/695387359e84b\/8615211854929\/tdata\/temp_8309483279.session","client":null}},"error":""},"task_id":0,"mt_id":1326}]}}}
[2025-12-31T15:14:10+08:00][info] [recordAccountUpdate] 已记录账号状态更新: user_id=1147, batch_id=batch_6954cd37cc36c8.14567845
[2025-12-31T15:14:10+08:00][info] [batchApiProcess] 端口 5013 处理完成: 成功=0, 失败=1
[2025-12-31T15:14:10+08:00][info] [recordAccountUpdate] 已记录账号状态更新: user_id=1167, batch_id=batch_6954cd37cc36c8.14567845
[2025-12-31T15:14:10+08:00][info] [batchApiProcess] 端口 5033 处理完成: 成功=0, 失败=1
[2025-12-31T15:14:10+08:00][info] [recordAccountUpdate] 已记录账号状态更新: user_id=1079, batch_id=batch_6954cd37cc36c8.14567845
[2025-12-31T15:14:10+08:00][info] [batchApiProcess] 端口 5040 处理完成: 成功=0, 失败=1
[2025-12-31T15:14:10+08:00][info] [recordAccountUpdate] 已记录账号状态更新: user_id=1175, batch_id=batch_6954cd37cc36c8.14567845
[2025-12-31T15:14:10+08:00][info] [batchApiProcess] 端口 5041 处理完成: 成功=0, 失败=1
[2025-12-31T15:14:10+08:00][info] [recordAccountUpdate] 已记录账号状态更新: user_id=1081, batch_id=batch_6954cd37cc36c8.14567845
[2025-12-31T15:14:10+08:00][info] [batchApiProcess] 端口 5042 处理完成: 成功=0, 失败=1
[2025-12-31T15:14:10+08:00][info] [recordAccountUpdate] 已记录账号状态更新: user_id=1084, batch_id=batch_6954cd37cc36c8.14567845
[2025-12-31T15:14:10+08:00][info] [recordAccountUpdate] 已记录账号状态更新: user_id=1179, batch_id=batch_6954cd37cc36c8.14567845
[2025-12-31T15:14:10+08:00][info] [batchApiProcess] 端口 5045 处理完成: 成功=0, 失败=2
[2025-12-31T15:14:10+08:00][info] [recordAccountUpdate] 已记录账号状态更新: user_id=1277, batch_id=batch_6954cd37cc36c8.14567845
[2025-12-31T15:14:10+08:00][info] [batchApiProcess] 端口 5048 处理完成: 成功=0, 失败=1
[2025-12-31T15:14:10+08:00][info] [recordAccountUpdate] 已记录账号状态更新: user_id=1278, batch_id=batch_6954cd37cc36c8.14567845
[2025-12-31T15:14:10+08:00][info] [batchApiProcess] 端口 5049 处理完成: 成功=0, 失败=1
[2025-12-31T15:14:10+08:00][info] [recordAccountUpdate] 已记录账号状态更新: user_id=1279, batch_id=batch_6954cd37cc36c8.14567845
[2025-12-31T15:14:10+08:00][info] [batchApiProcess] 端口 5050 处理完成: 成功=0, 失败=1
[2025-12-31T15:14:10+08:00][info] [recordAccountUpdate] 已记录账号状态更新: user_id=1280, batch_id=batch_6954cd37cc36c8.14567845
[2025-12-31T15:14:10+08:00][info] [batchApiProcess] 端口 5051 处理完成: 成功=0, 失败=1
[2025-12-31T15:14:10+08:00][info] [recordAccountUpdate] 已记录账号状态更新: user_id=1091, batch_id=batch_6954cd37cc36c8.14567845
[2025-12-31T15:14:10+08:00][info] [recordAccountUpdate] 已记录账号状态更新: user_id=1281, batch_id=batch_6954cd37cc36c8.14567845
[2025-12-31T15:14:10+08:00][info] [batchApiProcess] 端口 5052 处理完成: 成功=0, 失败=2
[2025-12-31T15:14:10+08:00][info] [handleServiceResult] 用户 1282 登录成功，保存API地址: http://127.0.0.1:5053
[2025-12-31T15:14:10+08:00][info] [recordAccountUpdate] 已记录账号状态更新: user_id=1282, batch_id=batch_6954cd37cc36c8.14567845
[2025-12-31T15:14:10+08:00][info] [batchApiProcess] 端口 5053 处理完成: 成功=1, 失败=0
[2025-12-31T15:14:10+08:00][info] [handleServiceResult] 用户 1283 登录成功，保存API地址: http://127.0.0.1:5054
[2025-12-31T15:14:10+08:00][info] [recordAccountUpdate] 已记录账号状态更新: user_id=1283, batch_id=batch_6954cd37cc36c8.14567845
[2025-12-31T15:14:10+08:00][info] [batchApiProcess] 端口 5054 处理完成: 成功=1, 失败=0
[2025-12-31T15:14:10+08:00][info] [recordAccountUpdate] 已记录账号状态更新: user_id=1189, batch_id=batch_6954cd37cc36c8.14567845
[2025-12-31T15:14:10+08:00][info] [recordAccountUpdate] 已记录账号状态更新: user_id=1284, batch_id=batch_6954cd37cc36c8.14567845
[2025-12-31T15:14:10+08:00][info] [batchApiProcess] 端口 5055 处理完成: 成功=0, 失败=2
[2025-12-31T15:14:10+08:00][info] [recordAccountUpdate] 已记录账号状态更新: user_id=1190, batch_id=batch_6954cd37cc36c8.14567845
[2025-12-31T15:14:10+08:00][info] [recordAccountUpdate] 已记录账号状态更新: user_id=1285, batch_id=batch_6954cd37cc36c8.14567845
[2025-12-31T15:14:10+08:00][info] [batchApiProcess] 端口 5056 处理完成: 成功=0, 失败=2
[2025-12-31T15:14:10+08:00][info] [recordAccountUpdate] 已记录账号状态更新: user_id=1191, batch_id=batch_6954cd37cc36c8.14567845
[2025-12-31T15:14:10+08:00][info] [recordAccountUpdate] 已记录账号状态更新: user_id=1286, batch_id=batch_6954cd37cc36c8.14567845
[2025-12-31T15:14:10+08:00][info] [batchApiProcess] 端口 5057 处理完成: 成功=0, 失败=2
[2025-12-31T15:14:10+08:00][info] [recordAccountUpdate] 已记录账号状态更新: user_id=1287, batch_id=batch_6954cd37cc36c8.14567845
[2025-12-31T15:14:10+08:00][info] [batchApiProcess] 端口 5058 处理完成: 成功=0, 失败=1
[2025-12-31T15:14:10+08:00][info] [recordAccountUpdate] 已记录账号状态更新: user_id=1288, batch_id=batch_6954cd37cc36c8.14567845
[2025-12-31T15:14:10+08:00][info] [batchApiProcess] 端口 5059 处理完成: 成功=0, 失败=1
[2025-12-31T15:14:10+08:00][info] [recordAccountUpdate] 已记录账号状态更新: user_id=1289, batch_id=batch_6954cd37cc36c8.14567845
[2025-12-31T15:14:10+08:00][info] [batchApiProcess] 端口 5060 处理完成: 成功=0, 失败=1
[2025-12-31T15:14:10+08:00][info] [recordAccountUpdate] 已记录账号状态更新: user_id=1290, batch_id=batch_6954cd37cc36c8.14567845
[2025-12-31T15:14:10+08:00][info] [batchApiProcess] 端口 5061 处理完成: 成功=0, 失败=1
[2025-12-31T15:14:10+08:00][info] [recordAccountUpdate] 已记录账号状态更新: user_id=1291, batch_id=batch_6954cd37cc36c8.14567845
[2025-12-31T15:14:10+08:00][info] [batchApiProcess] 端口 5062 处理完成: 成功=0, 失败=1
[2025-12-31T15:14:10+08:00][info] [recordAccountUpdate] 已记录账号状态更新: user_id=1292, batch_id=batch_6954cd37cc36c8.14567845
[2025-12-31T15:14:10+08:00][info] [batchApiProcess] 端口 5063 处理完成: 成功=0, 失败=1
[2025-12-31T15:14:10+08:00][info] [recordAccountUpdate] 已记录账号状态更新: user_id=1293, batch_id=batch_6954cd37cc36c8.14567845
[2025-12-31T15:14:10+08:00][info] [batchApiProcess] 端口 5064 处理完成: 成功=0, 失败=1
[2025-12-31T15:14:10+08:00][info] [recordAccountUpdate] 已记录账号状态更新: user_id=1294, batch_id=batch_6954cd37cc36c8.14567845
[2025-12-31T15:14:10+08:00][info] [batchApiProcess] 端口 5065 处理完成: 成功=0, 失败=1
[2025-12-31T15:14:10+08:00][info] [recordAccountUpdate] 已记录账号状态更新: user_id=1295, batch_id=batch_6954cd37cc36c8.14567845
[2025-12-31T15:14:10+08:00][info] [batchApiProcess] 端口 5066 处理完成: 成功=0, 失败=1
[2025-12-31T15:14:10+08:00][info] [recordAccountUpdate] 已记录账号状态更新: user_id=1106, batch_id=batch_6954cd37cc36c8.14567845
[2025-12-31T15:14:10+08:00][info] [recordAccountUpdate] 已记录账号状态更新: user_id=1296, batch_id=batch_6954cd37cc36c8.14567845
[2025-12-31T15:14:10+08:00][info] [batchApiProcess] 端口 5067 处理完成: 成功=0, 失败=2
[2025-12-31T15:14:10+08:00][info] [recordAccountUpdate] 已记录账号状态更新: user_id=1012, batch_id=batch_6954cd37cc36c8.14567845
[2025-12-31T15:14:10+08:00][info] [recordAccountUpdate] 已记录账号状态更新: user_id=1297, batch_id=batch_6954cd37cc36c8.14567845
[2025-12-31T15:14:10+08:00][info] [batchApiProcess] 端口 5068 处理完成: 成功=0, 失败=2
[2025-12-31T15:14:10+08:00][info] [recordAccountUpdate] 已记录账号状态更新: user_id=1298, batch_id=batch_6954cd37cc36c8.14567845
[2025-12-31T15:14:10+08:00][info] [batchApiProcess] 端口 5069 处理完成: 成功=0, 失败=1
[2025-12-31T15:14:10+08:00][info] [recordAccountUpdate] 已记录账号状态更新: user_id=1299, batch_id=batch_6954cd37cc36c8.14567845
[2025-12-31T15:14:10+08:00][info] [batchApiProcess] 端口 5070 处理完成: 成功=0, 失败=1
[2025-12-31T15:14:10+08:00][info] [recordAccountUpdate] 已记录账号状态更新: user_id=1300, batch_id=batch_6954cd37cc36c8.14567845
[2025-12-31T15:14:10+08:00][info] [batchApiProcess] 端口 5071 处理完成: 成功=0, 失败=1
[2025-12-31T15:14:10+08:00][info] [recordAccountUpdate] 已记录账号状态更新: user_id=1301, batch_id=batch_6954cd37cc36c8.14567845
[2025-12-31T15:14:10+08:00][info] [batchApiProcess] 端口 5072 处理完成: 成功=0, 失败=1
[2025-12-31T15:14:10+08:00][info] [recordAccountUpdate] 已记录账号状态更新: user_id=1302, batch_id=batch_6954cd37cc36c8.14567845
[2025-12-31T15:14:10+08:00][info] [batchApiProcess] 端口 5073 处理完成: 成功=0, 失败=1
[2025-12-31T15:14:10+08:00][info] [recordAccountUpdate] 已记录账号状态更新: user_id=1208, batch_id=batch_6954cd37cc36c8.14567845
[2025-12-31T15:14:10+08:00][info] [recordAccountUpdate] 已记录账号状态更新: user_id=1303, batch_id=batch_6954cd37cc36c8.14567845
[2025-12-31T15:14:10+08:00][info] [batchApiProcess] 端口 5074 处理完成: 成功=0, 失败=2
[2025-12-31T15:14:10+08:00][info] [recordAccountUpdate] 已记录账号状态更新: user_id=1304, batch_id=batch_6954cd37cc36c8.14567845
[2025-12-31T15:14:10+08:00][info] [batchApiProcess] 端口 5075 处理完成: 成功=0, 失败=1
[2025-12-31T15:14:10+08:00][info] [recordAccountUpdate] 已记录账号状态更新: user_id=1305, batch_id=batch_6954cd37cc36c8.14567845
[2025-12-31T15:14:10+08:00][info] [batchApiProcess] 端口 5076 处理完成: 成功=0, 失败=1
[2025-12-31T15:14:10+08:00][info] [recordAccountUpdate] 已记录账号状态更新: user_id=1211, batch_id=batch_6954cd37cc36c8.14567845
[2025-12-31T15:14:10+08:00][info] [handleServiceResult] 用户 1306 登录成功，保存API地址: http://127.0.0.1:5077
[2025-12-31T15:14:10+08:00][info] [recordAccountUpdate] 已记录账号状态更新: user_id=1306, batch_id=batch_6954cd37cc36c8.14567845
[2025-12-31T15:14:10+08:00][info] [batchApiProcess] 端口 5077 处理完成: 成功=1, 失败=1
[2025-12-31T15:14:10+08:00][info] [recordAccountUpdate] 已记录账号状态更新: user_id=1307, batch_id=batch_6954cd37cc36c8.14567845
[2025-12-31T15:14:10+08:00][info] [batchApiProcess] 端口 5078 处理完成: 成功=0, 失败=1
[2025-12-31T15:14:10+08:00][info] [recordAccountUpdate] 已记录账号状态更新: user_id=1308, batch_id=batch_6954cd37cc36c8.14567845
[2025-12-31T15:14:10+08:00][info] [batchApiProcess] 端口 5079 处理完成: 成功=0, 失败=1
[2025-12-31T15:14:10+08:00][info] [recordAccountUpdate] 已记录账号状态更新: user_id=1214, batch_id=batch_6954cd37cc36c8.14567845
[2025-12-31T15:14:10+08:00][info] [recordAccountUpdate] 已记录账号状态更新: user_id=1309, batch_id=batch_6954cd37cc36c8.14567845
[2025-12-31T15:14:10+08:00][info] [batchApiProcess] 端口 5080 处理完成: 成功=0, 失败=2
[2025-12-31T15:14:10+08:00][info] [handleServiceResult] 用户 1310 登录成功，保存API地址: http://127.0.0.1:5081
[2025-12-31T15:14:10+08:00][info] [recordAccountUpdate] 已记录账号状态更新: user_id=1310, batch_id=batch_6954cd37cc36c8.14567845
[2025-12-31T15:14:10+08:00][info] [batchApiProcess] 端口 5081 处理完成: 成功=1, 失败=0
[2025-12-31T15:14:10+08:00][info] [recordAccountUpdate] 已记录账号状态更新: user_id=1311, batch_id=batch_6954cd37cc36c8.14567845
[2025-12-31T15:14:10+08:00][info] [batchApiProcess] 端口 5082 处理完成: 成功=0, 失败=1
[2025-12-31T15:14:10+08:00][info] [handleServiceResult] 用户 1312 登录成功，保存API地址: http://127.0.0.1:5083
[2025-12-31T15:14:10+08:00][info] [recordAccountUpdate] 已记录账号状态更新: user_id=1312, batch_id=batch_6954cd37cc36c8.14567845
[2025-12-31T15:14:10+08:00][info] [batchApiProcess] 端口 5083 处理完成: 成功=1, 失败=0
[2025-12-31T15:14:10+08:00][info] [recordAccountUpdate] 已记录账号状态更新: user_id=1313, batch_id=batch_6954cd37cc36c8.14567845
[2025-12-31T15:14:10+08:00][info] [batchApiProcess] 端口 5084 处理完成: 成功=0, 失败=1
[2025-12-31T15:14:10+08:00][info] [recordAccountUpdate] 已记录账号状态更新: user_id=1314, batch_id=batch_6954cd37cc36c8.14567845
[2025-12-31T15:14:10+08:00][info] [batchApiProcess] 端口 5085 处理完成: 成功=0, 失败=1
[2025-12-31T15:14:10+08:00][info] [recordAccountUpdate] 已记录账号状态更新: user_id=1220, batch_id=batch_6954cd37cc36c8.14567845
[2025-12-31T15:14:10+08:00][info] [recordAccountUpdate] 已记录账号状态更新: user_id=1315, batch_id=batch_6954cd37cc36c8.14567845
[2025-12-31T15:14:10+08:00][info] [batchApiProcess] 端口 5086 处理完成: 成功=0, 失败=2
[2025-12-31T15:14:10+08:00][info] [handleServiceResult] 用户 1316 登录成功，保存API地址: http://127.0.0.1:5087
[2025-12-31T15:14:10+08:00][info] [recordAccountUpdate] 已记录账号状态更新: user_id=1316, batch_id=batch_6954cd37cc36c8.14567845
[2025-12-31T15:14:10+08:00][info] [batchApiProcess] 端口 5087 处理完成: 成功=1, 失败=0
[2025-12-31T15:14:10+08:00][info] [recordAccountUpdate] 已记录账号状态更新: user_id=1317, batch_id=batch_6954cd37cc36c8.14567845
[2025-12-31T15:14:10+08:00][info] [batchApiProcess] 端口 5088 处理完成: 成功=0, 失败=1
[2025-12-31T15:14:10+08:00][info] [recordAccountUpdate] 已记录账号状态更新: user_id=1318, batch_id=batch_6954cd37cc36c8.14567845
[2025-12-31T15:14:10+08:00][info] [batchApiProcess] 端口 5089 处理完成: 成功=0, 失败=1
[2025-12-31T15:14:10+08:00][info] [handleServiceResult] 用户 1319 登录成功，保存API地址: http://127.0.0.1:5090
[2025-12-31T15:14:10+08:00][info] [recordAccountUpdate] 已记录账号状态更新: user_id=1319, batch_id=batch_6954cd37cc36c8.14567845
[2025-12-31T15:14:10+08:00][info] [batchApiProcess] 端口 5090 处理完成: 成功=1, 失败=0
[2025-12-31T15:14:10+08:00][info] [recordAccountUpdate] 已记录账号状态更新: user_id=1320, batch_id=batch_6954cd37cc36c8.14567845
[2025-12-31T15:14:11+08:00][info] [batchApiProcess] 端口 5091 处理完成: 成功=0, 失败=1
[2025-12-31T15:14:11+08:00][info] [recordAccountUpdate] 已记录账号状态更新: user_id=1226, batch_id=batch_6954cd37cc36c8.14567845
[2025-12-31T15:14:11+08:00][info] [recordAccountUpdate] 已记录账号状态更新: user_id=1321, batch_id=batch_6954cd37cc36c8.14567845
[2025-12-31T15:14:11+08:00][info] [batchApiProcess] 端口 5092 处理完成: 成功=0, 失败=2
[2025-12-31T15:14:11+08:00][info] [recordAccountUpdate] 已记录账号状态更新: user_id=1322, batch_id=batch_6954cd37cc36c8.14567845
[2025-12-31T15:14:11+08:00][info] [batchApiProcess] 端口 5093 处理完成: 成功=0, 失败=1
[2025-12-31T15:14:11+08:00][info] [recordAccountUpdate] 已记录账号状态更新: user_id=1133, batch_id=batch_6954cd37cc36c8.14567845
[2025-12-31T15:14:11+08:00][info] [recordAccountUpdate] 已记录账号状态更新: user_id=1323, batch_id=batch_6954cd37cc36c8.14567845
[2025-12-31T15:14:11+08:00][info] [batchApiProcess] 端口 5094 处理完成: 成功=0, 失败=2
[2025-12-31T15:14:11+08:00][info] [recordAccountUpdate] 已记录账号状态更新: user_id=1324, batch_id=batch_6954cd37cc36c8.14567845
[2025-12-31T15:14:11+08:00][info] [batchApiProcess] 端口 5095 处理完成: 成功=0, 失败=1
[2025-12-31T15:14:11+08:00][info] [recordAccountUpdate] 已记录账号状态更新: user_id=1325, batch_id=batch_6954cd37cc36c8.14567845
[2025-12-31T15:14:11+08:00][info] [batchApiProcess] 端口 5096 处理完成: 成功=0, 失败=1
[2025-12-31T15:14:11+08:00][info] [recordAccountUpdate] 已记录账号状态更新: user_id=1326, batch_id=batch_6954cd37cc36c8.14567845
[2025-12-31T15:14:11+08:00][info] [batchApiProcess] 端口 5097 处理完成: 成功=0, 失败=1
[2025-12-31T15:14:11+08:00][info] [batchApiProcess] 所有端口处理完成: 总成功=7, 总失败=62
[2025-12-31T15:14:11+08:00][info] [flushUpdateBuffer] 批量更新成功，共 69/69 条记录
[2025-12-31T15:14:11+08:00][info] [cleanupPortAssignments] 已清理端口分配缓存: batch_6954cd37cc36c8.14567845
[2025-12-31T15:14:11+08:00][info] [TelegramTask] 批次处理完成: batch_id=batch_6954cd37cc36c8.14567845, 成功=7, 失败=62, 耗时=11.31秒
[2025-12-31T15:14:12+08:00][error] 错误信息:controller not exists:app\controller\Hiddenbin
[2025-12-31T15:14:17+08:00][error] 错误信息:controller not exists:app\controller\Hiddenbin
[2025-12-31T15:14:31+08:00][error] 错误信息:controller not exists:app\controller\Hiddenbin
[2025-12-31T15:14:52+08:00][error] 错误信息:controller not exists:app\controller\Hiddenbin
[2025-12-31T15:14:59+08:00][error] 错误信息:controller not exists:app\controller\Hiddenbin
[2025-12-31T15:15:05+08:00][error] 错误信息:controller not exists:app\controller\Hiddenbin
[2025-12-31T15:15:18+08:00][error] 错误信息:controller not exists:app\controller\Index
[2025-12-31T15:15:18+08:00][error] 错误信息:controller not exists:app\controller\001010101010010110101011101010101101010111010101
[2025-12-31T15:15:22+08:00][info] [loadAvailablePorts] 从缓存加载端口配置，数量: 101
[2025-12-31T15:15:22+08:00][info] [TelegramTask] 批次处理开始: batch_id=batch_6954cd89e57cf5.31493379, type=set_offline, 任务数=7
[2025-12-31T15:15:22+08:00][info] [batchApiProcess] 开始批量API处理，类型: set_offline, 总任务数: 7
[2025-12-31T15:15:22+08:00][info] [groupTasksByPort] 端口 5053 分配到 1 个任务
[2025-12-31T15:15:22+08:00][info] [groupTasksByPort] 端口 5054 分配到 1 个任务
[2025-12-31T15:15:22+08:00][info] [groupTasksByPort] 端口 5077 分配到 1 个任务
[2025-12-31T15:15:22+08:00][info] [groupTasksByPort] 端口 5081 分配到 1 个任务
[2025-12-31T15:15:22+08:00][info] [groupTasksByPort] 端口 5083 分配到 1 个任务
[2025-12-31T15:15:22+08:00][info] [groupTasksByPort] 端口 5087 分配到 1 个任务
[2025-12-31T15:15:22+08:00][info] [groupTasksByPort] 端口 5090 分配到 1 个任务
[2025-12-31T15:15:22+08:00][info] [recordPortAssignments] 已记录端口分配信息，任务数: 7
[2025-12-31T15:15:22+08:00][info] [batchApiProcess] 地址 http://127.0.0.1:5053 处理 1 个任务
[2025-12-31T15:15:22+08:00][info] 发送任务{"batch":[{"action":"set_offline","user_id":1282,"tdata_path":"\/www\/wwwroot\/tdata.tgbota.top\/public\/uploads\/admin\/202512\/695387359e84b\/8615178828467\/tdata","proxy":"socks5:\/\/user-splmqynpf0-country-jp:9u6virjzTwd1PRZp4=@isp.decodo.com:10075","params":[],"tguser_id":"8495116294","first_name":null,"main_dc_id":null,"auth_key_hex":null,"assigned_port":5053,"assigned_host":"127.0.0.1"}]}
[2025-12-31T15:15:22+08:00][info] [callPythonApiAsync] 发送请求到 http://127.0.0.1:5053/telegram_action
[2025-12-31T15:15:22+08:00][info] [batchApiProcess] 地址 http://127.0.0.1:5054 处理 1 个任务
[2025-12-31T15:15:22+08:00][info] 发送任务{"batch":[{"action":"set_offline","user_id":1283,"tdata_path":"\/www\/wwwroot\/tdata.tgbota.top\/public\/uploads\/admin\/202512\/695387359e84b\/8615211862815\/tdata","proxy":"socks5:\/\/user-splmqynpf0-country-jp:9u6virjzTwd1PRZp4=@isp.decodo.com:10074","params":[],"tguser_id":"8412207894","first_name":null,"main_dc_id":null,"auth_key_hex":null,"assigned_port":5054,"assigned_host":"127.0.0.1"}]}
[2025-12-31T15:15:22+08:00][info] [callPythonApiAsync] 发送请求到 http://127.0.0.1:5054/telegram_action
[2025-12-31T15:15:22+08:00][info] [batchApiProcess] 地址 http://127.0.0.1:5077 处理 1 个任务
[2025-12-31T15:15:22+08:00][info] 发送任务{"batch":[{"action":"set_offline","user_id":1306,"tdata_path":"\/www\/wwwroot\/tdata.tgbota.top\/public\/uploads\/admin\/202512\/695387359e84b\/8615211864541\/tdata","proxy":"socks5:\/\/user-splmqynpf0-country-jp:9u6virjzTwd1PRZp4=@isp.decodo.com:10051","params":[],"tguser_id":"8070129982","first_name":null,"main_dc_id":null,"auth_key_hex":null,"assigned_port":5077,"assigned_host":"127.0.0.1"}]}
[2025-12-31T15:15:22+08:00][info] [callPythonApiAsync] 发送请求到 http://127.0.0.1:5077/telegram_action
[2025-12-31T15:15:22+08:00][info] [batchApiProcess] 地址 http://127.0.0.1:5081 处理 1 个任务
[2025-12-31T15:15:22+08:00][info] 发送任务{"batch":[{"action":"set_offline","user_id":1310,"tdata_path":"\/www\/wwwroot\/tdata.tgbota.top\/public\/uploads\/admin\/202512\/695387359e84b\/8615178866714\/tdata","proxy":"socks5:\/\/user-splmqynpf0-country-jp:9u6virjzTwd1PRZp4=@isp.decodo.com:10047","params":[],"tguser_id":"8163853542","first_name":null,"main_dc_id":null,"auth_key_hex":null,"assigned_port":5081,"assigned_host":"127.0.0.1"}]}
[2025-12-31T15:15:22+08:00][info] [callPythonApiAsync] 发送请求到 http://127.0.0.1:5081/telegram_action
[2025-12-31T15:15:22+08:00][info] [batchApiProcess] 地址 http://127.0.0.1:5083 处理 1 个任务
[2025-12-31T15:15:22+08:00][info] 发送任务{"batch":[{"action":"set_offline","user_id":1312,"tdata_path":"\/www\/wwwroot\/tdata.tgbota.top\/public\/uploads\/admin\/202512\/695387359e84b\/8615211864107\/tdata","proxy":"socks5:\/\/user-splmqynpf0-country-jp:9u6virjzTwd1PRZp4=@isp.decodo.com:10045","params":[],"tguser_id":"8175983174","first_name":null,"main_dc_id":null,"auth_key_hex":null,"assigned_port":5083,"assigned_host":"127.0.0.1"}]}
[2025-12-31T15:15:22+08:00][info] [callPythonApiAsync] 发送请求到 http://127.0.0.1:5083/telegram_action
[2025-12-31T15:15:22+08:00][info] [batchApiProcess] 地址 http://127.0.0.1:5087 处理 1 个任务
[2025-12-31T15:15:22+08:00][info] 发送任务{"batch":[{"action":"set_offline","user_id":1316,"tdata_path":"\/www\/wwwroot\/tdata.tgbota.top\/public\/uploads\/admin\/202512\/695387359e84b\/8615211853935\/tdata","proxy":"socks5:\/\/user-splmqynpf0-country-jp:9u6virjzTwd1PRZp4=@isp.decodo.com:10041","params":[],"tguser_id":"8104939574","first_name":null,"main_dc_id":null,"auth_key_hex":null,"assigned_port":5087,"assigned_host":"127.0.0.1"}]}
[2025-12-31T15:15:22+08:00][info] [callPythonApiAsync] 发送请求到 http://127.0.0.1:5087/telegram_action
[2025-12-31T15:15:22+08:00][info] [batchApiProcess] 地址 http://127.0.0.1:5090 处理 1 个任务
[2025-12-31T15:15:22+08:00][info] 发送任务{"batch":[{"action":"set_offline","user_id":1319,"tdata_path":"\/www\/wwwroot\/tdata.tgbota.top\/public\/uploads\/admin\/202512\/695387359e84b\/8615178816190\/tdata","proxy":"socks5:\/\/user-splmqynpf0-country-jp:9u6virjzTwd1PRZp4=@isp.decodo.com:10038","params":[],"tguser_id":"8096792614","first_name":null,"main_dc_id":null,"auth_key_hex":null,"assigned_port":5090,"assigned_host":"127.0.0.1"}]}
[2025-12-31T15:15:22+08:00][info] [callPythonApiAsync] 发送请求到 http://127.0.0.1:5090/telegram_action
[2025-12-31T15:15:22+08:00][info] [callPythonApiAsync] 的值：{"status":true,"message":"\u6279\u91cf\u4efb\u52a1\u5b8c\u6210","data":[{"status":true,"message":"\u5df2\u4e0b\u7ebf","data":{"account_status":"\u9000\u51fa","account_status_desc":"\u5df2\u9000\u51fa"},"task_id":0,"mt_id":1312}]}
[2025-12-31T15:15:22+08:00][info] [callPythonApiAsync] 地址 http://127.0.0.1:5083 响应成功
[2025-12-31T15:15:22+08:00][info] [callPythonApiAsync] 的值：{"status":true,"message":"\u6279\u91cf\u4efb\u52a1\u5b8c\u6210","data":[{"status":true,"message":"\u5df2\u4e0b\u7ebf","data":{"account_status":"\u9000\u51fa","account_status_desc":"\u5df2\u9000\u51fa"},"task_id":0,"mt_id":1319}]}
[2025-12-31T15:15:22+08:00][info] [callPythonApiAsync] 地址 http://127.0.0.1:5090 响应成功
[2025-12-31T15:15:22+08:00][info] [callPythonApiAsync] 的值：{"status":true,"message":"\u6279\u91cf\u4efb\u52a1\u5b8c\u6210","data":[{"status":true,"message":"\u5df2\u4e0b\u7ebf","data":{"account_status":"\u9000\u51fa","account_status_desc":"\u5df2\u9000\u51fa"},"task_id":0,"mt_id":1282}]}
[2025-12-31T15:15:22+08:00][info] [callPythonApiAsync] 地址 http://127.0.0.1:5053 响应成功
[2025-12-31T15:15:22+08:00][info] [callPythonApiAsync] 的值：{"status":true,"message":"\u6279\u91cf\u4efb\u52a1\u5b8c\u6210","data":[{"status":true,"message":"\u5df2\u4e0b\u7ebf","data":{"account_status":"\u9000\u51fa","account_status_desc":"\u5df2\u9000\u51fa"},"task_id":0,"mt_id":1283}]}
[2025-12-31T15:15:22+08:00][info] [callPythonApiAsync] 地址 http://127.0.0.1:5054 响应成功
[2025-12-31T15:15:22+08:00][info] [callPythonApiAsync] 的值：{"status":true,"message":"\u6279\u91cf\u4efb\u52a1\u5b8c\u6210","data":[{"status":true,"message":"\u5df2\u4e0b\u7ebf","data":{"account_status":"\u9000\u51fa","account_status_desc":"\u5df2\u9000\u51fa"},"task_id":0,"mt_id":1306}]}
[2025-12-31T15:15:22+08:00][info] [callPythonApiAsync] 地址 http://127.0.0.1:5077 响应成功
[2025-12-31T15:15:22+08:00][info] [callPythonApiAsync] 的值：{"status":true,"message":"\u6279\u91cf\u4efb\u52a1\u5b8c\u6210","data":[{"status":true,"message":"\u5df2\u4e0b\u7ebf","data":{"account_status":"\u9000\u51fa","account_status_desc":"\u5df2\u9000\u51fa"},"task_id":0,"mt_id":1310}]}
[2025-12-31T15:15:22+08:00][info] [callPythonApiAsync] 地址 http://127.0.0.1:5081 响应成功
[2025-12-31T15:15:22+08:00][info] [callPythonApiAsync] 的值：{"status":true,"message":"\u6279\u91cf\u4efb\u52a1\u5b8c\u6210","data":[{"status":true,"message":"\u5df2\u4e0b\u7ebf","data":{"account_status":"\u9000\u51fa","account_status_desc":"\u5df2\u9000\u51fa"},"task_id":0,"mt_id":1316}]}
[2025-12-31T15:15:22+08:00][info] [callPythonApiAsync] 地址 http://127.0.0.1:5087 响应成功
[2025-12-31T15:15:22+08:00][info] [allResults] 的值：{"5053":{"state":"fulfilled","value":{"status":true,"message":"\u6279\u91cf\u4efb\u52a1\u5b8c\u6210","data":[{"status":true,"message":"\u5df2\u4e0b\u7ebf","data":{"account_status":"\u9000\u51fa","account_status_desc":"\u5df2\u9000\u51fa"},"task_id":0,"mt_id":1282}]}},"5054":{"state":"fulfilled","value":{"status":true,"message":"\u6279\u91cf\u4efb\u52a1\u5b8c\u6210","data":[{"status":true,"message":"\u5df2\u4e0b\u7ebf","data":{"account_status":"\u9000\u51fa","account_status_desc":"\u5df2\u9000\u51fa"},"task_id":0,"mt_id":1283}]}},"5077":{"state":"fulfilled","value":{"status":true,"message":"\u6279\u91cf\u4efb\u52a1\u5b8c\u6210","data":[{"status":true,"message":"\u5df2\u4e0b\u7ebf","data":{"account_status":"\u9000\u51fa","account_status_desc":"\u5df2\u9000\u51fa"},"task_id":0,"mt_id":1306}]}},"5081":{"state":"fulfilled","value":{"status":true,"message":"\u6279\u91cf\u4efb\u52a1\u5b8c\u6210","data":[{"status":true,"message":"\u5df2\u4e0b\u7ebf","data":{"account_status":"\u9000\u51fa","account_status_desc":"\u5df2\u9000\u51fa"},"task_id":0,"mt_id":1310}]}},"5083":{"state":"fulfilled","value":{"status":true,"message":"\u6279\u91cf\u4efb\u52a1\u5b8c\u6210","data":[{"status":true,"message":"\u5df2\u4e0b\u7ebf","data":{"account_status":"\u9000\u51fa","account_status_desc":"\u5df2\u9000\u51fa"},"task_id":0,"mt_id":1312}]}},"5087":{"state":"fulfilled","value":{"status":true,"message":"\u6279\u91cf\u4efb\u52a1\u5b8c\u6210","data":[{"status":true,"message":"\u5df2\u4e0b\u7ebf","data":{"account_status":"\u9000\u51fa","account_status_desc":"\u5df2\u9000\u51fa"},"task_id":0,"mt_id":1316}]}},"5090":{"state":"fulfilled","value":{"status":true,"message":"\u6279\u91cf\u4efb\u52a1\u5b8c\u6210","data":[{"status":true,"message":"\u5df2\u4e0b\u7ebf","data":{"account_status":"\u9000\u51fa","account_status_desc":"\u5df2\u9000\u51fa"},"task_id":0,"mt_id":1319}]}}}
[2025-12-31T15:15:22+08:00][info] [recordAccountUpdate] 已记录账号状态更新: user_id=1282, batch_id=batch_6954cd89e57cf5.31493379
[2025-12-31T15:15:22+08:00][info] [batchApiProcess] 端口 5053 处理完成: 成功=1, 失败=0
[2025-12-31T15:15:22+08:00][info] [recordAccountUpdate] 已记录账号状态更新: user_id=1283, batch_id=batch_6954cd89e57cf5.31493379
[2025-12-31T15:15:22+08:00][info] [batchApiProcess] 端口 5054 处理完成: 成功=1, 失败=0
[2025-12-31T15:15:22+08:00][info] [recordAccountUpdate] 已记录账号状态更新: user_id=1306, batch_id=batch_6954cd89e57cf5.31493379
[2025-12-31T15:15:22+08:00][info] [batchApiProcess] 端口 5077 处理完成: 成功=1, 失败=0
[2025-12-31T15:15:22+08:00][info] [recordAccountUpdate] 已记录账号状态更新: user_id=1310, batch_id=batch_6954cd89e57cf5.31493379
[2025-12-31T15:15:22+08:00][info] [batchApiProcess] 端口 5081 处理完成: 成功=1, 失败=0
[2025-12-31T15:15:22+08:00][info] [recordAccountUpdate] 已记录账号状态更新: user_id=1312, batch_id=batch_6954cd89e57cf5.31493379
[2025-12-31T15:15:22+08:00][info] [batchApiProcess] 端口 5083 处理完成: 成功=1, 失败=0
[2025-12-31T15:15:22+08:00][info] [recordAccountUpdate] 已记录账号状态更新: user_id=1316, batch_id=batch_6954cd89e57cf5.31493379
[2025-12-31T15:15:22+08:00][info] [batchApiProcess] 端口 5087 处理完成: 成功=1, 失败=0
[2025-12-31T15:15:22+08:00][info] [recordAccountUpdate] 已记录账号状态更新: user_id=1319, batch_id=batch_6954cd89e57cf5.31493379
[2025-12-31T15:15:22+08:00][info] [batchApiProcess] 端口 5090 处理完成: 成功=1, 失败=0
[2025-12-31T15:15:22+08:00][info] [batchApiProcess] 所有端口处理完成: 总成功=7, 总失败=0
[2025-12-31T15:15:22+08:00][info] [flushUpdateBuffer] 批量更新成功，共 7/7 条记录
[2025-12-31T15:15:22+08:00][info] [cleanupPortAssignments] 已清理端口分配缓存: batch_6954cd89e57cf5.31493379
[2025-12-31T15:15:22+08:00][info] [TelegramTask] 批次处理完成: batch_id=batch_6954cd89e57cf5.31493379, 成功=7, 失败=0, 耗时=0.43秒
[2025-12-31T15:15:29+08:00][error] 错误信息:controller not exists:app\controller\Powerpc
[2025-12-31T15:15:41+08:00][error] 错误信息:controller not exists:app\controller\Hiddenbin
[2025-12-31T15:15:45+08:00][error] 错误信息:controller not exists:app\controller\Hiddenbin
[2025-12-31T15:15:57+08:00][error] 错误信息:controller not exists:app\controller\Hiddenbin
[2025-12-31T15:16:18+08:00][error] 错误信息:controller not exists:app\controller\Hiddenbin
[2025-12-31T15:16:21+08:00][info] [loadAvailablePorts] 从缓存加载端口配置，数量: 101
[2025-12-31T15:16:21+08:00][info] [TelegramTask] 批次处理开始: batch_id=batch_6954cdc5592498.30732791, type=set_online, 任务数=69
[2025-12-31T15:16:21+08:00][info] [batchApiProcess] 开始批量API处理，类型: set_online, 总任务数: 69
[2025-12-31T15:16:21+08:00][info] [getBalancedPortConfig] 用户 1012 分配到端口 5068
[2025-12-31T15:16:21+08:00][info] [getBalancedPortConfig] 用户 1079 分配到端口 5040
[2025-12-31T15:16:21+08:00][info] [getBalancedPortConfig] 用户 1081 分配到端口 5042
[2025-12-31T15:16:21+08:00][info] [getBalancedPortConfig] 用户 1084 分配到端口 5045
[2025-12-31T15:16:21+08:00][info] [getBalancedPortConfig] 用户 1091 分配到端口 5052
[2025-12-31T15:16:21+08:00][info] [getBalancedPortConfig] 用户 1106 分配到端口 5067
[2025-12-31T15:16:21+08:00][info] [getBalancedPortConfig] 用户 1133 分配到端口 5094
[2025-12-31T15:16:21+08:00][info] [getBalancedPortConfig] 用户 1147 分配到端口 5013
[2025-12-31T15:16:21+08:00][info] [getBalancedPortConfig] 用户 1167 分配到端口 5033
[2025-12-31T15:16:21+08:00][info] [getBalancedPortConfig] 用户 1175 分配到端口 5041
[2025-12-31T15:16:21+08:00][info] [getBalancedPortConfig] 用户 1179 分配到端口 5045
[2025-12-31T15:16:21+08:00][info] [getBalancedPortConfig] 用户 1189 分配到端口 5055
[2025-12-31T15:16:21+08:00][info] [getBalancedPortConfig] 用户 1190 分配到端口 5056
[2025-12-31T15:16:21+08:00][info] [getBalancedPortConfig] 用户 1191 分配到端口 5057
[2025-12-31T15:16:21+08:00][info] [getBalancedPortConfig] 用户 1208 分配到端口 5074
[2025-12-31T15:16:21+08:00][info] [getBalancedPortConfig] 用户 1211 分配到端口 5077
[2025-12-31T15:16:21+08:00][info] [getBalancedPortConfig] 用户 1214 分配到端口 5080
[2025-12-31T15:16:21+08:00][info] [getBalancedPortConfig] 用户 1220 分配到端口 5086
[2025-12-31T15:16:21+08:00][info] [getBalancedPortConfig] 用户 1226 分配到端口 5092
[2025-12-31T15:16:21+08:00][info] [getBalancedPortConfig] 用户 1277 分配到端口 5048
[2025-12-31T15:16:21+08:00][info] [getBalancedPortConfig] 用户 1278 分配到端口 5049
[2025-12-31T15:16:21+08:00][info] [getBalancedPortConfig] 用户 1279 分配到端口 5050
[2025-12-31T15:16:21+08:00][info] [getBalancedPortConfig] 用户 1280 分配到端口 5051
[2025-12-31T15:16:21+08:00][info] [getBalancedPortConfig] 用户 1281 分配到端口 5052
[2025-12-31T15:16:21+08:00][info] [getBalancedPortConfig] 用户 1282 分配到端口 5053
[2025-12-31T15:16:21+08:00][info] [getBalancedPortConfig] 用户 1283 分配到端口 5054
[2025-12-31T15:16:21+08:00][info] [getBalancedPortConfig] 用户 1284 分配到端口 5055
[2025-12-31T15:16:21+08:00][info] [getBalancedPortConfig] 用户 1285 分配到端口 5056
[2025-12-31T15:16:21+08:00][info] [getBalancedPortConfig] 用户 1286 分配到端口 5057
[2025-12-31T15:16:21+08:00][info] [getBalancedPortConfig] 用户 1287 分配到端口 5058
[2025-12-31T15:16:21+08:00][info] [getBalancedPortConfig] 用户 1288 分配到端口 5059
[2025-12-31T15:16:21+08:00][info] [getBalancedPortConfig] 用户 1289 分配到端口 5060
[2025-12-31T15:16:21+08:00][info] [getBalancedPortConfig] 用户 1290 分配到端口 5061
[2025-12-31T15:16:21+08:00][info] [getBalancedPortConfig] 用户 1291 分配到端口 5062
[2025-12-31T15:16:21+08:00][info] [getBalancedPortConfig] 用户 1292 分配到端口 5063
[2025-12-31T15:16:21+08:00][info] [getBalancedPortConfig] 用户 1293 分配到端口 5064
[2025-12-31T15:16:21+08:00][info] [getBalancedPortConfig] 用户 1294 分配到端口 5065
[2025-12-31T15:16:21+08:00][info] [getBalancedPortConfig] 用户 1295 分配到端口 5066
[2025-12-31T15:16:21+08:00][info] [getBalancedPortConfig] 用户 1296 分配到端口 5067
[2025-12-31T15:16:21+08:00][info] [getBalancedPortConfig] 用户 1297 分配到端口 5068
[2025-12-31T15:16:21+08:00][info] [getBalancedPortConfig] 用户 1298 分配到端口 5069
[2025-12-31T15:16:21+08:00][info] [getBalancedPortConfig] 用户 1299 分配到端口 5070
[2025-12-31T15:16:21+08:00][info] [getBalancedPortConfig] 用户 1300 分配到端口 5071
[2025-12-31T15:16:21+08:00][info] [getBalancedPortConfig] 用户 1301 分配到端口 5072
[2025-12-31T15:16:21+08:00][info] [getBalancedPortConfig] 用户 1302 分配到端口 5073
[2025-12-31T15:16:21+08:00][info] [getBalancedPortConfig] 用户 1303 分配到端口 5074
[2025-12-31T15:16:21+08:00][info] [getBalancedPortConfig] 用户 1304 分配到端口 5075
[2025-12-31T15:16:21+08:00][info] [getBalancedPortConfig] 用户 1305 分配到端口 5076
[2025-12-31T15:16:21+08:00][info] [getBalancedPortConfig] 用户 1306 分配到端口 5077
[2025-12-31T15:16:21+08:00][info] [getBalancedPortConfig] 用户 1307 分配到端口 5078
[2025-12-31T15:16:21+08:00][info] [getBalancedPortConfig] 用户 1308 分配到端口 5079
[2025-12-31T15:16:21+08:00][info] [getBalancedPortConfig] 用户 1309 分配到端口 5080
[2025-12-31T15:16:21+08:00][info] [getBalancedPortConfig] 用户 1310 分配到端口 5081
[2025-12-31T15:16:21+08:00][info] [getBalancedPortConfig] 用户 1311 分配到端口 5082
[2025-12-31T15:16:21+08:00][info] [getBalancedPortConfig] 用户 1312 分配到端口 5083
[2025-12-31T15:16:21+08:00][info] [getBalancedPortConfig] 用户 1313 分配到端口 5084
[2025-12-31T15:16:21+08:00][info] [getBalancedPortConfig] 用户 1314 分配到端口 5085
[2025-12-31T15:16:21+08:00][info] [getBalancedPortConfig] 用户 1315 分配到端口 5086
[2025-12-31T15:16:21+08:00][info] [getBalancedPortConfig] 用户 1316 分配到端口 5087
[2025-12-31T15:16:21+08:00][info] [getBalancedPortConfig] 用户 1317 分配到端口 5088
[2025-12-31T15:16:21+08:00][info] [getBalancedPortConfig] 用户 1318 分配到端口 5089
[2025-12-31T15:16:21+08:00][info] [getBalancedPortConfig] 用户 1319 分配到端口 5090
[2025-12-31T15:16:21+08:00][info] [getBalancedPortConfig] 用户 1320 分配到端口 5091
[2025-12-31T15:16:21+08:00][info] [getBalancedPortConfig] 用户 1321 分配到端口 5092
[2025-12-31T15:16:21+08:00][info] [getBalancedPortConfig] 用户 1322 分配到端口 5093
[2025-12-31T15:16:21+08:00][info] [getBalancedPortConfig] 用户 1323 分配到端口 5094
[2025-12-31T15:16:21+08:00][info] [getBalancedPortConfig] 用户 1324 分配到端口 5095
[2025-12-31T15:16:21+08:00][info] [getBalancedPortConfig] 用户 1325 分配到端口 5096
[2025-12-31T15:16:21+08:00][info] [getBalancedPortConfig] 用户 1326 分配到端口 5097
[2025-12-31T15:16:21+08:00][info] [groupTasksByPort] 端口 5068 分配到 2 个任务
[2025-12-31T15:16:21+08:00][info] [groupTasksByPort] 端口 5040 分配到 1 个任务
[2025-12-31T15:16:21+08:00][info] [groupTasksByPort] 端口 5042 分配到 1 个任务
[2025-12-31T15:16:21+08:00][info] [groupTasksByPort] 端口 5045 分配到 2 个任务
[2025-12-31T15:16:21+08:00][info] [groupTasksByPort] 端口 5052 分配到 2 个任务
[2025-12-31T15:16:21+08:00][info] [groupTasksByPort] 端口 5067 分配到 2 个任务
[2025-12-31T15:16:21+08:00][info] [groupTasksByPort] 端口 5094 分配到 2 个任务
[2025-12-31T15:16:21+08:00][info] [groupTasksByPort] 端口 5013 分配到 1 个任务
[2025-12-31T15:16:21+08:00][info] [groupTasksByPort] 端口 5033 分配到 1 个任务
[2025-12-31T15:16:21+08:00][info] [groupTasksByPort] 端口 5041 分配到 1 个任务
[2025-12-31T15:16:21+08:00][info] [groupTasksByPort] 端口 5055 分配到 2 个任务
[2025-12-31T15:16:21+08:00][info] [groupTasksByPort] 端口 5056 分配到 2 个任务
[2025-12-31T15:16:21+08:00][info] [groupTasksByPort] 端口 5057 分配到 2 个任务
[2025-12-31T15:16:21+08:00][info] [groupTasksByPort] 端口 5074 分配到 2 个任务
[2025-12-31T15:16:21+08:00][info] [groupTasksByPort] 端口 5077 分配到 2 个任务
[2025-12-31T15:16:21+08:00][info] [groupTasksByPort] 端口 5080 分配到 2 个任务
[2025-12-31T15:16:21+08:00][info] [groupTasksByPort] 端口 5086 分配到 2 个任务
[2025-12-31T15:16:21+08:00][info] [groupTasksByPort] 端口 5092 分配到 2 个任务
[2025-12-31T15:16:21+08:00][info] [groupTasksByPort] 端口 5048 分配到 1 个任务
[2025-12-31T15:16:21+08:00][info] [groupTasksByPort] 端口 5049 分配到 1 个任务
[2025-12-31T15:16:21+08:00][info] [groupTasksByPort] 端口 5050 分配到 1 个任务
[2025-12-31T15:16:21+08:00][info] [groupTasksByPort] 端口 5051 分配到 1 个任务
[2025-12-31T15:16:21+08:00][info] [groupTasksByPort] 端口 5053 分配到 1 个任务
[2025-12-31T15:16:21+08:00][info] [groupTasksByPort] 端口 5054 分配到 1 个任务
[2025-12-31T15:16:21+08:00][info] [groupTasksByPort] 端口 5058 分配到 1 个任务
[2025-12-31T15:16:21+08:00][info] [groupTasksByPort] 端口 5059 分配到 1 个任务
[2025-12-31T15:16:21+08:00][info] [groupTasksByPort] 端口 5060 分配到 1 个任务
[2025-12-31T15:16:21+08:00][info] [groupTasksByPort] 端口 5061 分配到 1 个任务
[2025-12-31T15:16:21+08:00][info] [groupTasksByPort] 端口 5062 分配到 1 个任务
[2025-12-31T15:16:21+08:00][info] [groupTasksByPort] 端口 5063 分配到 1 个任务
[2025-12-31T15:16:21+08:00][info] [groupTasksByPort] 端口 5064 分配到 1 个任务
[2025-12-31T15:16:21+08:00][info] [groupTasksByPort] 端口 5065 分配到 1 个任务
[2025-12-31T15:16:21+08:00][info] [groupTasksByPort] 端口 5066 分配到 1 个任务
[2025-12-31T15:16:21+08:00][info] [groupTasksByPort] 端口 5069 分配到 1 个任务
[2025-12-31T15:16:21+08:00][info] [groupTasksByPort] 端口 5070 分配到 1 个任务
[2025-12-31T15:16:21+08:00][info] [groupTasksByPort] 端口 5071 分配到 1 个任务
[2025-12-31T15:16:21+08:00][info] [groupTasksByPort] 端口 5072 分配到 1 个任务
[2025-12-31T15:16:21+08:00][info] [groupTasksByPort] 端口 5073 分配到 1 个任务
[2025-12-31T15:16:21+08:00][info] [groupTasksByPort] 端口 5075 分配到 1 个任务
[2025-12-31T15:16:21+08:00][info] [groupTasksByPort] 端口 5076 分配到 1 个任务
[2025-12-31T15:16:21+08:00][info] [groupTasksByPort] 端口 5078 分配到 1 个任务
[2025-12-31T15:16:21+08:00][info] [groupTasksByPort] 端口 5079 分配到 1 个任务
[2025-12-31T15:16:21+08:00][info] [groupTasksByPort] 端口 5081 分配到 1 个任务
[2025-12-31T15:16:21+08:00][info] [groupTasksByPort] 端口 5082 分配到 1 个任务
[2025-12-31T15:16:21+08:00][info] [groupTasksByPort] 端口 5083 分配到 1 个任务
[2025-12-31T15:16:21+08:00][info] [groupTasksByPort] 端口 5084 分配到 1 个任务
[2025-12-31T15:16:21+08:00][info] [groupTasksByPort] 端口 5085 分配到 1 个任务
[2025-12-31T15:16:21+08:00][info] [groupTasksByPort] 端口 5087 分配到 1 个任务
[2025-12-31T15:16:21+08:00][info] [groupTasksByPort] 端口 5088 分配到 1 个任务
[2025-12-31T15:16:21+08:00][info] [groupTasksByPort] 端口 5089 分配到 1 个任务
[2025-12-31T15:16:21+08:00][info] [groupTasksByPort] 端口 5090 分配到 1 个任务
[2025-12-31T15:16:21+08:00][info] [groupTasksByPort] 端口 5091 分配到 1 个任务
[2025-12-31T15:16:21+08:00][info] [groupTasksByPort] 端口 5093 分配到 1 个任务
[2025-12-31T15:16:21+08:00][info] [groupTasksByPort] 端口 5095 分配到 1 个任务
[2025-12-31T15:16:21+08:00][info] [groupTasksByPort] 端口 5096 分配到 1 个任务
[2025-12-31T15:16:21+08:00][info] [groupTasksByPort] 端口 5097 分配到 1 个任务
[2025-12-31T15:16:21+08:00][info] [recordPortAssignments] 已记录端口分配信息，任务数: 69
[2025-12-31T15:16:21+08:00][info] [batchApiProcess] 地址 http://127.0.0.1:5068 处理 2 个任务
[2025-12-31T15:16:21+08:00][info] 发送任务{"batch":[{"action":"set_online","user_id":1012,"tdata_path":"\/www\/wwwroot\/tdata.tgbota.top\/public\/uploads\/admin\/202512\/695277bebf004\/85244966739\/tdata","proxy":"socks5:\/\/user-splmqynpf0-country-hk:9u6virjzTwd1PRZp4=@isp.decodo.com:10006","params":[],"tguser_id":"8268471203","first_name":null,"main_dc_id":5,"auth_key_hex":"442cda6604b59e1ecce963e0fe823ad31ee0f58faf16a236733d2ffe2cff82abf4ceaab42baa13b7edcc89157bd7bbc3f6ac6d7bfa02bbf92dd70d9be04741d0f9acb4742de5355b83fed7a24fe190cff807ea0162ff7c1414a1b08fcbedf9aec3eb04774386008a4987def501975c6440f5e20f03402251f3d412b1168339b6a39f93c4252e6a4a4f8ac3e8b690a42313050c767aeb9ca61d2948231c119fca06bfce28367c85ddf9643d3fbe2d46fbbb135f4e61f5234373b7b859aa6096b10bb93223a3eb59fbe664d5a70703c5707887c21c298082ca1994dc423e9b2098d0348a43f7a56f5daa66ec2ab128718de6ffaabc6da3e04275f7c4d551b928e7","assigned_port":5068,"assigned_host":"127.0.0.1"},{"action":"set_online","user_id":1297,"tdata_path":"\/www\/wwwroot\/tdata.tgbota.top\/public\/uploads\/admin\/202512\/695387359e84b\/8615207293942\/tdata","proxy":"socks5:\/\/user-splmqynpf0-country-jp:9u6virjzTwd1PRZp4=@isp.decodo.com:10060","params":[],"tguser_id":"8312443197","first_name":null,"main_dc_id":5,"auth_key_hex":"3b2c2dd439c8304a50af6478badcc4d15240176bf89459c9881b24689072a1db8d7ed9a05129c69b392398acc2a1d8f07e7495ea2d4fc3c983e4f705d26ed01b591a392a8aa52fda48d165771951df77d37c1a1d735a469d784c1d8a8e28cfe434e0a8ad9d5ee84717e7c98dc0652344250c930ab192c77ef4d2278edd41faf9669544723dbefc18e5f981cf761d2d85ffbe3b37965b690dc262111898f0a5ba992d2b0cf1c799b51b122f81cfe7744f360dd0a3c93be6a8d29befdfb30d98ea5af5353f526dece33ab5d53487bf63cc559c93979124ec1146a7be392e1d601aa9c508a9027190ee2c459a7c246b91ef57fd05a777b8ace1b5b21cfd50add5c7","assigned_port":5068,"assigned_host":"127.0.0.1"}]}
[2025-12-31T15:16:21+08:00][info] [callPythonApiAsync] 发送请求到 http://127.0.0.1:5068/telegram_action
[2025-12-31T15:16:21+08:00][info] [batchApiProcess] 地址 http://127.0.0.1:5040 处理 1 个任务
[2025-12-31T15:16:21+08:00][info] 发送任务{"batch":[{"action":"set_online","user_id":1079,"tdata_path":"\/www\/wwwroot\/tdata.tgbota.top\/public\/uploads\/admin\/202512\/6952870fadb7f\/85247158958\/tdata","proxy":"socks5:\/\/user-splmqynpf0-country-hk:9u6virjzTwd1PRZp4=@isp.decodo.com:10146","params":[],"tguser_id":"8400619507","first_name":null,"main_dc_id":5,"auth_key_hex":"4fc34ff74d41f35dc8f8915771832ecb28deb38a86e00c46ec39e13bc0ed8b6186001a117014c35123a046492775c396ef5ea5d67f83c6009cf2ccae85db3aa20077e5cb549e4a5e65da7dcc510c1dac354e22baeccea816531302690aa7eb16be7ff2721bbb461e4c5ee788d45182bdb2b1703990d54ed3de3f0f18fafcdd74f177ace889fd3c7bbbd1c770f4e78356de27aa00090a46067036babc88c6b545f025395f3a6f8a7d8669f0ac06e9ed87927c1bea9a9c13d3ba49e18d42ce654ad0161143799b5e098dc78dbddd0583def0b92e4c264392ebb4d1827951e6e6d85afd1c50687d6784d56e0441e3494cc70a92c6ccb76b3eeefa2c8f037a755e29","assigned_port":5040,"assigned_host":"127.0.0.1"}]}
[2025-12-31T15:16:21+08:00][info] [callPythonApiAsync] 发送请求到 http://127.0.0.1:5040/telegram_action
[2025-12-31T15:16:21+08:00][info] [batchApiProcess] 地址 http://127.0.0.1:5042 处理 1 个任务
[2025-12-31T15:16:21+08:00][info] 发送任务{"batch":[{"action":"set_online","user_id":1081,"tdata_path":"\/www\/wwwroot\/tdata.tgbota.top\/public\/uploads\/admin\/202512\/6952870fadb7f\/85296750973\/tdata","proxy":"socks5:\/\/user-splmqynpf0-country-hk:9u6virjzTwd1PRZp4=@isp.decodo.com:10145","params":[],"tguser_id":"8446284331","first_name":null,"main_dc_id":5,"auth_key_hex":"41be4795036f20ac735538b2585e8fa65b9ccdbd0d0cd4ecb412becce327be3f84fccdc3500a46097fd923680ac54f99e88e2903fb09b1997f3093a70b2efc86a059e09aaa448d4426fc86eda70f9f44b152cb465688e51a33b3bc03e83a75c0c054cfefb5eaae54c80056cc4ba50561b30a24df2265e74f6e4d6d90e136e3d1d74bac789374f5d7dcd0aa866bc48520cf111ea8130b7dc8330b2c2baa5055724ba43f1946ead41ce70b927a7f8fa916aeca0c1f4adf5348ddaeb700a233a18beea46dbad0d183ca47d2af637970d4b996ce7fd2997f5fa3c264cbcc20050a2191a9822b53085df2bb420a918c3d8206fe8150ff3cd1319144de755462af0a94","assigned_port":5042,"assigned_host":"127.0.0.1"}]}
[2025-12-31T15:16:21+08:00][info] [callPythonApiAsync] 发送请求到 http://127.0.0.1:5042/telegram_action
[2025-12-31T15:16:21+08:00][info] [batchApiProcess] 地址 http://127.0.0.1:5045 处理 2 个任务
[2025-12-31T15:16:21+08:00][info] 发送任务{"batch":[{"action":"set_online","user_id":1084,"tdata_path":"\/www\/wwwroot\/tdata.tgbota.top\/public\/uploads\/admin\/202512\/6952870fadb7f\/85296717601\/tdata","proxy":"socks5:\/\/user-splmqynpf0-country-hk:9u6virjzTwd1PRZp4=@isp.decodo.com:10142","params":[],"tguser_id":"8300479419","first_name":null,"main_dc_id":5,"auth_key_hex":"11fe260494c58c2193207a81f441ec3341e127ea5e99e48cb3b3f7269e3da0d08dbe5d678f2aaa99717f4858f172122392bde15bcce828b27dcf52a18950e69b73b743966eef542a1b76eda7dd8158f1f1ea70f7e59a4d508dd10064c375ebb3878b99437c5a070bc524416e2d428adbe17f8238cb5d28b9168d883e4fc4da7ec9e5cb31be6b0a8a1f6fe3c463ad4b694921840bd222f986235abcac75ddf56032098463d32891979ad2499cab0cb4b161729480db51b3741ddbbd270b77c7b50fbe625f59d229d39f7e0e13c295f7103be5013aed3d7fa6c5f01f25ab2fe4a54826ce92c87da64bb8c637bd11b5e6cc4bc7e3deea03bc706099ecead0d18ef9","assigned_port":5045,"assigned_host":"127.0.0.1"},{"action":"set_online","user_id":1179,"tdata_path":"\/www\/wwwroot\/tdata.tgbota.top\/public\/uploads\/admin\/202512\/6952870fadb7f\/85298323506\/tdata","proxy":"socks5:\/\/user-splmqynpf0-country-hk:9u6virjzTwd1PRZp4=@isp.decodo.com:10055","params":[],"tguser_id":"8271324715","first_name":null,"main_dc_id":5,"auth_key_hex":"b888c9b2516176f92b611da72c4d166643f78ba22e840ae96652082d30b0267b514df96fbcee7f35728957f265bb9d6be01eed7a65566e0c9eba99ff0ca3b3e3b81fc45f14245d607372700291d30a9a55b3bc52c7e0694d80f083f4639f5c7ebc698fb6ea291cc026afac81e18498d4d26d1164c967f03c0adc0ce606ca65cc3803b549ff0159495884346c317d812a00e30f13bed5d85b898439947cae434be67ddc21989c7c74098f163150703c533022fc23ed954b7d64f515bc0cb8fb6fd43bd221e490f6d771640ffc827fc7ce3ceee185aab35a7f9f56dd3deee8a4d4415ae8a021613c5c379994d6c5870c299b05b8cac3a950c09414796d5a9d9f26","assigned_port":5045,"assigned_host":"127.0.0.1"}]}
[2025-12-31T15:16:21+08:00][info] [callPythonApiAsync] 发送请求到 http://127.0.0.1:5045/telegram_action
[2025-12-31T15:16:21+08:00][info] [batchApiProcess] 地址 http://127.0.0.1:5052 处理 2 个任务
[2025-12-31T15:16:21+08:00][info] 发送任务{"batch":[{"action":"set_online","user_id":1091,"tdata_path":"\/www\/wwwroot\/tdata.tgbota.top\/public\/uploads\/admin\/202512\/6952870fadb7f\/85296757221\/tdata","proxy":"socks5:\/\/user-splmqynpf0-country-hk:9u6virjzTwd1PRZp4=@isp.decodo.com:10135","params":[],"tguser_id":"8513237843","first_name":null,"main_dc_id":5,"auth_key_hex":"26df51c96ae2074c6a01d508ee82ea3661be17f3b14dda20b01f07cabc958055e93d4beacb15e1ffb6d466756b756673fb42d78c0262660534ac6fa60bb7bd0afbb9a85c9318fcc13e436039155c25f7b407f2b25a1cf39e0aedcea09a94ff0826bacff2fae51b13d81aa24e5e99c64f461670e88618e8e9ab541002890358bb43b44f5f74f9ce3e151e6a2822f8bb3e03669b288df69b3897cd90cdb745c2f2195b077604853f0d8db66c81baeb990e65fdeeba8409c0aa59e36244f4be0148c5baead08bd8eff83c3c280ca307b51266251c8fe218c903efd1ba0d4fcf7fb28cd71314892cbc462eff2df09e4c20de7652839cc7fa970abd70722d2583fd21","assigned_port":5052,"assigned_host":"127.0.0.1"},{"action":"set_online","user_id":1281,"tdata_path":"\/www\/wwwroot\/tdata.tgbota.top\/public\/uploads\/admin\/202512\/695387359e84b\/8615178828504\/tdata","proxy":"socks5:\/\/user-splmqynpf0-country-jp:9u6virjzTwd1PRZp4=@isp.decodo.com:10076","params":[],"tguser_id":"8251645021","first_name":null,"main_dc_id":5,"auth_key_hex":"20c8b9aba4061f98183b746d4d72c23ca438ae9efd7c8383fa1ba9047db35432b1ea8995bb1a3fb428f44471cfa500067a81913f26d160e34692b67dd8f4825145a48d57784ab5b89c9fca17a1e93374ea990c81c803cd1a3aadd1816c971fe115d161379ec492e788025fcf9c17e0ccefff5613f45ffc997401c8fde8f7026734e30b9ed2ff98c817a65bb2b4612ba9d1342d4efb44632478b984b152488badbc17f406e0a2567c1ad3e92269edc6e6299b00cf014f412995331b05fdd8007bb7200a3989e17a435855b2cd21e86f1cafbe07bc2ab4b6a06dd230519ff80e0cd103a022a72a594fb8d1f4a80eb4dc51c9cae1ff31b2c149761ff6b0493d1c27","assigned_port":5052,"assigned_host":"127.0.0.1"}]}
[2025-12-31T15:16:21+08:00][info] [callPythonApiAsync] 发送请求到 http://127.0.0.1:5052/telegram_action
[2025-12-31T15:16:21+08:00][info] [batchApiProcess] 地址 http://127.0.0.1:5067 处理 2 个任务
[2025-12-31T15:16:21+08:00][info] 发送任务{"batch":[{"action":"set_online","user_id":1106,"tdata_path":"\/www\/wwwroot\/tdata.tgbota.top\/public\/uploads\/admin\/202512\/6952870fadb7f\/85296757284\/tdata","proxy":"socks5:\/\/user-splmqynpf0-country-hk:9u6virjzTwd1PRZp4=@isp.decodo.com:10120","params":[],"tguser_id":"8527728163","first_name":null,"main_dc_id":5,"auth_key_hex":"4999a8716b3faf6162c5ecd52d742d42df7bbc6940022f43d5172324cba56a676bdaaa028dbc720a30205712b706cf6036bd55ab4339f6229d473721e6e16d13c6b1640c248a39661023be1cbf1e2400b5693fd2f6e40ad308a9fe6d1b25e258c626c740af919d590a5b556222ad4c63688a3cbdf3633656800be1223afe24a4d392663b5a688dca73aa4a12f73ac7734df578454eb1f0f8ae35316d2f7e27bd110af3fde48b6d8aa82f450589251f7b4e5e9f0695bfabaa4b9355d75dc725a816456ec2673821c4994606d92585c12d3db2641388fb7fdbf4725e60746a88a2b380c7894abf1ce61a3a64553c88a85e3e47aa36294b9baf3d4222ca31e4d3d1","assigned_port":5067,"assigned_host":"127.0.0.1"},{"action":"set_online","user_id":1296,"tdata_path":"\/www\/wwwroot\/tdata.tgbota.top\/public\/uploads\/admin\/202512\/695387359e84b\/8615213111450\/tdata","proxy":"socks5:\/\/user-splmqynpf0-country-jp:9u6virjzTwd1PRZp4=@isp.decodo.com:10061","params":[],"tguser_id":"7686170276","first_name":null,"main_dc_id":5,"auth_key_hex":"2a5bba7bab16a7632060cc5ef04f49d5e66c727232a5014945cbdefd103783f4e978d68e04b8309fee33ad9b15892842faf474ca91540611d1b021519b82cebb8301f94579499f7ddca44fe84ed9d307403e3176c7e069a7e1bc37551ff17a8a519187e700bc2956d81fe8ed2454b6a2d81246951a23dccb94dc49c115d7aa92498b640e2500d0730d3006fd1f0bb55e05a74e69be5012295478065ab4c303d6402fc75377279e41284e3529f565a1257a1f9659b735c7941406512f363b879117642901ac90a989dd432d1ba31a9b9fd31c9710dceeb3c40952de4d631a18d5c72016c385b78f2d99ca6748cf77d34b2c5cb75a304557ac5f91b3f124c6f9ce","assigned_port":5067,"assigned_host":"127.0.0.1"}]}
[2025-12-31T15:16:21+08:00][info] [callPythonApiAsync] 发送请求到 http://127.0.0.1:5067/telegram_action
[2025-12-31T15:16:21+08:00][info] [batchApiProcess] 地址 http://127.0.0.1:5094 处理 2 个任务
[2025-12-31T15:16:21+08:00][info] 发送任务{"batch":[{"action":"set_online","user_id":1133,"tdata_path":"\/www\/wwwroot\/tdata.tgbota.top\/public\/uploads\/admin\/202512\/6952870fadb7f\/85298289231\/tdata","proxy":"socks5:\/\/user-splmqynpf0-country-hk:9u6virjzTwd1PRZp4=@isp.decodo.com:10099","params":[],"tguser_id":"8204466123","first_name":null,"main_dc_id":5,"auth_key_hex":"8d87808f38b44d918c3da37f71051d731d13199462bb0e5121c29396686a94a113567f47a64c00b05b81b50b44252acfbb88c1b42f0ed71f37cb062b8cabccfc35a53d915e2bdc91a8f18c4afdff8f90214f4f9d31fff3f8ce4b399c04284a298ed0352536c704b2af37b7834fc69a57e072162c593f2d7c34293bea5777e5cbed329c272862a398c9ae1b89cd3efd9956329e1f6ee766d9a8c84b36689604e5736c6b1f091f65d8abb291728beaef9951454f76ce6d2e78f285f34b4987442a1d1e12b8aa8f387ca73558329a97263027f7c3b0bc7aea2c5c8dccdd1b63b2f3a0b9700d3dc755e0bd5251218b1d955c2dafeca278e4c2599280cb2cc5d8f130","assigned_port":5094,"assigned_host":"127.0.0.1"},{"action":"set_online","user_id":1323,"tdata_path":"\/www\/wwwroot\/tdata.tgbota.top\/public\/uploads\/admin\/202512\/695387359e84b\/8615213128221\/tdata","proxy":"socks5:\/\/user-splmqynpf0-country-jp:9u6virjzTwd1PRZp4=@isp.decodo.com:10034","params":[],"tguser_id":"8210888458","first_name":null,"main_dc_id":5,"auth_key_hex":"9e412b041e0ad9a122d1e76394713e30edaf628eec6c5bca11d7d8d29b1a060b4ee2f57981b0c7ba836178ef0ad891cbdb624b8428dfcebf98d13ad6311f9cb14f9c28e7e7bd83c737b0fe9ae9960ca573a6cbdae701b200f5588e3f2b408f763ad20f862e334c49a8a0e61cc0de30f3cbb762ce313c9df2b46690217b1ef9e9e06fd62cfc415ff4b542442f5afae323391324b50e625e0387829cb2964c0fbe33ea9e1a350498f91a3b1c0307d7e3ca253a7d06a6f795f9d0b29e6a40f1baabed5e1024913e72a6436df57f5626b026a03b1961e6e9685c9fce5f0c1593c683338a6c9737f0ed1029cb4fd8c8dab4374cee7bff0fb667ac312880230b06e70f","assigned_port":5094,"assigned_host":"127.0.0.1"}]}
[2025-12-31T15:16:21+08:00][info] [callPythonApiAsync] 发送请求到 http://127.0.0.1:5094/telegram_action
[2025-12-31T15:16:21+08:00][info] [batchApiProcess] 地址 http://127.0.0.1:5013 处理 1 个任务
[2025-12-31T15:16:21+08:00][info] 发送任务{"batch":[{"action":"set_online","user_id":1147,"tdata_path":"\/www\/wwwroot\/tdata.tgbota.top\/public\/uploads\/admin\/202512\/6952870fadb7f\/85296732357\/tdata","proxy":"socks5:\/\/user-splmqynpf0-country-hk:9u6virjzTwd1PRZp4=@isp.decodo.com:10086","params":[],"tguser_id":"8247806507","first_name":null,"main_dc_id":5,"auth_key_hex":"12ba4a9a6821991adcbad99a3675f59fd629ef96766856050ec756491e39821865fa90bbc203338b271d1556fbbea405ef431950e5fa4978bab22ff2317f89dc069e890d05a839f74a6d06307aeb11a5fbfa534a761a9e44c7dcaf771235d0059109fa59cf629c415cb2c6cce7ae84639ab79c1b2a88c61c4ac838dab4565d6e84dbb03ad6caed030fd57af5cf398c4877d2ebc669e7f12a48d0158da0b8f610e59342828c821bf591503066944913fa20e9ea0db9338b4e11372b3f6616486485913a3fb7f4e9a6e88e2091dea2f4556d7feeed860e1c8769f9d4d1ae0bc7393c5ecfaa173409bf909bda26a476e588d9c1a6117d5f1cb17dfbba4b1f4a462d","assigned_port":5013,"assigned_host":"127.0.0.1"}]}
[2025-12-31T15:16:21+08:00][info] [callPythonApiAsync] 发送请求到 http://127.0.0.1:5013/telegram_action
[2025-12-31T15:16:21+08:00][info] [batchApiProcess] 地址 http://127.0.0.1:5033 处理 1 个任务
[2025-12-31T15:16:21+08:00][info] 发送任务{"batch":[{"action":"set_online","user_id":1167,"tdata_path":"\/www\/wwwroot\/tdata.tgbota.top\/public\/uploads\/admin\/202512\/6952870fadb7f\/85297408028\/tdata","proxy":"socks5:\/\/user-splmqynpf0-country-hk:9u6virjzTwd1PRZp4=@isp.decodo.com:10066","params":[],"tguser_id":"8421226027","first_name":null,"main_dc_id":5,"auth_key_hex":"45ba72fb48e38bd814756570b4e445a521051ce461b2d55154985f20e79ddb94fcd0e18122987daec070cb98ed459e1e750964f5e9aaa900aeed12ef75355f097f0942368629f2a074f2855ba5ff39478929106160e3b669cd7f801d6f5e6ad9bbb17329c97d18c15d14a6e5e570815335bf5933b44ba51ed229b5f178316013cc4752da98e2533ea8769074e1b6c7087bbbcab942015e9aabd76872bbe68a5fa14da26a6b6541b104dd15db46899d4e9d69d398556d82e33e2b99017c29bb9f2acf6d549cd757fcf6c1ab0b92455f558b346430d73e3d2349bde3a6b7af777d71f9b9bd20d862d3cb1b9d71782d87bcfec8413a1de43d0bfa068e024e4efb88","assigned_port":5033,"assigned_host":"127.0.0.1"}]}
[2025-12-31T15:16:21+08:00][info] [callPythonApiAsync] 发送请求到 http://127.0.0.1:5033/telegram_action
[2025-12-31T15:16:21+08:00][info] [batchApiProcess] 地址 http://127.0.0.1:5041 处理 1 个任务
[2025-12-31T15:16:21+08:00][info] 发送任务{"batch":[{"action":"set_online","user_id":1175,"tdata_path":"\/www\/wwwroot\/tdata.tgbota.top\/public\/uploads\/admin\/202512\/6952870fadb7f\/85298387635\/tdata","proxy":"socks5:\/\/user-splmqynpf0-country-hk:9u6virjzTwd1PRZp4=@isp.decodo.com:10059","params":[],"tguser_id":"8456250779","first_name":null,"main_dc_id":5,"auth_key_hex":"887c79a40682b74e814808a87c902689825782964c5f232a0f85ab40ec5476ab7b42d13c5454d94c4a0086e3e2a75165884d1924079005c95ac004b0ddc4b09e1fbe659ae968966e1d70a3ba13323ae7f15eee2d2d31bb06ebd40b70eccc6abc05f99a350fd6600b594011f303dd7a7a103139282aa74d910ed8a232c13bc5d4f143b0e21068e5d0778487051b7bfb7cd8319cd53e93bb730dcc31771a6695c64323afc0fa20aaab538c4eb3fe5a33db3bdca10b68b464b65c1bc3cc161db68895864d8e48490b00a3ccc69636b33dff9cd16ff097ea3d3540dc9c9e7bdc9858574488e0a0c9996336f6c5c6ffb556e17c015b52fd22befafcc63c94a2d16186","assigned_port":5041,"assigned_host":"127.0.0.1"}]}
[2025-12-31T15:16:21+08:00][info] [callPythonApiAsync] 发送请求到 http://127.0.0.1:5041/telegram_action
[2025-12-31T15:16:21+08:00][info] [batchApiProcess] 地址 http://127.0.0.1:5055 处理 2 个任务
[2025-12-31T15:16:21+08:00][info] 发送任务{"batch":[{"action":"set_online","user_id":1189,"tdata_path":"\/www\/wwwroot\/tdata.tgbota.top\/public\/uploads\/admin\/202512\/6952870fadb7f\/85296765120\/tdata","proxy":"socks5:\/\/user-splmqynpf0-country-hk:9u6virjzTwd1PRZp4=@isp.decodo.com:10045","params":[],"tguser_id":"8191190211","first_name":null,"main_dc_id":5,"auth_key_hex":"4dea97206bfe639cf499ecb30a30959fe1227ef1434f5aafe238c06f49e3ffd29a7b0e626af4bb2cb8457a0595c32939c050a5e7088df7d5e116b8a77d5b9643a52dd27f66e135d131ff46636bb379e46d894432f136241c14d22c8988edcf5bda825b14ef7512c779701c51ae981ef0c4fde74927a2adff3d2cf1fd06086a6e7b28a871f630f362d459044884826c8b423a2cfd7a0af32ae1cdb87fd7115e5a5325413ce006c5146956fe1a99d20b25a5e50549b3b22a6d778888d0658d02b5c92b1ca1b50abb2988d65f3298370e3d66e091b1467c288ade49077844ab9f12bb2b43b39ac82d378efba4c27164ec05e87eff070c082fb4ac0c817f61c942ce","assigned_port":5055,"assigned_host":"127.0.0.1"},{"action":"set_online","user_id":1284,"tdata_path":"\/www\/wwwroot\/tdata.tgbota.top\/public\/uploads\/admin\/202512\/695387359e84b\/8615178828137\/tdata","proxy":"socks5:\/\/user-splmqynpf0-country-jp:9u6virjzTwd1PRZp4=@isp.decodo.com:10073","params":[],"tguser_id":"8444556666","first_name":null,"main_dc_id":5,"auth_key_hex":"b040a874c0d122b2747f5a1b889a5aca729d85b4dd27a9cb5cfad81c2985e8df8600e754c999233d2173f8fc2bca7f70dd3548f532a5dc5ac3107f35bad5e4d7fbf5b52ca7ec4759f0e4383d5a0c874cd288bc591217c250c1b69697422a5746d79622497660081244d06e36525ff6119c8a31d384e9e0ee718bf89c2dd079a4577344a3a3b067e6a0e09c0d9068d678dcb108f112ad6253184b75de581bb7dbda808ce03adcf1369d17eec88a95aebde3408aeffe6cb8495c335b51f4e7f1ebbdcf96d197be4ef6c86cc325f7efa4bd0dd36db0e10c03e89995482ef8e7ece3cb3c109bad07bacf984c43c9d109604daea21bda306e999454b5f81dbea55edb","assigned_port":5055,"assigned_host":"127.0.0.1"}]}
[2025-12-31T15:16:21+08:00][info] [callPythonApiAsync] 发送请求到 http://127.0.0.1:5055/telegram_action
[2025-12-31T15:16:21+08:00][info] [batchApiProcess] 地址 http://127.0.0.1:5056 处理 2 个任务
[2025-12-31T15:16:21+08:00][info] 发送任务{"batch":[{"action":"set_online","user_id":1190,"tdata_path":"\/www\/wwwroot\/tdata.tgbota.top\/public\/uploads\/admin\/202512\/6952870fadb7f\/85298334597\/tdata","proxy":"socks5:\/\/user-splmqynpf0-country-hk:9u6virjzTwd1PRZp4=@isp.decodo.com:10044","params":[],"tguser_id":"8408103171","first_name":null,"main_dc_id":5,"auth_key_hex":"9e625ea8d8e1990df6a1fd95eaa4db6a406b0203002712b23da769d31be52ebb0374ce561f2bfb298c5bca4fe8390172b700896303228c45b53adbd32d810225e4ae9b7343cb0425d1cabf42a03205dcf3dc0fb69b2fb45435be06888b08c3295b9cbfc9a5da00834b528567bcb2e1dc04e08568a6afa206bc1152af1f55ca569a44b7a7c03893be5cfb6707aff80ab2f8de0b5ab74a8a4bfb502a063d5d7192741ed16474a9b083bce5c6da79d7f8db4135b68314a33ba60c4ee5c74f903a3a58dcd4589454a0ad3faef3c03c94c39f6cde6553945ee1d6fc10c6f6eed00da587967eefaa7749b60360e32d274b0cd6564f3a2d5704a220abe9fee541ee875a","assigned_port":5056,"assigned_host":"127.0.0.1"},{"action":"set_online","user_id":1285,"tdata_path":"\/www\/wwwroot\/tdata.tgbota.top\/public\/uploads\/admin\/202512\/695387359e84b\/8615213104315\/tdata","proxy":"socks5:\/\/user-splmqynpf0-country-jp:9u6virjzTwd1PRZp4=@isp.decodo.com:10072","params":[],"tguser_id":"8077456681","first_name":null,"main_dc_id":5,"auth_key_hex":"4fa2014a521ddf1404a492b740cd2b23b988a514402766e40a078fd5f32a0df25366c7c4f240f0910f8fc8e01f5c79f94adac77190c22a3f2aec8d88ba1dc53a4c3ac206b2c3a3202634e29d4f036cee4d64786d55e83e3aef7e2675f16644f7fd9b33a68ff19adcb5fadf7d52804ef6c0f4d01d30628bec31df046be711ac7294723abcdf07fb35e729f1edcbc288439b9d4c5df4d058c99536ff4d1d0ae7b66e1e9df7e3f96e9c3fee7d7dfc0f28a2d93a3c11125de51ef3d7d8fcaed6d841bf364348db72e31973369e835deed35474a3ecef2e91d7c63f61db76f7b8cba525f1610affe434ab8d1ad7b67c03259a0ba0d27130e10471090dc0b06ed2eaba","assigned_port":5056,"assigned_host":"127.0.0.1"}]}
[2025-12-31T15:16:21+08:00][info] [callPythonApiAsync] 发送请求到 http://127.0.0.1:5056/telegram_action
[2025-12-31T15:16:21+08:00][info] [batchApiProcess] 地址 http://127.0.0.1:5057 处理 2 个任务
[2025-12-31T15:16:21+08:00][info] 发送任务{"batch":[{"action":"set_online","user_id":1191,"tdata_path":"\/www\/wwwroot\/tdata.tgbota.top\/public\/uploads\/admin\/202512\/6952870fadb7f\/85298314609\/tdata","proxy":"socks5:\/\/user-splmqynpf0-country-hk:9u6virjzTwd1PRZp4=@isp.decodo.com:10043","params":[],"tguser_id":"8238034451","first_name":null,"main_dc_id":5,"auth_key_hex":"4bff99df0e2aaa5575818f686a6c73caaa712e2874516860674fbcb4cdea208c4016f584e1220bf8ad8f208aa3ecbfb90f296f89266ff9f5bb8b88b5dba69eb1f0bbb585ec65f0bad1e493587a08a77cbd6d3390d428f3e6a4663ad7f3f80e0ea08d679a901350cf754ec2e229e9ad8d06330f864044540c3ed896ef6aa01a050d6c1dd86c7aae923930795f182919ed3b728707547baa9caafd867fa29b414f34d5135fa8f27b90536072c7a36fb0d16058d7eb793d7b9517da39718d7db929d583882fbdb9235ed51369ce98087f2a2161190839580dd3da0f8f9936fa1f9b8f8a1dfe42e40a42788a8eef7e19b524f0065f0b404ef6eb2d12ac19bb8e7b69","assigned_port":5057,"assigned_host":"127.0.0.1"},{"action":"set_online","user_id":1286,"tdata_path":"\/www\/wwwroot\/tdata.tgbota.top\/public\/uploads\/admin\/202512\/695387359e84b\/8615178891370\/tdata","proxy":"socks5:\/\/user-splmqynpf0-country-jp:9u6virjzTwd1PRZp4=@isp.decodo.com:10071","params":[],"tguser_id":"8312655669","first_name":null,"main_dc_id":5,"auth_key_hex":"20fffe4d6bd5c1e735337fe00a335f10730b35f7ad4c2b11658b292fa97d9edf04d0eff0965d652fe0c9592f96b1bcb29d7ec6eaf52fd532cdac08924e0cbb32bcf5a83303c3479348d25b01c6d20516de62a1e17fd73238e65ce018431ffcd3cee44cc4e5fc87fe15cb51d11b26909f50685eed20d5b538505f97c18137f1dba10ed3f5da9697b51860d0364a4b412ce9b978b855175c352b15fea1d82e4c65d5bdfc30d2e1b11aad4b176153c46b9e01dd60acb9acd2f0741d98f8feb99e285e4c72d5e386aa3d0387bee84cd27b409012b6300968a2c357bfc3c673d0e962615e2656d6d21b2a519f6de538b49c9f6aa1ae898d6b4db89cf961112c609041","assigned_port":5057,"assigned_host":"127.0.0.1"}]}
[2025-12-31T15:16:21+08:00][info] [callPythonApiAsync] 发送请求到 http://127.0.0.1:5057/telegram_action
[2025-12-31T15:16:21+08:00][info] [batchApiProcess] 地址 http://127.0.0.1:5074 处理 2 个任务
[2025-12-31T15:16:21+08:00][info] 发送任务{"batch":[{"action":"set_online","user_id":1208,"tdata_path":"\/www\/wwwroot\/tdata.tgbota.top\/public\/uploads\/admin\/202512\/6952870fadb7f\/85298116407\/tdata","proxy":"socks5:\/\/user-splmqynpf0-country-hk:9u6virjzTwd1PRZp4=@isp.decodo.com:10025","params":[],"tguser_id":"8519442531","first_name":null,"main_dc_id":5,"auth_key_hex":"072fc9ae179de8664abdad57e896344ae6b22cf7c00c0caf815f8e08f6923992e2ba31c4df11eb3805bf58e1b85d7b8c4c843ccf6a1e84dc9b3c2003b6d8dde6efea6e68fa573c776c5c9a5476c41351a22ca9a973671c335cdad0e4962af74f2a5c19d9eeef822a2afacd509981198c3f56ae0a572f5e49d59e58b09b3b7b854151a64849f96b4f4264f892ae5c97a1a411c42c855cdb2c86122087c86605e6c72c33d0cee3f3331eefe24d110e8252db99a37ed3d9229a0eba4d26d045bc45f27d9c2f80b168b59da9edf46aa272d46aa11606e5f6a44ac93de06f29344cf7c6e079dbb37027f562304384d254e45200c211823dcb12ff701fedffe0c5c0ff","assigned_port":5074,"assigned_host":"127.0.0.1"},{"action":"set_online","user_id":1303,"tdata_path":"\/www\/wwwroot\/tdata.tgbota.top\/public\/uploads\/admin\/202512\/695387359e84b\/8615178816940\/tdata","proxy":"socks5:\/\/user-splmqynpf0-country-jp:9u6virjzTwd1PRZp4=@isp.decodo.com:10054","params":[],"tguser_id":"7973968858","first_name":null,"main_dc_id":5,"auth_key_hex":"5c883f1a31e036f33d60f9fe21d3c0631c905ab08cdc600599349df400b9de7c6811bcf740880f2e3c7819d14f71bb39e241c2d23e2ee41687624181c7f0d6145fb98e3a5c3fd11a78c267f654474cc371e4fe28ff84f01509c4ea32875fdbdfc7ae750f8374667e9437de54e423d5370065b6bcd6dd6fc12cc2aeda316eb6953966ae93947abd25ee86f885c89927c56003b1ce0c75a3dacbbf3a6d16e398ade0e63c263659a2b0333e2968d037a07d68f937bdcb6eb3c0eb5297deb95b7571d9d52d0fedc8f435f82844171d80fad8ee461bd10ba0a285854320c4ce896a676ba0c2243ffd4b63c9f4af865949d4f26687ace70c8010bc5310c2402b22b9a7","assigned_port":5074,"assigned_host":"127.0.0.1"}]}
[2025-12-31T15:16:21+08:00][info] [callPythonApiAsync] 发送请求到 http://127.0.0.1:5074/telegram_action
[2025-12-31T15:16:21+08:00][info] [batchApiProcess] 地址 http://127.0.0.1:5077 处理 2 个任务
[2025-12-31T15:16:21+08:00][info] 发送任务{"batch":[{"action":"set_online","user_id":1211,"tdata_path":"\/www\/wwwroot\/tdata.tgbota.top\/public\/uploads\/admin\/202512\/6952870fadb7f\/85296744157\/tdata","proxy":"socks5:\/\/user-splmqynpf0-country-hk:9u6virjzTwd1PRZp4=@isp.decodo.com:10022","params":[],"tguser_id":"8528128011","first_name":null,"main_dc_id":5,"auth_key_hex":"81fe2123791a74b8e9a74b94a46b07390d2b5d2f6c50c40761cbed7649da9d995ebb56c4d8718db5b536063743386ff08983e36cd204f120aef9669c78ebeae0d9f0f8c7cc9b96956166fc89a79c269ebdfe3dd264257bd12d4afddcb2a6f8b9ba8d3b223cb94c3a27c2f83fe737b7b8294f16f4485e9032e095abd100730e9066da8ad524460a8cd306f7e0ea364b1f984d56b4c156c0dd263c86de349743c9d9ea3bd5eb8bf97520f5b69c0815ca57ec3ab50ea3be7d3c2f04d369845a2f387a9af10d58d0dec90c3ab0c5a81cb90a35baa724bb0840f0e052420b32d86f0cd1ccbd7d20d5ec08440a7c9707254ba8ca2d6ce190ec240ae9286a62780cab7c","assigned_port":5077,"assigned_host":"127.0.0.1"},{"action":"set_online","user_id":1306,"tdata_path":"\/www\/wwwroot\/tdata.tgbota.top\/public\/uploads\/admin\/202512\/695387359e84b\/8615211864541\/tdata","proxy":"socks5:\/\/user-splmqynpf0-country-jp:9u6virjzTwd1PRZp4=@isp.decodo.com:10051","params":[],"tguser_id":"8070129982","first_name":null,"main_dc_id":5,"auth_key_hex":"768d0141ca2ca6b774635840e5b59295544c5211ad0d2680f5b48407ce149fbd6b51d096b328486e1aecfb337d7217e815d0bb0cdd3ec2246fb1b4ebddb5cfe00c0337d1e7d2fe002a3f30cf921c3e1e511d9ce5b7f430a646a20da5006c409e0e57aba0f12a19903e9a6e36893ef9fbf62f61d69852e14eb91e178d82826f2760a08b31303592ed93da5c5a8259d1c98acbea668c515fc471d9e284eaa785d6819f71565157d35eb8569721e618dc033bd8c69aedccf1f1505926e389fbff6d7a7e5f0799f6d2e9418a42713b19c6ad3a30803310fb5a86df7c79554a9eab0277e5e5d0f5b50114e4265b1b448d0ffeb1d75b525abe93ee8f2724be18fa4582","assigned_port":5077,"assigned_host":"127.0.0.1"}]}
[2025-12-31T15:16:21+08:00][info] [callPythonApiAsync] 发送请求到 http://127.0.0.1:5077/telegram_action
[2025-12-31T15:16:21+08:00][info] [batchApiProcess] 地址 http://127.0.0.1:5080 处理 2 个任务
[2025-12-31T15:16:21+08:00][info] 发送任务{"batch":[{"action":"set_online","user_id":1214,"tdata_path":"\/www\/wwwroot\/tdata.tgbota.top\/public\/uploads\/admin\/202512\/6952870fadb7f\/85247526942\/tdata","proxy":"socks5:\/\/user-splmqynpf0-country-hk:9u6virjzTwd1PRZp4=@isp.decodo.com:10019","params":[],"tguser_id":"8266106867","first_name":null,"main_dc_id":5,"auth_key_hex":"73503613b724521119aadb9c8ff2478ec63a2d5c8d8ab908d09bd5209cfca95f9f54a1f2173d3d5b7fbe63be3fa7644439182038d64b4c5ae1ae978174def5c8d0624066a78046eed16f786c46be5d9a47bc2cd810a0816a07667daca2642b18885478fc49253b9b720576b67c2eb26c894f74abb755c81bbeba582493be0d8d9cff50e1fb23838f3f59c165a489a50e9002c4b22920a5fd3ed743cabeda3e83281267b7035eb0f7dac3ea217c64d7ad766bf51aad12bf393a320a95d6f53d5cbd7da3ac8385cb50b29b6bf9303a355d257beb24b7fc0a52571ff8b62a938f5766b83bccde0ea7b80bb6e913c3719a80eba8dc819bfd9c4b8fc31b9fc21eb42c","assigned_port":5080,"assigned_host":"127.0.0.1"},{"action":"set_online","user_id":1309,"tdata_path":"\/www\/wwwroot\/tdata.tgbota.top\/public\/uploads\/admin\/202512\/695387359e84b\/8615178936432\/tdata","proxy":"socks5:\/\/user-splmqynpf0-country-jp:9u6virjzTwd1PRZp4=@isp.decodo.com:10048","params":[],"tguser_id":"8395014097","first_name":null,"main_dc_id":5,"auth_key_hex":"c00df0566bd7b82ad4461b19fcd00a766ecb141dd13ae999541a94317fc542d9ba71fb720a2f56c05aff5b9ab1bd2557dbd72099f202ba99f0e7d96f230d67bd6c22a78e31c933647eec81d8f3a2ce5365f6f8399d9f743ecfc87b5364719d8f5cafb5a9daefc40248c438f92e4333e27c831fdab8e48d8ccef75a82b6e210bcb5752f354327301fc0033b87cca91ccc0610d89cdf761e9c61a30322a3868a97f9240f4149f5eb14885e36ea425d8b1c25ac89d237bb43a7654caa1b9c76876bc36fa2dfe8e674bd0d041640cdf947a542e6ef91b38feeacd589bc73a6ef99a7286b89039f93557467433187e5f65e222ed3b5fd24b0fb906c70643b3c98445b","assigned_port":5080,"assigned_host":"127.0.0.1"}]}
[2025-12-31T15:16:21+08:00][info] [callPythonApiAsync] 发送请求到 http://127.0.0.1:5080/telegram_action
[2025-12-31T15:16:21+08:00][info] [batchApiProcess] 地址 http://127.0.0.1:5086 处理 2 个任务
[2025-12-31T15:16:21+08:00][info] 发送任务{"batch":[{"action":"set_online","user_id":1220,"tdata_path":"\/www\/wwwroot\/tdata.tgbota.top\/public\/uploads\/admin\/202512\/6952870fadb7f\/85297437936\/tdata","proxy":"socks5:\/\/user-splmqynpf0-country-hk:9u6virjzTwd1PRZp4=@isp.decodo.com:10013","params":[],"tguser_id":"8298164955","first_name":null,"main_dc_id":5,"auth_key_hex":"a9b913853abb85dad1be60dc266dcf451a99c8eeaee07766ad19a5f0b7565b7308292c96e6766be4b2019b054ba92ed8e8193d762a5e682a4e110b0163affea7b3f328a073ebba6f7e696520c938fe94d3f833c0352ddb4ceabfcf9d2c291580663ec2490a6f9f244620d08f35e7267dde82f82cb5d7c604deefcf29c9c56dcb2d29c7f79460ceb8d90019fca6323c40f500115a8d93b463d593aebee0658832bc8eed3e5be42ee52805b2fc72f58c3cd6485ca909cc9b214ada755ccfca452e659fb362b877ba38173126bd7e6329132d0b42f02c42558d13a76a3dd5a6f2b0d804e1bf831e76b2fac2b7998b78aae99d2dce10dee36ec53b2b87ccd9275533","assigned_port":5086,"assigned_host":"127.0.0.1"},{"action":"set_online","user_id":1315,"tdata_path":"\/www\/wwwroot\/tdata.tgbota.top\/public\/uploads\/admin\/202512\/695387359e84b\/8615211854303\/tdata","proxy":"socks5:\/\/user-splmqynpf0-country-jp:9u6virjzTwd1PRZp4=@isp.decodo.com:10042","params":[],"tguser_id":"8382811331","first_name":null,"main_dc_id":5,"auth_key_hex":"909980b7153df6ac542d38cd9e93d8abdf4110e1206c70fc3b37e9202689ccb55f41fc1064ae66e49bf120d4ba36797c6cee831e6ecc788532d780bdb710c3b308e3173cd4ff225eeaf96a03cf366ac68b999de1b3cd696ed976f3cb416ff91bbfc3129d424ba7933bd8e924a69fea31771c3d6b20a90d7c87babb94d3ecd7637ec6ada55b1edee3d2ac8da8f50c76244c15357243215afd3b9a23cb88e31f85b6cfad06e05bcc4563dd25a8d793f9cbde2a718ca5b6d7409901caa73dcbed05258cb02f034eb2d6bf2a8469161a2d5843c8178431d1c67ca01666d5944ec02c4d168b58aaa189f9837d257b4e936ad267febf2707636c22aed685992c173d57","assigned_port":5086,"assigned_host":"127.0.0.1"}]}
[2025-12-31T15:16:21+08:00][info] [callPythonApiAsync] 发送请求到 http://127.0.0.1:5086/telegram_action
[2025-12-31T15:16:21+08:00][info] [batchApiProcess] 地址 http://127.0.0.1:5092 处理 2 个任务
[2025-12-31T15:16:21+08:00][info] 发送任务{"batch":[{"action":"set_online","user_id":1226,"tdata_path":"\/www\/wwwroot\/tdata.tgbota.top\/public\/uploads\/admin\/202512\/6952870fadb7f\/85297502947\/tdata","proxy":"socks5:\/\/user-splmqynpf0-country-hk:9u6virjzTwd1PRZp4=@isp.decodo.com:10007","params":[],"tguser_id":"8591130907","first_name":null,"main_dc_id":5,"auth_key_hex":"8794a9a2c3c26d46c601e03347209819fbb86d75ad63ffea018f055d814194d58298e99b7f44268cba10afe540aa46dc84c79fc0f0121627f1138109d639a02ec6898213b1c9dac8425034755a2418d15b7a5118305a11d04f70487b7d41919564609f893f11e620399cf329cd84418c3f839db09bd0267114b15c5e4c974ee60f953f47380bfbddb061fa4c28405fc1ee2b574deb1e1d3c8c4199befe90d932447b563bc70c9e75224de2cca7eb696c944f91e067f736eba269ab0505b446d566bc1f7f7ce61e9523cadc1e447692f870714cb06cebf8915c1ad328920925cca30294d99e5fd352ceecd6829f467d7c15aa2d6fc620c5ed39301b29bd2fa233","assigned_port":5092,"assigned_host":"127.0.0.1"},{"action":"set_online","user_id":1321,"tdata_path":"\/www\/wwwroot\/tdata.tgbota.top\/public\/uploads\/admin\/202512\/695387359e84b\/8615213104024\/tdata","proxy":"socks5:\/\/user-splmqynpf0-country-jp:9u6virjzTwd1PRZp4=@isp.decodo.com:10036","params":[],"tguser_id":"8365300117","first_name":null,"main_dc_id":5,"auth_key_hex":"0ef77a90b642cbc0e64f229292ce58b67dc2cbcc6b355ad1a62f41b9a361c42c22e38207b85dfd1e95d168ab012afab32032568f74fe8e5afb82daee8b94092252dc6ed1735aedfe7d8c4a4d34453a519a52323e8bfb819c05dfe4d7f8d7856073a4aa87803257f98f2df23e366d3673ca96529f1f7eeb51554915a2fc9673c4db6691bd16d9472f47773833d59892111330a5071f8d44b5b1020d5cb32e301a13f471451fbe5053a81a702d4437801d6739c2a7a8690edef42515b441e913fca04a47211340bc40cbbf33d14010ba41ae9eedd1790d2b75f1cb7d2f916831111a1a986daba4f63aacca2f1c39779a4593d91029a9c9e2e8f722ecabc2f34e81","assigned_port":5092,"assigned_host":"127.0.0.1"}]}
[2025-12-31T15:16:21+08:00][info] [callPythonApiAsync] 发送请求到 http://127.0.0.1:5092/telegram_action
[2025-12-31T15:16:21+08:00][info] [batchApiProcess] 地址 http://127.0.0.1:5048 处理 1 个任务
[2025-12-31T15:16:21+08:00][info] 发送任务{"batch":[{"action":"set_online","user_id":1277,"tdata_path":"\/www\/wwwroot\/tdata.tgbota.top\/public\/uploads\/admin\/202512\/695387359e84b\/8615213109327\/tdata","proxy":"socks5:\/\/user-splmqynpf0-country-jp:9u6virjzTwd1PRZp4=@isp.decodo.com:10080","params":[],"tguser_id":"8240395408","first_name":null,"main_dc_id":5,"auth_key_hex":"3e252718c7a7a717ff61da7e1b984051c669448d03ed2e202f72cfed97edef4596657e70c6ea46d3aef6e498257a283bb1e931f4c1577e83a1fd5b9f94f44707b60228fd33613c2b6de2aa9a369345bf525031887e5b6d4451f788a6e9b9139aa3d3974097169a9c77ce24ae907c1d51ca9da4253bf0230e4db4a17774fee3ab8c1a7194e8f95c5701b6810f34bcdf6a32d733d5155897a0d27443af1df57d00ecb9bc70ee3f73feacfd19295899a4e32adc87e78e89ff785c3d21d171dcae42a09f6ae541cdacee351628f13b978b3c415a3c95cc356c6f5c22ea259f5a85db0c2055ff580e411a457469e0edc6ca7fe0359bb05177f4ce620bff924e996556","assigned_port":5048,"assigned_host":"127.0.0.1"}]}
[2025-12-31T15:16:21+08:00][info] [callPythonApiAsync] 发送请求到 http://127.0.0.1:5048/telegram_action
[2025-12-31T15:16:21+08:00][info] [batchApiProcess] 地址 http://127.0.0.1:5049 处理 1 个任务
[2025-12-31T15:16:21+08:00][info] 发送任务{"batch":[{"action":"set_online","user_id":1278,"tdata_path":"\/www\/wwwroot\/tdata.tgbota.top\/public\/uploads\/admin\/202512\/695387359e84b\/8615211852301\/tdata","proxy":"socks5:\/\/user-splmqynpf0-country-jp:9u6virjzTwd1PRZp4=@isp.decodo.com:10079","params":[],"tguser_id":"8471501880","first_name":null,"main_dc_id":5,"auth_key_hex":"1d9d2758d5462a4abb0ce1c8417877ef4d37eb58404c1a24f60f5b3129c9bf88af4027018ed3d152acc6c9d345b0e164ce5880a3a92f41ab7e76f68fe986dcb08ce509154b27a54475d35b2f08256abc22342797436eb033067e4bfaa1374f5409af41361c5d050df009aea13c6c5830183fde45063ac9d684394632290c9ef65585e00aa61075a4a0a43098c073042db756f70e8397a596c58ba69189352d8709733845166ae541df920a28fb890c935b3f63ddfa0238072029bd79f0e4dc6fb4b43def9852815df11d881bdab0189068170bd9659ca9d8fda767afe26951381165ba90d80f858d5a218d7bed1de6e0951e200d1848a25e5909452af27486e7","assigned_port":5049,"assigned_host":"127.0.0.1"}]}
[2025-12-31T15:16:21+08:00][info] [callPythonApiAsync] 发送请求到 http://127.0.0.1:5049/telegram_action
[2025-12-31T15:16:21+08:00][info] [batchApiProcess] 地址 http://127.0.0.1:5050 处理 1 个任务
[2025-12-31T15:16:21+08:00][info] 发送任务{"batch":[{"action":"set_online","user_id":1279,"tdata_path":"\/www\/wwwroot\/tdata.tgbota.top\/public\/uploads\/admin\/202512\/695387359e84b\/8615178844163\/tdata","proxy":"socks5:\/\/user-splmqynpf0-country-jp:9u6virjzTwd1PRZp4=@isp.decodo.com:10078","params":[],"tguser_id":"8464730439","first_name":null,"main_dc_id":5,"auth_key_hex":"ab6fcf9d2c9b0d8f06b5526f2bc16500c94aa29fbfa260a796d73fbde954ad22c32391d039ee9b36422e7db353df8e12184c1b3e40f1264b71936d5838bd78e218e608c19e855e84c42a42655b6d8dfbf0348e3e453caceb596ea405b4bf856c11f966d69a7d6c1c92ce8235c940080c43f20869b49268c6243d509db3eb7a19bffa7aac6a32343bd1f840748f0fae5d3d0077c0e5f00e6822d915cd3da42b155ec95269daccaaf19ebe427bf2f40f7aa044bab9ee939dd6e161831579cabd9427562f933afba25c2a7434d97fec523693f10bcb72359b444456bd6e6841b7f20fcb8be2ef1504f63c1af5ae4bcee21d552ac791fb8b992bdd1a30d7cf90a989","assigned_port":5050,"assigned_host":"127.0.0.1"}]}
[2025-12-31T15:16:21+08:00][info] [callPythonApiAsync] 发送请求到 http://127.0.0.1:5050/telegram_action
[2025-12-31T15:16:21+08:00][info] [batchApiProcess] 地址 http://127.0.0.1:5051 处理 1 个任务
[2025-12-31T15:16:21+08:00][info] 发送任务{"batch":[{"action":"set_online","user_id":1280,"tdata_path":"\/www\/wwwroot\/tdata.tgbota.top\/public\/uploads\/admin\/202512\/695387359e84b\/8615200855780\/tdata","proxy":"socks5:\/\/user-splmqynpf0-country-jp:9u6virjzTwd1PRZp4=@isp.decodo.com:10077","params":[],"tguser_id":"8418531061","first_name":null,"main_dc_id":5,"auth_key_hex":"11b78fc04bbe3d4b4998a17436e1932529c6526d1cb026de67cc0a5570657d6493fb6874c5b6671aa7bd1b872e48ea77a964cf8b7352793ace31cbcf8b451adcff140440b69c7a81891c7dc00612d8b1220ed4292851540dfa92267f9903044a7f09a1c0d65a542c27089a16392c69d06214c6809335538a8cfb09b4d14fcbe16f9addfef9dfbaebeadfe7c649154512d81d559cc99829edfb9316d0959491371a10e3bd50980bc8c99f8c28da796aaf879bccc64c33f1f5d02ae1e65c95ea23497cb1cc40b249487748345f8f3cca40b3c2b3fb0cd839a548230b9e32f18625330e1e6ce400eb78f70242481d2430fa4ef76bf566b6bb2b72cefb21809b336d","assigned_port":5051,"assigned_host":"127.0.0.1"}]}
[2025-12-31T15:16:21+08:00][info] [callPythonApiAsync] 发送请求到 http://127.0.0.1:5051/telegram_action
[2025-12-31T15:16:21+08:00][info] [batchApiProcess] 地址 http://127.0.0.1:5053 处理 1 个任务
[2025-12-31T15:16:21+08:00][info] 发送任务{"batch":[{"action":"set_online","user_id":1282,"tdata_path":"\/www\/wwwroot\/tdata.tgbota.top\/public\/uploads\/admin\/202512\/695387359e84b\/8615178828467\/tdata","proxy":"socks5:\/\/user-splmqynpf0-country-jp:9u6virjzTwd1PRZp4=@isp.decodo.com:10075","params":[],"tguser_id":"8495116294","first_name":null,"main_dc_id":5,"auth_key_hex":"20773d7cecf052db2abff35afd1f2c7a631439c3e706c7dfe32caeeef12fe68cc9d7dc0de8968b1ddf49aee0f4d49a8df8c5be4c78115cba6b0645848b68b0d3121bbc47072fe1555df714b7b8b6d93ad37928fbe8eecd9accceb32885a9b137009b791187197b83a32c6e635595c116f3635d60b8b856a244647743d5fa3cac9d3f82d4f2a5db7bd5efec45b69cd7766c12065530b2c3ae72ca85ec8cf8ec3fcb2fcbff8298362fd07f754fc3c976883e5d3ca45adc496aeeb59e11caa2ea8c1d8657f48706e98023f1fb9c887a7067d600e5ed32ad6af71879698e30ce1d7079160c9a731c8ed227067139af5accbff0e89a29adfbb99e2846a5002eec0edf","assigned_port":5053,"assigned_host":"127.0.0.1"}]}
[2025-12-31T15:16:21+08:00][info] [callPythonApiAsync] 发送请求到 http://127.0.0.1:5053/telegram_action
[2025-12-31T15:16:21+08:00][info] [batchApiProcess] 地址 http://127.0.0.1:5054 处理 1 个任务
[2025-12-31T15:16:21+08:00][info] 发送任务{"batch":[{"action":"set_online","user_id":1283,"tdata_path":"\/www\/wwwroot\/tdata.tgbota.top\/public\/uploads\/admin\/202512\/695387359e84b\/8615211862815\/tdata","proxy":"socks5:\/\/user-splmqynpf0-country-jp:9u6virjzTwd1PRZp4=@isp.decodo.com:10074","params":[],"tguser_id":"8412207894","first_name":null,"main_dc_id":5,"auth_key_hex":"523ada5017d354de46b89048cc877a4f362be829ac033503249176f7984367a48dcda6d54eaea75bd4a12a0a43c5bc6c0fd61b79d81c02324bacbe3e26bc36ed61fe550f0069215a34f85f9b900523c7b2fa0570e9cc6dde9178285c0098701eeed6b2d2482e55435a84f989d4129df0abb14de250081c0528d7275f733d6a6de9d1d1d1ad8b7df8d11d731c86b891fbb33e93853a6642689ea5a4734cf8deb20690a8db82ecfd88f8d325dbe43b48a384da5ae5819f5785cceb5a94f114e9e4abf2333d5c131409003476b748ce0afe79edf4b774f0259368431bc78de66406614de540a033d78aa2c3221066bacb5fe05aecf654710b567e61b219c3e63f25","assigned_port":5054,"assigned_host":"127.0.0.1"}]}
[2025-12-31T15:16:21+08:00][info] [callPythonApiAsync] 发送请求到 http://127.0.0.1:5054/telegram_action
[2025-12-31T15:16:21+08:00][info] [batchApiProcess] 地址 http://127.0.0.1:5058 处理 1 个任务
[2025-12-31T15:16:21+08:00][info] 发送任务{"batch":[{"action":"set_online","user_id":1287,"tdata_path":"\/www\/wwwroot\/tdata.tgbota.top\/public\/uploads\/admin\/202512\/695387359e84b\/8615178868044\/tdata","proxy":"socks5:\/\/user-splmqynpf0-country-jp:9u6virjzTwd1PRZp4=@isp.decodo.com:10070","params":[],"tguser_id":"8275206751","first_name":null,"main_dc_id":5,"auth_key_hex":"6758eacf98c1c8aaf6538e41cc46faa9f0eee174a4527b7ca3cf6d5eda0b299f4a907ebf87da4cd3bba19c7e869794cf679bfe483a1a35962066deb4713f8fa0764907fcebe64d0a008ccf9f5135cb9a0f54881ee4b9cd200525f55ef6d1b07248d3d4e53648595724c2832fd672e83c8c17ad8c43d4fe18ad34f6e373f5abd5a06a9df45a7795497b78923bceec036a6023db795b77c51afe1053ebfd3552a9320a0c072465613ba862adbd18c40138c24427afca7b8992d16ae94005d22ab5f3842797246c9a97652667e5e76fb3e11a36b3beff7f12500a93620659cf4ab88997c0fe441a4642de486b283b28229a83d9bc8c0aaa49112e68ed87a495a51d","assigned_port":5058,"assigned_host":"127.0.0.1"}]}
[2025-12-31T15:16:21+08:00][info] [callPythonApiAsync] 发送请求到 http://127.0.0.1:5058/telegram_action
[2025-12-31T15:16:21+08:00][info] [batchApiProcess] 地址 http://127.0.0.1:5059 处理 1 个任务
[2025-12-31T15:16:21+08:00][info] 发送任务{"batch":[{"action":"set_online","user_id":1288,"tdata_path":"\/www\/wwwroot\/tdata.tgbota.top\/public\/uploads\/admin\/202512\/695387359e84b\/8615178793580\/tdata","proxy":"socks5:\/\/user-splmqynpf0-country-jp:9u6virjzTwd1PRZp4=@isp.decodo.com:10069","params":[],"tguser_id":"8262353413","first_name":null,"main_dc_id":5,"auth_key_hex":"045e2500beec78a3c4311194407018a22392024cc04a11347036f909b3b250c820512e3708614b9644bb614691566e71cca7686ba284764a83da72e336f5434ad8cea1754868a2955532bf23435b57c8aa6c04176432d8cba68a37b4a420be23b5e8a840c3adc21666137885471ff27a9edaf4775ed6dc5143d311170ae12460ef72dc212601423e09b6b6476b953104e0f79d8dd3f2e202af577a8d3600971091e5fda947350877a19db1a101f20dc6ceb6a12cfe27f8670df1c7df237a229bd7ec669d67c6e6c6fe13b87481bc374fb5bcb0903fbfea54eb1635660dee6bb4d1381242139eeb8a755b0683d64a2d33647e604bc5d721af0752f504e673f857","assigned_port":5059,"assigned_host":"127.0.0.1"}]}
[2025-12-31T15:16:21+08:00][info] [callPythonApiAsync] 发送请求到 http://127.0.0.1:5059/telegram_action
[2025-12-31T15:16:21+08:00][info] [batchApiProcess] 地址 http://127.0.0.1:5060 处理 1 个任务
[2025-12-31T15:16:22+08:00][info] 发送任务{"batch":[{"action":"set_online","user_id":1289,"tdata_path":"\/www\/wwwroot\/tdata.tgbota.top\/public\/uploads\/admin\/202512\/695387359e84b\/8615213111701\/tdata","proxy":"socks5:\/\/user-splmqynpf0-country-jp:9u6virjzTwd1PRZp4=@isp.decodo.com:10068","params":[],"tguser_id":"7825911921","first_name":null,"main_dc_id":5,"auth_key_hex":"568516ee21e74196328b2217aecc30a24a943bafa0308c4b0a15c5ba2fb9627a732b2f3604522c48b19c34e79107902cd3593f98137f715390aee7361848556a29e1183399eff3040c553e4f2dfc87f0e77123e5d76d5489f5a6f06a0980e472a41439403866785d8fd97204fab2bc972917a5724b6f9a60145f8406e74f39489522e10a20cb8430703a6a4ba31783a72fbf1b38a27f72028ecd3e5b06be036b3a25645e8599867ba99868ded0448093d661eb149b88a281cc03ca6c1ba564696e9f7ac06311eb68deab63ec05d7372108ec1418e689155f69080969fe597f07fdcd20fb0cbedbd80dfc1f52d69684498a94bd409f1d0ba8d759e50002ad8789","assigned_port":5060,"assigned_host":"127.0.0.1"}]}
[2025-12-31T15:16:22+08:00][info] [callPythonApiAsync] 发送请求到 http://127.0.0.1:5060/telegram_action
[2025-12-31T15:16:22+08:00][info] [batchApiProcess] 地址 http://127.0.0.1:5061 处理 1 个任务
[2025-12-31T15:16:22+08:00][info] 发送任务{"batch":[{"action":"set_online","user_id":1290,"tdata_path":"\/www\/wwwroot\/tdata.tgbota.top\/public\/uploads\/admin\/202512\/695387359e84b\/8615178877425\/tdata","proxy":"socks5:\/\/user-splmqynpf0-country-jp:9u6virjzTwd1PRZp4=@isp.decodo.com:10067","params":[],"tguser_id":"8475919589","first_name":null,"main_dc_id":5,"auth_key_hex":"8427b51cdd0094cf7f22809ed645f634a713257a5701d2ece90c91232bf08070a14e953ca5f62c61bec877aeddad2a073e6a8f3adf01ab94b10ba3b8ecaca7c2026ae15879ff6c2f08face9be20771ae2808b11f0efcba269bf34ecffca82531fd3a989c8c104945e5487ba7c8cd4fec2852cf76c0c7ef7122e25318a0ef3e5ab7a7b7a0f12d778e0ac8447c4c0a382d1d41197eff07019cd8fd9022ab14b9b755d6f9b775d3ec8e4ef92fe9c4781280f2a138972b903b322accd8cea4f882fdc8a7f6a2c9f9db30bc0efc53aeed483fb49edca9cc175f11bf17cb94722912b657d3fa10f889d719bcc4d16f72639b70f22f1257e218d46882eb571a6c6fbe27","assigned_port":5061,"assigned_host":"127.0.0.1"}]}
[2025-12-31T15:16:22+08:00][info] [callPythonApiAsync] 发送请求到 http://127.0.0.1:5061/telegram_action
[2025-12-31T15:16:22+08:00][info] [batchApiProcess] 地址 http://127.0.0.1:5062 处理 1 个任务
[2025-12-31T15:16:22+08:00][info] 发送任务{"batch":[{"action":"set_online","user_id":1291,"tdata_path":"\/www\/wwwroot\/tdata.tgbota.top\/public\/uploads\/admin\/202512\/695387359e84b\/8615213123724\/tdata","proxy":"socks5:\/\/user-splmqynpf0-country-jp:9u6virjzTwd1PRZp4=@isp.decodo.com:10066","params":[],"tguser_id":"7770205711","first_name":null,"main_dc_id":5,"auth_key_hex":"584ee9fca7780edca11cf88c5b348dd4692bbb49ad81a1fd413dcbfa40d1b44af4dc4d8d1d6ae4f6cb8affcdc4d052a75714548446c79a55df8ed4ea22c5ddf16a76f602e06e02d183837ad97984a62cc64bce31129210039a18dd86d101eca86766d4e4460ed15652edd1bcd9add396a0fa5f3e8afa262616a8728540ffc1f530f98170e17ad40201858b64f81345bd837b6ac7ac946f766ab1f75495f1e8483e58781545e638ce5a9387c68f7287ab86f4aa3b353d962a3b70583572bd8ed2b6385246fc575bbf5b5a387225867e088436ebfcd7384fd55e19c0f58fd1971b71da1c7cca91491ca0aa89815fbd3933e5ea53c29b1a57ef21807077ddc42035","assigned_port":5062,"assigned_host":"127.0.0.1"}]}
[2025-12-31T15:16:22+08:00][info] [callPythonApiAsync] 发送请求到 http://127.0.0.1:5062/telegram_action
[2025-12-31T15:16:22+08:00][info] [batchApiProcess] 地址 http://127.0.0.1:5063 处理 1 个任务
[2025-12-31T15:16:22+08:00][info] 发送任务{"batch":[{"action":"set_online","user_id":1292,"tdata_path":"\/www\/wwwroot\/tdata.tgbota.top\/public\/uploads\/admin\/202512\/695387359e84b\/8615178773647\/tdata","proxy":"socks5:\/\/user-splmqynpf0-country-jp:9u6virjzTwd1PRZp4=@isp.decodo.com:10065","params":[],"tguser_id":"8126419928","first_name":null,"main_dc_id":5,"auth_key_hex":"5bdd981bb0e45ae50db235adb8b37dfc87747937903cbb419b372c8fe7fa00911f0786e2cd7ca55d8f0996904b033643bd656e45b0131b9b47c677b6c3255e39dd5446df02f4673b511a279d7d868c2f379547add74e959309996e1401cf2ed533164105f42b4a7a1feb0fb4e5799c39fc908358b7ca1d73aa21189af04cd14792f5ac442ed17e8c5a577418bcbae7d8f39fdd58bcbd46604b8e68b96a9304aea2568712dc9de2c47ed87983c7894e87d831309620dd4587bbaf893882629695b27a9ce126017cc818cdbaf1fde87e626e9b792c88ada76a481878e7d167044ce935967ba4f67badb29eeba707df086287c593059aea90b7589ef426f103b92d","assigned_port":5063,"assigned_host":"127.0.0.1"}]}
[2025-12-31T15:16:22+08:00][info] [callPythonApiAsync] 发送请求到 http://127.0.0.1:5063/telegram_action
[2025-12-31T15:16:22+08:00][info] [batchApiProcess] 地址 http://127.0.0.1:5064 处理 1 个任务
[2025-12-31T15:16:22+08:00][info] 发送任务{"batch":[{"action":"set_online","user_id":1293,"tdata_path":"\/www\/wwwroot\/tdata.tgbota.top\/public\/uploads\/admin\/202512\/695387359e84b\/8615213127604\/tdata","proxy":"socks5:\/\/user-splmqynpf0-country-jp:9u6virjzTwd1PRZp4=@isp.decodo.com:10064","params":[],"tguser_id":"8172997145","first_name":null,"main_dc_id":5,"auth_key_hex":"1a7328a25bdb409a35a2a665075c06864c6cc71cbb9d7236e81ddeb379faac448305ad231aad44151a2e1f2c085b2da6eab9fa5311f2ff2822ddca98fb5353fad36b6638b79e1d8952a01e10770f538f39621f26f2d859ab0935f6a80c41b608a2e631703c2e9125db3e83c9e2a17441f4d90794d05cbc1ddf1ab383f32a874e5b48b30811a8847a99ae2d448989ab823e18a923dfb5ce8803a8cfddfbb574bbc9a49d3f3ae71d2d5c9d81388473af4c0c10aa275a3cb108ff94686a41a398e0eb61314ccdc8b05119a81e5e2abb3e50a251d27566c730b488043dd23e2e46f1da25a03666866a2cab68c11f53b1dc457171dfc09e27386807e458c90de29bf8","assigned_port":5064,"assigned_host":"127.0.0.1"}]}
[2025-12-31T15:16:22+08:00][info] [callPythonApiAsync] 发送请求到 http://127.0.0.1:5064/telegram_action
[2025-12-31T15:16:22+08:00][info] [batchApiProcess] 地址 http://127.0.0.1:5065 处理 1 个任务
[2025-12-31T15:16:22+08:00][info] 发送任务{"batch":[{"action":"set_online","user_id":1294,"tdata_path":"\/www\/wwwroot\/tdata.tgbota.top\/public\/uploads\/admin\/202512\/695387359e84b\/8615178745170\/tdata","proxy":"socks5:\/\/user-splmqynpf0-country-jp:9u6virjzTwd1PRZp4=@isp.decodo.com:10063","params":[],"tguser_id":"8461665305","first_name":null,"main_dc_id":5,"auth_key_hex":"1501a8de2c1495862c137d2bf64e2915ca0aec5ca950159624ee03336bc3c7484eba475d55f06c9df65e5c6121a3e76aa587bd85eb7758c5375892069bb4fbef87942bf0febeb5df782f70a0f6ac0313c1fa6db4446c7cbe809972f891ba595b9203943908c39d3b0620f655b91ebb25cdfb124f85e8843666d699796532884b97b4e351248ae98dff8a099e4577913658969f218572f1057608c912efe55f28e221bc3df58ff6ecdc674c2c478ad9e2581d38b8f9297a9ae2b2ab3560bae09150c86eb3784b20af397b5fb309e5e779d7942c6052873034037a664670ba2e81b9642ac77320f9758c3cff610c33214fd576fd64d27f3adac7325e8fed328cbc","assigned_port":5065,"assigned_host":"127.0.0.1"}]}
[2025-12-31T15:16:22+08:00][info] [callPythonApiAsync] 发送请求到 http://127.0.0.1:5065/telegram_action
[2025-12-31T15:16:22+08:00][info] [batchApiProcess] 地址 http://127.0.0.1:5066 处理 1 个任务
[2025-12-31T15:16:22+08:00][info] 发送任务{"batch":[{"action":"set_online","user_id":1295,"tdata_path":"\/www\/wwwroot\/tdata.tgbota.top\/public\/uploads\/admin\/202512\/695387359e84b\/8615178862474\/tdata","proxy":"socks5:\/\/user-splmqynpf0-country-jp:9u6virjzTwd1PRZp4=@isp.decodo.com:10062","params":[],"tguser_id":"8407871615","first_name":null,"main_dc_id":5,"auth_key_hex":"3647de701a713c84e98a5ffcd417fafa5f36513f8eb958348ef0ceb498c1e06fafe626fbcb79c7a2e49e3e54555a14e85898c80ee99a85e28c2d16c8df32e37ad5792e006a35a1f263bbfe7f7e29aadfdd162f87cf95afa6d5f3d11df4234d3f3ceef609ed4369c86fd7fe87b5f959a3d05d5ec7d42e44cb0cc7bca6f111637e2b0497b3bd69c8a3281735f1fa693963e95432741efa01ee1ceb05ab3edf70c6fc1092a5e96c06efd407a9809a19740968f58196009673672dd2702867c1033f3551454596703c66f615694e5b41284457be2c02a88056864f55dcd2394e4669681235bb007245ce207f9511f1936fe646dee8dd557042f844ff62952c27beb0","assigned_port":5066,"assigned_host":"127.0.0.1"}]}
[2025-12-31T15:16:22+08:00][info] [callPythonApiAsync] 发送请求到 http://127.0.0.1:5066/telegram_action
[2025-12-31T15:16:22+08:00][info] [batchApiProcess] 地址 http://127.0.0.1:5069 处理 1 个任务
[2025-12-31T15:16:22+08:00][info] 发送任务{"batch":[{"action":"set_online","user_id":1298,"tdata_path":"\/www\/wwwroot\/tdata.tgbota.top\/public\/uploads\/admin\/202512\/695387359e84b\/8615211864362\/tdata","proxy":"socks5:\/\/user-splmqynpf0-country-jp:9u6virjzTwd1PRZp4=@isp.decodo.com:10059","params":[],"tguser_id":"8278596927","first_name":null,"main_dc_id":5,"auth_key_hex":"407cd086a7f4711ceb11d2ebbd615f6b43566bb0cf4ed18a05d8eab5e2cbd57b295298add3a6b9a2ff8a6337db85ae6aaef70152e829361b435ce94007705adf5cc2ab72317252575cfe643602b316ae39237ab60e53165f18c2bec4509a2bfa06680c6eb3454feee8d836c48f6eca4de784f04d13e4d9d5644bfd1bb729e31d0ab37784f446d7f483557445115d74fc3863a13308bcb06bd490fb4b8c65415b0be072cbf6de425889337c0305326876406a97bea6d23295b30ac70ac91537582d7944af47f7c2b3f448e56bf9a6f23719ae257073a7e99c3f030a41cb7c35d2daaf40f2b223b05325038f5db45379f083fa8a965d399bc40690d87cf32da932","assigned_port":5069,"assigned_host":"127.0.0.1"}]}
[2025-12-31T15:16:22+08:00][info] [callPythonApiAsync] 发送请求到 http://127.0.0.1:5069/telegram_action
[2025-12-31T15:16:22+08:00][info] [batchApiProcess] 地址 http://127.0.0.1:5070 处理 1 个任务
[2025-12-31T15:16:22+08:00][info] 发送任务{"batch":[{"action":"set_online","user_id":1299,"tdata_path":"\/www\/wwwroot\/tdata.tgbota.top\/public\/uploads\/admin\/202512\/695387359e84b\/8615178891147\/tdata","proxy":"socks5:\/\/user-splmqynpf0-country-jp:9u6virjzTwd1PRZp4=@isp.decodo.com:10058","params":[],"tguser_id":"8266403778","first_name":null,"main_dc_id":5,"auth_key_hex":"62524d39a544c838672acff57487053150f9d779dc84d32b08ba84ee71a9689a6bbf8843b0a20b367a6edcd7c8a4264ea969456f50bdc94f3a750c0242c24dd66e08ac5a4645ec55f02bff7525dfdf25f6168079039b6a2afb98f8b3acd45343a373cfb63ce8b9a298b235dd786861dd1342c0e0a2e20cd204154f13608fa51343d6e620713008f1e06a40450d8ad211754bea35c053cb7de6aef590150c8dc6ba667a7144561b6026e945606dbc784ed9f3f4b6052c66e9395af5882ad8a2f6e534a9eb3703d1e576c29701616327b4bf5ce6c6ef2ea4153741a782cdd73ee68d7325c0366b6de4225b23ce79858816dc0fe71cca5664c193f72401f1543398","assigned_port":5070,"assigned_host":"127.0.0.1"}]}
[2025-12-31T15:16:22+08:00][info] [callPythonApiAsync] 发送请求到 http://127.0.0.1:5070/telegram_action
[2025-12-31T15:16:22+08:00][info] [batchApiProcess] 地址 http://127.0.0.1:5071 处理 1 个任务
[2025-12-31T15:16:22+08:00][info] 发送任务{"batch":[{"action":"set_online","user_id":1300,"tdata_path":"\/www\/wwwroot\/tdata.tgbota.top\/public\/uploads\/admin\/202512\/695387359e84b\/8615178824224\/tdata","proxy":"socks5:\/\/user-splmqynpf0-country-jp:9u6virjzTwd1PRZp4=@isp.decodo.com:10057","params":[],"tguser_id":"8390314909","first_name":null,"main_dc_id":5,"auth_key_hex":"40f3befeb1997a8a24cafe769ae28cd7f756e0b1e12e5e11df171b257922e064fff7409783a75946113e6081ad6bc012d7f5ef1d713cdc1c693fa0256b430acd2e337083ba9f414dd4643d81207ef53d1d86218221057dce01ffb3ff7834533797f116bb23cd2e7a76daec46aed25bc96d1c2751ef739454d53af39cf96c98b7ea24dc58f657a8bcd47ba2f3d84eb71ba485a266750a2aed9eab5c558651a0006c4146648bd6730dd04a730156994bcbe9d0fcd4c3cbd69d076d5f56e645a00baa920c5241088c6b235353db93e4680ec7314b8e898b7b35ef0c9b0e8a1495ffd8e314af6c66ec08086a4b4e9d5a74224d781193de5658db04e1818c9bd46602","assigned_port":5071,"assigned_host":"127.0.0.1"}]}
[2025-12-31T15:16:22+08:00][info] [callPythonApiAsync] 发送请求到 http://127.0.0.1:5071/telegram_action
[2025-12-31T15:16:22+08:00][info] [batchApiProcess] 地址 http://127.0.0.1:5072 处理 1 个任务
[2025-12-31T15:16:22+08:00][info] 发送任务{"batch":[{"action":"set_online","user_id":1301,"tdata_path":"\/www\/wwwroot\/tdata.tgbota.top\/public\/uploads\/admin\/202512\/695387359e84b\/8615207128947\/tdata","proxy":"socks5:\/\/user-splmqynpf0-country-jp:9u6virjzTwd1PRZp4=@isp.decodo.com:10056","params":[],"tguser_id":"8272647348","first_name":null,"main_dc_id":5,"auth_key_hex":"75d8bb35d081dd55b2486519b1a8213c59c55cabeb1ef55c99cc1d6a5591590e01ff471ddcf4eb93181befd9d846386c04dbce2847e38ac30e1f9ac24e8b293dddebff185bae00454592ab7cd17d363a33e6bdaa34f02ed34cf08c16a6b02c6547b45a13cce8fa9d629ee237fc1cf49e4ad1f92cd124ef6b1dd7e4cd34643827b596ddce449acde6d78ae4f51f18a38d188e19cdb30d57e091d3f0789721de51868cfa3a3370142222ef681a5201ee99add69408d4b852a4ee70067afdddc00c0aa9276b75bab8c55cd11dd4b222fd2d8d24fe399f755f2dd1892677a484151d2b6874ecc0000cbb4a0074026c291c1a97a2912df3aecbd1b38b31d45463505d","assigned_port":5072,"assigned_host":"127.0.0.1"}]}
[2025-12-31T15:16:22+08:00][info] [callPythonApiAsync] 发送请求到 http://127.0.0.1:5072/telegram_action
[2025-12-31T15:16:22+08:00][info] [batchApiProcess] 地址 http://127.0.0.1:5073 处理 1 个任务
[2025-12-31T15:16:22+08:00][info] 发送任务{"batch":[{"action":"set_online","user_id":1302,"tdata_path":"\/www\/wwwroot\/tdata.tgbota.top\/public\/uploads\/admin\/202512\/695387359e84b\/8615206372691\/tdata","proxy":"socks5:\/\/user-splmqynpf0-country-jp:9u6virjzTwd1PRZp4=@isp.decodo.com:10055","params":[],"tguser_id":"8357985051","first_name":null,"main_dc_id":5,"auth_key_hex":"2a1eb6ed3d53786191a9ecd1ab1be9314d52e158635a95d9102a92455c60ea3723ccaa64d283d81eb0c2af15474a17f6480cda1f63b521e51620a085c533da480afdc08cb1e7c19113d62c1c18f814ea69a46150b8835046cc41d8f78833d70c63300e01803f4c12b710a3b926e36d5d406ed2ce3b004caf328ffa17ac4db4e340670a1686e8745bc554855d37b05cfd7cd6214f155d08ec660adf709bba7ccbb43b3d9d3083a1a7e2049838eac2bb579cdaf829669b3c157ac9663295e2aec430d01eb7cd73cc35037c348c8a3e6c271653bd6f4d7288d69180c934f707dabb2847257b4c1281566aa0a2f9d62b90d2792ad96e2a02a3942ef39d3075f27f91","assigned_port":5073,"assigned_host":"127.0.0.1"}]}
[2025-12-31T15:16:22+08:00][info] [callPythonApiAsync] 发送请求到 http://127.0.0.1:5073/telegram_action
[2025-12-31T15:16:22+08:00][info] [batchApiProcess] 地址 http://127.0.0.1:5075 处理 1 个任务
[2025-12-31T15:16:22+08:00][info] 发送任务{"batch":[{"action":"set_online","user_id":1304,"tdata_path":"\/www\/wwwroot\/tdata.tgbota.top\/public\/uploads\/admin\/202512\/695387359e84b\/8615178808607\/tdata","proxy":"socks5:\/\/user-splmqynpf0-country-jp:9u6virjzTwd1PRZp4=@isp.decodo.com:10053","params":[],"tguser_id":"8264781163","first_name":null,"main_dc_id":5,"auth_key_hex":"37d47a506fcee76f7729d9816697541db9bb9bb50876d6800feeb0836d52560c53aadcfe75c5e8c7d4ef41add792a2178d6f6bbd5ea66bc5771fee4b067d384a7c53f2ab9e615ab7555443d392e935655c2e4d888d195ddd6795358fffc4b5801f1b866d926f965bfcc5056af6df8ec13a5d472bdebe8841f918c1bc3b0e9fc1283003d0951dfcbe9244f705be21f5188aecb85393f511dd1edb2f06f218c49dcaa02da323081761e72597d3b4545e6474a85e2f466d4b828cfab77f51d7deef64f67eeadb563137458eb208639c337fe444a84fdac684dfabbe74cc4c6057af4ba5dcaffa3545a8d34cc7d169b65ff4734a0160fd9f8028c1c1bf0e2198352d","assigned_port":5075,"assigned_host":"127.0.0.1"}]}
[2025-12-31T15:16:22+08:00][info] [callPythonApiAsync] 发送请求到 http://127.0.0.1:5075/telegram_action
[2025-12-31T15:16:22+08:00][info] [batchApiProcess] 地址 http://127.0.0.1:5076 处理 1 个任务
[2025-12-31T15:16:22+08:00][info] 发送任务{"batch":[{"action":"set_online","user_id":1305,"tdata_path":"\/www\/wwwroot\/tdata.tgbota.top\/public\/uploads\/admin\/202512\/695387359e84b\/8615178790743\/tdata","proxy":"socks5:\/\/user-splmqynpf0-country-jp:9u6virjzTwd1PRZp4=@isp.decodo.com:10052","params":[],"tguser_id":"8414466676","first_name":null,"main_dc_id":5,"auth_key_hex":"b957fdb518b1c02bea73c04b62049309d3b341ac2cc5308a6567555e755cc0e7d5e25a93cefb53619dfcb9c588193ebc72956bcf683d1710ed7cc643acc915f1d817febdd585ed8cc12706260a5a5e6c4ed4fdafea925f3d63d32a47ad04b1fc339e63aaed7519a6dccfaccb327c60e2517d73b3100573803ea01f46cc101df394e6d1090a0ef7e1c3e9802b6c8e3900b6f65d9263595e2d5a91f71a885a97f09a22f15523c66c8d0a30d8dfabe802c3c9e57a7fc673a5273c5f81ad613689cdc42103e7930e9d765b8816da22894c1d59b6f072f44079728bec8d9c765d40fd276e9b2c42dc535b9b947b85b5bdbbb0a18b053382d00c1843f8ba4d75d50f62","assigned_port":5076,"assigned_host":"127.0.0.1"}]}
[2025-12-31T15:16:22+08:00][info] [callPythonApiAsync] 发送请求到 http://127.0.0.1:5076/telegram_action
[2025-12-31T15:16:22+08:00][info] [batchApiProcess] 地址 http://127.0.0.1:5078 处理 1 个任务
[2025-12-31T15:16:22+08:00][info] 发送任务{"batch":[{"action":"set_online","user_id":1307,"tdata_path":"\/www\/wwwroot\/tdata.tgbota.top\/public\/uploads\/admin\/202512\/695387359e84b\/8615178816771\/tdata","proxy":"socks5:\/\/user-splmqynpf0-country-jp:9u6virjzTwd1PRZp4=@isp.decodo.com:10050","params":[],"tguser_id":"8204763002","first_name":null,"main_dc_id":5,"auth_key_hex":"c1b49c08522e5cb8cd80bba616e3501a6d47241b423d36a51ecdf8e913c63bdd50c3cfde408194c0928955fc897907387eb5849ffdc336c530ac2aab77705becd22b6ab056c04c457d895652ff71eabb27b235b0173c09109bf57951123f842b214df0be8e8c6cf876bc0182d100dc8250b8aad8992e5d6b10ed8b9151b823c71c0d94dbb6d991c8e261f2403133e4452a45b8df7b808421be9d676b4c10c10d3dd2cd7c8734730e7ca2d813d2f4d3e91f6b810afad009844659afc0b960d0b5bed9a721909ae6f1e7f6043219748a02e4bc98655bd8eab3faa3455991d1cba7534af62f399eeb78688074bc4854c2d23d62819048abd97e5ab0adcc6e0255c8","assigned_port":5078,"assigned_host":"127.0.0.1"}]}
[2025-12-31T15:16:22+08:00][info] [callPythonApiAsync] 发送请求到 http://127.0.0.1:5078/telegram_action
[2025-12-31T15:16:22+08:00][info] [batchApiProcess] 地址 http://127.0.0.1:5079 处理 1 个任务
[2025-12-31T15:16:22+08:00][info] 发送任务{"batch":[{"action":"set_online","user_id":1308,"tdata_path":"\/www\/wwwroot\/tdata.tgbota.top\/public\/uploads\/admin\/202512\/695387359e84b\/8615178798914\/tdata","proxy":"socks5:\/\/user-splmqynpf0-country-jp:9u6virjzTwd1PRZp4=@isp.decodo.com:10049","params":[],"tguser_id":"7917902005","first_name":null,"main_dc_id":5,"auth_key_hex":"02f123ffeb9a3aa8a9483cb0dc19a8e5cc518542624d546753c16aa9fb9c41411d522cfe0408ff4ed21de865ba7261f721783ab222d890d109dcad753dae74cc61c54cfa860c6127b4bf5a279121c0c6fd694aa8a375d7e0234c4dadd27487fd5a5cd48e1f680bb261f3db1fa7f42750a23d31dc799125fd0ad2fab26cf69d679c87923f4105cd616d76432f87d28c0b0929d7f0d568b708e4eb8468e79c67789c32acbcf4eac05d3d21e60c81b68a405a0b463efde61480b3d7a588d4d5e93d218e45c4a8038251b39e882107051d627daea2ce8a2374adf4745fcc428e6761cae99f0339ab7f78194fb4069933937fb119a9d77e8dba90601d67e6fa072ece","assigned_port":5079,"assigned_host":"127.0.0.1"}]}
[2025-12-31T15:16:22+08:00][info] [callPythonApiAsync] 发送请求到 http://127.0.0.1:5079/telegram_action
[2025-12-31T15:16:22+08:00][info] [batchApiProcess] 地址 http://127.0.0.1:5081 处理 1 个任务
[2025-12-31T15:16:22+08:00][info] 发送任务{"batch":[{"action":"set_online","user_id":1310,"tdata_path":"\/www\/wwwroot\/tdata.tgbota.top\/public\/uploads\/admin\/202512\/695387359e84b\/8615178866714\/tdata","proxy":"socks5:\/\/user-splmqynpf0-country-jp:9u6virjzTwd1PRZp4=@isp.decodo.com:10047","params":[],"tguser_id":"8163853542","first_name":null,"main_dc_id":5,"auth_key_hex":"605313c05689c4706975606caf5948e55cbab5558202d591e5207c2a05d772d775c8787446db2ef1034f8ea4b2085fc2d381a8040dfe20791906ff106b16d2f7cf56c78d59b9b7614778def66ca221a8fdd56992f19d68dcdfc0898de0477c2896d5f8633d13bf2c6a837894b0abfd5607ac4f09687b369af7f993efe84700472ccedde1f4f1ba9cb9403d19eab3180fa83d8b02898f5222d35c28d231befc44cb79684260174822999aa45e578e33c42f715349a35001ada96d992ca76563fed2431e60559303b8c93528628cba8dad28558d035d662bd04bb4e0e16c87a531a6a8aa82123caf5e918d885f963fa397ea40287d01231ee3bff2eba669df3064","assigned_port":5081,"assigned_host":"127.0.0.1"}]}
[2025-12-31T15:16:22+08:00][info] [callPythonApiAsync] 发送请求到 http://127.0.0.1:5081/telegram_action
[2025-12-31T15:16:22+08:00][info] [batchApiProcess] 地址 http://127.0.0.1:5082 处理 1 个任务
[2025-12-31T15:16:22+08:00][info] 发送任务{"batch":[{"action":"set_online","user_id":1311,"tdata_path":"\/www\/wwwroot\/tdata.tgbota.top\/public\/uploads\/admin\/202512\/695387359e84b\/8615207292247\/tdata","proxy":"socks5:\/\/user-splmqynpf0-country-jp:9u6virjzTwd1PRZp4=@isp.decodo.com:10046","params":[],"tguser_id":"8435107567","first_name":null,"main_dc_id":5,"auth_key_hex":"9dda2a20b6bde7e3ceb30b9dd40e5c652bf22ac9b45167201f09f31af0f7eae86f3da0a1742e4ec98839ba82ec103dd4cf086b9be63f1f6c3a2926c03d6e47e04c112b15761a4ca0bd2ae133c408cc312c759f76424ef6c0185a3a890e42eadfb8981f340ddf216b587dc09b031ab56199d02dc67ad325a34303a8c928dde97d9d2d331752eaf431bae25c1127795113ca996d43e5b861af059c91e9dc5db039941e3f68304fd358626febac8539ea20ca387b5d905af195e7f162badea47658cc5409a1558498287afb0680ab2c457c22ed4c15e4a7e8e9297e8ceba124141636c15085c06a61acb0cfea2268bf5b5efd6d2e97c683e5dbdb61f9df5e121328","assigned_port":5082,"assigned_host":"127.0.0.1"}]}
[2025-12-31T15:16:22+08:00][info] [callPythonApiAsync] 发送请求到 http://127.0.0.1:5082/telegram_action
[2025-12-31T15:16:22+08:00][info] [batchApiProcess] 地址 http://127.0.0.1:5083 处理 1 个任务
[2025-12-31T15:16:22+08:00][info] 发送任务{"batch":[{"action":"set_online","user_id":1312,"tdata_path":"\/www\/wwwroot\/tdata.tgbota.top\/public\/uploads\/admin\/202512\/695387359e84b\/8615211864107\/tdata","proxy":"socks5:\/\/user-splmqynpf0-country-jp:9u6virjzTwd1PRZp4=@isp.decodo.com:10045","params":[],"tguser_id":"8175983174","first_name":null,"main_dc_id":5,"auth_key_hex":"080cf014bcd3a55e271c55102a8e49e182053aeb0c9786cfb9f65ae9a8f45a3dd137500647ea38f42c76721d10a13faecf222956f51596d8a7d78e196da924075160ab0407e5672f24f97595f03d03bc2200518f8a296266b1aae7d7b56a2f67dee4bb8b04eef7ba182ad60b93c111b98c6992b70f1769860ae47abd41ac02ca7473e3a4760ea96ee23e36e80491e56f68d96b9536469a6fdc9012d06358508aff8e39e9e6b80bdab6ed29900183d64bfef4738f067b611aa82f3c4cadb8ae0fc633171e7752244e73f95a45a7fad63f44c6011c56ca065e2d8a8cf17be46ba491d9c972f84cc296183c21d16f5c34ba3336e2e3491a0be4cb9c904d012d95cb","assigned_port":5083,"assigned_host":"127.0.0.1"}]}
[2025-12-31T15:16:22+08:00][info] [callPythonApiAsync] 发送请求到 http://127.0.0.1:5083/telegram_action
[2025-12-31T15:16:22+08:00][info] [batchApiProcess] 地址 http://127.0.0.1:5084 处理 1 个任务
[2025-12-31T15:16:22+08:00][info] 发送任务{"batch":[{"action":"set_online","user_id":1313,"tdata_path":"\/www\/wwwroot\/tdata.tgbota.top\/public\/uploads\/admin\/202512\/695387359e84b\/8615178821496\/tdata","proxy":"socks5:\/\/user-splmqynpf0-country-jp:9u6virjzTwd1PRZp4=@isp.decodo.com:10044","params":[],"tguser_id":"8494571793","first_name":null,"main_dc_id":5,"auth_key_hex":"a8ddfaf3584a505adb67b8d5a754356bcd2e85cde9c367a8bd31705bc1fcd147c57b5a5c904301555de4b8b123d425c968ad783d6c4b766f9a1b32c86d5347c54caf448dd1a353a7045d9904646f661fa81234b5911e85bc37c1bb84ec0e3293dc09c83cd2a1f522c2c76ae51f5632c6ec6c0717fbada52b08bd193c7645406165110b8d70835320d3bf9db5c915f8f4b45b09dc64547f4bc3d53adff56e18bdfc9e9ebed6cfe6ba5698839bc5b1a65ab2bcb42d0e7f1ed6530580667470a6a59833b7ae70289d71fd7a7a43e21a23778e6a0b5025261a6e5ab49251f5cbc19d9dc06b07204a5ae5948ae88dd5a396bdc6af6886888ceef1a7d5641a17f15bc4","assigned_port":5084,"assigned_host":"127.0.0.1"}]}
[2025-12-31T15:16:22+08:00][info] [callPythonApiAsync] 发送请求到 http://127.0.0.1:5084/telegram_action
[2025-12-31T15:16:22+08:00][info] [batchApiProcess] 地址 http://127.0.0.1:5085 处理 1 个任务
[2025-12-31T15:16:22+08:00][info] 发送任务{"batch":[{"action":"set_online","user_id":1314,"tdata_path":"\/www\/wwwroot\/tdata.tgbota.top\/public\/uploads\/admin\/202512\/695387359e84b\/8615178780421\/tdata","proxy":"socks5:\/\/user-splmqynpf0-country-jp:9u6virjzTwd1PRZp4=@isp.decodo.com:10043","params":[],"tguser_id":"8035424204","first_name":null,"main_dc_id":5,"auth_key_hex":"5a06bcbf5afadebaef892565dc7e1f32d395967b8f54dd6e7ed24bdee27799df14c8eee702007d5db93531fe7e70ac5b294ded90b8770ddf558fcf4cb55716ae7075ebfeedf75154834b93e365ea0ff922ea77eaebafd3e060f613fd6080c803dff91065c207cdc8de27bf5cf0edda0a130713ceb438d0bca2ffba75a21f8c0b723a7d409deb551894498290f5af1004f1a46efcb689d2b082e9d383e9f0ec9f8154790a1f2ad7e23f4bc4482a7b223dd6930f4d3d9626c0e3ed97c287ca001b0ffd0f0fa39c29ed0e5a0a1f266eb27ad0a769f11c2c3574a797596a5755b4cc9aceb4084598b45657fe645ef5c5b583e44a94639cc628dbde440191b50cd684","assigned_port":5085,"assigned_host":"127.0.0.1"}]}
[2025-12-31T15:16:22+08:00][info] [callPythonApiAsync] 发送请求到 http://127.0.0.1:5085/telegram_action
[2025-12-31T15:16:22+08:00][info] [batchApiProcess] 地址 http://127.0.0.1:5087 处理 1 个任务
[2025-12-31T15:16:22+08:00][info] 发送任务{"batch":[{"action":"set_online","user_id":1316,"tdata_path":"\/www\/wwwroot\/tdata.tgbota.top\/public\/uploads\/admin\/202512\/695387359e84b\/8615211853935\/tdata","proxy":"socks5:\/\/user-splmqynpf0-country-jp:9u6virjzTwd1PRZp4=@isp.decodo.com:10041","params":[],"tguser_id":"8104939574","first_name":null,"main_dc_id":5,"auth_key_hex":"29836be2d1ba23bc3059e23fe99c43c2e1f981bb8b577ba532bdede0968246a417d10a13617c7916910962d4aec9b806346ba132155d65df7745c94f1a79cbdfc1778125fd4198fb640a19c2a5bf134ceeb7977ad888ae87ded3e0a8d1db1944e95a7a7c6727be0fbd6b3e17ec8dd680b96741972ae836102d4410d78fb642ed7b478cb5b3ad09dd7ed10cc47372ec1f15f813fea1d1751881430e0d4c2130b55d653659a460ae62327d8d4ceb4b29b680cf7e9d825b1c3416db0433cbbca590719c8065fce011fd603300ce340c119f96f609a676931f570120d5a29dc75e22aa9304ca09ed17ed7fdfd3d600611ca8f94266769095fa613b183255f72b12b0","assigned_port":5087,"assigned_host":"127.0.0.1"}]}
[2025-12-31T15:16:22+08:00][info] [callPythonApiAsync] 发送请求到 http://127.0.0.1:5087/telegram_action
[2025-12-31T15:16:22+08:00][info] [batchApiProcess] 地址 http://127.0.0.1:5088 处理 1 个任务
[2025-12-31T15:16:22+08:00][info] 发送任务{"batch":[{"action":"set_online","user_id":1317,"tdata_path":"\/www\/wwwroot\/tdata.tgbota.top\/public\/uploads\/admin\/202512\/695387359e84b\/8615213101091\/tdata","proxy":"socks5:\/\/user-splmqynpf0-country-jp:9u6virjzTwd1PRZp4=@isp.decodo.com:10040","params":[],"tguser_id":"8422558220","first_name":null,"main_dc_id":5,"auth_key_hex":"6239b56acc5e2e759e6bc2ce6eed9ea7f62d0750f74b5687a06edcaf95b1017050b30d45ca0f5d6cda7eab40e2085cd1b14e6fd0ecb7b9484b3d694b748abb1034f6e255aa4999dd6912f26390e29d752d5773351147da6c803b2e6e0fad31d794c4a1256abe213138e6cc12230afa93c683287908f902d5a8639a857fec735d11f8fb7deac9e812054efc9432c0bb9230f4c281e2c7fed608bf73cf10afc546aa48f8dfbf41264276495e282bd313d480d641d2569035b895da582e7e7029c650d90af109d48b6a531591a5f5b28c8e080c1f0664cd7bb59bad39c4f2b8431fccf4a4bd531fc4c65f6a751f61d538868d7cc96fa806729b4adaf7153f16e6a0","assigned_port":5088,"assigned_host":"127.0.0.1"}]}
[2025-12-31T15:16:22+08:00][info] [callPythonApiAsync] 发送请求到 http://127.0.0.1:5088/telegram_action
[2025-12-31T15:16:22+08:00][info] [batchApiProcess] 地址 http://127.0.0.1:5089 处理 1 个任务
[2025-12-31T15:16:22+08:00][info] 发送任务{"batch":[{"action":"set_online","user_id":1318,"tdata_path":"\/www\/wwwroot\/tdata.tgbota.top\/public\/uploads\/admin\/202512\/695387359e84b\/8615213118740\/tdata","proxy":"socks5:\/\/user-splmqynpf0-country-jp:9u6virjzTwd1PRZp4=@isp.decodo.com:10039","params":[],"tguser_id":"8464297372","first_name":null,"main_dc_id":5,"auth_key_hex":"6c477e2ed1004fb20f17874cc769868258a93b68cfef86a18b445f5d362405a1f4561f779eb0bd7b03e61eb3d5b57bf967963d024144ba357f381a4074925b5b70d46592d095913a1dfad71bf6c8e2938deb1949aec714a5db2ca722d159e5a5eff3f36414c3cc4cbf5e3fc9c1284860b402b292b0d766119938b539a314106de23656930025e8f146f980a3df77cd8831fd8e516371a7abb6f066d3a21245679a8d6bdec1b538002ae6566c38d9e29a2494df5896f4dfa7d573b60a2e516d65c222e6d2a11c760aee1c01671a7e5f5ca571e10b6a42311517c5c871ed9adbce3b64c52f646eed08325201aef11136591d3a7c80b7f3fdb10351a5d0fdc1fc09","assigned_port":5089,"assigned_host":"127.0.0.1"}]}
[2025-12-31T15:16:22+08:00][info] [callPythonApiAsync] 发送请求到 http://127.0.0.1:5089/telegram_action
[2025-12-31T15:16:22+08:00][info] [batchApiProcess] 地址 http://127.0.0.1:5090 处理 1 个任务
[2025-12-31T15:16:22+08:00][info] 发送任务{"batch":[{"action":"set_online","user_id":1319,"tdata_path":"\/www\/wwwroot\/tdata.tgbota.top\/public\/uploads\/admin\/202512\/695387359e84b\/8615178816190\/tdata","proxy":"socks5:\/\/user-splmqynpf0-country-jp:9u6virjzTwd1PRZp4=@isp.decodo.com:10038","params":[],"tguser_id":"8096792614","first_name":null,"main_dc_id":5,"auth_key_hex":"804ab03c4e0d76d97b0e58ff626f33084e2e15e5e8bfa536a4c080b2776aff80a4debe0ddd06c7e924a2fd95b829ce3daa7cfdb5e14a77758d579f472d161d8da784ed14208e772cd13d847eaacadf5c319a7601a801391bc4014aeac6433872926ceb5f21a507d67e262831091ef973dfe7adb6d1299939a942e7ad0cf4099287f0b5567b96754084ac2e0f78aa6a6b92f5efa7b7140691ef4c5ae4eb4b141426a54db39cd218aa0ba15c4aa180e1d7d441137d0b24d9705d0ed887da51b81fd8340cac39729cda108f4e54aae394fa733b1463e64dedc97f931d2870aac6ccde2f7fd7cfcc265111ded223f0dcbc16a3fc65114adbedec32f5b560e6f81ace","assigned_port":5090,"assigned_host":"127.0.0.1"}]}
[2025-12-31T15:16:22+08:00][info] [callPythonApiAsync] 发送请求到 http://127.0.0.1:5090/telegram_action
[2025-12-31T15:16:22+08:00][info] [batchApiProcess] 地址 http://127.0.0.1:5091 处理 1 个任务
[2025-12-31T15:16:22+08:00][info] 发送任务{"batch":[{"action":"set_online","user_id":1320,"tdata_path":"\/www\/wwwroot\/tdata.tgbota.top\/public\/uploads\/admin\/202512\/695387359e84b\/8615178867814\/tdata","proxy":"socks5:\/\/user-splmqynpf0-country-jp:9u6virjzTwd1PRZp4=@isp.decodo.com:10037","params":[],"tguser_id":"8276319913","first_name":null,"main_dc_id":5,"auth_key_hex":"202dc7f631c36b6348191918570d852ba5690452ffee203917c45b5e15d1fe09f37accc500959b30a01412639f6e8f6eda20dd27f8450909ca3d7c7ae8f424071392c0804cab5cc3abf8d46b5e6767669f757d6bc543c1694a2a6b2e2e08a7bc7e12cc26a3c78687472ea4c81d0dd2b13d7231190d82c48a9dca37c19814ca8aa40b6b65e78ba7de8476f9a2cb499d3c3a8cf227be776b4980d1ed75c5762861e5eac6e7ccac8f070b228295391e66b1bcc9d0217b19448817978a7007c2bcce6c5c099f87ed38ff0b8d6d2e1d73566f4bc19e2ad87a57b721fe57b58b23698e861cacbd2fc4e25138bb540bbac53d82f2c3d6b9ff2764d193da76aafc2c76e7","assigned_port":5091,"assigned_host":"127.0.0.1"}]}
[2025-12-31T15:16:22+08:00][info] [callPythonApiAsync] 发送请求到 http://127.0.0.1:5091/telegram_action
[2025-12-31T15:16:22+08:00][info] [batchApiProcess] 地址 http://127.0.0.1:5093 处理 1 个任务
[2025-12-31T15:16:22+08:00][info] 发送任务{"batch":[{"action":"set_online","user_id":1322,"tdata_path":"\/www\/wwwroot\/tdata.tgbota.top\/public\/uploads\/admin\/202512\/695387359e84b\/8615193191467\/tdata","proxy":"socks5:\/\/user-splmqynpf0-country-jp:9u6virjzTwd1PRZp4=@isp.decodo.com:10035","params":[],"tguser_id":"8392688721","first_name":null,"main_dc_id":5,"auth_key_hex":"08fc5ae34506ad4b2cb63c7f1a0d5881a9233282882d183588bae245bd87a2a05637b3734b18a8577f6d874cd47ed3a285ed0243fb6a1914f2b9ba12c6510d9ea27c853f165c3377a93e9633eb861cb1a7e443b4fbfc652dd795fcb52a02330389e59072d4ff79a6d634b162e14ca28fa665ed8d5f5b3116cffd78c43bee9ef7ae7f80157bba06cf4617a4e4a6a82cc2bec35c21e19ed51f29d86f39445ff44f44eebeacdd566ef82b3b88577e612ae610bb82794212043d2ab567cee1a9c0e5be729a5ade24d3f1657bc1e0341d45a68eef7e7667ca5631f94a622e85f0691584d6077b443e63b2eab4e12bd80ec03c8e008d3a7bac89f5708762e4fa608d1e","assigned_port":5093,"assigned_host":"127.0.0.1"}]}
[2025-12-31T15:16:22+08:00][info] [callPythonApiAsync] 发送请求到 http://127.0.0.1:5093/telegram_action
[2025-12-31T15:16:22+08:00][info] [batchApiProcess] 地址 http://127.0.0.1:5095 处理 1 个任务
[2025-12-31T15:16:22+08:00][info] 发送任务{"batch":[{"action":"set_online","user_id":1324,"tdata_path":"\/www\/wwwroot\/tdata.tgbota.top\/public\/uploads\/admin\/202512\/695387359e84b\/8615178865290\/tdata","proxy":"socks5:\/\/user-splmqynpf0-country-jp:9u6virjzTwd1PRZp4=@isp.decodo.com:10033","params":[],"tguser_id":"8447268219","first_name":null,"main_dc_id":5,"auth_key_hex":"94cbd61f554e1d62a468310a5960f7d488a2813426b1b2029c3fa3c94d9e973eb4eb261ffab8f8e4dc797cbb9be9f65862cddc1f8c2e05eb1bf6528421cf8285d20a7fd1482da19d7b028a84908c7db8c5f7d2075eaacf5294baed583a87bb5a7140fb376e9034d13795bc323705b54e2b66253b30effeeee2168e477de433c6dadc42946b0bcb46dd6891c08bd9389f7d8a8fba9013b176a6453114be8b132674434747b819155ef013a36b6cf9da3fa106d883b44e1ad862dea0e71f1811ee155ef17027298442c18cd3a4ee61cea17dd51a784ff1191f99c676b5ceeada20309f60f0ef9f661154b58d2f6e4bdcde509cda6ae41fedd2bd8c898d5ab2fbfe","assigned_port":5095,"assigned_host":"127.0.0.1"}]}
[2025-12-31T15:16:22+08:00][info] [callPythonApiAsync] 发送请求到 http://127.0.0.1:5095/telegram_action
[2025-12-31T15:16:22+08:00][info] [batchApiProcess] 地址 http://127.0.0.1:5096 处理 1 个任务
[2025-12-31T15:16:22+08:00][info] 发送任务{"batch":[{"action":"set_online","user_id":1325,"tdata_path":"\/www\/wwwroot\/tdata.tgbota.top\/public\/uploads\/admin\/202512\/695387359e84b\/8615213150287\/tdata","proxy":"socks5:\/\/user-splmqynpf0-country-jp:9u6virjzTwd1PRZp4=@isp.decodo.com:10032","params":[],"tguser_id":"8351771927","first_name":null,"main_dc_id":5,"auth_key_hex":"63b9d000c8bce18991b85cad26deb36a57289105cf10b89781d52ea75c84307ec909f91ee258d41da1ea002728ec620428293fa541cfad5dccf5d234d31d97002673547daf9e96db4f3f42564741fe0b4e3b6a158e6453a0468e07b91c379e214cf47fa8fdd6c8470e45eecc72d8ab40a7e2cc0cb025c630d1136050b310308510b9a7c57fb24e5d94becd5dd2bafd46d5c533907738ca972dfadb02bb43b63198d3a22526b1a66990f478ad8f3afe9efae0c7d3c7682487e5d9a1bbde00c774ad2d781f0a4ef0946f6ab420d8e71f712cf4952693909e1014382ef9dd1281e9293e70a88dc8c599ee7710840dcf08460e9889702503679b2ea1a7910c9039f7","assigned_port":5096,"assigned_host":"127.0.0.1"}]}
[2025-12-31T15:16:22+08:00][info] [callPythonApiAsync] 发送请求到 http://127.0.0.1:5096/telegram_action
[2025-12-31T15:16:22+08:00][info] [batchApiProcess] 地址 http://127.0.0.1:5097 处理 1 个任务
[2025-12-31T15:16:22+08:00][info] 发送任务{"batch":[{"action":"set_online","user_id":1326,"tdata_path":"\/www\/wwwroot\/tdata.tgbota.top\/public\/uploads\/admin\/202512\/695387359e84b\/8615211854929\/tdata","proxy":"socks5:\/\/user-splmqynpf0-country-jp:9u6virjzTwd1PRZp4=@isp.decodo.com:10031","params":[],"tguser_id":"8309483279","first_name":null,"main_dc_id":5,"auth_key_hex":"62b81d5adcd831cf4db89f120a033bbf67be45818b33026b8039736570e8b9b836c3146b7c9c7ad5454c836be8454043581ca992057667e3472637f1998c457ab0656d51b72118a4607f0715728f0d7cc15a2bfb8356170025160cd9675935decd024fc21823e766bdb2570e1ddb8bfda110dd162745dcede622d916d46f8bf83d9fa5c2d2448122c6395e0f5f77e112f90152d41f317144edbfce2b0c45175cae79f1a5cfadd3219e1060ab00673168e921c89e6d2ffdfc895dd1de2c2f00c66e888d2370b7f9c700dd15fed17df9c168dd26825f8dd6b8d9c1364ca0c9d2084c30dea202c37675c25c90c6722261a7aeb9d12e8b294506c3e5683477c43255","assigned_port":5097,"assigned_host":"127.0.0.1"}]}
[2025-12-31T15:16:22+08:00][info] [callPythonApiAsync] 发送请求到 http://127.0.0.1:5097/telegram_action
[2025-12-31T15:16:25+08:00][error] 错误信息:controller not exists:app\controller\Hiddenbin
[2025-12-31T15:16:26+08:00][info] [callPythonApiAsync] 的值：{"status":true,"message":"\u6279\u91cf\u4efb\u52a1\u5b8c\u6210","data":[{"status":false,"message":"\u590d\u7528\u5df2\u6709\u5ba2\u6237\u7aef\uff0c\u5df2\u5904\u4e8e\u5728\u7ebf\u72b6\u6001","data":{"account_status":"\u51bb\u7ed3","account_status_desc":"\u8d26\u53f7\u88abTelegram\u5b98\u65b9\u51bb\u7ed3: The account was frozen"},"account_info":{"account_id":"0","phone":"","result":{"session_path":"\/www\/wwwroot\/tdata.tgbota.top\/public\/uploads\/admin\/202512\/6952870fadb7f\/85297408028\/tdata\/temp_8421226027.session","verification_result":{"success":true,"user_id":8421226027,"username":null,"nickname":"Tony Davin","phone":"85297408028","country":"\u9999\u6e2f","status_info":{"type":"UserStatusOffline","is_online":false,"was_online":1763884176},"is_authorized":true,"account_status":"\u6b63\u5e38","account_status_desc":"\u8d26\u53f7\u72b6\u6001\u6b63\u5e38","session_file":"\/www\/wwwroot\/tdata.tgbota.top\/public\/uploads\/admin\/202512\/6952870fadb7f\/85297408028\/tdata\/temp_8421226027.session","client":null}},"error":""},"task_id":0,"mt_id":1167}]}
[2025-12-31T15:16:26+08:00][info] [callPythonApiAsync] 地址 http://127.0.0.1:5033 响应成功
[2025-12-31T15:16:26+08:00][info] [callPythonApiAsync] 的值：{"status":true,"message":"\u6279\u91cf\u4efb\u52a1\u5b8c\u6210","data":[{"status":false,"message":"\u590d\u7528\u5df2\u6709\u5ba2\u6237\u7aef\uff0c\u5df2\u5904\u4e8e\u5728\u7ebf\u72b6\u6001","data":{"account_status":"\u51bb\u7ed3","account_status_desc":"\u8d26\u53f7\u88abTelegram\u5b98\u65b9\u51bb\u7ed3: The account was frozen"},"account_info":{"account_id":"0","phone":"","result":{"session_path":"\/www\/wwwroot\/tdata.tgbota.top\/public\/uploads\/admin\/202512\/6952870fadb7f\/85296750973\/tdata\/temp_8446284331.session","verification_result":{"success":true,"user_id":8446284331,"username":null,"nickname":"Rebellious Prosperous","phone":"85296750973","country":"\u9999\u6e2f","status_info":{"type":"UserStatusOffline","is_online":false,"was_online":1763884170},"is_authorized":true,"account_status":"\u6b63\u5e38","account_status_desc":"\u8d26\u53f7\u72b6\u6001\u6b63\u5e38","session_file":"\/www\/wwwroot\/tdata.tgbota.top\/public\/uploads\/admin\/202512\/6952870fadb7f\/85296750973\/tdata\/temp_8446284331.session","client":null}},"error":""},"task_id":0,"mt_id":1081}]}
[2025-12-31T15:16:26+08:00][info] [callPythonApiAsync] 地址 http://127.0.0.1:5042 响应成功
[2025-12-31T15:16:26+08:00][info] [callPythonApiAsync] 的值：{"status":true,"message":"\u6279\u91cf\u4efb\u52a1\u5b8c\u6210","data":[{"status":false,"message":"\u590d\u7528\u5df2\u6709\u5ba2\u6237\u7aef\uff0c\u5df2\u5904\u4e8e\u5728\u7ebf\u72b6\u6001","data":{"account_status":"\u51bb\u7ed3","account_status_desc":"\u8d26\u53f7\u88abTelegram\u5b98\u65b9\u51bb\u7ed3: The account was frozen"},"account_info":{"account_id":"0","phone":"","result":{"session_path":"\/www\/wwwroot\/tdata.tgbota.top\/public\/uploads\/admin\/202512\/6952870fadb7f\/85298387635\/tdata\/temp_8456250779.session","verification_result":{"success":true,"user_id":8456250779,"username":null,"nickname":"Black Tabitha","phone":"85298387635","country":"\u9999\u6e2f","status_info":{"type":"UserStatusOffline","is_online":false,"was_online":1763884245},"is_authorized":true,"account_status":"\u6b63\u5e38","account_status_desc":"\u8d26\u53f7\u72b6\u6001\u6b63\u5e38","session_file":"\/www\/wwwroot\/tdata.tgbota.top\/public\/uploads\/admin\/202512\/6952870fadb7f\/85298387635\/tdata\/temp_8456250779.session","client":null}},"error":""},"task_id":0,"mt_id":1175}]}
[2025-12-31T15:16:26+08:00][info] [callPythonApiAsync] 地址 http://127.0.0.1:5041 响应成功
[2025-12-31T15:16:26+08:00][info] [callPythonApiAsync] 的值：{"status":true,"message":"\u6279\u91cf\u4efb\u52a1\u5b8c\u6210","data":[{"status":false,"message":"\u590d\u7528\u5df2\u6709\u5ba2\u6237\u7aef\uff0c\u5df2\u5904\u4e8e\u5728\u7ebf\u72b6\u6001","data":{"account_status":"\u51bb\u7ed3","account_status_desc":"\u8d26\u53f7\u88abTelegram\u5b98\u65b9\u51bb\u7ed3: The account was frozen"},"account_info":{"account_id":"0","phone":"","result":{"session_path":"\/www\/wwwroot\/tdata.tgbota.top\/public\/uploads\/admin\/202512\/6952870fadb7f\/85247158958\/tdata\/temp_8400619507.session","verification_result":{"success":true,"user_id":8400619507,"username":null,"nickname":"Zachariah Mary","phone":"85247158958","country":"\u9999\u6e2f","status_info":{"type":"UserStatusOffline","is_online":false,"was_online":1764245729},"is_authorized":true,"account_status":"\u6b63\u5e38","account_status_desc":"\u8d26\u53f7\u72b6\u6001\u6b63\u5e38","session_file":"\/www\/wwwroot\/tdata.tgbota.top\/public\/uploads\/admin\/202512\/6952870fadb7f\/85247158958\/tdata\/temp_8400619507.session","client":null}},"error":""},"task_id":0,"mt_id":1079}]}
[2025-12-31T15:16:26+08:00][info] [callPythonApiAsync] 地址 http://127.0.0.1:5040 响应成功
[2025-12-31T15:16:27+08:00][info] [callPythonApiAsync] 的值：{"status":true,"message":"\u6279\u91cf\u4efb\u52a1\u5b8c\u6210","data":[{"status":false,"message":"\u590d\u7528\u5df2\u6709\u5ba2\u6237\u7aef\uff0c\u5df2\u5904\u4e8e\u5728\u7ebf\u72b6\u6001","data":{"account_status":"\u51bb\u7ed3","account_status_desc":"\u8d26\u53f7\u88abTelegram\u5b98\u65b9\u51bb\u7ed3: The account was frozen"},"account_info":{"account_id":"0","phone":"","result":{"session_path":"\/www\/wwwroot\/tdata.tgbota.top\/public\/uploads\/admin\/202512\/695387359e84b\/8615207292247\/tdata\/temp_8435107567.session","verification_result":{"success":true,"user_id":8435107567,"username":null,"nickname":"Jerry Hester","phone":"8615207292247","country":"\u4e2d\u56fd","status_info":{"type":"UserStatusOffline","is_online":false,"was_online":1766911554},"is_authorized":true,"account_status":"\u6b63\u5e38","account_status_desc":"\u8d26\u53f7\u72b6\u6001\u6b63\u5e38","session_file":"\/www\/wwwroot\/tdata.tgbota.top\/public\/uploads\/admin\/202512\/695387359e84b\/8615207292247\/tdata\/temp_8435107567.session","client":null}},"error":""},"task_id":0,"mt_id":1311}]}
[2025-12-31T15:16:27+08:00][info] [callPythonApiAsync] 地址 http://127.0.0.1:5082 响应成功
[2025-12-31T15:16:27+08:00][info] [callPythonApiAsync] 的值：{"status":true,"message":"\u6279\u91cf\u4efb\u52a1\u5b8c\u6210","data":[{"status":false,"message":"\u590d\u7528\u5df2\u6709\u5ba2\u6237\u7aef\uff0c\u5df2\u5904\u4e8e\u5728\u7ebf\u72b6\u6001","data":{"account_status":"\u51bb\u7ed3","account_status_desc":"\u8d26\u53f7\u88abTelegram\u5b98\u65b9\u51bb\u7ed3: The account was frozen"},"account_info":{"account_id":"0","phone":"","result":{"session_path":"\/www\/wwwroot\/tdata.tgbota.top\/public\/uploads\/admin\/202512\/695387359e84b\/8615178790743\/tdata\/temp_8414466676.session","verification_result":{"success":true,"user_id":8414466676,"username":null,"nickname":"Edmond Byrd","phone":"8615178790743","country":"\u4e2d\u56fd","status_info":{"type":"UserStatusOffline","is_online":false,"was_online":1766911554},"is_authorized":true,"account_status":"\u6b63\u5e38","account_status_desc":"\u8d26\u53f7\u72b6\u6001\u6b63\u5e38","session_file":"\/www\/wwwroot\/tdata.tgbota.top\/public\/uploads\/admin\/202512\/695387359e84b\/8615178790743\/tdata\/temp_8414466676.session","client":null}},"error":""},"task_id":0,"mt_id":1305}]}
[2025-12-31T15:16:27+08:00][info] [callPythonApiAsync] 地址 http://127.0.0.1:5076 响应成功
[2025-12-31T15:16:27+08:00][info] [callPythonApiAsync] 的值：{"status":true,"message":"\u6279\u91cf\u4efb\u52a1\u5b8c\u6210","data":[{"status":true,"message":"\u590d\u7528\u5df2\u6709\u5ba2\u6237\u7aef\uff0c\u5df2\u5904\u4e8e\u5728\u7ebf\u72b6\u6001","data":{"account_status":"\u6b63\u5e38","account_status_desc":"\u767b\u5f55\u6210\u529f"},"account_info":{"account_id":"0","phone":"","result":{"session_path":"\/www\/wwwroot\/tdata.tgbota.top\/public\/uploads\/admin\/202512\/695387359e84b\/8615211853935\/tdata\/temp_8104939574.session","verification_result":{"success":true,"user_id":8104939574,"username":null,"nickname":"James Richards","phone":"8615211853935","country":"\u4e2d\u56fd","status_info":{"type":"UserStatusOffline","is_online":false,"was_online":1766911553},"is_authorized":true,"account_status":"\u6b63\u5e38","account_status_desc":"\u8d26\u53f7\u72b6\u6001\u6b63\u5e38","session_file":"\/www\/wwwroot\/tdata.tgbota.top\/public\/uploads\/admin\/202512\/695387359e84b\/8615211853935\/tdata\/temp_8104939574.session","client":null}},"error":""},"task_id":0,"mt_id":1316}]}
[2025-12-31T15:16:27+08:00][info] [callPythonApiAsync] 地址 http://127.0.0.1:5087 响应成功
[2025-12-31T15:16:27+08:00][info] [callPythonApiAsync] 的值：{"status":true,"message":"\u6279\u91cf\u4efb\u52a1\u5b8c\u6210","data":[{"status":false,"message":"\u590d\u7528\u5df2\u6709\u5ba2\u6237\u7aef\uff0c\u5df2\u5904\u4e8e\u5728\u7ebf\u72b6\u6001","data":{"account_status":"\u51bb\u7ed3","account_status_desc":"\u8d26\u53f7\u88abTelegram\u5b98\u65b9\u51bb\u7ed3: The account was frozen"},"account_info":{"account_id":"0","phone":"","result":{"session_path":"\/www\/wwwroot\/tdata.tgbota.top\/public\/uploads\/admin\/202512\/695387359e84b\/8615178793580\/tdata\/temp_8262353413.session","verification_result":{"success":true,"user_id":8262353413,"username":null,"nickname":"Jill Desrosiers","phone":"8615178793580","country":"\u4e2d\u56fd","status_info":{"type":"UserStatusOffline","is_online":false,"was_online":1766911554},"is_authorized":true,"account_status":"\u6b63\u5e38","account_status_desc":"\u8d26\u53f7\u72b6\u6001\u6b63\u5e38","session_file":"\/www\/wwwroot\/tdata.tgbota.top\/public\/uploads\/admin\/202512\/695387359e84b\/8615178793580\/tdata\/temp_8262353413.session","client":null}},"error":""},"task_id":0,"mt_id":1288}]}
[2025-12-31T15:16:27+08:00][info] [callPythonApiAsync] 地址 http://127.0.0.1:5059 响应成功
[2025-12-31T15:16:27+08:00][info] [callPythonApiAsync] 的值：{"status":true,"message":"\u6279\u91cf\u4efb\u52a1\u5b8c\u6210","data":[{"status":false,"message":"\u590d\u7528\u5df2\u6709\u5ba2\u6237\u7aef\uff0c\u5df2\u5904\u4e8e\u5728\u7ebf\u72b6\u6001","data":{"account_status":"\u51bb\u7ed3","account_status_desc":"\u8d26\u53f7\u88abTelegram\u5b98\u65b9\u51bb\u7ed3: The account was frozen"},"account_info":{"account_id":"0","phone":"","result":{"session_path":"\/www\/wwwroot\/tdata.tgbota.top\/public\/uploads\/admin\/202512\/6952870fadb7f\/85296732357\/tdata\/temp_8247806507.session","verification_result":{"success":true,"user_id":8247806507,"username":null,"nickname":"Trista Nadia","phone":"85296732357","country":"\u9999\u6e2f","status_info":{"type":"UserStatusOffline","is_online":false,"was_online":1763884159},"is_authorized":true,"account_status":"\u6b63\u5e38","account_status_desc":"\u8d26\u53f7\u72b6\u6001\u6b63\u5e38","session_file":"\/www\/wwwroot\/tdata.tgbota.top\/public\/uploads\/admin\/202512\/6952870fadb7f\/85296732357\/tdata\/temp_8247806507.session","client":null}},"error":""},"task_id":0,"mt_id":1147}]}
[2025-12-31T15:16:27+08:00][info] [callPythonApiAsync] 地址 http://127.0.0.1:5013 响应成功
[2025-12-31T15:16:27+08:00][info] [callPythonApiAsync] 的值：{"status":true,"message":"\u6279\u91cf\u4efb\u52a1\u5b8c\u6210","data":[{"status":false,"message":"\u590d\u7528\u5df2\u6709\u5ba2\u6237\u7aef\uff0c\u5df2\u5904\u4e8e\u5728\u7ebf\u72b6\u6001","data":{"account_status":"\u51bb\u7ed3","account_status_desc":"\u8d26\u53f7\u88abTelegram\u5b98\u65b9\u51bb\u7ed3: The account was frozen"},"account_info":{"account_id":"0","phone":"","result":{"session_path":"\/www\/wwwroot\/tdata.tgbota.top\/public\/uploads\/admin\/202512\/695387359e84b\/8615213123724\/tdata\/temp_7770205711.session","verification_result":{"success":true,"user_id":7770205711,"username":null,"nickname":"Jane Skubis","phone":"8615213123724","country":"\u4e2d\u56fd","status_info":{"type":"UserStatusOffline","is_online":false,"was_online":1766911555},"is_authorized":true,"account_status":"\u6b63\u5e38","account_status_desc":"\u8d26\u53f7\u72b6\u6001\u6b63\u5e38","session_file":"\/www\/wwwroot\/tdata.tgbota.top\/public\/uploads\/admin\/202512\/695387359e84b\/8615213123724\/tdata\/temp_7770205711.session","client":null}},"error":""},"task_id":0,"mt_id":1291}]}
[2025-12-31T15:16:27+08:00][info] [callPythonApiAsync] 地址 http://127.0.0.1:5062 响应成功
[2025-12-31T15:16:27+08:00][info] [callPythonApiAsync] 的值：{"status":true,"message":"\u6279\u91cf\u4efb\u52a1\u5b8c\u6210","data":[{"status":false,"message":"\u590d\u7528\u5df2\u6709\u5ba2\u6237\u7aef\uff0c\u5df2\u5904\u4e8e\u5728\u7ebf\u72b6\u6001","data":{"account_status":"\u51bb\u7ed3","account_status_desc":"\u8d26\u53f7\u88abTelegram\u5b98\u65b9\u51bb\u7ed3: The account was frozen"},"account_info":{"account_id":"0","phone":"","result":{"session_path":"\/www\/wwwroot\/tdata.tgbota.top\/public\/uploads\/admin\/202512\/695387359e84b\/8615178816771\/tdata\/temp_8204763002.session","verification_result":{"success":true,"user_id":8204763002,"username":null,"nickname":"Brenda Lisonbee","phone":"8615178816771","country":"\u4e2d\u56fd","status_info":{"type":"UserStatusOffline","is_online":false,"was_online":1766911554},"is_authorized":true,"account_status":"\u6b63\u5e38","account_status_desc":"\u8d26\u53f7\u72b6\u6001\u6b63\u5e38","session_file":"\/www\/wwwroot\/tdata.tgbota.top\/public\/uploads\/admin\/202512\/695387359e84b\/8615178816771\/tdata\/temp_8204763002.session","client":null}},"error":""},"task_id":0,"mt_id":1307}]}
[2025-12-31T15:16:27+08:00][info] [callPythonApiAsync] 地址 http://127.0.0.1:5078 响应成功
[2025-12-31T15:16:27+08:00][info] [callPythonApiAsync] 的值：{"status":true,"message":"\u6279\u91cf\u4efb\u52a1\u5b8c\u6210","data":[{"status":false,"message":"\u590d\u7528\u5df2\u6709\u5ba2\u6237\u7aef\uff0c\u5df2\u5904\u4e8e\u5728\u7ebf\u72b6\u6001","data":{"account_status":"\u51bb\u7ed3","account_status_desc":"\u8d26\u53f7\u88abTelegram\u5b98\u65b9\u51bb\u7ed3: The account was frozen"},"account_info":{"account_id":"0","phone":"","result":{"session_path":"\/www\/wwwroot\/tdata.tgbota.top\/public\/uploads\/admin\/202512\/695387359e84b\/8615178821496\/tdata\/temp_8494571793.session","verification_result":{"success":true,"user_id":8494571793,"username":null,"nickname":"Donald Mclane","phone":"8615178821496","country":"\u4e2d\u56fd","status_info":{"type":"UserStatusOffline","is_online":false,"was_online":1766911554},"is_authorized":true,"account_status":"\u6b63\u5e38","account_status_desc":"\u8d26\u53f7\u72b6\u6001\u6b63\u5e38","session_file":"\/www\/wwwroot\/tdata.tgbota.top\/public\/uploads\/admin\/202512\/695387359e84b\/8615178821496\/tdata\/temp_8494571793.session","client":null}},"error":""},"task_id":0,"mt_id":1313}]}
[2025-12-31T15:16:27+08:00][info] [callPythonApiAsync] 地址 http://127.0.0.1:5084 响应成功
[2025-12-31T15:16:27+08:00][info] [callPythonApiAsync] 的值：{"status":true,"message":"\u6279\u91cf\u4efb\u52a1\u5b8c\u6210","data":[{"status":false,"message":"\u590d\u7528\u5df2\u6709\u5ba2\u6237\u7aef\uff0c\u5df2\u5904\u4e8e\u5728\u7ebf\u72b6\u6001","data":{"account_status":"\u51bb\u7ed3","account_status_desc":"\u8d26\u53f7\u88abTelegram\u5b98\u65b9\u51bb\u7ed3: The account was frozen"},"account_info":{"account_id":"0","phone":"","result":{"session_path":"\/www\/wwwroot\/tdata.tgbota.top\/public\/uploads\/admin\/202512\/695387359e84b\/8615213150287\/tdata\/temp_8351771927.session","verification_result":{"success":true,"user_id":8351771927,"username":null,"nickname":"Eileen Reed","phone":"8615213150287","country":"\u4e2d\u56fd","status_info":{"type":"UserStatusOffline","is_online":false,"was_online":1766911553},"is_authorized":true,"account_status":"\u6b63\u5e38","account_status_desc":"\u8d26\u53f7\u72b6\u6001\u6b63\u5e38","session_file":"\/www\/wwwroot\/tdata.tgbota.top\/public\/uploads\/admin\/202512\/695387359e84b\/8615213150287\/tdata\/temp_8351771927.session","client":null}},"error":""},"task_id":0,"mt_id":1325}]}
[2025-12-31T15:16:27+08:00][info] [callPythonApiAsync] 地址 http://127.0.0.1:5096 响应成功
[2025-12-31T15:16:27+08:00][info] [callPythonApiAsync] 的值：{"status":true,"message":"\u6279\u91cf\u4efb\u52a1\u5b8c\u6210","data":[{"status":false,"message":"\u590d\u7528\u5df2\u6709\u5ba2\u6237\u7aef\uff0c\u5df2\u5904\u4e8e\u5728\u7ebf\u72b6\u6001","data":{"account_status":"\u51bb\u7ed3","account_status_desc":"\u8d26\u53f7\u88abTelegram\u5b98\u65b9\u51bb\u7ed3: The account was frozen"},"account_info":{"account_id":"0","phone":"","result":{"session_path":"\/www\/wwwroot\/tdata.tgbota.top\/public\/uploads\/admin\/202512\/695387359e84b\/8615178773647\/tdata\/temp_8126419928.session","verification_result":{"success":true,"user_id":8126419928,"username":null,"nickname":"Mark Borges","phone":"8615178773647","country":"\u4e2d\u56fd","status_info":{"type":"UserStatusOffline","is_online":false,"was_online":1766911555},"is_authorized":true,"account_status":"\u6b63\u5e38","account_status_desc":"\u8d26\u53f7\u72b6\u6001\u6b63\u5e38","session_file":"\/www\/wwwroot\/tdata.tgbota.top\/public\/uploads\/admin\/202512\/695387359e84b\/8615178773647\/tdata\/temp_8126419928.session","client":null}},"error":""},"task_id":0,"mt_id":1292}]}
[2025-12-31T15:16:27+08:00][info] [callPythonApiAsync] 地址 http://127.0.0.1:5063 响应成功
[2025-12-31T15:16:27+08:00][info] [callPythonApiAsync] 的值：{"status":true,"message":"\u6279\u91cf\u4efb\u52a1\u5b8c\u6210","data":[{"status":true,"message":"\u590d\u7528\u5df2\u6709\u5ba2\u6237\u7aef\uff0c\u5df2\u5904\u4e8e\u5728\u7ebf\u72b6\u6001","data":{"account_status":"\u6b63\u5e38","account_status_desc":"\u767b\u5f55\u6210\u529f"},"account_info":{"account_id":"0","phone":"","result":{"session_path":"\/www\/wwwroot\/tdata.tgbota.top\/public\/uploads\/admin\/202512\/695387359e84b\/8615178866714\/tdata\/temp_8163853542.session","verification_result":{"success":true,"user_id":8163853542,"username":null,"nickname":"Loyd Hill","phone":"8615178866714","country":"\u4e2d\u56fd","status_info":{"type":"UserStatusOffline","is_online":false,"was_online":1766911552},"is_authorized":true,"account_status":"\u6b63\u5e38","account_status_desc":"\u8d26\u53f7\u72b6\u6001\u6b63\u5e38","session_file":"\/www\/wwwroot\/tdata.tgbota.top\/public\/uploads\/admin\/202512\/695387359e84b\/8615178866714\/tdata\/temp_8163853542.session","client":null}},"error":""},"task_id":0,"mt_id":1310}]}
[2025-12-31T15:16:27+08:00][info] [callPythonApiAsync] 地址 http://127.0.0.1:5081 响应成功
[2025-12-31T15:16:27+08:00][info] [callPythonApiAsync] 的值：{"status":true,"message":"\u6279\u91cf\u4efb\u52a1\u5b8c\u6210","data":[{"status":false,"message":"\u590d\u7528\u5df2\u6709\u5ba2\u6237\u7aef\uff0c\u5df2\u5904\u4e8e\u5728\u7ebf\u72b6\u6001","data":{"account_status":"\u51bb\u7ed3","account_status_desc":"\u8d26\u53f7\u88abTelegram\u5b98\u65b9\u51bb\u7ed3: The account was frozen"},"account_info":{"account_id":"0","phone":"","result":{"session_path":"\/www\/wwwroot\/tdata.tgbota.top\/public\/uploads\/admin\/202512\/695387359e84b\/8615178862474\/tdata\/temp_8407871615.session","verification_result":{"success":true,"user_id":8407871615,"username":null,"nickname":"Darrell Medley","phone":"8615178862474","country":"\u4e2d\u56fd","status_info":{"type":"UserStatusOffline","is_online":false,"was_online":1766911554},"is_authorized":true,"account_status":"\u6b63\u5e38","account_status_desc":"\u8d26\u53f7\u72b6\u6001\u6b63\u5e38","session_file":"\/www\/wwwroot\/tdata.tgbota.top\/public\/uploads\/admin\/202512\/695387359e84b\/8615178862474\/tdata\/temp_8407871615.session","client":null}},"error":""},"task_id":0,"mt_id":1295}]}
[2025-12-31T15:16:27+08:00][info] [callPythonApiAsync] 地址 http://127.0.0.1:5066 响应成功
[2025-12-31T15:16:27+08:00][info] [callPythonApiAsync] 的值：{"status":true,"message":"\u6279\u91cf\u4efb\u52a1\u5b8c\u6210","data":[{"status":false,"message":"\u590d\u7528\u5df2\u6709\u5ba2\u6237\u7aef\uff0c\u5df2\u5904\u4e8e\u5728\u7ebf\u72b6\u6001","data":{"account_status":"\u51bb\u7ed3","account_status_desc":"\u8d26\u53f7\u88abTelegram\u5b98\u65b9\u51bb\u7ed3: The account was frozen"},"account_info":{"account_id":"0","phone":"","result":{"session_path":"\/www\/wwwroot\/tdata.tgbota.top\/public\/uploads\/admin\/202512\/695387359e84b\/8615213118740\/tdata\/temp_8464297372.session","verification_result":{"success":true,"user_id":8464297372,"username":null,"nickname":"Connie Mccombs","phone":"8615213118740","country":"\u4e2d\u56fd","status_info":{"type":"UserStatusOffline","is_online":false,"was_online":1766911552},"is_authorized":true,"account_status":"\u6b63\u5e38","account_status_desc":"\u8d26\u53f7\u72b6\u6001\u6b63\u5e38","session_file":"\/www\/wwwroot\/tdata.tgbota.top\/public\/uploads\/admin\/202512\/695387359e84b\/8615213118740\/tdata\/temp_8464297372.session","client":null}},"error":""},"task_id":0,"mt_id":1318}]}
[2025-12-31T15:16:27+08:00][info] [callPythonApiAsync] 地址 http://127.0.0.1:5089 响应成功
[2025-12-31T15:16:27+08:00][info] [callPythonApiAsync] 的值：{"status":true,"message":"\u6279\u91cf\u4efb\u52a1\u5b8c\u6210","data":[{"status":false,"message":"\u590d\u7528\u5df2\u6709\u5ba2\u6237\u7aef\uff0c\u5df2\u5904\u4e8e\u5728\u7ebf\u72b6\u6001","data":{"account_status":"\u51bb\u7ed3","account_status_desc":"\u8d26\u53f7\u88abTelegram\u5b98\u65b9\u51bb\u7ed3: The account was frozen"},"account_info":{"account_id":"0","phone":"","result":{"session_path":"\/www\/wwwroot\/tdata.tgbota.top\/public\/uploads\/admin\/202512\/695387359e84b\/8615178798914\/tdata\/temp_7917902005.session","verification_result":{"success":true,"user_id":7917902005,"username":null,"nickname":"Tammy Moss","phone":"8615178798914","country":"\u4e2d\u56fd","status_info":{"type":"UserStatusOffline","is_online":false,"was_online":1766911554},"is_authorized":true,"account_status":"\u6b63\u5e38","account_status_desc":"\u8d26\u53f7\u72b6\u6001\u6b63\u5e38","session_file":"\/www\/wwwroot\/tdata.tgbota.top\/public\/uploads\/admin\/202512\/695387359e84b\/8615178798914\/tdata\/temp_7917902005.session","client":null}},"error":""},"task_id":0,"mt_id":1308}]}
[2025-12-31T15:16:27+08:00][info] [callPythonApiAsync] 地址 http://127.0.0.1:5079 响应成功
[2025-12-31T15:16:27+08:00][info] [callPythonApiAsync] 的值：{"status":true,"message":"\u6279\u91cf\u4efb\u52a1\u5b8c\u6210","data":[{"status":true,"message":"\u590d\u7528\u5df2\u6709\u5ba2\u6237\u7aef\uff0c\u5df2\u5904\u4e8e\u5728\u7ebf\u72b6\u6001","data":{"account_status":"\u6b63\u5e38","account_status_desc":"\u767b\u5f55\u6210\u529f"},"account_info":{"account_id":"0","phone":"","result":{"session_path":"\/www\/wwwroot\/tdata.tgbota.top\/public\/uploads\/admin\/202512\/695387359e84b\/8615178828467\/tdata\/temp_8495116294.session","verification_result":{"success":true,"user_id":8495116294,"username":null,"nickname":"Keturah Horsley","phone":"8615178828467","country":"\u4e2d\u56fd","status_info":{"type":"UserStatusOffline","is_online":false,"was_online":1766911553},"is_authorized":true,"account_status":"\u6b63\u5e38","account_status_desc":"\u8d26\u53f7\u72b6\u6001\u6b63\u5e38","session_file":"\/www\/wwwroot\/tdata.tgbota.top\/public\/uploads\/admin\/202512\/695387359e84b\/8615178828467\/tdata\/temp_8495116294.session","client":null}},"error":""},"task_id":0,"mt_id":1282}]}
[2025-12-31T15:16:27+08:00][info] [callPythonApiAsync] 地址 http://127.0.0.1:5053 响应成功
[2025-12-31T15:16:27+08:00][info] [callPythonApiAsync] 的值：{"status":true,"message":"\u6279\u91cf\u4efb\u52a1\u5b8c\u6210","data":[{"status":false,"message":"\u590d\u7528\u5df2\u6709\u5ba2\u6237\u7aef\uff0c\u5df2\u5904\u4e8e\u5728\u7ebf\u72b6\u6001","data":{"account_status":"\u51bb\u7ed3","account_status_desc":"\u8d26\u53f7\u88abTelegram\u5b98\u65b9\u51bb\u7ed3: The account was frozen"},"account_info":{"account_id":"0","phone":"","result":{"session_path":"\/www\/wwwroot\/tdata.tgbota.top\/public\/uploads\/admin\/202512\/695387359e84b\/8615207128947\/tdata\/temp_8272647348.session","verification_result":{"success":true,"user_id":8272647348,"username":null,"nickname":"Jon Croom","phone":"8615207128947","country":"\u4e2d\u56fd","status_info":{"type":"UserStatusOffline","is_online":false,"was_online":1766911554},"is_authorized":true,"account_status":"\u6b63\u5e38","account_status_desc":"\u8d26\u53f7\u72b6\u6001\u6b63\u5e38","session_file":"\/www\/wwwroot\/tdata.tgbota.top\/public\/uploads\/admin\/202512\/695387359e84b\/8615207128947\/tdata\/temp_8272647348.session","client":null}},"error":""},"task_id":0,"mt_id":1301}]}
[2025-12-31T15:16:27+08:00][info] [callPythonApiAsync] 地址 http://127.0.0.1:5072 响应成功
[2025-12-31T15:16:27+08:00][info] [callPythonApiAsync] 的值：{"status":true,"message":"\u6279\u91cf\u4efb\u52a1\u5b8c\u6210","data":[{"status":false,"message":"\u590d\u7528\u5df2\u6709\u5ba2\u6237\u7aef\uff0c\u5df2\u5904\u4e8e\u5728\u7ebf\u72b6\u6001","data":{"account_status":"\u51bb\u7ed3","account_status_desc":"\u8d26\u53f7\u88abTelegram\u5b98\u65b9\u51bb\u7ed3: The account was frozen"},"account_info":{"account_id":"0","phone":"","result":{"session_path":"\/www\/wwwroot\/tdata.tgbota.top\/public\/uploads\/admin\/202512\/695387359e84b\/8615211852301\/tdata\/temp_8471501880.session","verification_result":{"success":true,"user_id":8471501880,"username":null,"nickname":"James Bustamante","phone":"8615211852301","country":"\u4e2d\u56fd","status_info":{"type":"UserStatusOffline","is_online":false,"was_online":1766911553},"is_authorized":true,"account_status":"\u6b63\u5e38","account_status_desc":"\u8d26\u53f7\u72b6\u6001\u6b63\u5e38","session_file":"\/www\/wwwroot\/tdata.tgbota.top\/public\/uploads\/admin\/202512\/695387359e84b\/8615211852301\/tdata\/temp_8471501880.session","client":null}},"error":""},"task_id":0,"mt_id":1278}]}
[2025-12-31T15:16:27+08:00][info] [callPythonApiAsync] 地址 http://127.0.0.1:5049 响应成功
[2025-12-31T15:16:27+08:00][info] [callPythonApiAsync] 的值：{"status":true,"message":"\u6279\u91cf\u4efb\u52a1\u5b8c\u6210","data":[{"status":false,"message":"\u590d\u7528\u5df2\u6709\u5ba2\u6237\u7aef\uff0c\u5df2\u5904\u4e8e\u5728\u7ebf\u72b6\u6001","data":{"account_status":"\u51bb\u7ed3","account_status_desc":"\u8d26\u53f7\u88abTelegram\u5b98\u65b9\u51bb\u7ed3: The account was frozen"},"account_info":{"account_id":"0","phone":"","result":{"session_path":"\/www\/wwwroot\/tdata.tgbota.top\/public\/uploads\/admin\/202512\/695387359e84b\/8615178808607\/tdata\/temp_8264781163.session","verification_result":{"success":true,"user_id":8264781163,"username":null,"nickname":"Margaret Greene","phone":"8615178808607","country":"\u4e2d\u56fd","status_info":{"type":"UserStatusOffline","is_online":false,"was_online":1766911554},"is_authorized":true,"account_status":"\u6b63\u5e38","account_status_desc":"\u8d26\u53f7\u72b6\u6001\u6b63\u5e38","session_file":"\/www\/wwwroot\/tdata.tgbota.top\/public\/uploads\/admin\/202512\/695387359e84b\/8615178808607\/tdata\/temp_8264781163.session","client":null}},"error":""},"task_id":0,"mt_id":1304}]}
[2025-12-31T15:16:27+08:00][info] [callPythonApiAsync] 地址 http://127.0.0.1:5075 响应成功
[2025-12-31T15:16:27+08:00][info] [callPythonApiAsync] 的值：{"status":true,"message":"\u6279\u91cf\u4efb\u52a1\u5b8c\u6210","data":[{"status":false,"message":"\u590d\u7528\u5df2\u6709\u5ba2\u6237\u7aef\uff0c\u5df2\u5904\u4e8e\u5728\u7ebf\u72b6\u6001","data":{"account_status":"\u51bb\u7ed3","account_status_desc":"\u8d26\u53f7\u88abTelegram\u5b98\u65b9\u51bb\u7ed3: The account was frozen"},"account_info":{"account_id":"0","phone":"","result":{"session_path":"\/www\/wwwroot\/tdata.tgbota.top\/public\/uploads\/admin\/202512\/695387359e84b\/8615213111701\/tdata\/temp_7825911921.session","verification_result":{"success":true,"user_id":7825911921,"username":null,"nickname":"Evan Chee","phone":"8615213111701","country":"\u4e2d\u56fd","status_info":{"type":"UserStatusOffline","is_online":false,"was_online":1766911552},"is_authorized":true,"account_status":"\u6b63\u5e38","account_status_desc":"\u8d26\u53f7\u72b6\u6001\u6b63\u5e38","session_file":"\/www\/wwwroot\/tdata.tgbota.top\/public\/uploads\/admin\/202512\/695387359e84b\/8615213111701\/tdata\/temp_7825911921.session","client":null}},"error":""},"task_id":0,"mt_id":1289}]}
[2025-12-31T15:16:27+08:00][info] [callPythonApiAsync] 地址 http://127.0.0.1:5060 响应成功
[2025-12-31T15:16:27+08:00][info] [callPythonApiAsync] 的值：{"status":true,"message":"\u6279\u91cf\u4efb\u52a1\u5b8c\u6210","data":[{"status":false,"message":"\u590d\u7528\u5df2\u6709\u5ba2\u6237\u7aef\uff0c\u5df2\u5904\u4e8e\u5728\u7ebf\u72b6\u6001","data":{"account_status":"\u51bb\u7ed3","account_status_desc":"\u8d26\u53f7\u88abTelegram\u5b98\u65b9\u51bb\u7ed3: The account was frozen"},"account_info":{"account_id":"0","phone":"","result":{"session_path":"\/www\/wwwroot\/tdata.tgbota.top\/public\/uploads\/admin\/202512\/695387359e84b\/8615178891147\/tdata\/temp_8266403778.session","verification_result":{"success":true,"user_id":8266403778,"username":null,"nickname":"Phyllis Buxton","phone":"8615178891147","country":"\u4e2d\u56fd","status_info":{"type":"UserStatusOffline","is_online":false,"was_online":1766911553},"is_authorized":true,"account_status":"\u6b63\u5e38","account_status_desc":"\u8d26\u53f7\u72b6\u6001\u6b63\u5e38","session_file":"\/www\/wwwroot\/tdata.tgbota.top\/public\/uploads\/admin\/202512\/695387359e84b\/8615178891147\/tdata\/temp_8266403778.session","client":null}},"error":""},"task_id":0,"mt_id":1299}]}
[2025-12-31T15:16:27+08:00][info] [callPythonApiAsync] 地址 http://127.0.0.1:5070 响应成功
[2025-12-31T15:16:27+08:00][info] [callPythonApiAsync] 的值：{"status":true,"message":"\u6279\u91cf\u4efb\u52a1\u5b8c\u6210","data":[{"status":false,"message":"\u590d\u7528\u5df2\u6709\u5ba2\u6237\u7aef\uff0c\u5df2\u5904\u4e8e\u5728\u7ebf\u72b6\u6001","data":{"account_status":"\u51bb\u7ed3","account_status_desc":"\u8d26\u53f7\u88abTelegram\u5b98\u65b9\u51bb\u7ed3: The account was frozen"},"account_info":{"account_id":"0","phone":"","result":{"session_path":"\/www\/wwwroot\/tdata.tgbota.top\/public\/uploads\/admin\/202512\/695387359e84b\/8615206372691\/tdata\/temp_8357985051.session","verification_result":{"success":true,"user_id":8357985051,"username":null,"nickname":"Rose Moon","phone":"8615206372691","country":"\u4e2d\u56fd","status_info":{"type":"UserStatusOffline","is_online":false,"was_online":1766911555},"is_authorized":true,"account_status":"\u6b63\u5e38","account_status_desc":"\u8d26\u53f7\u72b6\u6001\u6b63\u5e38","session_file":"\/www\/wwwroot\/tdata.tgbota.top\/public\/uploads\/admin\/202512\/695387359e84b\/8615206372691\/tdata\/temp_8357985051.session","client":null}},"error":""},"task_id":0,"mt_id":1302}]}
[2025-12-31T15:16:27+08:00][info] [callPythonApiAsync] 地址 http://127.0.0.1:5073 响应成功
[2025-12-31T15:16:27+08:00][info] [callPythonApiAsync] 的值：{"status":true,"message":"\u6279\u91cf\u4efb\u52a1\u5b8c\u6210","data":[{"status":false,"message":"\u590d\u7528\u5df2\u6709\u5ba2\u6237\u7aef\uff0c\u5df2\u5904\u4e8e\u5728\u7ebf\u72b6\u6001","data":{"account_status":"\u51bb\u7ed3","account_status_desc":"\u8d26\u53f7\u88abTelegram\u5b98\u65b9\u51bb\u7ed3: The account was frozen"},"account_info":{"account_id":"0","phone":"","result":{"session_path":"\/www\/wwwroot\/tdata.tgbota.top\/public\/uploads\/admin\/202512\/695387359e84b\/8615178868044\/tdata\/temp_8275206751.session","verification_result":{"success":true,"user_id":8275206751,"username":null,"nickname":"Melissa Robinson","phone":"8615178868044","country":"\u4e2d\u56fd","status_info":{"type":"UserStatusOffline","is_online":false,"was_online":1766911555},"is_authorized":true,"account_status":"\u6b63\u5e38","account_status_desc":"\u8d26\u53f7\u72b6\u6001\u6b63\u5e38","session_file":"\/www\/wwwroot\/tdata.tgbota.top\/public\/uploads\/admin\/202512\/695387359e84b\/8615178868044\/tdata\/temp_8275206751.session","client":null}},"error":""},"task_id":0,"mt_id":1287}]}
[2025-12-31T15:16:27+08:00][info] [callPythonApiAsync] 地址 http://127.0.0.1:5058 响应成功
[2025-12-31T15:16:27+08:00][info] [callPythonApiAsync] 的值：{"status":true,"message":"\u6279\u91cf\u4efb\u52a1\u5b8c\u6210","data":[{"status":false,"message":"\u590d\u7528\u5df2\u6709\u5ba2\u6237\u7aef\uff0c\u5df2\u5904\u4e8e\u5728\u7ebf\u72b6\u6001","data":{"account_status":"\u51bb\u7ed3","account_status_desc":"\u8d26\u53f7\u88abTelegram\u5b98\u65b9\u51bb\u7ed3: The account was frozen"},"account_info":{"account_id":"0","phone":"","result":{"session_path":"\/www\/wwwroot\/tdata.tgbota.top\/public\/uploads\/admin\/202512\/695387359e84b\/8615213127604\/tdata\/temp_8172997145.session","verification_result":{"success":true,"user_id":8172997145,"username":null,"nickname":"Renee Lumpkin","phone":"8615213127604","country":"\u4e2d\u56fd","status_info":{"type":"UserStatusOffline","is_online":false,"was_online":1766911554},"is_authorized":true,"account_status":"\u6b63\u5e38","account_status_desc":"\u8d26\u53f7\u72b6\u6001\u6b63\u5e38","session_file":"\/www\/wwwroot\/tdata.tgbota.top\/public\/uploads\/admin\/202512\/695387359e84b\/8615213127604\/tdata\/temp_8172997145.session","client":null}},"error":""},"task_id":0,"mt_id":1293}]}
[2025-12-31T15:16:27+08:00][info] [callPythonApiAsync] 地址 http://127.0.0.1:5064 响应成功
[2025-12-31T15:16:27+08:00][info] [callPythonApiAsync] 的值：{"status":true,"message":"\u6279\u91cf\u4efb\u52a1\u5b8c\u6210","data":[{"status":false,"message":"\u590d\u7528\u5df2\u6709\u5ba2\u6237\u7aef\uff0c\u5df2\u5904\u4e8e\u5728\u7ebf\u72b6\u6001","data":{"account_status":"\u51bb\u7ed3","account_status_desc":"\u8d26\u53f7\u88abTelegram\u5b98\u65b9\u51bb\u7ed3: The account was frozen"},"account_info":{"account_id":"0","phone":"","result":{"session_path":"\/www\/wwwroot\/tdata.tgbota.top\/public\/uploads\/admin\/202512\/695387359e84b\/8615178745170\/tdata\/temp_8461665305.session","verification_result":{"success":true,"user_id":8461665305,"username":null,"nickname":"John Raines","phone":"8615178745170","country":"\u4e2d\u56fd","status_info":{"type":"UserStatusOffline","is_online":false,"was_online":1766911555},"is_authorized":true,"account_status":"\u6b63\u5e38","account_status_desc":"\u8d26\u53f7\u72b6\u6001\u6b63\u5e38","session_file":"\/www\/wwwroot\/tdata.tgbota.top\/public\/uploads\/admin\/202512\/695387359e84b\/8615178745170\/tdata\/temp_8461665305.session","client":null}},"error":""},"task_id":0,"mt_id":1294}]}
[2025-12-31T15:16:27+08:00][info] [callPythonApiAsync] 地址 http://127.0.0.1:5065 响应成功
[2025-12-31T15:16:27+08:00][info] [callPythonApiAsync] 的值：{"status":true,"message":"\u6279\u91cf\u4efb\u52a1\u5b8c\u6210","data":[{"status":false,"message":"\u590d\u7528\u5df2\u6709\u5ba2\u6237\u7aef\uff0c\u5df2\u5904\u4e8e\u5728\u7ebf\u72b6\u6001","data":{"account_status":"\u51bb\u7ed3","account_status_desc":"\u8d26\u53f7\u88abTelegram\u5b98\u65b9\u51bb\u7ed3: The account was frozen"},"account_info":{"account_id":"0","phone":"","result":{"session_path":"\/www\/wwwroot\/tdata.tgbota.top\/public\/uploads\/admin\/202512\/695387359e84b\/8615178780421\/tdata\/temp_8035424204.session","verification_result":{"success":true,"user_id":8035424204,"username":null,"nickname":"Harry Hobbs","phone":"8615178780421","country":"\u4e2d\u56fd","status_info":{"type":"UserStatusOffline","is_online":false,"was_online":1766911555},"is_authorized":true,"account_status":"\u6b63\u5e38","account_status_desc":"\u8d26\u53f7\u72b6\u6001\u6b63\u5e38","session_file":"\/www\/wwwroot\/tdata.tgbota.top\/public\/uploads\/admin\/202512\/695387359e84b\/8615178780421\/tdata\/temp_8035424204.session","client":null}},"error":""},"task_id":0,"mt_id":1314}]}
[2025-12-31T15:16:27+08:00][info] [callPythonApiAsync] 地址 http://127.0.0.1:5085 响应成功
[2025-12-31T15:16:27+08:00][info] [callPythonApiAsync] 的值：{"status":true,"message":"\u6279\u91cf\u4efb\u52a1\u5b8c\u6210","data":[{"status":false,"message":"\u590d\u7528\u5df2\u6709\u5ba2\u6237\u7aef\uff0c\u5df2\u5904\u4e8e\u5728\u7ebf\u72b6\u6001","data":{"account_status":"\u51bb\u7ed3","account_status_desc":"\u8d26\u53f7\u88abTelegram\u5b98\u65b9\u51bb\u7ed3: The account was frozen"},"account_info":{"account_id":"0","phone":"","result":{"session_path":"\/www\/wwwroot\/tdata.tgbota.top\/public\/uploads\/admin\/202512\/695387359e84b\/8615178865290\/tdata\/temp_8447268219.session","verification_result":{"success":true,"user_id":8447268219,"username":null,"nickname":"Christopher Hensel","phone":"8615178865290","country":"\u4e2d\u56fd","status_info":{"type":"UserStatusOffline","is_online":false,"was_online":1766911554},"is_authorized":true,"account_status":"\u6b63\u5e38","account_status_desc":"\u8d26\u53f7\u72b6\u6001\u6b63\u5e38","session_file":"\/www\/wwwroot\/tdata.tgbota.top\/public\/uploads\/admin\/202512\/695387359e84b\/8615178865290\/tdata\/temp_8447268219.session","client":null}},"error":""},"task_id":0,"mt_id":1324}]}
[2025-12-31T15:16:27+08:00][info] [callPythonApiAsync] 地址 http://127.0.0.1:5095 响应成功
[2025-12-31T15:16:27+08:00][info] [callPythonApiAsync] 的值：{"status":true,"message":"\u6279\u91cf\u4efb\u52a1\u5b8c\u6210","data":[{"status":false,"message":"\u590d\u7528\u5df2\u6709\u5ba2\u6237\u7aef\uff0c\u5df2\u5904\u4e8e\u5728\u7ebf\u72b6\u6001","data":{"account_status":"\u51bb\u7ed3","account_status_desc":"\u8d26\u53f7\u88abTelegram\u5b98\u65b9\u51bb\u7ed3: The account was frozen"},"account_info":{"account_id":"0","phone":"","result":{"session_path":"\/www\/wwwroot\/tdata.tgbota.top\/public\/uploads\/admin\/202512\/695387359e84b\/8615193191467\/tdata\/temp_8392688721.session","verification_result":{"success":true,"user_id":8392688721,"username":null,"nickname":"Lindsey Magee","phone":"8615193191467","country":"\u4e2d\u56fd","status_info":{"type":"UserStatusOffline","is_online":false,"was_online":1766911552},"is_authorized":true,"account_status":"\u6b63\u5e38","account_status_desc":"\u8d26\u53f7\u72b6\u6001\u6b63\u5e38","session_file":"\/www\/wwwroot\/tdata.tgbota.top\/public\/uploads\/admin\/202512\/695387359e84b\/8615193191467\/tdata\/temp_8392688721.session","client":null}},"error":""},"task_id":0,"mt_id":1322}]}
[2025-12-31T15:16:27+08:00][info] [callPythonApiAsync] 地址 http://127.0.0.1:5093 响应成功
[2025-12-31T15:16:27+08:00][info] [callPythonApiAsync] 的值：{"status":true,"message":"\u6279\u91cf\u4efb\u52a1\u5b8c\u6210","data":[{"status":false,"message":"\u590d\u7528\u5df2\u6709\u5ba2\u6237\u7aef\uff0c\u5df2\u5904\u4e8e\u5728\u7ebf\u72b6\u6001","data":{"account_status":"\u51bb\u7ed3","account_status_desc":"\u8d26\u53f7\u88abTelegram\u5b98\u65b9\u51bb\u7ed3: The account was frozen"},"account_info":{"account_id":"0","phone":"","result":{"session_path":"\/www\/wwwroot\/tdata.tgbota.top\/public\/uploads\/admin\/202512\/695387359e84b\/8615200855780\/tdata\/temp_8418531061.session","verification_result":{"success":true,"user_id":8418531061,"username":null,"nickname":"Jack Donelson","phone":"8615200855780","country":"\u4e2d\u56fd","status_info":{"type":"UserStatusOffline","is_online":false,"was_online":1766911555},"is_authorized":true,"account_status":"\u6b63\u5e38","account_status_desc":"\u8d26\u53f7\u72b6\u6001\u6b63\u5e38","session_file":"\/www\/wwwroot\/tdata.tgbota.top\/public\/uploads\/admin\/202512\/695387359e84b\/8615200855780\/tdata\/temp_8418531061.session","client":null}},"error":""},"task_id":0,"mt_id":1280}]}
[2025-12-31T15:16:27+08:00][info] [callPythonApiAsync] 地址 http://127.0.0.1:5051 响应成功
[2025-12-31T15:16:27+08:00][info] [callPythonApiAsync] 的值：{"status":true,"message":"\u6279\u91cf\u4efb\u52a1\u5b8c\u6210","data":[{"status":false,"message":"\u590d\u7528\u5df2\u6709\u5ba2\u6237\u7aef\uff0c\u5df2\u5904\u4e8e\u5728\u7ebf\u72b6\u6001","data":{"account_status":"\u51bb\u7ed3","account_status_desc":"\u8d26\u53f7\u88abTelegram\u5b98\u65b9\u51bb\u7ed3: The account was frozen"},"account_info":{"account_id":"0","phone":"","result":{"session_path":"\/www\/wwwroot\/tdata.tgbota.top\/public\/uploads\/admin\/202512\/695387359e84b\/8615178844163\/tdata\/temp_8464730439.session","verification_result":{"success":true,"user_id":8464730439,"username":null,"nickname":"Beverly Anderson","phone":"8615178844163","country":"\u4e2d\u56fd","status_info":{"type":"UserStatusOffline","is_online":false,"was_online":1766911556},"is_authorized":true,"account_status":"\u6b63\u5e38","account_status_desc":"\u8d26\u53f7\u72b6\u6001\u6b63\u5e38","session_file":"\/www\/wwwroot\/tdata.tgbota.top\/public\/uploads\/admin\/202512\/695387359e84b\/8615178844163\/tdata\/temp_8464730439.session","client":null}},"error":""},"task_id":0,"mt_id":1279}]}
[2025-12-31T15:16:27+08:00][info] [callPythonApiAsync] 地址 http://127.0.0.1:5050 响应成功
[2025-12-31T15:16:27+08:00][info] [callPythonApiAsync] 的值：{"status":true,"message":"\u6279\u91cf\u4efb\u52a1\u5b8c\u6210","data":[{"status":false,"message":"\u590d\u7528\u5df2\u6709\u5ba2\u6237\u7aef\uff0c\u5df2\u5904\u4e8e\u5728\u7ebf\u72b6\u6001","data":{"account_status":"\u51bb\u7ed3","account_status_desc":"\u8d26\u53f7\u88abTelegram\u5b98\u65b9\u51bb\u7ed3: The account was frozen"},"account_info":{"account_id":"0","phone":"","result":{"session_path":"\/www\/wwwroot\/tdata.tgbota.top\/public\/uploads\/admin\/202512\/695387359e84b\/8615178824224\/tdata\/temp_8390314909.session","verification_result":{"success":true,"user_id":8390314909,"username":null,"nickname":"Andrew Hunter","phone":"8615178824224","country":"\u4e2d\u56fd","status_info":{"type":"UserStatusOffline","is_online":false,"was_online":1766911555},"is_authorized":true,"account_status":"\u6b63\u5e38","account_status_desc":"\u8d26\u53f7\u72b6\u6001\u6b63\u5e38","session_file":"\/www\/wwwroot\/tdata.tgbota.top\/public\/uploads\/admin\/202512\/695387359e84b\/8615178824224\/tdata\/temp_8390314909.session","client":null}},"error":""},"task_id":0,"mt_id":1300}]}
[2025-12-31T15:16:27+08:00][info] [callPythonApiAsync] 地址 http://127.0.0.1:5071 响应成功
[2025-12-31T15:16:27+08:00][info] [callPythonApiAsync] 的值：{"status":true,"message":"\u6279\u91cf\u4efb\u52a1\u5b8c\u6210","data":[{"status":true,"message":"\u590d\u7528\u5df2\u6709\u5ba2\u6237\u7aef\uff0c\u5df2\u5904\u4e8e\u5728\u7ebf\u72b6\u6001","data":{"account_status":"\u6b63\u5e38","account_status_desc":"\u767b\u5f55\u6210\u529f"},"account_info":{"account_id":"0","phone":"","result":{"session_path":"\/www\/wwwroot\/tdata.tgbota.top\/public\/uploads\/admin\/202512\/695387359e84b\/8615211864107\/tdata\/temp_8175983174.session","verification_result":{"success":true,"user_id":8175983174,"username":null,"nickname":"Andrew Stephenson","phone":"8615211864107","country":"\u4e2d\u56fd","status_info":{"type":"UserStatusOffline","is_online":false,"was_online":1766911554},"is_authorized":true,"account_status":"\u6b63\u5e38","account_status_desc":"\u8d26\u53f7\u72b6\u6001\u6b63\u5e38","session_file":"\/www\/wwwroot\/tdata.tgbota.top\/public\/uploads\/admin\/202512\/695387359e84b\/8615211864107\/tdata\/temp_8175983174.session","client":null}},"error":""},"task_id":0,"mt_id":1312}]}
[2025-12-31T15:16:27+08:00][info] [callPythonApiAsync] 地址 http://127.0.0.1:5083 响应成功
[2025-12-31T15:16:27+08:00][info] [callPythonApiAsync] 的值：{"status":true,"message":"\u6279\u91cf\u4efb\u52a1\u5b8c\u6210","data":[{"status":false,"message":"\u590d\u7528\u5df2\u6709\u5ba2\u6237\u7aef\uff0c\u5df2\u5904\u4e8e\u5728\u7ebf\u72b6\u6001","data":{"account_status":"\u51bb\u7ed3","account_status_desc":"\u8d26\u53f7\u88abTelegram\u5b98\u65b9\u51bb\u7ed3: The account was frozen"},"account_info":{"account_id":"0","phone":"","result":{"session_path":"\/www\/wwwroot\/tdata.tgbota.top\/public\/uploads\/admin\/202512\/695387359e84b\/8615211854929\/tdata\/temp_8309483279.session","verification_result":{"success":true,"user_id":8309483279,"username":null,"nickname":"Marilyn Minor","phone":"8615211854929","country":"\u4e2d\u56fd","status_info":{"type":"UserStatusOffline","is_online":false,"was_online":1766911553},"is_authorized":true,"account_status":"\u6b63\u5e38","account_status_desc":"\u8d26\u53f7\u72b6\u6001\u6b63\u5e38","session_file":"\/www\/wwwroot\/tdata.tgbota.top\/public\/uploads\/admin\/202512\/695387359e84b\/8615211854929\/tdata\/temp_8309483279.session","client":null}},"error":""},"task_id":0,"mt_id":1326}]}
[2025-12-31T15:16:27+08:00][info] [callPythonApiAsync] 地址 http://127.0.0.1:5097 响应成功
[2025-12-31T15:16:27+08:00][info] [callPythonApiAsync] 的值：{"status":true,"message":"\u6279\u91cf\u4efb\u52a1\u5b8c\u6210","data":[{"status":true,"message":"\u590d\u7528\u5df2\u6709\u5ba2\u6237\u7aef\uff0c\u5df2\u5904\u4e8e\u5728\u7ebf\u72b6\u6001","data":{"account_status":"\u6b63\u5e38","account_status_desc":"\u767b\u5f55\u6210\u529f"},"account_info":{"account_id":"0","phone":"","result":{"session_path":"\/www\/wwwroot\/tdata.tgbota.top\/public\/uploads\/admin\/202512\/695387359e84b\/8615178816190\/tdata\/temp_8096792614.session","verification_result":{"success":true,"user_id":8096792614,"username":null,"nickname":"Michael Hoff","phone":"8615178816190","country":"\u4e2d\u56fd","status_info":{"type":"UserStatusOffline","is_online":false,"was_online":1766911555},"is_authorized":true,"account_status":"\u6b63\u5e38","account_status_desc":"\u8d26\u53f7\u72b6\u6001\u6b63\u5e38","session_file":"\/www\/wwwroot\/tdata.tgbota.top\/public\/uploads\/admin\/202512\/695387359e84b\/8615178816190\/tdata\/temp_8096792614.session","client":null}},"error":""},"task_id":0,"mt_id":1319}]}
[2025-12-31T15:16:27+08:00][info] [callPythonApiAsync] 地址 http://127.0.0.1:5090 响应成功
[2025-12-31T15:16:27+08:00][info] [callPythonApiAsync] 的值：{"status":true,"message":"\u6279\u91cf\u4efb\u52a1\u5b8c\u6210","data":[{"status":false,"message":"\u590d\u7528\u5df2\u6709\u5ba2\u6237\u7aef\uff0c\u5df2\u5904\u4e8e\u5728\u7ebf\u72b6\u6001","data":{"account_status":"\u51bb\u7ed3","account_status_desc":"\u8d26\u53f7\u88abTelegram\u5b98\u65b9\u51bb\u7ed3: The account was frozen"},"account_info":{"account_id":"0","phone":"","result":{"session_path":"\/www\/wwwroot\/tdata.tgbota.top\/public\/uploads\/admin\/202512\/695387359e84b\/8615211864362\/tdata\/temp_8278596927.session","verification_result":{"success":true,"user_id":8278596927,"username":null,"nickname":"Dorothy Little","phone":"8615211864362","country":"\u4e2d\u56fd","status_info":{"type":"UserStatusOffline","is_online":false,"was_online":1766911554},"is_authorized":true,"account_status":"\u6b63\u5e38","account_status_desc":"\u8d26\u53f7\u72b6\u6001\u6b63\u5e38","session_file":"\/www\/wwwroot\/tdata.tgbota.top\/public\/uploads\/admin\/202512\/695387359e84b\/8615211864362\/tdata\/temp_8278596927.session","client":null}},"error":""},"task_id":0,"mt_id":1298}]}
[2025-12-31T15:16:27+08:00][info] [callPythonApiAsync] 地址 http://127.0.0.1:5069 响应成功
[2025-12-31T15:16:27+08:00][info] [callPythonApiAsync] 的值：{"status":true,"message":"\u6279\u91cf\u4efb\u52a1\u5b8c\u6210","data":[{"status":false,"message":"\u590d\u7528\u5df2\u6709\u5ba2\u6237\u7aef\uff0c\u5df2\u5904\u4e8e\u5728\u7ebf\u72b6\u6001","data":{"account_status":"\u51bb\u7ed3","account_status_desc":"\u8d26\u53f7\u88abTelegram\u5b98\u65b9\u51bb\u7ed3: The account was frozen"},"account_info":{"account_id":"0","phone":"","result":{"session_path":"\/www\/wwwroot\/tdata.tgbota.top\/public\/uploads\/admin\/202512\/695387359e84b\/8615213109327\/tdata\/temp_8240395408.session","verification_result":{"success":true,"user_id":8240395408,"username":null,"nickname":"Thea Bachleda","phone":"8615213109327","country":"\u4e2d\u56fd","status_info":{"type":"UserStatusOffline","is_online":false,"was_online":1766911552},"is_authorized":true,"account_status":"\u6b63\u5e38","account_status_desc":"\u8d26\u53f7\u72b6\u6001\u6b63\u5e38","session_file":"\/www\/wwwroot\/tdata.tgbota.top\/public\/uploads\/admin\/202512\/695387359e84b\/8615213109327\/tdata\/temp_8240395408.session","client":null}},"error":""},"task_id":0,"mt_id":1277}]}
[2025-12-31T15:16:27+08:00][info] [callPythonApiAsync] 地址 http://127.0.0.1:5048 响应成功
[2025-12-31T15:16:27+08:00][info] [callPythonApiAsync] 的值：{"status":true,"message":"\u6279\u91cf\u4efb\u52a1\u5b8c\u6210","data":[{"status":false,"message":"\u590d\u7528\u5df2\u6709\u5ba2\u6237\u7aef\uff0c\u5df2\u5904\u4e8e\u5728\u7ebf\u72b6\u6001","data":{"account_status":"\u51bb\u7ed3","account_status_desc":"\u8d26\u53f7\u88abTelegram\u5b98\u65b9\u51bb\u7ed3: The account was frozen"},"account_info":{"account_id":"0","phone":"","result":{"session_path":"\/www\/wwwroot\/tdata.tgbota.top\/public\/uploads\/admin\/202512\/695387359e84b\/8615178867814\/tdata\/temp_8276319913.session","verification_result":{"success":true,"user_id":8276319913,"username":null,"nickname":"Eddie Callaway","phone":"8615178867814","country":"\u4e2d\u56fd","status_info":{"type":"UserStatusOffline","is_online":false,"was_online":1766911553},"is_authorized":true,"account_status":"\u6b63\u5e38","account_status_desc":"\u8d26\u53f7\u72b6\u6001\u6b63\u5e38","session_file":"\/www\/wwwroot\/tdata.tgbota.top\/public\/uploads\/admin\/202512\/695387359e84b\/8615178867814\/tdata\/temp_8276319913.session","client":null}},"error":""},"task_id":0,"mt_id":1320}]}
[2025-12-31T15:16:27+08:00][info] [callPythonApiAsync] 地址 http://127.0.0.1:5091 响应成功
[2025-12-31T15:16:27+08:00][info] [callPythonApiAsync] 的值：{"status":true,"message":"\u6279\u91cf\u4efb\u52a1\u5b8c\u6210","data":[{"status":false,"message":"\u590d\u7528\u5df2\u6709\u5ba2\u6237\u7aef\uff0c\u5df2\u5904\u4e8e\u5728\u7ebf\u72b6\u6001","data":{"account_status":"\u51bb\u7ed3","account_status_desc":"\u8d26\u53f7\u88abTelegram\u5b98\u65b9\u51bb\u7ed3: The account was frozen"},"account_info":{"account_id":"0","phone":"","result":{"session_path":"\/www\/wwwroot\/tdata.tgbota.top\/public\/uploads\/admin\/202512\/695387359e84b\/8615178877425\/tdata\/temp_8475919589.session","verification_result":{"success":true,"user_id":8475919589,"username":null,"nickname":"Ross Haas","phone":"8615178877425","country":"\u4e2d\u56fd","status_info":{"type":"UserStatusOffline","is_online":false,"was_online":1766911553},"is_authorized":true,"account_status":"\u6b63\u5e38","account_status_desc":"\u8d26\u53f7\u72b6\u6001\u6b63\u5e38","session_file":"\/www\/wwwroot\/tdata.tgbota.top\/public\/uploads\/admin\/202512\/695387359e84b\/8615178877425\/tdata\/temp_8475919589.session","client":null}},"error":""},"task_id":0,"mt_id":1290}]}
[2025-12-31T15:16:27+08:00][info] [callPythonApiAsync] 地址 http://127.0.0.1:5061 响应成功
[2025-12-31T15:16:27+08:00][info] [callPythonApiAsync] 的值：{"status":true,"message":"\u6279\u91cf\u4efb\u52a1\u5b8c\u6210","data":[{"status":false,"message":"\u590d\u7528\u5df2\u6709\u5ba2\u6237\u7aef\uff0c\u5df2\u5904\u4e8e\u5728\u7ebf\u72b6\u6001","data":{"account_status":"\u51bb\u7ed3","account_status_desc":"\u8d26\u53f7\u88abTelegram\u5b98\u65b9\u51bb\u7ed3: The account was frozen"},"account_info":{"account_id":"0","phone":"","result":{"session_path":"\/www\/wwwroot\/tdata.tgbota.top\/public\/uploads\/admin\/202512\/695387359e84b\/8615213101091\/tdata\/temp_8422558220.session","verification_result":{"success":true,"user_id":8422558220,"username":null,"nickname":"Mary Harris","phone":"8615213101091","country":"\u4e2d\u56fd","status_info":{"type":"UserStatusOffline","is_online":false,"was_online":1766911553},"is_authorized":true,"account_status":"\u6b63\u5e38","account_status_desc":"\u8d26\u53f7\u72b6\u6001\u6b63\u5e38","session_file":"\/www\/wwwroot\/tdata.tgbota.top\/public\/uploads\/admin\/202512\/695387359e84b\/8615213101091\/tdata\/temp_8422558220.session","client":null}},"error":""},"task_id":0,"mt_id":1317}]}
[2025-12-31T15:16:27+08:00][info] [callPythonApiAsync] 地址 http://127.0.0.1:5088 响应成功
[2025-12-31T15:16:27+08:00][info] [callPythonApiAsync] 的值：{"status":true,"message":"\u6279\u91cf\u4efb\u52a1\u5b8c\u6210","data":[{"status":true,"message":"\u590d\u7528\u5df2\u6709\u5ba2\u6237\u7aef\uff0c\u5df2\u5904\u4e8e\u5728\u7ebf\u72b6\u6001","data":{"account_status":"\u6b63\u5e38","account_status_desc":"\u767b\u5f55\u6210\u529f"},"account_info":{"account_id":"0","phone":"","result":{"session_path":"\/www\/wwwroot\/tdata.tgbota.top\/public\/uploads\/admin\/202512\/695387359e84b\/8615211862815\/tdata\/temp_8412207894.session","verification_result":{"success":true,"user_id":8412207894,"username":null,"nickname":"Gladys Barrocas","phone":"8615211862815","country":"\u4e2d\u56fd","status_info":{"type":"UserStatusOffline","is_online":false,"was_online":1766911553},"is_authorized":true,"account_status":"\u6b63\u5e38","account_status_desc":"\u8d26\u53f7\u72b6\u6001\u6b63\u5e38","session_file":"\/www\/wwwroot\/tdata.tgbota.top\/public\/uploads\/admin\/202512\/695387359e84b\/8615211862815\/tdata\/temp_8412207894.session","client":null}},"error":""},"task_id":0,"mt_id":1283}]}
[2025-12-31T15:16:27+08:00][info] [callPythonApiAsync] 地址 http://127.0.0.1:5054 响应成功
[2025-12-31T15:16:27+08:00][info] [callPythonApiAsync] 的值：{"status":true,"message":"\u6279\u91cf\u4efb\u52a1\u5b8c\u6210","data":[{"status":false,"message":"\u590d\u7528\u5df2\u6709\u5ba2\u6237\u7aef\uff0c\u5df2\u5904\u4e8e\u5728\u7ebf\u72b6\u6001","data":{"account_status":"\u51bb\u7ed3","account_status_desc":"\u8d26\u53f7\u88abTelegram\u5b98\u65b9\u51bb\u7ed3: The account was frozen"},"account_info":{"account_id":"0","phone":"","result":{"session_path":"\/www\/wwwroot\/tdata.tgbota.top\/public\/uploads\/admin\/202512\/6952870fadb7f\/85296717601\/tdata\/temp_8300479419.session","verification_result":{"success":true,"user_id":8300479419,"username":null,"nickname":"Industrious Royal","phone":"85296717601","country":"\u9999\u6e2f","status_info":{"type":"UserStatusOffline","is_online":false,"was_online":1763884161},"is_authorized":true,"account_status":"\u6b63\u5e38","account_status_desc":"\u8d26\u53f7\u72b6\u6001\u6b63\u5e38","session_file":"\/www\/wwwroot\/tdata.tgbota.top\/public\/uploads\/admin\/202512\/6952870fadb7f\/85296717601\/tdata\/temp_8300479419.session","client":null}},"error":""},"task_id":0,"mt_id":1084},{"status":false,"message":"\u590d\u7528\u5df2\u6709\u5ba2\u6237\u7aef\uff0c\u5df2\u5904\u4e8e\u5728\u7ebf\u72b6\u6001","data":{"account_status":"\u51bb\u7ed3","account_status_desc":"\u8d26\u53f7\u88abTelegram\u5b98\u65b9\u51bb\u7ed3: The account was frozen"},"account_info":{"account_id":"1","phone":"","result":{"session_path":"\/www\/wwwroot\/tdata.tgbota.top\/public\/uploads\/admin\/202512\/6952870fadb7f\/85298323506\/tdata\/temp_8271324715.session","verification_result":{"success":true,"user_id":8271324715,"username":null,"nickname":"Theobold Anne","phone":"85298323506","country":"\u9999\u6e2f","status_info":{"type":"UserStatusOffline","is_online":false,"was_online":1763884248},"is_authorized":true,"account_status":"\u6b63\u5e38","account_status_desc":"\u8d26\u53f7\u72b6\u6001\u6b63\u5e38","session_file":"\/www\/wwwroot\/tdata.tgbota.top\/public\/uploads\/admin\/202512\/6952870fadb7f\/85298323506\/tdata\/temp_8271324715.session","client":null}},"error":""},"task_id":1,"mt_id":1179}]}
[2025-12-31T15:16:27+08:00][info] [callPythonApiAsync] 地址 http://127.0.0.1:5045 响应成功
[2025-12-31T15:16:27+08:00][info] [callPythonApiAsync] 的值：{"status":true,"message":"\u6279\u91cf\u4efb\u52a1\u5b8c\u6210","data":[{"status":false,"message":"\u590d\u7528\u5df2\u6709\u5ba2\u6237\u7aef\uff0c\u5df2\u5904\u4e8e\u5728\u7ebf\u72b6\u6001","data":{"account_status":"\u51bb\u7ed3","account_status_desc":"\u8d26\u53f7\u88abTelegram\u5b98\u65b9\u51bb\u7ed3: The account was frozen"},"account_info":{"account_id":"0","phone":"","result":{"session_path":"\/www\/wwwroot\/tdata.tgbota.top\/public\/uploads\/admin\/202512\/6952870fadb7f\/85298314609\/tdata\/temp_8238034451.session","verification_result":{"success":true,"user_id":8238034451,"username":null,"nickname":"Larina Emeline","phone":"85298314609","country":"\u9999\u6e2f","status_info":{"type":"UserStatusOffline","is_online":false,"was_online":1767017596},"is_authorized":true,"account_status":"\u6b63\u5e38","account_status_desc":"\u8d26\u53f7\u72b6\u6001\u6b63\u5e38","session_file":"\/www\/wwwroot\/tdata.tgbota.top\/public\/uploads\/admin\/202512\/6952870fadb7f\/85298314609\/tdata\/temp_8238034451.session","client":null}},"error":""},"task_id":0,"mt_id":1191},{"status":false,"message":"\u590d\u7528\u5df2\u6709\u5ba2\u6237\u7aef\uff0c\u5df2\u5904\u4e8e\u5728\u7ebf\u72b6\u6001","data":{"account_status":"\u51bb\u7ed3","account_status_desc":"\u8d26\u53f7\u88abTelegram\u5b98\u65b9\u51bb\u7ed3: The account was frozen"},"account_info":{"account_id":"1","phone":"","result":{"session_path":"\/www\/wwwroot\/tdata.tgbota.top\/public\/uploads\/admin\/202512\/695387359e84b\/8615178891370\/tdata\/temp_8312655669.session","verification_result":{"success":true,"user_id":8312655669,"username":null,"nickname":"Nellie Fisher","phone":"8615178891370","country":"\u4e2d\u56fd","status_info":{"type":"UserStatusOffline","is_online":false,"was_online":1766911554},"is_authorized":true,"account_status":"\u6b63\u5e38","account_status_desc":"\u8d26\u53f7\u72b6\u6001\u6b63\u5e38","session_file":"\/www\/wwwroot\/tdata.tgbota.top\/public\/uploads\/admin\/202512\/695387359e84b\/8615178891370\/tdata\/temp_8312655669.session","client":null}},"error":""},"task_id":1,"mt_id":1286}]}
[2025-12-31T15:16:27+08:00][info] [callPythonApiAsync] 地址 http://127.0.0.1:5057 响应成功
[2025-12-31T15:16:28+08:00][info] [callPythonApiAsync] 的值：{"status":true,"message":"\u6279\u91cf\u4efb\u52a1\u5b8c\u6210","data":[{"status":false,"message":"\u590d\u7528\u5df2\u6709\u5ba2\u6237\u7aef\uff0c\u5df2\u5904\u4e8e\u5728\u7ebf\u72b6\u6001","data":{"account_status":"\u51bb\u7ed3","account_status_desc":"\u8d26\u53f7\u88abTelegram\u5b98\u65b9\u51bb\u7ed3: The account was frozen"},"account_info":{"account_id":"0","phone":"","result":{"session_path":"\/www\/wwwroot\/tdata.tgbota.top\/public\/uploads\/admin\/202512\/6952870fadb7f\/85296757221\/tdata\/temp_8513237843.session","verification_result":{"success":true,"user_id":8513237843,"username":null,"nickname":"Page Haley","phone":"85296757221","country":"\u9999\u6e2f","status_info":{"type":"UserStatusOffline","is_online":false,"was_online":1763884178},"is_authorized":true,"account_status":"\u6b63\u5e38","account_status_desc":"\u8d26\u53f7\u72b6\u6001\u6b63\u5e38","session_file":"\/www\/wwwroot\/tdata.tgbota.top\/public\/uploads\/admin\/202512\/6952870fadb7f\/85296757221\/tdata\/temp_8513237843.session","client":null}},"error":""},"task_id":0,"mt_id":1091},{"status":false,"message":"\u590d\u7528\u5df2\u6709\u5ba2\u6237\u7aef\uff0c\u5df2\u5904\u4e8e\u5728\u7ebf\u72b6\u6001","data":{"account_status":"\u51bb\u7ed3","account_status_desc":"\u8d26\u53f7\u88abTelegram\u5b98\u65b9\u51bb\u7ed3: The account was frozen"},"account_info":{"account_id":"1","phone":"","result":{"session_path":"\/www\/wwwroot\/tdata.tgbota.top\/public\/uploads\/admin\/202512\/695387359e84b\/8615178828504\/tdata\/temp_8251645021.session","verification_result":{"success":true,"user_id":8251645021,"username":null,"nickname":"Ricardo Fitts","phone":"8615178828504","country":"\u4e2d\u56fd","status_info":{"type":"UserStatusOffline","is_online":false,"was_online":1766911553},"is_authorized":true,"account_status":"\u6b63\u5e38","account_status_desc":"\u8d26\u53f7\u72b6\u6001\u6b63\u5e38","session_file":"\/www\/wwwroot\/tdata.tgbota.top\/public\/uploads\/admin\/202512\/695387359e84b\/8615178828504\/tdata\/temp_8251645021.session","client":null}},"error":""},"task_id":1,"mt_id":1281}]}
[2025-12-31T15:16:28+08:00][info] [callPythonApiAsync] 地址 http://127.0.0.1:5052 响应成功
[2025-12-31T15:16:28+08:00][info] [callPythonApiAsync] 的值：{"status":true,"message":"\u6279\u91cf\u4efb\u52a1\u5b8c\u6210","data":[{"status":false,"message":"\u590d\u7528\u5df2\u6709\u5ba2\u6237\u7aef\uff0c\u5df2\u5904\u4e8e\u5728\u7ebf\u72b6\u6001","data":{"account_status":"\u51bb\u7ed3","account_status_desc":"\u8d26\u53f7\u88abTelegram\u5b98\u65b9\u51bb\u7ed3: The account was frozen"},"account_info":{"account_id":"0","phone":"","result":{"session_path":"\/www\/wwwroot\/tdata.tgbota.top\/public\/uploads\/admin\/202512\/6952870fadb7f\/85297502947\/tdata\/temp_8591130907.session","verification_result":{"success":true,"user_id":8591130907,"username":null,"nickname":"Philip Matthew","phone":"85297502947","country":"\u9999\u6e2f","status_info":{"type":"UserStatusOffline","is_online":false,"was_online":1767018824},"is_authorized":true,"account_status":"\u6b63\u5e38","account_status_desc":"\u8d26\u53f7\u72b6\u6001\u6b63\u5e38","session_file":"\/www\/wwwroot\/tdata.tgbota.top\/public\/uploads\/admin\/202512\/6952870fadb7f\/85297502947\/tdata\/temp_8591130907.session","client":null}},"error":""},"task_id":0,"mt_id":1226},{"status":false,"message":"\u590d\u7528\u5df2\u6709\u5ba2\u6237\u7aef\uff0c\u5df2\u5904\u4e8e\u5728\u7ebf\u72b6\u6001","data":{"account_status":"\u51bb\u7ed3","account_status_desc":"\u8d26\u53f7\u88abTelegram\u5b98\u65b9\u51bb\u7ed3: The account was frozen"},"account_info":{"account_id":"1","phone":"","result":{"session_path":"\/www\/wwwroot\/tdata.tgbota.top\/public\/uploads\/admin\/202512\/695387359e84b\/8615213104024\/tdata\/temp_8365300117.session","verification_result":{"success":true,"user_id":8365300117,"username":null,"nickname":"Arlene Fraction","phone":"8615213104024","country":"\u4e2d\u56fd","status_info":{"type":"UserStatusOffline","is_online":false,"was_online":1766911556},"is_authorized":true,"account_status":"\u6b63\u5e38","account_status_desc":"\u8d26\u53f7\u72b6\u6001\u6b63\u5e38","session_file":"\/www\/wwwroot\/tdata.tgbota.top\/public\/uploads\/admin\/202512\/695387359e84b\/8615213104024\/tdata\/temp_8365300117.session","client":null}},"error":""},"task_id":1,"mt_id":1321}]}
[2025-12-31T15:16:28+08:00][info] [callPythonApiAsync] 地址 http://127.0.0.1:5092 响应成功
[2025-12-31T15:16:28+08:00][info] [callPythonApiAsync] 的值：{"status":true,"message":"\u6279\u91cf\u4efb\u52a1\u5b8c\u6210","data":[{"status":false,"message":"\u590d\u7528\u5df2\u6709\u5ba2\u6237\u7aef\uff0c\u5df2\u5904\u4e8e\u5728\u7ebf\u72b6\u6001","data":{"account_status":"\u51bb\u7ed3","account_status_desc":"\u8d26\u53f7\u88abTelegram\u5b98\u65b9\u51bb\u7ed3: The account was frozen"},"account_info":{"account_id":"0","phone":"","result":{"session_path":"\/www\/wwwroot\/tdata.tgbota.top\/public\/uploads\/admin\/202512\/6952870fadb7f\/85298334597\/tdata\/temp_8408103171.session","verification_result":{"success":true,"user_id":8408103171,"username":null,"nickname":"Willette Wayne","phone":"85298334597","country":"\u9999\u6e2f","status_info":{"type":"UserStatusOffline","is_online":false,"was_online":1767018383},"is_authorized":true,"account_status":"\u6b63\u5e38","account_status_desc":"\u8d26\u53f7\u72b6\u6001\u6b63\u5e38","session_file":"\/www\/wwwroot\/tdata.tgbota.top\/public\/uploads\/admin\/202512\/6952870fadb7f\/85298334597\/tdata\/temp_8408103171.session","client":null}},"error":""},"task_id":0,"mt_id":1190},{"status":false,"message":"\u590d\u7528\u5df2\u6709\u5ba2\u6237\u7aef\uff0c\u5df2\u5904\u4e8e\u5728\u7ebf\u72b6\u6001","data":{"account_status":"\u51bb\u7ed3","account_status_desc":"\u8d26\u53f7\u88abTelegram\u5b98\u65b9\u51bb\u7ed3: The account was frozen"},"account_info":{"account_id":"1","phone":"","result":{"session_path":"\/www\/wwwroot\/tdata.tgbota.top\/public\/uploads\/admin\/202512\/695387359e84b\/8615213104315\/tdata\/temp_8077456681.session","verification_result":{"success":true,"user_id":8077456681,"username":null,"nickname":"Angela Ray","phone":"8615213104315","country":"\u4e2d\u56fd","status_info":{"type":"UserStatusOffline","is_online":false,"was_online":1766911554},"is_authorized":true,"account_status":"\u6b63\u5e38","account_status_desc":"\u8d26\u53f7\u72b6\u6001\u6b63\u5e38","session_file":"\/www\/wwwroot\/tdata.tgbota.top\/public\/uploads\/admin\/202512\/695387359e84b\/8615213104315\/tdata\/temp_8077456681.session","client":null}},"error":""},"task_id":1,"mt_id":1285}]}
[2025-12-31T15:16:28+08:00][info] [callPythonApiAsync] 地址 http://127.0.0.1:5056 响应成功
[2025-12-31T15:16:28+08:00][info] [callPythonApiAsync] 的值：{"status":true,"message":"\u6279\u91cf\u4efb\u52a1\u5b8c\u6210","data":[{"status":false,"message":"\u590d\u7528\u5df2\u6709\u5ba2\u6237\u7aef\uff0c\u5df2\u5904\u4e8e\u5728\u7ebf\u72b6\u6001","data":{"account_status":"\u51bb\u7ed3","account_status_desc":"\u8d26\u53f7\u88abTelegram\u5b98\u65b9\u51bb\u7ed3: The account was frozen"},"account_info":{"account_id":"0","phone":"","result":{"session_path":"\/www\/wwwroot\/tdata.tgbota.top\/public\/uploads\/admin\/202512\/6952870fadb7f\/85297437936\/tdata\/temp_8298164955.session","verification_result":{"success":true,"user_id":8298164955,"username":null,"nickname":"Keegan Healthy","phone":"85297437936","country":"\u9999\u6e2f","status_info":{"type":"UserStatusOffline","is_online":false,"was_online":1767018589},"is_authorized":true,"account_status":"\u6b63\u5e38","account_status_desc":"\u8d26\u53f7\u72b6\u6001\u6b63\u5e38","session_file":"\/www\/wwwroot\/tdata.tgbota.top\/public\/uploads\/admin\/202512\/6952870fadb7f\/85297437936\/tdata\/temp_8298164955.session","client":null}},"error":""},"task_id":0,"mt_id":1220},{"status":false,"message":"\u590d\u7528\u5df2\u6709\u5ba2\u6237\u7aef\uff0c\u5df2\u5904\u4e8e\u5728\u7ebf\u72b6\u6001","data":{"account_status":"\u51bb\u7ed3","account_status_desc":"\u8d26\u53f7\u88abTelegram\u5b98\u65b9\u51bb\u7ed3: The account was frozen"},"account_info":{"account_id":"1","phone":"","result":{"session_path":"\/www\/wwwroot\/tdata.tgbota.top\/public\/uploads\/admin\/202512\/695387359e84b\/8615211854303\/tdata\/temp_8382811331.session","verification_result":{"success":true,"user_id":8382811331,"username":null,"nickname":"Joshua Nathan","phone":"8615211854303","country":"\u4e2d\u56fd","status_info":{"type":"UserStatusOffline","is_online":false,"was_online":1766911554},"is_authorized":true,"account_status":"\u6b63\u5e38","account_status_desc":"\u8d26\u53f7\u72b6\u6001\u6b63\u5e38","session_file":"\/www\/wwwroot\/tdata.tgbota.top\/public\/uploads\/admin\/202512\/695387359e84b\/8615211854303\/tdata\/temp_8382811331.session","client":null}},"error":""},"task_id":1,"mt_id":1315}]}
[2025-12-31T15:16:28+08:00][info] [callPythonApiAsync] 地址 http://127.0.0.1:5086 响应成功
[2025-12-31T15:16:28+08:00][info] [callPythonApiAsync] 的值：{"status":true,"message":"\u6279\u91cf\u4efb\u52a1\u5b8c\u6210","data":[{"status":false,"message":"\u590d\u7528\u5df2\u6709\u5ba2\u6237\u7aef\uff0c\u5df2\u5904\u4e8e\u5728\u7ebf\u72b6\u6001","data":{"account_status":"\u51bb\u7ed3","account_status_desc":"\u8d26\u53f7\u88abTelegram\u5b98\u65b9\u51bb\u7ed3: The account was frozen"},"account_info":{"account_id":"0","phone":"","result":{"session_path":"\/www\/wwwroot\/tdata.tgbota.top\/public\/uploads\/admin\/202512\/6952870fadb7f\/85296744157\/tdata\/temp_8528128011.session","verification_result":{"success":true,"user_id":8528128011,"username":null,"nickname":"Lyndon Norman","phone":"85296744157","country":"\u9999\u6e2f","status_info":{"type":"UserStatusOffline","is_online":false,"was_online":1763884163},"is_authorized":true,"account_status":"\u6b63\u5e38","account_status_desc":"\u8d26\u53f7\u72b6\u6001\u6b63\u5e38","session_file":"\/www\/wwwroot\/tdata.tgbota.top\/public\/uploads\/admin\/202512\/6952870fadb7f\/85296744157\/tdata\/temp_8528128011.session","client":null}},"error":""},"task_id":0,"mt_id":1211},{"status":true,"message":"\u590d\u7528\u5df2\u6709\u5ba2\u6237\u7aef\uff0c\u5df2\u5904\u4e8e\u5728\u7ebf\u72b6\u6001","data":{"account_status":"\u6b63\u5e38","account_status_desc":"\u767b\u5f55\u6210\u529f"},"account_info":{"account_id":"1","phone":"","result":{"session_path":"\/www\/wwwroot\/tdata.tgbota.top\/public\/uploads\/admin\/202512\/695387359e84b\/8615211864541\/tdata\/temp_8070129982.session","verification_result":{"success":true,"user_id":8070129982,"username":null,"nickname":"Donna Williams","phone":"8615211864541","country":"\u4e2d\u56fd","status_info":{"type":"UserStatusOffline","is_online":false,"was_online":1766911553},"is_authorized":true,"account_status":"\u6b63\u5e38","account_status_desc":"\u8d26\u53f7\u72b6\u6001\u6b63\u5e38","session_file":"\/www\/wwwroot\/tdata.tgbota.top\/public\/uploads\/admin\/202512\/695387359e84b\/8615211864541\/tdata\/temp_8070129982.session","client":null}},"error":""},"task_id":1,"mt_id":1306}]}
[2025-12-31T15:16:28+08:00][info] [callPythonApiAsync] 地址 http://127.0.0.1:5077 响应成功
[2025-12-31T15:16:28+08:00][info] [callPythonApiAsync] 的值：{"status":true,"message":"\u6279\u91cf\u4efb\u52a1\u5b8c\u6210","data":[{"status":false,"message":"\u590d\u7528\u5df2\u6709\u5ba2\u6237\u7aef\uff0c\u5df2\u5904\u4e8e\u5728\u7ebf\u72b6\u6001","data":{"account_status":"\u51bb\u7ed3","account_status_desc":"\u8d26\u53f7\u88abTelegram\u5b98\u65b9\u51bb\u7ed3: The account was frozen"},"account_info":{"account_id":"0","phone":"","result":{"session_path":"\/www\/wwwroot\/tdata.tgbota.top\/public\/uploads\/admin\/202512\/6952870fadb7f\/85298116407\/tdata\/temp_8519442531.session","verification_result":{"success":true,"user_id":8519442531,"username":null,"nickname":"Morgan Eve","phone":"85298116407","country":"\u9999\u6e2f","status_info":{"type":"UserStatusOffline","is_online":false,"was_online":1763884220},"is_authorized":true,"account_status":"\u6b63\u5e38","account_status_desc":"\u8d26\u53f7\u72b6\u6001\u6b63\u5e38","session_file":"\/www\/wwwroot\/tdata.tgbota.top\/public\/uploads\/admin\/202512\/6952870fadb7f\/85298116407\/tdata\/temp_8519442531.session","client":null}},"error":""},"task_id":0,"mt_id":1208},{"status":false,"message":"\u590d\u7528\u5df2\u6709\u5ba2\u6237\u7aef\uff0c\u5df2\u5904\u4e8e\u5728\u7ebf\u72b6\u6001","data":{"account_status":"\u51bb\u7ed3","account_status_desc":"\u8d26\u53f7\u88abTelegram\u5b98\u65b9\u51bb\u7ed3: The account was frozen"},"account_info":{"account_id":"1","phone":"","result":{"session_path":"\/www\/wwwroot\/tdata.tgbota.top\/public\/uploads\/admin\/202512\/695387359e84b\/8615178816940\/tdata\/temp_7973968858.session","verification_result":{"success":true,"user_id":7973968858,"username":null,"nickname":"Jason Parker","phone":"8615178816940","country":"\u4e2d\u56fd","status_info":{"type":"UserStatusOffline","is_online":false,"was_online":1766911555},"is_authorized":true,"account_status":"\u6b63\u5e38","account_status_desc":"\u8d26\u53f7\u72b6\u6001\u6b63\u5e38","session_file":"\/www\/wwwroot\/tdata.tgbota.top\/public\/uploads\/admin\/202512\/695387359e84b\/8615178816940\/tdata\/temp_7973968858.session","client":null}},"error":""},"task_id":1,"mt_id":1303}]}
[2025-12-31T15:16:28+08:00][info] [callPythonApiAsync] 地址 http://127.0.0.1:5074 响应成功
[2025-12-31T15:16:28+08:00][info] [callPythonApiAsync] 的值：{"status":true,"message":"\u6279\u91cf\u4efb\u52a1\u5b8c\u6210","data":[{"status":false,"message":"\u590d\u7528\u5df2\u6709\u5ba2\u6237\u7aef\uff0c\u5df2\u5904\u4e8e\u5728\u7ebf\u72b6\u6001","data":{"account_status":"\u51bb\u7ed3","account_status_desc":"\u8d26\u53f7\u88abTelegram\u5b98\u65b9\u51bb\u7ed3: The account was frozen"},"account_info":{"account_id":"0","phone":"","result":{"session_path":"\/www\/wwwroot\/tdata.tgbota.top\/public\/uploads\/admin\/202512\/6952870fadb7f\/85296757284\/tdata\/temp_8527728163.session","verification_result":{"success":true,"user_id":8527728163,"username":null,"nickname":"Dwight Crown","phone":"85296757284","country":"\u9999\u6e2f","status_info":{"type":"UserStatusOffline","is_online":false,"was_online":1763884173},"is_authorized":true,"account_status":"\u6b63\u5e38","account_status_desc":"\u8d26\u53f7\u72b6\u6001\u6b63\u5e38","session_file":"\/www\/wwwroot\/tdata.tgbota.top\/public\/uploads\/admin\/202512\/6952870fadb7f\/85296757284\/tdata\/temp_8527728163.session","client":null}},"error":""},"task_id":0,"mt_id":1106},{"status":false,"message":"\u590d\u7528\u5df2\u6709\u5ba2\u6237\u7aef\uff0c\u5df2\u5904\u4e8e\u5728\u7ebf\u72b6\u6001","data":{"account_status":"\u51bb\u7ed3","account_status_desc":"\u8d26\u53f7\u88abTelegram\u5b98\u65b9\u51bb\u7ed3: The account was frozen"},"account_info":{"account_id":"1","phone":"","result":{"session_path":"\/www\/wwwroot\/tdata.tgbota.top\/public\/uploads\/admin\/202512\/695387359e84b\/8615213111450\/tdata\/temp_7686170276.session","verification_result":{"success":true,"user_id":7686170276,"username":null,"nickname":"Nancy Leath","phone":"8615213111450","country":"\u4e2d\u56fd","status_info":{"type":"UserStatusOffline","is_online":false,"was_online":1766911553},"is_authorized":true,"account_status":"\u6b63\u5e38","account_status_desc":"\u8d26\u53f7\u72b6\u6001\u6b63\u5e38","session_file":"\/www\/wwwroot\/tdata.tgbota.top\/public\/uploads\/admin\/202512\/695387359e84b\/8615213111450\/tdata\/temp_7686170276.session","client":null}},"error":""},"task_id":1,"mt_id":1296}]}
[2025-12-31T15:16:28+08:00][info] [callPythonApiAsync] 地址 http://127.0.0.1:5067 响应成功
[2025-12-31T15:16:28+08:00][info] [callPythonApiAsync] 的值：{"status":true,"message":"\u6279\u91cf\u4efb\u52a1\u5b8c\u6210","data":[{"status":false,"message":"\u590d\u7528\u5df2\u6709\u5ba2\u6237\u7aef\uff0c\u5df2\u5904\u4e8e\u5728\u7ebf\u72b6\u6001","data":{"account_status":"\u51bb\u7ed3","account_status_desc":"\u8d26\u53f7\u88abTelegram\u5b98\u65b9\u51bb\u7ed3: The account was frozen"},"account_info":{"account_id":"0","phone":"","result":{"session_path":"\/www\/wwwroot\/tdata.tgbota.top\/public\/uploads\/admin\/202512\/695277bebf004\/85244966739\/tdata\/temp_8268471203.session","verification_result":{"success":true,"user_id":8268471203,"username":null,"nickname":"Lucas Lilah","phone":"85244966739","country":"\u9999\u6e2f","status_info":{"type":"UserStatusOffline","is_online":false,"was_online":1767016712},"is_authorized":true,"account_status":"\u6b63\u5e38","account_status_desc":"\u8d26\u53f7\u72b6\u6001\u6b63\u5e38","session_file":"\/www\/wwwroot\/tdata.tgbota.top\/public\/uploads\/admin\/202512\/695277bebf004\/85244966739\/tdata\/temp_8268471203.session","client":null}},"error":""},"task_id":0,"mt_id":1012},{"status":false,"message":"\u590d\u7528\u5df2\u6709\u5ba2\u6237\u7aef\uff0c\u5df2\u5904\u4e8e\u5728\u7ebf\u72b6\u6001","data":{"account_status":"\u51bb\u7ed3","account_status_desc":"\u8d26\u53f7\u88abTelegram\u5b98\u65b9\u51bb\u7ed3: The account was frozen"},"account_info":{"account_id":"1","phone":"","result":{"session_path":"\/www\/wwwroot\/tdata.tgbota.top\/public\/uploads\/admin\/202512\/695387359e84b\/8615207293942\/tdata\/temp_8312443197.session","verification_result":{"success":true,"user_id":8312443197,"username":null,"nickname":"Bryant Spaid","phone":"8615207293942","country":"\u4e2d\u56fd","status_info":{"type":"UserStatusOffline","is_online":false,"was_online":1766911553},"is_authorized":true,"account_status":"\u6b63\u5e38","account_status_desc":"\u8d26\u53f7\u72b6\u6001\u6b63\u5e38","session_file":"\/www\/wwwroot\/tdata.tgbota.top\/public\/uploads\/admin\/202512\/695387359e84b\/8615207293942\/tdata\/temp_8312443197.session","client":null}},"error":""},"task_id":1,"mt_id":1297}]}
[2025-12-31T15:16:28+08:00][info] [callPythonApiAsync] 地址 http://127.0.0.1:5068 响应成功
[2025-12-31T15:16:28+08:00][info] [callPythonApiAsync] 的值：{"status":true,"message":"\u6279\u91cf\u4efb\u52a1\u5b8c\u6210","data":[{"status":false,"message":"\u590d\u7528\u5df2\u6709\u5ba2\u6237\u7aef\uff0c\u5df2\u5904\u4e8e\u5728\u7ebf\u72b6\u6001","data":{"account_status":"\u51bb\u7ed3","account_status_desc":"\u8d26\u53f7\u88abTelegram\u5b98\u65b9\u51bb\u7ed3: The account was frozen"},"account_info":{"account_id":"0","phone":"","result":{"session_path":"\/www\/wwwroot\/tdata.tgbota.top\/public\/uploads\/admin\/202512\/6952870fadb7f\/85247526942\/tdata\/temp_8266106867.session","verification_result":{"success":true,"user_id":8266106867,"username":null,"nickname":"Joanna Harley","phone":"85247526942","country":"\u9999\u6e2f","status_info":{"type":"UserStatusOffline","is_online":false,"was_online":1764245724},"is_authorized":true,"account_status":"\u6b63\u5e38","account_status_desc":"\u8d26\u53f7\u72b6\u6001\u6b63\u5e38","session_file":"\/www\/wwwroot\/tdata.tgbota.top\/public\/uploads\/admin\/202512\/6952870fadb7f\/85247526942\/tdata\/temp_8266106867.session","client":null}},"error":""},"task_id":0,"mt_id":1214},{"status":false,"message":"\u590d\u7528\u5df2\u6709\u5ba2\u6237\u7aef\uff0c\u5df2\u5904\u4e8e\u5728\u7ebf\u72b6\u6001","data":{"account_status":"\u51bb\u7ed3","account_status_desc":"\u8d26\u53f7\u88abTelegram\u5b98\u65b9\u51bb\u7ed3: The account was frozen"},"account_info":{"account_id":"1","phone":"","result":{"session_path":"\/www\/wwwroot\/tdata.tgbota.top\/public\/uploads\/admin\/202512\/695387359e84b\/8615178936432\/tdata\/temp_8395014097.session","verification_result":{"success":true,"user_id":8395014097,"username":null,"nickname":"Gregory Smith","phone":"8615178936432","country":"\u4e2d\u56fd","status_info":{"type":"UserStatusOffline","is_online":false,"was_online":1766911553},"is_authorized":true,"account_status":"\u6b63\u5e38","account_status_desc":"\u8d26\u53f7\u72b6\u6001\u6b63\u5e38","session_file":"\/www\/wwwroot\/tdata.tgbota.top\/public\/uploads\/admin\/202512\/695387359e84b\/8615178936432\/tdata\/temp_8395014097.session","client":null}},"error":""},"task_id":1,"mt_id":1309}]}
[2025-12-31T15:16:28+08:00][info] [callPythonApiAsync] 地址 http://127.0.0.1:5080 响应成功
[2025-12-31T15:16:29+08:00][info] [callPythonApiAsync] 的值：{"status":true,"message":"\u6279\u91cf\u4efb\u52a1\u5b8c\u6210","data":[{"status":false,"message":"\u590d\u7528\u5df2\u6709\u5ba2\u6237\u7aef\uff0c\u5df2\u5904\u4e8e\u5728\u7ebf\u72b6\u6001","data":{"account_status":"\u51bb\u7ed3","account_status_desc":"\u8d26\u53f7\u88abTelegram\u5b98\u65b9\u51bb\u7ed3: The account was frozen"},"account_info":{"account_id":"0","phone":"","result":{"session_path":"\/www\/wwwroot\/tdata.tgbota.top\/public\/uploads\/admin\/202512\/6952870fadb7f\/85298289231\/tdata\/temp_8204466123.session","verification_result":{"success":true,"user_id":8204466123,"username":null,"nickname":"Spencer White","phone":"85298289231","country":"\u9999\u6e2f","status_info":{"type":"UserStatusOffline","is_online":false,"was_online":1763884237},"is_authorized":true,"account_status":"\u6b63\u5e38","account_status_desc":"\u8d26\u53f7\u72b6\u6001\u6b63\u5e38","session_file":"\/www\/wwwroot\/tdata.tgbota.top\/public\/uploads\/admin\/202512\/6952870fadb7f\/85298289231\/tdata\/temp_8204466123.session","client":null}},"error":""},"task_id":0,"mt_id":1133},{"status":false,"message":"\u590d\u7528\u5df2\u6709\u5ba2\u6237\u7aef\uff0c\u5df2\u5904\u4e8e\u5728\u7ebf\u72b6\u6001","data":{"account_status":"\u51bb\u7ed3","account_status_desc":"\u8d26\u53f7\u88abTelegram\u5b98\u65b9\u51bb\u7ed3: The account was frozen"},"account_info":{"account_id":"1","phone":"","result":{"session_path":"\/www\/wwwroot\/tdata.tgbota.top\/public\/uploads\/admin\/202512\/695387359e84b\/8615213128221\/tdata\/temp_8210888458.session","verification_result":{"success":true,"user_id":8210888458,"username":null,"nickname":"Francisco Figaro","phone":"8615213128221","country":"\u4e2d\u56fd","status_info":{"type":"UserStatusOffline","is_online":false,"was_online":1766911554},"is_authorized":true,"account_status":"\u6b63\u5e38","account_status_desc":"\u8d26\u53f7\u72b6\u6001\u6b63\u5e38","session_file":"\/www\/wwwroot\/tdata.tgbota.top\/public\/uploads\/admin\/202512\/695387359e84b\/8615213128221\/tdata\/temp_8210888458.session","client":null}},"error":""},"task_id":1,"mt_id":1323}]}
[2025-12-31T15:16:29+08:00][info] [callPythonApiAsync] 地址 http://127.0.0.1:5094 响应成功
[2025-12-31T15:16:29+08:00][info] [callPythonApiAsync] 的值：{"status":true,"message":"\u6279\u91cf\u4efb\u52a1\u5b8c\u6210","data":[{"status":false,"message":"\u590d\u7528\u5df2\u6709\u5ba2\u6237\u7aef\uff0c\u5df2\u5904\u4e8e\u5728\u7ebf\u72b6\u6001","data":{"account_status":"\u51bb\u7ed3","account_status_desc":"\u8d26\u53f7\u88abTelegram\u5b98\u65b9\u51bb\u7ed3: The account was frozen"},"account_info":{"account_id":"0","phone":"","result":{"session_path":"\/www\/wwwroot\/tdata.tgbota.top\/public\/uploads\/admin\/202512\/6952870fadb7f\/85296765120\/tdata\/temp_8191190211.session","verification_result":{"success":true,"user_id":8191190211,"username":null,"nickname":"Dorian Millicent","phone":"85296765120","country":"\u9999\u6e2f","status_info":{"type":"UserStatusOffline","is_online":false,"was_online":1767017788},"is_authorized":true,"account_status":"\u6b63\u5e38","account_status_desc":"\u8d26\u53f7\u72b6\u6001\u6b63\u5e38","session_file":"\/www\/wwwroot\/tdata.tgbota.top\/public\/uploads\/admin\/202512\/6952870fadb7f\/85296765120\/tdata\/temp_8191190211.session","client":null}},"error":""},"task_id":0,"mt_id":1189},{"status":false,"message":"\u590d\u7528\u5df2\u6709\u5ba2\u6237\u7aef\uff0c\u5df2\u5904\u4e8e\u5728\u7ebf\u72b6\u6001","data":{"account_status":"\u51bb\u7ed3","account_status_desc":"\u8d26\u53f7\u88abTelegram\u5b98\u65b9\u51bb\u7ed3: The account was frozen"},"account_info":{"account_id":"1","phone":"","result":{"session_path":"\/www\/wwwroot\/tdata.tgbota.top\/public\/uploads\/admin\/202512\/695387359e84b\/8615178828137\/tdata\/temp_8444556666.session","verification_result":{"success":true,"user_id":8444556666,"username":null,"nickname":"Dena Bloomquist","phone":"8615178828137","country":"\u4e2d\u56fd","status_info":{"type":"UserStatusOffline","is_online":false,"was_online":1766911555},"is_authorized":true,"account_status":"\u6b63\u5e38","account_status_desc":"\u8d26\u53f7\u72b6\u6001\u6b63\u5e38","session_file":"\/www\/wwwroot\/tdata.tgbota.top\/public\/uploads\/admin\/202512\/695387359e84b\/8615178828137\/tdata\/temp_8444556666.session","client":null}},"error":""},"task_id":1,"mt_id":1284}]}
[2025-12-31T15:16:29+08:00][info] [callPythonApiAsync] 地址 http://127.0.0.1:5055 响应成功
[2025-12-31T15:16:29+08:00][info] [allResults] 的值：{"5013":{"state":"fulfilled","value":{"status":true,"message":"\u6279\u91cf\u4efb\u52a1\u5b8c\u6210","data":[{"status":false,"message":"\u590d\u7528\u5df2\u6709\u5ba2\u6237\u7aef\uff0c\u5df2\u5904\u4e8e\u5728\u7ebf\u72b6\u6001","data":{"account_status":"\u51bb\u7ed3","account_status_desc":"\u8d26\u53f7\u88abTelegram\u5b98\u65b9\u51bb\u7ed3: The account was frozen"},"account_info":{"account_id":"0","phone":"","result":{"session_path":"\/www\/wwwroot\/tdata.tgbota.top\/public\/uploads\/admin\/202512\/6952870fadb7f\/85296732357\/tdata\/temp_8247806507.session","verification_result":{"success":true,"user_id":8247806507,"username":null,"nickname":"Trista Nadia","phone":"85296732357","country":"\u9999\u6e2f","status_info":{"type":"UserStatusOffline","is_online":false,"was_online":1763884159},"is_authorized":true,"account_status":"\u6b63\u5e38","account_status_desc":"\u8d26\u53f7\u72b6\u6001\u6b63\u5e38","session_file":"\/www\/wwwroot\/tdata.tgbota.top\/public\/uploads\/admin\/202512\/6952870fadb7f\/85296732357\/tdata\/temp_8247806507.session","client":null}},"error":""},"task_id":0,"mt_id":1147}]}},"5033":{"state":"fulfilled","value":{"status":true,"message":"\u6279\u91cf\u4efb\u52a1\u5b8c\u6210","data":[{"status":false,"message":"\u590d\u7528\u5df2\u6709\u5ba2\u6237\u7aef\uff0c\u5df2\u5904\u4e8e\u5728\u7ebf\u72b6\u6001","data":{"account_status":"\u51bb\u7ed3","account_status_desc":"\u8d26\u53f7\u88abTelegram\u5b98\u65b9\u51bb\u7ed3: The account was frozen"},"account_info":{"account_id":"0","phone":"","result":{"session_path":"\/www\/wwwroot\/tdata.tgbota.top\/public\/uploads\/admin\/202512\/6952870fadb7f\/85297408028\/tdata\/temp_8421226027.session","verification_result":{"success":true,"user_id":8421226027,"username":null,"nickname":"Tony Davin","phone":"85297408028","country":"\u9999\u6e2f","status_info":{"type":"UserStatusOffline","is_online":false,"was_online":1763884176},"is_authorized":true,"account_status":"\u6b63\u5e38","account_status_desc":"\u8d26\u53f7\u72b6\u6001\u6b63\u5e38","session_file":"\/www\/wwwroot\/tdata.tgbota.top\/public\/uploads\/admin\/202512\/6952870fadb7f\/85297408028\/tdata\/temp_8421226027.session","client":null}},"error":""},"task_id":0,"mt_id":1167}]}},"5040":{"state":"fulfilled","value":{"status":true,"message":"\u6279\u91cf\u4efb\u52a1\u5b8c\u6210","data":[{"status":false,"message":"\u590d\u7528\u5df2\u6709\u5ba2\u6237\u7aef\uff0c\u5df2\u5904\u4e8e\u5728\u7ebf\u72b6\u6001","data":{"account_status":"\u51bb\u7ed3","account_status_desc":"\u8d26\u53f7\u88abTelegram\u5b98\u65b9\u51bb\u7ed3: The account was frozen"},"account_info":{"account_id":"0","phone":"","result":{"session_path":"\/www\/wwwroot\/tdata.tgbota.top\/public\/uploads\/admin\/202512\/6952870fadb7f\/85247158958\/tdata\/temp_8400619507.session","verification_result":{"success":true,"user_id":8400619507,"username":null,"nickname":"Zachariah Mary","phone":"85247158958","country":"\u9999\u6e2f","status_info":{"type":"UserStatusOffline","is_online":false,"was_online":1764245729},"is_authorized":true,"account_status":"\u6b63\u5e38","account_status_desc":"\u8d26\u53f7\u72b6\u6001\u6b63\u5e38","session_file":"\/www\/wwwroot\/tdata.tgbota.top\/public\/uploads\/admin\/202512\/6952870fadb7f\/85247158958\/tdata\/temp_8400619507.session","client":null}},"error":""},"task_id":0,"mt_id":1079}]}},"5041":{"state":"fulfilled","value":{"status":true,"message":"\u6279\u91cf\u4efb\u52a1\u5b8c\u6210","data":[{"status":false,"message":"\u590d\u7528\u5df2\u6709\u5ba2\u6237\u7aef\uff0c\u5df2\u5904\u4e8e\u5728\u7ebf\u72b6\u6001","data":{"account_status":"\u51bb\u7ed3","account_status_desc":"\u8d26\u53f7\u88abTelegram\u5b98\u65b9\u51bb\u7ed3: The account was frozen"},"account_info":{"account_id":"0","phone":"","result":{"session_path":"\/www\/wwwroot\/tdata.tgbota.top\/public\/uploads\/admin\/202512\/6952870fadb7f\/85298387635\/tdata\/temp_8456250779.session","verification_result":{"success":true,"user_id":8456250779,"username":null,"nickname":"Black Tabitha","phone":"85298387635","country":"\u9999\u6e2f","status_info":{"type":"UserStatusOffline","is_online":false,"was_online":1763884245},"is_authorized":true,"account_status":"\u6b63\u5e38","account_status_desc":"\u8d26\u53f7\u72b6\u6001\u6b63\u5e38","session_file":"\/www\/wwwroot\/tdata.tgbota.top\/public\/uploads\/admin\/202512\/6952870fadb7f\/85298387635\/tdata\/temp_8456250779.session","client":null}},"error":""},"task_id":0,"mt_id":1175}]}},"5042":{"state":"fulfilled","value":{"status":true,"message":"\u6279\u91cf\u4efb\u52a1\u5b8c\u6210","data":[{"status":false,"message":"\u590d\u7528\u5df2\u6709\u5ba2\u6237\u7aef\uff0c\u5df2\u5904\u4e8e\u5728\u7ebf\u72b6\u6001","data":{"account_status":"\u51bb\u7ed3","account_status_desc":"\u8d26\u53f7\u88abTelegram\u5b98\u65b9\u51bb\u7ed3: The account was frozen"},"account_info":{"account_id":"0","phone":"","result":{"session_path":"\/www\/wwwroot\/tdata.tgbota.top\/public\/uploads\/admin\/202512\/6952870fadb7f\/85296750973\/tdata\/temp_8446284331.session","verification_result":{"success":true,"user_id":8446284331,"username":null,"nickname":"Rebellious Prosperous","phone":"85296750973","country":"\u9999\u6e2f","status_info":{"type":"UserStatusOffline","is_online":false,"was_online":1763884170},"is_authorized":true,"account_status":"\u6b63\u5e38","account_status_desc":"\u8d26\u53f7\u72b6\u6001\u6b63\u5e38","session_file":"\/www\/wwwroot\/tdata.tgbota.top\/public\/uploads\/admin\/202512\/6952870fadb7f\/85296750973\/tdata\/temp_8446284331.session","client":null}},"error":""},"task_id":0,"mt_id":1081}]}},"5045":{"state":"fulfilled","value":{"status":true,"message":"\u6279\u91cf\u4efb\u52a1\u5b8c\u6210","data":[{"status":false,"message":"\u590d\u7528\u5df2\u6709\u5ba2\u6237\u7aef\uff0c\u5df2\u5904\u4e8e\u5728\u7ebf\u72b6\u6001","data":{"account_status":"\u51bb\u7ed3","account_status_desc":"\u8d26\u53f7\u88abTelegram\u5b98\u65b9\u51bb\u7ed3: The account was frozen"},"account_info":{"account_id":"0","phone":"","result":{"session_path":"\/www\/wwwroot\/tdata.tgbota.top\/public\/uploads\/admin\/202512\/6952870fadb7f\/85296717601\/tdata\/temp_8300479419.session","verification_result":{"success":true,"user_id":8300479419,"username":null,"nickname":"Industrious Royal","phone":"85296717601","country":"\u9999\u6e2f","status_info":{"type":"UserStatusOffline","is_online":false,"was_online":1763884161},"is_authorized":true,"account_status":"\u6b63\u5e38","account_status_desc":"\u8d26\u53f7\u72b6\u6001\u6b63\u5e38","session_file":"\/www\/wwwroot\/tdata.tgbota.top\/public\/uploads\/admin\/202512\/6952870fadb7f\/85296717601\/tdata\/temp_8300479419.session","client":null}},"error":""},"task_id":0,"mt_id":1084},{"status":false,"message":"\u590d\u7528\u5df2\u6709\u5ba2\u6237\u7aef\uff0c\u5df2\u5904\u4e8e\u5728\u7ebf\u72b6\u6001","data":{"account_status":"\u51bb\u7ed3","account_status_desc":"\u8d26\u53f7\u88abTelegram\u5b98\u65b9\u51bb\u7ed3: The account was frozen"},"account_info":{"account_id":"1","phone":"","result":{"session_path":"\/www\/wwwroot\/tdata.tgbota.top\/public\/uploads\/admin\/202512\/6952870fadb7f\/85298323506\/tdata\/temp_8271324715.session","verification_result":{"success":true,"user_id":8271324715,"username":null,"nickname":"Theobold Anne","phone":"85298323506","country":"\u9999\u6e2f","status_info":{"type":"UserStatusOffline","is_online":false,"was_online":1763884248},"is_authorized":true,"account_status":"\u6b63\u5e38","account_status_desc":"\u8d26\u53f7\u72b6\u6001\u6b63\u5e38","session_file":"\/www\/wwwroot\/tdata.tgbota.top\/public\/uploads\/admin\/202512\/6952870fadb7f\/85298323506\/tdata\/temp_8271324715.session","client":null}},"error":""},"task_id":1,"mt_id":1179}]}},"5048":{"state":"fulfilled","value":{"status":true,"message":"\u6279\u91cf\u4efb\u52a1\u5b8c\u6210","data":[{"status":false,"message":"\u590d\u7528\u5df2\u6709\u5ba2\u6237\u7aef\uff0c\u5df2\u5904\u4e8e\u5728\u7ebf\u72b6\u6001","data":{"account_status":"\u51bb\u7ed3","account_status_desc":"\u8d26\u53f7\u88abTelegram\u5b98\u65b9\u51bb\u7ed3: The account was frozen"},"account_info":{"account_id":"0","phone":"","result":{"session_path":"\/www\/wwwroot\/tdata.tgbota.top\/public\/uploads\/admin\/202512\/695387359e84b\/8615213109327\/tdata\/temp_8240395408.session","verification_result":{"success":true,"user_id":8240395408,"username":null,"nickname":"Thea Bachleda","phone":"8615213109327","country":"\u4e2d\u56fd","status_info":{"type":"UserStatusOffline","is_online":false,"was_online":1766911552},"is_authorized":true,"account_status":"\u6b63\u5e38","account_status_desc":"\u8d26\u53f7\u72b6\u6001\u6b63\u5e38","session_file":"\/www\/wwwroot\/tdata.tgbota.top\/public\/uploads\/admin\/202512\/695387359e84b\/8615213109327\/tdata\/temp_8240395408.session","client":null}},"error":""},"task_id":0,"mt_id":1277}]}},"5049":{"state":"fulfilled","value":{"status":true,"message":"\u6279\u91cf\u4efb\u52a1\u5b8c\u6210","data":[{"status":false,"message":"\u590d\u7528\u5df2\u6709\u5ba2\u6237\u7aef\uff0c\u5df2\u5904\u4e8e\u5728\u7ebf\u72b6\u6001","data":{"account_status":"\u51bb\u7ed3","account_status_desc":"\u8d26\u53f7\u88abTelegram\u5b98\u65b9\u51bb\u7ed3: The account was frozen"},"account_info":{"account_id":"0","phone":"","result":{"session_path":"\/www\/wwwroot\/tdata.tgbota.top\/public\/uploads\/admin\/202512\/695387359e84b\/8615211852301\/tdata\/temp_8471501880.session","verification_result":{"success":true,"user_id":8471501880,"username":null,"nickname":"James Bustamante","phone":"8615211852301","country":"\u4e2d\u56fd","status_info":{"type":"UserStatusOffline","is_online":false,"was_online":1766911553},"is_authorized":true,"account_status":"\u6b63\u5e38","account_status_desc":"\u8d26\u53f7\u72b6\u6001\u6b63\u5e38","session_file":"\/www\/wwwroot\/tdata.tgbota.top\/public\/uploads\/admin\/202512\/695387359e84b\/8615211852301\/tdata\/temp_8471501880.session","client":null}},"error":""},"task_id":0,"mt_id":1278}]}},"5050":{"state":"fulfilled","value":{"status":true,"message":"\u6279\u91cf\u4efb\u52a1\u5b8c\u6210","data":[{"status":false,"message":"\u590d\u7528\u5df2\u6709\u5ba2\u6237\u7aef\uff0c\u5df2\u5904\u4e8e\u5728\u7ebf\u72b6\u6001","data":{"account_status":"\u51bb\u7ed3","account_status_desc":"\u8d26\u53f7\u88abTelegram\u5b98\u65b9\u51bb\u7ed3: The account was frozen"},"account_info":{"account_id":"0","phone":"","result":{"session_path":"\/www\/wwwroot\/tdata.tgbota.top\/public\/uploads\/admin\/202512\/695387359e84b\/8615178844163\/tdata\/temp_8464730439.session","verification_result":{"success":true,"user_id":8464730439,"username":null,"nickname":"Beverly Anderson","phone":"8615178844163","country":"\u4e2d\u56fd","status_info":{"type":"UserStatusOffline","is_online":false,"was_online":1766911556},"is_authorized":true,"account_status":"\u6b63\u5e38","account_status_desc":"\u8d26\u53f7\u72b6\u6001\u6b63\u5e38","session_file":"\/www\/wwwroot\/tdata.tgbota.top\/public\/uploads\/admin\/202512\/695387359e84b\/8615178844163\/tdata\/temp_8464730439.session","client":null}},"error":""},"task_id":0,"mt_id":1279}]}},"5051":{"state":"fulfilled","value":{"status":true,"message":"\u6279\u91cf\u4efb\u52a1\u5b8c\u6210","data":[{"status":false,"message":"\u590d\u7528\u5df2\u6709\u5ba2\u6237\u7aef\uff0c\u5df2\u5904\u4e8e\u5728\u7ebf\u72b6\u6001","data":{"account_status":"\u51bb\u7ed3","account_status_desc":"\u8d26\u53f7\u88abTelegram\u5b98\u65b9\u51bb\u7ed3: The account was frozen"},"account_info":{"account_id":"0","phone":"","result":{"session_path":"\/www\/wwwroot\/tdata.tgbota.top\/public\/uploads\/admin\/202512\/695387359e84b\/8615200855780\/tdata\/temp_8418531061.session","verification_result":{"success":true,"user_id":8418531061,"username":null,"nickname":"Jack Donelson","phone":"8615200855780","country":"\u4e2d\u56fd","status_info":{"type":"UserStatusOffline","is_online":false,"was_online":1766911555},"is_authorized":true,"account_status":"\u6b63\u5e38","account_status_desc":"\u8d26\u53f7\u72b6\u6001\u6b63\u5e38","session_file":"\/www\/wwwroot\/tdata.tgbota.top\/public\/uploads\/admin\/202512\/695387359e84b\/8615200855780\/tdata\/temp_8418531061.session","client":null}},"error":""},"task_id":0,"mt_id":1280}]}},"5052":{"state":"fulfilled","value":{"status":true,"message":"\u6279\u91cf\u4efb\u52a1\u5b8c\u6210","data":[{"status":false,"message":"\u590d\u7528\u5df2\u6709\u5ba2\u6237\u7aef\uff0c\u5df2\u5904\u4e8e\u5728\u7ebf\u72b6\u6001","data":{"account_status":"\u51bb\u7ed3","account_status_desc":"\u8d26\u53f7\u88abTelegram\u5b98\u65b9\u51bb\u7ed3: The account was frozen"},"account_info":{"account_id":"0","phone":"","result":{"session_path":"\/www\/wwwroot\/tdata.tgbota.top\/public\/uploads\/admin\/202512\/6952870fadb7f\/85296757221\/tdata\/temp_8513237843.session","verification_result":{"success":true,"user_id":8513237843,"username":null,"nickname":"Page Haley","phone":"85296757221","country":"\u9999\u6e2f","status_info":{"type":"UserStatusOffline","is_online":false,"was_online":1763884178},"is_authorized":true,"account_status":"\u6b63\u5e38","account_status_desc":"\u8d26\u53f7\u72b6\u6001\u6b63\u5e38","session_file":"\/www\/wwwroot\/tdata.tgbota.top\/public\/uploads\/admin\/202512\/6952870fadb7f\/85296757221\/tdata\/temp_8513237843.session","client":null}},"error":""},"task_id":0,"mt_id":1091},{"status":false,"message":"\u590d\u7528\u5df2\u6709\u5ba2\u6237\u7aef\uff0c\u5df2\u5904\u4e8e\u5728\u7ebf\u72b6\u6001","data":{"account_status":"\u51bb\u7ed3","account_status_desc":"\u8d26\u53f7\u88abTelegram\u5b98\u65b9\u51bb\u7ed3: The account was frozen"},"account_info":{"account_id":"1","phone":"","result":{"session_path":"\/www\/wwwroot\/tdata.tgbota.top\/public\/uploads\/admin\/202512\/695387359e84b\/8615178828504\/tdata\/temp_8251645021.session","verification_result":{"success":true,"user_id":8251645021,"username":null,"nickname":"Ricardo Fitts","phone":"8615178828504","country":"\u4e2d\u56fd","status_info":{"type":"UserStatusOffline","is_online":false,"was_online":1766911553},"is_authorized":true,"account_status":"\u6b63\u5e38","account_status_desc":"\u8d26\u53f7\u72b6\u6001\u6b63\u5e38","session_file":"\/www\/wwwroot\/tdata.tgbota.top\/public\/uploads\/admin\/202512\/695387359e84b\/8615178828504\/tdata\/temp_8251645021.session","client":null}},"error":""},"task_id":1,"mt_id":1281}]}},"5053":{"state":"fulfilled","value":{"status":true,"message":"\u6279\u91cf\u4efb\u52a1\u5b8c\u6210","data":[{"status":true,"message":"\u590d\u7528\u5df2\u6709\u5ba2\u6237\u7aef\uff0c\u5df2\u5904\u4e8e\u5728\u7ebf\u72b6\u6001","data":{"account_status":"\u6b63\u5e38","account_status_desc":"\u767b\u5f55\u6210\u529f"},"account_info":{"account_id":"0","phone":"","result":{"session_path":"\/www\/wwwroot\/tdata.tgbota.top\/public\/uploads\/admin\/202512\/695387359e84b\/8615178828467\/tdata\/temp_8495116294.session","verification_result":{"success":true,"user_id":8495116294,"username":null,"nickname":"Keturah Horsley","phone":"8615178828467","country":"\u4e2d\u56fd","status_info":{"type":"UserStatusOffline","is_online":false,"was_online":1766911553},"is_authorized":true,"account_status":"\u6b63\u5e38","account_status_desc":"\u8d26\u53f7\u72b6\u6001\u6b63\u5e38","session_file":"\/www\/wwwroot\/tdata.tgbota.top\/public\/uploads\/admin\/202512\/695387359e84b\/8615178828467\/tdata\/temp_8495116294.session","client":null}},"error":""},"task_id":0,"mt_id":1282}]}},"5054":{"state":"fulfilled","value":{"status":true,"message":"\u6279\u91cf\u4efb\u52a1\u5b8c\u6210","data":[{"status":true,"message":"\u590d\u7528\u5df2\u6709\u5ba2\u6237\u7aef\uff0c\u5df2\u5904\u4e8e\u5728\u7ebf\u72b6\u6001","data":{"account_status":"\u6b63\u5e38","account_status_desc":"\u767b\u5f55\u6210\u529f"},"account_info":{"account_id":"0","phone":"","result":{"session_path":"\/www\/wwwroot\/tdata.tgbota.top\/public\/uploads\/admin\/202512\/695387359e84b\/8615211862815\/tdata\/temp_8412207894.session","verification_result":{"success":true,"user_id":8412207894,"username":null,"nickname":"Gladys Barrocas","phone":"8615211862815","country":"\u4e2d\u56fd","status_info":{"type":"UserStatusOffline","is_online":false,"was_online":1766911553},"is_authorized":true,"account_status":"\u6b63\u5e38","account_status_desc":"\u8d26\u53f7\u72b6\u6001\u6b63\u5e38","session_file":"\/www\/wwwroot\/tdata.tgbota.top\/public\/uploads\/admin\/202512\/695387359e84b\/8615211862815\/tdata\/temp_8412207894.session","client":null}},"error":""},"task_id":0,"mt_id":1283}]}},"5055":{"state":"fulfilled","value":{"status":true,"message":"\u6279\u91cf\u4efb\u52a1\u5b8c\u6210","data":[{"status":false,"message":"\u590d\u7528\u5df2\u6709\u5ba2\u6237\u7aef\uff0c\u5df2\u5904\u4e8e\u5728\u7ebf\u72b6\u6001","data":{"account_status":"\u51bb\u7ed3","account_status_desc":"\u8d26\u53f7\u88abTelegram\u5b98\u65b9\u51bb\u7ed3: The account was frozen"},"account_info":{"account_id":"0","phone":"","result":{"session_path":"\/www\/wwwroot\/tdata.tgbota.top\/public\/uploads\/admin\/202512\/6952870fadb7f\/85296765120\/tdata\/temp_8191190211.session","verification_result":{"success":true,"user_id":8191190211,"username":null,"nickname":"Dorian Millicent","phone":"85296765120","country":"\u9999\u6e2f","status_info":{"type":"UserStatusOffline","is_online":false,"was_online":1767017788},"is_authorized":true,"account_status":"\u6b63\u5e38","account_status_desc":"\u8d26\u53f7\u72b6\u6001\u6b63\u5e38","session_file":"\/www\/wwwroot\/tdata.tgbota.top\/public\/uploads\/admin\/202512\/6952870fadb7f\/85296765120\/tdata\/temp_8191190211.session","client":null}},"error":""},"task_id":0,"mt_id":1189},{"status":false,"message":"\u590d\u7528\u5df2\u6709\u5ba2\u6237\u7aef\uff0c\u5df2\u5904\u4e8e\u5728\u7ebf\u72b6\u6001","data":{"account_status":"\u51bb\u7ed3","account_status_desc":"\u8d26\u53f7\u88abTelegram\u5b98\u65b9\u51bb\u7ed3: The account was frozen"},"account_info":{"account_id":"1","phone":"","result":{"session_path":"\/www\/wwwroot\/tdata.tgbota.top\/public\/uploads\/admin\/202512\/695387359e84b\/8615178828137\/tdata\/temp_8444556666.session","verification_result":{"success":true,"user_id":8444556666,"username":null,"nickname":"Dena Bloomquist","phone":"8615178828137","country":"\u4e2d\u56fd","status_info":{"type":"UserStatusOffline","is_online":false,"was_online":1766911555},"is_authorized":true,"account_status":"\u6b63\u5e38","account_status_desc":"\u8d26\u53f7\u72b6\u6001\u6b63\u5e38","session_file":"\/www\/wwwroot\/tdata.tgbota.top\/public\/uploads\/admin\/202512\/695387359e84b\/8615178828137\/tdata\/temp_8444556666.session","client":null}},"error":""},"task_id":1,"mt_id":1284}]}},"5056":{"state":"fulfilled","value":{"status":true,"message":"\u6279\u91cf\u4efb\u52a1\u5b8c\u6210","data":[{"status":false,"message":"\u590d\u7528\u5df2\u6709\u5ba2\u6237\u7aef\uff0c\u5df2\u5904\u4e8e\u5728\u7ebf\u72b6\u6001","data":{"account_status":"\u51bb\u7ed3","account_status_desc":"\u8d26\u53f7\u88abTelegram\u5b98\u65b9\u51bb\u7ed3: The account was frozen"},"account_info":{"account_id":"0","phone":"","result":{"session_path":"\/www\/wwwroot\/tdata.tgbota.top\/public\/uploads\/admin\/202512\/6952870fadb7f\/85298334597\/tdata\/temp_8408103171.session","verification_result":{"success":true,"user_id":8408103171,"username":null,"nickname":"Willette Wayne","phone":"85298334597","country":"\u9999\u6e2f","status_info":{"type":"UserStatusOffline","is_online":false,"was_online":1767018383},"is_authorized":true,"account_status":"\u6b63\u5e38","account_status_desc":"\u8d26\u53f7\u72b6\u6001\u6b63\u5e38","session_file":"\/www\/wwwroot\/tdata.tgbota.top\/public\/uploads\/admin\/202512\/6952870fadb7f\/85298334597\/tdata\/temp_8408103171.session","client":null}},"error":""},"task_id":0,"mt_id":1190},{"status":false,"message":"\u590d\u7528\u5df2\u6709\u5ba2\u6237\u7aef\uff0c\u5df2\u5904\u4e8e\u5728\u7ebf\u72b6\u6001","data":{"account_status":"\u51bb\u7ed3","account_status_desc":"\u8d26\u53f7\u88abTelegram\u5b98\u65b9\u51bb\u7ed3: The account was frozen"},"account_info":{"account_id":"1","phone":"","result":{"session_path":"\/www\/wwwroot\/tdata.tgbota.top\/public\/uploads\/admin\/202512\/695387359e84b\/8615213104315\/tdata\/temp_8077456681.session","verification_result":{"success":true,"user_id":8077456681,"username":null,"nickname":"Angela Ray","phone":"8615213104315","country":"\u4e2d\u56fd","status_info":{"type":"UserStatusOffline","is_online":false,"was_online":1766911554},"is_authorized":true,"account_status":"\u6b63\u5e38","account_status_desc":"\u8d26\u53f7\u72b6\u6001\u6b63\u5e38","session_file":"\/www\/wwwroot\/tdata.tgbota.top\/public\/uploads\/admin\/202512\/695387359e84b\/8615213104315\/tdata\/temp_8077456681.session","client":null}},"error":""},"task_id":1,"mt_id":1285}]}},"5057":{"state":"fulfilled","value":{"status":true,"message":"\u6279\u91cf\u4efb\u52a1\u5b8c\u6210","data":[{"status":false,"message":"\u590d\u7528\u5df2\u6709\u5ba2\u6237\u7aef\uff0c\u5df2\u5904\u4e8e\u5728\u7ebf\u72b6\u6001","data":{"account_status":"\u51bb\u7ed3","account_status_desc":"\u8d26\u53f7\u88abTelegram\u5b98\u65b9\u51bb\u7ed3: The account was frozen"},"account_info":{"account_id":"0","phone":"","result":{"session_path":"\/www\/wwwroot\/tdata.tgbota.top\/public\/uploads\/admin\/202512\/6952870fadb7f\/85298314609\/tdata\/temp_8238034451.session","verification_result":{"success":true,"user_id":8238034451,"username":null,"nickname":"Larina Emeline","phone":"85298314609","country":"\u9999\u6e2f","status_info":{"type":"UserStatusOffline","is_online":false,"was_online":1767017596},"is_authorized":true,"account_status":"\u6b63\u5e38","account_status_desc":"\u8d26\u53f7\u72b6\u6001\u6b63\u5e38","session_file":"\/www\/wwwroot\/tdata.tgbota.top\/public\/uploads\/admin\/202512\/6952870fadb7f\/85298314609\/tdata\/temp_8238034451.session","client":null}},"error":""},"task_id":0,"mt_id":1191},{"status":false,"message":"\u590d\u7528\u5df2\u6709\u5ba2\u6237\u7aef\uff0c\u5df2\u5904\u4e8e\u5728\u7ebf\u72b6\u6001","data":{"account_status":"\u51bb\u7ed3","account_status_desc":"\u8d26\u53f7\u88abTelegram\u5b98\u65b9\u51bb\u7ed3: The account was frozen"},"account_info":{"account_id":"1","phone":"","result":{"session_path":"\/www\/wwwroot\/tdata.tgbota.top\/public\/uploads\/admin\/202512\/695387359e84b\/8615178891370\/tdata\/temp_8312655669.session","verification_result":{"success":true,"user_id":8312655669,"username":null,"nickname":"Nellie Fisher","phone":"8615178891370","country":"\u4e2d\u56fd","status_info":{"type":"UserStatusOffline","is_online":false,"was_online":1766911554},"is_authorized":true,"account_status":"\u6b63\u5e38","account_status_desc":"\u8d26\u53f7\u72b6\u6001\u6b63\u5e38","session_file":"\/www\/wwwroot\/tdata.tgbota.top\/public\/uploads\/admin\/202512\/695387359e84b\/8615178891370\/tdata\/temp_8312655669.session","client":null}},"error":""},"task_id":1,"mt_id":1286}]}},"5058":{"state":"fulfilled","value":{"status":true,"message":"\u6279\u91cf\u4efb\u52a1\u5b8c\u6210","data":[{"status":false,"message":"\u590d\u7528\u5df2\u6709\u5ba2\u6237\u7aef\uff0c\u5df2\u5904\u4e8e\u5728\u7ebf\u72b6\u6001","data":{"account_status":"\u51bb\u7ed3","account_status_desc":"\u8d26\u53f7\u88abTelegram\u5b98\u65b9\u51bb\u7ed3: The account was frozen"},"account_info":{"account_id":"0","phone":"","result":{"session_path":"\/www\/wwwroot\/tdata.tgbota.top\/public\/uploads\/admin\/202512\/695387359e84b\/8615178868044\/tdata\/temp_8275206751.session","verification_result":{"success":true,"user_id":8275206751,"username":null,"nickname":"Melissa Robinson","phone":"8615178868044","country":"\u4e2d\u56fd","status_info":{"type":"UserStatusOffline","is_online":false,"was_online":1766911555},"is_authorized":true,"account_status":"\u6b63\u5e38","account_status_desc":"\u8d26\u53f7\u72b6\u6001\u6b63\u5e38","session_file":"\/www\/wwwroot\/tdata.tgbota.top\/public\/uploads\/admin\/202512\/695387359e84b\/8615178868044\/tdata\/temp_8275206751.session","client":null}},"error":""},"task_id":0,"mt_id":1287}]}},"5059":{"state":"fulfilled","value":{"status":true,"message":"\u6279\u91cf\u4efb\u52a1\u5b8c\u6210","data":[{"status":false,"message":"\u590d\u7528\u5df2\u6709\u5ba2\u6237\u7aef\uff0c\u5df2\u5904\u4e8e\u5728\u7ebf\u72b6\u6001","data":{"account_status":"\u51bb\u7ed3","account_status_desc":"\u8d26\u53f7\u88abTelegram\u5b98\u65b9\u51bb\u7ed3: The account was frozen"},"account_info":{"account_id":"0","phone":"","result":{"session_path":"\/www\/wwwroot\/tdata.tgbota.top\/public\/uploads\/admin\/202512\/695387359e84b\/8615178793580\/tdata\/temp_8262353413.session","verification_result":{"success":true,"user_id":8262353413,"username":null,"nickname":"Jill Desrosiers","phone":"8615178793580","country":"\u4e2d\u56fd","status_info":{"type":"UserStatusOffline","is_online":false,"was_online":1766911554},"is_authorized":true,"account_status":"\u6b63\u5e38","account_status_desc":"\u8d26\u53f7\u72b6\u6001\u6b63\u5e38","session_file":"\/www\/wwwroot\/tdata.tgbota.top\/public\/uploads\/admin\/202512\/695387359e84b\/8615178793580\/tdata\/temp_8262353413.session","client":null}},"error":""},"task_id":0,"mt_id":1288}]}},"5060":{"state":"fulfilled","value":{"status":true,"message":"\u6279\u91cf\u4efb\u52a1\u5b8c\u6210","data":[{"status":false,"message":"\u590d\u7528\u5df2\u6709\u5ba2\u6237\u7aef\uff0c\u5df2\u5904\u4e8e\u5728\u7ebf\u72b6\u6001","data":{"account_status":"\u51bb\u7ed3","account_status_desc":"\u8d26\u53f7\u88abTelegram\u5b98\u65b9\u51bb\u7ed3: The account was frozen"},"account_info":{"account_id":"0","phone":"","result":{"session_path":"\/www\/wwwroot\/tdata.tgbota.top\/public\/uploads\/admin\/202512\/695387359e84b\/8615213111701\/tdata\/temp_7825911921.session","verification_result":{"success":true,"user_id":7825911921,"username":null,"nickname":"Evan Chee","phone":"8615213111701","country":"\u4e2d\u56fd","status_info":{"type":"UserStatusOffline","is_online":false,"was_online":1766911552},"is_authorized":true,"account_status":"\u6b63\u5e38","account_status_desc":"\u8d26\u53f7\u72b6\u6001\u6b63\u5e38","session_file":"\/www\/wwwroot\/tdata.tgbota.top\/public\/uploads\/admin\/202512\/695387359e84b\/8615213111701\/tdata\/temp_7825911921.session","client":null}},"error":""},"task_id":0,"mt_id":1289}]}},"5061":{"state":"fulfilled","value":{"status":true,"message":"\u6279\u91cf\u4efb\u52a1\u5b8c\u6210","data":[{"status":false,"message":"\u590d\u7528\u5df2\u6709\u5ba2\u6237\u7aef\uff0c\u5df2\u5904\u4e8e\u5728\u7ebf\u72b6\u6001","data":{"account_status":"\u51bb\u7ed3","account_status_desc":"\u8d26\u53f7\u88abTelegram\u5b98\u65b9\u51bb\u7ed3: The account was frozen"},"account_info":{"account_id":"0","phone":"","result":{"session_path":"\/www\/wwwroot\/tdata.tgbota.top\/public\/uploads\/admin\/202512\/695387359e84b\/8615178877425\/tdata\/temp_8475919589.session","verification_result":{"success":true,"user_id":8475919589,"username":null,"nickname":"Ross Haas","phone":"8615178877425","country":"\u4e2d\u56fd","status_info":{"type":"UserStatusOffline","is_online":false,"was_online":1766911553},"is_authorized":true,"account_status":"\u6b63\u5e38","account_status_desc":"\u8d26\u53f7\u72b6\u6001\u6b63\u5e38","session_file":"\/www\/wwwroot\/tdata.tgbota.top\/public\/uploads\/admin\/202512\/695387359e84b\/8615178877425\/tdata\/temp_8475919589.session","client":null}},"error":""},"task_id":0,"mt_id":1290}]}},"5062":{"state":"fulfilled","value":{"status":true,"message":"\u6279\u91cf\u4efb\u52a1\u5b8c\u6210","data":[{"status":false,"message":"\u590d\u7528\u5df2\u6709\u5ba2\u6237\u7aef\uff0c\u5df2\u5904\u4e8e\u5728\u7ebf\u72b6\u6001","data":{"account_status":"\u51bb\u7ed3","account_status_desc":"\u8d26\u53f7\u88abTelegram\u5b98\u65b9\u51bb\u7ed3: The account was frozen"},"account_info":{"account_id":"0","phone":"","result":{"session_path":"\/www\/wwwroot\/tdata.tgbota.top\/public\/uploads\/admin\/202512\/695387359e84b\/8615213123724\/tdata\/temp_7770205711.session","verification_result":{"success":true,"user_id":7770205711,"username":null,"nickname":"Jane Skubis","phone":"8615213123724","country":"\u4e2d\u56fd","status_info":{"type":"UserStatusOffline","is_online":false,"was_online":1766911555},"is_authorized":true,"account_status":"\u6b63\u5e38","account_status_desc":"\u8d26\u53f7\u72b6\u6001\u6b63\u5e38","session_file":"\/www\/wwwroot\/tdata.tgbota.top\/public\/uploads\/admin\/202512\/695387359e84b\/8615213123724\/tdata\/temp_7770205711.session","client":null}},"error":""},"task_id":0,"mt_id":1291}]}},"5063":{"state":"fulfilled","value":{"status":true,"message":"\u6279\u91cf\u4efb\u52a1\u5b8c\u6210","data":[{"status":false,"message":"\u590d\u7528\u5df2\u6709\u5ba2\u6237\u7aef\uff0c\u5df2\u5904\u4e8e\u5728\u7ebf\u72b6\u6001","data":{"account_status":"\u51bb\u7ed3","account_status_desc":"\u8d26\u53f7\u88abTelegram\u5b98\u65b9\u51bb\u7ed3: The account was frozen"},"account_info":{"account_id":"0","phone":"","result":{"session_path":"\/www\/wwwroot\/tdata.tgbota.top\/public\/uploads\/admin\/202512\/695387359e84b\/8615178773647\/tdata\/temp_8126419928.session","verification_result":{"success":true,"user_id":8126419928,"username":null,"nickname":"Mark Borges","phone":"8615178773647","country":"\u4e2d\u56fd","status_info":{"type":"UserStatusOffline","is_online":false,"was_online":1766911555},"is_authorized":true,"account_status":"\u6b63\u5e38","account_status_desc":"\u8d26\u53f7\u72b6\u6001\u6b63\u5e38","session_file":"\/www\/wwwroot\/tdata.tgbota.top\/public\/uploads\/admin\/202512\/695387359e84b\/8615178773647\/tdata\/temp_8126419928.session","client":null}},"error":""},"task_id":0,"mt_id":1292}]}},"5064":{"state":"fulfilled","value":{"status":true,"message":"\u6279\u91cf\u4efb\u52a1\u5b8c\u6210","data":[{"status":false,"message":"\u590d\u7528\u5df2\u6709\u5ba2\u6237\u7aef\uff0c\u5df2\u5904\u4e8e\u5728\u7ebf\u72b6\u6001","data":{"account_status":"\u51bb\u7ed3","account_status_desc":"\u8d26\u53f7\u88abTelegram\u5b98\u65b9\u51bb\u7ed3: The account was frozen"},"account_info":{"account_id":"0","phone":"","result":{"session_path":"\/www\/wwwroot\/tdata.tgbota.top\/public\/uploads\/admin\/202512\/695387359e84b\/8615213127604\/tdata\/temp_8172997145.session","verification_result":{"success":true,"user_id":8172997145,"username":null,"nickname":"Renee Lumpkin","phone":"8615213127604","country":"\u4e2d\u56fd","status_info":{"type":"UserStatusOffline","is_online":false,"was_online":1766911554},"is_authorized":true,"account_status":"\u6b63\u5e38","account_status_desc":"\u8d26\u53f7\u72b6\u6001\u6b63\u5e38","session_file":"\/www\/wwwroot\/tdata.tgbota.top\/public\/uploads\/admin\/202512\/695387359e84b\/8615213127604\/tdata\/temp_8172997145.session","client":null}},"error":""},"task_id":0,"mt_id":1293}]}},"5065":{"state":"fulfilled","value":{"status":true,"message":"\u6279\u91cf\u4efb\u52a1\u5b8c\u6210","data":[{"status":false,"message":"\u590d\u7528\u5df2\u6709\u5ba2\u6237\u7aef\uff0c\u5df2\u5904\u4e8e\u5728\u7ebf\u72b6\u6001","data":{"account_status":"\u51bb\u7ed3","account_status_desc":"\u8d26\u53f7\u88abTelegram\u5b98\u65b9\u51bb\u7ed3: The account was frozen"},"account_info":{"account_id":"0","phone":"","result":{"session_path":"\/www\/wwwroot\/tdata.tgbota.top\/public\/uploads\/admin\/202512\/695387359e84b\/8615178745170\/tdata\/temp_8461665305.session","verification_result":{"success":true,"user_id":8461665305,"username":null,"nickname":"John Raines","phone":"8615178745170","country":"\u4e2d\u56fd","status_info":{"type":"UserStatusOffline","is_online":false,"was_online":1766911555},"is_authorized":true,"account_status":"\u6b63\u5e38","account_status_desc":"\u8d26\u53f7\u72b6\u6001\u6b63\u5e38","session_file":"\/www\/wwwroot\/tdata.tgbota.top\/public\/uploads\/admin\/202512\/695387359e84b\/8615178745170\/tdata\/temp_8461665305.session","client":null}},"error":""},"task_id":0,"mt_id":1294}]}},"5066":{"state":"fulfilled","value":{"status":true,"message":"\u6279\u91cf\u4efb\u52a1\u5b8c\u6210","data":[{"status":false,"message":"\u590d\u7528\u5df2\u6709\u5ba2\u6237\u7aef\uff0c\u5df2\u5904\u4e8e\u5728\u7ebf\u72b6\u6001","data":{"account_status":"\u51bb\u7ed3","account_status_desc":"\u8d26\u53f7\u88abTelegram\u5b98\u65b9\u51bb\u7ed3: The account was frozen"},"account_info":{"account_id":"0","phone":"","result":{"session_path":"\/www\/wwwroot\/tdata.tgbota.top\/public\/uploads\/admin\/202512\/695387359e84b\/8615178862474\/tdata\/temp_8407871615.session","verification_result":{"success":true,"user_id":8407871615,"username":null,"nickname":"Darrell Medley","phone":"8615178862474","country":"\u4e2d\u56fd","status_info":{"type":"UserStatusOffline","is_online":false,"was_online":1766911554},"is_authorized":true,"account_status":"\u6b63\u5e38","account_status_desc":"\u8d26\u53f7\u72b6\u6001\u6b63\u5e38","session_file":"\/www\/wwwroot\/tdata.tgbota.top\/public\/uploads\/admin\/202512\/695387359e84b\/8615178862474\/tdata\/temp_8407871615.session","client":null}},"error":""},"task_id":0,"mt_id":1295}]}},"5067":{"state":"fulfilled","value":{"status":true,"message":"\u6279\u91cf\u4efb\u52a1\u5b8c\u6210","data":[{"status":false,"message":"\u590d\u7528\u5df2\u6709\u5ba2\u6237\u7aef\uff0c\u5df2\u5904\u4e8e\u5728\u7ebf\u72b6\u6001","data":{"account_status":"\u51bb\u7ed3","account_status_desc":"\u8d26\u53f7\u88abTelegram\u5b98\u65b9\u51bb\u7ed3: The account was frozen"},"account_info":{"account_id":"0","phone":"","result":{"session_path":"\/www\/wwwroot\/tdata.tgbota.top\/public\/uploads\/admin\/202512\/6952870fadb7f\/85296757284\/tdata\/temp_8527728163.session","verification_result":{"success":true,"user_id":8527728163,"username":null,"nickname":"Dwight Crown","phone":"85296757284","country":"\u9999\u6e2f","status_info":{"type":"UserStatusOffline","is_online":false,"was_online":1763884173},"is_authorized":true,"account_status":"\u6b63\u5e38","account_status_desc":"\u8d26\u53f7\u72b6\u6001\u6b63\u5e38","session_file":"\/www\/wwwroot\/tdata.tgbota.top\/public\/uploads\/admin\/202512\/6952870fadb7f\/85296757284\/tdata\/temp_8527728163.session","client":null}},"error":""},"task_id":0,"mt_id":1106},{"status":false,"message":"\u590d\u7528\u5df2\u6709\u5ba2\u6237\u7aef\uff0c\u5df2\u5904\u4e8e\u5728\u7ebf\u72b6\u6001","data":{"account_status":"\u51bb\u7ed3","account_status_desc":"\u8d26\u53f7\u88abTelegram\u5b98\u65b9\u51bb\u7ed3: The account was frozen"},"account_info":{"account_id":"1","phone":"","result":{"session_path":"\/www\/wwwroot\/tdata.tgbota.top\/public\/uploads\/admin\/202512\/695387359e84b\/8615213111450\/tdata\/temp_7686170276.session","verification_result":{"success":true,"user_id":7686170276,"username":null,"nickname":"Nancy Leath","phone":"8615213111450","country":"\u4e2d\u56fd","status_info":{"type":"UserStatusOffline","is_online":false,"was_online":1766911553},"is_authorized":true,"account_status":"\u6b63\u5e38","account_status_desc":"\u8d26\u53f7\u72b6\u6001\u6b63\u5e38","session_file":"\/www\/wwwroot\/tdata.tgbota.top\/public\/uploads\/admin\/202512\/695387359e84b\/8615213111450\/tdata\/temp_7686170276.session","client":null}},"error":""},"task_id":1,"mt_id":1296}]}},"5068":{"state":"fulfilled","value":{"status":true,"message":"\u6279\u91cf\u4efb\u52a1\u5b8c\u6210","data":[{"status":false,"message":"\u590d\u7528\u5df2\u6709\u5ba2\u6237\u7aef\uff0c\u5df2\u5904\u4e8e\u5728\u7ebf\u72b6\u6001","data":{"account_status":"\u51bb\u7ed3","account_status_desc":"\u8d26\u53f7\u88abTelegram\u5b98\u65b9\u51bb\u7ed3: The account was frozen"},"account_info":{"account_id":"0","phone":"","result":{"session_path":"\/www\/wwwroot\/tdata.tgbota.top\/public\/uploads\/admin\/202512\/695277bebf004\/85244966739\/tdata\/temp_8268471203.session","verification_result":{"success":true,"user_id":8268471203,"username":null,"nickname":"Lucas Lilah","phone":"85244966739","country":"\u9999\u6e2f","status_info":{"type":"UserStatusOffline","is_online":false,"was_online":1767016712},"is_authorized":true,"account_status":"\u6b63\u5e38","account_status_desc":"\u8d26\u53f7\u72b6\u6001\u6b63\u5e38","session_file":"\/www\/wwwroot\/tdata.tgbota.top\/public\/uploads\/admin\/202512\/695277bebf004\/85244966739\/tdata\/temp_8268471203.session","client":null}},"error":""},"task_id":0,"mt_id":1012},{"status":false,"message":"\u590d\u7528\u5df2\u6709\u5ba2\u6237\u7aef\uff0c\u5df2\u5904\u4e8e\u5728\u7ebf\u72b6\u6001","data":{"account_status":"\u51bb\u7ed3","account_status_desc":"\u8d26\u53f7\u88abTelegram\u5b98\u65b9\u51bb\u7ed3: The account was frozen"},"account_info":{"account_id":"1","phone":"","result":{"session_path":"\/www\/wwwroot\/tdata.tgbota.top\/public\/uploads\/admin\/202512\/695387359e84b\/8615207293942\/tdata\/temp_8312443197.session","verification_result":{"success":true,"user_id":8312443197,"username":null,"nickname":"Bryant Spaid","phone":"8615207293942","country":"\u4e2d\u56fd","status_info":{"type":"UserStatusOffline","is_online":false,"was_online":1766911553},"is_authorized":true,"account_status":"\u6b63\u5e38","account_status_desc":"\u8d26\u53f7\u72b6\u6001\u6b63\u5e38","session_file":"\/www\/wwwroot\/tdata.tgbota.top\/public\/uploads\/admin\/202512\/695387359e84b\/8615207293942\/tdata\/temp_8312443197.session","client":null}},"error":""},"task_id":1,"mt_id":1297}]}},"5069":{"state":"fulfilled","value":{"status":true,"message":"\u6279\u91cf\u4efb\u52a1\u5b8c\u6210","data":[{"status":false,"message":"\u590d\u7528\u5df2\u6709\u5ba2\u6237\u7aef\uff0c\u5df2\u5904\u4e8e\u5728\u7ebf\u72b6\u6001","data":{"account_status":"\u51bb\u7ed3","account_status_desc":"\u8d26\u53f7\u88abTelegram\u5b98\u65b9\u51bb\u7ed3: The account was frozen"},"account_info":{"account_id":"0","phone":"","result":{"session_path":"\/www\/wwwroot\/tdata.tgbota.top\/public\/uploads\/admin\/202512\/695387359e84b\/8615211864362\/tdata\/temp_8278596927.session","verification_result":{"success":true,"user_id":8278596927,"username":null,"nickname":"Dorothy Little","phone":"8615211864362","country":"\u4e2d\u56fd","status_info":{"type":"UserStatusOffline","is_online":false,"was_online":1766911554},"is_authorized":true,"account_status":"\u6b63\u5e38","account_status_desc":"\u8d26\u53f7\u72b6\u6001\u6b63\u5e38","session_file":"\/www\/wwwroot\/tdata.tgbota.top\/public\/uploads\/admin\/202512\/695387359e84b\/8615211864362\/tdata\/temp_8278596927.session","client":null}},"error":""},"task_id":0,"mt_id":1298}]}},"5070":{"state":"fulfilled","value":{"status":true,"message":"\u6279\u91cf\u4efb\u52a1\u5b8c\u6210","data":[{"status":false,"message":"\u590d\u7528\u5df2\u6709\u5ba2\u6237\u7aef\uff0c\u5df2\u5904\u4e8e\u5728\u7ebf\u72b6\u6001","data":{"account_status":"\u51bb\u7ed3","account_status_desc":"\u8d26\u53f7\u88abTelegram\u5b98\u65b9\u51bb\u7ed3: The account was frozen"},"account_info":{"account_id":"0","phone":"","result":{"session_path":"\/www\/wwwroot\/tdata.tgbota.top\/public\/uploads\/admin\/202512\/695387359e84b\/8615178891147\/tdata\/temp_8266403778.session","verification_result":{"success":true,"user_id":8266403778,"username":null,"nickname":"Phyllis Buxton","phone":"8615178891147","country":"\u4e2d\u56fd","status_info":{"type":"UserStatusOffline","is_online":false,"was_online":1766911553},"is_authorized":true,"account_status":"\u6b63\u5e38","account_status_desc":"\u8d26\u53f7\u72b6\u6001\u6b63\u5e38","session_file":"\/www\/wwwroot\/tdata.tgbota.top\/public\/uploads\/admin\/202512\/695387359e84b\/8615178891147\/tdata\/temp_8266403778.session","client":null}},"error":""},"task_id":0,"mt_id":1299}]}},"5071":{"state":"fulfilled","value":{"status":true,"message":"\u6279\u91cf\u4efb\u52a1\u5b8c\u6210","data":[{"status":false,"message":"\u590d\u7528\u5df2\u6709\u5ba2\u6237\u7aef\uff0c\u5df2\u5904\u4e8e\u5728\u7ebf\u72b6\u6001","data":{"account_status":"\u51bb\u7ed3","account_status_desc":"\u8d26\u53f7\u88abTelegram\u5b98\u65b9\u51bb\u7ed3: The account was frozen"},"account_info":{"account_id":"0","phone":"","result":{"session_path":"\/www\/wwwroot\/tdata.tgbota.top\/public\/uploads\/admin\/202512\/695387359e84b\/8615178824224\/tdata\/temp_8390314909.session","verification_result":{"success":true,"user_id":8390314909,"username":null,"nickname":"Andrew Hunter","phone":"8615178824224","country":"\u4e2d\u56fd","status_info":{"type":"UserStatusOffline","is_online":false,"was_online":1766911555},"is_authorized":true,"account_status":"\u6b63\u5e38","account_status_desc":"\u8d26\u53f7\u72b6\u6001\u6b63\u5e38","session_file":"\/www\/wwwroot\/tdata.tgbota.top\/public\/uploads\/admin\/202512\/695387359e84b\/8615178824224\/tdata\/temp_8390314909.session","client":null}},"error":""},"task_id":0,"mt_id":1300}]}},"5072":{"state":"fulfilled","value":{"status":true,"message":"\u6279\u91cf\u4efb\u52a1\u5b8c\u6210","data":[{"status":false,"message":"\u590d\u7528\u5df2\u6709\u5ba2\u6237\u7aef\uff0c\u5df2\u5904\u4e8e\u5728\u7ebf\u72b6\u6001","data":{"account_status":"\u51bb\u7ed3","account_status_desc":"\u8d26\u53f7\u88abTelegram\u5b98\u65b9\u51bb\u7ed3: The account was frozen"},"account_info":{"account_id":"0","phone":"","result":{"session_path":"\/www\/wwwroot\/tdata.tgbota.top\/public\/uploads\/admin\/202512\/695387359e84b\/8615207128947\/tdata\/temp_8272647348.session","verification_result":{"success":true,"user_id":8272647348,"username":null,"nickname":"Jon Croom","phone":"8615207128947","country":"\u4e2d\u56fd","status_info":{"type":"UserStatusOffline","is_online":false,"was_online":1766911554},"is_authorized":true,"account_status":"\u6b63\u5e38","account_status_desc":"\u8d26\u53f7\u72b6\u6001\u6b63\u5e38","session_file":"\/www\/wwwroot\/tdata.tgbota.top\/public\/uploads\/admin\/202512\/695387359e84b\/8615207128947\/tdata\/temp_8272647348.session","client":null}},"error":""},"task_id":0,"mt_id":1301}]}},"5073":{"state":"fulfilled","value":{"status":true,"message":"\u6279\u91cf\u4efb\u52a1\u5b8c\u6210","data":[{"status":false,"message":"\u590d\u7528\u5df2\u6709\u5ba2\u6237\u7aef\uff0c\u5df2\u5904\u4e8e\u5728\u7ebf\u72b6\u6001","data":{"account_status":"\u51bb\u7ed3","account_status_desc":"\u8d26\u53f7\u88abTelegram\u5b98\u65b9\u51bb\u7ed3: The account was frozen"},"account_info":{"account_id":"0","phone":"","result":{"session_path":"\/www\/wwwroot\/tdata.tgbota.top\/public\/uploads\/admin\/202512\/695387359e84b\/8615206372691\/tdata\/temp_8357985051.session","verification_result":{"success":true,"user_id":8357985051,"username":null,"nickname":"Rose Moon","phone":"8615206372691","country":"\u4e2d\u56fd","status_info":{"type":"UserStatusOffline","is_online":false,"was_online":1766911555},"is_authorized":true,"account_status":"\u6b63\u5e38","account_status_desc":"\u8d26\u53f7\u72b6\u6001\u6b63\u5e38","session_file":"\/www\/wwwroot\/tdata.tgbota.top\/public\/uploads\/admin\/202512\/695387359e84b\/8615206372691\/tdata\/temp_8357985051.session","client":null}},"error":""},"task_id":0,"mt_id":1302}]}},"5074":{"state":"fulfilled","value":{"status":true,"message":"\u6279\u91cf\u4efb\u52a1\u5b8c\u6210","data":[{"status":false,"message":"\u590d\u7528\u5df2\u6709\u5ba2\u6237\u7aef\uff0c\u5df2\u5904\u4e8e\u5728\u7ebf\u72b6\u6001","data":{"account_status":"\u51bb\u7ed3","account_status_desc":"\u8d26\u53f7\u88abTelegram\u5b98\u65b9\u51bb\u7ed3: The account was frozen"},"account_info":{"account_id":"0","phone":"","result":{"session_path":"\/www\/wwwroot\/tdata.tgbota.top\/public\/uploads\/admin\/202512\/6952870fadb7f\/85298116407\/tdata\/temp_8519442531.session","verification_result":{"success":true,"user_id":8519442531,"username":null,"nickname":"Morgan Eve","phone":"85298116407","country":"\u9999\u6e2f","status_info":{"type":"UserStatusOffline","is_online":false,"was_online":1763884220},"is_authorized":true,"account_status":"\u6b63\u5e38","account_status_desc":"\u8d26\u53f7\u72b6\u6001\u6b63\u5e38","session_file":"\/www\/wwwroot\/tdata.tgbota.top\/public\/uploads\/admin\/202512\/6952870fadb7f\/85298116407\/tdata\/temp_8519442531.session","client":null}},"error":""},"task_id":0,"mt_id":1208},{"status":false,"message":"\u590d\u7528\u5df2\u6709\u5ba2\u6237\u7aef\uff0c\u5df2\u5904\u4e8e\u5728\u7ebf\u72b6\u6001","data":{"account_status":"\u51bb\u7ed3","account_status_desc":"\u8d26\u53f7\u88abTelegram\u5b98\u65b9\u51bb\u7ed3: The account was frozen"},"account_info":{"account_id":"1","phone":"","result":{"session_path":"\/www\/wwwroot\/tdata.tgbota.top\/public\/uploads\/admin\/202512\/695387359e84b\/8615178816940\/tdata\/temp_7973968858.session","verification_result":{"success":true,"user_id":7973968858,"username":null,"nickname":"Jason Parker","phone":"8615178816940","country":"\u4e2d\u56fd","status_info":{"type":"UserStatusOffline","is_online":false,"was_online":1766911555},"is_authorized":true,"account_status":"\u6b63\u5e38","account_status_desc":"\u8d26\u53f7\u72b6\u6001\u6b63\u5e38","session_file":"\/www\/wwwroot\/tdata.tgbota.top\/public\/uploads\/admin\/202512\/695387359e84b\/8615178816940\/tdata\/temp_7973968858.session","client":null}},"error":""},"task_id":1,"mt_id":1303}]}},"5075":{"state":"fulfilled","value":{"status":true,"message":"\u6279\u91cf\u4efb\u52a1\u5b8c\u6210","data":[{"status":false,"message":"\u590d\u7528\u5df2\u6709\u5ba2\u6237\u7aef\uff0c\u5df2\u5904\u4e8e\u5728\u7ebf\u72b6\u6001","data":{"account_status":"\u51bb\u7ed3","account_status_desc":"\u8d26\u53f7\u88abTelegram\u5b98\u65b9\u51bb\u7ed3: The account was frozen"},"account_info":{"account_id":"0","phone":"","result":{"session_path":"\/www\/wwwroot\/tdata.tgbota.top\/public\/uploads\/admin\/202512\/695387359e84b\/8615178808607\/tdata\/temp_8264781163.session","verification_result":{"success":true,"user_id":8264781163,"username":null,"nickname":"Margaret Greene","phone":"8615178808607","country":"\u4e2d\u56fd","status_info":{"type":"UserStatusOffline","is_online":false,"was_online":1766911554},"is_authorized":true,"account_status":"\u6b63\u5e38","account_status_desc":"\u8d26\u53f7\u72b6\u6001\u6b63\u5e38","session_file":"\/www\/wwwroot\/tdata.tgbota.top\/public\/uploads\/admin\/202512\/695387359e84b\/8615178808607\/tdata\/temp_8264781163.session","client":null}},"error":""},"task_id":0,"mt_id":1304}]}},"5076":{"state":"fulfilled","value":{"status":true,"message":"\u6279\u91cf\u4efb\u52a1\u5b8c\u6210","data":[{"status":false,"message":"\u590d\u7528\u5df2\u6709\u5ba2\u6237\u7aef\uff0c\u5df2\u5904\u4e8e\u5728\u7ebf\u72b6\u6001","data":{"account_status":"\u51bb\u7ed3","account_status_desc":"\u8d26\u53f7\u88abTelegram\u5b98\u65b9\u51bb\u7ed3: The account was frozen"},"account_info":{"account_id":"0","phone":"","result":{"session_path":"\/www\/wwwroot\/tdata.tgbota.top\/public\/uploads\/admin\/202512\/695387359e84b\/8615178790743\/tdata\/temp_8414466676.session","verification_result":{"success":true,"user_id":8414466676,"username":null,"nickname":"Edmond Byrd","phone":"8615178790743","country":"\u4e2d\u56fd","status_info":{"type":"UserStatusOffline","is_online":false,"was_online":1766911554},"is_authorized":true,"account_status":"\u6b63\u5e38","account_status_desc":"\u8d26\u53f7\u72b6\u6001\u6b63\u5e38","session_file":"\/www\/wwwroot\/tdata.tgbota.top\/public\/uploads\/admin\/202512\/695387359e84b\/8615178790743\/tdata\/temp_8414466676.session","client":null}},"error":""},"task_id":0,"mt_id":1305}]}},"5077":{"state":"fulfilled","value":{"status":true,"message":"\u6279\u91cf\u4efb\u52a1\u5b8c\u6210","data":[{"status":false,"message":"\u590d\u7528\u5df2\u6709\u5ba2\u6237\u7aef\uff0c\u5df2\u5904\u4e8e\u5728\u7ebf\u72b6\u6001","data":{"account_status":"\u51bb\u7ed3","account_status_desc":"\u8d26\u53f7\u88abTelegram\u5b98\u65b9\u51bb\u7ed3: The account was frozen"},"account_info":{"account_id":"0","phone":"","result":{"session_path":"\/www\/wwwroot\/tdata.tgbota.top\/public\/uploads\/admin\/202512\/6952870fadb7f\/85296744157\/tdata\/temp_8528128011.session","verification_result":{"success":true,"user_id":8528128011,"username":null,"nickname":"Lyndon Norman","phone":"85296744157","country":"\u9999\u6e2f","status_info":{"type":"UserStatusOffline","is_online":false,"was_online":1763884163},"is_authorized":true,"account_status":"\u6b63\u5e38","account_status_desc":"\u8d26\u53f7\u72b6\u6001\u6b63\u5e38","session_file":"\/www\/wwwroot\/tdata.tgbota.top\/public\/uploads\/admin\/202512\/6952870fadb7f\/85296744157\/tdata\/temp_8528128011.session","client":null}},"error":""},"task_id":0,"mt_id":1211},{"status":true,"message":"\u590d\u7528\u5df2\u6709\u5ba2\u6237\u7aef\uff0c\u5df2\u5904\u4e8e\u5728\u7ebf\u72b6\u6001","data":{"account_status":"\u6b63\u5e38","account_status_desc":"\u767b\u5f55\u6210\u529f"},"account_info":{"account_id":"1","phone":"","result":{"session_path":"\/www\/wwwroot\/tdata.tgbota.top\/public\/uploads\/admin\/202512\/695387359e84b\/8615211864541\/tdata\/temp_8070129982.session","verification_result":{"success":true,"user_id":8070129982,"username":null,"nickname":"Donna Williams","phone":"8615211864541","country":"\u4e2d\u56fd","status_info":{"type":"UserStatusOffline","is_online":false,"was_online":1766911553},"is_authorized":true,"account_status":"\u6b63\u5e38","account_status_desc":"\u8d26\u53f7\u72b6\u6001\u6b63\u5e38","session_file":"\/www\/wwwroot\/tdata.tgbota.top\/public\/uploads\/admin\/202512\/695387359e84b\/8615211864541\/tdata\/temp_8070129982.session","client":null}},"error":""},"task_id":1,"mt_id":1306}]}},"5078":{"state":"fulfilled","value":{"status":true,"message":"\u6279\u91cf\u4efb\u52a1\u5b8c\u6210","data":[{"status":false,"message":"\u590d\u7528\u5df2\u6709\u5ba2\u6237\u7aef\uff0c\u5df2\u5904\u4e8e\u5728\u7ebf\u72b6\u6001","data":{"account_status":"\u51bb\u7ed3","account_status_desc":"\u8d26\u53f7\u88abTelegram\u5b98\u65b9\u51bb\u7ed3: The account was frozen"},"account_info":{"account_id":"0","phone":"","result":{"session_path":"\/www\/wwwroot\/tdata.tgbota.top\/public\/uploads\/admin\/202512\/695387359e84b\/8615178816771\/tdata\/temp_8204763002.session","verification_result":{"success":true,"user_id":8204763002,"username":null,"nickname":"Brenda Lisonbee","phone":"8615178816771","country":"\u4e2d\u56fd","status_info":{"type":"UserStatusOffline","is_online":false,"was_online":1766911554},"is_authorized":true,"account_status":"\u6b63\u5e38","account_status_desc":"\u8d26\u53f7\u72b6\u6001\u6b63\u5e38","session_file":"\/www\/wwwroot\/tdata.tgbota.top\/public\/uploads\/admin\/202512\/695387359e84b\/8615178816771\/tdata\/temp_8204763002.session","client":null}},"error":""},"task_id":0,"mt_id":1307}]}},"5079":{"state":"fulfilled","value":{"status":true,"message":"\u6279\u91cf\u4efb\u52a1\u5b8c\u6210","data":[{"status":false,"message":"\u590d\u7528\u5df2\u6709\u5ba2\u6237\u7aef\uff0c\u5df2\u5904\u4e8e\u5728\u7ebf\u72b6\u6001","data":{"account_status":"\u51bb\u7ed3","account_status_desc":"\u8d26\u53f7\u88abTelegram\u5b98\u65b9\u51bb\u7ed3: The account was frozen"},"account_info":{"account_id":"0","phone":"","result":{"session_path":"\/www\/wwwroot\/tdata.tgbota.top\/public\/uploads\/admin\/202512\/695387359e84b\/8615178798914\/tdata\/temp_7917902005.session","verification_result":{"success":true,"user_id":7917902005,"username":null,"nickname":"Tammy Moss","phone":"8615178798914","country":"\u4e2d\u56fd","status_info":{"type":"UserStatusOffline","is_online":false,"was_online":1766911554},"is_authorized":true,"account_status":"\u6b63\u5e38","account_status_desc":"\u8d26\u53f7\u72b6\u6001\u6b63\u5e38","session_file":"\/www\/wwwroot\/tdata.tgbota.top\/public\/uploads\/admin\/202512\/695387359e84b\/8615178798914\/tdata\/temp_7917902005.session","client":null}},"error":""},"task_id":0,"mt_id":1308}]}},"5080":{"state":"fulfilled","value":{"status":true,"message":"\u6279\u91cf\u4efb\u52a1\u5b8c\u6210","data":[{"status":false,"message":"\u590d\u7528\u5df2\u6709\u5ba2\u6237\u7aef\uff0c\u5df2\u5904\u4e8e\u5728\u7ebf\u72b6\u6001","data":{"account_status":"\u51bb\u7ed3","account_status_desc":"\u8d26\u53f7\u88abTelegram\u5b98\u65b9\u51bb\u7ed3: The account was frozen"},"account_info":{"account_id":"0","phone":"","result":{"session_path":"\/www\/wwwroot\/tdata.tgbota.top\/public\/uploads\/admin\/202512\/6952870fadb7f\/85247526942\/tdata\/temp_8266106867.session","verification_result":{"success":true,"user_id":8266106867,"username":null,"nickname":"Joanna Harley","phone":"85247526942","country":"\u9999\u6e2f","status_info":{"type":"UserStatusOffline","is_online":false,"was_online":1764245724},"is_authorized":true,"account_status":"\u6b63\u5e38","account_status_desc":"\u8d26\u53f7\u72b6\u6001\u6b63\u5e38","session_file":"\/www\/wwwroot\/tdata.tgbota.top\/public\/uploads\/admin\/202512\/6952870fadb7f\/85247526942\/tdata\/temp_8266106867.session","client":null}},"error":""},"task_id":0,"mt_id":1214},{"status":false,"message":"\u590d\u7528\u5df2\u6709\u5ba2\u6237\u7aef\uff0c\u5df2\u5904\u4e8e\u5728\u7ebf\u72b6\u6001","data":{"account_status":"\u51bb\u7ed3","account_status_desc":"\u8d26\u53f7\u88abTelegram\u5b98\u65b9\u51bb\u7ed3: The account was frozen"},"account_info":{"account_id":"1","phone":"","result":{"session_path":"\/www\/wwwroot\/tdata.tgbota.top\/public\/uploads\/admin\/202512\/695387359e84b\/8615178936432\/tdata\/temp_8395014097.session","verification_result":{"success":true,"user_id":8395014097,"username":null,"nickname":"Gregory Smith","phone":"8615178936432","country":"\u4e2d\u56fd","status_info":{"type":"UserStatusOffline","is_online":false,"was_online":1766911553},"is_authorized":true,"account_status":"\u6b63\u5e38","account_status_desc":"\u8d26\u53f7\u72b6\u6001\u6b63\u5e38","session_file":"\/www\/wwwroot\/tdata.tgbota.top\/public\/uploads\/admin\/202512\/695387359e84b\/8615178936432\/tdata\/temp_8395014097.session","client":null}},"error":""},"task_id":1,"mt_id":1309}]}},"5081":{"state":"fulfilled","value":{"status":true,"message":"\u6279\u91cf\u4efb\u52a1\u5b8c\u6210","data":[{"status":true,"message":"\u590d\u7528\u5df2\u6709\u5ba2\u6237\u7aef\uff0c\u5df2\u5904\u4e8e\u5728\u7ebf\u72b6\u6001","data":{"account_status":"\u6b63\u5e38","account_status_desc":"\u767b\u5f55\u6210\u529f"},"account_info":{"account_id":"0","phone":"","result":{"session_path":"\/www\/wwwroot\/tdata.tgbota.top\/public\/uploads\/admin\/202512\/695387359e84b\/8615178866714\/tdata\/temp_8163853542.session","verification_result":{"success":true,"user_id":8163853542,"username":null,"nickname":"Loyd Hill","phone":"8615178866714","country":"\u4e2d\u56fd","status_info":{"type":"UserStatusOffline","is_online":false,"was_online":1766911552},"is_authorized":true,"account_status":"\u6b63\u5e38","account_status_desc":"\u8d26\u53f7\u72b6\u6001\u6b63\u5e38","session_file":"\/www\/wwwroot\/tdata.tgbota.top\/public\/uploads\/admin\/202512\/695387359e84b\/8615178866714\/tdata\/temp_8163853542.session","client":null}},"error":""},"task_id":0,"mt_id":1310}]}},"5082":{"state":"fulfilled","value":{"status":true,"message":"\u6279\u91cf\u4efb\u52a1\u5b8c\u6210","data":[{"status":false,"message":"\u590d\u7528\u5df2\u6709\u5ba2\u6237\u7aef\uff0c\u5df2\u5904\u4e8e\u5728\u7ebf\u72b6\u6001","data":{"account_status":"\u51bb\u7ed3","account_status_desc":"\u8d26\u53f7\u88abTelegram\u5b98\u65b9\u51bb\u7ed3: The account was frozen"},"account_info":{"account_id":"0","phone":"","result":{"session_path":"\/www\/wwwroot\/tdata.tgbota.top\/public\/uploads\/admin\/202512\/695387359e84b\/8615207292247\/tdata\/temp_8435107567.session","verification_result":{"success":true,"user_id":8435107567,"username":null,"nickname":"Jerry Hester","phone":"8615207292247","country":"\u4e2d\u56fd","status_info":{"type":"UserStatusOffline","is_online":false,"was_online":1766911554},"is_authorized":true,"account_status":"\u6b63\u5e38","account_status_desc":"\u8d26\u53f7\u72b6\u6001\u6b63\u5e38","session_file":"\/www\/wwwroot\/tdata.tgbota.top\/public\/uploads\/admin\/202512\/695387359e84b\/8615207292247\/tdata\/temp_8435107567.session","client":null}},"error":""},"task_id":0,"mt_id":1311}]}},"5083":{"state":"fulfilled","value":{"status":true,"message":"\u6279\u91cf\u4efb\u52a1\u5b8c\u6210","data":[{"status":true,"message":"\u590d\u7528\u5df2\u6709\u5ba2\u6237\u7aef\uff0c\u5df2\u5904\u4e8e\u5728\u7ebf\u72b6\u6001","data":{"account_status":"\u6b63\u5e38","account_status_desc":"\u767b\u5f55\u6210\u529f"},"account_info":{"account_id":"0","phone":"","result":{"session_path":"\/www\/wwwroot\/tdata.tgbota.top\/public\/uploads\/admin\/202512\/695387359e84b\/8615211864107\/tdata\/temp_8175983174.session","verification_result":{"success":true,"user_id":8175983174,"username":null,"nickname":"Andrew Stephenson","phone":"8615211864107","country":"\u4e2d\u56fd","status_info":{"type":"UserStatusOffline","is_online":false,"was_online":1766911554},"is_authorized":true,"account_status":"\u6b63\u5e38","account_status_desc":"\u8d26\u53f7\u72b6\u6001\u6b63\u5e38","session_file":"\/www\/wwwroot\/tdata.tgbota.top\/public\/uploads\/admin\/202512\/695387359e84b\/8615211864107\/tdata\/temp_8175983174.session","client":null}},"error":""},"task_id":0,"mt_id":1312}]}},"5084":{"state":"fulfilled","value":{"status":true,"message":"\u6279\u91cf\u4efb\u52a1\u5b8c\u6210","data":[{"status":false,"message":"\u590d\u7528\u5df2\u6709\u5ba2\u6237\u7aef\uff0c\u5df2\u5904\u4e8e\u5728\u7ebf\u72b6\u6001","data":{"account_status":"\u51bb\u7ed3","account_status_desc":"\u8d26\u53f7\u88abTelegram\u5b98\u65b9\u51bb\u7ed3: The account was frozen"},"account_info":{"account_id":"0","phone":"","result":{"session_path":"\/www\/wwwroot\/tdata.tgbota.top\/public\/uploads\/admin\/202512\/695387359e84b\/8615178821496\/tdata\/temp_8494571793.session","verification_result":{"success":true,"user_id":8494571793,"username":null,"nickname":"Donald Mclane","phone":"8615178821496","country":"\u4e2d\u56fd","status_info":{"type":"UserStatusOffline","is_online":false,"was_online":1766911554},"is_authorized":true,"account_status":"\u6b63\u5e38","account_status_desc":"\u8d26\u53f7\u72b6\u6001\u6b63\u5e38","session_file":"\/www\/wwwroot\/tdata.tgbota.top\/public\/uploads\/admin\/202512\/695387359e84b\/8615178821496\/tdata\/temp_8494571793.session","client":null}},"error":""},"task_id":0,"mt_id":1313}]}},"5085":{"state":"fulfilled","value":{"status":true,"message":"\u6279\u91cf\u4efb\u52a1\u5b8c\u6210","data":[{"status":false,"message":"\u590d\u7528\u5df2\u6709\u5ba2\u6237\u7aef\uff0c\u5df2\u5904\u4e8e\u5728\u7ebf\u72b6\u6001","data":{"account_status":"\u51bb\u7ed3","account_status_desc":"\u8d26\u53f7\u88abTelegram\u5b98\u65b9\u51bb\u7ed3: The account was frozen"},"account_info":{"account_id":"0","phone":"","result":{"session_path":"\/www\/wwwroot\/tdata.tgbota.top\/public\/uploads\/admin\/202512\/695387359e84b\/8615178780421\/tdata\/temp_8035424204.session","verification_result":{"success":true,"user_id":8035424204,"username":null,"nickname":"Harry Hobbs","phone":"8615178780421","country":"\u4e2d\u56fd","status_info":{"type":"UserStatusOffline","is_online":false,"was_online":1766911555},"is_authorized":true,"account_status":"\u6b63\u5e38","account_status_desc":"\u8d26\u53f7\u72b6\u6001\u6b63\u5e38","session_file":"\/www\/wwwroot\/tdata.tgbota.top\/public\/uploads\/admin\/202512\/695387359e84b\/8615178780421\/tdata\/temp_8035424204.session","client":null}},"error":""},"task_id":0,"mt_id":1314}]}},"5086":{"state":"fulfilled","value":{"status":true,"message":"\u6279\u91cf\u4efb\u52a1\u5b8c\u6210","data":[{"status":false,"message":"\u590d\u7528\u5df2\u6709\u5ba2\u6237\u7aef\uff0c\u5df2\u5904\u4e8e\u5728\u7ebf\u72b6\u6001","data":{"account_status":"\u51bb\u7ed3","account_status_desc":"\u8d26\u53f7\u88abTelegram\u5b98\u65b9\u51bb\u7ed3: The account was frozen"},"account_info":{"account_id":"0","phone":"","result":{"session_path":"\/www\/wwwroot\/tdata.tgbota.top\/public\/uploads\/admin\/202512\/6952870fadb7f\/85297437936\/tdata\/temp_8298164955.session","verification_result":{"success":true,"user_id":8298164955,"username":null,"nickname":"Keegan Healthy","phone":"85297437936","country":"\u9999\u6e2f","status_info":{"type":"UserStatusOffline","is_online":false,"was_online":1767018589},"is_authorized":true,"account_status":"\u6b63\u5e38","account_status_desc":"\u8d26\u53f7\u72b6\u6001\u6b63\u5e38","session_file":"\/www\/wwwroot\/tdata.tgbota.top\/public\/uploads\/admin\/202512\/6952870fadb7f\/85297437936\/tdata\/temp_8298164955.session","client":null}},"error":""},"task_id":0,"mt_id":1220},{"status":false,"message":"\u590d\u7528\u5df2\u6709\u5ba2\u6237\u7aef\uff0c\u5df2\u5904\u4e8e\u5728\u7ebf\u72b6\u6001","data":{"account_status":"\u51bb\u7ed3","account_status_desc":"\u8d26\u53f7\u88abTelegram\u5b98\u65b9\u51bb\u7ed3: The account was frozen"},"account_info":{"account_id":"1","phone":"","result":{"session_path":"\/www\/wwwroot\/tdata.tgbota.top\/public\/uploads\/admin\/202512\/695387359e84b\/8615211854303\/tdata\/temp_8382811331.session","verification_result":{"success":true,"user_id":8382811331,"username":null,"nickname":"Joshua Nathan","phone":"8615211854303","country":"\u4e2d\u56fd","status_info":{"type":"UserStatusOffline","is_online":false,"was_online":1766911554},"is_authorized":true,"account_status":"\u6b63\u5e38","account_status_desc":"\u8d26\u53f7\u72b6\u6001\u6b63\u5e38","session_file":"\/www\/wwwroot\/tdata.tgbota.top\/public\/uploads\/admin\/202512\/695387359e84b\/8615211854303\/tdata\/temp_8382811331.session","client":null}},"error":""},"task_id":1,"mt_id":1315}]}},"5087":{"state":"fulfilled","value":{"status":true,"message":"\u6279\u91cf\u4efb\u52a1\u5b8c\u6210","data":[{"status":true,"message":"\u590d\u7528\u5df2\u6709\u5ba2\u6237\u7aef\uff0c\u5df2\u5904\u4e8e\u5728\u7ebf\u72b6\u6001","data":{"account_status":"\u6b63\u5e38","account_status_desc":"\u767b\u5f55\u6210\u529f"},"account_info":{"account_id":"0","phone":"","result":{"session_path":"\/www\/wwwroot\/tdata.tgbota.top\/public\/uploads\/admin\/202512\/695387359e84b\/8615211853935\/tdata\/temp_8104939574.session","verification_result":{"success":true,"user_id":8104939574,"username":null,"nickname":"James Richards","phone":"8615211853935","country":"\u4e2d\u56fd","status_info":{"type":"UserStatusOffline","is_online":false,"was_online":1766911553},"is_authorized":true,"account_status":"\u6b63\u5e38","account_status_desc":"\u8d26\u53f7\u72b6\u6001\u6b63\u5e38","session_file":"\/www\/wwwroot\/tdata.tgbota.top\/public\/uploads\/admin\/202512\/695387359e84b\/8615211853935\/tdata\/temp_8104939574.session","client":null}},"error":""},"task_id":0,"mt_id":1316}]}},"5088":{"state":"fulfilled","value":{"status":true,"message":"\u6279\u91cf\u4efb\u52a1\u5b8c\u6210","data":[{"status":false,"message":"\u590d\u7528\u5df2\u6709\u5ba2\u6237\u7aef\uff0c\u5df2\u5904\u4e8e\u5728\u7ebf\u72b6\u6001","data":{"account_status":"\u51bb\u7ed3","account_status_desc":"\u8d26\u53f7\u88abTelegram\u5b98\u65b9\u51bb\u7ed3: The account was frozen"},"account_info":{"account_id":"0","phone":"","result":{"session_path":"\/www\/wwwroot\/tdata.tgbota.top\/public\/uploads\/admin\/202512\/695387359e84b\/8615213101091\/tdata\/temp_8422558220.session","verification_result":{"success":true,"user_id":8422558220,"username":null,"nickname":"Mary Harris","phone":"8615213101091","country":"\u4e2d\u56fd","status_info":{"type":"UserStatusOffline","is_online":false,"was_online":1766911553},"is_authorized":true,"account_status":"\u6b63\u5e38","account_status_desc":"\u8d26\u53f7\u72b6\u6001\u6b63\u5e38","session_file":"\/www\/wwwroot\/tdata.tgbota.top\/public\/uploads\/admin\/202512\/695387359e84b\/8615213101091\/tdata\/temp_8422558220.session","client":null}},"error":""},"task_id":0,"mt_id":1317}]}},"5089":{"state":"fulfilled","value":{"status":true,"message":"\u6279\u91cf\u4efb\u52a1\u5b8c\u6210","data":[{"status":false,"message":"\u590d\u7528\u5df2\u6709\u5ba2\u6237\u7aef\uff0c\u5df2\u5904\u4e8e\u5728\u7ebf\u72b6\u6001","data":{"account_status":"\u51bb\u7ed3","account_status_desc":"\u8d26\u53f7\u88abTelegram\u5b98\u65b9\u51bb\u7ed3: The account was frozen"},"account_info":{"account_id":"0","phone":"","result":{"session_path":"\/www\/wwwroot\/tdata.tgbota.top\/public\/uploads\/admin\/202512\/695387359e84b\/8615213118740\/tdata\/temp_8464297372.session","verification_result":{"success":true,"user_id":8464297372,"username":null,"nickname":"Connie Mccombs","phone":"8615213118740","country":"\u4e2d\u56fd","status_info":{"type":"UserStatusOffline","is_online":false,"was_online":1766911552},"is_authorized":true,"account_status":"\u6b63\u5e38","account_status_desc":"\u8d26\u53f7\u72b6\u6001\u6b63\u5e38","session_file":"\/www\/wwwroot\/tdata.tgbota.top\/public\/uploads\/admin\/202512\/695387359e84b\/8615213118740\/tdata\/temp_8464297372.session","client":null}},"error":""},"task_id":0,"mt_id":1318}]}},"5090":{"state":"fulfilled","value":{"status":true,"message":"\u6279\u91cf\u4efb\u52a1\u5b8c\u6210","data":[{"status":true,"message":"\u590d\u7528\u5df2\u6709\u5ba2\u6237\u7aef\uff0c\u5df2\u5904\u4e8e\u5728\u7ebf\u72b6\u6001","data":{"account_status":"\u6b63\u5e38","account_status_desc":"\u767b\u5f55\u6210\u529f"},"account_info":{"account_id":"0","phone":"","result":{"session_path":"\/www\/wwwroot\/tdata.tgbota.top\/public\/uploads\/admin\/202512\/695387359e84b\/8615178816190\/tdata\/temp_8096792614.session","verification_result":{"success":true,"user_id":8096792614,"username":null,"nickname":"Michael Hoff","phone":"8615178816190","country":"\u4e2d\u56fd","status_info":{"type":"UserStatusOffline","is_online":false,"was_online":1766911555},"is_authorized":true,"account_status":"\u6b63\u5e38","account_status_desc":"\u8d26\u53f7\u72b6\u6001\u6b63\u5e38","session_file":"\/www\/wwwroot\/tdata.tgbota.top\/public\/uploads\/admin\/202512\/695387359e84b\/8615178816190\/tdata\/temp_8096792614.session","client":null}},"error":""},"task_id":0,"mt_id":1319}]}},"5091":{"state":"fulfilled","value":{"status":true,"message":"\u6279\u91cf\u4efb\u52a1\u5b8c\u6210","data":[{"status":false,"message":"\u590d\u7528\u5df2\u6709\u5ba2\u6237\u7aef\uff0c\u5df2\u5904\u4e8e\u5728\u7ebf\u72b6\u6001","data":{"account_status":"\u51bb\u7ed3","account_status_desc":"\u8d26\u53f7\u88abTelegram\u5b98\u65b9\u51bb\u7ed3: The account was frozen"},"account_info":{"account_id":"0","phone":"","result":{"session_path":"\/www\/wwwroot\/tdata.tgbota.top\/public\/uploads\/admin\/202512\/695387359e84b\/8615178867814\/tdata\/temp_8276319913.session","verification_result":{"success":true,"user_id":8276319913,"username":null,"nickname":"Eddie Callaway","phone":"8615178867814","country":"\u4e2d\u56fd","status_info":{"type":"UserStatusOffline","is_online":false,"was_online":1766911553},"is_authorized":true,"account_status":"\u6b63\u5e38","account_status_desc":"\u8d26\u53f7\u72b6\u6001\u6b63\u5e38","session_file":"\/www\/wwwroot\/tdata.tgbota.top\/public\/uploads\/admin\/202512\/695387359e84b\/8615178867814\/tdata\/temp_8276319913.session","client":null}},"error":""},"task_id":0,"mt_id":1320}]}},"5092":{"state":"fulfilled","value":{"status":true,"message":"\u6279\u91cf\u4efb\u52a1\u5b8c\u6210","data":[{"status":false,"message":"\u590d\u7528\u5df2\u6709\u5ba2\u6237\u7aef\uff0c\u5df2\u5904\u4e8e\u5728\u7ebf\u72b6\u6001","data":{"account_status":"\u51bb\u7ed3","account_status_desc":"\u8d26\u53f7\u88abTelegram\u5b98\u65b9\u51bb\u7ed3: The account was frozen"},"account_info":{"account_id":"0","phone":"","result":{"session_path":"\/www\/wwwroot\/tdata.tgbota.top\/public\/uploads\/admin\/202512\/6952870fadb7f\/85297502947\/tdata\/temp_8591130907.session","verification_result":{"success":true,"user_id":8591130907,"username":null,"nickname":"Philip Matthew","phone":"85297502947","country":"\u9999\u6e2f","status_info":{"type":"UserStatusOffline","is_online":false,"was_online":1767018824},"is_authorized":true,"account_status":"\u6b63\u5e38","account_status_desc":"\u8d26\u53f7\u72b6\u6001\u6b63\u5e38","session_file":"\/www\/wwwroot\/tdata.tgbota.top\/public\/uploads\/admin\/202512\/6952870fadb7f\/85297502947\/tdata\/temp_8591130907.session","client":null}},"error":""},"task_id":0,"mt_id":1226},{"status":false,"message":"\u590d\u7528\u5df2\u6709\u5ba2\u6237\u7aef\uff0c\u5df2\u5904\u4e8e\u5728\u7ebf\u72b6\u6001","data":{"account_status":"\u51bb\u7ed3","account_status_desc":"\u8d26\u53f7\u88abTelegram\u5b98\u65b9\u51bb\u7ed3: The account was frozen"},"account_info":{"account_id":"1","phone":"","result":{"session_path":"\/www\/wwwroot\/tdata.tgbota.top\/public\/uploads\/admin\/202512\/695387359e84b\/8615213104024\/tdata\/temp_8365300117.session","verification_result":{"success":true,"user_id":8365300117,"username":null,"nickname":"Arlene Fraction","phone":"8615213104024","country":"\u4e2d\u56fd","status_info":{"type":"UserStatusOffline","is_online":false,"was_online":1766911556},"is_authorized":true,"account_status":"\u6b63\u5e38","account_status_desc":"\u8d26\u53f7\u72b6\u6001\u6b63\u5e38","session_file":"\/www\/wwwroot\/tdata.tgbota.top\/public\/uploads\/admin\/202512\/695387359e84b\/8615213104024\/tdata\/temp_8365300117.session","client":null}},"error":""},"task_id":1,"mt_id":1321}]}},"5093":{"state":"fulfilled","value":{"status":true,"message":"\u6279\u91cf\u4efb\u52a1\u5b8c\u6210","data":[{"status":false,"message":"\u590d\u7528\u5df2\u6709\u5ba2\u6237\u7aef\uff0c\u5df2\u5904\u4e8e\u5728\u7ebf\u72b6\u6001","data":{"account_status":"\u51bb\u7ed3","account_status_desc":"\u8d26\u53f7\u88abTelegram\u5b98\u65b9\u51bb\u7ed3: The account was frozen"},"account_info":{"account_id":"0","phone":"","result":{"session_path":"\/www\/wwwroot\/tdata.tgbota.top\/public\/uploads\/admin\/202512\/695387359e84b\/8615193191467\/tdata\/temp_8392688721.session","verification_result":{"success":true,"user_id":8392688721,"username":null,"nickname":"Lindsey Magee","phone":"8615193191467","country":"\u4e2d\u56fd","status_info":{"type":"UserStatusOffline","is_online":false,"was_online":1766911552},"is_authorized":true,"account_status":"\u6b63\u5e38","account_status_desc":"\u8d26\u53f7\u72b6\u6001\u6b63\u5e38","session_file":"\/www\/wwwroot\/tdata.tgbota.top\/public\/uploads\/admin\/202512\/695387359e84b\/8615193191467\/tdata\/temp_8392688721.session","client":null}},"error":""},"task_id":0,"mt_id":1322}]}},"5094":{"state":"fulfilled","value":{"status":true,"message":"\u6279\u91cf\u4efb\u52a1\u5b8c\u6210","data":[{"status":false,"message":"\u590d\u7528\u5df2\u6709\u5ba2\u6237\u7aef\uff0c\u5df2\u5904\u4e8e\u5728\u7ebf\u72b6\u6001","data":{"account_status":"\u51bb\u7ed3","account_status_desc":"\u8d26\u53f7\u88abTelegram\u5b98\u65b9\u51bb\u7ed3: The account was frozen"},"account_info":{"account_id":"0","phone":"","result":{"session_path":"\/www\/wwwroot\/tdata.tgbota.top\/public\/uploads\/admin\/202512\/6952870fadb7f\/85298289231\/tdata\/temp_8204466123.session","verification_result":{"success":true,"user_id":8204466123,"username":null,"nickname":"Spencer White","phone":"85298289231","country":"\u9999\u6e2f","status_info":{"type":"UserStatusOffline","is_online":false,"was_online":1763884237},"is_authorized":true,"account_status":"\u6b63\u5e38","account_status_desc":"\u8d26\u53f7\u72b6\u6001\u6b63\u5e38","session_file":"\/www\/wwwroot\/tdata.tgbota.top\/public\/uploads\/admin\/202512\/6952870fadb7f\/85298289231\/tdata\/temp_8204466123.session","client":null}},"error":""},"task_id":0,"mt_id":1133},{"status":false,"message":"\u590d\u7528\u5df2\u6709\u5ba2\u6237\u7aef\uff0c\u5df2\u5904\u4e8e\u5728\u7ebf\u72b6\u6001","data":{"account_status":"\u51bb\u7ed3","account_status_desc":"\u8d26\u53f7\u88abTelegram\u5b98\u65b9\u51bb\u7ed3: The account was frozen"},"account_info":{"account_id":"1","phone":"","result":{"session_path":"\/www\/wwwroot\/tdata.tgbota.top\/public\/uploads\/admin\/202512\/695387359e84b\/8615213128221\/tdata\/temp_8210888458.session","verification_result":{"success":true,"user_id":8210888458,"username":null,"nickname":"Francisco Figaro","phone":"8615213128221","country":"\u4e2d\u56fd","status_info":{"type":"UserStatusOffline","is_online":false,"was_online":1766911554},"is_authorized":true,"account_status":"\u6b63\u5e38","account_status_desc":"\u8d26\u53f7\u72b6\u6001\u6b63\u5e38","session_file":"\/www\/wwwroot\/tdata.tgbota.top\/public\/uploads\/admin\/202512\/695387359e84b\/8615213128221\/tdata\/temp_8210888458.session","client":null}},"error":""},"task_id":1,"mt_id":1323}]}},"5095":{"state":"fulfilled","value":{"status":true,"message":"\u6279\u91cf\u4efb\u52a1\u5b8c\u6210","data":[{"status":false,"message":"\u590d\u7528\u5df2\u6709\u5ba2\u6237\u7aef\uff0c\u5df2\u5904\u4e8e\u5728\u7ebf\u72b6\u6001","data":{"account_status":"\u51bb\u7ed3","account_status_desc":"\u8d26\u53f7\u88abTelegram\u5b98\u65b9\u51bb\u7ed3: The account was frozen"},"account_info":{"account_id":"0","phone":"","result":{"session_path":"\/www\/wwwroot\/tdata.tgbota.top\/public\/uploads\/admin\/202512\/695387359e84b\/8615178865290\/tdata\/temp_8447268219.session","verification_result":{"success":true,"user_id":8447268219,"username":null,"nickname":"Christopher Hensel","phone":"8615178865290","country":"\u4e2d\u56fd","status_info":{"type":"UserStatusOffline","is_online":false,"was_online":1766911554},"is_authorized":true,"account_status":"\u6b63\u5e38","account_status_desc":"\u8d26\u53f7\u72b6\u6001\u6b63\u5e38","session_file":"\/www\/wwwroot\/tdata.tgbota.top\/public\/uploads\/admin\/202512\/695387359e84b\/8615178865290\/tdata\/temp_8447268219.session","client":null}},"error":""},"task_id":0,"mt_id":1324}]}},"5096":{"state":"fulfilled","value":{"status":true,"message":"\u6279\u91cf\u4efb\u52a1\u5b8c\u6210","data":[{"status":false,"message":"\u590d\u7528\u5df2\u6709\u5ba2\u6237\u7aef\uff0c\u5df2\u5904\u4e8e\u5728\u7ebf\u72b6\u6001","data":{"account_status":"\u51bb\u7ed3","account_status_desc":"\u8d26\u53f7\u88abTelegram\u5b98\u65b9\u51bb\u7ed3: The account was frozen"},"account_info":{"account_id":"0","phone":"","result":{"session_path":"\/www\/wwwroot\/tdata.tgbota.top\/public\/uploads\/admin\/202512\/695387359e84b\/8615213150287\/tdata\/temp_8351771927.session","verification_result":{"success":true,"user_id":8351771927,"username":null,"nickname":"Eileen Reed","phone":"8615213150287","country":"\u4e2d\u56fd","status_info":{"type":"UserStatusOffline","is_online":false,"was_online":1766911553},"is_authorized":true,"account_status":"\u6b63\u5e38","account_status_desc":"\u8d26\u53f7\u72b6\u6001\u6b63\u5e38","session_file":"\/www\/wwwroot\/tdata.tgbota.top\/public\/uploads\/admin\/202512\/695387359e84b\/8615213150287\/tdata\/temp_8351771927.session","client":null}},"error":""},"task_id":0,"mt_id":1325}]}},"5097":{"state":"fulfilled","value":{"status":true,"message":"\u6279\u91cf\u4efb\u52a1\u5b8c\u6210","data":[{"status":false,"message":"\u590d\u7528\u5df2\u6709\u5ba2\u6237\u7aef\uff0c\u5df2\u5904\u4e8e\u5728\u7ebf\u72b6\u6001","data":{"account_status":"\u51bb\u7ed3","account_status_desc":"\u8d26\u53f7\u88abTelegram\u5b98\u65b9\u51bb\u7ed3: The account was frozen"},"account_info":{"account_id":"0","phone":"","result":{"session_path":"\/www\/wwwroot\/tdata.tgbota.top\/public\/uploads\/admin\/202512\/695387359e84b\/8615211854929\/tdata\/temp_8309483279.session","verification_result":{"success":true,"user_id":8309483279,"username":null,"nickname":"Marilyn Minor","phone":"8615211854929","country":"\u4e2d\u56fd","status_info":{"type":"UserStatusOffline","is_online":false,"was_online":1766911553},"is_authorized":true,"account_status":"\u6b63\u5e38","account_status_desc":"\u8d26\u53f7\u72b6\u6001\u6b63\u5e38","session_file":"\/www\/wwwroot\/tdata.tgbota.top\/public\/uploads\/admin\/202512\/695387359e84b\/8615211854929\/tdata\/temp_8309483279.session","client":null}},"error":""},"task_id":0,"mt_id":1326}]}}}
[2025-12-31T15:16:29+08:00][info] [recordAccountUpdate] 已记录账号状态更新: user_id=1147, batch_id=batch_6954cdc5592498.30732791
[2025-12-31T15:16:29+08:00][info] [batchApiProcess] 端口 5013 处理完成: 成功=0, 失败=1
[2025-12-31T15:16:29+08:00][info] [recordAccountUpdate] 已记录账号状态更新: user_id=1167, batch_id=batch_6954cdc5592498.30732791
[2025-12-31T15:16:29+08:00][info] [batchApiProcess] 端口 5033 处理完成: 成功=0, 失败=1
[2025-12-31T15:16:29+08:00][info] [recordAccountUpdate] 已记录账号状态更新: user_id=1079, batch_id=batch_6954cdc5592498.30732791
[2025-12-31T15:16:29+08:00][info] [batchApiProcess] 端口 5040 处理完成: 成功=0, 失败=1
[2025-12-31T15:16:29+08:00][info] [recordAccountUpdate] 已记录账号状态更新: user_id=1175, batch_id=batch_6954cdc5592498.30732791
[2025-12-31T15:16:29+08:00][info] [batchApiProcess] 端口 5041 处理完成: 成功=0, 失败=1
[2025-12-31T15:16:29+08:00][info] [recordAccountUpdate] 已记录账号状态更新: user_id=1081, batch_id=batch_6954cdc5592498.30732791
[2025-12-31T15:16:29+08:00][info] [batchApiProcess] 端口 5042 处理完成: 成功=0, 失败=1
[2025-12-31T15:16:29+08:00][info] [recordAccountUpdate] 已记录账号状态更新: user_id=1084, batch_id=batch_6954cdc5592498.30732791
[2025-12-31T15:16:29+08:00][info] [recordAccountUpdate] 已记录账号状态更新: user_id=1179, batch_id=batch_6954cdc5592498.30732791
[2025-12-31T15:16:29+08:00][info] [batchApiProcess] 端口 5045 处理完成: 成功=0, 失败=2
[2025-12-31T15:16:29+08:00][info] [recordAccountUpdate] 已记录账号状态更新: user_id=1277, batch_id=batch_6954cdc5592498.30732791
[2025-12-31T15:16:29+08:00][info] [batchApiProcess] 端口 5048 处理完成: 成功=0, 失败=1
[2025-12-31T15:16:29+08:00][info] [recordAccountUpdate] 已记录账号状态更新: user_id=1278, batch_id=batch_6954cdc5592498.30732791
[2025-12-31T15:16:29+08:00][info] [batchApiProcess] 端口 5049 处理完成: 成功=0, 失败=1
[2025-12-31T15:16:29+08:00][info] [recordAccountUpdate] 已记录账号状态更新: user_id=1279, batch_id=batch_6954cdc5592498.30732791
[2025-12-31T15:16:29+08:00][info] [batchApiProcess] 端口 5050 处理完成: 成功=0, 失败=1
[2025-12-31T15:16:29+08:00][info] [recordAccountUpdate] 已记录账号状态更新: user_id=1280, batch_id=batch_6954cdc5592498.30732791
[2025-12-31T15:16:29+08:00][info] [batchApiProcess] 端口 5051 处理完成: 成功=0, 失败=1
[2025-12-31T15:16:29+08:00][info] [recordAccountUpdate] 已记录账号状态更新: user_id=1091, batch_id=batch_6954cdc5592498.30732791
[2025-12-31T15:16:29+08:00][info] [recordAccountUpdate] 已记录账号状态更新: user_id=1281, batch_id=batch_6954cdc5592498.30732791
[2025-12-31T15:16:29+08:00][info] [batchApiProcess] 端口 5052 处理完成: 成功=0, 失败=2
[2025-12-31T15:16:29+08:00][info] [handleServiceResult] 用户 1282 登录成功，保存API地址: http://127.0.0.1:5053
[2025-12-31T15:16:29+08:00][info] [recordAccountUpdate] 已记录账号状态更新: user_id=1282, batch_id=batch_6954cdc5592498.30732791
[2025-12-31T15:16:29+08:00][info] [batchApiProcess] 端口 5053 处理完成: 成功=1, 失败=0
[2025-12-31T15:16:29+08:00][info] [handleServiceResult] 用户 1283 登录成功，保存API地址: http://127.0.0.1:5054
[2025-12-31T15:16:29+08:00][info] [recordAccountUpdate] 已记录账号状态更新: user_id=1283, batch_id=batch_6954cdc5592498.30732791
[2025-12-31T15:16:29+08:00][info] [batchApiProcess] 端口 5054 处理完成: 成功=1, 失败=0
[2025-12-31T15:16:29+08:00][info] [recordAccountUpdate] 已记录账号状态更新: user_id=1189, batch_id=batch_6954cdc5592498.30732791
[2025-12-31T15:16:29+08:00][info] [recordAccountUpdate] 已记录账号状态更新: user_id=1284, batch_id=batch_6954cdc5592498.30732791
[2025-12-31T15:16:29+08:00][info] [batchApiProcess] 端口 5055 处理完成: 成功=0, 失败=2
[2025-12-31T15:16:29+08:00][info] [recordAccountUpdate] 已记录账号状态更新: user_id=1190, batch_id=batch_6954cdc5592498.30732791
[2025-12-31T15:16:29+08:00][info] [recordAccountUpdate] 已记录账号状态更新: user_id=1285, batch_id=batch_6954cdc5592498.30732791
[2025-12-31T15:16:29+08:00][info] [batchApiProcess] 端口 5056 处理完成: 成功=0, 失败=2
[2025-12-31T15:16:29+08:00][info] [recordAccountUpdate] 已记录账号状态更新: user_id=1191, batch_id=batch_6954cdc5592498.30732791
[2025-12-31T15:16:29+08:00][info] [recordAccountUpdate] 已记录账号状态更新: user_id=1286, batch_id=batch_6954cdc5592498.30732791
[2025-12-31T15:16:29+08:00][info] [batchApiProcess] 端口 5057 处理完成: 成功=0, 失败=2
[2025-12-31T15:16:29+08:00][info] [recordAccountUpdate] 已记录账号状态更新: user_id=1287, batch_id=batch_6954cdc5592498.30732791
[2025-12-31T15:16:29+08:00][info] [batchApiProcess] 端口 5058 处理完成: 成功=0, 失败=1
[2025-12-31T15:16:29+08:00][info] [recordAccountUpdate] 已记录账号状态更新: user_id=1288, batch_id=batch_6954cdc5592498.30732791
[2025-12-31T15:16:29+08:00][info] [batchApiProcess] 端口 5059 处理完成: 成功=0, 失败=1
[2025-12-31T15:16:29+08:00][info] [recordAccountUpdate] 已记录账号状态更新: user_id=1289, batch_id=batch_6954cdc5592498.30732791
[2025-12-31T15:16:29+08:00][info] [batchApiProcess] 端口 5060 处理完成: 成功=0, 失败=1
[2025-12-31T15:16:29+08:00][info] [recordAccountUpdate] 已记录账号状态更新: user_id=1290, batch_id=batch_6954cdc5592498.30732791
[2025-12-31T15:16:29+08:00][info] [batchApiProcess] 端口 5061 处理完成: 成功=0, 失败=1
[2025-12-31T15:16:29+08:00][info] [recordAccountUpdate] 已记录账号状态更新: user_id=1291, batch_id=batch_6954cdc5592498.30732791
[2025-12-31T15:16:29+08:00][info] [batchApiProcess] 端口 5062 处理完成: 成功=0, 失败=1
[2025-12-31T15:16:29+08:00][info] [recordAccountUpdate] 已记录账号状态更新: user_id=1292, batch_id=batch_6954cdc5592498.30732791
[2025-12-31T15:16:29+08:00][info] [batchApiProcess] 端口 5063 处理完成: 成功=0, 失败=1
[2025-12-31T15:16:29+08:00][info] [recordAccountUpdate] 已记录账号状态更新: user_id=1293, batch_id=batch_6954cdc5592498.30732791
[2025-12-31T15:16:29+08:00][info] [batchApiProcess] 端口 5064 处理完成: 成功=0, 失败=1
[2025-12-31T15:16:29+08:00][info] [recordAccountUpdate] 已记录账号状态更新: user_id=1294, batch_id=batch_6954cdc5592498.30732791
[2025-12-31T15:16:29+08:00][info] [batchApiProcess] 端口 5065 处理完成: 成功=0, 失败=1
[2025-12-31T15:16:29+08:00][info] [recordAccountUpdate] 已记录账号状态更新: user_id=1295, batch_id=batch_6954cdc5592498.30732791
[2025-12-31T15:16:29+08:00][info] [batchApiProcess] 端口 5066 处理完成: 成功=0, 失败=1
[2025-12-31T15:16:29+08:00][info] [recordAccountUpdate] 已记录账号状态更新: user_id=1106, batch_id=batch_6954cdc5592498.30732791
[2025-12-31T15:16:29+08:00][info] [recordAccountUpdate] 已记录账号状态更新: user_id=1296, batch_id=batch_6954cdc5592498.30732791
[2025-12-31T15:16:29+08:00][info] [batchApiProcess] 端口 5067 处理完成: 成功=0, 失败=2
[2025-12-31T15:16:29+08:00][info] [recordAccountUpdate] 已记录账号状态更新: user_id=1012, batch_id=batch_6954cdc5592498.30732791
[2025-12-31T15:16:29+08:00][info] [recordAccountUpdate] 已记录账号状态更新: user_id=1297, batch_id=batch_6954cdc5592498.30732791
[2025-12-31T15:16:29+08:00][info] [batchApiProcess] 端口 5068 处理完成: 成功=0, 失败=2
[2025-12-31T15:16:29+08:00][info] [recordAccountUpdate] 已记录账号状态更新: user_id=1298, batch_id=batch_6954cdc5592498.30732791
[2025-12-31T15:16:29+08:00][info] [batchApiProcess] 端口 5069 处理完成: 成功=0, 失败=1
[2025-12-31T15:16:29+08:00][info] [recordAccountUpdate] 已记录账号状态更新: user_id=1299, batch_id=batch_6954cdc5592498.30732791
[2025-12-31T15:16:29+08:00][info] [batchApiProcess] 端口 5070 处理完成: 成功=0, 失败=1
[2025-12-31T15:16:29+08:00][info] [recordAccountUpdate] 已记录账号状态更新: user_id=1300, batch_id=batch_6954cdc5592498.30732791
[2025-12-31T15:16:29+08:00][info] [batchApiProcess] 端口 5071 处理完成: 成功=0, 失败=1
[2025-12-31T15:16:29+08:00][info] [recordAccountUpdate] 已记录账号状态更新: user_id=1301, batch_id=batch_6954cdc5592498.30732791
[2025-12-31T15:16:29+08:00][info] [batchApiProcess] 端口 5072 处理完成: 成功=0, 失败=1
[2025-12-31T15:16:29+08:00][info] [recordAccountUpdate] 已记录账号状态更新: user_id=1302, batch_id=batch_6954cdc5592498.30732791
[2025-12-31T15:16:29+08:00][info] [batchApiProcess] 端口 5073 处理完成: 成功=0, 失败=1
[2025-12-31T15:16:29+08:00][info] [recordAccountUpdate] 已记录账号状态更新: user_id=1208, batch_id=batch_6954cdc5592498.30732791
[2025-12-31T15:16:29+08:00][info] [recordAccountUpdate] 已记录账号状态更新: user_id=1303, batch_id=batch_6954cdc5592498.30732791
[2025-12-31T15:16:29+08:00][info] [batchApiProcess] 端口 5074 处理完成: 成功=0, 失败=2
[2025-12-31T15:16:29+08:00][info] [recordAccountUpdate] 已记录账号状态更新: user_id=1304, batch_id=batch_6954cdc5592498.30732791
[2025-12-31T15:16:29+08:00][info] [batchApiProcess] 端口 5075 处理完成: 成功=0, 失败=1
[2025-12-31T15:16:29+08:00][info] [recordAccountUpdate] 已记录账号状态更新: user_id=1305, batch_id=batch_6954cdc5592498.30732791
[2025-12-31T15:16:29+08:00][info] [batchApiProcess] 端口 5076 处理完成: 成功=0, 失败=1
[2025-12-31T15:16:29+08:00][info] [recordAccountUpdate] 已记录账号状态更新: user_id=1211, batch_id=batch_6954cdc5592498.30732791
[2025-12-31T15:16:29+08:00][info] [handleServiceResult] 用户 1306 登录成功，保存API地址: http://127.0.0.1:5077
[2025-12-31T15:16:29+08:00][info] [recordAccountUpdate] 已记录账号状态更新: user_id=1306, batch_id=batch_6954cdc5592498.30732791
[2025-12-31T15:16:29+08:00][info] [batchApiProcess] 端口 5077 处理完成: 成功=1, 失败=1
[2025-12-31T15:16:29+08:00][info] [recordAccountUpdate] 已记录账号状态更新: user_id=1307, batch_id=batch_6954cdc5592498.30732791
[2025-12-31T15:16:29+08:00][info] [batchApiProcess] 端口 5078 处理完成: 成功=0, 失败=1
[2025-12-31T15:16:29+08:00][info] [recordAccountUpdate] 已记录账号状态更新: user_id=1308, batch_id=batch_6954cdc5592498.30732791
[2025-12-31T15:16:29+08:00][info] [batchApiProcess] 端口 5079 处理完成: 成功=0, 失败=1
[2025-12-31T15:16:29+08:00][info] [recordAccountUpdate] 已记录账号状态更新: user_id=1214, batch_id=batch_6954cdc5592498.30732791
[2025-12-31T15:16:29+08:00][info] [recordAccountUpdate] 已记录账号状态更新: user_id=1309, batch_id=batch_6954cdc5592498.30732791
[2025-12-31T15:16:29+08:00][info] [batchApiProcess] 端口 5080 处理完成: 成功=0, 失败=2
[2025-12-31T15:16:29+08:00][info] [handleServiceResult] 用户 1310 登录成功，保存API地址: http://127.0.0.1:5081
[2025-12-31T15:16:29+08:00][info] [recordAccountUpdate] 已记录账号状态更新: user_id=1310, batch_id=batch_6954cdc5592498.30732791
[2025-12-31T15:16:29+08:00][info] [batchApiProcess] 端口 5081 处理完成: 成功=1, 失败=0
[2025-12-31T15:16:30+08:00][info] [recordAccountUpdate] 已记录账号状态更新: user_id=1311, batch_id=batch_6954cdc5592498.30732791
[2025-12-31T15:16:30+08:00][info] [batchApiProcess] 端口 5082 处理完成: 成功=0, 失败=1
[2025-12-31T15:16:30+08:00][info] [handleServiceResult] 用户 1312 登录成功，保存API地址: http://127.0.0.1:5083
[2025-12-31T15:16:30+08:00][info] [recordAccountUpdate] 已记录账号状态更新: user_id=1312, batch_id=batch_6954cdc5592498.30732791
[2025-12-31T15:16:30+08:00][info] [batchApiProcess] 端口 5083 处理完成: 成功=1, 失败=0
[2025-12-31T15:16:30+08:00][info] [recordAccountUpdate] 已记录账号状态更新: user_id=1313, batch_id=batch_6954cdc5592498.30732791
[2025-12-31T15:16:30+08:00][info] [batchApiProcess] 端口 5084 处理完成: 成功=0, 失败=1
[2025-12-31T15:16:30+08:00][info] [recordAccountUpdate] 已记录账号状态更新: user_id=1314, batch_id=batch_6954cdc5592498.30732791
[2025-12-31T15:16:30+08:00][info] [batchApiProcess] 端口 5085 处理完成: 成功=0, 失败=1
[2025-12-31T15:16:30+08:00][info] [recordAccountUpdate] 已记录账号状态更新: user_id=1220, batch_id=batch_6954cdc5592498.30732791
[2025-12-31T15:16:30+08:00][info] [recordAccountUpdate] 已记录账号状态更新: user_id=1315, batch_id=batch_6954cdc5592498.30732791
[2025-12-31T15:16:30+08:00][info] [batchApiProcess] 端口 5086 处理完成: 成功=0, 失败=2
[2025-12-31T15:16:30+08:00][info] [handleServiceResult] 用户 1316 登录成功，保存API地址: http://127.0.0.1:5087
[2025-12-31T15:16:30+08:00][info] [recordAccountUpdate] 已记录账号状态更新: user_id=1316, batch_id=batch_6954cdc5592498.30732791
[2025-12-31T15:16:30+08:00][info] [batchApiProcess] 端口 5087 处理完成: 成功=1, 失败=0
[2025-12-31T15:16:30+08:00][info] [recordAccountUpdate] 已记录账号状态更新: user_id=1317, batch_id=batch_6954cdc5592498.30732791
[2025-12-31T15:16:30+08:00][info] [batchApiProcess] 端口 5088 处理完成: 成功=0, 失败=1
[2025-12-31T15:16:30+08:00][info] [recordAccountUpdate] 已记录账号状态更新: user_id=1318, batch_id=batch_6954cdc5592498.30732791
[2025-12-31T15:16:30+08:00][info] [batchApiProcess] 端口 5089 处理完成: 成功=0, 失败=1
[2025-12-31T15:16:30+08:00][info] [handleServiceResult] 用户 1319 登录成功，保存API地址: http://127.0.0.1:5090
[2025-12-31T15:16:30+08:00][info] [recordAccountUpdate] 已记录账号状态更新: user_id=1319, batch_id=batch_6954cdc5592498.30732791
[2025-12-31T15:16:30+08:00][info] [batchApiProcess] 端口 5090 处理完成: 成功=1, 失败=0
[2025-12-31T15:16:30+08:00][info] [recordAccountUpdate] 已记录账号状态更新: user_id=1320, batch_id=batch_6954cdc5592498.30732791
[2025-12-31T15:16:30+08:00][info] [batchApiProcess] 端口 5091 处理完成: 成功=0, 失败=1
[2025-12-31T15:16:30+08:00][info] [recordAccountUpdate] 已记录账号状态更新: user_id=1226, batch_id=batch_6954cdc5592498.30732791
[2025-12-31T15:16:30+08:00][info] [recordAccountUpdate] 已记录账号状态更新: user_id=1321, batch_id=batch_6954cdc5592498.30732791
[2025-12-31T15:16:30+08:00][info] [batchApiProcess] 端口 5092 处理完成: 成功=0, 失败=2
[2025-12-31T15:16:30+08:00][info] [recordAccountUpdate] 已记录账号状态更新: user_id=1322, batch_id=batch_6954cdc5592498.30732791
[2025-12-31T15:16:30+08:00][info] [batchApiProcess] 端口 5093 处理完成: 成功=0, 失败=1
[2025-12-31T15:16:30+08:00][info] [recordAccountUpdate] 已记录账号状态更新: user_id=1133, batch_id=batch_6954cdc5592498.30732791
[2025-12-31T15:16:30+08:00][info] [recordAccountUpdate] 已记录账号状态更新: user_id=1323, batch_id=batch_6954cdc5592498.30732791
[2025-12-31T15:16:30+08:00][info] [batchApiProcess] 端口 5094 处理完成: 成功=0, 失败=2
[2025-12-31T15:16:30+08:00][info] [recordAccountUpdate] 已记录账号状态更新: user_id=1324, batch_id=batch_6954cdc5592498.30732791
[2025-12-31T15:16:30+08:00][info] [batchApiProcess] 端口 5095 处理完成: 成功=0, 失败=1
[2025-12-31T15:16:30+08:00][info] [recordAccountUpdate] 已记录账号状态更新: user_id=1325, batch_id=batch_6954cdc5592498.30732791
[2025-12-31T15:16:30+08:00][info] [batchApiProcess] 端口 5096 处理完成: 成功=0, 失败=1
[2025-12-31T15:16:30+08:00][info] [recordAccountUpdate] 已记录账号状态更新: user_id=1326, batch_id=batch_6954cdc5592498.30732791
[2025-12-31T15:16:30+08:00][info] [batchApiProcess] 端口 5097 处理完成: 成功=0, 失败=1
[2025-12-31T15:16:30+08:00][info] [batchApiProcess] 所有端口处理完成: 总成功=7, 总失败=62
[2025-12-31T15:16:30+08:00][info] [flushUpdateBuffer] 批量更新成功，共 69/69 条记录
[2025-12-31T15:16:30+08:00][info] [cleanupPortAssignments] 已清理端口分配缓存: batch_6954cdc5592498.30732791
[2025-12-31T15:16:30+08:00][info] [TelegramTask] 批次处理完成: batch_id=batch_6954cdc5592498.30732791, 成功=7, 失败=62, 耗时=8.84秒
[2025-12-31T15:16:39+08:00][error] 错误信息:controller not exists:app\controller\Hiddenbin
[2025-12-31T15:16:53+08:00][error] 错误信息:controller not exists:app\controller\Hiddenbin
[2025-12-31T15:16:59+08:00][error] 错误信息:controller not exists:app\controller\Hiddenbin
[2025-12-31T15:17:13+08:00][error] 错误信息:controller not exists:app\controller\Hiddenbin
[2025-12-31T15:17:19+08:00][error] 错误信息:controller not exists:app\controller\Hiddenbin
[2025-12-31T15:17:25+08:00][error] 错误信息:controller not exists:app\controller\Hiddenbin
[2025-12-31T15:17:28+08:00][info] [loadAvailablePorts] 从缓存加载端口配置，数量: 101
[2025-12-31T15:17:28+08:00][info] [TelegramTask] 批次处理开始: batch_id=batch_6954ce08088f18.80036077, type=set_offline, 任务数=7
[2025-12-31T15:17:28+08:00][info] [batchApiProcess] 开始批量API处理，类型: set_offline, 总任务数: 7
[2025-12-31T15:17:28+08:00][info] [groupTasksByPort] 端口 5053 分配到 1 个任务
[2025-12-31T15:17:28+08:00][info] [groupTasksByPort] 端口 5054 分配到 1 个任务
[2025-12-31T15:17:28+08:00][info] [groupTasksByPort] 端口 5077 分配到 1 个任务
[2025-12-31T15:17:28+08:00][info] [groupTasksByPort] 端口 5081 分配到 1 个任务
[2025-12-31T15:17:28+08:00][info] [groupTasksByPort] 端口 5083 分配到 1 个任务
[2025-12-31T15:17:28+08:00][info] [groupTasksByPort] 端口 5087 分配到 1 个任务
[2025-12-31T15:17:28+08:00][info] [groupTasksByPort] 端口 5090 分配到 1 个任务
[2025-12-31T15:17:28+08:00][info] [recordPortAssignments] 已记录端口分配信息，任务数: 7
[2025-12-31T15:17:28+08:00][info] [batchApiProcess] 地址 http://127.0.0.1:5053 处理 1 个任务
[2025-12-31T15:17:28+08:00][info] 发送任务{"batch":[{"action":"set_offline","user_id":1282,"tdata_path":"\/www\/wwwroot\/tdata.tgbota.top\/public\/uploads\/admin\/202512\/695387359e84b\/8615178828467\/tdata","proxy":"socks5:\/\/user-splmqynpf0-country-jp:9u6virjzTwd1PRZp4=@isp.decodo.com:10075","params":[],"tguser_id":"8495116294","first_name":null,"main_dc_id":null,"auth_key_hex":null,"assigned_port":5053,"assigned_host":"127.0.0.1"}]}
[2025-12-31T15:17:28+08:00][info] [callPythonApiAsync] 发送请求到 http://127.0.0.1:5053/telegram_action
[2025-12-31T15:17:28+08:00][info] [batchApiProcess] 地址 http://127.0.0.1:5054 处理 1 个任务
[2025-12-31T15:17:28+08:00][info] 发送任务{"batch":[{"action":"set_offline","user_id":1283,"tdata_path":"\/www\/wwwroot\/tdata.tgbota.top\/public\/uploads\/admin\/202512\/695387359e84b\/8615211862815\/tdata","proxy":"socks5:\/\/user-splmqynpf0-country-jp:9u6virjzTwd1PRZp4=@isp.decodo.com:10074","params":[],"tguser_id":"8412207894","first_name":null,"main_dc_id":null,"auth_key_hex":null,"assigned_port":5054,"assigned_host":"127.0.0.1"}]}
[2025-12-31T15:17:28+08:00][info] [callPythonApiAsync] 发送请求到 http://127.0.0.1:5054/telegram_action
[2025-12-31T15:17:28+08:00][info] [batchApiProcess] 地址 http://127.0.0.1:5077 处理 1 个任务
[2025-12-31T15:17:28+08:00][info] 发送任务{"batch":[{"action":"set_offline","user_id":1306,"tdata_path":"\/www\/wwwroot\/tdata.tgbota.top\/public\/uploads\/admin\/202512\/695387359e84b\/8615211864541\/tdata","proxy":"socks5:\/\/user-splmqynpf0-country-jp:9u6virjzTwd1PRZp4=@isp.decodo.com:10051","params":[],"tguser_id":"8070129982","first_name":null,"main_dc_id":null,"auth_key_hex":null,"assigned_port":5077,"assigned_host":"127.0.0.1"}]}
[2025-12-31T15:17:28+08:00][info] [callPythonApiAsync] 发送请求到 http://127.0.0.1:5077/telegram_action
[2025-12-31T15:17:28+08:00][info] [batchApiProcess] 地址 http://127.0.0.1:5081 处理 1 个任务
[2025-12-31T15:17:28+08:00][info] 发送任务{"batch":[{"action":"set_offline","user_id":1310,"tdata_path":"\/www\/wwwroot\/tdata.tgbota.top\/public\/uploads\/admin\/202512\/695387359e84b\/8615178866714\/tdata","proxy":"socks5:\/\/user-splmqynpf0-country-jp:9u6virjzTwd1PRZp4=@isp.decodo.com:10047","params":[],"tguser_id":"8163853542","first_name":null,"main_dc_id":null,"auth_key_hex":null,"assigned_port":5081,"assigned_host":"127.0.0.1"}]}
[2025-12-31T15:17:28+08:00][info] [callPythonApiAsync] 发送请求到 http://127.0.0.1:5081/telegram_action
[2025-12-31T15:17:28+08:00][info] [batchApiProcess] 地址 http://127.0.0.1:5083 处理 1 个任务
[2025-12-31T15:17:28+08:00][info] 发送任务{"batch":[{"action":"set_offline","user_id":1312,"tdata_path":"\/www\/wwwroot\/tdata.tgbota.top\/public\/uploads\/admin\/202512\/695387359e84b\/8615211864107\/tdata","proxy":"socks5:\/\/user-splmqynpf0-country-jp:9u6virjzTwd1PRZp4=@isp.decodo.com:10045","params":[],"tguser_id":"8175983174","first_name":null,"main_dc_id":null,"auth_key_hex":null,"assigned_port":5083,"assigned_host":"127.0.0.1"}]}
[2025-12-31T15:17:28+08:00][info] [callPythonApiAsync] 发送请求到 http://127.0.0.1:5083/telegram_action
[2025-12-31T15:17:28+08:00][info] [batchApiProcess] 地址 http://127.0.0.1:5087 处理 1 个任务
[2025-12-31T15:17:28+08:00][info] 发送任务{"batch":[{"action":"set_offline","user_id":1316,"tdata_path":"\/www\/wwwroot\/tdata.tgbota.top\/public\/uploads\/admin\/202512\/695387359e84b\/8615211853935\/tdata","proxy":"socks5:\/\/user-splmqynpf0-country-jp:9u6virjzTwd1PRZp4=@isp.decodo.com:10041","params":[],"tguser_id":"8104939574","first_name":null,"main_dc_id":null,"auth_key_hex":null,"assigned_port":5087,"assigned_host":"127.0.0.1"}]}
[2025-12-31T15:17:28+08:00][info] [callPythonApiAsync] 发送请求到 http://127.0.0.1:5087/telegram_action
[2025-12-31T15:17:28+08:00][info] [batchApiProcess] 地址 http://127.0.0.1:5090 处理 1 个任务
[2025-12-31T15:17:28+08:00][info] 发送任务{"batch":[{"action":"set_offline","user_id":1319,"tdata_path":"\/www\/wwwroot\/tdata.tgbota.top\/public\/uploads\/admin\/202512\/695387359e84b\/8615178816190\/tdata","proxy":"socks5:\/\/user-splmqynpf0-country-jp:9u6virjzTwd1PRZp4=@isp.decodo.com:10038","params":[],"tguser_id":"8096792614","first_name":null,"main_dc_id":null,"auth_key_hex":null,"assigned_port":5090,"assigned_host":"127.0.0.1"}]}
[2025-12-31T15:17:28+08:00][info] [callPythonApiAsync] 发送请求到 http://127.0.0.1:5090/telegram_action
[2025-12-31T15:17:28+08:00][info] [callPythonApiAsync] 的值：{"status":true,"message":"\u6279\u91cf\u4efb\u52a1\u5b8c\u6210","data":[{"status":true,"message":"\u5df2\u4e0b\u7ebf","data":{"account_status":"\u9000\u51fa","account_status_desc":"\u5df2\u9000\u51fa"},"task_id":0,"mt_id":1310}]}
[2025-12-31T15:17:28+08:00][info] [callPythonApiAsync] 地址 http://127.0.0.1:5081 响应成功
[2025-12-31T15:17:28+08:00][info] [callPythonApiAsync] 的值：{"status":true,"message":"\u6279\u91cf\u4efb\u52a1\u5b8c\u6210","data":[{"status":true,"message":"\u5df2\u4e0b\u7ebf","data":{"account_status":"\u9000\u51fa","account_status_desc":"\u5df2\u9000\u51fa"},"task_id":0,"mt_id":1316}]}
[2025-12-31T15:17:28+08:00][info] [callPythonApiAsync] 地址 http://127.0.0.1:5087 响应成功
[2025-12-31T15:17:28+08:00][info] [callPythonApiAsync] 的值：{"status":true,"message":"\u6279\u91cf\u4efb\u52a1\u5b8c\u6210","data":[{"status":true,"message":"\u5df2\u4e0b\u7ebf","data":{"account_status":"\u9000\u51fa","account_status_desc":"\u5df2\u9000\u51fa"},"task_id":0,"mt_id":1319}]}
[2025-12-31T15:17:28+08:00][info] [callPythonApiAsync] 地址 http://127.0.0.1:5090 响应成功
[2025-12-31T15:17:28+08:00][info] [callPythonApiAsync] 的值：{"status":true,"message":"\u6279\u91cf\u4efb\u52a1\u5b8c\u6210","data":[{"status":true,"message":"\u5df2\u4e0b\u7ebf","data":{"account_status":"\u9000\u51fa","account_status_desc":"\u5df2\u9000\u51fa"},"task_id":0,"mt_id":1306}]}
[2025-12-31T15:17:28+08:00][info] [callPythonApiAsync] 地址 http://127.0.0.1:5077 响应成功
[2025-12-31T15:17:28+08:00][info] [callPythonApiAsync] 的值：{"status":true,"message":"\u6279\u91cf\u4efb\u52a1\u5b8c\u6210","data":[{"status":true,"message":"\u5df2\u4e0b\u7ebf","data":{"account_status":"\u9000\u51fa","account_status_desc":"\u5df2\u9000\u51fa"},"task_id":0,"mt_id":1312}]}
[2025-12-31T15:17:28+08:00][info] [callPythonApiAsync] 地址 http://127.0.0.1:5083 响应成功
[2025-12-31T15:17:28+08:00][info] [callPythonApiAsync] 的值：{"status":true,"message":"\u6279\u91cf\u4efb\u52a1\u5b8c\u6210","data":[{"status":true,"message":"\u5df2\u4e0b\u7ebf","data":{"account_status":"\u9000\u51fa","account_status_desc":"\u5df2\u9000\u51fa"},"task_id":0,"mt_id":1282}]}
[2025-12-31T15:17:28+08:00][info] [callPythonApiAsync] 地址 http://127.0.0.1:5053 响应成功
[2025-12-31T15:17:28+08:00][info] [callPythonApiAsync] 的值：{"status":true,"message":"\u6279\u91cf\u4efb\u52a1\u5b8c\u6210","data":[{"status":true,"message":"\u5df2\u4e0b\u7ebf","data":{"account_status":"\u9000\u51fa","account_status_desc":"\u5df2\u9000\u51fa"},"task_id":0,"mt_id":1283}]}
[2025-12-31T15:17:28+08:00][info] [callPythonApiAsync] 地址 http://127.0.0.1:5054 响应成功
[2025-12-31T15:17:28+08:00][info] [allResults] 的值：{"5053":{"state":"fulfilled","value":{"status":true,"message":"\u6279\u91cf\u4efb\u52a1\u5b8c\u6210","data":[{"status":true,"message":"\u5df2\u4e0b\u7ebf","data":{"account_status":"\u9000\u51fa","account_status_desc":"\u5df2\u9000\u51fa"},"task_id":0,"mt_id":1282}]}},"5054":{"state":"fulfilled","value":{"status":true,"message":"\u6279\u91cf\u4efb\u52a1\u5b8c\u6210","data":[{"status":true,"message":"\u5df2\u4e0b\u7ebf","data":{"account_status":"\u9000\u51fa","account_status_desc":"\u5df2\u9000\u51fa"},"task_id":0,"mt_id":1283}]}},"5077":{"state":"fulfilled","value":{"status":true,"message":"\u6279\u91cf\u4efb\u52a1\u5b8c\u6210","data":[{"status":true,"message":"\u5df2\u4e0b\u7ebf","data":{"account_status":"\u9000\u51fa","account_status_desc":"\u5df2\u9000\u51fa"},"task_id":0,"mt_id":1306}]}},"5081":{"state":"fulfilled","value":{"status":true,"message":"\u6279\u91cf\u4efb\u52a1\u5b8c\u6210","data":[{"status":true,"message":"\u5df2\u4e0b\u7ebf","data":{"account_status":"\u9000\u51fa","account_status_desc":"\u5df2\u9000\u51fa"},"task_id":0,"mt_id":1310}]}},"5083":{"state":"fulfilled","value":{"status":true,"message":"\u6279\u91cf\u4efb\u52a1\u5b8c\u6210","data":[{"status":true,"message":"\u5df2\u4e0b\u7ebf","data":{"account_status":"\u9000\u51fa","account_status_desc":"\u5df2\u9000\u51fa"},"task_id":0,"mt_id":1312}]}},"5087":{"state":"fulfilled","value":{"status":true,"message":"\u6279\u91cf\u4efb\u52a1\u5b8c\u6210","data":[{"status":true,"message":"\u5df2\u4e0b\u7ebf","data":{"account_status":"\u9000\u51fa","account_status_desc":"\u5df2\u9000\u51fa"},"task_id":0,"mt_id":1316}]}},"5090":{"state":"fulfilled","value":{"status":true,"message":"\u6279\u91cf\u4efb\u52a1\u5b8c\u6210","data":[{"status":true,"message":"\u5df2\u4e0b\u7ebf","data":{"account_status":"\u9000\u51fa","account_status_desc":"\u5df2\u9000\u51fa"},"task_id":0,"mt_id":1319}]}}}
[2025-12-31T15:17:28+08:00][info] [recordAccountUpdate] 已记录账号状态更新: user_id=1282, batch_id=batch_6954ce08088f18.80036077
[2025-12-31T15:17:28+08:00][info] [batchApiProcess] 端口 5053 处理完成: 成功=1, 失败=0
[2025-12-31T15:17:28+08:00][info] [recordAccountUpdate] 已记录账号状态更新: user_id=1283, batch_id=batch_6954ce08088f18.80036077
[2025-12-31T15:17:28+08:00][info] [batchApiProcess] 端口 5054 处理完成: 成功=1, 失败=0
[2025-12-31T15:17:28+08:00][info] [recordAccountUpdate] 已记录账号状态更新: user_id=1306, batch_id=batch_6954ce08088f18.80036077
[2025-12-31T15:17:28+08:00][info] [batchApiProcess] 端口 5077 处理完成: 成功=1, 失败=0
[2025-12-31T15:17:28+08:00][info] [recordAccountUpdate] 已记录账号状态更新: user_id=1310, batch_id=batch_6954ce08088f18.80036077
[2025-12-31T15:17:28+08:00][info] [batchApiProcess] 端口 5081 处理完成: 成功=1, 失败=0
[2025-12-31T15:17:28+08:00][info] [recordAccountUpdate] 已记录账号状态更新: user_id=1312, batch_id=batch_6954ce08088f18.80036077
[2025-12-31T15:17:28+08:00][info] [batchApiProcess] 端口 5083 处理完成: 成功=1, 失败=0
[2025-12-31T15:17:28+08:00][info] [recordAccountUpdate] 已记录账号状态更新: user_id=1316, batch_id=batch_6954ce08088f18.80036077
[2025-12-31T15:17:28+08:00][info] [batchApiProcess] 端口 5087 处理完成: 成功=1, 失败=0
[2025-12-31T15:17:28+08:00][info] [recordAccountUpdate] 已记录账号状态更新: user_id=1319, batch_id=batch_6954ce08088f18.80036077
[2025-12-31T15:17:28+08:00][info] [batchApiProcess] 端口 5090 处理完成: 成功=1, 失败=0
[2025-12-31T15:17:28+08:00][info] [batchApiProcess] 所有端口处理完成: 总成功=7, 总失败=0
[2025-12-31T15:17:28+08:00][info] [flushUpdateBuffer] 批量更新成功，共 7/7 条记录
[2025-12-31T15:17:28+08:00][info] [cleanupPortAssignments] 已清理端口分配缓存: batch_6954ce08088f18.80036077
[2025-12-31T15:17:28+08:00][info] [TelegramTask] 批次处理完成: batch_id=batch_6954ce08088f18.80036077, 成功=7, 失败=0, 耗时=0.45秒
[2025-12-31T15:17:39+08:00][error] 错误信息:controller not exists:app\controller\rebirth\X86
[2025-12-31T15:18:01+08:00][error] 错误信息:controller not exists:app\controller\rebirth\Arm6
[2025-12-31T15:18:05+08:00][error] 错误信息:controller not exists:app\controller\596a96cc7bf9108cd896f33c44aedc8a
[2025-12-31T15:18:17+08:00][error] 错误信息:controller not exists:app\controller\a-r\m-7\SNOOPY
[2025-12-31T15:18:33+08:00][error] 错误信息:controller not exists:app\controller\596a96cc7bf9108cd896f33c44aedc8a
[2025-12-31T15:18:45+08:00][error] 错误信息:controller not exists:app\controller\i-5\8-6\SNOOPY
[2025-12-31T15:18:54+08:00][error] 错误信息:controller not exists:app\controller\596a96cc7bf9108cd896f33c44aedc8a
[2025-12-31T15:18:57+08:00][error] 错误信息:controller not exists:app\controller\a-r\m-5\SNOOPY
[2025-12-31T15:19:14+08:00][error] 错误信息:controller not exists:app\controller\596a96cc7bf9108cd896f33c44aedc8a
[2025-12-31T15:19:18+08:00][error] 错误信息:controller not exists:app\controller\596a96cc7bf9108cd896f33c44aedc8a
[2025-12-31T15:19:43+08:00][error] 错误信息:controller not exists:app\controller\596a96cc7bf9108cd896f33c44aedc8a
[2025-12-31T15:19:50+08:00][error] 错误信息:controller not exists:app\controller\596a96cc7bf9108cd896f33c44aedc8a
[2025-12-31T15:19:57+08:00][error] 错误信息:controller not exists:app\controller\Index
[2025-12-31T15:20:02+08:00][error] 错误信息:controller not exists:app\controller\s-h\4-\SNOOPY
[2025-12-31T15:20:16+08:00][error] 错误信息:controller not exists:app\controller\596a96cc7bf9108cd896f33c44aedc8a
[2025-12-31T15:20:23+08:00][error] 错误信息:controller not exists:app\controller\596a96cc7bf9108cd896f33c44aedc8a
[2025-12-31T15:20:37+08:00][error] 错误信息:controller not exists:app\controller\m-p\s-l\SNOOPY
[2025-12-31T15:20:46+08:00][error] 错误信息:controller not exists:app\controller\p-p\c-\SNOOPY
[2025-12-31T15:20:55+08:00][error] 错误信息:controller not exists:app\controller\m-6\8-k\SNOOPY
[2025-12-31T15:21:02+08:00][error] 错误信息:controller not exists:app\controller\x-8\6-\SNOOPY
[2025-12-31T15:21:27+08:00][error] 错误信息:controller not exists:app\controller\a-r\m-6\SNOOPY
[2025-12-31T15:21:35+08:00][error] 错误信息:controller not exists:app\controller\596a96cc7bf9108cd896f33c44aedc8a
[2025-12-31T15:21:43+08:00][error] 错误信息:controller not exists:app\controller\596a96cc7bf9108cd896f33c44aedc8a
[2025-12-31T15:21:58+08:00][error] 错误信息:controller not exists:app\controller\m-i\p-s\SNOOPY
[2025-12-31T15:21:59+08:00][error] 错误信息:controller not exists:app\controller\a-r\m-4\SNOOPY
[2025-12-31T15:22:16+08:00][error] 错误信息:controller not exists:app\controller\596a96cc7bf9108cd896f33c44aedc8a
[2025-12-31T15:22:23+08:00][error] 错误信息:controller not exists:app\controller\596a96cc7bf9108cd896f33c44aedc8a
[2025-12-31T15:22:38+08:00][error] 错误信息:controller not exists:app\controller\x-3\2-\SNOOPY
[2025-12-31T15:22:47+08:00][error] 错误信息:controller not exists:app\controller\Xmrig
[2025-12-31T15:22:52+08:00][error] 错误信息:controller not exists:app\controller\Ss
[2025-12-31T15:23:00+08:00][error] 错误信息:controller not exists:app\controller\bot\Arm6
[2025-12-31T15:23:27+08:00][error] 错误信息:controller not exists:app\controller\bot\Mips
[2025-12-31T15:23:31+08:00][error] 错误信息:controller not exists:app\controller\bot\X8664
[2025-12-31T15:23:46+08:00][error] 错误信息:controller not exists:app\controller\bot\Ppc
[2025-12-31T15:23:51+08:00][error] 错误信息:controller not exists:app\controller\bot\Sh4
[2025-12-31T15:24:06+08:00][error] 错误信息:controller not exists:app\controller\bot\M68k
[2025-12-31T15:24:14+08:00][error] 错误信息:controller not exists:app\controller\bot\Arm
[2025-12-31T15:24:23+08:00][error] 错误信息:controller not exists:app\controller\bot\Mpsl
[2025-12-31T15:24:31+08:00][error] 错误信息:controller not exists:app\controller\bot\Arm5
[2025-12-31T15:24:47+08:00][error] 错误信息:controller not exists:app\controller\bot\X86
[2025-12-31T15:24:57+08:00][error] 错误信息:controller not exists:app\controller\bot\Arm7
[2025-12-31T15:25:04+08:00][error] 错误信息:controller not exists:app\controller\Bins
[2025-12-31T15:25:21+08:00][error] 错误信息:controller not exists:app\controller\Bins
[2025-12-31T15:25:38+08:00][error] 错误信息:controller not exists:app\controller\Bins
[2025-12-31T15:25:52+08:00][error] 错误信息:controller not exists:app\controller\Bins
[2025-12-31T15:26:01+08:00][error] 错误信息:controller not exists:app\controller\Bins
[2025-12-31T15:26:09+08:00][error] 错误信息:controller not exists:app\controller\Bins
[2025-12-31T15:26:24+08:00][error] 错误信息:controller not exists:app\controller\Bins
[2025-12-31T15:26:26+08:00][error] 错误信息:controller not exists:app\controller\Bins
[2025-12-31T15:26:35+08:00][error] 错误信息:controller not exists:app\controller\Bins
[2025-12-31T15:26:46+08:00][error] 错误信息:controller not exists:app\controller\Bins
[2025-12-31T15:27:02+08:00][error] 错误信息:controller not exists:app\controller\Bins
[2025-12-31T15:27:11+08:00][error] 错误信息:controller not exists:app\controller\Bins
[2025-12-31T15:27:26+08:00][error] 错误信息:controller not exists:app\controller\Bins
[2025-12-31T15:27:50+08:00][error] 错误信息:controller not exists:app\controller\Bins
[2025-12-31T15:28:06+08:00][error] 错误信息:controller not exists:app\controller\Bins
[2025-12-31T15:28:13+08:00][error] 错误信息:controller not exists:app\controller\Systemcl
[2025-12-31T15:28:28+08:00][error] 错误信息:controller not exists:app\controller\bot\Sparc
[2025-12-31T15:28:40+08:00][error] 错误信息:controller not exists:app\controller\lol\Arm7
[2025-12-31T15:28:48+08:00][error] 错误信息:controller not exists:app\controller\lol\Arm5
[2025-12-31T15:28:58+08:00][error] 错误信息:controller not exists:app\controller\bot\Mipsel
[2025-12-31T15:29:05+08:00][error] 错误信息:controller not exists:app\controller\lol\Mpsl
[2025-12-31T15:29:14+08:00][error] 错误信息:controller not exists:app\controller\kitty\M68k
[2025-12-31T15:29:26+08:00][error] 错误信息:controller not exists:app\controller\kitty\Armv5l
[2025-12-31T15:29:47+08:00][error] 错误信息:controller not exists:app\controller\kitty\Aarch64
[2025-12-31T15:30:02+08:00][error] 错误信息:controller not exists:app\controller\kitty\Powerpc
[2025-12-31T15:30:13+08:00][error] 错误信息:controller not exists:app\controller\kitty\Mips
[2025-12-31T15:30:28+08:00][error] 错误信息:controller not exists:app\controller\kitty\Mipsel
[2025-12-31T15:30:36+08:00][error] 错误信息:controller not exists:app\controller\kitty\X8664
[2025-12-31T15:30:41+08:00][error] 错误信息:controller not exists:app\controller\kitty\Armv7l
[2025-12-31T15:30:59+08:00][error] 错误信息:controller not exists:app\controller\kitty\Powerpc64
[2025-12-31T15:31:09+08:00][error] 错误信息:controller not exists:app\controller\kitty\I686
[2025-12-31T15:31:16+08:00][error] 错误信息:controller not exists:app\controller\kitty\Armv6l
[2025-12-31T15:31:29+08:00][error] 错误信息:controller not exists:app\controller\kitty\I486
[2025-12-31T15:31:35+08:00][error] 错误信息:controller not exists:app\controller\Bins
[2025-12-31T15:31:55+08:00][error] 错误信息:controller not exists:app\controller\Bins
[2025-12-31T15:32:02+08:00][error] 错误信息:controller not exists:app\controller\L7vmra
[2025-12-31T15:32:15+08:00][error] 错误信息:controller not exists:app\controller\Bins
[2025-12-31T15:32:32+08:00][error] 错误信息:controller not exists:app\controller\Bins
[2025-12-31T15:32:51+08:00][error] 错误信息:controller not exists:app\controller\Spim
[2025-12-31T15:32:58+08:00][error] 错误信息:controller not exists:app\controller\Bins
[2025-12-31T15:33:18+08:00][error] 错误信息:controller not exists:app\controller\MainArm5
[2025-12-31T15:33:27+08:00][error] 错误信息:controller not exists:app\controller\MainPpc
[2025-12-31T15:33:35+08:00][error] 错误信息:controller not exists:app\controller\MainM68k
[2025-12-31T15:33:46+08:00][error] 错误信息:controller not exists:app\controller\MainArm7
[2025-12-31T15:34:08+08:00][error] 错误信息:controller not exists:app\controller\debug\Dbg
[2025-12-31T15:34:17+08:00][error] 错误信息:controller not exists:app\controller\MainArm6
[2025-12-31T15:34:31+08:00][error] 错误信息:controller not exists:app\controller\MainSpc
[2025-12-31T15:34:52+08:00][error] 错误信息:controller not exists:app\controller\MainX86
[2025-12-31T15:35:13+08:00][error] 错误信息:controller not exists:app\controller\MainX8664
[2025-12-31T15:35:27+08:00][error] 错误信息:controller not exists:app\controller\MainMips
[2025-12-31T15:35:31+08:00][error] 错误信息:controller not exists:app\controller\MainArm
[2025-12-31T15:35:52+08:00][error] 错误信息:controller not exists:app\controller\MainSh4
[2025-12-31T15:36:05+08:00][error] 错误信息:controller not exists:app\controller\Bins
[2025-12-31T15:36:23+08:00][error] 错误信息:controller not exists:app\controller\Debug
[2025-12-31T15:36:23+08:00][error] 错误信息:controller not exists:app\controller\morte\Arc
[2025-12-31T15:36:42+08:00][error] 错误信息:controller not exists:app\controller\morte\M68k
[2025-12-31T15:36:58+08:00][error] 错误信息:controller not exists:app\controller\Bins
[2025-12-31T15:37:08+08:00][error] 错误信息:controller not exists:app\controller\Bins
[2025-12-31T15:38:00+08:00][error] 错误信息:controller not exists:app\controller\Bins
[2025-12-31T15:38:17+08:00][error] 错误信息:controller not exists:app\controller\Bins
[2025-12-31T15:38:31+08:00][error] 错误信息:controller not exists:app\controller\morte\Arm5
[2025-12-31T15:38:39+08:00][error] 错误信息:controller not exists:app\controller\morte\X8664
[2025-12-31T15:38:49+08:00][error] 错误信息:controller not exists:app\controller\morte\Arm
[2025-12-31T15:39:02+08:00][error] 错误信息:controller not exists:app\controller\Index
[2025-12-31T15:39:15+08:00][error] 错误信息:controller not exists:app\controller\morte\X86
[2025-12-31T15:39:28+08:00][error] 错误信息:controller not exists:app\controller\morte\Arm6
[2025-12-31T15:39:48+08:00][error] 错误信息:controller not exists:app\controller\morte\Ppc
[2025-12-31T15:40:15+08:00][error] 错误信息:controller not exists:app\controller\morte\Arm7
[2025-12-31T15:40:32+08:00][error] 错误信息:controller not exists:app\controller\morte\Sh4
[2025-12-31T15:40:56+08:00][error] 错误信息:controller not exists:app\controller\morte\Mpsl
[2025-12-31T15:41:09+08:00][error] 错误信息:controller not exists:app\controller\morte\Spc
[2025-12-31T15:41:34+08:00][error] 错误信息:controller not exists:app\controller\morte\I686
[2025-12-31T15:41:49+08:00][error] 错误信息:controller not exists:app\controller\morte\Mips
[2025-12-31T15:42:09+08:00][error] 错误信息:controller not exists:app\controller\LjEZs
[2025-12-31T15:42:55+08:00][error] 错误信息:controller not exists:app\controller\LjEZs
[2025-12-31T15:43:17+08:00][error] 错误信息:controller not exists:app\controller\Index
[2025-12-31T15:43:26+08:00][error] 错误信息:controller not exists:app\controller\LjEZs
[2025-12-31T15:43:27+08:00][error] 错误信息:controller not exists:app\controller\LjEZs
[2025-12-31T15:44:01+08:00][error] 错误信息:controller not exists:app\controller\LjEZs
[2025-12-31T15:44:12+08:00][error] 错误信息:controller not exists:app\controller\LjEZs
[2025-12-31T15:44:51+08:00][error] 错误信息:controller not exists:app\controller\LjEZs
[2025-12-31T15:45:05+08:00][error] 错误信息:controller not exists:app\controller\LjEZs
[2025-12-31T15:46:05+08:00][error] 错误信息:controller not exists:app\controller\LjEZs
[2025-12-31T15:46:07+08:00][error] 错误信息:controller not exists:app\controller\arm\Nn
[2025-12-31T15:46:43+08:00][error] 错误信息:controller not exists:app\controller\arm5\Nn
[2025-12-31T15:47:03+08:00][error] 错误信息:controller not exists:app\controller\arm6\Nn
[2025-12-31T15:47:09+08:00][error] 错误信息:controller not exists:app\controller\Index
[2025-12-31T15:47:41+08:00][error] 错误信息:controller not exists:app\controller\MainMpsl
[2025-12-31T15:48:40+08:00][error] 错误信息:controller not exists:app\controller\bot\Spc
[2025-12-31T15:49:03+08:00][error] 错误信息:controller not exists:app\controller\LjEZs
[2025-12-31T15:49:41+08:00][error] 错误信息:controller not exists:app\controller\LjEZs
[2025-12-31T15:50:24+08:00][error] 错误信息:controller not exists:app\controller\LjEZs
[2025-12-31T15:52:00+08:00][error] 错误信息:controller not exists:app\controller\LjEZs
[2025-12-31T15:52:11+08:00][error] 错误信息:controller not exists:app\controller\Index
[2025-12-31T15:52:46+08:00][error] 错误信息:controller not exists:app\controller\arm7\Nn
[2025-12-31T15:54:37+08:00][error] 错误信息:controller not exists:app\controller\a-r\m-4\Sakura
[2025-12-31T15:55:01+08:00][error] 错误信息:controller not exists:app\controller\m-p\s-l\Sakura
[2025-12-31T15:55:48+08:00][error] 错误信息:controller not exists:app\controller\V1
[2025-12-31T15:55:48+08:00][error] 错误信息:controller not exists:app\controller\V1
[2025-12-31T15:55:48+08:00][error] 错误信息:controller not exists:app\controller\V1
[2025-12-31T15:55:48+08:00][error] 错误信息:controller not exists:app\controller\V1
[2025-12-31T15:55:48+08:00][error] 错误信息:controller not exists:app\controller\V1
[2025-12-31T15:55:48+08:00][error] 错误信息:controller not exists:app\controller\V1
[2025-12-31T15:56:15+08:00][error] 错误信息:controller not exists:app\controller\a-r\m-6\Sakura
[2025-12-31T15:58:09+08:00][error] 错误信息:controller not exists:app\controller\m-i\p-s\Sakura
[2025-12-31T15:59:59+08:00][error] 错误信息:controller not exists:app\controller\ShSh4
[2025-12-31T16:02:55+08:00][error] 错误信息:controller not exists:app\controller\Powerpc440fp
[2025-12-31T16:03:24+08:00][error] 错误信息:controller not exists:app\controller\Microblazebe
[2025-12-31T16:06:28+08:00][error] 错误信息:controller not exists:app\controller\X8664
[2025-12-31T16:10:17+08:00][error] 错误信息:controller not exists:app\controller\Index
[2025-12-31T16:18:45+08:00][error] 错误信息:controller not exists:app\controller\hello\World
[2025-12-31T16:18:46+08:00][error] 错误信息:controller not exists:app\controller\Index
[2025-12-31T16:18:46+08:00][error] 错误信息:controller not exists:app\controller\404
[2025-12-31T16:18:47+08:00][error] 错误信息:controller not exists:app\controller\404
[2025-12-31T16:18:47+08:00][error] 错误信息:controller not exists:app\controller\404
[2025-12-31T16:18:48+08:00][error] 错误信息:controller not exists:app\controller\404
[2025-12-31T16:18:48+08:00][error] 错误信息:controller not exists:app\controller\404
[2025-12-31T16:18:49+08:00][error] 错误信息:controller not exists:app\controller\404
[2025-12-31T16:18:50+08:00][error] 错误信息:controller not exists:app\controller\404
[2025-12-31T16:18:50+08:00][error] 错误信息:controller not exists:app\controller\404
[2025-12-31T16:18:51+08:00][error] 错误信息:controller not exists:app\controller\404
[2025-12-31T16:18:52+08:00][error] 错误信息:controller not exists:app\controller\404
[2025-12-31T16:18:52+08:00][error] 错误信息:controller not exists:app\controller\404
[2025-12-31T16:18:53+08:00][error] 错误信息:controller not exists:app\controller\404
[2025-12-31T16:18:53+08:00][error] 错误信息:controller not exists:app\controller\404
[2025-12-31T16:18:54+08:00][error] 错误信息:controller not exists:app\controller\404
[2025-12-31T16:18:54+08:00][error] 错误信息:controller not exists:app\controller\404
[2025-12-31T16:18:54+08:00][error] 错误信息:controller not exists:app\controller\404
[2025-12-31T16:18:55+08:00][error] 错误信息:controller not exists:app\controller\404
[2025-12-31T16:18:55+08:00][error] 错误信息:controller not exists:app\controller\404
[2025-12-31T16:18:55+08:00][error] 错误信息:controller not exists:app\controller\404
[2025-12-31T16:18:56+08:00][error] 错误信息:controller not exists:app\controller\404
[2025-12-31T16:18:56+08:00][error] 错误信息:controller not exists:app\controller\404
[2025-12-31T16:18:57+08:00][error] 错误信息:controller not exists:app\controller\404
[2025-12-31T16:18:58+08:00][error] 错误信息:controller not exists:app\controller\404
[2025-12-31T16:18:58+08:00][error] 错误信息:controller not exists:app\controller\404
[2025-12-31T16:18:59+08:00][error] 错误信息:controller not exists:app\controller\404
[2025-12-31T16:18:59+08:00][error] 错误信息:controller not exists:app\controller\404
[2025-12-31T16:18:59+08:00][error] 错误信息:controller not exists:app\controller\404
[2025-12-31T16:19:00+08:00][error] 错误信息:controller not exists:app\controller\404
[2025-12-31T16:19:00+08:00][error] 错误信息:controller not exists:app\controller\404
[2025-12-31T16:19:00+08:00][error] 错误信息:controller not exists:app\controller\404
[2025-12-31T16:19:01+08:00][error] 错误信息:controller not exists:app\controller\404
[2025-12-31T16:19:01+08:00][error] 错误信息:controller not exists:app\controller\404
[2025-12-31T16:19:02+08:00][error] 错误信息:controller not exists:app\controller\404
[2025-12-31T16:19:02+08:00][error] 错误信息:controller not exists:app\controller\404
[2025-12-31T16:19:02+08:00][error] 错误信息:controller not exists:app\controller\404
[2025-12-31T16:19:03+08:00][error] 错误信息:controller not exists:app\controller\404
[2025-12-31T16:19:03+08:00][error] 错误信息:controller not exists:app\controller\404
[2025-12-31T16:19:04+08:00][error] 错误信息:controller not exists:app\controller\Index
[2025-12-31T16:19:05+08:00][error] 错误信息:controller not exists:app\controller\404
[2025-12-31T16:19:05+08:00][error] 错误信息:controller not exists:app\controller\Index
[2025-12-31T16:19:06+08:00][error] 错误信息:controller not exists:app\controller\Index
[2025-12-31T16:19:06+08:00][error] 错误信息:controller not exists:app\controller\Containers
[2025-12-31T16:21:17+08:00][error] 错误信息:controller not exists:app\controller\404
[2025-12-31T16:35:05+08:00][error] 错误信息:controller not exists:app\controller\Index
[2025-12-31T17:00:25+08:00][error] 错误信息:controller not exists:app\controller\Index
[2025-12-31T17:06:29+08:00][error] 错误信息:controller not exists:app\controller\Z
[2025-12-31T17:08:27+08:00][error] 错误信息:controller not exists:app\controller\Z
[2025-12-31T17:09:10+08:00][error] 错误信息:controller not exists:app\controller\Z
[2025-12-31T17:09:54+08:00][error] 错误信息:controller not exists:app\controller\Index
[2025-12-31T17:10:04+08:00][error] 错误信息:controller not exists:app\controller\Login
[2025-12-31T17:11:14+08:00][error] 错误信息:controller not exists:app\controller\Z
[2025-12-31T17:12:38+08:00][error] 错误信息:controller not exists:app\controller\Z
[2025-12-31T17:13:39+08:00][error] 错误信息:controller not exists:app\controller\Z
[2025-12-31T17:13:48+08:00][error] 错误信息:controller not exists:app\controller\Z
[2025-12-31T17:14:46+08:00][error] 错误信息:controller not exists:app\controller\Z
[2025-12-31T17:15:06+08:00][error] 错误信息:controller not exists:app\controller\Z
[2025-12-31T17:15:38+08:00][error] 错误信息:controller not exists:app\controller\Z
[2025-12-31T17:16:16+08:00][error] 错误信息:controller not exists:app\controller\Z
[2025-12-31T17:16:48+08:00][error] 错误信息:controller not exists:app\controller\Arm
[2025-12-31T17:17:11+08:00][error] 错误信息:controller not exists:app\controller\hanoi\X86
[2025-12-31T17:17:30+08:00][error] 错误信息:controller not exists:app\controller\rondo\I486
[2025-12-31T17:18:00+08:00][error] 错误信息:controller not exists:app\controller\rondo\Powerpc
[2025-12-31T17:18:44+08:00][error] 错误信息:controller not exists:app\controller\rondo\Mips
[2025-12-31T17:18:46+08:00][error] 错误信息:controller not exists:app\controller\rondo\Armv4l
[2025-12-31T17:19:10+08:00][error] 错误信息:controller not exists:app\controller\rondo\Fbsdi386
[2025-12-31T17:19:34+08:00][error] 错误信息:controller not exists:app\controller\rondo\M68k
[2025-12-31T17:19:45+08:00][error] 错误信息:controller not exists:app\controller\rondo\Arc700
[2025-12-31T17:20:14+08:00][error] 错误信息:controller not exists:app\controller\rondo\Mipsel
[2025-12-31T17:20:37+08:00][error] 错误信息:controller not exists:app\controller\rondo\Fbsdarm64
[2025-12-31T17:21:09+08:00][error] 错误信息:controller not exists:app\controller\rondo\X8664
[2025-12-31T17:21:23+08:00][error] 错误信息:controller not exists:app\controller\rondo\I586
[2025-12-31T17:21:34+08:00][error] 错误信息:controller not exists:app\controller\Index
[2025-12-31T17:21:35+08:00][error] 错误信息:controller not exists:app\controller\Form
[2025-12-31T17:21:35+08:00][error] 错误信息:controller not exists:app\controller\404
[2025-12-31T17:21:35+08:00][error] 错误信息:controller not exists:app\controller\T4
[2025-12-31T17:21:35+08:00][error] 错误信息:controller not exists:app\controller\Geoip
[2025-12-31T17:21:36+08:00][error] 错误信息:controller not exists:app\controller\404
[2025-12-31T17:21:36+08:00][error] 错误信息:controller not exists:app\controller\404
[2025-12-31T17:21:36+08:00][error] 错误信息:controller not exists:app\controller\404
[2025-12-31T17:21:48+08:00][error] 错误信息:controller not exists:app\controller\rondo\Fbsdamd64
[2025-12-31T17:21:52+08:00][error] 错误信息:controller not exists:app\controller\rondo\Sparc
[2025-12-31T17:22:13+08:00][error] 错误信息:controller not exists:app\controller\rondo\I686
[2025-12-31T17:22:29+08:00][error] 错误信息:controller not exists:app\controller\rondo\Armv7l
[2025-12-31T17:22:50+08:00][error] 错误信息:controller not exists:app\controller\rondo\Armv5l
[2025-12-31T17:23:06+08:00][error] 错误信息:controller not exists:app\controller\rondo\Fbsdpowerpc
[2025-12-31T17:23:47+08:00][error] 错误信息:controller not exists:app\controller\rondo\Armv6l
[2025-12-31T17:24:14+08:00][error] 错误信息:controller not exists:app\controller\rondo\Powerpc440fp
[2025-12-31T17:24:22+08:00][error] 错误信息:controller not exists:app\controller\Bins
[2025-12-31T17:24:34+08:00][error] 错误信息:controller not exists:app\controller\HBTs
[2025-12-31T17:24:49+08:00][error] 错误信息:controller not exists:app\controller\HBTs
[2025-12-31T17:25:13+08:00][error] 错误信息:controller not exists:app\controller\Bins
[2025-12-31T17:25:25+08:00][error] 错误信息:controller not exists:app\controller\Bins
[2025-12-31T17:25:32+08:00][error] 错误信息:controller not exists:app\controller\Bins
[2025-12-31T17:25:57+08:00][error] 错误信息:controller not exists:app\controller\Index
[2025-12-31T17:26:07+08:00][error] 错误信息:controller not exists:app\controller\Hiddenbin
[2025-12-31T17:26:22+08:00][error] 错误信息:controller not exists:app\controller\Mips64
[2025-12-31T17:26:43+08:00][error] 错误信息:controller not exists:app\controller\Whoareyou
[2025-12-31T17:26:53+08:00][error] 错误信息:controller not exists:app\controller\Whoareyou
[2025-12-31T17:27:11+08:00][error] 错误信息:controller not exists:app\controller\Whoareyou
[2025-12-31T17:27:20+08:00][error] 错误信息:controller not exists:app\controller\Whoareyou
[2025-12-31T17:27:28+08:00][error] 错误信息:controller not exists:app\controller\Whoareyou
[2025-12-31T17:27:31+08:00][error] 错误信息:controller not exists:app\controller\Index
[2025-12-31T17:27:45+08:00][error] 错误信息:controller not exists:app\controller\Whoareyou
[2025-12-31T17:28:08+08:00][error] 错误信息:controller not exists:app\controller\Whoareyou
[2025-12-31T17:28:36+08:00][error] 错误信息:controller not exists:app\controller\Whoareyou
[2025-12-31T17:28:48+08:00][error] 错误信息:controller not exists:app\controller\Whoareyou
[2025-12-31T17:29:02+08:00][error] 错误信息:controller not exists:app\controller\Whoareyou
[2025-12-31T17:29:11+08:00][error] 错误信息:controller not exists:app\controller\Index
[2025-12-31T17:29:18+08:00][error] 错误信息:controller not exists:app\controller\Whoareyou
[2025-12-31T17:29:30+08:00][error] 错误信息:controller not exists:app\controller\Whoareyou
[2025-12-31T17:29:35+08:00][error] 错误信息:controller not exists:app\controller\Bins
[2025-12-31T17:29:55+08:00][error] 错误信息:controller not exists:app\controller\Bins
[2025-12-31T17:29:58+08:00][error] 错误信息:controller not exists:app\controller\Bins
[2025-12-31T17:30:11+08:00][error] 错误信息:controller not exists:app\controller\Bins
[2025-12-31T17:30:26+08:00][error] 错误信息:controller not exists:app\controller\Bins
[2025-12-31T17:31:10+08:00][error] 错误信息:controller not exists:app\controller\Bins
[2025-12-31T17:31:12+08:00][error] 错误信息:controller not exists:app\controller\Bins
[2025-12-31T17:31:34+08:00][error] 错误信息:controller not exists:app\controller\Bins
[2025-12-31T17:31:43+08:00][error] 错误信息:controller not exists:app\controller\Bins
[2025-12-31T17:31:49+08:00][error] 错误信息:controller not exists:app\controller\Bins
[2025-12-31T17:32:06+08:00][error] 错误信息:controller not exists:app\controller\Bins
[2025-12-31T17:32:15+08:00][error] 错误信息:controller not exists:app\controller\Bins
[2025-12-31T17:32:30+08:00][error] 错误信息:controller not exists:app\controller\Hiddenbin
[2025-12-31T17:32:44+08:00][error] 错误信息:controller not exists:app\controller\HBTs
[2025-12-31T17:32:47+08:00][error] 错误信息:controller not exists:app\controller\HBTs
[2025-12-31T17:33:12+08:00][error] 错误信息:controller not exists:app\controller\HBTs
[2025-12-31T17:33:29+08:00][error] 错误信息:controller not exists:app\controller\HBTs
[2025-12-31T17:33:39+08:00][error] 错误信息:controller not exists:app\controller\HBTs
[2025-12-31T17:33:49+08:00][error] 错误信息:controller not exists:app\controller\HBTs
[2025-12-31T17:34:06+08:00][error] 错误信息:controller not exists:app\controller\HBTs
[2025-12-31T17:34:14+08:00][error] 错误信息:controller not exists:app\controller\HBTs
[2025-12-31T17:34:23+08:00][error] 错误信息:controller not exists:app\controller\HBTs
[2025-12-31T17:34:35+08:00][error] 错误信息:controller not exists:app\controller\HBTs
[2025-12-31T17:34:51+08:00][error] 错误信息:controller not exists:app\controller\HBTs
[2025-12-31T17:35:02+08:00][error] 错误信息:controller not exists:app\controller\HBTs
[2025-12-31T17:35:09+08:00][error] 错误信息:controller not exists:app\controller\m68k\Nn
[2025-12-31T17:35:46+08:00][error] 错误信息:controller not exists:app\controller\mipsel\Nn
[2025-12-31T17:35:49+08:00][error] 错误信息:controller not exists:app\controller\x86_64\Nn
[2025-12-31T17:36:09+08:00][error] 错误信息:controller not exists:app\controller\x86_32\Nn
[2025-12-31T17:36:13+08:00][error] 错误信息:controller not exists:app\controller\sh4\Nn
[2025-12-31T17:36:29+08:00][error] 错误信息:controller not exists:app\controller\mips\Nn
[2025-12-31T17:36:42+08:00][error] 错误信息:controller not exists:app\controller\sparc\Nn
[2025-12-31T17:36:52+08:00][error] 错误信息:controller not exists:app\controller\powerpc\Nn
[2025-12-31T17:36:59+08:00][error] 错误信息:controller not exists:app\controller\Linux
[2025-12-31T17:37:18+08:00][error] 错误信息:controller not exists:app\controller\Huhu
[2025-12-31T17:37:24+08:00][error] 错误信息:controller not exists:app\controller\Huhu
[2025-12-31T17:37:52+08:00][error] 错误信息:controller not exists:app\controller\Bins
[2025-12-31T17:38:06+08:00][error] 错误信息:controller not exists:app\controller\Huhu
[2025-12-31T17:38:11+08:00][error] 错误信息:controller not exists:app\controller\Huhu
[2025-12-31T17:38:33+08:00][error] 错误信息:controller not exists:app\controller\Huhu
[2025-12-31T17:38:41+08:00][error] 错误信息:controller not exists:app\controller\Huhu
[2025-12-31T17:38:47+08:00][error] 错误信息:controller not exists:app\controller\Huhu
[2025-12-31T17:39:04+08:00][error] 错误信息:controller not exists:app\controller\Huhu
[2025-12-31T17:39:12+08:00][error] 错误信息:controller not exists:app\controller\Huhu
[2025-12-31T17:39:23+08:00][error] 错误信息:controller not exists:app\controller\Huhu
[2025-12-31T17:39:33+08:00][error] 错误信息:controller not exists:app\controller\Huhu
[2025-12-31T17:39:49+08:00][error] 错误信息:controller not exists:app\controller\Huhu
[2025-12-31T17:40:20+08:00][error] 错误信息:controller not exists:app\controller\Huhu
[2025-12-31T17:40:23+08:00][error] 错误信息:controller not exists:app\controller\Huhu
[2025-12-31T17:40:33+08:00][error] 错误信息:controller not exists:app\controller\Huhu
[2025-12-31T17:40:48+08:00][error] 错误信息:controller not exists:app\controller\Huhu
[2025-12-31T17:41:05+08:00][error] 错误信息:controller not exists:app\controller\0010101010100101101010111010101
[2025-12-31T17:41:14+08:00][error] 错误信息:controller not exists:app\controller\0010101010100101101010111010101
[2025-12-31T17:41:30+08:00][error] 错误信息:controller not exists:app\controller\0010101010100101101010111010101
[2025-12-31T17:41:35+08:00][error] 错误信息:controller not exists:app\controller\0010101010100101101010111010101
[2025-12-31T17:41:45+08:00][error] 错误信息:controller not exists:app\controller\0010101010100101101010111010101
[2025-12-31T17:42:00+08:00][error] 错误信息:controller not exists:app\controller\0010101010100101101010111010101
[2025-12-31T17:42:13+08:00][error] 错误信息:controller not exists:app\controller\0010101010100101101010111010101
[2025-12-31T17:42:38+08:00][error] 错误信息:controller not exists:app\controller\0010101010100101101010111010101
[2025-12-31T17:42:53+08:00][error] 错误信息:controller not exists:app\controller\0010101010100101101010111010101
[2025-12-31T17:43:03+08:00][error] 错误信息:controller not exists:app\controller\0010101010100101101010111010101
[2025-12-31T17:43:20+08:00][error] 错误信息:controller not exists:app\controller\0010101010100101101010111010101
[2025-12-31T17:43:26+08:00][error] 错误信息:controller not exists:app\controller\0010101010100101101010111010101
[2025-12-31T17:43:48+08:00][error] 错误信息:controller not exists:app\controller\0010101010100101101010111010101
[2025-12-31T17:44:01+08:00][error] 错误信息:controller not exists:app\controller\0010101010100101101010111010101
[2025-12-31T17:44:05+08:00][error] 错误信息:controller not exists:app\controller\Harm6
[2025-12-31T17:44:22+08:00][error] 错误信息:controller not exists:app\controller\phanes\Mips
[2025-12-31T17:44:37+08:00][error] 错误信息:controller not exists:app\controller\phanes\Arm6
[2025-12-31T17:44:41+08:00][error] 错误信息:controller not exists:app\controller\phanes\Arm7
[2025-12-31T17:45:15+08:00][error] 错误信息:controller not exists:app\controller\phanes\Mpsl
[2025-12-31T17:45:21+08:00][error] 错误信息:controller not exists:app\controller\phanes\Ppc
[2025-12-31T17:45:44+08:00][error] 错误信息:controller not exists:app\controller\phanes\X86
[2025-12-31T17:45:49+08:00][error] 错误信息:controller not exists:app\controller\phanes\Arm5
[2025-12-31T17:46:02+08:00][error] 错误信息:controller not exists:app\controller\phanes\Sh4
[2025-12-31T17:46:11+08:00][error] 错误信息:controller not exists:app\controller\phanes\Arm
[2025-12-31T17:46:32+08:00][error] 错误信息:controller not exists:app\controller\phanes\Arc
[2025-12-31T17:46:38+08:00][error] 错误信息:controller not exists:app\controller\Bins
[2025-12-31T17:46:56+08:00][error] 错误信息:controller not exists:app\controller\Bins
[2025-12-31T17:47:06+08:00][error] 错误信息:controller not exists:app\controller\lol\Arm
[2025-12-31T17:47:29+08:00][error] 错误信息:controller not exists:app\controller\lol\Mips
[2025-12-31T17:47:46+08:00][error] 错误信息:controller not exists:app\controller\J
[2025-12-31T17:48:02+08:00][error] 错误信息:controller not exists:app\controller\J
[2025-12-31T17:48:15+08:00][error] 错误信息:controller not exists:app\controller\J
[2025-12-31T17:48:30+08:00][error] 错误信息:controller not exists:app\controller\J
[2025-12-31T17:48:45+08:00][error] 错误信息:controller not exists:app\controller\J
[2025-12-31T17:48:58+08:00][error] 错误信息:controller not exists:app\controller\J
[2025-12-31T17:49:11+08:00][error] 错误信息:controller not exists:app\controller\J
[2025-12-31T17:49:30+08:00][error] 错误信息:controller not exists:app\controller\Ppc4fp
[2025-12-31T17:49:36+08:00][error] 错误信息:controller not exists:app\controller\Bins
[2025-12-31T17:50:08+08:00][error] 错误信息:controller not exists:app\controller\Bins
[2025-12-31T17:50:33+08:00][error] 错误信息:controller not exists:app\controller\Bins
[2025-12-31T17:50:43+08:00][error] 错误信息:controller not exists:app\controller\Bins
[2025-12-31T17:50:50+08:00][error] 错误信息:controller not exists:app\controller\Bins
[2025-12-31T17:51:03+08:00][error] 错误信息:controller not exists:app\controller\Index
[2025-12-31T17:51:07+08:00][error] 错误信息:controller not exists:app\controller\404
[2025-12-31T17:51:10+08:00][error] 错误信息:controller not exists:app\controller\Bins
[2025-12-31T17:51:25+08:00][error] 错误信息:controller not exists:app\controller\Bins
[2025-12-31T17:51:42+08:00][error] 错误信息:controller not exists:app\controller\Bins
[2025-12-31T17:51:49+08:00][error] 错误信息:controller not exists:app\controller\Bins
[2025-12-31T17:52:35+08:00][error] 错误信息:controller not exists:app\controller\Bins
[2025-12-31T17:52:44+08:00][error] 错误信息:controller not exists:app\controller\Arm61
[2025-12-31T17:52:57+08:00][error] 错误信息:controller not exists:app\controller\Co
[2025-12-31T17:53:16+08:00][error] 错误信息:controller not exists:app\controller\Dss
[2025-12-31T17:53:25+08:00][error] 错误信息:controller not exists:app\controller\586
[2025-12-31T17:53:43+08:00][error] 错误信息:controller not exists:app\controller\Cron
[2025-12-31T17:54:08+08:00][error] 错误信息:controller not exists:app\controller\Katrina
[2025-12-31T17:54:14+08:00][error] 错误信息:controller not exists:app\controller\Rsyslogd
[2025-12-31T17:54:32+08:00][error] 错误信息:controller not exists:app\controller\System
[2025-12-31T17:55:08+08:00][error] 错误信息:controller not exists:app\controller\Index
[2025-12-31T17:55:30+08:00][error] 错误信息:controller not exists:app\controller\DbusDaemon
[2025-12-31T17:55:34+08:00][error] 错误信息:controller not exists:app\controller\Getty
[2025-12-31T17:55:55+08:00][error] 错误信息:controller not exists:app\controller\Agetty
[2025-12-31T17:56:19+08:00][error] 错误信息:controller not exists:app\controller\404
[2025-12-31T17:56:20+08:00][error] 错误信息:controller not exists:app\controller\Ssh
[2025-12-31T17:56:27+08:00][error] 错误信息:controller not exists:app\controller\Webui
[2025-12-31T17:56:41+08:00][error] 错误信息:controller not exists:app\controller\Telnetd
[2025-12-31T17:56:44+08:00][error] 错误信息:controller not exists:app\controller\Klogd
[2025-12-31T17:57:21+08:00][error] 错误信息:controller not exists:app\controller\Bns
[2025-12-31T17:57:45+08:00][error] 错误信息:controller not exists:app\controller\Bns
[2025-12-31T17:58:05+08:00][error] 错误信息:controller not exists:app\controller\Bns
[2025-12-31T17:58:24+08:00][error] 错误信息:controller not exists:app\controller\Geoserver
[2025-12-31T17:58:33+08:00][error] 错误信息:controller not exists:app\controller\Bns
[2025-12-31T17:58:50+08:00][error] 错误信息:controller not exists:app\controller\Bns
[2025-12-31T17:58:57+08:00][error] 错误信息:controller not exists:app\controller\Bns
[2025-12-31T17:59:31+08:00][error] 错误信息:controller not exists:app\controller\Bns
[2025-12-31T18:00:23+08:00][error] 错误信息:controller not exists:app\controller\Bns
[2025-12-31T18:00:47+08:00][error] 错误信息:controller not exists:app\controller\Bns
[2025-12-31T18:01:09+08:00][error] 错误信息:controller not exists:app\controller\Mig
[2025-12-31T18:01:33+08:00][error] 错误信息:controller not exists:app\controller\J
[2025-12-31T18:01:41+08:00][error] 错误信息:controller not exists:app\controller\J
[2025-12-31T18:02:31+08:00][error] 错误信息:controller not exists:app\controller\J
[2025-12-31T18:02:51+08:00][error] 错误信息:controller not exists:app\controller\J
[2025-12-31T18:03:03+08:00][error] 错误信息:controller not exists:app\controller\J
[2025-12-31T18:03:40+08:00][error] 错误信息:controller not exists:app\controller\J
[2025-12-31T18:03:55+08:00][error] 错误信息:controller not exists:app\controller\J
[2025-12-31T18:04:15+08:00][error] 错误信息:controller not exists:app\controller\Ntpd
[2025-12-31T18:04:35+08:00][error] 错误信息:controller not exists:app\controller\Openssh
[2025-12-31T18:05:41+08:00][error] 错误信息:controller not exists:app\controller\Wget
[2025-12-31T18:05:50+08:00][error] 错误信息:controller not exists:app\controller\Ftp
[2025-12-31T18:06:15+08:00][error] 错误信息:controller not exists:app\controller\Apache2
[2025-12-31T18:06:35+08:00][error] 错误信息:controller not exists:app\controller\Bash
[2025-12-31T18:07:15+08:00][error] 错误信息:controller not exists:app\controller\Tftp
[2025-12-31T18:08:30+08:00][error] 错误信息:controller not exists:app\controller\J
[2025-12-31T18:08:50+08:00][error] 错误信息:controller not exists:app\controller\J
[2025-12-31T18:09:19+08:00][error] 错误信息:controller not exists:app\controller\J
[2025-12-31T18:09:48+08:00][error] 错误信息:controller not exists:app\controller\Update
[2025-12-31T18:10:01+08:00][error] 错误信息:controller not exists:app\controller\miraint\Arm5n
[2025-12-31T18:11:07+08:00][error] 错误信息:controller not exists:app\controller\mirai\Arm
[2025-12-31T18:11:21+08:00][error] 错误信息:controller not exists:app\controller\mirai\Mips
[2025-12-31T18:11:49+08:00][error] 错误信息:controller not exists:app\controller\mirai\X86
[2025-12-31T18:12:28+08:00][error] 错误信息:controller not exists:app\controller\mirai\Arm5n
[2025-12-31T18:13:07+08:00][error] 错误信息:controller not exists:app\controller\Vv
[2025-12-31T18:13:39+08:00][error] 错误信息:controller not exists:app\controller\Vv
[2025-12-31T18:13:57+08:00][error] 错误信息:controller not exists:app\controller\Vv
[2025-12-31T18:14:53+08:00][error] 错误信息:controller not exists:app\controller\Vv
[2025-12-31T18:15:13+08:00][error] 错误信息:controller not exists:app\controller\Index
[2025-12-31T18:15:24+08:00][error] 错误信息:controller not exists:app\controller\Vv
[2025-12-31T18:16:09+08:00][error] 错误信息:controller not exists:app\controller\Vv
[2025-12-31T18:16:51+08:00][error] 错误信息:controller not exists:app\controller\Vv
[2025-12-31T18:16:54+08:00][error] 错误信息:controller not exists:app\controller\Index
[2025-12-31T18:17:04+08:00][error] 错误信息:controller not exists:app\controller\Vv
[2025-12-31T18:18:18+08:00][error] 错误信息:controller not exists:app\controller\Vv
[2025-12-31T18:19:20+08:00][error] 错误信息:controller not exists:app\controller\Vv
[2025-12-31T18:19:25+08:00][error] 错误信息:controller not exists:app\controller\Vv
[2025-12-31T18:20:53+08:00][error] 错误信息:controller not exists:app\controller\Index
[2025-12-31T18:22:31+08:00][error] 错误信息:controller not exists:app\controller\010100110101010
[2025-12-31T18:23:41+08:00][error] 错误信息:controller not exists:app\controller\010100110101010
[2025-12-31T18:24:39+08:00][error] 错误信息:controller not exists:app\controller\010100110101010
[2025-12-31T18:27:29+08:00][error] 错误信息:controller not exists:app\controller\010100110101010
[2025-12-31T18:30:31+08:00][error] 错误信息:controller not exists:app\controller\010100110101010
[2025-12-31T18:32:16+08:00][error] 错误信息:controller not exists:app\controller\010100110101010
[2025-12-31T18:34:54+08:00][error] 错误信息:controller not exists:app\controller\010100110101010
[2025-12-31T18:37:47+08:00][error] 错误信息:controller not exists:app\controller\010100110101010
[2025-12-31T18:38:55+08:00][error] 错误信息:controller not exists:app\controller\010100110101010
[2025-12-31T18:40:49+08:00][error] 错误信息:controller not exists:app\controller\010100110101010
[2025-12-31T18:41:40+08:00][error] 错误信息:controller not exists:app\controller\Index
[2025-12-31T18:43:59+08:00][error] 错误信息:controller not exists:app\controller\010100110101010
[2025-12-31T18:45:29+08:00][error] 错误信息:controller not exists:app\controller\T
[2025-12-31T18:46:54+08:00][error] 错误信息:controller not exists:app\controller\fghe3tj\I686
[2025-12-31T18:48:08+08:00][error] 错误信息:controller not exists:app\controller\fghe3tj\X8664
[2025-12-31T18:48:38+08:00][error] 错误信息:controller not exists:app\controller\fghe3tj\Ppc
[2025-12-31T18:52:56+08:00][error] 错误信息:controller not exists:app\controller\fghe3tj\Mips
[2025-12-31T18:56:36+08:00][error] 错误信息:controller not exists:app\controller\fghe3tj\Mpsl
[2025-12-31T18:57:28+08:00][error] 错误信息:controller not exists:app\controller\fghe3tj\Arc
[2025-12-31T18:58:52+08:00][error] 错误信息:controller not exists:app\controller\neon\I686
[2025-12-31T19:00:57+08:00][error] 错误信息:controller not exists:app\controller\Dwrioej
[2025-12-31T19:02:17+08:00][error] 错误信息:controller not exists:app\controller\Index
[2025-12-31T19:02:41+08:00][error] 错误信息:controller not exists:app\controller\Dwrioej
[2025-12-31T19:03:10+08:00][error] 错误信息:controller not exists:app\controller\Index
[2025-12-31T19:05:25+08:00][error] 错误信息:controller not exists:app\controller\Index
[2025-12-31T19:11:20+08:00][error] 错误信息:controller not exists:app\controller\Index
[2025-12-31T19:32:43+08:00][error] 错误信息:controller not exists:app\controller\Index
[2025-12-31T19:33:54+08:00][error] 错误信息:controller not exists:app\controller\SDK
[2025-12-31T19:55:19+08:00][error] 错误信息:controller not exists:app\controller\Index
[2025-12-31T20:14:45+08:00][error] 错误信息:controller not exists:app\controller\Index
[2025-12-31T20:15:40+08:00][error] 错误信息:controller not exists:app\controller\Index
[2025-12-31T20:16:04+08:00][error] 错误信息:controller not exists:app\controller\Bins
[2025-12-31T20:16:15+08:00][error] 错误信息:controller not exists:app\controller\Bin
[2025-12-31T20:16:29+08:00][error] 错误信息:controller not exists:app\controller\I
[2025-12-31T20:16:40+08:00][error] 错误信息:controller not exists:app\controller\bin\Sh
[2025-12-31T20:16:44+08:00][error] 错误信息:controller not exists:app\controller\Bins
[2025-12-31T20:17:00+08:00][error] 错误信息:controller not exists:app\controller\Arm5
[2025-12-31T20:17:16+08:00][error] 错误信息:controller not exists:app\controller\Mpsl
[2025-12-31T20:17:32+08:00][error] 错误信息:controller not exists:app\controller\Arm
[2025-12-31T20:17:47+08:00][error] 错误信息:controller not exists:app\controller\Bins
[2025-12-31T20:17:58+08:00][error] 错误信息:controller not exists:app\controller\Bins
[2025-12-31T20:18:11+08:00][error] 错误信息:controller not exists:app\controller\Bins
[2025-12-31T20:18:17+08:00][error] 错误信息:controller not exists:app\controller\Bins
[2025-12-31T20:18:36+08:00][error] 错误信息:controller not exists:app\controller\Bins
[2025-12-31T20:18:54+08:00][error] 错误信息:controller not exists:app\controller\Bins
[2025-12-31T20:19:06+08:00][error] 错误信息:controller not exists:app\controller\X86
[2025-12-31T20:19:16+08:00][error] 错误信息:controller not exists:app\controller\Mips
[2025-12-31T20:19:36+08:00][error] 错误信息:controller not exists:app\controller\Bins
[2025-12-31T20:19:39+08:00][error] 错误信息:controller not exists:app\controller\Bins
[2025-12-31T20:19:53+08:00][error] 错误信息:controller not exists:app\controller\Bins
[2025-12-31T20:20:14+08:00][error] 错误信息:controller not exists:app\controller\Bins
[2025-12-31T20:20:25+08:00][error] 错误信息:controller not exists:app\controller\Mipsel
[2025-12-31T20:20:41+08:00][error] 错误信息:controller not exists:app\controller\Mozi\M
[2025-12-31T20:20:44+08:00][error] 错误信息:controller not exists:app\controller\Bins
[2025-12-31T20:20:58+08:00][error] 错误信息:controller not exists:app\controller\Sh
[2025-12-31T20:21:18+08:00][error] 错误信息:controller not exists:app\controller\Hiddenbin
[2025-12-31T20:21:24+08:00][error] 错误信息:controller not exists:app\controller\Armv4l
[2025-12-31T20:21:37+08:00][error] 错误信息:controller not exists:app\controller\resgod\Spc
[2025-12-31T20:21:57+08:00][error] 错误信息:controller not exists:app\controller\Hiddenbin
[2025-12-31T20:22:14+08:00][error] 错误信息:controller not exists:app\controller\Hiddenbin
[2025-12-31T20:22:25+08:00][error] 错误信息:controller not exists:app\controller\Hiddenbin
[2025-12-31T20:22:41+08:00][error] 错误信息:controller not exists:app\controller\Hiddenbin
[2025-12-31T20:22:45+08:00][error] 错误信息:controller not exists:app\controller\Hiddenbin
[2025-12-31T20:23:04+08:00][error] 错误信息:controller not exists:app\controller\resgod\M68k
[2025-12-31T20:23:26+08:00][error] 错误信息:controller not exists:app\controller\Hiddenbin
[2025-12-31T20:23:32+08:00][error] 错误信息:controller not exists:app\controller\Hiddenbin
[2025-12-31T20:23:50+08:00][error] 错误信息:controller not exists:app\controller\Hiddenbin
[2025-12-31T20:24:00+08:00][error] 错误信息:controller not exists:app\controller\Index
[2025-12-31T20:24:01+08:00][error] 错误信息:controller not exists:app\controller\Bins
[2025-12-31T20:24:20+08:00][error] 错误信息:controller not exists:app\controller\Hiddenbin
[2025-12-31T20:24:35+08:00][error] 错误信息:controller not exists:app\controller\Hiddenbin
[2025-12-31T20:24:45+08:00][error] 错误信息:controller not exists:app\controller\Sparc
[2025-12-31T20:24:49+08:00][error] 错误信息:controller not exists:app\controller\Armv5l
[2025-12-31T20:25:04+08:00][error] 错误信息:controller not exists:app\controller\Armv6l
[2025-12-31T20:25:19+08:00][error] 错误信息:controller not exists:app\controller\I586
[2025-12-31T20:25:37+08:00][error] 错误信息:controller not exists:app\controller\Sh4
[2025-12-31T20:25:51+08:00][error] 错误信息:controller not exists:app\controller\Arm7
[2025-12-31T20:26:09+08:00][error] 错误信息:controller not exists:app\controller\X8664
[2025-12-31T20:26:15+08:00][error] 错误信息:controller not exists:app\controller\I686
[2025-12-31T20:26:28+08:00][error] 错误信息:controller not exists:app\controller\M68k
[2025-12-31T20:26:40+08:00][error] 错误信息:controller not exists:app\controller\Arm6
[2025-12-31T20:27:04+08:00][error] 错误信息:controller not exists:app\controller\Bins
[2025-12-31T20:27:15+08:00][error] 错误信息:controller not exists:app\controller\Bins
[2025-12-31T20:27:19+08:00][error] 错误信息:controller not exists:app\controller\Bins
[2025-12-31T20:27:32+08:00][error] 错误信息:controller not exists:app\controller\skid\Arm5
[2025-12-31T20:27:56+08:00][error] 错误信息:controller not exists:app\controller\Bins
[2025-12-31T20:28:01+08:00][error] 错误信息:controller not exists:app\controller\skid\Arm
[2025-12-31T20:28:14+08:00][error] 错误信息:controller not exists:app\controller\Bins
[2025-12-31T20:28:34+08:00][error] 错误信息:controller not exists:app\controller\Bins
[2025-12-31T20:28:43+08:00][error] 错误信息:controller not exists:app\controller\Bins
[2025-12-31T20:28:57+08:00][error] 错误信息:controller not exists:app\controller\Bins
[2025-12-31T20:29:09+08:00][error] 错误信息:controller not exists:app\controller\Spc
[2025-12-31T20:29:30+08:00][error] 错误信息:controller not exists:app\controller\Ppc
[2025-12-31T20:29:41+08:00][error] 错误信息:controller not exists:app\controller\Arm4
[2025-12-31T20:29:49+08:00][error] 错误信息:controller not exists:app\controller\skid\Mpsl
[2025-12-31T20:30:00+08:00][error] 错误信息:controller not exists:app\controller\skid\Mips
[2025-12-31T20:30:18+08:00][error] 错误信息:controller not exists:app\controller\skid\Arm7
[2025-12-31T20:30:26+08:00][error] 错误信息:controller not exists:app\controller\001010101010010110101011101010101101010111010101
[2025-12-31T20:30:49+08:00][error] 错误信息:controller not exists:app\controller\001010101010010110101011101010101101010111010101
[2025-12-31T20:30:57+08:00][error] 错误信息:controller not exists:app\controller\001010101010010110101011101010101101010111010101
[2025-12-31T20:31:18+08:00][error] 错误信息:controller not exists:app\controller\001010101010010110101011101010101101010111010101
[2025-12-31T20:31:29+08:00][error] 错误信息:controller not exists:app\controller\001010101010010110101011101010101101010111010101
[2025-12-31T20:31:38+08:00][error] 错误信息:controller not exists:app\controller\001010101010010110101011101010101101010111010101
[2025-12-31T20:31:59+08:00][error] 错误信息:controller not exists:app\controller\001010101010010110101011101010101101010111010101
[2025-12-31T20:32:09+08:00][error] 错误信息:controller not exists:app\controller\001010101010010110101011101010101101010111010101
[2025-12-31T20:32:21+08:00][error] 错误信息:controller not exists:app\controller\001010101010010110101011101010101101010111010101
[2025-12-31T20:32:31+08:00][error] 错误信息:controller not exists:app\controller\001010101010010110101011101010101101010111010101
[2025-12-31T20:32:47+08:00][error] 错误信息:controller not exists:app\controller\001010101010010110101011101010101101010111010101
[2025-12-31T20:32:56+08:00][error] 错误信息:controller not exists:app\controller\001010101010010110101011101010101101010111010101
[2025-12-31T20:33:14+08:00][error] 错误信息:controller not exists:app\controller\001010101010010110101011101010101101010111010101
[2025-12-31T20:33:23+08:00][error] 错误信息:controller not exists:app\controller\001010101010010110101011101010101101010111010101
[2025-12-31T20:33:44+08:00][error] 错误信息:controller not exists:app\controller\Lmips
[2025-12-31T20:33:50+08:00][error] 错误信息:controller not exists:app\controller\Larm5
[2025-12-31T20:34:07+08:00][error] 错误信息:controller not exists:app\controller\Larm7
[2025-12-31T20:34:21+08:00][error] 错误信息:controller not exists:app\controller\Gmips
[2025-12-31T20:34:38+08:00][error] 错误信息:controller not exists:app\controller\Xmips
[2025-12-31T20:34:52+08:00][error] 错误信息:controller not exists:app\controller\Rmpsl
[2025-12-31T20:35:04+08:00][error] 错误信息:controller not exists:app\controller\Lmpsl
[2025-12-31T20:35:17+08:00][error] 错误信息:controller not exists:app\controller\Harm7
[2025-12-31T20:35:26+08:00][error] 错误信息:controller not exists:app\controller\Larm4
[2025-12-31T20:35:39+08:00][error] 错误信息:controller not exists:app\controller\00101010101001
[2025-12-31T20:35:56+08:00][error] 错误信息:controller not exists:app\controller\00101010101001
[2025-12-31T20:36:03+08:00][error] 错误信息:controller not exists:app\controller\00101010101001
[2025-12-31T20:36:22+08:00][error] 错误信息:controller not exists:app\controller\00101010101001
[2025-12-31T20:36:37+08:00][error] 错误信息:controller not exists:app\controller\00101010101001
[2025-12-31T20:36:45+08:00][error] 错误信息:controller not exists:app\controller\00101010101001
[2025-12-31T20:36:55+08:00][error] 错误信息:controller not exists:app\controller\00101010101001
[2025-12-31T20:37:14+08:00][error] 错误信息:controller not exists:app\controller\00101010101001
[2025-12-31T20:37:26+08:00][error] 错误信息:controller not exists:app\controller\00101010101001
[2025-12-31T20:37:43+08:00][error] 错误信息:controller not exists:app\controller\00101010101001
[2025-12-31T20:37:52+08:00][error] 错误信息:controller not exists:app\controller\00101010101001
[2025-12-31T20:38:05+08:00][error] 错误信息:controller not exists:app\controller\00101010101001
[2025-12-31T20:38:20+08:00][error] 错误信息:controller not exists:app\controller\00101010101001
[2025-12-31T20:38:30+08:00][error] 错误信息:controller not exists:app\controller\00101010101001
[2025-12-31T20:38:49+08:00][error] 错误信息:controller not exists:app\controller\00101010101001
[2025-12-31T20:38:55+08:00][error] 错误信息:controller not exists:app\controller\Bins
[2025-12-31T20:39:09+08:00][error] 错误信息:controller not exists:app\controller\Aarch64
[2025-12-31T20:39:23+08:00][error] 错误信息:controller not exists:app\controller\Csky
[2025-12-31T20:39:44+08:00][error] 错误信息:controller not exists:app\controller\Arc
[2025-12-31T20:39:58+08:00][error] 错误信息:controller not exists:app\controller\Harm4
[2025-12-31T20:40:07+08:00][error] 错误信息:controller not exists:app\controller\Harm5
[2025-12-31T20:40:19+08:00][error] 错误信息:controller not exists:app\controller\Gmpsl
[2025-12-31T20:40:36+08:00][error] 错误信息:controller not exists:app\controller\Hmips
[2025-12-31T20:40:47+08:00][error] 错误信息:controller not exists:app\controller\Armv7l
[2025-12-31T20:40:58+08:00][error] 错误信息:controller not exists:app\controller\Gompsl
[2025-12-31T20:41:13+08:00][error] 错误信息:controller not exists:app\controller\Garm7
[2025-12-31T20:41:24+08:00][error] 错误信息:controller not exists:app\controller\SDK
[2025-12-31T20:41:30+08:00][error] 错误信息:controller not exists:app\controller\Systemcl
[2025-12-31T20:41:39+08:00][error] 错误信息:controller not exists:app\controller\Systemcl
[2025-12-31T20:41:53+08:00][error] 错误信息:controller not exists:app\controller\Systemcl
[2025-12-31T20:42:06+08:00][error] 错误信息:controller not exists:app\controller\Systemcl
[2025-12-31T20:42:25+08:00][error] 错误信息:controller not exists:app\controller\Systemcl
[2025-12-31T20:42:43+08:00][error] 错误信息:controller not exists:app\controller\Systemcl
[2025-12-31T20:42:53+08:00][error] 错误信息:controller not exists:app\controller\Systemcl
[2025-12-31T20:43:01+08:00][error] 错误信息:controller not exists:app\controller\Systemcl
[2025-12-31T20:43:14+08:00][error] 错误信息:controller not exists:app\controller\Systemcl
[2025-12-31T20:43:24+08:00][error] 错误信息:controller not exists:app\controller\Systemcl
[2025-12-31T20:43:54+08:00][error] 错误信息:controller not exists:app\controller\p\Txt
[2025-12-31T20:44:02+08:00][error] 错误信息:controller not exists:app\controller\Systemcl
[2025-12-31T20:44:20+08:00][error] 错误信息:controller not exists:app\controller\Systemcl
[2025-12-31T20:44:23+08:00][error] 错误信息:controller not exists:app\controller\Bins
[2025-12-31T20:44:42+08:00][error] 错误信息:controller not exists:app\controller\Bins
[2025-12-31T20:45:00+08:00][error] 错误信息:controller not exists:app\controller\Bins
[2025-12-31T20:45:17+08:00][error] 错误信息:controller not exists:app\controller\Bins
[2025-12-31T20:45:18+08:00][error] 错误信息:controller not exists:app\controller\Bins
[2025-12-31T20:45:36+08:00][error] 错误信息:controller not exists:app\controller\Bins
[2025-12-31T20:45:56+08:00][error] 错误信息:controller not exists:app\controller\Bins
[2025-12-31T20:46:06+08:00][error] 错误信息:controller not exists:app\controller\Bins
[2025-12-31T20:46:16+08:00][error] 错误信息:controller not exists:app\controller\Bins
[2025-12-31T20:46:28+08:00][error] 错误信息:controller not exists:app\controller\Bins
[2025-12-31T20:46:43+08:00][error] 错误信息:controller not exists:app\controller\I486
[2025-12-31T20:46:47+08:00][error] 错误信息:controller not exists:app\controller\Sshd
[2025-12-31T20:47:16+08:00][error] 错误信息:controller not exists:app\controller\Hiddenbin
[2025-12-31T20:47:19+08:00][error] 错误信息:controller not exists:app\controller\00101010101001
[2025-12-31T20:47:41+08:00][error] 错误信息:controller not exists:app\controller\Mozi\A
[2025-12-31T20:47:46+08:00][error] 错误信息:controller not exists:app\controller\Hiddenbin
[2025-12-31T20:48:07+08:00][error] 错误信息:controller not exists:app\controller\Hiddenbin
[2025-12-31T20:48:10+08:00][error] 错误信息:controller not exists:app\controller\Hiddenbin
[2025-12-31T20:48:29+08:00][error] 错误信息:controller not exists:app\controller\Index
[2025-12-31T20:48:33+08:00][error] 错误信息:controller not exists:app\controller\Hiddenbin
[2025-12-31T20:48:36+08:00][error] 错误信息:controller not exists:app\controller\Hiddenbin
[2025-12-31T20:49:02+08:00][error] 错误信息:controller not exists:app\controller\Hiddenbin
[2025-12-31T20:49:12+08:00][error] 错误信息:controller not exists:app\controller\Hiddenbin
[2025-12-31T20:49:21+08:00][error] 错误信息:controller not exists:app\controller\Hiddenbin
[2025-12-31T20:49:39+08:00][error] 错误信息:controller not exists:app\controller\001010101010010110101011101010101101010111010101
[2025-12-31T20:49:44+08:00][error] 错误信息:controller not exists:app\controller\Powerpc
[2025-12-31T20:50:05+08:00][error] 错误信息:controller not exists:app\controller\Hiddenbin
[2025-12-31T20:50:14+08:00][error] 错误信息:controller not exists:app\controller\Hiddenbin
[2025-12-31T20:50:31+08:00][error] 错误信息:controller not exists:app\controller\Hiddenbin
[2025-12-31T20:50:38+08:00][error] 错误信息:controller not exists:app\controller\Hiddenbin
[2025-12-31T20:50:52+08:00][error] 错误信息:controller not exists:app\controller\Hiddenbin
[2025-12-31T20:51:06+08:00][error] 错误信息:controller not exists:app\controller\Hiddenbin
[2025-12-31T20:51:17+08:00][error] 错误信息:controller not exists:app\controller\Hiddenbin
[2025-12-31T20:51:39+08:00][error] 错误信息:controller not exists:app\controller\Hiddenbin
[2025-12-31T20:51:47+08:00][error] 错误信息:controller not exists:app\controller\Hiddenbin
[2025-12-31T20:51:54+08:00][error] 错误信息:controller not exists:app\controller\Hiddenbin
[2025-12-31T20:52:11+08:00][error] 错误信息:controller not exists:app\controller\Hiddenbin
[2025-12-31T20:52:19+08:00][error] 错误信息:controller not exists:app\controller\rebirth\X86
[2025-12-31T20:52:44+08:00][error] 错误信息:controller not exists:app\controller\rebirth\Arm6
[2025-12-31T20:52:53+08:00][error] 错误信息:controller not exists:app\controller\596a96cc7bf9108cd896f33c44aedc8a
[2025-12-31T20:53:06+08:00][error] 错误信息:controller not exists:app\controller\a-r\m-7\SNOOPY
[2025-12-31T20:53:26+08:00][error] 错误信息:controller not exists:app\controller\596a96cc7bf9108cd896f33c44aedc8a
[2025-12-31T20:53:35+08:00][error] 错误信息:controller not exists:app\controller\i-5\8-6\SNOOPY
[2025-12-31T20:53:51+08:00][error] 错误信息:controller not exists:app\controller\596a96cc7bf9108cd896f33c44aedc8a
[2025-12-31T20:54:04+08:00][error] 错误信息:controller not exists:app\controller\a-r\m-5\SNOOPY
[2025-12-31T20:54:16+08:00][error] 错误信息:controller not exists:app\controller\596a96cc7bf9108cd896f33c44aedc8a
[2025-12-31T20:54:28+08:00][error] 错误信息:controller not exists:app\controller\596a96cc7bf9108cd896f33c44aedc8a
[2025-12-31T20:54:39+08:00][error] 错误信息:controller not exists:app\controller\596a96cc7bf9108cd896f33c44aedc8a
[2025-12-31T20:55:00+08:00][error] 错误信息:controller not exists:app\controller\596a96cc7bf9108cd896f33c44aedc8a
[2025-12-31T20:55:20+08:00][error] 错误信息:controller not exists:app\controller\s-h\4-\SNOOPY
[2025-12-31T20:55:33+08:00][error] 错误信息:controller not exists:app\controller\596a96cc7bf9108cd896f33c44aedc8a
[2025-12-31T20:55:38+08:00][error] 错误信息:controller not exists:app\controller\596a96cc7bf9108cd896f33c44aedc8a
[2025-12-31T20:55:57+08:00][error] 错误信息:controller not exists:app\controller\m-p\s-l\SNOOPY
[2025-12-31T20:56:09+08:00][error] 错误信息:controller not exists:app\controller\p-p\c-\SNOOPY
[2025-12-31T20:56:18+08:00][error] 错误信息:controller not exists:app\controller\m-6\8-k\SNOOPY
[2025-12-31T20:56:34+08:00][error] 错误信息:controller not exists:app\controller\x-8\6-\SNOOPY
[2025-12-31T20:56:50+08:00][error] 错误信息:controller not exists:app\controller\a-r\m-6\SNOOPY
[2025-12-31T20:57:07+08:00][error] 错误信息:controller not exists:app\controller\596a96cc7bf9108cd896f33c44aedc8a
[2025-12-31T20:57:14+08:00][error] 错误信息:controller not exists:app\controller\596a96cc7bf9108cd896f33c44aedc8a
[2025-12-31T20:57:28+08:00][error] 错误信息:controller not exists:app\controller\596a96cc7bf9108cd896f33c44aedc8a
[2025-12-31T20:57:34+08:00][error] 错误信息:controller not exists:app\controller\m-i\p-s\SNOOPY
[2025-12-31T20:57:57+08:00][error] 错误信息:controller not exists:app\controller\a-r\m-4\SNOOPY
[2025-12-31T20:58:04+08:00][error] 错误信息:controller not exists:app\controller\596a96cc7bf9108cd896f33c44aedc8a
[2025-12-31T20:58:22+08:00][error] 错误信息:controller not exists:app\controller\596a96cc7bf9108cd896f33c44aedc8a
[2025-12-31T20:58:26+08:00][error] 错误信息:controller not exists:app\controller\x-3\2-\SNOOPY
[2025-12-31T20:58:46+08:00][error] 错误信息:controller not exists:app\controller\Xmrig
[2025-12-31T20:58:56+08:00][error] 错误信息:controller not exists:app\controller\Ss
[2025-12-31T20:59:08+08:00][error] 错误信息:controller not exists:app\controller\bot\Arm6
[2025-12-31T20:59:20+08:00][error] 错误信息:controller not exists:app\controller\bot\Mips
[2025-12-31T20:59:41+08:00][error] 错误信息:controller not exists:app\controller\bot\X8664
[2025-12-31T21:00:06+08:00][error] 错误信息:controller not exists:app\controller\bot\Ppc
[2025-12-31T21:00:12+08:00][error] 错误信息:controller not exists:app\controller\bot\Sh4
[2025-12-31T21:00:32+08:00][error] 错误信息:controller not exists:app\controller\bot\M68k
[2025-12-31T21:00:40+08:00][error] 错误信息:controller not exists:app\controller\bot\Arm
[2025-12-31T21:00:50+08:00][error] 错误信息:controller not exists:app\controller\bot\Mpsl
[2025-12-31T21:01:07+08:00][error] 错误信息:controller not exists:app\controller\bot\Arm5
[2025-12-31T21:01:23+08:00][error] 错误信息:controller not exists:app\controller\bot\X86
[2025-12-31T21:01:34+08:00][error] 错误信息:controller not exists:app\controller\bot\Arm7
[2025-12-31T21:01:50+08:00][error] 错误信息:controller not exists:app\controller\Bins
[2025-12-31T21:02:19+08:00][error] 错误信息:controller not exists:app\controller\Bins
[2025-12-31T21:02:23+08:00][error] 错误信息:controller not exists:app\controller\Bins
[2025-12-31T21:02:40+08:00][error] 错误信息:controller not exists:app\controller\Bins
[2025-12-31T21:02:57+08:00][error] 错误信息:controller not exists:app\controller\Bins
[2025-12-31T21:03:00+08:00][error] 错误信息:controller not exists:app\controller\Bins
[2025-12-31T21:03:17+08:00][error] 错误信息:controller not exists:app\controller\Bins
[2025-12-31T21:03:36+08:00][error] 错误信息:controller not exists:app\controller\Bins
[2025-12-31T21:03:40+08:00][error] 错误信息:controller not exists:app\controller\Bins
[2025-12-31T21:03:55+08:00][error] 错误信息:controller not exists:app\controller\Bins
[2025-12-31T21:04:09+08:00][error] 错误信息:controller not exists:app\controller\Bins
[2025-12-31T21:04:26+08:00][error] 错误信息:controller not exists:app\controller\Bins
[2025-12-31T21:04:58+08:00][error] 错误信息:controller not exists:app\controller\Bins
[2025-12-31T21:05:13+08:00][error] 错误信息:controller not exists:app\controller\Bins
[2025-12-31T21:05:24+08:00][error] 错误信息:controller not exists:app\controller\Bins
[2025-12-31T21:05:29+08:00][error] 错误信息:controller not exists:app\controller\Systemcl
[2025-12-31T21:05:46+08:00][error] 错误信息:controller not exists:app\controller\bot\Sparc
[2025-12-31T21:05:57+08:00][error] 错误信息:controller not exists:app\controller\lol\Arm7
[2025-12-31T21:06:12+08:00][error] 错误信息:controller not exists:app\controller\lol\Arm5
[2025-12-31T21:06:27+08:00][error] 错误信息:controller not exists:app\controller\bot\Mipsel
[2025-12-31T21:06:42+08:00][error] 错误信息:controller not exists:app\controller\lol\Mpsl
[2025-12-31T21:06:45+08:00][error] 错误信息:controller not exists:app\controller\kitty\M68k
[2025-12-31T21:07:24+08:00][error] 错误信息:controller not exists:app\controller\kitty\Armv5l
[2025-12-31T21:07:38+08:00][error] 错误信息:controller not exists:app\controller\kitty\Aarch64
[2025-12-31T21:07:40+08:00][error] 错误信息:controller not exists:app\controller\kitty\Powerpc
[2025-12-31T21:07:53+08:00][error] 错误信息:controller not exists:app\controller\kitty\Mips
[2025-12-31T21:08:07+08:00][error] 错误信息:controller not exists:app\controller\kitty\Mipsel
[2025-12-31T21:08:21+08:00][error] 错误信息:controller not exists:app\controller\kitty\X8664
[2025-12-31T21:08:35+08:00][error] 错误信息:controller not exists:app\controller\kitty\Armv7l
[2025-12-31T21:08:46+08:00][error] 错误信息:controller not exists:app\controller\kitty\Powerpc64
[2025-12-31T21:09:04+08:00][error] 错误信息:controller not exists:app\controller\kitty\I686
[2025-12-31T21:09:16+08:00][error] 错误信息:controller not exists:app\controller\kitty\Armv6l
[2025-12-31T21:09:44+08:00][error] 错误信息:controller not exists:app\controller\kitty\I486
[2025-12-31T21:09:54+08:00][error] 错误信息:controller not exists:app\controller\Bins
[2025-12-31T21:10:13+08:00][error] 错误信息:controller not exists:app\controller\Bins
[2025-12-31T21:10:20+08:00][error] 错误信息:controller not exists:app\controller\L7vmra
[2025-12-31T21:10:34+08:00][error] 错误信息:controller not exists:app\controller\Bins
[2025-12-31T21:10:56+08:00][error] 错误信息:controller not exists:app\controller\Bins
[2025-12-31T21:11:04+08:00][error] 错误信息:controller not exists:app\controller\Spim
[2025-12-31T21:11:19+08:00][error] 错误信息:controller not exists:app\controller\SDK
[2025-12-31T21:11:25+08:00][error] 错误信息:controller not exists:app\controller\Bins
[2025-12-31T21:11:43+08:00][error] 错误信息:controller not exists:app\controller\MainArm5
[2025-12-31T21:11:47+08:00][error] 错误信息:controller not exists:app\controller\MainPpc
[2025-12-31T21:12:12+08:00][error] 错误信息:controller not exists:app\controller\MainM68k
[2025-12-31T21:12:36+08:00][error] 错误信息:controller not exists:app\controller\MainArm7
[2025-12-31T21:13:04+08:00][error] 错误信息:controller not exists:app\controller\debug\Dbg
[2025-12-31T21:13:10+08:00][error] 错误信息:controller not exists:app\controller\MainArm6
[2025-12-31T21:13:26+08:00][error] 错误信息:controller not exists:app\controller\MainSpc
[2025-12-31T21:13:39+08:00][error] 错误信息:controller not exists:app\controller\MainX86
[2025-12-31T21:14:00+08:00][error] 错误信息:controller not exists:app\controller\MainX8664
[2025-12-31T21:14:14+08:00][error] 错误信息:controller not exists:app\controller\MainMips
[2025-12-31T21:14:55+08:00][error] 错误信息:controller not exists:app\controller\MainArm
[2025-12-31T21:14:59+08:00][error] 错误信息:controller not exists:app\controller\Index
[2025-12-31T21:15:07+08:00][error] 错误信息:controller not exists:app\controller\MainSh4
[2025-12-31T21:15:37+08:00][error] 错误信息:controller not exists:app\controller\Bins
[2025-12-31T21:16:01+08:00][error] 错误信息:controller not exists:app\controller\Debug
[2025-12-31T21:16:15+08:00][error] 错误信息:controller not exists:app\controller\morte\Arc
[2025-12-31T21:16:23+08:00][error] 错误信息:controller not exists:app\controller\morte\M68k
[2025-12-31T21:16:55+08:00][error] 错误信息:controller not exists:app\controller\Bins
[2025-12-31T21:17:27+08:00][error] 错误信息:controller not exists:app\controller\Bins
[2025-12-31T21:17:50+08:00][error] 错误信息:controller not exists:app\controller\Bins
[2025-12-31T21:18:07+08:00][error] 错误信息:controller not exists:app\controller\Bins
[2025-12-31T21:18:51+08:00][error] 错误信息:controller not exists:app\controller\morte\Arm5
[2025-12-31T21:19:17+08:00][error] 错误信息:controller not exists:app\controller\morte\X8664
[2025-12-31T21:19:40+08:00][error] 错误信息:controller not exists:app\controller\morte\Arm
[2025-12-31T21:19:47+08:00][error] 错误信息:controller not exists:app\controller\morte\X86
[2025-12-31T21:21:01+08:00][error] 错误信息:controller not exists:app\controller\morte\Arm6
[2025-12-31T21:21:41+08:00][error] 错误信息:controller not exists:app\controller\morte\Ppc
[2025-12-31T21:22:10+08:00][error] 错误信息:controller not exists:app\controller\morte\Arm7
[2025-12-31T21:22:53+08:00][error] 错误信息:controller not exists:app\controller\morte\Sh4
[2025-12-31T21:24:39+08:00][error] 错误信息:controller not exists:app\controller\morte\Mpsl
[2025-12-31T21:25:20+08:00][error] 错误信息:controller not exists:app\controller\morte\Spc
[2025-12-31T21:26:35+08:00][error] 错误信息:controller not exists:app\controller\morte\I686
[2025-12-31T21:27:37+08:00][error] 错误信息:controller not exists:app\controller\morte\Mips
[2025-12-31T21:27:39+08:00][error] 错误信息:controller not exists:app\controller\LjEZs
[2025-12-31T21:29:43+08:00][error] 错误信息:controller not exists:app\controller\LjEZs
[2025-12-31T21:31:03+08:00][error] 错误信息:controller not exists:app\controller\LjEZs
[2025-12-31T21:36:36+08:00][error] 错误信息:controller not exists:app\controller\Index
[2025-12-31T21:36:49+08:00][error] 错误信息:controller not exists:app\controller\FD873AC4CF864FED84EC4BD59C6F17A7
[2025-12-31T21:46:23+08:00][error] 错误信息:controller not exists:app\controller\security\Txt
[2025-12-31T22:05:14+08:00][error] 错误信息:controller not exists:app\controller\Index
[2025-12-31T22:26:21+08:00][error] 错误信息:controller not exists:app\controller\Index
[2025-12-31T22:29:02+08:00][error] 错误信息:controller not exists:app\controller\LjEZs
[2025-12-31T22:36:04+08:00][error] 错误信息:controller not exists:app\controller\Index
[2025-12-31T22:36:16+08:00][error] 错误信息:controller not exists:app\controller\a-r\m-6\Sakura
[2025-12-31T22:38:14+08:00][error] 错误信息:controller not exists:app\controller\m-i\p-s\Sakura
[2025-12-31T22:39:58+08:00][error] 错误信息:controller not exists:app\controller\404
[2025-12-31T22:40:23+08:00][error] 错误信息:controller not exists:app\controller\x86_64\Dbg
[2025-12-31T22:40:47+08:00][error] 错误信息:controller not exists:app\controller\ShSh4
[2025-12-31T22:41:55+08:00][error] 错误信息:controller not exists:app\controller\Aarch64be
[2025-12-31T22:43:23+08:00][error] 错误信息:controller not exists:app\controller\Microblazebe
[2025-12-31T22:44:00+08:00][error] 错误信息:controller not exists:app\controller\Arcle750d
[2025-12-31T22:44:46+08:00][error] 错误信息:controller not exists:app\controller\X8664
[2025-12-31T22:45:26+08:00][error] 错误信息:controller not exists:app\controller\ArcleHs38
[2025-12-31T22:45:53+08:00][error] 错误信息:controller not exists:app\controller\Microblazeel
[2025-12-31T22:46:18+08:00][error] 错误信息:controller not exists:app\controller\p-p\c-\Sakura
[2025-12-31T22:46:55+08:00][error] 错误信息:controller not exists:app\controller\x-8\6-\Sakura
[2025-12-31T22:47:34+08:00][error] 错误信息:controller not exists:app\controller\a-r\m-5\Sakura
[2025-12-31T22:48:06+08:00][error] 错误信息:controller not exists:app\controller\i-5\8-6\Sakura
[2025-12-31T22:48:14+08:00][error] 错误信息:controller not exists:app\controller\x-3\2-\Sakura
[2025-12-31T22:48:48+08:00][error] 错误信息:controller not exists:app\controller\a-r\m-7\Sakura
[2025-12-31T22:49:12+08:00][error] 错误信息:controller not exists:app\controller\404
[2025-12-31T22:49:21+08:00][error] 错误信息:controller not exists:app\controller\s-h\4-\Sakura
[2025-12-31T22:49:31+08:00][error] 错误信息:controller not exists:app\controller\Cnc
[2025-12-31T22:50:19+08:00][error] 错误信息:controller not exists:app\controller\Z
[2025-12-31T22:50:31+08:00][error] 错误信息:controller not exists:app\controller\Z
[2025-12-31T22:51:01+08:00][error] 错误信息:controller not exists:app\controller\Z
[2025-12-31T22:51:08+08:00][error] 错误信息:controller not exists:app\controller\Z
[2025-12-31T22:51:27+08:00][error] 错误信息:controller not exists:app\controller\Z
[2025-12-31T22:51:48+08:00][error] 错误信息:controller not exists:app\controller\Z
[2025-12-31T22:52:11+08:00][error] 错误信息:controller not exists:app\controller\Index
[2025-12-31T22:52:18+08:00][error] 错误信息:controller not exists:app\controller\Z
[2025-12-31T22:52:38+08:00][error] 错误信息:controller not exists:app\controller\Rtz
[2025-12-31T22:52:55+08:00][error] 错误信息:controller not exists:app\controller\Z
[2025-12-31T22:53:26+08:00][error] 错误信息:controller not exists:app\controller\Z
[2025-12-31T22:53:32+08:00][error] 错误信息:controller not exists:app\controller\Z
[2025-12-31T22:54:04+08:00][error] 错误信息:controller not exists:app\controller\Z
[2025-12-31T22:54:19+08:00][error] 错误信息:controller not exists:app\controller\Z
[2025-12-31T22:54:27+08:00][error] 错误信息:controller not exists:app\controller\Z
[2025-12-31T22:55:04+08:00][error] 错误信息:controller not exists:app\controller\Z
[2025-12-31T22:55:22+08:00][error] 错误信息:controller not exists:app\controller\Z
[2025-12-31T22:55:35+08:00][error] 错误信息:controller not exists:app\controller\Z
[2025-12-31T22:56:03+08:00][error] 错误信息:controller not exists:app\controller\Z
[2025-12-31T22:56:07+08:00][error] 错误信息:controller not exists:app\controller\Z
[2025-12-31T22:56:26+08:00][error] 错误信息:controller not exists:app\controller\Z
[2025-12-31T22:56:40+08:00][error] 错误信息:controller not exists:app\controller\Z
[2025-12-31T22:56:55+08:00][error] 错误信息:controller not exists:app\controller\Z
[2025-12-31T22:57:48+08:00][error] 错误信息:controller not exists:app\controller\Z
[2025-12-31T22:57:50+08:00][error] 错误信息:controller not exists:app\controller\Z
[2025-12-31T22:58:09+08:00][error] 错误信息:controller not exists:app\controller\Z
[2025-12-31T22:58:21+08:00][error] 错误信息:controller not exists:app\controller\Z
[2025-12-31T22:58:37+08:00][error] 错误信息:controller not exists:app\controller\Arm
[2025-12-31T22:58:54+08:00][error] 错误信息:controller not exists:app\controller\hanoi\X86
[2025-12-31T22:59:21+08:00][error] 错误信息:controller not exists:app\controller\rondo\I486
[2025-12-31T22:59:23+08:00][error] 错误信息:controller not exists:app\controller\rondo\Powerpc
[2025-12-31T22:59:39+08:00][error] 错误信息:controller not exists:app\controller\rondo\Mips
[2025-12-31T23:00:24+08:00][error] 错误信息:controller not exists:app\controller\rondo\Armv4l
[2025-12-31T23:00:31+08:00][error] 错误信息:controller not exists:app\controller\rondo\Fbsdi386
[2025-12-31T23:00:43+08:00][error] 错误信息:controller not exists:app\controller\rondo\M68k
[2025-12-31T23:01:01+08:00][error] 错误信息:controller not exists:app\controller\rondo\Arc700
[2025-12-31T23:01:16+08:00][error] 错误信息:controller not exists:app\controller\rondo\Mipsel
[2025-12-31T23:01:35+08:00][error] 错误信息:controller not exists:app\controller\rondo\Fbsdarm64
[2025-12-31T23:01:43+08:00][error] 错误信息:controller not exists:app\controller\rondo\X8664
[2025-12-31T23:02:03+08:00][error] 错误信息:controller not exists:app\controller\rondo\I586
[2025-12-31T23:02:31+08:00][error] 错误信息:controller not exists:app\controller\rondo\Fbsdamd64
[2025-12-31T23:02:53+08:00][error] 错误信息:controller not exists:app\controller\rondo\Sparc
[2025-12-31T23:02:56+08:00][error] 错误信息:controller not exists:app\controller\rondo\I686
[2025-12-31T23:03:20+08:00][error] 错误信息:controller not exists:app\controller\rondo\Armv7l
[2025-12-31T23:03:37+08:00][error] 错误信息:controller not exists:app\controller\rondo\Armv5l
[2025-12-31T23:03:49+08:00][error] 错误信息:controller not exists:app\controller\rondo\Fbsdpowerpc
[2025-12-31T23:04:06+08:00][error] 错误信息:controller not exists:app\controller\rondo\Sh4
[2025-12-31T23:04:21+08:00][error] 错误信息:controller not exists:app\controller\rondo\Armv6l
[2025-12-31T23:04:26+08:00][error] 错误信息:controller not exists:app\controller\rondo\Powerpc440fp
[2025-12-31T23:05:01+08:00][error] 错误信息:controller not exists:app\controller\Bins
[2025-12-31T23:05:20+08:00][error] 错误信息:controller not exists:app\controller\HBTs
[2025-12-31T23:05:28+08:00][error] 错误信息:controller not exists:app\controller\HBTs
[2025-12-31T23:05:37+08:00][error] 错误信息:controller not exists:app\controller\Bins
[2025-12-31T23:06:01+08:00][error] 错误信息:controller not exists:app\controller\Bins
[2025-12-31T23:06:16+08:00][error] 错误信息:controller not exists:app\controller\Bins
[2025-12-31T23:06:21+08:00][error] 错误信息:controller not exists:app\controller\Hiddenbin
[2025-12-31T23:06:42+08:00][error] 错误信息:controller not exists:app\controller\Mips64
[2025-12-31T23:07:26+08:00][error] 错误信息:controller not exists:app\controller\Whoareyou
[2025-12-31T23:07:38+08:00][error] 错误信息:controller not exists:app\controller\Whoareyou
[2025-12-31T23:07:55+08:00][error] 错误信息:controller not exists:app\controller\Whoareyou
[2025-12-31T23:07:58+08:00][error] 错误信息:controller not exists:app\controller\Whoareyou
[2025-12-31T23:08:13+08:00][error] 错误信息:controller not exists:app\controller\Whoareyou
[2025-12-31T23:08:37+08:00][error] 错误信息:controller not exists:app\controller\Whoareyou
[2025-12-31T23:08:39+08:00][error] 错误信息:controller not exists:app\controller\Whoareyou
[2025-12-31T23:08:58+08:00][error] 错误信息:controller not exists:app\controller\Whoareyou
[2025-12-31T23:09:09+08:00][error] 错误信息:controller not exists:app\controller\Whoareyou
[2025-12-31T23:09:33+08:00][error] 错误信息:controller not exists:app\controller\Whoareyou
[2025-12-31T23:09:49+08:00][error] 错误信息:controller not exists:app\controller\Whoareyou
[2025-12-31T23:10:10+08:00][error] 错误信息:controller not exists:app\controller\Bins
[2025-12-31T23:10:22+08:00][error] 错误信息:controller not exists:app\controller\Bins
[2025-12-31T23:10:42+08:00][error] 错误信息:controller not exists:app\controller\Bins
[2025-12-31T23:10:47+08:00][error] 错误信息:controller not exists:app\controller\Bins
[2025-12-31T23:11:00+08:00][error] 错误信息:controller not exists:app\controller\Bins
[2025-12-31T23:11:21+08:00][error] 错误信息:controller not exists:app\controller\Bins
[2025-12-31T23:11:37+08:00][error] 错误信息:controller not exists:app\controller\Bins
[2025-12-31T23:11:49+08:00][error] 错误信息:controller not exists:app\controller\Bins
[2025-12-31T23:12:17+08:00][error] 错误信息:controller not exists:app\controller\Bins
[2025-12-31T23:12:21+08:00][error] 错误信息:controller not exists:app\controller\Bins
[2025-12-31T23:12:39+08:00][error] 错误信息:controller not exists:app\controller\Bins
[2025-12-31T23:12:59+08:00][error] 错误信息:controller not exists:app\controller\Bins
[2025-12-31T23:13:14+08:00][error] 错误信息:controller not exists:app\controller\Hiddenbin
[2025-12-31T23:13:15+08:00][error] 错误信息:controller not exists:app\controller\HBTs
[2025-12-31T23:13:40+08:00][error] 错误信息:controller not exists:app\controller\HBTs
[2025-12-31T23:13:50+08:00][error] 错误信息:controller not exists:app\controller\HBTs
[2025-12-31T23:14:03+08:00][error] 错误信息:controller not exists:app\controller\HBTs
[2025-12-31T23:14:29+08:00][error] 错误信息:controller not exists:app\controller\HBTs
[2025-12-31T23:14:35+08:00][error] 错误信息:controller not exists:app\controller\HBTs
[2025-12-31T23:14:59+08:00][error] 错误信息:controller not exists:app\controller\HBTs
[2025-12-31T23:15:13+08:00][error] 错误信息:controller not exists:app\controller\HBTs
[2025-12-31T23:15:32+08:00][error] 错误信息:controller not exists:app\controller\HBTs
[2025-12-31T23:15:46+08:00][error] 错误信息:controller not exists:app\controller\HBTs
[2025-12-31T23:15:54+08:00][error] 错误信息:controller not exists:app\controller\HBTs
[2025-12-31T23:16:09+08:00][error] 错误信息:controller not exists:app\controller\HBTs
[2025-12-31T23:16:16+08:00][error] 错误信息:controller not exists:app\controller\m68k\Nn
[2025-12-31T23:16:30+08:00][error] 错误信息:controller not exists:app\controller\mipsel\Nn
[2025-12-31T23:16:59+08:00][error] 错误信息:controller not exists:app\controller\x86_64\Nn
[2025-12-31T23:17:14+08:00][error] 错误信息:controller not exists:app\controller\x86_32\Nn
[2025-12-31T23:17:32+08:00][error] 错误信息:controller not exists:app\controller\sh4\Nn
[2025-12-31T23:17:43+08:00][error] 错误信息:controller not exists:app\controller\mips\Nn
[2025-12-31T23:17:57+08:00][error] 错误信息:controller not exists:app\controller\sparc\Nn
[2025-12-31T23:18:15+08:00][error] 错误信息:controller not exists:app\controller\powerpc\Nn
[2025-12-31T23:18:18+08:00][error] 错误信息:controller not exists:app\controller\Linux
[2025-12-31T23:18:28+08:00][error] 错误信息:controller not exists:app\controller\Index
[2025-12-31T23:18:36+08:00][error] 错误信息:controller not exists:app\controller\Huhu
[2025-12-31T23:19:10+08:00][error] 错误信息:controller not exists:app\controller\Bins
[2025-12-31T23:19:32+08:00][error] 错误信息:controller not exists:app\controller\Huhu
[2025-12-31T23:19:52+08:00][error] 错误信息:controller not exists:app\controller\Huhu
[2025-12-31T23:20:03+08:00][error] 错误信息:controller not exists:app\controller\Huhu
[2025-12-31T23:20:15+08:00][error] 错误信息:controller not exists:app\controller\Huhu
[2025-12-31T23:20:28+08:00][error] 错误信息:controller not exists:app\controller\Huhu
[2025-12-31T23:20:46+08:00][error] 错误信息:controller not exists:app\controller\Huhu
[2025-12-31T23:20:50+08:00][error] 错误信息:controller not exists:app\controller\Huhu
[2025-12-31T23:21:09+08:00][error] 错误信息:controller not exists:app\controller\Huhu
[2025-12-31T23:21:46+08:00][error] 错误信息:controller not exists:app\controller\Huhu
[2025-12-31T23:21:55+08:00][error] 错误信息:controller not exists:app\controller\Huhu
[2025-12-31T23:22:14+08:00][error] 错误信息:controller not exists:app\controller\Huhu
[2025-12-31T23:22:29+08:00][error] 错误信息:controller not exists:app\controller\Huhu
[2025-12-31T23:22:43+08:00][error] 错误信息:controller not exists:app\controller\Huhu
[2025-12-31T23:22:53+08:00][error] 错误信息:controller not exists:app\controller\Huhu
[2025-12-31T23:23:15+08:00][error] 错误信息:controller not exists:app\controller\0010101010100101101010111010101
[2025-12-31T23:23:23+08:00][error] 错误信息:controller not exists:app\controller\0010101010100101101010111010101
[2025-12-31T23:23:38+08:00][error] 错误信息:controller not exists:app\controller\0010101010100101101010111010101
[2025-12-31T23:23:59+08:00][error] 错误信息:controller not exists:app\controller\0010101010100101101010111010101
[2025-12-31T23:24:34+08:00][error] 错误信息:controller not exists:app\controller\0010101010100101101010111010101
[2025-12-31T23:24:46+08:00][error] 错误信息:controller not exists:app\controller\0010101010100101101010111010101
[2025-12-31T23:24:53+08:00][error] 错误信息:controller not exists:app\controller\Index
[2025-12-31T23:24:55+08:00][error] 错误信息:controller not exists:app\controller\0010101010100101101010111010101
[2025-12-31T23:25:19+08:00][error] 错误信息:controller not exists:app\controller\0010101010100101101010111010101
[2025-12-31T23:25:34+08:00][error] 错误信息:controller not exists:app\controller\0010101010100101101010111010101
[2025-12-31T23:25:48+08:00][error] 错误信息:controller not exists:app\controller\0010101010100101101010111010101
[2025-12-31T23:26:01+08:00][error] 错误信息:controller not exists:app\controller\0010101010100101101010111010101
[2025-12-31T23:26:23+08:00][error] 错误信息:controller not exists:app\controller\0010101010100101101010111010101
[2025-12-31T23:26:49+08:00][error] 错误信息:controller not exists:app\controller\0010101010100101101010111010101
[2025-12-31T23:27:06+08:00][error] 错误信息:controller not exists:app\controller\0010101010100101101010111010101
[2025-12-31T23:27:27+08:00][error] 错误信息:controller not exists:app\controller\Harm6
[2025-12-31T23:27:34+08:00][error] 错误信息:controller not exists:app\controller\phanes\Mips
[2025-12-31T23:27:52+08:00][error] 错误信息:controller not exists:app\controller\phanes\Arm6
[2025-12-31T23:28:10+08:00][error] 错误信息:controller not exists:app\controller\phanes\Arm7
[2025-12-31T23:28:29+08:00][error] 错误信息:controller not exists:app\controller\phanes\Mpsl
[2025-12-31T23:29:06+08:00][error] 错误信息:controller not exists:app\controller\phanes\Ppc
[2025-12-31T23:29:27+08:00][error] 错误信息:controller not exists:app\controller\phanes\X86
[2025-12-31T23:29:39+08:00][error] 错误信息:controller not exists:app\controller\phanes\Arm5
[2025-12-31T23:29:55+08:00][error] 错误信息:controller not exists:app\controller\phanes\Sh4
[2025-12-31T23:30:15+08:00][error] 错误信息:controller not exists:app\controller\phanes\Arm
[2025-12-31T23:30:37+08:00][error] 错误信息:controller not exists:app\controller\phanes\Arc
[2025-12-31T23:30:59+08:00][error] 错误信息:controller not exists:app\controller\Bins
[2025-12-31T23:31:31+08:00][error] 错误信息:controller not exists:app\controller\Bins
[2025-12-31T23:31:47+08:00][error] 错误信息:controller not exists:app\controller\lol\Arm
[2025-12-31T23:32:06+08:00][error] 错误信息:controller not exists:app\controller\lol\Mips
[2025-12-31T23:32:43+08:00][error] 错误信息:controller not exists:app\controller\J
[2025-12-31T23:32:59+08:00][error] 错误信息:controller not exists:app\controller\J
[2025-12-31T23:33:17+08:00][error] 错误信息:controller not exists:app\controller\J
[2025-12-31T23:33:26+08:00][error] 错误信息:controller not exists:app\controller\J
[2025-12-31T23:34:24+08:00][error] 错误信息:controller not exists:app\controller\J
[2025-12-31T23:34:37+08:00][error] 错误信息:controller not exists:app\controller\J
[2025-12-31T23:35:00+08:00][error] 错误信息:controller not exists:app\controller\J
[2025-12-31T23:35:18+08:00][error] 错误信息:controller not exists:app\controller\Ppc4fp
[2025-12-31T23:35:50+08:00][error] 错误信息:controller not exists:app\controller\Bins
[2025-12-31T23:35:58+08:00][error] 错误信息:controller not exists:app\controller\Bins
[2025-12-31T23:36:39+08:00][error] 错误信息:controller not exists:app\controller\Bins
[2025-12-31T23:37:16+08:00][error] 错误信息:controller not exists:app\controller\Bins
[2025-12-31T23:37:36+08:00][error] 错误信息:controller not exists:app\controller\Bins
[2025-12-31T23:37:54+08:00][error] 错误信息:controller not exists:app\controller\Bins
[2025-12-31T23:38:18+08:00][error] 错误信息:controller not exists:app\controller\Bins
[2025-12-31T23:39:17+08:00][error] 错误信息:controller not exists:app\controller\Bins
[2025-12-31T23:39:28+08:00][error] 错误信息:controller not exists:app\controller\Bins
[2025-12-31T23:40:11+08:00][error] 错误信息:controller not exists:app\controller\Bins
[2025-12-31T23:40:18+08:00][error] 错误信息:controller not exists:app\controller\Arm61
[2025-12-31T23:41:00+08:00][error] 错误信息:controller not exists:app\controller\Co
[2025-12-31T23:41:17+08:00][error] 错误信息:controller not exists:app\controller\Dss
[2025-12-31T23:42:24+08:00][error] 错误信息:controller not exists:app\controller\586
[2025-12-31T23:42:53+08:00][error] 错误信息:controller not exists:app\controller\Cron
[2025-12-31T23:43:16+08:00][error] 错误信息:controller not exists:app\controller\Katrina
[2025-12-31T23:44:47+08:00][error] 错误信息:controller not exists:app\controller\Index
[2025-12-31T23:44:56+08:00][error] 错误信息:controller not exists:app\controller\System
[2025-12-31T23:45:09+08:00][error] 错误信息:controller not exists:app\controller\DbusDaemon
[2025-12-31T23:45:59+08:00][error] 错误信息:controller not exists:app\controller\Getty
[2025-12-31T23:46:31+08:00][error] 错误信息:controller not exists:app\controller\Agetty
[2025-12-31T23:47:15+08:00][error] 错误信息:controller not exists:app\controller\Ssh
[2025-12-31T23:47:58+08:00][error] 错误信息:controller not exists:app\controller\Telnetd
[2025-12-31T23:48:38+08:00][error] 错误信息:controller not exists:app\controller\Klogd
[2025-12-31T23:50:07+08:00][error] 错误信息:controller not exists:app\controller\Bns
[2025-12-31T23:51:24+08:00][error] 错误信息:controller not exists:app\controller\Bns
[2025-12-31T23:52:36+08:00][error] 错误信息:controller not exists:app\controller\Bns
[2025-12-31T23:52:55+08:00][error] 错误信息:controller not exists:app\controller\Bns
[2025-12-31T23:53:56+08:00][error] 错误信息:controller not exists:app\controller\Bns
[2025-12-31T23:55:09+08:00][error] 错误信息:controller not exists:app\controller\Bns
[2025-12-31T23:55:33+08:00][error] 错误信息:controller not exists:app\controller\Bns
[2025-12-31T23:56:37+08:00][error] 错误信息:controller not exists:app\controller\Bns
[2025-12-31T23:57:59+08:00][error] 错误信息:controller not exists:app\controller\Bns
[2025-12-31T23:58:24+08:00][error] 错误信息:controller not exists:app\controller\Mig
[2025-12-31T23:59:43+08:00][error] 错误信息:controller not exists:app\controller\J
