[2026-03-16T00:08:51+08:00][info] [{"id":3331,"account_status":"异常","count":65},{"id":3464,"account_status":"退出","count":9},{"id":4275,"account_status":"正常","count":1}]
[2026-03-16T00:11:41+08:00][info] 6285639416:[]
[2026-03-16T00:11:41+08:00][info] -5288642383:[]
[2026-03-16T00:11:44+08:00][info] 6285639416:[]
[2026-03-16T00:11:44+08:00][info] -5288642383:[]
[2026-03-16T00:11:54+08:00][info] 6285639416:[]
[2026-03-16T00:11:54+08:00][info] -5288642383:[]
[2026-03-16T00:12:04+08:00][info] 6285639416:[]
[2026-03-16T00:12:04+08:00][info] -5288642383:[]
[2026-03-16T00:12:11+08:00][info] 6285639416:[]
[2026-03-16T00:12:11+08:00][info] -5288642383:[]
[2026-03-16T00:12:22+08:00][info] 6285639416:[]
[2026-03-16T00:12:22+08:00][info] -5288642383:[]
[2026-03-16T00:12:32+08:00][info] 6285639416:[]
[2026-03-16T00:12:32+08:00][info] -5288642383:[]
[2026-03-16T00:12:42+08:00][info] 6285639416:[]
[2026-03-16T00:12:42+08:00][info] -5288642383:[]
[2026-03-16T00:12:51+08:00][info] 6285639416:messages:temp_8242265110.session:6285639416
[2026-03-16T00:12:51+08:00][info] 6285639416:[]
[2026-03-16T00:12:51+08:00][info] -5288642383:group_message_-5288642383:temp_8242265110.session
[2026-03-16T00:12:51+08:00][info] -5288642383:[]
[2026-03-16T00:12:52+08:00][info] 6285639416:messages:temp_8242265110.session:6285639416
[2026-03-16T00:12:52+08:00][info] 6285639416:[]
[2026-03-16T00:12:52+08:00][info] -5288642383:group_message_-5288642383:temp_8242265110.session
[2026-03-16T00:12:52+08:00][info] -5288642383:[]
[2026-03-16T00:13:03+08:00][info] 6285639416:messages:temp_8242265110.session:6285639416
[2026-03-16T00:13:03+08:00][info] 6285639416:[]
[2026-03-16T00:13:03+08:00][info] -5288642383:group_message_-5288642383:temp_8242265110.session
[2026-03-16T00:13:03+08:00][info] -5288642383:[]
[2026-03-16T00:13:13+08:00][info] 6285639416:messages:temp_8242265110.session:6285639416
[2026-03-16T00:13:13+08:00][info] 6285639416:[]
[2026-03-16T00:13:13+08:00][info] -5288642383:group_message_-5288642383:temp_8242265110.session
[2026-03-16T00:13:13+08:00][info] -5288642383:[]
[2026-03-16T00:13:23+08:00][info] 6285639416:messages:temp_8242265110.session:6285639416
[2026-03-16T00:13:23+08:00][info] 6285639416:[]
[2026-03-16T00:13:23+08:00][info] -5288642383:group_message_-5288642383:temp_8242265110.session
[2026-03-16T00:13:23+08:00][info] -5288642383:[]
[2026-03-16T00:13:33+08:00][info] 6285639416:messages:temp_8242265110.session:6285639416
[2026-03-16T00:13:33+08:00][info] 6285639416:[]
[2026-03-16T00:13:33+08:00][info] -5288642383:group_message_-5288642383:temp_8242265110.session
[2026-03-16T00:13:33+08:00][info] -5288642383:[]
[2026-03-16T00:13:43+08:00][info] 6285639416:messages:temp_8242265110.session:6285639416
[2026-03-16T00:13:43+08:00][info] 6285639416:[]
[2026-03-16T00:13:43+08:00][info] -5288642383:group_message_-5288642383:temp_8242265110.session
[2026-03-16T00:13:43+08:00][info] -5288642383:[]
[2026-03-16T00:13:52+08:00][info] 6285639416:tdata8:messages:temp_8242265110.session:6285639416
[2026-03-16T00:13:52+08:00][info] 6285639416:[]
[2026-03-16T00:13:52+08:00][info] -5288642383:tdata8:group_message_-5288642383:temp_8242265110.session
[2026-03-16T00:13:52+08:00][info] -5288642383:["{\"message_id\": 3336, \"chat_id\": \"-5288642383\", \"account_id\": \"temp_8242265110.session\", \"sender_id\": 6285639416, \"sender_name\": \"User_6285639416\", \"message_text\": \"da\", \"message_type\": \"text\", \"sender_username\": null, \"media_path\": null, \"is_outgoing\": false, \"reply_to_msg_id\": null, \"timestamp\": \"2026-03-15T16:11:57+00:00\", \"is_read\": false, \"created_at\": \"2026-03-16T00:11:59.414278\"}"]
[2026-03-16T00:13:53+08:00][info] 6285639416:tdata8:messages:temp_8242265110.session:6285639416
[2026-03-16T00:13:53+08:00][info] 6285639416:[]
[2026-03-16T00:13:53+08:00][info] -5288642383:tdata8:group_message_-5288642383:temp_8242265110.session
[2026-03-16T00:13:53+08:00][info] -5288642383:["{\"message_id\": 3336, \"chat_id\": \"-5288642383\", \"account_id\": \"temp_8242265110.session\", \"sender_id\": 6285639416, \"sender_name\": \"User_6285639416\", \"message_text\": \"da\", \"message_type\": \"text\", \"sender_username\": null, \"media_path\": null, \"is_outgoing\": false, \"reply_to_msg_id\": null, \"timestamp\": \"2026-03-15T16:11:57+00:00\", \"is_read\": false, \"created_at\": \"2026-03-16T00:11:59.414278\"}"]
[2026-03-16T00:14:03+08:00][info] 6285639416:tdata8:messages:temp_8242265110.session:6285639416
[2026-03-16T00:14:03+08:00][info] 6285639416:[]
[2026-03-16T00:14:03+08:00][info] -5288642383:tdata8:group_message_-5288642383:temp_8242265110.session
[2026-03-16T00:14:03+08:00][info] -5288642383:["{\"message_id\": 3337, \"chat_id\": \"-5288642383\", \"account_id\": \"temp_8242265110.session\", \"sender_id\": 6285639416, \"sender_name\": \"User_6285639416\", \"message_text\": \"b\", \"message_type\": \"text\", \"sender_username\": null, \"media_path\": null, \"is_outgoing\": false, \"reply_to_msg_id\": null, \"timestamp\": \"2026-03-15T16:14:00+00:00\", \"is_read\": false, \"created_at\": \"2026-03-16T00:14:01.984473\"}"]
[2026-03-16T00:14:13+08:00][info] 6285639416:tdata8:messages:temp_8242265110.session:6285639416
[2026-03-16T00:14:13+08:00][info] 6285639416:[]
[2026-03-16T00:14:13+08:00][info] -5288642383:tdata8:group_message_-5288642383:temp_8242265110.session
[2026-03-16T00:14:13+08:00][info] -5288642383:["{\"message_id\": 3337, \"chat_id\": \"-5288642383\", \"account_id\": \"temp_8242265110.session\", \"sender_id\": 6285639416, \"sender_name\": \"User_6285639416\", \"message_text\": \"b\", \"message_type\": \"text\", \"sender_username\": null, \"media_path\": null, \"is_outgoing\": false, \"reply_to_msg_id\": null, \"timestamp\": \"2026-03-15T16:14:00+00:00\", \"is_read\": false, \"created_at\": \"2026-03-16T00:14:01.984473\"}"]
[2026-03-16T00:14:24+08:00][info] 6285639416:tdata8:messages:temp_8242265110.session:6285639416
[2026-03-16T00:14:24+08:00][info] 6285639416:[]
[2026-03-16T00:14:24+08:00][info] -5288642383:tdata8:group_message_-5288642383:temp_8242265110.session
[2026-03-16T00:14:24+08:00][info] -5288642383:["{\"message_id\": 3337, \"chat_id\": \"-5288642383\", \"account_id\": \"temp_8242265110.session\", \"sender_id\": 6285639416, \"sender_name\": \"User_6285639416\", \"message_text\": \"b\", \"message_type\": \"text\", \"sender_username\": null, \"media_path\": null, \"is_outgoing\": false, \"reply_to_msg_id\": null, \"timestamp\": \"2026-03-15T16:14:00+00:00\", \"is_read\": false, \"created_at\": \"2026-03-16T00:14:01.984473\"}"]
[2026-03-16T00:14:34+08:00][info] 6285639416:tdata8:messages:temp_8242265110.session:6285639416
[2026-03-16T00:14:34+08:00][info] 6285639416:[]
[2026-03-16T00:14:34+08:00][info] -5288642383:tdata8:group_message_-5288642383:temp_8242265110.session
[2026-03-16T00:14:34+08:00][info] -5288642383:["{\"message_id\": 3337, \"chat_id\": \"-5288642383\", \"account_id\": \"temp_8242265110.session\", \"sender_id\": 6285639416, \"sender_name\": \"User_6285639416\", \"message_text\": \"b\", \"message_type\": \"text\", \"sender_username\": null, \"media_path\": null, \"is_outgoing\": false, \"reply_to_msg_id\": null, \"timestamp\": \"2026-03-15T16:14:00+00:00\", \"is_read\": false, \"created_at\": \"2026-03-16T00:14:01.984473\"}"]
[2026-03-16T00:14:44+08:00][info] 6285639416:tdata8:messages:temp_8242265110.session:6285639416
[2026-03-16T00:14:44+08:00][info] 6285639416:[]
[2026-03-16T00:14:44+08:00][info] -5288642383:tdata8:group_message_-5288642383:temp_8242265110.session
[2026-03-16T00:14:44+08:00][info] -5288642383:["{\"message_id\": 3337, \"chat_id\": \"-5288642383\", \"account_id\": \"temp_8242265110.session\", \"sender_id\": 6285639416, \"sender_name\": \"User_6285639416\", \"message_text\": \"b\", \"message_type\": \"text\", \"sender_username\": null, \"media_path\": null, \"is_outgoing\": false, \"reply_to_msg_id\": null, \"timestamp\": \"2026-03-15T16:14:00+00:00\", \"is_read\": false, \"created_at\": \"2026-03-16T00:14:01.984473\"}"]
[2026-03-16T00:14:54+08:00][info] 6285639416:tdata8:messages:temp_8242265110.session:6285639416
[2026-03-16T00:14:54+08:00][info] 6285639416:[]
[2026-03-16T00:14:54+08:00][info] -5288642383:tdata8:group_message_-5288642383:temp_8242265110.session
[2026-03-16T00:14:54+08:00][info] -5288642383:["{\"message_id\": 3337, \"chat_id\": \"-5288642383\", \"account_id\": \"temp_8242265110.session\", \"sender_id\": 6285639416, \"sender_name\": \"User_6285639416\", \"message_text\": \"b\", \"message_type\": \"text\", \"sender_username\": null, \"media_path\": null, \"is_outgoing\": false, \"reply_to_msg_id\": null, \"timestamp\": \"2026-03-15T16:14:00+00:00\", \"is_read\": false, \"created_at\": \"2026-03-16T00:14:01.984473\"}"]
[2026-03-16T00:15:04+08:00][info] 6285639416:tdata8:messages:temp_8242265110.session:6285639416
[2026-03-16T00:15:04+08:00][info] 6285639416:[]
[2026-03-16T00:15:04+08:00][info] -5288642383:tdata8:group_message_-5288642383:temp_8242265110.session
[2026-03-16T00:15:04+08:00][info] -5288642383:["{\"message_id\": 3337, \"chat_id\": \"-5288642383\", \"account_id\": \"temp_8242265110.session\", \"sender_id\": 6285639416, \"sender_name\": \"User_6285639416\", \"message_text\": \"b\", \"message_type\": \"text\", \"sender_username\": null, \"media_path\": null, \"is_outgoing\": false, \"reply_to_msg_id\": null, \"timestamp\": \"2026-03-15T16:14:00+00:00\", \"is_read\": false, \"created_at\": \"2026-03-16T00:14:01.984473\"}"]
[2026-03-16T00:15:14+08:00][info] 6285639416:tdata8:messages:temp_8242265110.session:6285639416
[2026-03-16T00:15:14+08:00][info] 6285639416:[]
[2026-03-16T00:15:14+08:00][info] -5288642383:tdata8:group_message_-5288642383:temp_8242265110.session
[2026-03-16T00:15:14+08:00][info] -5288642383:["{\"message_id\": 3337, \"chat_id\": \"-5288642383\", \"account_id\": \"temp_8242265110.session\", \"sender_id\": 6285639416, \"sender_name\": \"User_6285639416\", \"message_text\": \"b\", \"message_type\": \"text\", \"sender_username\": null, \"media_path\": null, \"is_outgoing\": false, \"reply_to_msg_id\": null, \"timestamp\": \"2026-03-15T16:14:00+00:00\", \"is_read\": false, \"created_at\": \"2026-03-16T00:14:01.984473\"}"]
[2026-03-16T00:15:23+08:00][info] 6285639416:tdata8:messages:temp_8242265110.session:6285639416
[2026-03-16T00:15:23+08:00][info] 6285639416:[]
[2026-03-16T00:15:23+08:00][info] -5288642383:tdata8:group_message_-5288642383:temp_8242265110.session
[2026-03-16T00:15:23+08:00][info] -5288642383:["{\"message_id\": 3337, \"chat_id\": \"-5288642383\", \"account_id\": \"temp_8242265110.session\", \"sender_id\": 6285639416, \"sender_name\": \"User_6285639416\", \"message_text\": \"b\", \"message_type\": \"text\", \"sender_username\": null, \"media_path\": null, \"is_outgoing\": false, \"reply_to_msg_id\": null, \"timestamp\": \"2026-03-15T16:14:00+00:00\", \"is_read\": false, \"created_at\": \"2026-03-16T00:14:01.984473\"}"]
[2026-03-16T00:15:33+08:00][info] 6285639416:tdata8:messages:temp_8242265110.session:6285639416
[2026-03-16T00:15:33+08:00][info] 6285639416:["{\"message_id\": 3339, \"chat_id\": \"6285639416\", \"account_id\": \"temp_8242265110.session\", \"sender_id\": 6285639416, \"sender_name\": \"123\", \"message_text\": \"werwr\", \"message_type\": \"text\", \"sender_username\": null, \"media_path\": null, \"is_outgoing\": false, \"reply_to_msg_id\": null, \"timestamp\": \"2026-03-15T16:15:31+00:00\", \"is_read\": false, \"created_at\": \"2026-03-16T00:15:31.451895\"}"]
[2026-03-16T00:15:33+08:00][info] -5288642383:tdata8:group_message_-5288642383:temp_8242265110.session
[2026-03-16T00:15:33+08:00][info] -5288642383:["{\"message_id\": 3338, \"chat_id\": \"-5288642383\", \"account_id\": \"temp_8242265110.session\", \"sender_id\": 6285639416, \"sender_name\": \"123\", \"message_text\": \"f\", \"message_type\": \"text\", \"sender_username\": null, \"media_path\": null, \"is_outgoing\": false, \"reply_to_msg_id\": null, \"timestamp\": \"2026-03-15T16:15:27+00:00\", \"is_read\": false, \"created_at\": \"2026-03-16T00:15:28.488599\"}"]
[2026-03-16T00:15:44+08:00][info] 6285639416:tdata8:messages:temp_8242265110.session:6285639416
[2026-03-16T00:15:44+08:00][info] 6285639416:["{\"message_id\": 3339, \"chat_id\": \"6285639416\", \"account_id\": \"temp_8242265110.session\", \"sender_id\": 6285639416, \"sender_name\": \"123\", \"message_text\": \"werwr\", \"message_type\": \"text\", \"sender_username\": null, \"media_path\": null, \"is_outgoing\": false, \"reply_to_msg_id\": null, \"timestamp\": \"2026-03-15T16:15:31+00:00\", \"is_read\": false, \"created_at\": \"2026-03-16T00:15:31.451895\"}"]
[2026-03-16T00:15:44+08:00][info] -5288642383:tdata8:group_message_-5288642383:temp_8242265110.session
[2026-03-16T00:15:44+08:00][info] -5288642383:["{\"message_id\": 3338, \"chat_id\": \"-5288642383\", \"account_id\": \"temp_8242265110.session\", \"sender_id\": 6285639416, \"sender_name\": \"123\", \"message_text\": \"f\", \"message_type\": \"text\", \"sender_username\": null, \"media_path\": null, \"is_outgoing\": false, \"reply_to_msg_id\": null, \"timestamp\": \"2026-03-15T16:15:27+00:00\", \"is_read\": false, \"created_at\": \"2026-03-16T00:15:28.488599\"}"]
[2026-03-16T00:15:54+08:00][info] 6285639416:tdata8:messages:temp_8242265110.session:6285639416
[2026-03-16T00:15:54+08:00][info] 6285639416:["{\"message_id\": 3339, \"chat_id\": \"6285639416\", \"account_id\": \"temp_8242265110.session\", \"sender_id\": 6285639416, \"sender_name\": \"123\", \"message_text\": \"werwr\", \"message_type\": \"text\", \"sender_username\": null, \"media_path\": null, \"is_outgoing\": false, \"reply_to_msg_id\": null, \"timestamp\": \"2026-03-15T16:15:31+00:00\", \"is_read\": false, \"created_at\": \"2026-03-16T00:15:31.451895\"}"]
[2026-03-16T00:15:54+08:00][info] -5288642383:tdata8:group_message_-5288642383:temp_8242265110.session
[2026-03-16T00:15:54+08:00][info] -5288642383:["{\"message_id\": 3338, \"chat_id\": \"-5288642383\", \"account_id\": \"temp_8242265110.session\", \"sender_id\": 6285639416, \"sender_name\": \"123\", \"message_text\": \"f\", \"message_type\": \"text\", \"sender_username\": null, \"media_path\": null, \"is_outgoing\": false, \"reply_to_msg_id\": null, \"timestamp\": \"2026-03-15T16:15:27+00:00\", \"is_read\": false, \"created_at\": \"2026-03-16T00:15:28.488599\"}"]
[2026-03-16T00:16:03+08:00][info] 6285639416:tdata8:messages:temp_8242265110.session:6285639416
[2026-03-16T00:16:03+08:00][info] 6285639416:["{\"message_id\": 3339, \"chat_id\": \"6285639416\", \"account_id\": \"temp_8242265110.session\", \"sender_id\": 6285639416, \"sender_name\": \"123\", \"message_text\": \"werwr\", \"message_type\": \"text\", \"sender_username\": null, \"media_path\": null, \"is_outgoing\": false, \"reply_to_msg_id\": null, \"timestamp\": \"2026-03-15T16:15:31+00:00\", \"is_read\": false, \"created_at\": \"2026-03-16T00:15:31.451895\"}"]
[2026-03-16T00:16:03+08:00][info] -5288642383:tdata8:group_message_-5288642383:temp_8242265110.session
[2026-03-16T00:16:03+08:00][info] -5288642383:["{\"message_id\": 3338, \"chat_id\": \"-5288642383\", \"account_id\": \"temp_8242265110.session\", \"sender_id\": 6285639416, \"sender_name\": \"123\", \"message_text\": \"f\", \"message_type\": \"text\", \"sender_username\": null, \"media_path\": null, \"is_outgoing\": false, \"reply_to_msg_id\": null, \"timestamp\": \"2026-03-15T16:15:27+00:00\", \"is_read\": false, \"created_at\": \"2026-03-16T00:15:28.488599\"}"]
[2026-03-16T00:16:14+08:00][info] 6285639416:tdata8:messages:temp_8242265110.session:6285639416
[2026-03-16T00:16:14+08:00][info] 6285639416:["{\"message_id\": 3339, \"chat_id\": \"6285639416\", \"account_id\": \"temp_8242265110.session\", \"sender_id\": 6285639416, \"sender_name\": \"123\", \"message_text\": \"werwr\", \"message_type\": \"text\", \"sender_username\": null, \"media_path\": null, \"is_outgoing\": false, \"reply_to_msg_id\": null, \"timestamp\": \"2026-03-15T16:15:31+00:00\", \"is_read\": false, \"created_at\": \"2026-03-16T00:15:31.451895\"}"]
[2026-03-16T00:16:14+08:00][info] -5288642383:tdata8:group_message_-5288642383:temp_8242265110.session
[2026-03-16T00:16:14+08:00][info] -5288642383:["{\"message_id\": 3338, \"chat_id\": \"-5288642383\", \"account_id\": \"temp_8242265110.session\", \"sender_id\": 6285639416, \"sender_name\": \"123\", \"message_text\": \"f\", \"message_type\": \"text\", \"sender_username\": null, \"media_path\": null, \"is_outgoing\": false, \"reply_to_msg_id\": null, \"timestamp\": \"2026-03-15T16:15:27+00:00\", \"is_read\": false, \"created_at\": \"2026-03-16T00:15:28.488599\"}"]
[2026-03-16T00:16:24+08:00][info] 6285639416:tdata8:messages:temp_8242265110.session:6285639416
[2026-03-16T00:16:24+08:00][info] 6285639416:["{\"message_id\": 3339, \"chat_id\": \"6285639416\", \"account_id\": \"temp_8242265110.session\", \"sender_id\": 6285639416, \"sender_name\": \"123\", \"message_text\": \"werwr\", \"message_type\": \"text\", \"sender_username\": null, \"media_path\": null, \"is_outgoing\": false, \"reply_to_msg_id\": null, \"timestamp\": \"2026-03-15T16:15:31+00:00\", \"is_read\": false, \"created_at\": \"2026-03-16T00:15:31.451895\"}"]
[2026-03-16T00:16:24+08:00][info] -5288642383:tdata8:group_message_-5288642383:temp_8242265110.session
[2026-03-16T00:16:24+08:00][info] -5288642383:["{\"message_id\": 3338, \"chat_id\": \"-5288642383\", \"account_id\": \"temp_8242265110.session\", \"sender_id\": 6285639416, \"sender_name\": \"123\", \"message_text\": \"f\", \"message_type\": \"text\", \"sender_username\": null, \"media_path\": null, \"is_outgoing\": false, \"reply_to_msg_id\": null, \"timestamp\": \"2026-03-15T16:15:27+00:00\", \"is_read\": false, \"created_at\": \"2026-03-16T00:15:28.488599\"}"]
[2026-03-16T00:16:34+08:00][info] 6285639416:tdata8:messages:temp_8242265110.session:6285639416
[2026-03-16T00:16:34+08:00][info] 6285639416:["{\"message_id\": 3339, \"chat_id\": \"6285639416\", \"account_id\": \"temp_8242265110.session\", \"sender_id\": 6285639416, \"sender_name\": \"123\", \"message_text\": \"werwr\", \"message_type\": \"text\", \"sender_username\": null, \"media_path\": null, \"is_outgoing\": false, \"reply_to_msg_id\": null, \"timestamp\": \"2026-03-15T16:15:31+00:00\", \"is_read\": false, \"created_at\": \"2026-03-16T00:15:31.451895\"}"]
[2026-03-16T00:16:34+08:00][info] -5288642383:tdata8:group_message_-5288642383:temp_8242265110.session
[2026-03-16T00:16:34+08:00][info] -5288642383:["{\"message_id\": 3338, \"chat_id\": \"-5288642383\", \"account_id\": \"temp_8242265110.session\", \"sender_id\": 6285639416, \"sender_name\": \"123\", \"message_text\": \"f\", \"message_type\": \"text\", \"sender_username\": null, \"media_path\": null, \"is_outgoing\": false, \"reply_to_msg_id\": null, \"timestamp\": \"2026-03-15T16:15:27+00:00\", \"is_read\": false, \"created_at\": \"2026-03-16T00:15:28.488599\"}"]
[2026-03-16T00:16:44+08:00][info] 6285639416:tdata8:messages:temp_8242265110.session:6285639416
[2026-03-16T00:16:44+08:00][info] 6285639416:["{\"message_id\": 3339, \"chat_id\": \"6285639416\", \"account_id\": \"temp_8242265110.session\", \"sender_id\": 6285639416, \"sender_name\": \"123\", \"message_text\": \"werwr\", \"message_type\": \"text\", \"sender_username\": null, \"media_path\": null, \"is_outgoing\": false, \"reply_to_msg_id\": null, \"timestamp\": \"2026-03-15T16:15:31+00:00\", \"is_read\": false, \"created_at\": \"2026-03-16T00:15:31.451895\"}"]
[2026-03-16T00:16:44+08:00][info] -5288642383:tdata8:group_message_-5288642383:temp_8242265110.session
[2026-03-16T00:16:44+08:00][info] -5288642383:["{\"message_id\": 3338, \"chat_id\": \"-5288642383\", \"account_id\": \"temp_8242265110.session\", \"sender_id\": 6285639416, \"sender_name\": \"123\", \"message_text\": \"f\", \"message_type\": \"text\", \"sender_username\": null, \"media_path\": null, \"is_outgoing\": false, \"reply_to_msg_id\": null, \"timestamp\": \"2026-03-15T16:15:27+00:00\", \"is_read\": false, \"created_at\": \"2026-03-16T00:15:28.488599\"}"]
[2026-03-16T00:16:54+08:00][info] 6285639416:tdata8:messages:temp_8242265110.session:6285639416
[2026-03-16T00:16:54+08:00][info] 6285639416:["{\"message_id\": 3339, \"chat_id\": \"6285639416\", \"account_id\": \"temp_8242265110.session\", \"sender_id\": 6285639416, \"sender_name\": \"123\", \"message_text\": \"werwr\", \"message_type\": \"text\", \"sender_username\": null, \"media_path\": null, \"is_outgoing\": false, \"reply_to_msg_id\": null, \"timestamp\": \"2026-03-15T16:15:31+00:00\", \"is_read\": false, \"created_at\": \"2026-03-16T00:15:31.451895\"}"]
[2026-03-16T00:16:54+08:00][info] -5288642383:tdata8:group_message_-5288642383:temp_8242265110.session
[2026-03-16T00:16:54+08:00][info] -5288642383:["{\"message_id\": 3338, \"chat_id\": \"-5288642383\", \"account_id\": \"temp_8242265110.session\", \"sender_id\": 6285639416, \"sender_name\": \"123\", \"message_text\": \"f\", \"message_type\": \"text\", \"sender_username\": null, \"media_path\": null, \"is_outgoing\": false, \"reply_to_msg_id\": null, \"timestamp\": \"2026-03-15T16:15:27+00:00\", \"is_read\": false, \"created_at\": \"2026-03-16T00:15:28.488599\"}"]
[2026-03-16T00:17:04+08:00][info] 6285639416:tdata8:messages:temp_8242265110.session:6285639416
[2026-03-16T00:17:04+08:00][info] 6285639416:["{\"message_id\": 3339, \"chat_id\": \"6285639416\", \"account_id\": \"temp_8242265110.session\", \"sender_id\": 6285639416, \"sender_name\": \"123\", \"message_text\": \"werwr\", \"message_type\": \"text\", \"sender_username\": null, \"media_path\": null, \"is_outgoing\": false, \"reply_to_msg_id\": null, \"timestamp\": \"2026-03-15T16:15:31+00:00\", \"is_read\": false, \"created_at\": \"2026-03-16T00:15:31.451895\"}"]
[2026-03-16T00:17:04+08:00][info] -5288642383:tdata8:group_message_-5288642383:temp_8242265110.session
[2026-03-16T00:17:04+08:00][info] -5288642383:["{\"message_id\": 3338, \"chat_id\": \"-5288642383\", \"account_id\": \"temp_8242265110.session\", \"sender_id\": 6285639416, \"sender_name\": \"123\", \"message_text\": \"f\", \"message_type\": \"text\", \"sender_username\": null, \"media_path\": null, \"is_outgoing\": false, \"reply_to_msg_id\": null, \"timestamp\": \"2026-03-15T16:15:27+00:00\", \"is_read\": false, \"created_at\": \"2026-03-16T00:15:28.488599\"}"]
[2026-03-16T00:17:22+08:00][info] 6285639416:tdata8:messages:temp_8242265110.session:6285639416
[2026-03-16T00:17:22+08:00][info] 6285639416:["{\"message_id\": 3339, \"chat_id\": \"6285639416\", \"account_id\": \"temp_8242265110.session\", \"sender_id\": 6285639416, \"sender_name\": \"123\", \"message_text\": \"werwr\", \"message_type\": \"text\", \"sender_username\": null, \"media_path\": null, \"is_outgoing\": false, \"reply_to_msg_id\": null, \"timestamp\": \"2026-03-15T16:15:31+00:00\", \"is_read\": false, \"created_at\": \"2026-03-16T00:15:31.451895\"}"]
[2026-03-16T00:17:22+08:00][info] -5288642383:tdata8:group_message_-5288642383:temp_8242265110.session
[2026-03-16T00:17:22+08:00][info] -5288642383:["{\"message_id\": 3338, \"chat_id\": \"-5288642383\", \"account_id\": \"temp_8242265110.session\", \"sender_id\": 6285639416, \"sender_name\": \"123\", \"message_text\": \"f\", \"message_type\": \"text\", \"sender_username\": null, \"media_path\": null, \"is_outgoing\": false, \"reply_to_msg_id\": null, \"timestamp\": \"2026-03-15T16:15:27+00:00\", \"is_read\": false, \"created_at\": \"2026-03-16T00:15:28.488599\"}"]
[2026-03-16T00:17:23+08:00][info] 6285639416:tdata8:messages:temp_8242265110.session:6285639416
[2026-03-16T00:17:23+08:00][info] 6285639416:["{\"message_id\": 3339, \"chat_id\": \"6285639416\", \"account_id\": \"temp_8242265110.session\", \"sender_id\": 6285639416, \"sender_name\": \"123\", \"message_text\": \"werwr\", \"message_type\": \"text\", \"sender_username\": null, \"media_path\": null, \"is_outgoing\": false, \"reply_to_msg_id\": null, \"timestamp\": \"2026-03-15T16:15:31+00:00\", \"is_read\": false, \"created_at\": \"2026-03-16T00:15:31.451895\"}"]
[2026-03-16T00:17:23+08:00][info] -5288642383:tdata8:group_message_-5288642383:temp_8242265110.session
[2026-03-16T00:17:23+08:00][info] -5288642383:["{\"message_id\": 3338, \"chat_id\": \"-5288642383\", \"account_id\": \"temp_8242265110.session\", \"sender_id\": 6285639416, \"sender_name\": \"123\", \"message_text\": \"f\", \"message_type\": \"text\", \"sender_username\": null, \"media_path\": null, \"is_outgoing\": false, \"reply_to_msg_id\": null, \"timestamp\": \"2026-03-15T16:15:27+00:00\", \"is_read\": false, \"created_at\": \"2026-03-16T00:15:28.488599\"}"]
[2026-03-16T00:17:33+08:00][info] 6285639416:tdata8:messages:temp_8242265110.session:6285639416
[2026-03-16T00:17:33+08:00][info] 6285639416:["{\"message_id\": 3339, \"chat_id\": \"6285639416\", \"account_id\": \"temp_8242265110.session\", \"sender_id\": 6285639416, \"sender_name\": \"123\", \"message_text\": \"werwr\", \"message_type\": \"text\", \"sender_username\": null, \"media_path\": null, \"is_outgoing\": false, \"reply_to_msg_id\": null, \"timestamp\": \"2026-03-15T16:15:31+00:00\", \"is_read\": false, \"created_at\": \"2026-03-16T00:15:31.451895\"}"]
[2026-03-16T00:17:33+08:00][info] -5288642383:tdata8:group_message_-5288642383:temp_8242265110.session
[2026-03-16T00:17:33+08:00][info] -5288642383:["{\"message_id\": 3338, \"chat_id\": \"-5288642383\", \"account_id\": \"temp_8242265110.session\", \"sender_id\": 6285639416, \"sender_name\": \"123\", \"message_text\": \"f\", \"message_type\": \"text\", \"sender_username\": null, \"media_path\": null, \"is_outgoing\": false, \"reply_to_msg_id\": null, \"timestamp\": \"2026-03-15T16:15:27+00:00\", \"is_read\": false, \"created_at\": \"2026-03-16T00:15:28.488599\"}"]
[2026-03-16T00:17:43+08:00][info] 6285639416:tdata8:messages:temp_8242265110.session:6285639416
[2026-03-16T00:17:43+08:00][info] 6285639416:["{\"message_id\": 3339, \"chat_id\": \"6285639416\", \"account_id\": \"temp_8242265110.session\", \"sender_id\": 6285639416, \"sender_name\": \"123\", \"message_text\": \"werwr\", \"message_type\": \"text\", \"sender_username\": null, \"media_path\": null, \"is_outgoing\": false, \"reply_to_msg_id\": null, \"timestamp\": \"2026-03-15T16:15:31+00:00\", \"is_read\": false, \"created_at\": \"2026-03-16T00:15:31.451895\"}"]
[2026-03-16T00:17:43+08:00][info] -5288642383:tdata8:group_message_-5288642383:temp_8242265110.session
[2026-03-16T00:17:43+08:00][info] -5288642383:["{\"message_id\": 3338, \"chat_id\": \"-5288642383\", \"account_id\": \"temp_8242265110.session\", \"sender_id\": 6285639416, \"sender_name\": \"123\", \"message_text\": \"f\", \"message_type\": \"text\", \"sender_username\": null, \"media_path\": null, \"is_outgoing\": false, \"reply_to_msg_id\": null, \"timestamp\": \"2026-03-15T16:15:27+00:00\", \"is_read\": false, \"created_at\": \"2026-03-16T00:15:28.488599\"}"]
[2026-03-16T00:17:53+08:00][info] 6285639416:tdata8:messages:temp_8242265110.session:6285639416
[2026-03-16T00:17:53+08:00][info] 6285639416:["{\"message_id\": 3339, \"chat_id\": \"6285639416\", \"account_id\": \"temp_8242265110.session\", \"sender_id\": 6285639416, \"sender_name\": \"123\", \"message_text\": \"werwr\", \"message_type\": \"text\", \"sender_username\": null, \"media_path\": null, \"is_outgoing\": false, \"reply_to_msg_id\": null, \"timestamp\": \"2026-03-15T16:15:31+00:00\", \"is_read\": false, \"created_at\": \"2026-03-16T00:15:31.451895\"}"]
[2026-03-16T00:17:53+08:00][info] -5288642383:tdata8:group_message_-5288642383:temp_8242265110.session
[2026-03-16T00:17:53+08:00][info] -5288642383:["{\"message_id\": 3338, \"chat_id\": \"-5288642383\", \"account_id\": \"temp_8242265110.session\", \"sender_id\": 6285639416, \"sender_name\": \"123\", \"message_text\": \"f\", \"message_type\": \"text\", \"sender_username\": null, \"media_path\": null, \"is_outgoing\": false, \"reply_to_msg_id\": null, \"timestamp\": \"2026-03-15T16:15:27+00:00\", \"is_read\": false, \"created_at\": \"2026-03-16T00:15:28.488599\"}"]
[2026-03-16T00:18:03+08:00][info] 6285639416:tdata8:messages:temp_8242265110.session:6285639416
[2026-03-16T00:18:03+08:00][info] 6285639416:["{\"message_id\": 3339, \"chat_id\": \"6285639416\", \"account_id\": \"temp_8242265110.session\", \"sender_id\": 6285639416, \"sender_name\": \"123\", \"message_text\": \"werwr\", \"message_type\": \"text\", \"sender_username\": null, \"media_path\": null, \"is_outgoing\": false, \"reply_to_msg_id\": null, \"timestamp\": \"2026-03-15T16:15:31+00:00\", \"is_read\": false, \"created_at\": \"2026-03-16T00:15:31.451895\"}"]
[2026-03-16T00:18:03+08:00][info] -5288642383:tdata8:group_message_-5288642383:temp_8242265110.session
[2026-03-16T00:18:03+08:00][info] -5288642383:["{\"message_id\": 3338, \"chat_id\": \"-5288642383\", \"account_id\": \"temp_8242265110.session\", \"sender_id\": 6285639416, \"sender_name\": \"123\", \"message_text\": \"f\", \"message_type\": \"text\", \"sender_username\": null, \"media_path\": null, \"is_outgoing\": false, \"reply_to_msg_id\": null, \"timestamp\": \"2026-03-15T16:15:27+00:00\", \"is_read\": false, \"created_at\": \"2026-03-16T00:15:28.488599\"}"]
[2026-03-16T00:18:13+08:00][info] 6285639416:tdata8:messages:temp_8242265110.session:6285639416
[2026-03-16T00:18:13+08:00][info] 6285639416:["{\"message_id\": 3339, \"chat_id\": \"6285639416\", \"account_id\": \"temp_8242265110.session\", \"sender_id\": 6285639416, \"sender_name\": \"123\", \"message_text\": \"werwr\", \"message_type\": \"text\", \"sender_username\": null, \"media_path\": null, \"is_outgoing\": false, \"reply_to_msg_id\": null, \"timestamp\": \"2026-03-15T16:15:31+00:00\", \"is_read\": false, \"created_at\": \"2026-03-16T00:15:31.451895\"}"]
[2026-03-16T00:18:13+08:00][info] -5288642383:tdata8:group_message_-5288642383:temp_8242265110.session
[2026-03-16T00:18:13+08:00][info] -5288642383:["{\"message_id\": 3338, \"chat_id\": \"-5288642383\", \"account_id\": \"temp_8242265110.session\", \"sender_id\": 6285639416, \"sender_name\": \"123\", \"message_text\": \"f\", \"message_type\": \"text\", \"sender_username\": null, \"media_path\": null, \"is_outgoing\": false, \"reply_to_msg_id\": null, \"timestamp\": \"2026-03-15T16:15:27+00:00\", \"is_read\": false, \"created_at\": \"2026-03-16T00:15:28.488599\"}"]
[2026-03-16T00:18:23+08:00][info] 6285639416:tdata8:messages:temp_8242265110.session:6285639416
[2026-03-16T00:18:23+08:00][info] 6285639416:["{\"message_id\": 3339, \"chat_id\": \"6285639416\", \"account_id\": \"temp_8242265110.session\", \"sender_id\": 6285639416, \"sender_name\": \"123\", \"message_text\": \"werwr\", \"message_type\": \"text\", \"sender_username\": null, \"media_path\": null, \"is_outgoing\": false, \"reply_to_msg_id\": null, \"timestamp\": \"2026-03-15T16:15:31+00:00\", \"is_read\": false, \"created_at\": \"2026-03-16T00:15:31.451895\"}"]
[2026-03-16T00:18:23+08:00][info] -5288642383:tdata8:group_message_-5288642383:temp_8242265110.session
[2026-03-16T00:18:23+08:00][info] -5288642383:["{\"message_id\": 3338, \"chat_id\": \"-5288642383\", \"account_id\": \"temp_8242265110.session\", \"sender_id\": 6285639416, \"sender_name\": \"123\", \"message_text\": \"f\", \"message_type\": \"text\", \"sender_username\": null, \"media_path\": null, \"is_outgoing\": false, \"reply_to_msg_id\": null, \"timestamp\": \"2026-03-15T16:15:27+00:00\", \"is_read\": false, \"created_at\": \"2026-03-16T00:15:28.488599\"}"]
[2026-03-16T00:18:33+08:00][info] 6285639416:tdata8:messages:temp_8242265110.session:6285639416
[2026-03-16T00:18:33+08:00][info] 6285639416:["{\"message_id\": 3339, \"chat_id\": \"6285639416\", \"account_id\": \"temp_8242265110.session\", \"sender_id\": 6285639416, \"sender_name\": \"123\", \"message_text\": \"werwr\", \"message_type\": \"text\", \"sender_username\": null, \"media_path\": null, \"is_outgoing\": false, \"reply_to_msg_id\": null, \"timestamp\": \"2026-03-15T16:15:31+00:00\", \"is_read\": false, \"created_at\": \"2026-03-16T00:15:31.451895\"}"]
[2026-03-16T00:18:33+08:00][info] -5288642383:tdata8:group_message_-5288642383:temp_8242265110.session
[2026-03-16T00:18:33+08:00][info] -5288642383:["{\"message_id\": 3338, \"chat_id\": \"-5288642383\", \"account_id\": \"temp_8242265110.session\", \"sender_id\": 6285639416, \"sender_name\": \"123\", \"message_text\": \"f\", \"message_type\": \"text\", \"sender_username\": null, \"media_path\": null, \"is_outgoing\": false, \"reply_to_msg_id\": null, \"timestamp\": \"2026-03-15T16:15:27+00:00\", \"is_read\": false, \"created_at\": \"2026-03-16T00:15:28.488599\"}"]
[2026-03-16T00:18:43+08:00][info] 6285639416:tdata8:messages:temp_8242265110.session:6285639416
[2026-03-16T00:18:43+08:00][info] 6285639416:["{\"message_id\": 3339, \"chat_id\": \"6285639416\", \"account_id\": \"temp_8242265110.session\", \"sender_id\": 6285639416, \"sender_name\": \"123\", \"message_text\": \"werwr\", \"message_type\": \"text\", \"sender_username\": null, \"media_path\": null, \"is_outgoing\": false, \"reply_to_msg_id\": null, \"timestamp\": \"2026-03-15T16:15:31+00:00\", \"is_read\": false, \"created_at\": \"2026-03-16T00:15:31.451895\"}"]
[2026-03-16T00:18:43+08:00][info] -5288642383:tdata8:group_message_-5288642383:temp_8242265110.session
[2026-03-16T00:18:43+08:00][info] -5288642383:["{\"message_id\": 3338, \"chat_id\": \"-5288642383\", \"account_id\": \"temp_8242265110.session\", \"sender_id\": 6285639416, \"sender_name\": \"123\", \"message_text\": \"f\", \"message_type\": \"text\", \"sender_username\": null, \"media_path\": null, \"is_outgoing\": false, \"reply_to_msg_id\": null, \"timestamp\": \"2026-03-15T16:15:27+00:00\", \"is_read\": false, \"created_at\": \"2026-03-16T00:15:28.488599\"}"]
[2026-03-16T00:18:53+08:00][info] 6285639416:tdata8:messages:temp_8242265110.session:6285639416
[2026-03-16T00:18:53+08:00][info] 6285639416:["{\"message_id\": 3339, \"chat_id\": \"6285639416\", \"account_id\": \"temp_8242265110.session\", \"sender_id\": 6285639416, \"sender_name\": \"123\", \"message_text\": \"werwr\", \"message_type\": \"text\", \"sender_username\": null, \"media_path\": null, \"is_outgoing\": false, \"reply_to_msg_id\": null, \"timestamp\": \"2026-03-15T16:15:31+00:00\", \"is_read\": false, \"created_at\": \"2026-03-16T00:15:31.451895\"}"]
[2026-03-16T00:18:53+08:00][info] -5288642383:tdata8:group_message_-5288642383:temp_8242265110.session
[2026-03-16T00:18:53+08:00][info] -5288642383:["{\"message_id\": 3338, \"chat_id\": \"-5288642383\", \"account_id\": \"temp_8242265110.session\", \"sender_id\": 6285639416, \"sender_name\": \"123\", \"message_text\": \"f\", \"message_type\": \"text\", \"sender_username\": null, \"media_path\": null, \"is_outgoing\": false, \"reply_to_msg_id\": null, \"timestamp\": \"2026-03-15T16:15:27+00:00\", \"is_read\": false, \"created_at\": \"2026-03-16T00:15:28.488599\"}"]
[2026-03-16T00:19:03+08:00][info] 6285639416:tdata8:messages:temp_8242265110.session:6285639416
[2026-03-16T00:19:03+08:00][info] 6285639416:["{\"message_id\": 3339, \"chat_id\": \"6285639416\", \"account_id\": \"temp_8242265110.session\", \"sender_id\": 6285639416, \"sender_name\": \"123\", \"message_text\": \"werwr\", \"message_type\": \"text\", \"sender_username\": null, \"media_path\": null, \"is_outgoing\": false, \"reply_to_msg_id\": null, \"timestamp\": \"2026-03-15T16:15:31+00:00\", \"is_read\": false, \"created_at\": \"2026-03-16T00:15:31.451895\"}"]
[2026-03-16T00:19:03+08:00][info] -5288642383:tdata8:group_message_-5288642383:temp_8242265110.session
[2026-03-16T00:19:03+08:00][info] -5288642383:["{\"message_id\": 3338, \"chat_id\": \"-5288642383\", \"account_id\": \"temp_8242265110.session\", \"sender_id\": 6285639416, \"sender_name\": \"123\", \"message_text\": \"f\", \"message_type\": \"text\", \"sender_username\": null, \"media_path\": null, \"is_outgoing\": false, \"reply_to_msg_id\": null, \"timestamp\": \"2026-03-15T16:15:27+00:00\", \"is_read\": false, \"created_at\": \"2026-03-16T00:15:28.488599\"}"]
[2026-03-16T00:19:13+08:00][info] 6285639416:tdata8:messages:temp_8242265110.session:6285639416
[2026-03-16T00:19:13+08:00][info] 6285639416:["{\"message_id\": 3339, \"chat_id\": \"6285639416\", \"account_id\": \"temp_8242265110.session\", \"sender_id\": 6285639416, \"sender_name\": \"123\", \"message_text\": \"werwr\", \"message_type\": \"text\", \"sender_username\": null, \"media_path\": null, \"is_outgoing\": false, \"reply_to_msg_id\": null, \"timestamp\": \"2026-03-15T16:15:31+00:00\", \"is_read\": false, \"created_at\": \"2026-03-16T00:15:31.451895\"}"]
[2026-03-16T00:19:13+08:00][info] -5288642383:tdata8:group_message_-5288642383:temp_8242265110.session
[2026-03-16T00:19:13+08:00][info] -5288642383:["{\"message_id\": 3338, \"chat_id\": \"-5288642383\", \"account_id\": \"temp_8242265110.session\", \"sender_id\": 6285639416, \"sender_name\": \"123\", \"message_text\": \"f\", \"message_type\": \"text\", \"sender_username\": null, \"media_path\": null, \"is_outgoing\": false, \"reply_to_msg_id\": null, \"timestamp\": \"2026-03-15T16:15:27+00:00\", \"is_read\": false, \"created_at\": \"2026-03-16T00:15:28.488599\"}"]
[2026-03-16T00:19:23+08:00][info] 6285639416:tdata8:messages:temp_8242265110.session:6285639416
[2026-03-16T00:19:23+08:00][info] 6285639416:["{\"message_id\": 3339, \"chat_id\": \"6285639416\", \"account_id\": \"temp_8242265110.session\", \"sender_id\": 6285639416, \"sender_name\": \"123\", \"message_text\": \"werwr\", \"message_type\": \"text\", \"sender_username\": null, \"media_path\": null, \"is_outgoing\": false, \"reply_to_msg_id\": null, \"timestamp\": \"2026-03-15T16:15:31+00:00\", \"is_read\": false, \"created_at\": \"2026-03-16T00:15:31.451895\"}"]
[2026-03-16T00:19:23+08:00][info] -5288642383:tdata8:group_message_-5288642383:temp_8242265110.session
[2026-03-16T00:19:23+08:00][info] -5288642383:["{\"message_id\": 3338, \"chat_id\": \"-5288642383\", \"account_id\": \"temp_8242265110.session\", \"sender_id\": 6285639416, \"sender_name\": \"123\", \"message_text\": \"f\", \"message_type\": \"text\", \"sender_username\": null, \"media_path\": null, \"is_outgoing\": false, \"reply_to_msg_id\": null, \"timestamp\": \"2026-03-15T16:15:27+00:00\", \"is_read\": false, \"created_at\": \"2026-03-16T00:15:28.488599\"}"]
[2026-03-16T00:19:34+08:00][info] 6285639416:tdata8:messages:temp_8242265110.session:6285639416
[2026-03-16T00:19:34+08:00][info] 6285639416:["{\"message_id\": 3339, \"chat_id\": \"6285639416\", \"account_id\": \"temp_8242265110.session\", \"sender_id\": 6285639416, \"sender_name\": \"123\", \"message_text\": \"werwr\", \"message_type\": \"text\", \"sender_username\": null, \"media_path\": null, \"is_outgoing\": false, \"reply_to_msg_id\": null, \"timestamp\": \"2026-03-15T16:15:31+00:00\", \"is_read\": false, \"created_at\": \"2026-03-16T00:15:31.451895\"}"]
[2026-03-16T00:19:34+08:00][info] -5288642383:tdata8:group_message_-5288642383:temp_8242265110.session
[2026-03-16T00:19:34+08:00][info] -5288642383:["{\"message_id\": 3338, \"chat_id\": \"-5288642383\", \"account_id\": \"temp_8242265110.session\", \"sender_id\": 6285639416, \"sender_name\": \"123\", \"message_text\": \"f\", \"message_type\": \"text\", \"sender_username\": null, \"media_path\": null, \"is_outgoing\": false, \"reply_to_msg_id\": null, \"timestamp\": \"2026-03-15T16:15:27+00:00\", \"is_read\": false, \"created_at\": \"2026-03-16T00:15:28.488599\"}"]
[2026-03-16T00:19:44+08:00][info] 6285639416:tdata8:messages:temp_8242265110.session:6285639416
[2026-03-16T00:19:44+08:00][info] 6285639416:["{\"message_id\": 3339, \"chat_id\": \"6285639416\", \"account_id\": \"temp_8242265110.session\", \"sender_id\": 6285639416, \"sender_name\": \"123\", \"message_text\": \"werwr\", \"message_type\": \"text\", \"sender_username\": null, \"media_path\": null, \"is_outgoing\": false, \"reply_to_msg_id\": null, \"timestamp\": \"2026-03-15T16:15:31+00:00\", \"is_read\": false, \"created_at\": \"2026-03-16T00:15:31.451895\"}"]
[2026-03-16T00:19:44+08:00][info] -5288642383:tdata8:group_message_-5288642383:temp_8242265110.session
[2026-03-16T00:19:44+08:00][info] -5288642383:["{\"message_id\": 3338, \"chat_id\": \"-5288642383\", \"account_id\": \"temp_8242265110.session\", \"sender_id\": 6285639416, \"sender_name\": \"123\", \"message_text\": \"f\", \"message_type\": \"text\", \"sender_username\": null, \"media_path\": null, \"is_outgoing\": false, \"reply_to_msg_id\": null, \"timestamp\": \"2026-03-15T16:15:27+00:00\", \"is_read\": false, \"created_at\": \"2026-03-16T00:15:28.488599\"}"]
[2026-03-16T00:19:54+08:00][info] 6285639416:tdata8:messages:temp_8242265110.session:6285639416
[2026-03-16T00:19:54+08:00][info] 6285639416:["{\"message_id\": 3339, \"chat_id\": \"6285639416\", \"account_id\": \"temp_8242265110.session\", \"sender_id\": 6285639416, \"sender_name\": \"123\", \"message_text\": \"werwr\", \"message_type\": \"text\", \"sender_username\": null, \"media_path\": null, \"is_outgoing\": false, \"reply_to_msg_id\": null, \"timestamp\": \"2026-03-15T16:15:31+00:00\", \"is_read\": false, \"created_at\": \"2026-03-16T00:15:31.451895\"}"]
[2026-03-16T00:19:54+08:00][info] -5288642383:tdata8:group_message_-5288642383:temp_8242265110.session
[2026-03-16T00:19:54+08:00][info] -5288642383:["{\"message_id\": 3338, \"chat_id\": \"-5288642383\", \"account_id\": \"temp_8242265110.session\", \"sender_id\": 6285639416, \"sender_name\": \"123\", \"message_text\": \"f\", \"message_type\": \"text\", \"sender_username\": null, \"media_path\": null, \"is_outgoing\": false, \"reply_to_msg_id\": null, \"timestamp\": \"2026-03-15T16:15:27+00:00\", \"is_read\": false, \"created_at\": \"2026-03-16T00:15:28.488599\"}"]
[2026-03-16T00:20:04+08:00][info] 6285639416:tdata8:messages:temp_8242265110.session:6285639416
[2026-03-16T00:20:04+08:00][info] 6285639416:["{\"message_id\": 3339, \"chat_id\": \"6285639416\", \"account_id\": \"temp_8242265110.session\", \"sender_id\": 6285639416, \"sender_name\": \"123\", \"message_text\": \"werwr\", \"message_type\": \"text\", \"sender_username\": null, \"media_path\": null, \"is_outgoing\": false, \"reply_to_msg_id\": null, \"timestamp\": \"2026-03-15T16:15:31+00:00\", \"is_read\": false, \"created_at\": \"2026-03-16T00:15:31.451895\"}"]
[2026-03-16T00:20:04+08:00][info] -5288642383:tdata8:group_message_-5288642383:temp_8242265110.session
[2026-03-16T00:20:04+08:00][info] -5288642383:["{\"message_id\": 3338, \"chat_id\": \"-5288642383\", \"account_id\": \"temp_8242265110.session\", \"sender_id\": 6285639416, \"sender_name\": \"123\", \"message_text\": \"f\", \"message_type\": \"text\", \"sender_username\": null, \"media_path\": null, \"is_outgoing\": false, \"reply_to_msg_id\": null, \"timestamp\": \"2026-03-15T16:15:27+00:00\", \"is_read\": false, \"created_at\": \"2026-03-16T00:15:28.488599\"}"]
[2026-03-16T00:20:14+08:00][info] 6285639416:tdata8:messages:temp_8242265110.session:6285639416
[2026-03-16T00:20:14+08:00][info] 6285639416:["{\"message_id\": 3339, \"chat_id\": \"6285639416\", \"account_id\": \"temp_8242265110.session\", \"sender_id\": 6285639416, \"sender_name\": \"123\", \"message_text\": \"werwr\", \"message_type\": \"text\", \"sender_username\": null, \"media_path\": null, \"is_outgoing\": false, \"reply_to_msg_id\": null, \"timestamp\": \"2026-03-15T16:15:31+00:00\", \"is_read\": false, \"created_at\": \"2026-03-16T00:15:31.451895\"}"]
[2026-03-16T00:20:14+08:00][info] -5288642383:tdata8:group_message_-5288642383:temp_8242265110.session
[2026-03-16T00:20:14+08:00][info] -5288642383:["{\"message_id\": 3338, \"chat_id\": \"-5288642383\", \"account_id\": \"temp_8242265110.session\", \"sender_id\": 6285639416, \"sender_name\": \"123\", \"message_text\": \"f\", \"message_type\": \"text\", \"sender_username\": null, \"media_path\": null, \"is_outgoing\": false, \"reply_to_msg_id\": null, \"timestamp\": \"2026-03-15T16:15:27+00:00\", \"is_read\": false, \"created_at\": \"2026-03-16T00:15:28.488599\"}"]
[2026-03-16T00:20:24+08:00][info] 6285639416:tdata8:messages:temp_8242265110.session:6285639416
[2026-03-16T00:20:24+08:00][info] 6285639416:["{\"message_id\": 3339, \"chat_id\": \"6285639416\", \"account_id\": \"temp_8242265110.session\", \"sender_id\": 6285639416, \"sender_name\": \"123\", \"message_text\": \"werwr\", \"message_type\": \"text\", \"sender_username\": null, \"media_path\": null, \"is_outgoing\": false, \"reply_to_msg_id\": null, \"timestamp\": \"2026-03-15T16:15:31+00:00\", \"is_read\": false, \"created_at\": \"2026-03-16T00:15:31.451895\"}"]
[2026-03-16T00:20:24+08:00][info] -5288642383:tdata8:group_message_-5288642383:temp_8242265110.session
[2026-03-16T00:20:24+08:00][info] -5288642383:["{\"message_id\": 3338, \"chat_id\": \"-5288642383\", \"account_id\": \"temp_8242265110.session\", \"sender_id\": 6285639416, \"sender_name\": \"123\", \"message_text\": \"f\", \"message_type\": \"text\", \"sender_username\": null, \"media_path\": null, \"is_outgoing\": false, \"reply_to_msg_id\": null, \"timestamp\": \"2026-03-15T16:15:27+00:00\", \"is_read\": false, \"created_at\": \"2026-03-16T00:15:28.488599\"}"]
[2026-03-16T00:21:14+08:00][info] 6285639416:tdata8:messages:temp_8242265110.session:6285639416
[2026-03-16T00:21:14+08:00][info] 6285639416:["{\"message_id\": 3339, \"chat_id\": \"6285639416\", \"account_id\": \"temp_8242265110.session\", \"sender_id\": 6285639416, \"sender_name\": \"123\", \"message_text\": \"werwr\", \"message_type\": \"text\", \"sender_username\": null, \"media_path\": null, \"is_outgoing\": false, \"reply_to_msg_id\": null, \"timestamp\": \"2026-03-15T16:15:31+00:00\", \"is_read\": false, \"created_at\": \"2026-03-16T00:15:31.451895\"}"]
[2026-03-16T00:21:14+08:00][info] -5288642383:tdata8:group_message_-5288642383:temp_8242265110.session
[2026-03-16T00:21:14+08:00][info] -5288642383:["{\"message_id\": 3338, \"chat_id\": \"-5288642383\", \"account_id\": \"temp_8242265110.session\", \"sender_id\": 6285639416, \"sender_name\": \"123\", \"message_text\": \"f\", \"message_type\": \"text\", \"sender_username\": null, \"media_path\": null, \"is_outgoing\": false, \"reply_to_msg_id\": null, \"timestamp\": \"2026-03-15T16:15:27+00:00\", \"is_read\": false, \"created_at\": \"2026-03-16T00:15:28.488599\"}"]
[2026-03-16T00:21:24+08:00][info] 6285639416:tdata8:messages:temp_8242265110.session:6285639416
[2026-03-16T00:21:24+08:00][info] 6285639416:["{\"message_id\": 3339, \"chat_id\": \"6285639416\", \"account_id\": \"temp_8242265110.session\", \"sender_id\": 6285639416, \"sender_name\": \"123\", \"message_text\": \"werwr\", \"message_type\": \"text\", \"sender_username\": null, \"media_path\": null, \"is_outgoing\": false, \"reply_to_msg_id\": null, \"timestamp\": \"2026-03-15T16:15:31+00:00\", \"is_read\": false, \"created_at\": \"2026-03-16T00:15:31.451895\"}"]
[2026-03-16T00:21:24+08:00][info] -5288642383:tdata8:group_message_-5288642383:temp_8242265110.session
[2026-03-16T00:21:24+08:00][info] -5288642383:["{\"message_id\": 3338, \"chat_id\": \"-5288642383\", \"account_id\": \"temp_8242265110.session\", \"sender_id\": 6285639416, \"sender_name\": \"123\", \"message_text\": \"f\", \"message_type\": \"text\", \"sender_username\": null, \"media_path\": null, \"is_outgoing\": false, \"reply_to_msg_id\": null, \"timestamp\": \"2026-03-15T16:15:27+00:00\", \"is_read\": false, \"created_at\": \"2026-03-16T00:15:28.488599\"}"]
[2026-03-16T00:21:34+08:00][info] 6285639416:tdata8:messages:temp_8242265110.session:6285639416
[2026-03-16T00:21:34+08:00][info] 6285639416:["{\"message_id\": 3339, \"chat_id\": \"6285639416\", \"account_id\": \"temp_8242265110.session\", \"sender_id\": 6285639416, \"sender_name\": \"123\", \"message_text\": \"werwr\", \"message_type\": \"text\", \"sender_username\": null, \"media_path\": null, \"is_outgoing\": false, \"reply_to_msg_id\": null, \"timestamp\": \"2026-03-15T16:15:31+00:00\", \"is_read\": false, \"created_at\": \"2026-03-16T00:15:31.451895\"}"]
[2026-03-16T00:21:34+08:00][info] -5288642383:tdata8:group_message_-5288642383:temp_8242265110.session
[2026-03-16T00:21:34+08:00][info] -5288642383:["{\"message_id\": 3338, \"chat_id\": \"-5288642383\", \"account_id\": \"temp_8242265110.session\", \"sender_id\": 6285639416, \"sender_name\": \"123\", \"message_text\": \"f\", \"message_type\": \"text\", \"sender_username\": null, \"media_path\": null, \"is_outgoing\": false, \"reply_to_msg_id\": null, \"timestamp\": \"2026-03-15T16:15:27+00:00\", \"is_read\": false, \"created_at\": \"2026-03-16T00:15:28.488599\"}"]
[2026-03-16T00:21:44+08:00][info] 6285639416:tdata8:messages:temp_8242265110.session:6285639416
[2026-03-16T00:21:44+08:00][info] 6285639416:["{\"message_id\": 3339, \"chat_id\": \"6285639416\", \"account_id\": \"temp_8242265110.session\", \"sender_id\": 6285639416, \"sender_name\": \"123\", \"message_text\": \"werwr\", \"message_type\": \"text\", \"sender_username\": null, \"media_path\": null, \"is_outgoing\": false, \"reply_to_msg_id\": null, \"timestamp\": \"2026-03-15T16:15:31+00:00\", \"is_read\": false, \"created_at\": \"2026-03-16T00:15:31.451895\"}"]
[2026-03-16T00:21:44+08:00][info] -5288642383:tdata8:group_message_-5288642383:temp_8242265110.session
[2026-03-16T00:21:44+08:00][info] -5288642383:["{\"message_id\": 3338, \"chat_id\": \"-5288642383\", \"account_id\": \"temp_8242265110.session\", \"sender_id\": 6285639416, \"sender_name\": \"123\", \"message_text\": \"f\", \"message_type\": \"text\", \"sender_username\": null, \"media_path\": null, \"is_outgoing\": false, \"reply_to_msg_id\": null, \"timestamp\": \"2026-03-15T16:15:27+00:00\", \"is_read\": false, \"created_at\": \"2026-03-16T00:15:28.488599\"}"]
[2026-03-16T00:21:54+08:00][info] 6285639416:tdata8:messages:temp_8242265110.session:6285639416
[2026-03-16T00:21:54+08:00][info] 6285639416:["{\"message_id\": 3339, \"chat_id\": \"6285639416\", \"account_id\": \"temp_8242265110.session\", \"sender_id\": 6285639416, \"sender_name\": \"123\", \"message_text\": \"werwr\", \"message_type\": \"text\", \"sender_username\": null, \"media_path\": null, \"is_outgoing\": false, \"reply_to_msg_id\": null, \"timestamp\": \"2026-03-15T16:15:31+00:00\", \"is_read\": false, \"created_at\": \"2026-03-16T00:15:31.451895\"}"]
[2026-03-16T00:21:54+08:00][info] -5288642383:tdata8:group_message_-5288642383:temp_8242265110.session
[2026-03-16T00:21:54+08:00][info] -5288642383:["{\"message_id\": 3338, \"chat_id\": \"-5288642383\", \"account_id\": \"temp_8242265110.session\", \"sender_id\": 6285639416, \"sender_name\": \"123\", \"message_text\": \"f\", \"message_type\": \"text\", \"sender_username\": null, \"media_path\": null, \"is_outgoing\": false, \"reply_to_msg_id\": null, \"timestamp\": \"2026-03-15T16:15:27+00:00\", \"is_read\": false, \"created_at\": \"2026-03-16T00:15:28.488599\"}"]
[2026-03-16T00:22:04+08:00][info] 6285639416:tdata8:messages:temp_8242265110.session:6285639416
[2026-03-16T00:22:04+08:00][info] 6285639416:["{\"message_id\": 3339, \"chat_id\": \"6285639416\", \"account_id\": \"temp_8242265110.session\", \"sender_id\": 6285639416, \"sender_name\": \"123\", \"message_text\": \"werwr\", \"message_type\": \"text\", \"sender_username\": null, \"media_path\": null, \"is_outgoing\": false, \"reply_to_msg_id\": null, \"timestamp\": \"2026-03-15T16:15:31+00:00\", \"is_read\": false, \"created_at\": \"2026-03-16T00:15:31.451895\"}"]
[2026-03-16T00:22:04+08:00][info] -5288642383:tdata8:group_message_-5288642383:temp_8242265110.session
[2026-03-16T00:22:04+08:00][info] -5288642383:["{\"message_id\": 3338, \"chat_id\": \"-5288642383\", \"account_id\": \"temp_8242265110.session\", \"sender_id\": 6285639416, \"sender_name\": \"123\", \"message_text\": \"f\", \"message_type\": \"text\", \"sender_username\": null, \"media_path\": null, \"is_outgoing\": false, \"reply_to_msg_id\": null, \"timestamp\": \"2026-03-15T16:15:27+00:00\", \"is_read\": false, \"created_at\": \"2026-03-16T00:15:28.488599\"}"]
[2026-03-16T00:22:14+08:00][info] 6285639416:tdata8:messages:temp_8242265110.session:6285639416
[2026-03-16T00:22:14+08:00][info] 6285639416:["{\"message_id\": 3339, \"chat_id\": \"6285639416\", \"account_id\": \"temp_8242265110.session\", \"sender_id\": 6285639416, \"sender_name\": \"123\", \"message_text\": \"werwr\", \"message_type\": \"text\", \"sender_username\": null, \"media_path\": null, \"is_outgoing\": false, \"reply_to_msg_id\": null, \"timestamp\": \"2026-03-15T16:15:31+00:00\", \"is_read\": false, \"created_at\": \"2026-03-16T00:15:31.451895\"}"]
[2026-03-16T00:22:14+08:00][info] -5288642383:tdata8:group_message_-5288642383:temp_8242265110.session
[2026-03-16T00:22:14+08:00][info] -5288642383:["{\"message_id\": 3338, \"chat_id\": \"-5288642383\", \"account_id\": \"temp_8242265110.session\", \"sender_id\": 6285639416, \"sender_name\": \"123\", \"message_text\": \"f\", \"message_type\": \"text\", \"sender_username\": null, \"media_path\": null, \"is_outgoing\": false, \"reply_to_msg_id\": null, \"timestamp\": \"2026-03-15T16:15:27+00:00\", \"is_read\": false, \"created_at\": \"2026-03-16T00:15:28.488599\"}"]
[2026-03-16T00:22:30+08:00][info] 6285639416:tdata8:messages:temp_8242265110.session:6285639416
[2026-03-16T00:22:30+08:00][info] 6285639416:["{\"message_id\": 3339, \"chat_id\": \"6285639416\", \"account_id\": \"temp_8242265110.session\", \"sender_id\": 6285639416, \"sender_name\": \"123\", \"message_text\": \"werwr\", \"message_type\": \"text\", \"sender_username\": null, \"media_path\": null, \"is_outgoing\": false, \"reply_to_msg_id\": null, \"timestamp\": \"2026-03-15T16:15:31+00:00\", \"is_read\": false, \"created_at\": \"2026-03-16T00:15:31.451895\"}"]
[2026-03-16T00:22:30+08:00][info] -5288642383:tdata8:group_message_-5288642383:temp_8242265110.session
[2026-03-16T00:22:30+08:00][info] -5288642383:["{\"message_id\": 3338, \"chat_id\": \"-5288642383\", \"account_id\": \"temp_8242265110.session\", \"sender_id\": 6285639416, \"sender_name\": \"123\", \"message_text\": \"f\", \"message_type\": \"text\", \"sender_username\": null, \"media_path\": null, \"is_outgoing\": false, \"reply_to_msg_id\": null, \"timestamp\": \"2026-03-15T16:15:27+00:00\", \"is_read\": false, \"created_at\": \"2026-03-16T00:15:28.488599\"}"]
[2026-03-16T00:23:30+08:00][info] 6285639416:tdata8:messages:temp_8242265110.session:6285639416
[2026-03-16T00:23:30+08:00][info] 6285639416:["{\"message_id\": 3339, \"chat_id\": \"6285639416\", \"account_id\": \"temp_8242265110.session\", \"sender_id\": 6285639416, \"sender_name\": \"123\", \"message_text\": \"werwr\", \"message_type\": \"text\", \"sender_username\": null, \"media_path\": null, \"is_outgoing\": false, \"reply_to_msg_id\": null, \"timestamp\": \"2026-03-15T16:15:31+00:00\", \"is_read\": false, \"created_at\": \"2026-03-16T00:15:31.451895\"}"]
[2026-03-16T00:23:30+08:00][info] -5288642383:tdata8:group_message_-5288642383:temp_8242265110.session
[2026-03-16T00:23:30+08:00][info] -5288642383:["{\"message_id\": 3338, \"chat_id\": \"-5288642383\", \"account_id\": \"temp_8242265110.session\", \"sender_id\": 6285639416, \"sender_name\": \"123\", \"message_text\": \"f\", \"message_type\": \"text\", \"sender_username\": null, \"media_path\": null, \"is_outgoing\": false, \"reply_to_msg_id\": null, \"timestamp\": \"2026-03-15T16:15:27+00:00\", \"is_read\": false, \"created_at\": \"2026-03-16T00:15:28.488599\"}"]
[2026-03-16T00:24:30+08:00][info] 6285639416:tdata8:messages:temp_8242265110.session:6285639416
[2026-03-16T00:24:30+08:00][info] 6285639416:["{\"message_id\": 3339, \"chat_id\": \"6285639416\", \"account_id\": \"temp_8242265110.session\", \"sender_id\": 6285639416, \"sender_name\": \"123\", \"message_text\": \"werwr\", \"message_type\": \"text\", \"sender_username\": null, \"media_path\": null, \"is_outgoing\": false, \"reply_to_msg_id\": null, \"timestamp\": \"2026-03-15T16:15:31+00:00\", \"is_read\": false, \"created_at\": \"2026-03-16T00:15:31.451895\"}"]
[2026-03-16T00:24:30+08:00][info] -5288642383:tdata8:group_message_-5288642383:temp_8242265110.session
[2026-03-16T00:24:30+08:00][info] -5288642383:["{\"message_id\": 3338, \"chat_id\": \"-5288642383\", \"account_id\": \"temp_8242265110.session\", \"sender_id\": 6285639416, \"sender_name\": \"123\", \"message_text\": \"f\", \"message_type\": \"text\", \"sender_username\": null, \"media_path\": null, \"is_outgoing\": false, \"reply_to_msg_id\": null, \"timestamp\": \"2026-03-15T16:15:27+00:00\", \"is_read\": false, \"created_at\": \"2026-03-16T00:15:28.488599\"}"]
[2026-03-16T00:25:30+08:00][info] 6285639416:tdata8:messages:temp_8242265110.session:6285639416
[2026-03-16T00:25:30+08:00][info] 6285639416:["{\"message_id\": 3339, \"chat_id\": \"6285639416\", \"account_id\": \"temp_8242265110.session\", \"sender_id\": 6285639416, \"sender_name\": \"123\", \"message_text\": \"werwr\", \"message_type\": \"text\", \"sender_username\": null, \"media_path\": null, \"is_outgoing\": false, \"reply_to_msg_id\": null, \"timestamp\": \"2026-03-15T16:15:31+00:00\", \"is_read\": false, \"created_at\": \"2026-03-16T00:15:31.451895\"}"]
[2026-03-16T00:25:30+08:00][info] -5288642383:tdata8:group_message_-5288642383:temp_8242265110.session
[2026-03-16T00:25:30+08:00][info] -5288642383:["{\"message_id\": 3338, \"chat_id\": \"-5288642383\", \"account_id\": \"temp_8242265110.session\", \"sender_id\": 6285639416, \"sender_name\": \"123\", \"message_text\": \"f\", \"message_type\": \"text\", \"sender_username\": null, \"media_path\": null, \"is_outgoing\": false, \"reply_to_msg_id\": null, \"timestamp\": \"2026-03-15T16:15:27+00:00\", \"is_read\": false, \"created_at\": \"2026-03-16T00:15:28.488599\"}"]
[2026-03-16T00:26:30+08:00][info] 6285639416:tdata8:messages:temp_8242265110.session:6285639416
[2026-03-16T00:26:30+08:00][info] 6285639416:[]
[2026-03-16T00:26:30+08:00][info] -5288642383:tdata8:group_message_-5288642383:temp_8242265110.session
[2026-03-16T00:26:30+08:00][info] -5288642383:["{\"message_id\": 3338, \"chat_id\": \"-5288642383\", \"account_id\": \"temp_8242265110.session\", \"sender_id\": 6285639416, \"sender_name\": \"123\", \"message_text\": \"f\", \"message_type\": \"text\", \"sender_username\": null, \"media_path\": null, \"is_outgoing\": false, \"reply_to_msg_id\": null, \"timestamp\": \"2026-03-15T16:15:27+00:00\", \"is_read\": false, \"created_at\": \"2026-03-16T00:15:28.488599\"}"]
[2026-03-16T00:27:30+08:00][info] 6285639416:tdata8:messages:temp_8242265110.session:6285639416
[2026-03-16T00:27:30+08:00][info] 6285639416:[]
[2026-03-16T00:27:30+08:00][info] -5288642383:tdata8:group_message_-5288642383:temp_8242265110.session
[2026-03-16T00:27:30+08:00][info] -5288642383:["{\"message_id\": 3338, \"chat_id\": \"-5288642383\", \"account_id\": \"temp_8242265110.session\", \"sender_id\": 6285639416, \"sender_name\": \"123\", \"message_text\": \"f\", \"message_type\": \"text\", \"sender_username\": null, \"media_path\": null, \"is_outgoing\": false, \"reply_to_msg_id\": null, \"timestamp\": \"2026-03-15T16:15:27+00:00\", \"is_read\": false, \"created_at\": \"2026-03-16T00:15:28.488599\"}"]
[2026-03-16T00:28:30+08:00][info] 6285639416:tdata8:messages:temp_8242265110.session:6285639416
[2026-03-16T00:28:30+08:00][info] 6285639416:[]
[2026-03-16T00:28:30+08:00][info] -5288642383:tdata8:group_message_-5288642383:temp_8242265110.session
[2026-03-16T00:28:30+08:00][info] -5288642383:["{\"message_id\": 3338, \"chat_id\": \"-5288642383\", \"account_id\": \"temp_8242265110.session\", \"sender_id\": 6285639416, \"sender_name\": \"123\", \"message_text\": \"f\", \"message_type\": \"text\", \"sender_username\": null, \"media_path\": null, \"is_outgoing\": false, \"reply_to_msg_id\": null, \"timestamp\": \"2026-03-15T16:15:27+00:00\", \"is_read\": false, \"created_at\": \"2026-03-16T00:15:28.488599\"}"]
[2026-03-16T00:29:30+08:00][info] 6285639416:tdata8:messages:temp_8242265110.session:6285639416
[2026-03-16T00:29:30+08:00][info] 6285639416:[]
[2026-03-16T00:29:30+08:00][info] -5288642383:tdata8:group_message_-5288642383:temp_8242265110.session
[2026-03-16T00:29:30+08:00][info] -5288642383:["{\"message_id\": 3338, \"chat_id\": \"-5288642383\", \"account_id\": \"temp_8242265110.session\", \"sender_id\": 6285639416, \"sender_name\": \"123\", \"message_text\": \"f\", \"message_type\": \"text\", \"sender_username\": null, \"media_path\": null, \"is_outgoing\": false, \"reply_to_msg_id\": null, \"timestamp\": \"2026-03-15T16:15:27+00:00\", \"is_read\": false, \"created_at\": \"2026-03-16T00:15:28.488599\"}"]
[2026-03-16T00:30:30+08:00][info] 6285639416:tdata8:messages:temp_8242265110.session:6285639416
[2026-03-16T00:30:30+08:00][info] 6285639416:[]
[2026-03-16T00:30:30+08:00][info] -5288642383:tdata8:group_message_-5288642383:temp_8242265110.session
[2026-03-16T00:30:30+08:00][info] -5288642383:["{\"message_id\": 3338, \"chat_id\": \"-5288642383\", \"account_id\": \"temp_8242265110.session\", \"sender_id\": 6285639416, \"sender_name\": \"123\", \"message_text\": \"f\", \"message_type\": \"text\", \"sender_username\": null, \"media_path\": null, \"is_outgoing\": false, \"reply_to_msg_id\": null, \"timestamp\": \"2026-03-15T16:15:27+00:00\", \"is_read\": false, \"created_at\": \"2026-03-16T00:15:28.488599\"}"]
[2026-03-16T00:31:28+08:00][info] 6285639416:tdata8:messages:temp_8242265110.session:6285639416
[2026-03-16T00:31:28+08:00][info] 6285639416:[]
[2026-03-16T00:31:28+08:00][info] -5288642383:tdata8:group_message_-5288642383:temp_8242265110.session
[2026-03-16T00:31:28+08:00][info] -5288642383:["{\"message_id\": 3342, \"chat_id\": \"-5288642383\", \"account_id\": \"temp_8242265110.session\", \"sender_id\": 6285639416, \"sender_name\": \"123\", \"message_text\": \"3231\", \"message_type\": \"text\", \"sender_username\": null, \"media_path\": null, \"is_outgoing\": false, \"reply_to_msg_id\": null, \"timestamp\": \"2026-03-15T16:31:17+00:00\", \"is_read\": false, \"created_at\": \"2026-03-16T00:31:18.268105\"}"]
[2026-03-16T00:31:33+08:00][info] 6285639416:tdata8:messages:temp_8242265110.session:6285639416
[2026-03-16T00:31:33+08:00][info] 6285639416:[]
[2026-03-16T00:31:33+08:00][info] -5288642383:tdata8:group_message_-5288642383:temp_8242265110.session
[2026-03-16T00:31:33+08:00][info] -5288642383:["{\"message_id\": 3342, \"chat_id\": \"-5288642383\", \"account_id\": \"temp_8242265110.session\", \"sender_id\": 6285639416, \"sender_name\": \"123\", \"message_text\": \"3231\", \"message_type\": \"text\", \"sender_username\": null, \"media_path\": null, \"is_outgoing\": false, \"reply_to_msg_id\": null, \"timestamp\": \"2026-03-15T16:31:17+00:00\", \"is_read\": false, \"created_at\": \"2026-03-16T00:31:18.268105\"}"]
[2026-03-16T00:31:37+08:00][info] {"action":"send_messages","api_id":"2040","api_hash":"b18441a1ff607e10a989891a5462e627","tdata_path":"\/www\/wwwroot\/tdata.tgbota.top\/public\/uploads\/admin\/202603\/69b10fe00169d\/13608385893\/tdata\/temp_8242265110.session","proxy":"socks5:\/\/user-splmqynpf0-country-jp:9u6virjzTwd1PRZp4=@isp.decodo.com:10093","session_path":"\/www\/wwwroot\/tdata.tgbota.top\/public\/uploads\/admin\/202603\/69b10fe00169d\/13608385893\/tdata\/temp_8242265110.session","group_id":"-5288642383","message_type":"text","message_text":"hh","first_msg_id":0,"feedback_type":"","last_api_address":"http:\/\/127.0.0.1:5001"}
[2026-03-16T00:31:37+08:00][info] 接口调用成功actionsend_messages,result{"status":true,"message":"发送完成，成功1个，失败0个[]","data":{"success":[{"group_id":-5288642383,"group_link":null,"type":"chat","message":"发送成功","message_id":3343}],"failed":[],"debug":["处理标识符: -5288642383, 清理后: -5288642383, 识别为链接: False, 识别为数字ID: True","通过数字ID获取成功: -5288642383 -> 类型: chat, ID: 5288642383"],"warning":""},"api_address":"185.165.170.142:5001"}
[2026-03-16T00:31:43+08:00][info] 6285639416:tdata8:messages:temp_8242265110.session:6285639416
[2026-03-16T00:31:43+08:00][info] 6285639416:[]
[2026-03-16T00:31:43+08:00][info] -5288642383:tdata8:group_message_-5288642383:temp_8242265110.session
[2026-03-16T00:31:43+08:00][info] -5288642383:["{\"message_id\": 3342, \"chat_id\": \"-5288642383\", \"account_id\": \"temp_8242265110.session\", \"sender_id\": 6285639416, \"sender_name\": \"123\", \"message_text\": \"3231\", \"message_type\": \"text\", \"sender_username\": null, \"media_path\": null, \"is_outgoing\": false, \"reply_to_msg_id\": null, \"timestamp\": \"2026-03-15T16:31:17+00:00\", \"is_read\": false, \"created_at\": \"2026-03-16T00:31:18.268105\"}"]
[2026-03-16T00:31:51+08:00][info] {"action":"send_messages","api_id":"2040","api_hash":"b18441a1ff607e10a989891a5462e627","tdata_path":"\/www\/wwwroot\/tdata.tgbota.top\/public\/uploads\/admin\/202603\/69b10fe00169d\/13608385893\/tdata\/temp_8242265110.session","proxy":"socks5:\/\/user-splmqynpf0-country-jp:9u6virjzTwd1PRZp4=@isp.decodo.com:10093","session_path":"\/www\/wwwroot\/tdata.tgbota.top\/public\/uploads\/admin\/202603\/69b10fe00169d\/13608385893\/tdata\/temp_8242265110.session","group_id":"-5288642383","message_type":"text","message_text":"12323","first_msg_id":0,"feedback_type":"","last_api_address":"http:\/\/127.0.0.1:5001"}
[2026-03-16T00:31:51+08:00][info] 接口调用成功actionsend_messages,result{"status":true,"message":"发送完成，成功1个，失败0个[]","data":{"success":[{"group_id":-5288642383,"group_link":null,"type":"chat","message":"发送成功","message_id":3344}],"failed":[],"debug":["处理标识符: -5288642383, 清理后: -5288642383, 识别为链接: False, 识别为数字ID: True","通过数字ID获取成功: -5288642383 -> 类型: chat, ID: 5288642383"],"warning":""},"api_address":"185.165.170.142:5001"}
[2026-03-16T00:31:53+08:00][info] 6285639416:tdata8:messages:temp_8242265110.session:6285639416
[2026-03-16T00:31:53+08:00][info] 6285639416:[]
[2026-03-16T00:31:53+08:00][info] -5288642383:tdata8:group_message_-5288642383:temp_8242265110.session
[2026-03-16T00:31:53+08:00][info] -5288642383:["{\"message_id\": 3342, \"chat_id\": \"-5288642383\", \"account_id\": \"temp_8242265110.session\", \"sender_id\": 6285639416, \"sender_name\": \"123\", \"message_text\": \"3231\", \"message_type\": \"text\", \"sender_username\": null, \"media_path\": null, \"is_outgoing\": false, \"reply_to_msg_id\": null, \"timestamp\": \"2026-03-15T16:31:17+00:00\", \"is_read\": false, \"created_at\": \"2026-03-16T00:31:18.268105\"}"]
[2026-03-16T00:32:03+08:00][info] 6285639416:tdata8:messages:temp_8242265110.session:6285639416
[2026-03-16T00:32:03+08:00][info] 6285639416:[]
[2026-03-16T00:32:03+08:00][info] -5288642383:tdata8:group_message_-5288642383:temp_8242265110.session
[2026-03-16T00:32:03+08:00][info] -5288642383:["{\"message_id\": 3342, \"chat_id\": \"-5288642383\", \"account_id\": \"temp_8242265110.session\", \"sender_id\": 6285639416, \"sender_name\": \"123\", \"message_text\": \"3231\", \"message_type\": \"text\", \"sender_username\": null, \"media_path\": null, \"is_outgoing\": false, \"reply_to_msg_id\": null, \"timestamp\": \"2026-03-15T16:31:17+00:00\", \"is_read\": false, \"created_at\": \"2026-03-16T00:31:18.268105\"}"]
[2026-03-16T00:32:14+08:00][info] 6285639416:tdata8:messages:temp_8242265110.session:6285639416
[2026-03-16T00:32:14+08:00][info] 6285639416:[]
[2026-03-16T00:32:14+08:00][info] -5288642383:tdata8:group_message_-5288642383:temp_8242265110.session
[2026-03-16T00:32:14+08:00][info] -5288642383:["{\"message_id\": 3342, \"chat_id\": \"-5288642383\", \"account_id\": \"temp_8242265110.session\", \"sender_id\": 6285639416, \"sender_name\": \"123\", \"message_text\": \"3231\", \"message_type\": \"text\", \"sender_username\": null, \"media_path\": null, \"is_outgoing\": false, \"reply_to_msg_id\": null, \"timestamp\": \"2026-03-15T16:31:17+00:00\", \"is_read\": false, \"created_at\": \"2026-03-16T00:31:18.268105\"}"]
[2026-03-16T00:32:24+08:00][info] 6285639416:tdata8:messages:temp_8242265110.session:6285639416
[2026-03-16T00:32:24+08:00][info] 6285639416:[]
[2026-03-16T00:32:24+08:00][info] -5288642383:tdata8:group_message_-5288642383:temp_8242265110.session
[2026-03-16T00:32:24+08:00][info] -5288642383:["{\"message_id\": 3342, \"chat_id\": \"-5288642383\", \"account_id\": \"temp_8242265110.session\", \"sender_id\": 6285639416, \"sender_name\": \"123\", \"message_text\": \"3231\", \"message_type\": \"text\", \"sender_username\": null, \"media_path\": null, \"is_outgoing\": false, \"reply_to_msg_id\": null, \"timestamp\": \"2026-03-15T16:31:17+00:00\", \"is_read\": false, \"created_at\": \"2026-03-16T00:31:18.268105\"}"]
[2026-03-16T00:32:34+08:00][info] 6285639416:tdata8:messages:temp_8242265110.session:6285639416
[2026-03-16T00:32:34+08:00][info] 6285639416:[]
[2026-03-16T00:32:34+08:00][info] -5288642383:tdata8:group_message_-5288642383:temp_8242265110.session
[2026-03-16T00:32:34+08:00][info] -5288642383:["{\"message_id\": 3342, \"chat_id\": \"-5288642383\", \"account_id\": \"temp_8242265110.session\", \"sender_id\": 6285639416, \"sender_name\": \"123\", \"message_text\": \"3231\", \"message_type\": \"text\", \"sender_username\": null, \"media_path\": null, \"is_outgoing\": false, \"reply_to_msg_id\": null, \"timestamp\": \"2026-03-15T16:31:17+00:00\", \"is_read\": false, \"created_at\": \"2026-03-16T00:31:18.268105\"}"]
[2026-03-16T00:32:44+08:00][info] 6285639416:tdata8:messages:temp_8242265110.session:6285639416
[2026-03-16T00:32:44+08:00][info] 6285639416:[]
[2026-03-16T00:32:44+08:00][info] -5288642383:tdata8:group_message_-5288642383:temp_8242265110.session
[2026-03-16T00:32:44+08:00][info] -5288642383:["{\"message_id\": 3342, \"chat_id\": \"-5288642383\", \"account_id\": \"temp_8242265110.session\", \"sender_id\": 6285639416, \"sender_name\": \"123\", \"message_text\": \"3231\", \"message_type\": \"text\", \"sender_username\": null, \"media_path\": null, \"is_outgoing\": false, \"reply_to_msg_id\": null, \"timestamp\": \"2026-03-15T16:31:17+00:00\", \"is_read\": false, \"created_at\": \"2026-03-16T00:31:18.268105\"}"]
[2026-03-16T00:32:54+08:00][info] 6285639416:tdata8:messages:temp_8242265110.session:6285639416
[2026-03-16T00:32:54+08:00][info] 6285639416:[]
[2026-03-16T00:32:54+08:00][info] -5288642383:tdata8:group_message_-5288642383:temp_8242265110.session
[2026-03-16T00:32:54+08:00][info] -5288642383:["{\"message_id\": 3342, \"chat_id\": \"-5288642383\", \"account_id\": \"temp_8242265110.session\", \"sender_id\": 6285639416, \"sender_name\": \"123\", \"message_text\": \"3231\", \"message_type\": \"text\", \"sender_username\": null, \"media_path\": null, \"is_outgoing\": false, \"reply_to_msg_id\": null, \"timestamp\": \"2026-03-15T16:31:17+00:00\", \"is_read\": false, \"created_at\": \"2026-03-16T00:31:18.268105\"}"]
[2026-03-16T00:33:04+08:00][info] 6285639416:tdata8:messages:temp_8242265110.session:6285639416
[2026-03-16T00:33:04+08:00][info] 6285639416:[]
[2026-03-16T00:33:04+08:00][info] -5288642383:tdata8:group_message_-5288642383:temp_8242265110.session
[2026-03-16T00:33:04+08:00][info] -5288642383:["{\"message_id\": 3342, \"chat_id\": \"-5288642383\", \"account_id\": \"temp_8242265110.session\", \"sender_id\": 6285639416, \"sender_name\": \"123\", \"message_text\": \"3231\", \"message_type\": \"text\", \"sender_username\": null, \"media_path\": null, \"is_outgoing\": false, \"reply_to_msg_id\": null, \"timestamp\": \"2026-03-15T16:31:17+00:00\", \"is_read\": false, \"created_at\": \"2026-03-16T00:31:18.268105\"}"]
[2026-03-16T00:33:30+08:00][info] 6285639416:tdata8:messages:temp_8242265110.session:6285639416
[2026-03-16T00:33:30+08:00][info] 6285639416:[]
[2026-03-16T00:33:30+08:00][info] -5288642383:tdata8:group_message_-5288642383:temp_8242265110.session
[2026-03-16T00:33:30+08:00][info] -5288642383:["{\"message_id\": 3342, \"chat_id\": \"-5288642383\", \"account_id\": \"temp_8242265110.session\", \"sender_id\": 6285639416, \"sender_name\": \"123\", \"message_text\": \"3231\", \"message_type\": \"text\", \"sender_username\": null, \"media_path\": null, \"is_outgoing\": false, \"reply_to_msg_id\": null, \"timestamp\": \"2026-03-15T16:31:17+00:00\", \"is_read\": false, \"created_at\": \"2026-03-16T00:31:18.268105\"}"]
[2026-03-16T00:34:17+08:00][info] 6285639416:tdata8:messages:temp_8242265110.session:6285639416
[2026-03-16T00:34:17+08:00][info] 6285639416:[]
[2026-03-16T00:34:17+08:00][info] -5288642383:tdata8:group_message_-5288642383:temp_8242265110.session
[2026-03-16T00:34:17+08:00][info] -5288642383:["{\"message_id\": 3345, \"chat_id\": \"-5288642383\", \"account_id\": \"temp_8242265110.session\", \"sender_id\": 8139239544, \"sender_name\": \"User_8139239544\", \"message_text\": \"\u4f60\u4eec\u597d\uff0c\u521a\u6765\u7684\u600e\u4e48\u9886\u5e01\u5b89\u7a7a\u6295\u6536\u76ca\u2764\ufe0f\", \"message_type\": \"text\", \"sender_username\": null, \"media_path\": null, \"is_outgoing\": false, \"reply_to_msg_id\": null, \"timestamp\": \"2026-03-15T16:34:13+00:00\", \"is_read\": false, \"created_at\": \"2026-03-16T00:34:15.634256\"}"]
[2026-03-16T00:34:24+08:00][info] 6285639416:tdata8:messages:temp_8242265110.session:6285639416
[2026-03-16T00:34:24+08:00][info] 6285639416:[]
[2026-03-16T00:34:24+08:00][info] -5288642383:tdata8:group_message_-5288642383:temp_8242265110.session
[2026-03-16T00:34:24+08:00][info] -5288642383:["{\"message_id\": 3345, \"chat_id\": \"-5288642383\", \"account_id\": \"temp_8242265110.session\", \"sender_id\": 8139239544, \"sender_name\": \"User_8139239544\", \"message_text\": \"\u4f60\u4eec\u597d\uff0c\u521a\u6765\u7684\u600e\u4e48\u9886\u5e01\u5b89\u7a7a\u6295\u6536\u76ca\u2764\ufe0f\", \"message_type\": \"text\", \"sender_username\": null, \"media_path\": null, \"is_outgoing\": false, \"reply_to_msg_id\": null, \"timestamp\": \"2026-03-15T16:34:13+00:00\", \"is_read\": false, \"created_at\": \"2026-03-16T00:34:15.634256\"}"]
[2026-03-16T00:34:34+08:00][info] 6285639416:tdata8:messages:temp_8242265110.session:6285639416
[2026-03-16T00:34:34+08:00][info] 6285639416:[]
[2026-03-16T00:34:34+08:00][info] -5288642383:tdata8:group_message_-5288642383:temp_8242265110.session
[2026-03-16T00:34:34+08:00][info] -5288642383:["{\"message_id\": 3345, \"chat_id\": \"-5288642383\", \"account_id\": \"temp_8242265110.session\", \"sender_id\": 8139239544, \"sender_name\": \"User_8139239544\", \"message_text\": \"\u4f60\u4eec\u597d\uff0c\u521a\u6765\u7684\u600e\u4e48\u9886\u5e01\u5b89\u7a7a\u6295\u6536\u76ca\u2764\ufe0f\", \"message_type\": \"text\", \"sender_username\": null, \"media_path\": null, \"is_outgoing\": false, \"reply_to_msg_id\": null, \"timestamp\": \"2026-03-15T16:34:13+00:00\", \"is_read\": false, \"created_at\": \"2026-03-16T00:34:15.634256\"}"]
[2026-03-16T00:34:44+08:00][info] 6285639416:tdata8:messages:temp_8242265110.session:6285639416
[2026-03-16T00:34:44+08:00][info] 6285639416:[]
[2026-03-16T00:34:44+08:00][info] -5288642383:tdata8:group_message_-5288642383:temp_8242265110.session
[2026-03-16T00:34:44+08:00][info] -5288642383:["{\"message_id\": 3345, \"chat_id\": \"-5288642383\", \"account_id\": \"temp_8242265110.session\", \"sender_id\": 8139239544, \"sender_name\": \"User_8139239544\", \"message_text\": \"\u4f60\u4eec\u597d\uff0c\u521a\u6765\u7684\u600e\u4e48\u9886\u5e01\u5b89\u7a7a\u6295\u6536\u76ca\u2764\ufe0f\", \"message_type\": \"text\", \"sender_username\": null, \"media_path\": null, \"is_outgoing\": false, \"reply_to_msg_id\": null, \"timestamp\": \"2026-03-15T16:34:13+00:00\", \"is_read\": false, \"created_at\": \"2026-03-16T00:34:15.634256\"}"]
[2026-03-16T00:34:54+08:00][info] 6285639416:tdata8:messages:temp_8242265110.session:6285639416
[2026-03-16T00:34:54+08:00][info] 6285639416:[]
[2026-03-16T00:34:54+08:00][info] -5288642383:tdata8:group_message_-5288642383:temp_8242265110.session
[2026-03-16T00:34:54+08:00][info] -5288642383:["{\"message_id\": 3345, \"chat_id\": \"-5288642383\", \"account_id\": \"temp_8242265110.session\", \"sender_id\": 8139239544, \"sender_name\": \"User_8139239544\", \"message_text\": \"\u4f60\u4eec\u597d\uff0c\u521a\u6765\u7684\u600e\u4e48\u9886\u5e01\u5b89\u7a7a\u6295\u6536\u76ca\u2764\ufe0f\", \"message_type\": \"text\", \"sender_username\": null, \"media_path\": null, \"is_outgoing\": false, \"reply_to_msg_id\": null, \"timestamp\": \"2026-03-15T16:34:13+00:00\", \"is_read\": false, \"created_at\": \"2026-03-16T00:34:15.634256\"}"]
[2026-03-16T00:35:04+08:00][info] 6285639416:tdata8:messages:temp_8242265110.session:6285639416
[2026-03-16T00:35:04+08:00][info] 6285639416:[]
[2026-03-16T00:35:04+08:00][info] -5288642383:tdata8:group_message_-5288642383:temp_8242265110.session
[2026-03-16T00:35:04+08:00][info] -5288642383:["{\"message_id\": 3345, \"chat_id\": \"-5288642383\", \"account_id\": \"temp_8242265110.session\", \"sender_id\": 8139239544, \"sender_name\": \"User_8139239544\", \"message_text\": \"\u4f60\u4eec\u597d\uff0c\u521a\u6765\u7684\u600e\u4e48\u9886\u5e01\u5b89\u7a7a\u6295\u6536\u76ca\u2764\ufe0f\", \"message_type\": \"text\", \"sender_username\": null, \"media_path\": null, \"is_outgoing\": false, \"reply_to_msg_id\": null, \"timestamp\": \"2026-03-15T16:34:13+00:00\", \"is_read\": false, \"created_at\": \"2026-03-16T00:34:15.634256\"}"]
[2026-03-16T00:35:14+08:00][info] 6285639416:tdata8:messages:temp_8242265110.session:6285639416
[2026-03-16T00:35:14+08:00][info] 6285639416:[]
[2026-03-16T00:35:14+08:00][info] -5288642383:tdata8:group_message_-5288642383:temp_8242265110.session
[2026-03-16T00:35:14+08:00][info] -5288642383:["{\"message_id\": 3345, \"chat_id\": \"-5288642383\", \"account_id\": \"temp_8242265110.session\", \"sender_id\": 8139239544, \"sender_name\": \"User_8139239544\", \"message_text\": \"\u4f60\u4eec\u597d\uff0c\u521a\u6765\u7684\u600e\u4e48\u9886\u5e01\u5b89\u7a7a\u6295\u6536\u76ca\u2764\ufe0f\", \"message_type\": \"text\", \"sender_username\": null, \"media_path\": null, \"is_outgoing\": false, \"reply_to_msg_id\": null, \"timestamp\": \"2026-03-15T16:34:13+00:00\", \"is_read\": false, \"created_at\": \"2026-03-16T00:34:15.634256\"}"]
[2026-03-16T00:35:24+08:00][info] 6285639416:tdata8:messages:temp_8242265110.session:6285639416
[2026-03-16T00:35:24+08:00][info] 6285639416:[]
[2026-03-16T00:35:24+08:00][info] -5288642383:tdata8:group_message_-5288642383:temp_8242265110.session
[2026-03-16T00:35:24+08:00][info] -5288642383:["{\"message_id\": 3345, \"chat_id\": \"-5288642383\", \"account_id\": \"temp_8242265110.session\", \"sender_id\": 8139239544, \"sender_name\": \"User_8139239544\", \"message_text\": \"\u4f60\u4eec\u597d\uff0c\u521a\u6765\u7684\u600e\u4e48\u9886\u5e01\u5b89\u7a7a\u6295\u6536\u76ca\u2764\ufe0f\", \"message_type\": \"text\", \"sender_username\": null, \"media_path\": null, \"is_outgoing\": false, \"reply_to_msg_id\": null, \"timestamp\": \"2026-03-15T16:34:13+00:00\", \"is_read\": false, \"created_at\": \"2026-03-16T00:34:15.634256\"}"]
[2026-03-16T00:35:34+08:00][info] 6285639416:tdata8:messages:temp_8242265110.session:6285639416
[2026-03-16T00:35:34+08:00][info] 6285639416:[]
[2026-03-16T00:35:34+08:00][info] -5288642383:tdata8:group_message_-5288642383:temp_8242265110.session
[2026-03-16T00:35:34+08:00][info] -5288642383:["{\"message_id\": 3345, \"chat_id\": \"-5288642383\", \"account_id\": \"temp_8242265110.session\", \"sender_id\": 8139239544, \"sender_name\": \"User_8139239544\", \"message_text\": \"\u4f60\u4eec\u597d\uff0c\u521a\u6765\u7684\u600e\u4e48\u9886\u5e01\u5b89\u7a7a\u6295\u6536\u76ca\u2764\ufe0f\", \"message_type\": \"text\", \"sender_username\": null, \"media_path\": null, \"is_outgoing\": false, \"reply_to_msg_id\": null, \"timestamp\": \"2026-03-15T16:34:13+00:00\", \"is_read\": false, \"created_at\": \"2026-03-16T00:34:15.634256\"}"]
[2026-03-16T00:35:44+08:00][info] 6285639416:tdata8:messages:temp_8242265110.session:6285639416
[2026-03-16T00:35:44+08:00][info] 6285639416:[]
[2026-03-16T00:35:44+08:00][info] -5288642383:tdata8:group_message_-5288642383:temp_8242265110.session
[2026-03-16T00:35:44+08:00][info] -5288642383:["{\"message_id\": 3345, \"chat_id\": \"-5288642383\", \"account_id\": \"temp_8242265110.session\", \"sender_id\": 8139239544, \"sender_name\": \"User_8139239544\", \"message_text\": \"\u4f60\u4eec\u597d\uff0c\u521a\u6765\u7684\u600e\u4e48\u9886\u5e01\u5b89\u7a7a\u6295\u6536\u76ca\u2764\ufe0f\", \"message_type\": \"text\", \"sender_username\": null, \"media_path\": null, \"is_outgoing\": false, \"reply_to_msg_id\": null, \"timestamp\": \"2026-03-15T16:34:13+00:00\", \"is_read\": false, \"created_at\": \"2026-03-16T00:34:15.634256\"}"]
[2026-03-16T00:35:54+08:00][info] 6285639416:tdata8:messages:temp_8242265110.session:6285639416
[2026-03-16T00:35:54+08:00][info] 6285639416:[]
[2026-03-16T00:35:54+08:00][info] -5288642383:tdata8:group_message_-5288642383:temp_8242265110.session
[2026-03-16T00:35:54+08:00][info] -5288642383:["{\"message_id\": 3345, \"chat_id\": \"-5288642383\", \"account_id\": \"temp_8242265110.session\", \"sender_id\": 8139239544, \"sender_name\": \"User_8139239544\", \"message_text\": \"\u4f60\u4eec\u597d\uff0c\u521a\u6765\u7684\u600e\u4e48\u9886\u5e01\u5b89\u7a7a\u6295\u6536\u76ca\u2764\ufe0f\", \"message_type\": \"text\", \"sender_username\": null, \"media_path\": null, \"is_outgoing\": false, \"reply_to_msg_id\": null, \"timestamp\": \"2026-03-15T16:34:13+00:00\", \"is_read\": false, \"created_at\": \"2026-03-16T00:34:15.634256\"}"]
[2026-03-16T00:36:30+08:00][info] 6285639416:tdata8:messages:temp_8242265110.session:6285639416
[2026-03-16T00:36:30+08:00][info] 6285639416:[]
[2026-03-16T00:36:30+08:00][info] -5288642383:tdata8:group_message_-5288642383:temp_8242265110.session
[2026-03-16T00:36:30+08:00][info] -5288642383:["{\"message_id\": 3345, \"chat_id\": \"-5288642383\", \"account_id\": \"temp_8242265110.session\", \"sender_id\": 8139239544, \"sender_name\": \"User_8139239544\", \"message_text\": \"\u4f60\u4eec\u597d\uff0c\u521a\u6765\u7684\u600e\u4e48\u9886\u5e01\u5b89\u7a7a\u6295\u6536\u76ca\u2764\ufe0f\", \"message_type\": \"text\", \"sender_username\": null, \"media_path\": null, \"is_outgoing\": false, \"reply_to_msg_id\": null, \"timestamp\": \"2026-03-15T16:34:13+00:00\", \"is_read\": false, \"created_at\": \"2026-03-16T00:34:15.634256\"}"]
[2026-03-16T00:37:30+08:00][info] 6285639416:tdata8:messages:temp_8242265110.session:6285639416
[2026-03-16T00:37:30+08:00][info] 6285639416:[]
[2026-03-16T00:37:30+08:00][info] -5288642383:tdata8:group_message_-5288642383:temp_8242265110.session
[2026-03-16T00:37:30+08:00][info] -5288642383:["{\"message_id\": 3345, \"chat_id\": \"-5288642383\", \"account_id\": \"temp_8242265110.session\", \"sender_id\": 8139239544, \"sender_name\": \"User_8139239544\", \"message_text\": \"\u4f60\u4eec\u597d\uff0c\u521a\u6765\u7684\u600e\u4e48\u9886\u5e01\u5b89\u7a7a\u6295\u6536\u76ca\u2764\ufe0f\", \"message_type\": \"text\", \"sender_username\": null, \"media_path\": null, \"is_outgoing\": false, \"reply_to_msg_id\": null, \"timestamp\": \"2026-03-15T16:34:13+00:00\", \"is_read\": false, \"created_at\": \"2026-03-16T00:34:15.634256\"}"]
[2026-03-16T00:38:30+08:00][info] 6285639416:tdata8:messages:temp_8242265110.session:6285639416
[2026-03-16T00:38:30+08:00][info] 6285639416:[]
[2026-03-16T00:38:30+08:00][info] -5288642383:tdata8:group_message_-5288642383:temp_8242265110.session
[2026-03-16T00:38:30+08:00][info] -5288642383:["{\"message_id\": 3345, \"chat_id\": \"-5288642383\", \"account_id\": \"temp_8242265110.session\", \"sender_id\": 8139239544, \"sender_name\": \"User_8139239544\", \"message_text\": \"\u4f60\u4eec\u597d\uff0c\u521a\u6765\u7684\u600e\u4e48\u9886\u5e01\u5b89\u7a7a\u6295\u6536\u76ca\u2764\ufe0f\", \"message_type\": \"text\", \"sender_username\": null, \"media_path\": null, \"is_outgoing\": false, \"reply_to_msg_id\": null, \"timestamp\": \"2026-03-15T16:34:13+00:00\", \"is_read\": false, \"created_at\": \"2026-03-16T00:34:15.634256\"}"]
[2026-03-16T00:39:30+08:00][info] 6285639416:tdata8:messages:temp_8242265110.session:6285639416
[2026-03-16T00:39:30+08:00][info] 6285639416:[]
[2026-03-16T00:39:30+08:00][info] -5288642383:tdata8:group_message_-5288642383:temp_8242265110.session
[2026-03-16T00:39:30+08:00][info] -5288642383:["{\"message_id\": 3345, \"chat_id\": \"-5288642383\", \"account_id\": \"temp_8242265110.session\", \"sender_id\": 8139239544, \"sender_name\": \"User_8139239544\", \"message_text\": \"\u4f60\u4eec\u597d\uff0c\u521a\u6765\u7684\u600e\u4e48\u9886\u5e01\u5b89\u7a7a\u6295\u6536\u76ca\u2764\ufe0f\", \"message_type\": \"text\", \"sender_username\": null, \"media_path\": null, \"is_outgoing\": false, \"reply_to_msg_id\": null, \"timestamp\": \"2026-03-15T16:34:13+00:00\", \"is_read\": false, \"created_at\": \"2026-03-16T00:34:15.634256\"}"]
[2026-03-16T00:40:30+08:00][info] 6285639416:tdata8:messages:temp_8242265110.session:6285639416
[2026-03-16T00:40:30+08:00][info] 6285639416:[]
[2026-03-16T00:40:30+08:00][info] -5288642383:tdata8:group_message_-5288642383:temp_8242265110.session
[2026-03-16T00:40:30+08:00][info] -5288642383:["{\"message_id\": 3345, \"chat_id\": \"-5288642383\", \"account_id\": \"temp_8242265110.session\", \"sender_id\": 8139239544, \"sender_name\": \"User_8139239544\", \"message_text\": \"\u4f60\u4eec\u597d\uff0c\u521a\u6765\u7684\u600e\u4e48\u9886\u5e01\u5b89\u7a7a\u6295\u6536\u76ca\u2764\ufe0f\", \"message_type\": \"text\", \"sender_username\": null, \"media_path\": null, \"is_outgoing\": false, \"reply_to_msg_id\": null, \"timestamp\": \"2026-03-15T16:34:13+00:00\", \"is_read\": false, \"created_at\": \"2026-03-16T00:34:15.634256\"}"]
[2026-03-16T00:41:30+08:00][info] 6285639416:tdata8:messages:temp_8242265110.session:6285639416
[2026-03-16T00:41:30+08:00][info] 6285639416:[]
[2026-03-16T00:41:30+08:00][info] -5288642383:tdata8:group_message_-5288642383:temp_8242265110.session
[2026-03-16T00:41:30+08:00][info] -5288642383:["{\"message_id\": 3345, \"chat_id\": \"-5288642383\", \"account_id\": \"temp_8242265110.session\", \"sender_id\": 8139239544, \"sender_name\": \"User_8139239544\", \"message_text\": \"\u4f60\u4eec\u597d\uff0c\u521a\u6765\u7684\u600e\u4e48\u9886\u5e01\u5b89\u7a7a\u6295\u6536\u76ca\u2764\ufe0f\", \"message_type\": \"text\", \"sender_username\": null, \"media_path\": null, \"is_outgoing\": false, \"reply_to_msg_id\": null, \"timestamp\": \"2026-03-15T16:34:13+00:00\", \"is_read\": false, \"created_at\": \"2026-03-16T00:34:15.634256\"}"]
[2026-03-16T00:42:30+08:00][info] 6285639416:tdata8:messages:temp_8242265110.session:6285639416
[2026-03-16T00:42:30+08:00][info] 6285639416:[]
[2026-03-16T00:42:30+08:00][info] -5288642383:tdata8:group_message_-5288642383:temp_8242265110.session
[2026-03-16T00:42:30+08:00][info] -5288642383:["{\"message_id\": 3345, \"chat_id\": \"-5288642383\", \"account_id\": \"temp_8242265110.session\", \"sender_id\": 8139239544, \"sender_name\": \"User_8139239544\", \"message_text\": \"\u4f60\u4eec\u597d\uff0c\u521a\u6765\u7684\u600e\u4e48\u9886\u5e01\u5b89\u7a7a\u6295\u6536\u76ca\u2764\ufe0f\", \"message_type\": \"text\", \"sender_username\": null, \"media_path\": null, \"is_outgoing\": false, \"reply_to_msg_id\": null, \"timestamp\": \"2026-03-15T16:34:13+00:00\", \"is_read\": false, \"created_at\": \"2026-03-16T00:34:15.634256\"}"]
[2026-03-16T00:43:30+08:00][info] 6285639416:tdata8:messages:temp_8242265110.session:6285639416
[2026-03-16T00:43:30+08:00][info] 6285639416:[]
[2026-03-16T00:43:30+08:00][info] -5288642383:tdata8:group_message_-5288642383:temp_8242265110.session
[2026-03-16T00:43:30+08:00][info] -5288642383:["{\"message_id\": 3345, \"chat_id\": \"-5288642383\", \"account_id\": \"temp_8242265110.session\", \"sender_id\": 8139239544, \"sender_name\": \"User_8139239544\", \"message_text\": \"\u4f60\u4eec\u597d\uff0c\u521a\u6765\u7684\u600e\u4e48\u9886\u5e01\u5b89\u7a7a\u6295\u6536\u76ca\u2764\ufe0f\", \"message_type\": \"text\", \"sender_username\": null, \"media_path\": null, \"is_outgoing\": false, \"reply_to_msg_id\": null, \"timestamp\": \"2026-03-15T16:34:13+00:00\", \"is_read\": false, \"created_at\": \"2026-03-16T00:34:15.634256\"}"]
[2026-03-16T00:44:30+08:00][info] 6285639416:tdata8:messages:temp_8242265110.session:6285639416
[2026-03-16T00:44:30+08:00][info] 6285639416:[]
[2026-03-16T00:44:30+08:00][info] -5288642383:tdata8:group_message_-5288642383:temp_8242265110.session
[2026-03-16T00:44:30+08:00][info] -5288642383:["{\"message_id\": 3345, \"chat_id\": \"-5288642383\", \"account_id\": \"temp_8242265110.session\", \"sender_id\": 8139239544, \"sender_name\": \"User_8139239544\", \"message_text\": \"\u4f60\u4eec\u597d\uff0c\u521a\u6765\u7684\u600e\u4e48\u9886\u5e01\u5b89\u7a7a\u6295\u6536\u76ca\u2764\ufe0f\", \"message_type\": \"text\", \"sender_username\": null, \"media_path\": null, \"is_outgoing\": false, \"reply_to_msg_id\": null, \"timestamp\": \"2026-03-15T16:34:13+00:00\", \"is_read\": false, \"created_at\": \"2026-03-16T00:34:15.634256\"}"]
[2026-03-16T00:45:30+08:00][info] 6285639416:tdata8:messages:temp_8242265110.session:6285639416
[2026-03-16T00:45:30+08:00][info] 6285639416:[]
[2026-03-16T00:45:30+08:00][info] -5288642383:tdata8:group_message_-5288642383:temp_8242265110.session
[2026-03-16T00:45:30+08:00][info] -5288642383:["{\"message_id\": 3345, \"chat_id\": \"-5288642383\", \"account_id\": \"temp_8242265110.session\", \"sender_id\": 8139239544, \"sender_name\": \"User_8139239544\", \"message_text\": \"\u4f60\u4eec\u597d\uff0c\u521a\u6765\u7684\u600e\u4e48\u9886\u5e01\u5b89\u7a7a\u6295\u6536\u76ca\u2764\ufe0f\", \"message_type\": \"text\", \"sender_username\": null, \"media_path\": null, \"is_outgoing\": false, \"reply_to_msg_id\": null, \"timestamp\": \"2026-03-15T16:34:13+00:00\", \"is_read\": false, \"created_at\": \"2026-03-16T00:34:15.634256\"}"]
[2026-03-16T00:46:28+08:00][info] 6285639416:tdata8:messages:temp_8242265110.session:6285639416
[2026-03-16T00:46:28+08:00][info] 6285639416:[]
[2026-03-16T00:46:28+08:00][info] -5288642383:tdata8:group_message_-5288642383:temp_8242265110.session
[2026-03-16T00:46:28+08:00][info] -5288642383:["{\"message_id\": 3345, \"chat_id\": \"-5288642383\", \"account_id\": \"temp_8242265110.session\", \"sender_id\": 8139239544, \"sender_name\": \"User_8139239544\", \"message_text\": \"\u4f60\u4eec\u597d\uff0c\u521a\u6765\u7684\u600e\u4e48\u9886\u5e01\u5b89\u7a7a\u6295\u6536\u76ca\u2764\ufe0f\", \"message_type\": \"text\", \"sender_username\": null, \"media_path\": null, \"is_outgoing\": false, \"reply_to_msg_id\": null, \"timestamp\": \"2026-03-15T16:34:13+00:00\", \"is_read\": false, \"created_at\": \"2026-03-16T00:34:15.634256\"}"]
[2026-03-16T00:46:34+08:00][info] 6285639416:tdata8:messages:temp_8242265110.session:6285639416
[2026-03-16T00:46:34+08:00][info] 6285639416:[]
[2026-03-16T00:46:34+08:00][info] -5288642383:tdata8:group_message_-5288642383:temp_8242265110.session
[2026-03-16T00:46:34+08:00][info] -5288642383:["{\"message_id\": 3345, \"chat_id\": \"-5288642383\", \"account_id\": \"temp_8242265110.session\", \"sender_id\": 8139239544, \"sender_name\": \"User_8139239544\", \"message_text\": \"\u4f60\u4eec\u597d\uff0c\u521a\u6765\u7684\u600e\u4e48\u9886\u5e01\u5b89\u7a7a\u6295\u6536\u76ca\u2764\ufe0f\", \"message_type\": \"text\", \"sender_username\": null, \"media_path\": null, \"is_outgoing\": false, \"reply_to_msg_id\": null, \"timestamp\": \"2026-03-15T16:34:13+00:00\", \"is_read\": false, \"created_at\": \"2026-03-16T00:34:15.634256\"}"]
[2026-03-16T00:46:44+08:00][info] 6285639416:tdata8:messages:temp_8242265110.session:6285639416
[2026-03-16T00:46:44+08:00][info] 6285639416:[]
[2026-03-16T00:46:44+08:00][info] -5288642383:tdata8:group_message_-5288642383:temp_8242265110.session
[2026-03-16T00:46:44+08:00][info] -5288642383:["{\"message_id\": 3352, \"chat_id\": \"-5288642383\", \"account_id\": \"temp_8242265110.session\", \"sender_id\": 8599304149, \"sender_name\": \"13\", \"message_text\": \"\u505a\u591aeth\uff0c\u5927\u5bb6\u4e00\u8d77\u66b4\u5bcc\", \"message_type\": \"text\", \"sender_username\": null, \"media_path\": null, \"is_outgoing\": false, \"reply_to_msg_id\": null, \"timestamp\": \"2026-03-15T16:45:56+00:00\", \"is_read\": false, \"created_at\": \"2026-03-16T00:46:43.151096\"}"]
[2026-03-16T00:46:54+08:00][info] 6285639416:tdata8:messages:temp_8242265110.session:6285639416
[2026-03-16T00:46:54+08:00][info] 6285639416:[]
[2026-03-16T00:46:54+08:00][info] -5288642383:tdata8:group_message_-5288642383:temp_8242265110.session
[2026-03-16T00:46:54+08:00][info] -5288642383:["{\"message_id\": 3352, \"chat_id\": \"-5288642383\", \"account_id\": \"temp_8242265110.session\", \"sender_id\": 8599304149, \"sender_name\": \"13\", \"message_text\": \"\u505a\u591aeth\uff0c\u5927\u5bb6\u4e00\u8d77\u66b4\u5bcc\", \"message_type\": \"text\", \"sender_username\": null, \"media_path\": null, \"is_outgoing\": false, \"reply_to_msg_id\": null, \"timestamp\": \"2026-03-15T16:45:56+00:00\", \"is_read\": false, \"created_at\": \"2026-03-16T00:46:43.151096\"}"]
[2026-03-16T00:47:04+08:00][info] 6285639416:tdata8:messages:temp_8242265110.session:6285639416
[2026-03-16T00:47:04+08:00][info] 6285639416:[]
[2026-03-16T00:47:04+08:00][info] -5288642383:tdata8:group_message_-5288642383:temp_8242265110.session
[2026-03-16T00:47:04+08:00][info] -5288642383:["{\"message_id\": 3352, \"chat_id\": \"-5288642383\", \"account_id\": \"temp_8242265110.session\", \"sender_id\": 8599304149, \"sender_name\": \"13\", \"message_text\": \"\u505a\u591aeth\uff0c\u5927\u5bb6\u4e00\u8d77\u66b4\u5bcc\", \"message_type\": \"text\", \"sender_username\": null, \"media_path\": null, \"is_outgoing\": false, \"reply_to_msg_id\": null, \"timestamp\": \"2026-03-15T16:45:56+00:00\", \"is_read\": false, \"created_at\": \"2026-03-16T00:46:43.151096\"}"]
[2026-03-16T00:47:14+08:00][info] 6285639416:tdata8:messages:temp_8242265110.session:6285639416
[2026-03-16T00:47:14+08:00][info] 6285639416:[]
[2026-03-16T00:47:14+08:00][info] -5288642383:tdata8:group_message_-5288642383:temp_8242265110.session
[2026-03-16T00:47:14+08:00][info] -5288642383:["{\"message_id\": 3352, \"chat_id\": \"-5288642383\", \"account_id\": \"temp_8242265110.session\", \"sender_id\": 8599304149, \"sender_name\": \"13\", \"message_text\": \"\u505a\u591aeth\uff0c\u5927\u5bb6\u4e00\u8d77\u66b4\u5bcc\", \"message_type\": \"text\", \"sender_username\": null, \"media_path\": null, \"is_outgoing\": false, \"reply_to_msg_id\": null, \"timestamp\": \"2026-03-15T16:45:56+00:00\", \"is_read\": false, \"created_at\": \"2026-03-16T00:46:43.151096\"}"]
[2026-03-16T00:47:24+08:00][info] 6285639416:tdata8:messages:temp_8242265110.session:6285639416
[2026-03-16T00:47:24+08:00][info] 6285639416:[]
[2026-03-16T00:47:24+08:00][info] -5288642383:tdata8:group_message_-5288642383:temp_8242265110.session
[2026-03-16T00:47:24+08:00][info] -5288642383:["{\"message_id\": 3352, \"chat_id\": \"-5288642383\", \"account_id\": \"temp_8242265110.session\", \"sender_id\": 8599304149, \"sender_name\": \"13\", \"message_text\": \"\u505a\u591aeth\uff0c\u5927\u5bb6\u4e00\u8d77\u66b4\u5bcc\", \"message_type\": \"text\", \"sender_username\": null, \"media_path\": null, \"is_outgoing\": false, \"reply_to_msg_id\": null, \"timestamp\": \"2026-03-15T16:45:56+00:00\", \"is_read\": false, \"created_at\": \"2026-03-16T00:46:43.151096\"}"]
[2026-03-16T00:47:34+08:00][info] 6285639416:tdata8:messages:temp_8242265110.session:6285639416
[2026-03-16T00:47:34+08:00][info] 6285639416:[]
[2026-03-16T00:47:34+08:00][info] -5288642383:tdata8:group_message_-5288642383:temp_8242265110.session
[2026-03-16T00:47:34+08:00][info] -5288642383:["{\"message_id\": 3352, \"chat_id\": \"-5288642383\", \"account_id\": \"temp_8242265110.session\", \"sender_id\": 8599304149, \"sender_name\": \"13\", \"message_text\": \"\u505a\u591aeth\uff0c\u5927\u5bb6\u4e00\u8d77\u66b4\u5bcc\", \"message_type\": \"text\", \"sender_username\": null, \"media_path\": null, \"is_outgoing\": false, \"reply_to_msg_id\": null, \"timestamp\": \"2026-03-15T16:45:56+00:00\", \"is_read\": false, \"created_at\": \"2026-03-16T00:46:43.151096\"}"]
[2026-03-16T02:05:27+08:00][info] [{"id":3331,"account_status":"异常","count":65},{"id":3464,"account_status":"退出","count":9},{"id":4246,"account_status":"正常","count":30}]
[2026-03-16T02:05:37+08:00][info] -5283535179:tdata8:group_message_-5283535179:temp_8291859773.session
[2026-03-16T02:05:37+08:00][info] -5283535179:["{\"message_id\": 3361, \"chat_id\": \"-5283535179\", \"account_id\": \"temp_8291859773.session\", \"sender_id\": 8139239544, \"sender_name\": \"User_8139239544\", \"message_text\": \"\u5e01\u5b89\u7ed9\u7684bnb\u5417\", \"message_type\": \"text\", \"sender_username\": null, \"media_path\": null, \"is_outgoing\": false, \"reply_to_msg_id\": null, \"timestamp\": \"2026-03-15T18:04:51+00:00\", \"is_read\": false, \"created_at\": \"2026-03-16T02:04:52.033882\"}"]
[2026-03-16T02:05:37+08:00][info] -5288642383:tdata8:group_message_-5288642383:temp_8291859773.session
[2026-03-16T02:05:37+08:00][info] -5288642383:["{\"message_id\": 3360, \"chat_id\": \"-5288642383\", \"account_id\": \"temp_8291859773.session\", \"sender_id\": 8262386755, \"sender_name\": \"User_8262386755\", \"message_text\": \"\u8d5a\u523010\u4e2a\u4ee5\u592a\u574a\uff0c\u5dee\u4e0d\u591a\u4ee5\u540e\u6bcf\u5929\u90fd\u53ef\u4ee5\u591a\u8d5a1\u4e2a\", \"message_type\": \"text\", \"sender_username\": null, \"media_path\": null, \"is_outgoing\": false, \"reply_to_msg_id\": null, \"timestamp\": \"2026-03-15T18:03:55+00:00\", \"is_read\": false, \"created_at\": \"2026-03-16T02:03:56.136102\"}"]
[2026-03-16T02:05:39+08:00][info] -5283535179:tdata8:group_message_-5283535179:temp_8402830255.session
[2026-03-16T02:05:39+08:00][info] -5283535179:["{\"message_id\": 3405, \"chat_id\": \"-5283535179\", \"account_id\": \"temp_8402830255.session\", \"sender_id\": 8139239544, \"sender_name\": \"18\", \"message_text\": \"\u5e01\u5b89\u7ed9\u7684bnb\u5417\", \"message_type\": \"text\", \"sender_username\": null, \"media_path\": null, \"is_outgoing\": false, \"reply_to_msg_id\": null, \"timestamp\": \"2026-03-15T18:04:51+00:00\", \"is_read\": false, \"created_at\": \"2026-03-16T02:04:52.051311\"}"]
[2026-03-16T02:05:39+08:00][info] -5288642383:tdata8:group_message_-5288642383:temp_8402830255.session
[2026-03-16T02:05:39+08:00][info] -5288642383:["{\"message_id\": 3404, \"chat_id\": \"-5288642383\", \"account_id\": \"temp_8402830255.session\", \"sender_id\": 8262386755, \"sender_name\": \"14\", \"message_text\": \"\u8d5a\u523010\u4e2a\u4ee5\u592a\u574a\uff0c\u5dee\u4e0d\u591a\u4ee5\u540e\u6bcf\u5929\u90fd\u53ef\u4ee5\u591a\u8d5a1\u4e2a\", \"message_type\": \"text\", \"sender_username\": null, \"media_path\": null, \"is_outgoing\": false, \"reply_to_msg_id\": null, \"timestamp\": \"2026-03-15T18:03:55+00:00\", \"is_read\": false, \"created_at\": \"2026-03-16T02:03:56.619704\"}"]
[2026-03-16T02:05:41+08:00][info] -5288642383:tdata8:group_message_-5288642383:temp_8407474163.session
[2026-03-16T02:05:41+08:00][info] -5288642383:["{\"message_id\": 3405, \"chat_id\": \"-5288642383\", \"account_id\": \"temp_8407474163.session\", \"sender_id\": 6285639416, \"sender_name\": \"User_6285639416\", \"message_text\": \"555\", \"message_type\": \"text\", \"sender_username\": null, \"media_path\": null, \"is_outgoing\": false, \"reply_to_msg_id\": null, \"timestamp\": \"2026-03-15T18:01:57+00:00\", \"is_read\": false, \"created_at\": \"2026-03-16T02:01:58.144852\"}"]
[2026-03-16T02:05:51+08:00][info] -5283535179:tdata8:group_message_-5283535179:temp_8291859773.session
[2026-03-16T02:05:51+08:00][info] -5283535179:["{\"message_id\": 3361, \"chat_id\": \"-5283535179\", \"account_id\": \"temp_8291859773.session\", \"sender_id\": 8139239544, \"sender_name\": \"User_8139239544\", \"message_text\": \"\u5e01\u5b89\u7ed9\u7684bnb\u5417\", \"message_type\": \"text\", \"sender_username\": null, \"media_path\": null, \"is_outgoing\": false, \"reply_to_msg_id\": null, \"timestamp\": \"2026-03-15T18:04:51+00:00\", \"is_read\": false, \"created_at\": \"2026-03-16T02:04:52.033882\"}"]
[2026-03-16T02:05:51+08:00][info] -5288642383:tdata8:group_message_-5288642383:temp_8291859773.session
[2026-03-16T02:05:51+08:00][info] -5288642383:["{\"message_id\": 3362, \"chat_id\": \"-5288642383\", \"account_id\": \"temp_8291859773.session\", \"sender_id\": 8262386755, \"sender_name\": \"User_8262386755\", \"message_text\": \"\u6211\u8981\u4e00\u76f4\u6301\u6709eth\u5230\u5929\u8352\u5730\u8001\ud83d\ude01\", \"message_type\": \"text\", \"sender_username\": null, \"media_path\": null, \"is_outgoing\": false, \"reply_to_msg_id\": null, \"timestamp\": \"2026-03-15T18:05:39+00:00\", \"is_read\": false, \"created_at\": \"2026-03-16T02:05:40.231644\"}"]
[2026-03-16T02:06:01+08:00][info] -5283535179:tdata8:group_message_-5283535179:temp_8291859773.session
[2026-03-16T02:06:01+08:00][info] -5283535179:["{\"message_id\": 3361, \"chat_id\": \"-5283535179\", \"account_id\": \"temp_8291859773.session\", \"sender_id\": 8139239544, \"sender_name\": \"User_8139239544\", \"message_text\": \"\u5e01\u5b89\u7ed9\u7684bnb\u5417\", \"message_type\": \"text\", \"sender_username\": null, \"media_path\": null, \"is_outgoing\": false, \"reply_to_msg_id\": null, \"timestamp\": \"2026-03-15T18:04:51+00:00\", \"is_read\": false, \"created_at\": \"2026-03-16T02:04:52.033882\"}"]
[2026-03-16T02:06:01+08:00][info] -5288642383:tdata8:group_message_-5288642383:temp_8291859773.session
[2026-03-16T02:06:01+08:00][info] -5288642383:["{\"message_id\": 3362, \"chat_id\": \"-5288642383\", \"account_id\": \"temp_8291859773.session\", \"sender_id\": 8262386755, \"sender_name\": \"User_8262386755\", \"message_text\": \"\u6211\u8981\u4e00\u76f4\u6301\u6709eth\u5230\u5929\u8352\u5730\u8001\ud83d\ude01\", \"message_type\": \"text\", \"sender_username\": null, \"media_path\": null, \"is_outgoing\": false, \"reply_to_msg_id\": null, \"timestamp\": \"2026-03-15T18:05:39+00:00\", \"is_read\": false, \"created_at\": \"2026-03-16T02:05:40.231644\"}"]
[2026-03-16T02:06:11+08:00][info] -5283535179:tdata8:group_message_-5283535179:temp_8291859773.session
[2026-03-16T02:06:11+08:00][info] -5283535179:["{\"message_id\": 3361, \"chat_id\": \"-5283535179\", \"account_id\": \"temp_8291859773.session\", \"sender_id\": 8139239544, \"sender_name\": \"User_8139239544\", \"message_text\": \"\u5e01\u5b89\u7ed9\u7684bnb\u5417\", \"message_type\": \"text\", \"sender_username\": null, \"media_path\": null, \"is_outgoing\": false, \"reply_to_msg_id\": null, \"timestamp\": \"2026-03-15T18:04:51+00:00\", \"is_read\": false, \"created_at\": \"2026-03-16T02:04:52.033882\"}"]
[2026-03-16T02:06:11+08:00][info] -5288642383:tdata8:group_message_-5288642383:temp_8291859773.session
[2026-03-16T02:06:11+08:00][info] -5288642383:["{\"message_id\": 3362, \"chat_id\": \"-5288642383\", \"account_id\": \"temp_8291859773.session\", \"sender_id\": 8262386755, \"sender_name\": \"User_8262386755\", \"message_text\": \"\u6211\u8981\u4e00\u76f4\u6301\u6709eth\u5230\u5929\u8352\u5730\u8001\ud83d\ude01\", \"message_type\": \"text\", \"sender_username\": null, \"media_path\": null, \"is_outgoing\": false, \"reply_to_msg_id\": null, \"timestamp\": \"2026-03-15T18:05:39+00:00\", \"is_read\": false, \"created_at\": \"2026-03-16T02:05:40.231644\"}"]
[2026-03-16T02:06:21+08:00][info] -5283535179:tdata8:group_message_-5283535179:temp_8291859773.session
[2026-03-16T02:06:21+08:00][info] -5283535179:["{\"message_id\": 3361, \"chat_id\": \"-5283535179\", \"account_id\": \"temp_8291859773.session\", \"sender_id\": 8139239544, \"sender_name\": \"User_8139239544\", \"message_text\": \"\u5e01\u5b89\u7ed9\u7684bnb\u5417\", \"message_type\": \"text\", \"sender_username\": null, \"media_path\": null, \"is_outgoing\": false, \"reply_to_msg_id\": null, \"timestamp\": \"2026-03-15T18:04:51+00:00\", \"is_read\": false, \"created_at\": \"2026-03-16T02:04:52.033882\"}"]
[2026-03-16T02:06:21+08:00][info] -5288642383:tdata8:group_message_-5288642383:temp_8291859773.session
[2026-03-16T02:06:21+08:00][info] -5288642383:["{\"message_id\": 3362, \"chat_id\": \"-5288642383\", \"account_id\": \"temp_8291859773.session\", \"sender_id\": 8262386755, \"sender_name\": \"User_8262386755\", \"message_text\": \"\u6211\u8981\u4e00\u76f4\u6301\u6709eth\u5230\u5929\u8352\u5730\u8001\ud83d\ude01\", \"message_type\": \"text\", \"sender_username\": null, \"media_path\": null, \"is_outgoing\": false, \"reply_to_msg_id\": null, \"timestamp\": \"2026-03-15T18:05:39+00:00\", \"is_read\": false, \"created_at\": \"2026-03-16T02:05:40.231644\"}"]
[2026-03-16T02:06:31+08:00][info] -5283535179:tdata8:group_message_-5283535179:temp_8291859773.session
[2026-03-16T02:06:31+08:00][info] -5283535179:["{\"message_id\": 3361, \"chat_id\": \"-5283535179\", \"account_id\": \"temp_8291859773.session\", \"sender_id\": 8139239544, \"sender_name\": \"User_8139239544\", \"message_text\": \"\u5e01\u5b89\u7ed9\u7684bnb\u5417\", \"message_type\": \"text\", \"sender_username\": null, \"media_path\": null, \"is_outgoing\": false, \"reply_to_msg_id\": null, \"timestamp\": \"2026-03-15T18:04:51+00:00\", \"is_read\": false, \"created_at\": \"2026-03-16T02:04:52.033882\"}"]
[2026-03-16T02:06:31+08:00][info] -5288642383:tdata8:group_message_-5288642383:temp_8291859773.session
[2026-03-16T02:06:31+08:00][info] -5288642383:["{\"message_id\": 3362, \"chat_id\": \"-5288642383\", \"account_id\": \"temp_8291859773.session\", \"sender_id\": 8262386755, \"sender_name\": \"User_8262386755\", \"message_text\": \"\u6211\u8981\u4e00\u76f4\u6301\u6709eth\u5230\u5929\u8352\u5730\u8001\ud83d\ude01\", \"message_type\": \"text\", \"sender_username\": null, \"media_path\": null, \"is_outgoing\": false, \"reply_to_msg_id\": null, \"timestamp\": \"2026-03-15T18:05:39+00:00\", \"is_read\": false, \"created_at\": \"2026-03-16T02:05:40.231644\"}"]
[2026-03-16T02:06:41+08:00][info] -5283535179:tdata8:group_message_-5283535179:temp_8291859773.session
[2026-03-16T02:06:41+08:00][info] -5283535179:["{\"message_id\": 3363, \"chat_id\": \"-5283535179\", \"account_id\": \"temp_8291859773.session\", \"sender_id\": 8436050610, \"sender_name\": \"User_8436050610\", \"message_text\": \"\u5bf9\u7684\uff0cBNB\u7a7a\u6295\u5408\u7ea6\ud83d\udc4d\ud83d\udc4d\ud83d\udc4d\", \"message_type\": \"text\", \"sender_username\": null, \"media_path\": null, \"is_outgoing\": false, \"reply_to_msg_id\": null, \"timestamp\": \"2026-03-15T18:06:37+00:00\", \"is_read\": false, \"created_at\": \"2026-03-16T02:06:38.371745\"}"]
[2026-03-16T02:06:41+08:00][info] -5288642383:tdata8:group_message_-5288642383:temp_8291859773.session
[2026-03-16T02:06:41+08:00][info] -5288642383:["{\"message_id\": 3362, \"chat_id\": \"-5288642383\", \"account_id\": \"temp_8291859773.session\", \"sender_id\": 8262386755, \"sender_name\": \"User_8262386755\", \"message_text\": \"\u6211\u8981\u4e00\u76f4\u6301\u6709eth\u5230\u5929\u8352\u5730\u8001\ud83d\ude01\", \"message_type\": \"text\", \"sender_username\": null, \"media_path\": null, \"is_outgoing\": false, \"reply_to_msg_id\": null, \"timestamp\": \"2026-03-15T18:05:39+00:00\", \"is_read\": false, \"created_at\": \"2026-03-16T02:05:40.231644\"}"]
[2026-03-16T02:06:51+08:00][info] -5283535179:tdata8:group_message_-5283535179:temp_8291859773.session
[2026-03-16T02:06:51+08:00][info] -5283535179:["{\"message_id\": 3363, \"chat_id\": \"-5283535179\", \"account_id\": \"temp_8291859773.session\", \"sender_id\": 8436050610, \"sender_name\": \"User_8436050610\", \"message_text\": \"\u5bf9\u7684\uff0cBNB\u7a7a\u6295\u5408\u7ea6\ud83d\udc4d\ud83d\udc4d\ud83d\udc4d\", \"message_type\": \"text\", \"sender_username\": null, \"media_path\": null, \"is_outgoing\": false, \"reply_to_msg_id\": null, \"timestamp\": \"2026-03-15T18:06:37+00:00\", \"is_read\": false, \"created_at\": \"2026-03-16T02:06:38.371745\"}"]
[2026-03-16T02:06:51+08:00][info] -5288642383:tdata8:group_message_-5288642383:temp_8291859773.session
[2026-03-16T02:06:51+08:00][info] -5288642383:["{\"message_id\": 3362, \"chat_id\": \"-5288642383\", \"account_id\": \"temp_8291859773.session\", \"sender_id\": 8262386755, \"sender_name\": \"User_8262386755\", \"message_text\": \"\u6211\u8981\u4e00\u76f4\u6301\u6709eth\u5230\u5929\u8352\u5730\u8001\ud83d\ude01\", \"message_type\": \"text\", \"sender_username\": null, \"media_path\": null, \"is_outgoing\": false, \"reply_to_msg_id\": null, \"timestamp\": \"2026-03-15T18:05:39+00:00\", \"is_read\": false, \"created_at\": \"2026-03-16T02:05:40.231644\"}"]
[2026-03-16T02:07:00+08:00][info] -5072487869:tdata8:group_message_-5072487869:temp_8298330802.session
[2026-03-16T02:07:00+08:00][info] -5072487869:["{\"message_id\": 2762, \"chat_id\": \"-5072487869\", \"account_id\": \"temp_8298330802.session\", \"sender_id\": 6285639416, \"sender_name\": \"User_6285639416\", \"message_text\": \"\u7684\", \"message_type\": \"text\", \"sender_username\": null, \"media_path\": null, \"is_outgoing\": false, \"reply_to_msg_id\": null, \"timestamp\": \"2026-03-15T18:06:43+00:00\", \"is_read\": false, \"created_at\": \"2026-03-16T02:06:44.192143\"}"]
[2026-03-16T02:07:10+08:00][info] -5072487869:tdata8:group_message_-5072487869:temp_8298330802.session
[2026-03-16T02:07:10+08:00][info] -5072487869:["{\"message_id\": 2762, \"chat_id\": \"-5072487869\", \"account_id\": \"temp_8298330802.session\", \"sender_id\": 6285639416, \"sender_name\": \"User_6285639416\", \"message_text\": \"\u7684\", \"message_type\": \"text\", \"sender_username\": null, \"media_path\": null, \"is_outgoing\": false, \"reply_to_msg_id\": null, \"timestamp\": \"2026-03-15T18:06:43+00:00\", \"is_read\": false, \"created_at\": \"2026-03-16T02:06:44.192143\"}"]
[2026-03-16T02:07:20+08:00][info] -5072487869:tdata8:group_message_-5072487869:temp_8298330802.session
[2026-03-16T02:07:20+08:00][info] -5072487869:["{\"message_id\": 2762, \"chat_id\": \"-5072487869\", \"account_id\": \"temp_8298330802.session\", \"sender_id\": 6285639416, \"sender_name\": \"User_6285639416\", \"message_text\": \"\u7684\", \"message_type\": \"text\", \"sender_username\": null, \"media_path\": null, \"is_outgoing\": false, \"reply_to_msg_id\": null, \"timestamp\": \"2026-03-15T18:06:43+00:00\", \"is_read\": false, \"created_at\": \"2026-03-16T02:06:44.192143\"}"]
[2026-03-16T02:07:30+08:00][info] -5072487869:tdata8:group_message_-5072487869:temp_8298330802.session
[2026-03-16T02:07:30+08:00][info] -5072487869:["{\"message_id\": 2762, \"chat_id\": \"-5072487869\", \"account_id\": \"temp_8298330802.session\", \"sender_id\": 6285639416, \"sender_name\": \"User_6285639416\", \"message_text\": \"\u7684\", \"message_type\": \"text\", \"sender_username\": null, \"media_path\": null, \"is_outgoing\": false, \"reply_to_msg_id\": null, \"timestamp\": \"2026-03-15T18:06:43+00:00\", \"is_read\": false, \"created_at\": \"2026-03-16T02:06:44.192143\"}"]
[2026-03-16T02:07:40+08:00][info] -5072487869:tdata8:group_message_-5072487869:temp_8298330802.session
[2026-03-16T02:07:40+08:00][info] -5072487869:["{\"message_id\": 2762, \"chat_id\": \"-5072487869\", \"account_id\": \"temp_8298330802.session\", \"sender_id\": 6285639416, \"sender_name\": \"User_6285639416\", \"message_text\": \"\u7684\", \"message_type\": \"text\", \"sender_username\": null, \"media_path\": null, \"is_outgoing\": false, \"reply_to_msg_id\": null, \"timestamp\": \"2026-03-15T18:06:43+00:00\", \"is_read\": false, \"created_at\": \"2026-03-16T02:06:44.192143\"}"]
[2026-03-16T02:07:50+08:00][info] -5072487869:tdata8:group_message_-5072487869:temp_8298330802.session
[2026-03-16T02:07:50+08:00][info] -5072487869:["{\"message_id\": 2763, \"chat_id\": \"-5072487869\", \"account_id\": \"temp_8298330802.session\", \"sender_id\": 8558000424, \"sender_name\": \"User_8558000424\", \"message_text\": \"\u5bf9\u7684\uff0cBNB\u7a7a\u6295\u5408\u7ea6\ud83d\udc4d\ud83d\udc4d\ud83d\udc4d\", \"message_type\": \"text\", \"sender_username\": null, \"media_path\": null, \"is_outgoing\": false, \"reply_to_msg_id\": null, \"timestamp\": \"2026-03-15T18:07:46+00:00\", \"is_read\": false, \"created_at\": \"2026-03-16T02:07:47.447931\"}"]
[2026-03-16T02:08:00+08:00][info] -5072487869:tdata8:group_message_-5072487869:temp_8298330802.session
[2026-03-16T02:08:00+08:00][info] -5072487869:["{\"message_id\": 2763, \"chat_id\": \"-5072487869\", \"account_id\": \"temp_8298330802.session\", \"sender_id\": 8558000424, \"sender_name\": \"User_8558000424\", \"message_text\": \"\u5bf9\u7684\uff0cBNB\u7a7a\u6295\u5408\u7ea6\ud83d\udc4d\ud83d\udc4d\ud83d\udc4d\", \"message_type\": \"text\", \"sender_username\": null, \"media_path\": null, \"is_outgoing\": false, \"reply_to_msg_id\": null, \"timestamp\": \"2026-03-15T18:07:46+00:00\", \"is_read\": false, \"created_at\": \"2026-03-16T02:07:47.447931\"}"]
[2026-03-16T02:08:32+08:00][info] -5072487869:tdata8:group_message_-5072487869:temp_8298330802.session
[2026-03-16T02:08:32+08:00][info] -5072487869:["{\"message_id\": 2763, \"chat_id\": \"-5072487869\", \"account_id\": \"temp_8298330802.session\", \"sender_id\": 8558000424, \"sender_name\": \"User_8558000424\", \"message_text\": \"\u5bf9\u7684\uff0cBNB\u7a7a\u6295\u5408\u7ea6\ud83d\udc4d\ud83d\udc4d\ud83d\udc4d\", \"message_type\": \"text\", \"sender_username\": null, \"media_path\": null, \"is_outgoing\": false, \"reply_to_msg_id\": null, \"timestamp\": \"2026-03-15T18:07:46+00:00\", \"is_read\": false, \"created_at\": \"2026-03-16T02:07:47.447931\"}"]
[2026-03-16T02:09:32+08:00][info] -5072487869:tdata8:group_message_-5072487869:temp_8298330802.session
[2026-03-16T02:09:32+08:00][info] -5072487869:["{\"message_id\": 2764, \"chat_id\": \"-5072487869\", \"account_id\": \"temp_8298330802.session\", \"sender_id\": 8525124544, \"sender_name\": \"User_8525124544\", \"message_text\": \"\u521a\u6765\u53ef\u4ee5\u5148\u770b\u4e00\u4e0b\u7f6e\u9876\u516c\u544a\u6709\u6559\u7a0b\u7684\", \"message_type\": \"text\", \"sender_username\": null, \"media_path\": null, \"is_outgoing\": false, \"reply_to_msg_id\": 2757, \"timestamp\": \"2026-03-15T18:09:11+00:00\", \"is_read\": false, \"created_at\": \"2026-03-16T02:09:12.066084\"}"]
[2026-03-16T02:10:32+08:00][info] -5072487869:tdata8:group_message_-5072487869:temp_8298330802.session
[2026-03-16T02:10:32+08:00][info] -5072487869:["{\"message_id\": 2764, \"chat_id\": \"-5072487869\", \"account_id\": \"temp_8298330802.session\", \"sender_id\": 8525124544, \"sender_name\": \"User_8525124544\", \"message_text\": \"\u521a\u6765\u53ef\u4ee5\u5148\u770b\u4e00\u4e0b\u7f6e\u9876\u516c\u544a\u6709\u6559\u7a0b\u7684\", \"message_type\": \"text\", \"sender_username\": null, \"media_path\": null, \"is_outgoing\": false, \"reply_to_msg_id\": 2757, \"timestamp\": \"2026-03-15T18:09:11+00:00\", \"is_read\": false, \"created_at\": \"2026-03-16T02:09:12.066084\"}"]
[2026-03-16T02:11:32+08:00][info] -5072487869:tdata8:group_message_-5072487869:temp_8298330802.session
[2026-03-16T02:11:32+08:00][info] -5072487869:["{\"message_id\": 2765, \"chat_id\": \"-5072487869\", \"account_id\": \"temp_8298330802.session\", \"sender_id\": 8525124544, \"sender_name\": \"User_8525124544\", \"message_text\": \"\u4e00\u5929\u53ef\u4ee5\u9886\u53d6\u4e09\u6b21\uff0c\u6bcf\u6b21\u4ea4\u6613\u90fd\u6709110%\u5230120%\u7684BNB\", \"message_type\": \"text\", \"sender_username\": null, \"media_path\": null, \"is_outgoing\": false, \"reply_to_msg_id\": null, \"timestamp\": \"2026-03-15T18:11:00+00:00\", \"is_read\": false, \"created_at\": \"2026-03-16T02:11:00.387116\"}"]
[2026-03-16T02:12:32+08:00][info] -5072487869:tdata8:group_message_-5072487869:temp_8298330802.session
[2026-03-16T02:12:32+08:00][info] -5072487869:["{\"message_id\": 2765, \"chat_id\": \"-5072487869\", \"account_id\": \"temp_8298330802.session\", \"sender_id\": 8525124544, \"sender_name\": \"User_8525124544\", \"message_text\": \"\u4e00\u5929\u53ef\u4ee5\u9886\u53d6\u4e09\u6b21\uff0c\u6bcf\u6b21\u4ea4\u6613\u90fd\u6709110%\u5230120%\u7684BNB\", \"message_type\": \"text\", \"sender_username\": null, \"media_path\": null, \"is_outgoing\": false, \"reply_to_msg_id\": null, \"timestamp\": \"2026-03-15T18:11:00+00:00\", \"is_read\": false, \"created_at\": \"2026-03-16T02:11:00.387116\"}"]
[2026-03-16T02:13:32+08:00][info] -5072487869:tdata8:group_message_-5072487869:temp_8298330802.session
[2026-03-16T02:13:32+08:00][info] -5072487869:["{\"message_id\": 2766, \"chat_id\": \"-5072487869\", \"account_id\": \"temp_8298330802.session\", \"sender_id\": 8445838957, \"sender_name\": \"User_8445838957\", \"message_text\": \"\ud83d\ude80\u51b2\u554a\uff0c\u652f\u6301\u5e01\u5b89\uff01\uff01\uff01\", \"message_type\": \"text\", \"sender_username\": null, \"media_path\": null, \"is_outgoing\": false, \"reply_to_msg_id\": null, \"timestamp\": \"2026-03-15T18:12:57+00:00\", \"is_read\": false, \"created_at\": \"2026-03-16T02:12:57.850167\"}"]
[2026-03-16T02:14:32+08:00][info] -5072487869:tdata8:group_message_-5072487869:temp_8298330802.session
[2026-03-16T02:14:32+08:00][info] -5072487869:["{\"message_id\": 2766, \"chat_id\": \"-5072487869\", \"account_id\": \"temp_8298330802.session\", \"sender_id\": 8445838957, \"sender_name\": \"User_8445838957\", \"message_text\": \"\ud83d\ude80\u51b2\u554a\uff0c\u652f\u6301\u5e01\u5b89\uff01\uff01\uff01\", \"message_type\": \"text\", \"sender_username\": null, \"media_path\": null, \"is_outgoing\": false, \"reply_to_msg_id\": null, \"timestamp\": \"2026-03-15T18:12:57+00:00\", \"is_read\": false, \"created_at\": \"2026-03-16T02:12:57.850167\"}"]
[2026-03-16T02:15:32+08:00][info] -5072487869:tdata8:group_message_-5072487869:temp_8298330802.session
[2026-03-16T02:15:32+08:00][info] -5072487869:["{\"message_id\": 2767, \"chat_id\": \"-5072487869\", \"account_id\": \"temp_8298330802.session\", \"sender_id\": 8564033513, \"sender_name\": \"User_8564033513\", \"message_text\": \"\ud83d\ude01\u611f\u8c22\u5b98\u65b9\u5ba2\u670d\u7ba1\u7406\u5458\u63d0\u4f9b\u7ed9\u6211\u6700\u65b0bnb\u7a7a\u6295\u5408\u7ea6\", \"message_type\": \"text\", \"sender_username\": null, \"media_path\": null, \"is_outgoing\": false, \"reply_to_msg_id\": null, \"timestamp\": \"2026-03-15T18:14:33+00:00\", \"is_read\": false, \"created_at\": \"2026-03-16T02:14:34.292208\"}"]
[2026-03-16T02:15:44+08:00][info] -5072487869:tdata8:group_message_-5072487869:temp_8298330802.session
[2026-03-16T02:15:44+08:00][info] -5072487869:["{\"message_id\": 2767, \"chat_id\": \"-5072487869\", \"account_id\": \"temp_8298330802.session\", \"sender_id\": 8564033513, \"sender_name\": \"User_8564033513\", \"message_text\": \"\ud83d\ude01\u611f\u8c22\u5b98\u65b9\u5ba2\u670d\u7ba1\u7406\u5458\u63d0\u4f9b\u7ed9\u6211\u6700\u65b0bnb\u7a7a\u6295\u5408\u7ea6\", \"message_type\": \"text\", \"sender_username\": null, \"media_path\": null, \"is_outgoing\": false, \"reply_to_msg_id\": null, \"timestamp\": \"2026-03-15T18:14:33+00:00\", \"is_read\": false, \"created_at\": \"2026-03-16T02:14:34.292208\"}"]
[2026-03-16T02:15:50+08:00][info] -5072487869:tdata8:group_message_-5072487869:temp_8298330802.session
[2026-03-16T02:15:50+08:00][info] -5072487869:["{\"message_id\": 2767, \"chat_id\": \"-5072487869\", \"account_id\": \"temp_8298330802.session\", \"sender_id\": 8564033513, \"sender_name\": \"User_8564033513\", \"message_text\": \"\ud83d\ude01\u611f\u8c22\u5b98\u65b9\u5ba2\u670d\u7ba1\u7406\u5458\u63d0\u4f9b\u7ed9\u6211\u6700\u65b0bnb\u7a7a\u6295\u5408\u7ea6\", \"message_type\": \"text\", \"sender_username\": null, \"media_path\": null, \"is_outgoing\": false, \"reply_to_msg_id\": null, \"timestamp\": \"2026-03-15T18:14:33+00:00\", \"is_read\": false, \"created_at\": \"2026-03-16T02:14:34.292208\"}"]
[2026-03-16T02:16:00+08:00][info] -5072487869:tdata8:group_message_-5072487869:temp_8298330802.session
[2026-03-16T02:16:00+08:00][info] -5072487869:["{\"message_id\": 2767, \"chat_id\": \"-5072487869\", \"account_id\": \"temp_8298330802.session\", \"sender_id\": 8564033513, \"sender_name\": \"User_8564033513\", \"message_text\": \"\ud83d\ude01\u611f\u8c22\u5b98\u65b9\u5ba2\u670d\u7ba1\u7406\u5458\u63d0\u4f9b\u7ed9\u6211\u6700\u65b0bnb\u7a7a\u6295\u5408\u7ea6\", \"message_type\": \"text\", \"sender_username\": null, \"media_path\": null, \"is_outgoing\": false, \"reply_to_msg_id\": null, \"timestamp\": \"2026-03-15T18:14:33+00:00\", \"is_read\": false, \"created_at\": \"2026-03-16T02:14:34.292208\"}"]
[2026-03-16T02:16:10+08:00][info] -5072487869:tdata8:group_message_-5072487869:temp_8298330802.session
[2026-03-16T02:16:10+08:00][info] -5072487869:["{\"message_id\": 2767, \"chat_id\": \"-5072487869\", \"account_id\": \"temp_8298330802.session\", \"sender_id\": 8564033513, \"sender_name\": \"User_8564033513\", \"message_text\": \"\ud83d\ude01\u611f\u8c22\u5b98\u65b9\u5ba2\u670d\u7ba1\u7406\u5458\u63d0\u4f9b\u7ed9\u6211\u6700\u65b0bnb\u7a7a\u6295\u5408\u7ea6\", \"message_type\": \"text\", \"sender_username\": null, \"media_path\": null, \"is_outgoing\": false, \"reply_to_msg_id\": null, \"timestamp\": \"2026-03-15T18:14:33+00:00\", \"is_read\": false, \"created_at\": \"2026-03-16T02:14:34.292208\"}"]
[2026-03-16T02:16:20+08:00][info] -5072487869:tdata8:group_message_-5072487869:temp_8298330802.session
[2026-03-16T02:16:20+08:00][info] -5072487869:["{\"message_id\": 2767, \"chat_id\": \"-5072487869\", \"account_id\": \"temp_8298330802.session\", \"sender_id\": 8564033513, \"sender_name\": \"User_8564033513\", \"message_text\": \"\ud83d\ude01\u611f\u8c22\u5b98\u65b9\u5ba2\u670d\u7ba1\u7406\u5458\u63d0\u4f9b\u7ed9\u6211\u6700\u65b0bnb\u7a7a\u6295\u5408\u7ea6\", \"message_type\": \"text\", \"sender_username\": null, \"media_path\": null, \"is_outgoing\": false, \"reply_to_msg_id\": null, \"timestamp\": \"2026-03-15T18:14:33+00:00\", \"is_read\": false, \"created_at\": \"2026-03-16T02:14:34.292208\"}"]
[2026-03-16T02:16:30+08:00][info] -5072487869:tdata8:group_message_-5072487869:temp_8298330802.session
[2026-03-16T02:16:30+08:00][info] -5072487869:["{\"message_id\": 2767, \"chat_id\": \"-5072487869\", \"account_id\": \"temp_8298330802.session\", \"sender_id\": 8564033513, \"sender_name\": \"User_8564033513\", \"message_text\": \"\ud83d\ude01\u611f\u8c22\u5b98\u65b9\u5ba2\u670d\u7ba1\u7406\u5458\u63d0\u4f9b\u7ed9\u6211\u6700\u65b0bnb\u7a7a\u6295\u5408\u7ea6\", \"message_type\": \"text\", \"sender_username\": null, \"media_path\": null, \"is_outgoing\": false, \"reply_to_msg_id\": null, \"timestamp\": \"2026-03-15T18:14:33+00:00\", \"is_read\": false, \"created_at\": \"2026-03-16T02:14:34.292208\"}"]
[2026-03-16T02:16:40+08:00][info] -5072487869:tdata8:group_message_-5072487869:temp_8298330802.session
[2026-03-16T02:16:40+08:00][info] -5072487869:["{\"message_id\": 2767, \"chat_id\": \"-5072487869\", \"account_id\": \"temp_8298330802.session\", \"sender_id\": 8564033513, \"sender_name\": \"User_8564033513\", \"message_text\": \"\ud83d\ude01\u611f\u8c22\u5b98\u65b9\u5ba2\u670d\u7ba1\u7406\u5458\u63d0\u4f9b\u7ed9\u6211\u6700\u65b0bnb\u7a7a\u6295\u5408\u7ea6\", \"message_type\": \"text\", \"sender_username\": null, \"media_path\": null, \"is_outgoing\": false, \"reply_to_msg_id\": null, \"timestamp\": \"2026-03-15T18:14:33+00:00\", \"is_read\": false, \"created_at\": \"2026-03-16T02:14:34.292208\"}"]
[2026-03-16T02:16:41+08:00][info] 6285639416:tdata8:messages:temp_8564033513.session:6285639416
[2026-03-16T02:16:41+08:00][info] 6285639416:["{\"message_id\": 2779, \"chat_id\": \"6285639416\", \"account_id\": \"temp_8564033513.session\", \"sender_id\": 6285639416, \"sender_name\": \"User_6285639416\", \"message_text\": \"234\", \"message_type\": \"text\", \"sender_username\": null, \"media_path\": null, \"is_outgoing\": false, \"reply_to_msg_id\": null, \"timestamp\": \"2026-03-15T18:16:34+00:00\", \"is_read\": false, \"created_at\": \"2026-03-16T02:16:34.350884\"}"]
[2026-03-16T02:16:41+08:00][info] -5072487869:tdata8:group_message_-5072487869:temp_8564033513.session
[2026-03-16T02:16:41+08:00][info] -5072487869:["{\"message_id\": 2772, \"chat_id\": \"-5072487869\", \"account_id\": \"temp_8564033513.session\", \"sender_id\": 8445838957, \"sender_name\": \"User_8445838957\", \"message_text\": \"\ud83d\ude80\u51b2\u554a\uff0c\u652f\u6301\u5e01\u5b89\uff01\uff01\uff01\", \"message_type\": \"text\", \"sender_username\": null, \"media_path\": null, \"is_outgoing\": false, \"reply_to_msg_id\": null, \"timestamp\": \"2026-03-15T18:12:57+00:00\", \"is_read\": false, \"created_at\": \"2026-03-16T02:12:57.854315\"}"]
[2026-03-16T02:16:51+08:00][info] 6285639416:tdata8:messages:temp_8564033513.session:6285639416
[2026-03-16T02:16:51+08:00][info] 6285639416:["{\"message_id\": 2779, \"chat_id\": \"6285639416\", \"account_id\": \"temp_8564033513.session\", \"sender_id\": 6285639416, \"sender_name\": \"User_6285639416\", \"message_text\": \"234\", \"message_type\": \"text\", \"sender_username\": null, \"media_path\": null, \"is_outgoing\": false, \"reply_to_msg_id\": null, \"timestamp\": \"2026-03-15T18:16:34+00:00\", \"is_read\": false, \"created_at\": \"2026-03-16T02:16:34.350884\"}"]
[2026-03-16T02:16:51+08:00][info] -5072487869:tdata8:group_message_-5072487869:temp_8564033513.session
[2026-03-16T02:16:51+08:00][info] -5072487869:["{\"message_id\": 2772, \"chat_id\": \"-5072487869\", \"account_id\": \"temp_8564033513.session\", \"sender_id\": 8445838957, \"sender_name\": \"User_8445838957\", \"message_text\": \"\ud83d\ude80\u51b2\u554a\uff0c\u652f\u6301\u5e01\u5b89\uff01\uff01\uff01\", \"message_type\": \"text\", \"sender_username\": null, \"media_path\": null, \"is_outgoing\": false, \"reply_to_msg_id\": null, \"timestamp\": \"2026-03-15T18:12:57+00:00\", \"is_read\": false, \"created_at\": \"2026-03-16T02:12:57.854315\"}"]
[2026-03-16T02:16:51+08:00][info] {"action":"send_messages","api_id":"2040","api_hash":"b18441a1ff607e10a989891a5462e627","tdata_path":"\/www\/wwwroot\/tdata.tgbota.top\/public\/uploads\/admin\/202603\/69b10fe00169d\/13528023939\/tdata\/temp_8564033513.session","proxy":"socks5:\/\/user-splmqynpf0-country-jp:9u6virjzTwd1PRZp4=@isp.decodo.com:10184","session_path":"\/www\/wwwroot\/tdata.tgbota.top\/public\/uploads\/admin\/202603\/69b10fe00169d\/13528023939\/tdata\/temp_8564033513.session","group_id":"6285639416","message_type":"text","message_text":"234\n","first_msg_id":0,"feedback_type":"","last_api_address":"http:\/\/127.0.0.1:5014"}
[2026-03-16T02:16:51+08:00][info] 接口调用成功actionsend_messages,result{"status":true,"message":"发送完成，成功0个，失败1个[{'group_id': 6285639416, 'recognized_as_link': False, 'group_identifier': '6285639416', 'type': 'unknown', 'message': '无法识别目标标识符: 6285639416 (既不是有效的ID也不是用户名)'}]","data":{"success":[],"failed":[{"group_id":6285639416,"recognized_as_link":false,"group_identifier":"6285639416","type":"unknown","message":"无法识别目标标识符: 6285639416 (既不是有效的ID也不是用户名)"}],"debug":["处理标识符: 6285639416, 清理后: 6285639416, 识别为链接: False, 识别为数字ID: True","直接获取数字ID失败，尝试其他方式: Could not find the input entity for PeerUser(user_id=6285639416) (PeerUser). Please read https:\/\/docs.telethon.dev\/en\/stable\/concepts\/entities.html to find out more details."],"warning":""},"api_address":"185.165.170.142:5014"}
[2026-03-16T02:17:02+08:00][info] 6285639416:tdata8:messages:temp_8564033513.session:6285639416
[2026-03-16T02:17:02+08:00][info] 6285639416:["{\"message_id\": 2779, \"chat_id\": \"6285639416\", \"account_id\": \"temp_8564033513.session\", \"sender_id\": 6285639416, \"sender_name\": \"User_6285639416\", \"message_text\": \"234\", \"message_type\": \"text\", \"sender_username\": null, \"media_path\": null, \"is_outgoing\": false, \"reply_to_msg_id\": null, \"timestamp\": \"2026-03-15T18:16:34+00:00\", \"is_read\": false, \"created_at\": \"2026-03-16T02:16:34.350884\"}"]
[2026-03-16T02:17:02+08:00][info] -5072487869:tdata8:group_message_-5072487869:temp_8564033513.session
[2026-03-16T02:17:02+08:00][info] -5072487869:["{\"message_id\": 2772, \"chat_id\": \"-5072487869\", \"account_id\": \"temp_8564033513.session\", \"sender_id\": 8445838957, \"sender_name\": \"User_8445838957\", \"message_text\": \"\ud83d\ude80\u51b2\u554a\uff0c\u652f\u6301\u5e01\u5b89\uff01\uff01\uff01\", \"message_type\": \"text\", \"sender_username\": null, \"media_path\": null, \"is_outgoing\": false, \"reply_to_msg_id\": null, \"timestamp\": \"2026-03-15T18:12:57+00:00\", \"is_read\": false, \"created_at\": \"2026-03-16T02:12:57.854315\"}"]
[2026-03-16T02:17:12+08:00][info] 6285639416:tdata8:messages:temp_8564033513.session:6285639416
[2026-03-16T02:17:12+08:00][info] 6285639416:["{\"message_id\": 2779, \"chat_id\": \"6285639416\", \"account_id\": \"temp_8564033513.session\", \"sender_id\": 6285639416, \"sender_name\": \"User_6285639416\", \"message_text\": \"234\", \"message_type\": \"text\", \"sender_username\": null, \"media_path\": null, \"is_outgoing\": false, \"reply_to_msg_id\": null, \"timestamp\": \"2026-03-15T18:16:34+00:00\", \"is_read\": false, \"created_at\": \"2026-03-16T02:16:34.350884\"}"]
[2026-03-16T02:17:12+08:00][info] -5072487869:tdata8:group_message_-5072487869:temp_8564033513.session
[2026-03-16T02:17:12+08:00][info] -5072487869:["{\"message_id\": 2772, \"chat_id\": \"-5072487869\", \"account_id\": \"temp_8564033513.session\", \"sender_id\": 8445838957, \"sender_name\": \"User_8445838957\", \"message_text\": \"\ud83d\ude80\u51b2\u554a\uff0c\u652f\u6301\u5e01\u5b89\uff01\uff01\uff01\", \"message_type\": \"text\", \"sender_username\": null, \"media_path\": null, \"is_outgoing\": false, \"reply_to_msg_id\": null, \"timestamp\": \"2026-03-15T18:12:57+00:00\", \"is_read\": false, \"created_at\": \"2026-03-16T02:12:57.854315\"}"]
[2026-03-16T02:17:22+08:00][info] 6285639416:tdata8:messages:temp_8564033513.session:6285639416
[2026-03-16T02:17:22+08:00][info] 6285639416:["{\"message_id\": 2779, \"chat_id\": \"6285639416\", \"account_id\": \"temp_8564033513.session\", \"sender_id\": 6285639416, \"sender_name\": \"User_6285639416\", \"message_text\": \"234\", \"message_type\": \"text\", \"sender_username\": null, \"media_path\": null, \"is_outgoing\": false, \"reply_to_msg_id\": null, \"timestamp\": \"2026-03-15T18:16:34+00:00\", \"is_read\": false, \"created_at\": \"2026-03-16T02:16:34.350884\"}"]
[2026-03-16T02:17:22+08:00][info] -5072487869:tdata8:group_message_-5072487869:temp_8564033513.session
[2026-03-16T02:17:22+08:00][info] -5072487869:["{\"message_id\": 2772, \"chat_id\": \"-5072487869\", \"account_id\": \"temp_8564033513.session\", \"sender_id\": 8445838957, \"sender_name\": \"User_8445838957\", \"message_text\": \"\ud83d\ude80\u51b2\u554a\uff0c\u652f\u6301\u5e01\u5b89\uff01\uff01\uff01\", \"message_type\": \"text\", \"sender_username\": null, \"media_path\": null, \"is_outgoing\": false, \"reply_to_msg_id\": null, \"timestamp\": \"2026-03-15T18:12:57+00:00\", \"is_read\": false, \"created_at\": \"2026-03-16T02:12:57.854315\"}"]
[2026-03-16T02:17:32+08:00][info] 6285639416:tdata8:messages:temp_8564033513.session:6285639416
[2026-03-16T02:17:32+08:00][info] 6285639416:["{\"message_id\": 2779, \"chat_id\": \"6285639416\", \"account_id\": \"temp_8564033513.session\", \"sender_id\": 6285639416, \"sender_name\": \"User_6285639416\", \"message_text\": \"234\", \"message_type\": \"text\", \"sender_username\": null, \"media_path\": null, \"is_outgoing\": false, \"reply_to_msg_id\": null, \"timestamp\": \"2026-03-15T18:16:34+00:00\", \"is_read\": false, \"created_at\": \"2026-03-16T02:16:34.350884\"}"]
[2026-03-16T02:17:32+08:00][info] -5072487869:tdata8:group_message_-5072487869:temp_8564033513.session
[2026-03-16T02:17:32+08:00][info] -5072487869:["{\"message_id\": 2772, \"chat_id\": \"-5072487869\", \"account_id\": \"temp_8564033513.session\", \"sender_id\": 8445838957, \"sender_name\": \"User_8445838957\", \"message_text\": \"\ud83d\ude80\u51b2\u554a\uff0c\u652f\u6301\u5e01\u5b89\uff01\uff01\uff01\", \"message_type\": \"text\", \"sender_username\": null, \"media_path\": null, \"is_outgoing\": false, \"reply_to_msg_id\": null, \"timestamp\": \"2026-03-15T18:12:57+00:00\", \"is_read\": false, \"created_at\": \"2026-03-16T02:12:57.854315\"}"]
[2026-03-16T02:17:41+08:00][info] 6285639416:tdata8:messages:temp_8564033513.session:6285639416
[2026-03-16T02:17:41+08:00][info] 6285639416:["{\"message_id\": 2779, \"chat_id\": \"6285639416\", \"account_id\": \"temp_8564033513.session\", \"sender_id\": 6285639416, \"sender_name\": \"User_6285639416\", \"message_text\": \"234\", \"message_type\": \"text\", \"sender_username\": null, \"media_path\": null, \"is_outgoing\": false, \"reply_to_msg_id\": null, \"timestamp\": \"2026-03-15T18:16:34+00:00\", \"is_read\": false, \"created_at\": \"2026-03-16T02:16:34.350884\"}"]
[2026-03-16T02:17:41+08:00][info] -5072487869:tdata8:group_message_-5072487869:temp_8564033513.session
[2026-03-16T02:17:41+08:00][info] -5072487869:["{\"message_id\": 2772, \"chat_id\": \"-5072487869\", \"account_id\": \"temp_8564033513.session\", \"sender_id\": 8445838957, \"sender_name\": \"User_8445838957\", \"message_text\": \"\ud83d\ude80\u51b2\u554a\uff0c\u652f\u6301\u5e01\u5b89\uff01\uff01\uff01\", \"message_type\": \"text\", \"sender_username\": null, \"media_path\": null, \"is_outgoing\": false, \"reply_to_msg_id\": null, \"timestamp\": \"2026-03-15T18:12:57+00:00\", \"is_read\": false, \"created_at\": \"2026-03-16T02:12:57.854315\"}"]
[2026-03-16T02:17:51+08:00][info] 6285639416:tdata8:messages:temp_8564033513.session:6285639416
[2026-03-16T02:17:51+08:00][info] 6285639416:["{\"message_id\": 2779, \"chat_id\": \"6285639416\", \"account_id\": \"temp_8564033513.session\", \"sender_id\": 6285639416, \"sender_name\": \"User_6285639416\", \"message_text\": \"234\", \"message_type\": \"text\", \"sender_username\": null, \"media_path\": null, \"is_outgoing\": false, \"reply_to_msg_id\": null, \"timestamp\": \"2026-03-15T18:16:34+00:00\", \"is_read\": false, \"created_at\": \"2026-03-16T02:16:34.350884\"}"]
[2026-03-16T02:17:51+08:00][info] -5072487869:tdata8:group_message_-5072487869:temp_8564033513.session
[2026-03-16T02:17:51+08:00][info] -5072487869:["{\"message_id\": 2772, \"chat_id\": \"-5072487869\", \"account_id\": \"temp_8564033513.session\", \"sender_id\": 8445838957, \"sender_name\": \"User_8445838957\", \"message_text\": \"\ud83d\ude80\u51b2\u554a\uff0c\u652f\u6301\u5e01\u5b89\uff01\uff01\uff01\", \"message_type\": \"text\", \"sender_username\": null, \"media_path\": null, \"is_outgoing\": false, \"reply_to_msg_id\": null, \"timestamp\": \"2026-03-15T18:12:57+00:00\", \"is_read\": false, \"created_at\": \"2026-03-16T02:12:57.854315\"}"]
[2026-03-16T02:18:01+08:00][info] 6285639416:tdata8:messages:temp_8564033513.session:6285639416
[2026-03-16T02:18:01+08:00][info] 6285639416:["{\"message_id\": 2779, \"chat_id\": \"6285639416\", \"account_id\": \"temp_8564033513.session\", \"sender_id\": 6285639416, \"sender_name\": \"User_6285639416\", \"message_text\": \"234\", \"message_type\": \"text\", \"sender_username\": null, \"media_path\": null, \"is_outgoing\": false, \"reply_to_msg_id\": null, \"timestamp\": \"2026-03-15T18:16:34+00:00\", \"is_read\": false, \"created_at\": \"2026-03-16T02:16:34.350884\"}"]
[2026-03-16T02:18:01+08:00][info] -5072487869:tdata8:group_message_-5072487869:temp_8564033513.session
[2026-03-16T02:18:01+08:00][info] -5072487869:["{\"message_id\": 2772, \"chat_id\": \"-5072487869\", \"account_id\": \"temp_8564033513.session\", \"sender_id\": 8445838957, \"sender_name\": \"User_8445838957\", \"message_text\": \"\ud83d\ude80\u51b2\u554a\uff0c\u652f\u6301\u5e01\u5b89\uff01\uff01\uff01\", \"message_type\": \"text\", \"sender_username\": null, \"media_path\": null, \"is_outgoing\": false, \"reply_to_msg_id\": null, \"timestamp\": \"2026-03-15T18:12:57+00:00\", \"is_read\": false, \"created_at\": \"2026-03-16T02:12:57.854315\"}"]
[2026-03-16T02:18:11+08:00][info] 6285639416:tdata8:messages:temp_8564033513.session:6285639416
[2026-03-16T02:18:11+08:00][info] 6285639416:["{\"message_id\": 2779, \"chat_id\": \"6285639416\", \"account_id\": \"temp_8564033513.session\", \"sender_id\": 6285639416, \"sender_name\": \"User_6285639416\", \"message_text\": \"234\", \"message_type\": \"text\", \"sender_username\": null, \"media_path\": null, \"is_outgoing\": false, \"reply_to_msg_id\": null, \"timestamp\": \"2026-03-15T18:16:34+00:00\", \"is_read\": false, \"created_at\": \"2026-03-16T02:16:34.350884\"}"]
[2026-03-16T02:18:11+08:00][info] -5072487869:tdata8:group_message_-5072487869:temp_8564033513.session
[2026-03-16T02:18:11+08:00][info] -5072487869:["{\"message_id\": 2772, \"chat_id\": \"-5072487869\", \"account_id\": \"temp_8564033513.session\", \"sender_id\": 8445838957, \"sender_name\": \"User_8445838957\", \"message_text\": \"\ud83d\ude80\u51b2\u554a\uff0c\u652f\u6301\u5e01\u5b89\uff01\uff01\uff01\", \"message_type\": \"text\", \"sender_username\": null, \"media_path\": null, \"is_outgoing\": false, \"reply_to_msg_id\": null, \"timestamp\": \"2026-03-15T18:12:57+00:00\", \"is_read\": false, \"created_at\": \"2026-03-16T02:12:57.854315\"}"]
[2026-03-16T02:18:21+08:00][info] 6285639416:tdata8:messages:temp_8564033513.session:6285639416
[2026-03-16T02:18:21+08:00][info] 6285639416:["{\"message_id\": 2779, \"chat_id\": \"6285639416\", \"account_id\": \"temp_8564033513.session\", \"sender_id\": 6285639416, \"sender_name\": \"User_6285639416\", \"message_text\": \"234\", \"message_type\": \"text\", \"sender_username\": null, \"media_path\": null, \"is_outgoing\": false, \"reply_to_msg_id\": null, \"timestamp\": \"2026-03-15T18:16:34+00:00\", \"is_read\": false, \"created_at\": \"2026-03-16T02:16:34.350884\"}"]
[2026-03-16T02:18:21+08:00][info] -5072487869:tdata8:group_message_-5072487869:temp_8564033513.session
[2026-03-16T02:18:21+08:00][info] -5072487869:["{\"message_id\": 2772, \"chat_id\": \"-5072487869\", \"account_id\": \"temp_8564033513.session\", \"sender_id\": 8445838957, \"sender_name\": \"User_8445838957\", \"message_text\": \"\ud83d\ude80\u51b2\u554a\uff0c\u652f\u6301\u5e01\u5b89\uff01\uff01\uff01\", \"message_type\": \"text\", \"sender_username\": null, \"media_path\": null, \"is_outgoing\": false, \"reply_to_msg_id\": null, \"timestamp\": \"2026-03-15T18:12:57+00:00\", \"is_read\": false, \"created_at\": \"2026-03-16T02:12:57.854315\"}"]
[2026-03-16T02:18:31+08:00][info] 6285639416:tdata8:messages:temp_8564033513.session:6285639416
[2026-03-16T02:18:31+08:00][info] 6285639416:["{\"message_id\": 2779, \"chat_id\": \"6285639416\", \"account_id\": \"temp_8564033513.session\", \"sender_id\": 6285639416, \"sender_name\": \"User_6285639416\", \"message_text\": \"234\", \"message_type\": \"text\", \"sender_username\": null, \"media_path\": null, \"is_outgoing\": false, \"reply_to_msg_id\": null, \"timestamp\": \"2026-03-15T18:16:34+00:00\", \"is_read\": false, \"created_at\": \"2026-03-16T02:16:34.350884\"}"]
[2026-03-16T02:18:31+08:00][info] -5072487869:tdata8:group_message_-5072487869:temp_8564033513.session
[2026-03-16T02:18:31+08:00][info] -5072487869:["{\"message_id\": 2780, \"chat_id\": \"-5072487869\", \"account_id\": \"temp_8564033513.session\", \"sender_id\": 8524606971, \"sender_name\": \"User_8524606971\", \"message_text\": \"\u63d0\u5e01\u51b2\u5e01\u5b89\u7a7a\u6295\u5408\u7ea6\", \"message_type\": \"text\", \"sender_username\": null, \"media_path\": null, \"is_outgoing\": false, \"reply_to_msg_id\": null, \"timestamp\": \"2026-03-15T18:18:26+00:00\", \"is_read\": false, \"created_at\": \"2026-03-16T02:18:27.319556\"}"]
[2026-03-16T02:18:41+08:00][info] 6285639416:tdata8:messages:temp_8564033513.session:6285639416
[2026-03-16T02:18:41+08:00][info] 6285639416:["{\"message_id\": 2779, \"chat_id\": \"6285639416\", \"account_id\": \"temp_8564033513.session\", \"sender_id\": 6285639416, \"sender_name\": \"User_6285639416\", \"message_text\": \"234\", \"message_type\": \"text\", \"sender_username\": null, \"media_path\": null, \"is_outgoing\": false, \"reply_to_msg_id\": null, \"timestamp\": \"2026-03-15T18:16:34+00:00\", \"is_read\": false, \"created_at\": \"2026-03-16T02:16:34.350884\"}"]
[2026-03-16T02:18:41+08:00][info] -5072487869:tdata8:group_message_-5072487869:temp_8564033513.session
[2026-03-16T02:18:41+08:00][info] -5072487869:["{\"message_id\": 2780, \"chat_id\": \"-5072487869\", \"account_id\": \"temp_8564033513.session\", \"sender_id\": 8524606971, \"sender_name\": \"User_8524606971\", \"message_text\": \"\u63d0\u5e01\u51b2\u5e01\u5b89\u7a7a\u6295\u5408\u7ea6\", \"message_type\": \"text\", \"sender_username\": null, \"media_path\": null, \"is_outgoing\": false, \"reply_to_msg_id\": null, \"timestamp\": \"2026-03-15T18:18:26+00:00\", \"is_read\": false, \"created_at\": \"2026-03-16T02:18:27.319556\"}"]
[2026-03-16T02:18:51+08:00][info] 6285639416:tdata8:messages:temp_8564033513.session:6285639416
[2026-03-16T02:18:51+08:00][info] 6285639416:["{\"message_id\": 2779, \"chat_id\": \"6285639416\", \"account_id\": \"temp_8564033513.session\", \"sender_id\": 6285639416, \"sender_name\": \"User_6285639416\", \"message_text\": \"234\", \"message_type\": \"text\", \"sender_username\": null, \"media_path\": null, \"is_outgoing\": false, \"reply_to_msg_id\": null, \"timestamp\": \"2026-03-15T18:16:34+00:00\", \"is_read\": false, \"created_at\": \"2026-03-16T02:16:34.350884\"}"]
[2026-03-16T02:18:51+08:00][info] -5072487869:tdata8:group_message_-5072487869:temp_8564033513.session
[2026-03-16T02:18:51+08:00][info] -5072487869:["{\"message_id\": 2780, \"chat_id\": \"-5072487869\", \"account_id\": \"temp_8564033513.session\", \"sender_id\": 8524606971, \"sender_name\": \"User_8524606971\", \"message_text\": \"\u63d0\u5e01\u51b2\u5e01\u5b89\u7a7a\u6295\u5408\u7ea6\", \"message_type\": \"text\", \"sender_username\": null, \"media_path\": null, \"is_outgoing\": false, \"reply_to_msg_id\": null, \"timestamp\": \"2026-03-15T18:18:26+00:00\", \"is_read\": false, \"created_at\": \"2026-03-16T02:18:27.319556\"}"]
[2026-03-16T02:19:01+08:00][info] 6285639416:tdata8:messages:temp_8564033513.session:6285639416
[2026-03-16T02:19:01+08:00][info] 6285639416:["{\"message_id\": 2779, \"chat_id\": \"6285639416\", \"account_id\": \"temp_8564033513.session\", \"sender_id\": 6285639416, \"sender_name\": \"User_6285639416\", \"message_text\": \"234\", \"message_type\": \"text\", \"sender_username\": null, \"media_path\": null, \"is_outgoing\": false, \"reply_to_msg_id\": null, \"timestamp\": \"2026-03-15T18:16:34+00:00\", \"is_read\": false, \"created_at\": \"2026-03-16T02:16:34.350884\"}"]
[2026-03-16T02:19:01+08:00][info] -5072487869:tdata8:group_message_-5072487869:temp_8564033513.session
[2026-03-16T02:19:01+08:00][info] -5072487869:["{\"message_id\": 2780, \"chat_id\": \"-5072487869\", \"account_id\": \"temp_8564033513.session\", \"sender_id\": 8524606971, \"sender_name\": \"User_8524606971\", \"message_text\": \"\u63d0\u5e01\u51b2\u5e01\u5b89\u7a7a\u6295\u5408\u7ea6\", \"message_type\": \"text\", \"sender_username\": null, \"media_path\": null, \"is_outgoing\": false, \"reply_to_msg_id\": null, \"timestamp\": \"2026-03-15T18:18:26+00:00\", \"is_read\": false, \"created_at\": \"2026-03-16T02:18:27.319556\"}"]
[2026-03-16T02:19:11+08:00][info] 6285639416:tdata8:messages:temp_8564033513.session:6285639416
[2026-03-16T02:19:11+08:00][info] 6285639416:["{\"message_id\": 2779, \"chat_id\": \"6285639416\", \"account_id\": \"temp_8564033513.session\", \"sender_id\": 6285639416, \"sender_name\": \"User_6285639416\", \"message_text\": \"234\", \"message_type\": \"text\", \"sender_username\": null, \"media_path\": null, \"is_outgoing\": false, \"reply_to_msg_id\": null, \"timestamp\": \"2026-03-15T18:16:34+00:00\", \"is_read\": false, \"created_at\": \"2026-03-16T02:16:34.350884\"}"]
[2026-03-16T02:19:11+08:00][info] -5072487869:tdata8:group_message_-5072487869:temp_8564033513.session
[2026-03-16T02:19:11+08:00][info] -5072487869:["{\"message_id\": 2780, \"chat_id\": \"-5072487869\", \"account_id\": \"temp_8564033513.session\", \"sender_id\": 8524606971, \"sender_name\": \"User_8524606971\", \"message_text\": \"\u63d0\u5e01\u51b2\u5e01\u5b89\u7a7a\u6295\u5408\u7ea6\", \"message_type\": \"text\", \"sender_username\": null, \"media_path\": null, \"is_outgoing\": false, \"reply_to_msg_id\": null, \"timestamp\": \"2026-03-15T18:18:26+00:00\", \"is_read\": false, \"created_at\": \"2026-03-16T02:18:27.319556\"}"]
[2026-03-16T02:19:21+08:00][info] 6285639416:tdata8:messages:temp_8564033513.session:6285639416
[2026-03-16T02:19:21+08:00][info] 6285639416:["{\"message_id\": 2779, \"chat_id\": \"6285639416\", \"account_id\": \"temp_8564033513.session\", \"sender_id\": 6285639416, \"sender_name\": \"User_6285639416\", \"message_text\": \"234\", \"message_type\": \"text\", \"sender_username\": null, \"media_path\": null, \"is_outgoing\": false, \"reply_to_msg_id\": null, \"timestamp\": \"2026-03-15T18:16:34+00:00\", \"is_read\": false, \"created_at\": \"2026-03-16T02:16:34.350884\"}"]
[2026-03-16T02:19:21+08:00][info] -5072487869:tdata8:group_message_-5072487869:temp_8564033513.session
[2026-03-16T02:19:21+08:00][info] -5072487869:["{\"message_id\": 2780, \"chat_id\": \"-5072487869\", \"account_id\": \"temp_8564033513.session\", \"sender_id\": 8524606971, \"sender_name\": \"User_8524606971\", \"message_text\": \"\u63d0\u5e01\u51b2\u5e01\u5b89\u7a7a\u6295\u5408\u7ea6\", \"message_type\": \"text\", \"sender_username\": null, \"media_path\": null, \"is_outgoing\": false, \"reply_to_msg_id\": null, \"timestamp\": \"2026-03-15T18:18:26+00:00\", \"is_read\": false, \"created_at\": \"2026-03-16T02:18:27.319556\"}"]
[2026-03-16T02:19:31+08:00][info] 6285639416:tdata8:messages:temp_8564033513.session:6285639416
[2026-03-16T02:19:31+08:00][info] 6285639416:["{\"message_id\": 2779, \"chat_id\": \"6285639416\", \"account_id\": \"temp_8564033513.session\", \"sender_id\": 6285639416, \"sender_name\": \"User_6285639416\", \"message_text\": \"234\", \"message_type\": \"text\", \"sender_username\": null, \"media_path\": null, \"is_outgoing\": false, \"reply_to_msg_id\": null, \"timestamp\": \"2026-03-15T18:16:34+00:00\", \"is_read\": false, \"created_at\": \"2026-03-16T02:16:34.350884\"}"]
[2026-03-16T02:19:31+08:00][info] -5072487869:tdata8:group_message_-5072487869:temp_8564033513.session
[2026-03-16T02:19:31+08:00][info] -5072487869:["{\"message_id\": 2780, \"chat_id\": \"-5072487869\", \"account_id\": \"temp_8564033513.session\", \"sender_id\": 8524606971, \"sender_name\": \"User_8524606971\", \"message_text\": \"\u63d0\u5e01\u51b2\u5e01\u5b89\u7a7a\u6295\u5408\u7ea6\", \"message_type\": \"text\", \"sender_username\": null, \"media_path\": null, \"is_outgoing\": false, \"reply_to_msg_id\": null, \"timestamp\": \"2026-03-15T18:18:26+00:00\", \"is_read\": false, \"created_at\": \"2026-03-16T02:18:27.319556\"}"]
[2026-03-16T02:19:42+08:00][info] 6285639416:tdata8:messages:temp_8564033513.session:6285639416
[2026-03-16T02:19:42+08:00][info] 6285639416:["{\"message_id\": 2779, \"chat_id\": \"6285639416\", \"account_id\": \"temp_8564033513.session\", \"sender_id\": 6285639416, \"sender_name\": \"User_6285639416\", \"message_text\": \"234\", \"message_type\": \"text\", \"sender_username\": null, \"media_path\": null, \"is_outgoing\": false, \"reply_to_msg_id\": null, \"timestamp\": \"2026-03-15T18:16:34+00:00\", \"is_read\": false, \"created_at\": \"2026-03-16T02:16:34.350884\"}"]
[2026-03-16T02:19:42+08:00][info] -5072487869:tdata8:group_message_-5072487869:temp_8564033513.session
[2026-03-16T02:19:42+08:00][info] -5072487869:["{\"message_id\": 2782, \"chat_id\": \"-5072487869\", \"account_id\": \"temp_8564033513.session\", \"sender_id\": 6285639416, \"sender_name\": \"User_6285639416\", \"message_text\": \"31\", \"message_type\": \"text\", \"sender_username\": null, \"media_path\": null, \"is_outgoing\": false, \"reply_to_msg_id\": null, \"timestamp\": \"2026-03-15T18:19:31+00:00\", \"is_read\": false, \"created_at\": \"2026-03-16T02:19:32.121721\"}"]
[2026-03-16T02:19:52+08:00][info] 6285639416:tdata8:messages:temp_8564033513.session:6285639416
[2026-03-16T02:19:52+08:00][info] 6285639416:["{\"message_id\": 2779, \"chat_id\": \"6285639416\", \"account_id\": \"temp_8564033513.session\", \"sender_id\": 6285639416, \"sender_name\": \"User_6285639416\", \"message_text\": \"234\", \"message_type\": \"text\", \"sender_username\": null, \"media_path\": null, \"is_outgoing\": false, \"reply_to_msg_id\": null, \"timestamp\": \"2026-03-15T18:16:34+00:00\", \"is_read\": false, \"created_at\": \"2026-03-16T02:16:34.350884\"}"]
[2026-03-16T02:19:52+08:00][info] -5072487869:tdata8:group_message_-5072487869:temp_8564033513.session
[2026-03-16T02:19:52+08:00][info] -5072487869:["{\"message_id\": 2782, \"chat_id\": \"-5072487869\", \"account_id\": \"temp_8564033513.session\", \"sender_id\": 6285639416, \"sender_name\": \"User_6285639416\", \"message_text\": \"31\", \"message_type\": \"text\", \"sender_username\": null, \"media_path\": null, \"is_outgoing\": false, \"reply_to_msg_id\": null, \"timestamp\": \"2026-03-15T18:19:31+00:00\", \"is_read\": false, \"created_at\": \"2026-03-16T02:19:32.121721\"}"]
[2026-03-16T02:20:02+08:00][info] 6285639416:tdata8:messages:temp_8564033513.session:6285639416
[2026-03-16T02:20:02+08:00][info] 6285639416:["{\"message_id\": 2779, \"chat_id\": \"6285639416\", \"account_id\": \"temp_8564033513.session\", \"sender_id\": 6285639416, \"sender_name\": \"User_6285639416\", \"message_text\": \"234\", \"message_type\": \"text\", \"sender_username\": null, \"media_path\": null, \"is_outgoing\": false, \"reply_to_msg_id\": null, \"timestamp\": \"2026-03-15T18:16:34+00:00\", \"is_read\": false, \"created_at\": \"2026-03-16T02:16:34.350884\"}"]
[2026-03-16T02:20:02+08:00][info] -5072487869:tdata8:group_message_-5072487869:temp_8564033513.session
[2026-03-16T02:20:02+08:00][info] -5072487869:["{\"message_id\": 2782, \"chat_id\": \"-5072487869\", \"account_id\": \"temp_8564033513.session\", \"sender_id\": 6285639416, \"sender_name\": \"User_6285639416\", \"message_text\": \"31\", \"message_type\": \"text\", \"sender_username\": null, \"media_path\": null, \"is_outgoing\": false, \"reply_to_msg_id\": null, \"timestamp\": \"2026-03-15T18:19:31+00:00\", \"is_read\": false, \"created_at\": \"2026-03-16T02:19:32.121721\"}"]
[2026-03-16T02:20:12+08:00][info] 6285639416:tdata8:messages:temp_8564033513.session:6285639416
[2026-03-16T02:20:12+08:00][info] 6285639416:["{\"message_id\": 2779, \"chat_id\": \"6285639416\", \"account_id\": \"temp_8564033513.session\", \"sender_id\": 6285639416, \"sender_name\": \"User_6285639416\", \"message_text\": \"234\", \"message_type\": \"text\", \"sender_username\": null, \"media_path\": null, \"is_outgoing\": false, \"reply_to_msg_id\": null, \"timestamp\": \"2026-03-15T18:16:34+00:00\", \"is_read\": false, \"created_at\": \"2026-03-16T02:16:34.350884\"}"]
[2026-03-16T02:20:12+08:00][info] -5072487869:tdata8:group_message_-5072487869:temp_8564033513.session
[2026-03-16T02:20:12+08:00][info] -5072487869:["{\"message_id\": 2782, \"chat_id\": \"-5072487869\", \"account_id\": \"temp_8564033513.session\", \"sender_id\": 6285639416, \"sender_name\": \"User_6285639416\", \"message_text\": \"31\", \"message_type\": \"text\", \"sender_username\": null, \"media_path\": null, \"is_outgoing\": false, \"reply_to_msg_id\": null, \"timestamp\": \"2026-03-15T18:19:31+00:00\", \"is_read\": false, \"created_at\": \"2026-03-16T02:19:32.121721\"}"]
[2026-03-16T02:20:22+08:00][info] 6285639416:tdata8:messages:temp_8564033513.session:6285639416
[2026-03-16T02:20:22+08:00][info] 6285639416:["{\"message_id\": 2779, \"chat_id\": \"6285639416\", \"account_id\": \"temp_8564033513.session\", \"sender_id\": 6285639416, \"sender_name\": \"User_6285639416\", \"message_text\": \"234\", \"message_type\": \"text\", \"sender_username\": null, \"media_path\": null, \"is_outgoing\": false, \"reply_to_msg_id\": null, \"timestamp\": \"2026-03-15T18:16:34+00:00\", \"is_read\": false, \"created_at\": \"2026-03-16T02:16:34.350884\"}"]
[2026-03-16T02:20:22+08:00][info] -5072487869:tdata8:group_message_-5072487869:temp_8564033513.session
[2026-03-16T02:20:22+08:00][info] -5072487869:["{\"message_id\": 2782, \"chat_id\": \"-5072487869\", \"account_id\": \"temp_8564033513.session\", \"sender_id\": 6285639416, \"sender_name\": \"User_6285639416\", \"message_text\": \"31\", \"message_type\": \"text\", \"sender_username\": null, \"media_path\": null, \"is_outgoing\": false, \"reply_to_msg_id\": null, \"timestamp\": \"2026-03-15T18:19:31+00:00\", \"is_read\": false, \"created_at\": \"2026-03-16T02:19:32.121721\"}"]
[2026-03-16T02:20:32+08:00][info] 6285639416:tdata8:messages:temp_8564033513.session:6285639416
[2026-03-16T02:20:32+08:00][info] 6285639416:["{\"message_id\": 2779, \"chat_id\": \"6285639416\", \"account_id\": \"temp_8564033513.session\", \"sender_id\": 6285639416, \"sender_name\": \"User_6285639416\", \"message_text\": \"234\", \"message_type\": \"text\", \"sender_username\": null, \"media_path\": null, \"is_outgoing\": false, \"reply_to_msg_id\": null, \"timestamp\": \"2026-03-15T18:16:34+00:00\", \"is_read\": false, \"created_at\": \"2026-03-16T02:16:34.350884\"}"]
[2026-03-16T02:20:32+08:00][info] -5072487869:tdata8:group_message_-5072487869:temp_8564033513.session
[2026-03-16T02:20:32+08:00][info] -5072487869:["{\"message_id\": 2782, \"chat_id\": \"-5072487869\", \"account_id\": \"temp_8564033513.session\", \"sender_id\": 6285639416, \"sender_name\": \"User_6285639416\", \"message_text\": \"31\", \"message_type\": \"text\", \"sender_username\": null, \"media_path\": null, \"is_outgoing\": false, \"reply_to_msg_id\": null, \"timestamp\": \"2026-03-15T18:19:31+00:00\", \"is_read\": false, \"created_at\": \"2026-03-16T02:19:32.121721\"}"]
[2026-03-16T02:21:32+08:00][info] 6285639416:tdata8:messages:temp_8564033513.session:6285639416
[2026-03-16T02:21:32+08:00][info] 6285639416:["{\"message_id\": 2779, \"chat_id\": \"6285639416\", \"account_id\": \"temp_8564033513.session\", \"sender_id\": 6285639416, \"sender_name\": \"User_6285639416\", \"message_text\": \"234\", \"message_type\": \"text\", \"sender_username\": null, \"media_path\": null, \"is_outgoing\": false, \"reply_to_msg_id\": null, \"timestamp\": \"2026-03-15T18:16:34+00:00\", \"is_read\": false, \"created_at\": \"2026-03-16T02:16:34.350884\"}"]
[2026-03-16T02:21:32+08:00][info] -5072487869:tdata8:group_message_-5072487869:temp_8564033513.session
[2026-03-16T02:21:32+08:00][info] -5072487869:["{\"message_id\": 2783, \"chat_id\": \"-5072487869\", \"account_id\": \"temp_8564033513.session\", \"sender_id\": 8298330802, \"sender_name\": \"User_8298330802\", \"message_text\": \"\u54c8\u54c8 \u6211\u628a\u623f\u9876\u90fd\u6380\u4e86\uff0c\u5c31\u662f\u4e3a\u4e86\u63a5\u4f4f\u8fd9\u6ce2\u7834\u5929\u8d22\u5bcc\", \"message_type\": \"text\", \"sender_username\": null, \"media_path\": null, \"is_outgoing\": false, \"reply_to_msg_id\": null, \"timestamp\": \"2026-03-15T18:20:42+00:00\", \"is_read\": false, \"created_at\": \"2026-03-16T02:20:43.001639\"}"]
[2026-03-16T02:22:32+08:00][info] 6285639416:tdata8:messages:temp_8564033513.session:6285639416
[2026-03-16T02:22:32+08:00][info] 6285639416:["{\"message_id\": 2779, \"chat_id\": \"6285639416\", \"account_id\": \"temp_8564033513.session\", \"sender_id\": 6285639416, \"sender_name\": \"User_6285639416\", \"message_text\": \"234\", \"message_type\": \"text\", \"sender_username\": null, \"media_path\": null, \"is_outgoing\": false, \"reply_to_msg_id\": null, \"timestamp\": \"2026-03-15T18:16:34+00:00\", \"is_read\": false, \"created_at\": \"2026-03-16T02:16:34.350884\"}"]
[2026-03-16T02:22:32+08:00][info] -5072487869:tdata8:group_message_-5072487869:temp_8564033513.session
[2026-03-16T02:22:32+08:00][info] -5072487869:["{\"message_id\": 2783, \"chat_id\": \"-5072487869\", \"account_id\": \"temp_8564033513.session\", \"sender_id\": 8298330802, \"sender_name\": \"User_8298330802\", \"message_text\": \"\u54c8\u54c8 \u6211\u628a\u623f\u9876\u90fd\u6380\u4e86\uff0c\u5c31\u662f\u4e3a\u4e86\u63a5\u4f4f\u8fd9\u6ce2\u7834\u5929\u8d22\u5bcc\", \"message_type\": \"text\", \"sender_username\": null, \"media_path\": null, \"is_outgoing\": false, \"reply_to_msg_id\": null, \"timestamp\": \"2026-03-15T18:20:42+00:00\", \"is_read\": false, \"created_at\": \"2026-03-16T02:20:43.001639\"}"]
[2026-03-16T02:23:32+08:00][info] 6285639416:tdata8:messages:temp_8564033513.session:6285639416
[2026-03-16T02:23:32+08:00][info] 6285639416:["{\"message_id\": 2779, \"chat_id\": \"6285639416\", \"account_id\": \"temp_8564033513.session\", \"sender_id\": 6285639416, \"sender_name\": \"User_6285639416\", \"message_text\": \"234\", \"message_type\": \"text\", \"sender_username\": null, \"media_path\": null, \"is_outgoing\": false, \"reply_to_msg_id\": null, \"timestamp\": \"2026-03-15T18:16:34+00:00\", \"is_read\": false, \"created_at\": \"2026-03-16T02:16:34.350884\"}"]
[2026-03-16T02:23:32+08:00][info] -5072487869:tdata8:group_message_-5072487869:temp_8564033513.session
[2026-03-16T02:23:32+08:00][info] -5072487869:["{\"message_id\": 2784, \"chat_id\": \"-5072487869\", \"account_id\": \"temp_8564033513.session\", \"sender_id\": 8408358101, \"sender_name\": \"User_8408358101\", \"message_text\": \"\u5927\u4f6c\u8fd9\u4e48\u5feb\uff0c\u672c\u91d1\u7ffb\u4e86\u591a\u5c11\", \"message_type\": \"text\", \"sender_username\": null, \"media_path\": null, \"is_outgoing\": false, \"reply_to_msg_id\": null, \"timestamp\": \"2026-03-15T18:22:47+00:00\", \"is_read\": false, \"created_at\": \"2026-03-16T02:22:47.970855\"}"]
[2026-03-16T02:24:32+08:00][info] 6285639416:tdata8:messages:temp_8564033513.session:6285639416
[2026-03-16T02:24:32+08:00][info] 6285639416:["{\"message_id\": 2779, \"chat_id\": \"6285639416\", \"account_id\": \"temp_8564033513.session\", \"sender_id\": 6285639416, \"sender_name\": \"User_6285639416\", \"message_text\": \"234\", \"message_type\": \"text\", \"sender_username\": null, \"media_path\": null, \"is_outgoing\": false, \"reply_to_msg_id\": null, \"timestamp\": \"2026-03-15T18:16:34+00:00\", \"is_read\": false, \"created_at\": \"2026-03-16T02:16:34.350884\"}"]
[2026-03-16T02:24:32+08:00][info] -5072487869:tdata8:group_message_-5072487869:temp_8564033513.session
[2026-03-16T02:24:32+08:00][info] -5072487869:["{\"message_id\": 2784, \"chat_id\": \"-5072487869\", \"account_id\": \"temp_8564033513.session\", \"sender_id\": 8408358101, \"sender_name\": \"User_8408358101\", \"message_text\": \"\u5927\u4f6c\u8fd9\u4e48\u5feb\uff0c\u672c\u91d1\u7ffb\u4e86\u591a\u5c11\", \"message_type\": \"text\", \"sender_username\": null, \"media_path\": null, \"is_outgoing\": false, \"reply_to_msg_id\": null, \"timestamp\": \"2026-03-15T18:22:47+00:00\", \"is_read\": false, \"created_at\": \"2026-03-16T02:22:47.970855\"}"]
[2026-03-16T02:25:32+08:00][info] 6285639416:tdata8:messages:temp_8564033513.session:6285639416
[2026-03-16T02:25:32+08:00][info] 6285639416:["{\"message_id\": 2779, \"chat_id\": \"6285639416\", \"account_id\": \"temp_8564033513.session\", \"sender_id\": 6285639416, \"sender_name\": \"User_6285639416\", \"message_text\": \"234\", \"message_type\": \"text\", \"sender_username\": null, \"media_path\": null, \"is_outgoing\": false, \"reply_to_msg_id\": null, \"timestamp\": \"2026-03-15T18:16:34+00:00\", \"is_read\": false, \"created_at\": \"2026-03-16T02:16:34.350884\"}"]
[2026-03-16T02:25:32+08:00][info] -5072487869:tdata8:group_message_-5072487869:temp_8564033513.session
[2026-03-16T02:25:32+08:00][info] -5072487869:["{\"message_id\": 2784, \"chat_id\": \"-5072487869\", \"account_id\": \"temp_8564033513.session\", \"sender_id\": 8408358101, \"sender_name\": \"User_8408358101\", \"message_text\": \"\u5927\u4f6c\u8fd9\u4e48\u5feb\uff0c\u672c\u91d1\u7ffb\u4e86\u591a\u5c11\", \"message_type\": \"text\", \"sender_username\": null, \"media_path\": null, \"is_outgoing\": false, \"reply_to_msg_id\": null, \"timestamp\": \"2026-03-15T18:22:47+00:00\", \"is_read\": false, \"created_at\": \"2026-03-16T02:22:47.970855\"}"]
[2026-03-16T02:26:32+08:00][info] 6285639416:tdata8:messages:temp_8564033513.session:6285639416
[2026-03-16T02:26:32+08:00][info] 6285639416:["{\"message_id\": 2779, \"chat_id\": \"6285639416\", \"account_id\": \"temp_8564033513.session\", \"sender_id\": 6285639416, \"sender_name\": \"User_6285639416\", \"message_text\": \"234\", \"message_type\": \"text\", \"sender_username\": null, \"media_path\": null, \"is_outgoing\": false, \"reply_to_msg_id\": null, \"timestamp\": \"2026-03-15T18:16:34+00:00\", \"is_read\": false, \"created_at\": \"2026-03-16T02:16:34.350884\"}"]
[2026-03-16T02:26:32+08:00][info] -5072487869:tdata8:group_message_-5072487869:temp_8564033513.session
[2026-03-16T02:26:32+08:00][info] -5072487869:["{\"message_id\": 2784, \"chat_id\": \"-5072487869\", \"account_id\": \"temp_8564033513.session\", \"sender_id\": 8408358101, \"sender_name\": \"User_8408358101\", \"message_text\": \"\u5927\u4f6c\u8fd9\u4e48\u5feb\uff0c\u672c\u91d1\u7ffb\u4e86\u591a\u5c11\", \"message_type\": \"text\", \"sender_username\": null, \"media_path\": null, \"is_outgoing\": false, \"reply_to_msg_id\": null, \"timestamp\": \"2026-03-15T18:22:47+00:00\", \"is_read\": false, \"created_at\": \"2026-03-16T02:22:47.970855\"}"]
[2026-03-16T02:27:32+08:00][info] 6285639416:tdata8:messages:temp_8564033513.session:6285639416
[2026-03-16T02:27:32+08:00][info] 6285639416:["{\"message_id\": 2779, \"chat_id\": \"6285639416\", \"account_id\": \"temp_8564033513.session\", \"sender_id\": 6285639416, \"sender_name\": \"User_6285639416\", \"message_text\": \"234\", \"message_type\": \"text\", \"sender_username\": null, \"media_path\": null, \"is_outgoing\": false, \"reply_to_msg_id\": null, \"timestamp\": \"2026-03-15T18:16:34+00:00\", \"is_read\": false, \"created_at\": \"2026-03-16T02:16:34.350884\"}"]
[2026-03-16T02:27:32+08:00][info] -5072487869:tdata8:group_message_-5072487869:temp_8564033513.session
[2026-03-16T02:27:32+08:00][info] -5072487869:["{\"message_id\": 2784, \"chat_id\": \"-5072487869\", \"account_id\": \"temp_8564033513.session\", \"sender_id\": 8408358101, \"sender_name\": \"User_8408358101\", \"message_text\": \"\u5927\u4f6c\u8fd9\u4e48\u5feb\uff0c\u672c\u91d1\u7ffb\u4e86\u591a\u5c11\", \"message_type\": \"text\", \"sender_username\": null, \"media_path\": null, \"is_outgoing\": false, \"reply_to_msg_id\": null, \"timestamp\": \"2026-03-15T18:22:47+00:00\", \"is_read\": false, \"created_at\": \"2026-03-16T02:22:47.970855\"}"]
[2026-03-16T02:28:26+08:00][info] 6285639416:tdata8:messages:temp_8564033513.session:6285639416
[2026-03-16T02:28:26+08:00][info] 6285639416:["{\"message_id\": 2779, \"chat_id\": \"6285639416\", \"account_id\": \"temp_8564033513.session\", \"sender_id\": 6285639416, \"sender_name\": \"User_6285639416\", \"message_text\": \"234\", \"message_type\": \"text\", \"sender_username\": null, \"media_path\": null, \"is_outgoing\": false, \"reply_to_msg_id\": null, \"timestamp\": \"2026-03-15T18:16:34+00:00\", \"is_read\": false, \"created_at\": \"2026-03-16T02:16:34.350884\"}"]
[2026-03-16T02:28:26+08:00][info] -5072487869:tdata8:group_message_-5072487869:temp_8564033513.session
[2026-03-16T02:28:26+08:00][info] -5072487869:["{\"message_id\": 2784, \"chat_id\": \"-5072487869\", \"account_id\": \"temp_8564033513.session\", \"sender_id\": 8408358101, \"sender_name\": \"User_8408358101\", \"message_text\": \"\u5927\u4f6c\u8fd9\u4e48\u5feb\uff0c\u672c\u91d1\u7ffb\u4e86\u591a\u5c11\", \"message_type\": \"text\", \"sender_username\": null, \"media_path\": null, \"is_outgoing\": false, \"reply_to_msg_id\": null, \"timestamp\": \"2026-03-15T18:22:47+00:00\", \"is_read\": false, \"created_at\": \"2026-03-16T02:22:47.970855\"}"]
[2026-03-16T02:28:32+08:00][info] 6285639416:tdata8:messages:temp_8564033513.session:6285639416
[2026-03-16T02:28:32+08:00][info] 6285639416:["{\"message_id\": 2779, \"chat_id\": \"6285639416\", \"account_id\": \"temp_8564033513.session\", \"sender_id\": 6285639416, \"sender_name\": \"User_6285639416\", \"message_text\": \"234\", \"message_type\": \"text\", \"sender_username\": null, \"media_path\": null, \"is_outgoing\": false, \"reply_to_msg_id\": null, \"timestamp\": \"2026-03-15T18:16:34+00:00\", \"is_read\": false, \"created_at\": \"2026-03-16T02:16:34.350884\"}"]
[2026-03-16T02:28:32+08:00][info] -5072487869:tdata8:group_message_-5072487869:temp_8564033513.session
[2026-03-16T02:28:32+08:00][info] -5072487869:["{\"message_id\": 2784, \"chat_id\": \"-5072487869\", \"account_id\": \"temp_8564033513.session\", \"sender_id\": 8408358101, \"sender_name\": \"User_8408358101\", \"message_text\": \"\u5927\u4f6c\u8fd9\u4e48\u5feb\uff0c\u672c\u91d1\u7ffb\u4e86\u591a\u5c11\", \"message_type\": \"text\", \"sender_username\": null, \"media_path\": null, \"is_outgoing\": false, \"reply_to_msg_id\": null, \"timestamp\": \"2026-03-15T18:22:47+00:00\", \"is_read\": false, \"created_at\": \"2026-03-16T02:22:47.970855\"}"]
[2026-03-16T02:28:41+08:00][info] 6285639416:tdata8:messages:temp_8564033513.session:6285639416
[2026-03-16T02:28:41+08:00][info] 6285639416:["{\"message_id\": 2779, \"chat_id\": \"6285639416\", \"account_id\": \"temp_8564033513.session\", \"sender_id\": 6285639416, \"sender_name\": \"User_6285639416\", \"message_text\": \"234\", \"message_type\": \"text\", \"sender_username\": null, \"media_path\": null, \"is_outgoing\": false, \"reply_to_msg_id\": null, \"timestamp\": \"2026-03-15T18:16:34+00:00\", \"is_read\": false, \"created_at\": \"2026-03-16T02:16:34.350884\"}"]
[2026-03-16T02:28:41+08:00][info] -5072487869:tdata8:group_message_-5072487869:temp_8564033513.session
[2026-03-16T02:28:41+08:00][info] -5072487869:["{\"message_id\": 2784, \"chat_id\": \"-5072487869\", \"account_id\": \"temp_8564033513.session\", \"sender_id\": 8408358101, \"sender_name\": \"User_8408358101\", \"message_text\": \"\u5927\u4f6c\u8fd9\u4e48\u5feb\uff0c\u672c\u91d1\u7ffb\u4e86\u591a\u5c11\", \"message_type\": \"text\", \"sender_username\": null, \"media_path\": null, \"is_outgoing\": false, \"reply_to_msg_id\": null, \"timestamp\": \"2026-03-15T18:22:47+00:00\", \"is_read\": false, \"created_at\": \"2026-03-16T02:22:47.970855\"}"]
[2026-03-16T02:28:51+08:00][info] 6285639416:tdata8:messages:temp_8564033513.session:6285639416
[2026-03-16T02:28:51+08:00][info] 6285639416:["{\"message_id\": 2779, \"chat_id\": \"6285639416\", \"account_id\": \"temp_8564033513.session\", \"sender_id\": 6285639416, \"sender_name\": \"User_6285639416\", \"message_text\": \"234\", \"message_type\": \"text\", \"sender_username\": null, \"media_path\": null, \"is_outgoing\": false, \"reply_to_msg_id\": null, \"timestamp\": \"2026-03-15T18:16:34+00:00\", \"is_read\": false, \"created_at\": \"2026-03-16T02:16:34.350884\"}"]
[2026-03-16T02:28:51+08:00][info] -5072487869:tdata8:group_message_-5072487869:temp_8564033513.session
[2026-03-16T02:28:51+08:00][info] -5072487869:["{\"message_id\": 2784, \"chat_id\": \"-5072487869\", \"account_id\": \"temp_8564033513.session\", \"sender_id\": 8408358101, \"sender_name\": \"User_8408358101\", \"message_text\": \"\u5927\u4f6c\u8fd9\u4e48\u5feb\uff0c\u672c\u91d1\u7ffb\u4e86\u591a\u5c11\", \"message_type\": \"text\", \"sender_username\": null, \"media_path\": null, \"is_outgoing\": false, \"reply_to_msg_id\": null, \"timestamp\": \"2026-03-15T18:22:47+00:00\", \"is_read\": false, \"created_at\": \"2026-03-16T02:22:47.970855\"}"]
[2026-03-16T02:29:02+08:00][info] 6285639416:tdata8:messages:temp_8564033513.session:6285639416
[2026-03-16T02:29:02+08:00][info] 6285639416:["{\"message_id\": 2779, \"chat_id\": \"6285639416\", \"account_id\": \"temp_8564033513.session\", \"sender_id\": 6285639416, \"sender_name\": \"User_6285639416\", \"message_text\": \"234\", \"message_type\": \"text\", \"sender_username\": null, \"media_path\": null, \"is_outgoing\": false, \"reply_to_msg_id\": null, \"timestamp\": \"2026-03-15T18:16:34+00:00\", \"is_read\": false, \"created_at\": \"2026-03-16T02:16:34.350884\"}"]
[2026-03-16T02:29:02+08:00][info] -5072487869:tdata8:group_message_-5072487869:temp_8564033513.session
[2026-03-16T02:29:02+08:00][info] -5072487869:["{\"message_id\": 2784, \"chat_id\": \"-5072487869\", \"account_id\": \"temp_8564033513.session\", \"sender_id\": 8408358101, \"sender_name\": \"User_8408358101\", \"message_text\": \"\u5927\u4f6c\u8fd9\u4e48\u5feb\uff0c\u672c\u91d1\u7ffb\u4e86\u591a\u5c11\", \"message_type\": \"text\", \"sender_username\": null, \"media_path\": null, \"is_outgoing\": false, \"reply_to_msg_id\": null, \"timestamp\": \"2026-03-15T18:22:47+00:00\", \"is_read\": false, \"created_at\": \"2026-03-16T02:22:47.970855\"}"]
[2026-03-16T02:29:12+08:00][info] 6285639416:tdata8:messages:temp_8564033513.session:6285639416
[2026-03-16T02:29:12+08:00][info] 6285639416:["{\"message_id\": 2779, \"chat_id\": \"6285639416\", \"account_id\": \"temp_8564033513.session\", \"sender_id\": 6285639416, \"sender_name\": \"User_6285639416\", \"message_text\": \"234\", \"message_type\": \"text\", \"sender_username\": null, \"media_path\": null, \"is_outgoing\": false, \"reply_to_msg_id\": null, \"timestamp\": \"2026-03-15T18:16:34+00:00\", \"is_read\": false, \"created_at\": \"2026-03-16T02:16:34.350884\"}"]
[2026-03-16T02:29:12+08:00][info] -5072487869:tdata8:group_message_-5072487869:temp_8564033513.session
[2026-03-16T02:29:12+08:00][info] -5072487869:["{\"message_id\": 2784, \"chat_id\": \"-5072487869\", \"account_id\": \"temp_8564033513.session\", \"sender_id\": 8408358101, \"sender_name\": \"User_8408358101\", \"message_text\": \"\u5927\u4f6c\u8fd9\u4e48\u5feb\uff0c\u672c\u91d1\u7ffb\u4e86\u591a\u5c11\", \"message_type\": \"text\", \"sender_username\": null, \"media_path\": null, \"is_outgoing\": false, \"reply_to_msg_id\": null, \"timestamp\": \"2026-03-15T18:22:47+00:00\", \"is_read\": false, \"created_at\": \"2026-03-16T02:22:47.970855\"}"]
[2026-03-16T02:29:22+08:00][info] 6285639416:tdata8:messages:temp_8564033513.session:6285639416
[2026-03-16T02:29:22+08:00][info] 6285639416:["{\"message_id\": 2779, \"chat_id\": \"6285639416\", \"account_id\": \"temp_8564033513.session\", \"sender_id\": 6285639416, \"sender_name\": \"User_6285639416\", \"message_text\": \"234\", \"message_type\": \"text\", \"sender_username\": null, \"media_path\": null, \"is_outgoing\": false, \"reply_to_msg_id\": null, \"timestamp\": \"2026-03-15T18:16:34+00:00\", \"is_read\": false, \"created_at\": \"2026-03-16T02:16:34.350884\"}"]
[2026-03-16T02:29:22+08:00][info] -5072487869:tdata8:group_message_-5072487869:temp_8564033513.session
[2026-03-16T02:29:22+08:00][info] -5072487869:["{\"message_id\": 2784, \"chat_id\": \"-5072487869\", \"account_id\": \"temp_8564033513.session\", \"sender_id\": 8408358101, \"sender_name\": \"User_8408358101\", \"message_text\": \"\u5927\u4f6c\u8fd9\u4e48\u5feb\uff0c\u672c\u91d1\u7ffb\u4e86\u591a\u5c11\", \"message_type\": \"text\", \"sender_username\": null, \"media_path\": null, \"is_outgoing\": false, \"reply_to_msg_id\": null, \"timestamp\": \"2026-03-15T18:22:47+00:00\", \"is_read\": false, \"created_at\": \"2026-03-16T02:22:47.970855\"}"]
[2026-03-16T02:29:32+08:00][info] 6285639416:tdata8:messages:temp_8564033513.session:6285639416
[2026-03-16T02:29:32+08:00][info] 6285639416:["{\"message_id\": 2779, \"chat_id\": \"6285639416\", \"account_id\": \"temp_8564033513.session\", \"sender_id\": 6285639416, \"sender_name\": \"User_6285639416\", \"message_text\": \"234\", \"message_type\": \"text\", \"sender_username\": null, \"media_path\": null, \"is_outgoing\": false, \"reply_to_msg_id\": null, \"timestamp\": \"2026-03-15T18:16:34+00:00\", \"is_read\": false, \"created_at\": \"2026-03-16T02:16:34.350884\"}"]
[2026-03-16T02:29:32+08:00][info] -5072487869:tdata8:group_message_-5072487869:temp_8564033513.session
[2026-03-16T02:29:32+08:00][info] -5072487869:["{\"message_id\": 2784, \"chat_id\": \"-5072487869\", \"account_id\": \"temp_8564033513.session\", \"sender_id\": 8408358101, \"sender_name\": \"User_8408358101\", \"message_text\": \"\u5927\u4f6c\u8fd9\u4e48\u5feb\uff0c\u672c\u91d1\u7ffb\u4e86\u591a\u5c11\", \"message_type\": \"text\", \"sender_username\": null, \"media_path\": null, \"is_outgoing\": false, \"reply_to_msg_id\": null, \"timestamp\": \"2026-03-15T18:22:47+00:00\", \"is_read\": false, \"created_at\": \"2026-03-16T02:22:47.970855\"}"]
[2026-03-16T02:29:41+08:00][info] 6399889014:tdata8:messages:temp_8564033513.session:6399889014
[2026-03-16T02:29:41+08:00][info] 6399889014:["{\"message_id\": 2789, \"chat_id\": \"6399889014\", \"account_id\": \"temp_8564033513.session\", \"sender_id\": 6399889014, \"sender_name\": \"User_6399889014\", \"message_text\": \"55\", \"message_type\": \"text\", \"sender_username\": null, \"media_path\": null, \"is_outgoing\": false, \"reply_to_msg_id\": null, \"timestamp\": \"2026-03-15T18:29:40+00:00\", \"is_read\": false, \"created_at\": \"2026-03-16T02:29:41.485678\"}"]
[2026-03-16T02:29:41+08:00][info] 6285639416:tdata8:messages:temp_8564033513.session:6285639416
[2026-03-16T02:29:41+08:00][info] 6285639416:["{\"message_id\": 2779, \"chat_id\": \"6285639416\", \"account_id\": \"temp_8564033513.session\", \"sender_id\": 6285639416, \"sender_name\": \"User_6285639416\", \"message_text\": \"234\", \"message_type\": \"text\", \"sender_username\": null, \"media_path\": null, \"is_outgoing\": false, \"reply_to_msg_id\": null, \"timestamp\": \"2026-03-15T18:16:34+00:00\", \"is_read\": false, \"created_at\": \"2026-03-16T02:16:34.350884\"}"]
[2026-03-16T02:29:41+08:00][info] -5072487869:tdata8:group_message_-5072487869:temp_8564033513.session
[2026-03-16T02:29:41+08:00][info] -5072487869:["{\"message_id\": 2784, \"chat_id\": \"-5072487869\", \"account_id\": \"temp_8564033513.session\", \"sender_id\": 8408358101, \"sender_name\": \"User_8408358101\", \"message_text\": \"\u5927\u4f6c\u8fd9\u4e48\u5feb\uff0c\u672c\u91d1\u7ffb\u4e86\u591a\u5c11\", \"message_type\": \"text\", \"sender_username\": null, \"media_path\": null, \"is_outgoing\": false, \"reply_to_msg_id\": null, \"timestamp\": \"2026-03-15T18:22:47+00:00\", \"is_read\": false, \"created_at\": \"2026-03-16T02:22:47.970855\"}"]
[2026-03-16T02:29:50+08:00][info] {"action":"send_messages","api_id":"2040","api_hash":"b18441a1ff607e10a989891a5462e627","tdata_path":"\/www\/wwwroot\/tdata.tgbota.top\/public\/uploads\/admin\/202603\/69b10fe00169d\/13528023939\/tdata\/temp_8564033513.session","proxy":"socks5:\/\/user-splmqynpf0-country-jp:9u6virjzTwd1PRZp4=@isp.decodo.com:10184","session_path":"\/www\/wwwroot\/tdata.tgbota.top\/public\/uploads\/admin\/202603\/69b10fe00169d\/13528023939\/tdata\/temp_8564033513.session","group_id":"6399889014","message_type":"text","message_text":"234\n11","first_msg_id":0,"feedback_type":"","last_api_address":"http:\/\/127.0.0.1:5014"}
[2026-03-16T02:29:50+08:00][info] 接口调用成功actionsend_messages,result{"status":true,"message":"发送完成，成功0个，失败1个[{'group_id': 6399889014, 'recognized_as_link': False, 'group_identifier': '6399889014', 'type': 'unknown', 'message': '无法识别目标标识符: 6399889014 (既不是有效的ID也不是用户名)'}]","data":{"success":[],"failed":[{"group_id":6399889014,"recognized_as_link":false,"group_identifier":"6399889014","type":"unknown","message":"无法识别目标标识符: 6399889014 (既不是有效的ID也不是用户名)"}],"debug":["处理标识符: 6399889014, 清理后: 6399889014, 识别为链接: False, 识别为数字ID: True","直接获取数字ID失败，尝试其他方式: Could not find the input entity for PeerUser(user_id=6399889014) (PeerUser). Please read https:\/\/docs.telethon.dev\/en\/stable\/concepts\/entities.html to find out more details."],"warning":""},"api_address":"185.165.170.142:5014"}
[2026-03-16T02:29:51+08:00][info] 6399889014:tdata8:messages:temp_8564033513.session:6399889014
[2026-03-16T02:29:51+08:00][info] 6399889014:["{\"message_id\": 2789, \"chat_id\": \"6399889014\", \"account_id\": \"temp_8564033513.session\", \"sender_id\": 6399889014, \"sender_name\": \"User_6399889014\", \"message_text\": \"55\", \"message_type\": \"text\", \"sender_username\": null, \"media_path\": null, \"is_outgoing\": false, \"reply_to_msg_id\": null, \"timestamp\": \"2026-03-15T18:29:40+00:00\", \"is_read\": false, \"created_at\": \"2026-03-16T02:29:41.485678\"}"]
[2026-03-16T02:29:51+08:00][info] 6285639416:tdata8:messages:temp_8564033513.session:6285639416
[2026-03-16T02:29:51+08:00][info] 6285639416:["{\"message_id\": 2779, \"chat_id\": \"6285639416\", \"account_id\": \"temp_8564033513.session\", \"sender_id\": 6285639416, \"sender_name\": \"User_6285639416\", \"message_text\": \"234\", \"message_type\": \"text\", \"sender_username\": null, \"media_path\": null, \"is_outgoing\": false, \"reply_to_msg_id\": null, \"timestamp\": \"2026-03-15T18:16:34+00:00\", \"is_read\": false, \"created_at\": \"2026-03-16T02:16:34.350884\"}"]
[2026-03-16T02:29:51+08:00][info] -5072487869:tdata8:group_message_-5072487869:temp_8564033513.session
[2026-03-16T02:29:51+08:00][info] -5072487869:["{\"message_id\": 2784, \"chat_id\": \"-5072487869\", \"account_id\": \"temp_8564033513.session\", \"sender_id\": 8408358101, \"sender_name\": \"User_8408358101\", \"message_text\": \"\u5927\u4f6c\u8fd9\u4e48\u5feb\uff0c\u672c\u91d1\u7ffb\u4e86\u591a\u5c11\", \"message_type\": \"text\", \"sender_username\": null, \"media_path\": null, \"is_outgoing\": false, \"reply_to_msg_id\": null, \"timestamp\": \"2026-03-15T18:22:47+00:00\", \"is_read\": false, \"created_at\": \"2026-03-16T02:22:47.970855\"}"]
[2026-03-16T02:30:02+08:00][info] 6399889014:tdata8:messages:temp_8564033513.session:6399889014
[2026-03-16T02:30:02+08:00][info] 6399889014:["{\"message_id\": 2789, \"chat_id\": \"6399889014\", \"account_id\": \"temp_8564033513.session\", \"sender_id\": 6399889014, \"sender_name\": \"User_6399889014\", \"message_text\": \"55\", \"message_type\": \"text\", \"sender_username\": null, \"media_path\": null, \"is_outgoing\": false, \"reply_to_msg_id\": null, \"timestamp\": \"2026-03-15T18:29:40+00:00\", \"is_read\": false, \"created_at\": \"2026-03-16T02:29:41.485678\"}"]
[2026-03-16T02:30:02+08:00][info] 6285639416:tdata8:messages:temp_8564033513.session:6285639416
[2026-03-16T02:30:02+08:00][info] 6285639416:["{\"message_id\": 2779, \"chat_id\": \"6285639416\", \"account_id\": \"temp_8564033513.session\", \"sender_id\": 6285639416, \"sender_name\": \"User_6285639416\", \"message_text\": \"234\", \"message_type\": \"text\", \"sender_username\": null, \"media_path\": null, \"is_outgoing\": false, \"reply_to_msg_id\": null, \"timestamp\": \"2026-03-15T18:16:34+00:00\", \"is_read\": false, \"created_at\": \"2026-03-16T02:16:34.350884\"}"]
[2026-03-16T02:30:02+08:00][info] -5072487869:tdata8:group_message_-5072487869:temp_8564033513.session
[2026-03-16T02:30:02+08:00][info] -5072487869:["{\"message_id\": 2790, \"chat_id\": \"-5072487869\", \"account_id\": \"temp_8564033513.session\", \"sender_id\": 8062228317, \"sender_name\": \"User_8062228317\", \"message_text\": \"\u8c22\u8c22\u5e01\u5b89\u7684\u7a7a\u6295\u5408\u7ea6BNB\u6536\u5230\u4e86\", \"message_type\": \"text\", \"sender_username\": null, \"media_path\": null, \"is_outgoing\": false, \"reply_to_msg_id\": null, \"timestamp\": \"2026-03-15T18:30:00+00:00\", \"is_read\": false, \"created_at\": \"2026-03-16T02:30:01.564095\"}"]
[2026-03-16T02:30:11+08:00][info] 6399889014:tdata8:messages:temp_8564033513.session:6399889014
[2026-03-16T02:30:11+08:00][info] 6399889014:["{\"message_id\": 2789, \"chat_id\": \"6399889014\", \"account_id\": \"temp_8564033513.session\", \"sender_id\": 6399889014, \"sender_name\": \"User_6399889014\", \"message_text\": \"55\", \"message_type\": \"text\", \"sender_username\": null, \"media_path\": null, \"is_outgoing\": false, \"reply_to_msg_id\": null, \"timestamp\": \"2026-03-15T18:29:40+00:00\", \"is_read\": false, \"created_at\": \"2026-03-16T02:29:41.485678\"}"]
[2026-03-16T02:30:11+08:00][info] 6285639416:tdata8:messages:temp_8564033513.session:6285639416
[2026-03-16T02:30:11+08:00][info] 6285639416:["{\"message_id\": 2779, \"chat_id\": \"6285639416\", \"account_id\": \"temp_8564033513.session\", \"sender_id\": 6285639416, \"sender_name\": \"User_6285639416\", \"message_text\": \"234\", \"message_type\": \"text\", \"sender_username\": null, \"media_path\": null, \"is_outgoing\": false, \"reply_to_msg_id\": null, \"timestamp\": \"2026-03-15T18:16:34+00:00\", \"is_read\": false, \"created_at\": \"2026-03-16T02:16:34.350884\"}"]
[2026-03-16T02:30:11+08:00][info] -5072487869:tdata8:group_message_-5072487869:temp_8564033513.session
[2026-03-16T02:30:11+08:00][info] -5072487869:["{\"message_id\": 2790, \"chat_id\": \"-5072487869\", \"account_id\": \"temp_8564033513.session\", \"sender_id\": 8062228317, \"sender_name\": \"User_8062228317\", \"message_text\": \"\u8c22\u8c22\u5e01\u5b89\u7684\u7a7a\u6295\u5408\u7ea6BNB\u6536\u5230\u4e86\", \"message_type\": \"text\", \"sender_username\": null, \"media_path\": null, \"is_outgoing\": false, \"reply_to_msg_id\": null, \"timestamp\": \"2026-03-15T18:30:00+00:00\", \"is_read\": false, \"created_at\": \"2026-03-16T02:30:01.564095\"}"]
[2026-03-16T02:30:22+08:00][info] 6399889014:tdata8:messages:temp_8564033513.session:6399889014
[2026-03-16T02:30:22+08:00][info] 6399889014:["{\"message_id\": 2789, \"chat_id\": \"6399889014\", \"account_id\": \"temp_8564033513.session\", \"sender_id\": 6399889014, \"sender_name\": \"User_6399889014\", \"message_text\": \"55\", \"message_type\": \"text\", \"sender_username\": null, \"media_path\": null, \"is_outgoing\": false, \"reply_to_msg_id\": null, \"timestamp\": \"2026-03-15T18:29:40+00:00\", \"is_read\": false, \"created_at\": \"2026-03-16T02:29:41.485678\"}"]
[2026-03-16T02:30:22+08:00][info] 6285639416:tdata8:messages:temp_8564033513.session:6285639416
[2026-03-16T02:30:22+08:00][info] 6285639416:["{\"message_id\": 2779, \"chat_id\": \"6285639416\", \"account_id\": \"temp_8564033513.session\", \"sender_id\": 6285639416, \"sender_name\": \"User_6285639416\", \"message_text\": \"234\", \"message_type\": \"text\", \"sender_username\": null, \"media_path\": null, \"is_outgoing\": false, \"reply_to_msg_id\": null, \"timestamp\": \"2026-03-15T18:16:34+00:00\", \"is_read\": false, \"created_at\": \"2026-03-16T02:16:34.350884\"}"]
[2026-03-16T02:30:22+08:00][info] -5072487869:tdata8:group_message_-5072487869:temp_8564033513.session
[2026-03-16T02:30:22+08:00][info] -5072487869:["{\"message_id\": 2790, \"chat_id\": \"-5072487869\", \"account_id\": \"temp_8564033513.session\", \"sender_id\": 8062228317, \"sender_name\": \"User_8062228317\", \"message_text\": \"\u8c22\u8c22\u5e01\u5b89\u7684\u7a7a\u6295\u5408\u7ea6BNB\u6536\u5230\u4e86\", \"message_type\": \"text\", \"sender_username\": null, \"media_path\": null, \"is_outgoing\": false, \"reply_to_msg_id\": null, \"timestamp\": \"2026-03-15T18:30:00+00:00\", \"is_read\": false, \"created_at\": \"2026-03-16T02:30:01.564095\"}"]
[2026-03-16T02:30:32+08:00][info] 6399889014:tdata8:messages:temp_8564033513.session:6399889014
[2026-03-16T02:30:32+08:00][info] 6399889014:["{\"message_id\": 2789, \"chat_id\": \"6399889014\", \"account_id\": \"temp_8564033513.session\", \"sender_id\": 6399889014, \"sender_name\": \"User_6399889014\", \"message_text\": \"55\", \"message_type\": \"text\", \"sender_username\": null, \"media_path\": null, \"is_outgoing\": false, \"reply_to_msg_id\": null, \"timestamp\": \"2026-03-15T18:29:40+00:00\", \"is_read\": false, \"created_at\": \"2026-03-16T02:29:41.485678\"}"]
[2026-03-16T02:30:32+08:00][info] 6285639416:tdata8:messages:temp_8564033513.session:6285639416
[2026-03-16T02:30:32+08:00][info] 6285639416:["{\"message_id\": 2779, \"chat_id\": \"6285639416\", \"account_id\": \"temp_8564033513.session\", \"sender_id\": 6285639416, \"sender_name\": \"User_6285639416\", \"message_text\": \"234\", \"message_type\": \"text\", \"sender_username\": null, \"media_path\": null, \"is_outgoing\": false, \"reply_to_msg_id\": null, \"timestamp\": \"2026-03-15T18:16:34+00:00\", \"is_read\": false, \"created_at\": \"2026-03-16T02:16:34.350884\"}"]
[2026-03-16T02:30:32+08:00][info] -5072487869:tdata8:group_message_-5072487869:temp_8564033513.session
[2026-03-16T02:30:32+08:00][info] -5072487869:["{\"message_id\": 2790, \"chat_id\": \"-5072487869\", \"account_id\": \"temp_8564033513.session\", \"sender_id\": 8062228317, \"sender_name\": \"User_8062228317\", \"message_text\": \"\u8c22\u8c22\u5e01\u5b89\u7684\u7a7a\u6295\u5408\u7ea6BNB\u6536\u5230\u4e86\", \"message_type\": \"text\", \"sender_username\": null, \"media_path\": null, \"is_outgoing\": false, \"reply_to_msg_id\": null, \"timestamp\": \"2026-03-15T18:30:00+00:00\", \"is_read\": false, \"created_at\": \"2026-03-16T02:30:01.564095\"}"]
[2026-03-16T02:30:42+08:00][info] 6399889014:tdata8:messages:temp_8564033513.session:6399889014
[2026-03-16T02:30:42+08:00][info] 6399889014:["{\"message_id\": 2789, \"chat_id\": \"6399889014\", \"account_id\": \"temp_8564033513.session\", \"sender_id\": 6399889014, \"sender_name\": \"User_6399889014\", \"message_text\": \"55\", \"message_type\": \"text\", \"sender_username\": null, \"media_path\": null, \"is_outgoing\": false, \"reply_to_msg_id\": null, \"timestamp\": \"2026-03-15T18:29:40+00:00\", \"is_read\": false, \"created_at\": \"2026-03-16T02:29:41.485678\"}"]
[2026-03-16T02:30:42+08:00][info] 6285639416:tdata8:messages:temp_8564033513.session:6285639416
[2026-03-16T02:30:42+08:00][info] 6285639416:["{\"message_id\": 2779, \"chat_id\": \"6285639416\", \"account_id\": \"temp_8564033513.session\", \"sender_id\": 6285639416, \"sender_name\": \"User_6285639416\", \"message_text\": \"234\", \"message_type\": \"text\", \"sender_username\": null, \"media_path\": null, \"is_outgoing\": false, \"reply_to_msg_id\": null, \"timestamp\": \"2026-03-15T18:16:34+00:00\", \"is_read\": false, \"created_at\": \"2026-03-16T02:16:34.350884\"}"]
[2026-03-16T02:30:42+08:00][info] -5072487869:tdata8:group_message_-5072487869:temp_8564033513.session
[2026-03-16T02:30:42+08:00][info] -5072487869:["{\"message_id\": 2790, \"chat_id\": \"-5072487869\", \"account_id\": \"temp_8564033513.session\", \"sender_id\": 8062228317, \"sender_name\": \"User_8062228317\", \"message_text\": \"\u8c22\u8c22\u5e01\u5b89\u7684\u7a7a\u6295\u5408\u7ea6BNB\u6536\u5230\u4e86\", \"message_type\": \"text\", \"sender_username\": null, \"media_path\": null, \"is_outgoing\": false, \"reply_to_msg_id\": null, \"timestamp\": \"2026-03-15T18:30:00+00:00\", \"is_read\": false, \"created_at\": \"2026-03-16T02:30:01.564095\"}"]
[2026-03-16T02:30:52+08:00][info] 6399889014:tdata8:messages:temp_8564033513.session:6399889014
[2026-03-16T02:30:52+08:00][info] 6399889014:["{\"message_id\": 2789, \"chat_id\": \"6399889014\", \"account_id\": \"temp_8564033513.session\", \"sender_id\": 6399889014, \"sender_name\": \"User_6399889014\", \"message_text\": \"55\", \"message_type\": \"text\", \"sender_username\": null, \"media_path\": null, \"is_outgoing\": false, \"reply_to_msg_id\": null, \"timestamp\": \"2026-03-15T18:29:40+00:00\", \"is_read\": false, \"created_at\": \"2026-03-16T02:29:41.485678\"}"]
[2026-03-16T02:30:52+08:00][info] 6285639416:tdata8:messages:temp_8564033513.session:6285639416
[2026-03-16T02:30:52+08:00][info] 6285639416:["{\"message_id\": 2779, \"chat_id\": \"6285639416\", \"account_id\": \"temp_8564033513.session\", \"sender_id\": 6285639416, \"sender_name\": \"User_6285639416\", \"message_text\": \"234\", \"message_type\": \"text\", \"sender_username\": null, \"media_path\": null, \"is_outgoing\": false, \"reply_to_msg_id\": null, \"timestamp\": \"2026-03-15T18:16:34+00:00\", \"is_read\": false, \"created_at\": \"2026-03-16T02:16:34.350884\"}"]
[2026-03-16T02:30:52+08:00][info] -5072487869:tdata8:group_message_-5072487869:temp_8564033513.session
[2026-03-16T02:30:52+08:00][info] -5072487869:["{\"message_id\": 2790, \"chat_id\": \"-5072487869\", \"account_id\": \"temp_8564033513.session\", \"sender_id\": 8062228317, \"sender_name\": \"User_8062228317\", \"message_text\": \"\u8c22\u8c22\u5e01\u5b89\u7684\u7a7a\u6295\u5408\u7ea6BNB\u6536\u5230\u4e86\", \"message_type\": \"text\", \"sender_username\": null, \"media_path\": null, \"is_outgoing\": false, \"reply_to_msg_id\": null, \"timestamp\": \"2026-03-15T18:30:00+00:00\", \"is_read\": false, \"created_at\": \"2026-03-16T02:30:01.564095\"}"]
[2026-03-16T02:31:02+08:00][info] 6399889014:tdata8:messages:temp_8564033513.session:6399889014
[2026-03-16T02:31:02+08:00][info] 6399889014:["{\"message_id\": 2789, \"chat_id\": \"6399889014\", \"account_id\": \"temp_8564033513.session\", \"sender_id\": 6399889014, \"sender_name\": \"User_6399889014\", \"message_text\": \"55\", \"message_type\": \"text\", \"sender_username\": null, \"media_path\": null, \"is_outgoing\": false, \"reply_to_msg_id\": null, \"timestamp\": \"2026-03-15T18:29:40+00:00\", \"is_read\": false, \"created_at\": \"2026-03-16T02:29:41.485678\"}"]
[2026-03-16T02:31:02+08:00][info] 6285639416:tdata8:messages:temp_8564033513.session:6285639416
[2026-03-16T02:31:02+08:00][info] 6285639416:["{\"message_id\": 2779, \"chat_id\": \"6285639416\", \"account_id\": \"temp_8564033513.session\", \"sender_id\": 6285639416, \"sender_name\": \"User_6285639416\", \"message_text\": \"234\", \"message_type\": \"text\", \"sender_username\": null, \"media_path\": null, \"is_outgoing\": false, \"reply_to_msg_id\": null, \"timestamp\": \"2026-03-15T18:16:34+00:00\", \"is_read\": false, \"created_at\": \"2026-03-16T02:16:34.350884\"}"]
[2026-03-16T02:31:02+08:00][info] -5072487869:tdata8:group_message_-5072487869:temp_8564033513.session
[2026-03-16T02:31:02+08:00][info] -5072487869:["{\"message_id\": 2790, \"chat_id\": \"-5072487869\", \"account_id\": \"temp_8564033513.session\", \"sender_id\": 8062228317, \"sender_name\": \"User_8062228317\", \"message_text\": \"\u8c22\u8c22\u5e01\u5b89\u7684\u7a7a\u6295\u5408\u7ea6BNB\u6536\u5230\u4e86\", \"message_type\": \"text\", \"sender_username\": null, \"media_path\": null, \"is_outgoing\": false, \"reply_to_msg_id\": null, \"timestamp\": \"2026-03-15T18:30:00+00:00\", \"is_read\": false, \"created_at\": \"2026-03-16T02:30:01.564095\"}"]
[2026-03-16T02:31:12+08:00][info] 6399889014:tdata8:messages:temp_8564033513.session:6399889014
[2026-03-16T02:31:12+08:00][info] 6399889014:["{\"message_id\": 2789, \"chat_id\": \"6399889014\", \"account_id\": \"temp_8564033513.session\", \"sender_id\": 6399889014, \"sender_name\": \"User_6399889014\", \"message_text\": \"55\", \"message_type\": \"text\", \"sender_username\": null, \"media_path\": null, \"is_outgoing\": false, \"reply_to_msg_id\": null, \"timestamp\": \"2026-03-15T18:29:40+00:00\", \"is_read\": false, \"created_at\": \"2026-03-16T02:29:41.485678\"}"]
[2026-03-16T02:31:12+08:00][info] 6285639416:tdata8:messages:temp_8564033513.session:6285639416
[2026-03-16T02:31:12+08:00][info] 6285639416:["{\"message_id\": 2779, \"chat_id\": \"6285639416\", \"account_id\": \"temp_8564033513.session\", \"sender_id\": 6285639416, \"sender_name\": \"User_6285639416\", \"message_text\": \"234\", \"message_type\": \"text\", \"sender_username\": null, \"media_path\": null, \"is_outgoing\": false, \"reply_to_msg_id\": null, \"timestamp\": \"2026-03-15T18:16:34+00:00\", \"is_read\": false, \"created_at\": \"2026-03-16T02:16:34.350884\"}"]
[2026-03-16T02:31:12+08:00][info] -5072487869:tdata8:group_message_-5072487869:temp_8564033513.session
[2026-03-16T02:31:12+08:00][info] -5072487869:["{\"message_id\": 2790, \"chat_id\": \"-5072487869\", \"account_id\": \"temp_8564033513.session\", \"sender_id\": 8062228317, \"sender_name\": \"User_8062228317\", \"message_text\": \"\u8c22\u8c22\u5e01\u5b89\u7684\u7a7a\u6295\u5408\u7ea6BNB\u6536\u5230\u4e86\", \"message_type\": \"text\", \"sender_username\": null, \"media_path\": null, \"is_outgoing\": false, \"reply_to_msg_id\": null, \"timestamp\": \"2026-03-15T18:30:00+00:00\", \"is_read\": false, \"created_at\": \"2026-03-16T02:30:01.564095\"}"]
[2026-03-16T02:31:32+08:00][info] 6399889014:tdata8:messages:temp_8564033513.session:6399889014
[2026-03-16T02:31:32+08:00][info] 6399889014:["{\"message_id\": 2789, \"chat_id\": \"6399889014\", \"account_id\": \"temp_8564033513.session\", \"sender_id\": 6399889014, \"sender_name\": \"User_6399889014\", \"message_text\": \"55\", \"message_type\": \"text\", \"sender_username\": null, \"media_path\": null, \"is_outgoing\": false, \"reply_to_msg_id\": null, \"timestamp\": \"2026-03-15T18:29:40+00:00\", \"is_read\": false, \"created_at\": \"2026-03-16T02:29:41.485678\"}"]
[2026-03-16T02:31:32+08:00][info] 6285639416:tdata8:messages:temp_8564033513.session:6285639416
[2026-03-16T02:31:32+08:00][info] 6285639416:["{\"message_id\": 2779, \"chat_id\": \"6285639416\", \"account_id\": \"temp_8564033513.session\", \"sender_id\": 6285639416, \"sender_name\": \"User_6285639416\", \"message_text\": \"234\", \"message_type\": \"text\", \"sender_username\": null, \"media_path\": null, \"is_outgoing\": false, \"reply_to_msg_id\": null, \"timestamp\": \"2026-03-15T18:16:34+00:00\", \"is_read\": false, \"created_at\": \"2026-03-16T02:16:34.350884\"}"]
[2026-03-16T02:31:32+08:00][info] -5072487869:tdata8:group_message_-5072487869:temp_8564033513.session
[2026-03-16T02:31:32+08:00][info] -5072487869:["{\"message_id\": 2790, \"chat_id\": \"-5072487869\", \"account_id\": \"temp_8564033513.session\", \"sender_id\": 8062228317, \"sender_name\": \"User_8062228317\", \"message_text\": \"\u8c22\u8c22\u5e01\u5b89\u7684\u7a7a\u6295\u5408\u7ea6BNB\u6536\u5230\u4e86\", \"message_type\": \"text\", \"sender_username\": null, \"media_path\": null, \"is_outgoing\": false, \"reply_to_msg_id\": null, \"timestamp\": \"2026-03-15T18:30:00+00:00\", \"is_read\": false, \"created_at\": \"2026-03-16T02:30:01.564095\"}"]
[2026-03-16T02:32:33+08:00][info] 6399889014:tdata8:messages:temp_8564033513.session:6399889014
[2026-03-16T02:32:33+08:00][info] 6399889014:["{\"message_id\": 2789, \"chat_id\": \"6399889014\", \"account_id\": \"temp_8564033513.session\", \"sender_id\": 6399889014, \"sender_name\": \"User_6399889014\", \"message_text\": \"55\", \"message_type\": \"text\", \"sender_username\": null, \"media_path\": null, \"is_outgoing\": false, \"reply_to_msg_id\": null, \"timestamp\": \"2026-03-15T18:29:40+00:00\", \"is_read\": false, \"created_at\": \"2026-03-16T02:29:41.485678\"}"]
[2026-03-16T02:32:33+08:00][info] 6285639416:tdata8:messages:temp_8564033513.session:6285639416
[2026-03-16T02:32:33+08:00][info] 6285639416:["{\"message_id\": 2779, \"chat_id\": \"6285639416\", \"account_id\": \"temp_8564033513.session\", \"sender_id\": 6285639416, \"sender_name\": \"User_6285639416\", \"message_text\": \"234\", \"message_type\": \"text\", \"sender_username\": null, \"media_path\": null, \"is_outgoing\": false, \"reply_to_msg_id\": null, \"timestamp\": \"2026-03-15T18:16:34+00:00\", \"is_read\": false, \"created_at\": \"2026-03-16T02:16:34.350884\"}"]
[2026-03-16T02:32:33+08:00][info] -5072487869:tdata8:group_message_-5072487869:temp_8564033513.session
[2026-03-16T02:32:33+08:00][info] -5072487869:["{\"message_id\": 2791, \"chat_id\": \"-5072487869\", \"account_id\": \"temp_8564033513.session\", \"sender_id\": 8338895902, \"sender_name\": \"User_8338895902\", \"message_text\": \"\ud83d\ude48\ud83d\ude48\u5404\u4f4d\u52aa\u529b\", \"message_type\": \"text\", \"sender_username\": null, \"media_path\": null, \"is_outgoing\": false, \"reply_to_msg_id\": null, \"timestamp\": \"2026-03-15T18:32:06+00:00\", \"is_read\": false, \"created_at\": \"2026-03-16T02:32:07.498970\"}"]
[2026-03-16T02:33:32+08:00][info] 6399889014:tdata8:messages:temp_8564033513.session:6399889014
[2026-03-16T02:33:32+08:00][info] 6399889014:["{\"message_id\": 2789, \"chat_id\": \"6399889014\", \"account_id\": \"temp_8564033513.session\", \"sender_id\": 6399889014, \"sender_name\": \"User_6399889014\", \"message_text\": \"55\", \"message_type\": \"text\", \"sender_username\": null, \"media_path\": null, \"is_outgoing\": false, \"reply_to_msg_id\": null, \"timestamp\": \"2026-03-15T18:29:40+00:00\", \"is_read\": false, \"created_at\": \"2026-03-16T02:29:41.485678\"}"]
[2026-03-16T02:33:32+08:00][info] 6285639416:tdata8:messages:temp_8564033513.session:6285639416
[2026-03-16T02:33:32+08:00][info] 6285639416:["{\"message_id\": 2779, \"chat_id\": \"6285639416\", \"account_id\": \"temp_8564033513.session\", \"sender_id\": 6285639416, \"sender_name\": \"User_6285639416\", \"message_text\": \"234\", \"message_type\": \"text\", \"sender_username\": null, \"media_path\": null, \"is_outgoing\": false, \"reply_to_msg_id\": null, \"timestamp\": \"2026-03-15T18:16:34+00:00\", \"is_read\": false, \"created_at\": \"2026-03-16T02:16:34.350884\"}"]
[2026-03-16T02:33:32+08:00][info] -5072487869:tdata8:group_message_-5072487869:temp_8564033513.session
[2026-03-16T02:33:32+08:00][info] -5072487869:["{\"message_id\": 2791, \"chat_id\": \"-5072487869\", \"account_id\": \"temp_8564033513.session\", \"sender_id\": 8338895902, \"sender_name\": \"User_8338895902\", \"message_text\": \"\ud83d\ude48\ud83d\ude48\u5404\u4f4d\u52aa\u529b\", \"message_type\": \"text\", \"sender_username\": null, \"media_path\": null, \"is_outgoing\": false, \"reply_to_msg_id\": null, \"timestamp\": \"2026-03-15T18:32:06+00:00\", \"is_read\": false, \"created_at\": \"2026-03-16T02:32:07.498970\"}"]
[2026-03-16T02:34:32+08:00][info] 6399889014:tdata8:messages:temp_8564033513.session:6399889014
[2026-03-16T02:34:32+08:00][info] 6399889014:["{\"message_id\": 2789, \"chat_id\": \"6399889014\", \"account_id\": \"temp_8564033513.session\", \"sender_id\": 6399889014, \"sender_name\": \"User_6399889014\", \"message_text\": \"55\", \"message_type\": \"text\", \"sender_username\": null, \"media_path\": null, \"is_outgoing\": false, \"reply_to_msg_id\": null, \"timestamp\": \"2026-03-15T18:29:40+00:00\", \"is_read\": false, \"created_at\": \"2026-03-16T02:29:41.485678\"}"]
[2026-03-16T02:34:32+08:00][info] 6285639416:tdata8:messages:temp_8564033513.session:6285639416
[2026-03-16T02:34:32+08:00][info] 6285639416:["{\"message_id\": 2779, \"chat_id\": \"6285639416\", \"account_id\": \"temp_8564033513.session\", \"sender_id\": 6285639416, \"sender_name\": \"User_6285639416\", \"message_text\": \"234\", \"message_type\": \"text\", \"sender_username\": null, \"media_path\": null, \"is_outgoing\": false, \"reply_to_msg_id\": null, \"timestamp\": \"2026-03-15T18:16:34+00:00\", \"is_read\": false, \"created_at\": \"2026-03-16T02:16:34.350884\"}"]
[2026-03-16T02:34:32+08:00][info] -5072487869:tdata8:group_message_-5072487869:temp_8564033513.session
[2026-03-16T02:34:32+08:00][info] -5072487869:["{\"message_id\": 2792, \"chat_id\": \"-5072487869\", \"account_id\": \"temp_8564033513.session\", \"sender_id\": 8134209522, \"sender_name\": \"User_8134209522\", \"message_text\": \"\u591a\u5c11\u624b\u80fd\u4e70\u5e15\u62c9\u6885\u62c9\ud83d\ude01\", \"message_type\": \"text\", \"sender_username\": null, \"media_path\": null, \"is_outgoing\": false, \"reply_to_msg_id\": null, \"timestamp\": \"2026-03-15T18:33:59+00:00\", \"is_read\": false, \"created_at\": \"2026-03-16T02:34:00.554066\"}"]
[2026-03-16T02:35:32+08:00][info] 6399889014:tdata8:messages:temp_8564033513.session:6399889014
[2026-03-16T02:35:32+08:00][info] 6399889014:["{\"message_id\": 2789, \"chat_id\": \"6399889014\", \"account_id\": \"temp_8564033513.session\", \"sender_id\": 6399889014, \"sender_name\": \"User_6399889014\", \"message_text\": \"55\", \"message_type\": \"text\", \"sender_username\": null, \"media_path\": null, \"is_outgoing\": false, \"reply_to_msg_id\": null, \"timestamp\": \"2026-03-15T18:29:40+00:00\", \"is_read\": false, \"created_at\": \"2026-03-16T02:29:41.485678\"}"]
[2026-03-16T02:35:32+08:00][info] 6285639416:tdata8:messages:temp_8564033513.session:6285639416
[2026-03-16T02:35:32+08:00][info] 6285639416:["{\"message_id\": 2779, \"chat_id\": \"6285639416\", \"account_id\": \"temp_8564033513.session\", \"sender_id\": 6285639416, \"sender_name\": \"User_6285639416\", \"message_text\": \"234\", \"message_type\": \"text\", \"sender_username\": null, \"media_path\": null, \"is_outgoing\": false, \"reply_to_msg_id\": null, \"timestamp\": \"2026-03-15T18:16:34+00:00\", \"is_read\": false, \"created_at\": \"2026-03-16T02:16:34.350884\"}"]
[2026-03-16T02:35:32+08:00][info] -5072487869:tdata8:group_message_-5072487869:temp_8564033513.session
[2026-03-16T02:35:32+08:00][info] -5072487869:["{\"message_id\": 2792, \"chat_id\": \"-5072487869\", \"account_id\": \"temp_8564033513.session\", \"sender_id\": 8134209522, \"sender_name\": \"User_8134209522\", \"message_text\": \"\u591a\u5c11\u624b\u80fd\u4e70\u5e15\u62c9\u6885\u62c9\ud83d\ude01\", \"message_type\": \"text\", \"sender_username\": null, \"media_path\": null, \"is_outgoing\": false, \"reply_to_msg_id\": null, \"timestamp\": \"2026-03-15T18:33:59+00:00\", \"is_read\": false, \"created_at\": \"2026-03-16T02:34:00.554066\"}"]
[2026-03-16T02:35:41+08:00][info] 6399889014:tdata8:messages:temp_8564033513.session:6399889014
[2026-03-16T02:35:41+08:00][info] 6399889014:["{\"message_id\": 2789, \"chat_id\": \"6399889014\", \"account_id\": \"temp_8564033513.session\", \"sender_id\": 6399889014, \"sender_name\": \"User_6399889014\", \"message_text\": \"55\", \"message_type\": \"text\", \"sender_username\": null, \"media_path\": null, \"is_outgoing\": false, \"reply_to_msg_id\": null, \"timestamp\": \"2026-03-15T18:29:40+00:00\", \"is_read\": false, \"created_at\": \"2026-03-16T02:29:41.485678\"}"]
[2026-03-16T02:35:41+08:00][info] 6285639416:tdata8:messages:temp_8564033513.session:6285639416
[2026-03-16T02:35:41+08:00][info] 6285639416:["{\"message_id\": 2779, \"chat_id\": \"6285639416\", \"account_id\": \"temp_8564033513.session\", \"sender_id\": 6285639416, \"sender_name\": \"User_6285639416\", \"message_text\": \"234\", \"message_type\": \"text\", \"sender_username\": null, \"media_path\": null, \"is_outgoing\": false, \"reply_to_msg_id\": null, \"timestamp\": \"2026-03-15T18:16:34+00:00\", \"is_read\": false, \"created_at\": \"2026-03-16T02:16:34.350884\"}"]
[2026-03-16T02:35:41+08:00][info] -5072487869:tdata8:group_message_-5072487869:temp_8564033513.session
[2026-03-16T02:35:41+08:00][info] -5072487869:["{\"message_id\": 2792, \"chat_id\": \"-5072487869\", \"account_id\": \"temp_8564033513.session\", \"sender_id\": 8134209522, \"sender_name\": \"User_8134209522\", \"message_text\": \"\u591a\u5c11\u624b\u80fd\u4e70\u5e15\u62c9\u6885\u62c9\ud83d\ude01\", \"message_type\": \"text\", \"sender_username\": null, \"media_path\": null, \"is_outgoing\": false, \"reply_to_msg_id\": null, \"timestamp\": \"2026-03-15T18:33:59+00:00\", \"is_read\": false, \"created_at\": \"2026-03-16T02:34:00.554066\"}"]
[2026-03-16T02:35:51+08:00][info] 6399889014:tdata8:messages:temp_8564033513.session:6399889014
[2026-03-16T02:35:51+08:00][info] 6399889014:["{\"message_id\": 2789, \"chat_id\": \"6399889014\", \"account_id\": \"temp_8564033513.session\", \"sender_id\": 6399889014, \"sender_name\": \"User_6399889014\", \"message_text\": \"55\", \"message_type\": \"text\", \"sender_username\": null, \"media_path\": null, \"is_outgoing\": false, \"reply_to_msg_id\": null, \"timestamp\": \"2026-03-15T18:29:40+00:00\", \"is_read\": false, \"created_at\": \"2026-03-16T02:29:41.485678\"}"]
[2026-03-16T02:35:51+08:00][info] 6285639416:tdata8:messages:temp_8564033513.session:6285639416
[2026-03-16T02:35:51+08:00][info] 6285639416:["{\"message_id\": 2779, \"chat_id\": \"6285639416\", \"account_id\": \"temp_8564033513.session\", \"sender_id\": 6285639416, \"sender_name\": \"User_6285639416\", \"message_text\": \"234\", \"message_type\": \"text\", \"sender_username\": null, \"media_path\": null, \"is_outgoing\": false, \"reply_to_msg_id\": null, \"timestamp\": \"2026-03-15T18:16:34+00:00\", \"is_read\": false, \"created_at\": \"2026-03-16T02:16:34.350884\"}"]
[2026-03-16T02:35:51+08:00][info] -5072487869:tdata8:group_message_-5072487869:temp_8564033513.session
[2026-03-16T02:35:51+08:00][info] -5072487869:["{\"message_id\": 2793, \"chat_id\": \"-5072487869\", \"account_id\": \"temp_8564033513.session\", \"sender_id\": 8404156247, \"sender_name\": \"User_8404156247\", \"message_text\": \"\u4e0d\u591a\u4e0d\u591a\u6301\u6709\u51e0\u767e\u624bBNB\uff0c\u957f\u671f\u6301\u6709\u95ee\u9898\u4e0d\u5927\", \"message_type\": \"text\", \"sender_username\": null, \"media_path\": null, \"is_outgoing\": false, \"reply_to_msg_id\": null, \"timestamp\": \"2026-03-15T18:35:49+00:00\", \"is_read\": false, \"created_at\": \"2026-03-16T02:35:50.703125\"}"]
[2026-03-16T02:36:03+08:00][info] 6399889014:tdata8:messages:temp_8564033513.session:6399889014
[2026-03-16T02:36:03+08:00][info] 6399889014:["{\"message_id\": 2789, \"chat_id\": \"6399889014\", \"account_id\": \"temp_8564033513.session\", \"sender_id\": 6399889014, \"sender_name\": \"User_6399889014\", \"message_text\": \"55\", \"message_type\": \"text\", \"sender_username\": null, \"media_path\": null, \"is_outgoing\": false, \"reply_to_msg_id\": null, \"timestamp\": \"2026-03-15T18:29:40+00:00\", \"is_read\": false, \"created_at\": \"2026-03-16T02:29:41.485678\"}"]
[2026-03-16T02:36:03+08:00][info] 6285639416:tdata8:messages:temp_8564033513.session:6285639416
[2026-03-16T02:36:03+08:00][info] 6285639416:["{\"message_id\": 2779, \"chat_id\": \"6285639416\", \"account_id\": \"temp_8564033513.session\", \"sender_id\": 6285639416, \"sender_name\": \"User_6285639416\", \"message_text\": \"234\", \"message_type\": \"text\", \"sender_username\": null, \"media_path\": null, \"is_outgoing\": false, \"reply_to_msg_id\": null, \"timestamp\": \"2026-03-15T18:16:34+00:00\", \"is_read\": false, \"created_at\": \"2026-03-16T02:16:34.350884\"}"]
[2026-03-16T02:36:03+08:00][info] -5072487869:tdata8:group_message_-5072487869:temp_8564033513.session
[2026-03-16T02:36:03+08:00][info] -5072487869:["{\"message_id\": 2793, \"chat_id\": \"-5072487869\", \"account_id\": \"temp_8564033513.session\", \"sender_id\": 8404156247, \"sender_name\": \"User_8404156247\", \"message_text\": \"\u4e0d\u591a\u4e0d\u591a\u6301\u6709\u51e0\u767e\u624bBNB\uff0c\u957f\u671f\u6301\u6709\u95ee\u9898\u4e0d\u5927\", \"message_type\": \"text\", \"sender_username\": null, \"media_path\": null, \"is_outgoing\": false, \"reply_to_msg_id\": null, \"timestamp\": \"2026-03-15T18:35:49+00:00\", \"is_read\": false, \"created_at\": \"2026-03-16T02:35:50.703125\"}"]
[2026-03-16T02:36:12+08:00][info] 6399889014:tdata8:messages:temp_8564033513.session:6399889014
[2026-03-16T02:36:12+08:00][info] 6399889014:["{\"message_id\": 2789, \"chat_id\": \"6399889014\", \"account_id\": \"temp_8564033513.session\", \"sender_id\": 6399889014, \"sender_name\": \"User_6399889014\", \"message_text\": \"55\", \"message_type\": \"text\", \"sender_username\": null, \"media_path\": null, \"is_outgoing\": false, \"reply_to_msg_id\": null, \"timestamp\": \"2026-03-15T18:29:40+00:00\", \"is_read\": false, \"created_at\": \"2026-03-16T02:29:41.485678\"}"]
[2026-03-16T02:36:12+08:00][info] 6285639416:tdata8:messages:temp_8564033513.session:6285639416
[2026-03-16T02:36:12+08:00][info] 6285639416:["{\"message_id\": 2779, \"chat_id\": \"6285639416\", \"account_id\": \"temp_8564033513.session\", \"sender_id\": 6285639416, \"sender_name\": \"User_6285639416\", \"message_text\": \"234\", \"message_type\": \"text\", \"sender_username\": null, \"media_path\": null, \"is_outgoing\": false, \"reply_to_msg_id\": null, \"timestamp\": \"2026-03-15T18:16:34+00:00\", \"is_read\": false, \"created_at\": \"2026-03-16T02:16:34.350884\"}"]
[2026-03-16T02:36:12+08:00][info] -5072487869:tdata8:group_message_-5072487869:temp_8564033513.session
[2026-03-16T02:36:12+08:00][info] -5072487869:["{\"message_id\": 2793, \"chat_id\": \"-5072487869\", \"account_id\": \"temp_8564033513.session\", \"sender_id\": 8404156247, \"sender_name\": \"User_8404156247\", \"message_text\": \"\u4e0d\u591a\u4e0d\u591a\u6301\u6709\u51e0\u767e\u624bBNB\uff0c\u957f\u671f\u6301\u6709\u95ee\u9898\u4e0d\u5927\", \"message_type\": \"text\", \"sender_username\": null, \"media_path\": null, \"is_outgoing\": false, \"reply_to_msg_id\": null, \"timestamp\": \"2026-03-15T18:35:49+00:00\", \"is_read\": false, \"created_at\": \"2026-03-16T02:35:50.703125\"}"]
[2026-03-16T02:36:22+08:00][info] 6399889014:tdata8:messages:temp_8564033513.session:6399889014
[2026-03-16T02:36:22+08:00][info] 6399889014:["{\"message_id\": 2789, \"chat_id\": \"6399889014\", \"account_id\": \"temp_8564033513.session\", \"sender_id\": 6399889014, \"sender_name\": \"User_6399889014\", \"message_text\": \"55\", \"message_type\": \"text\", \"sender_username\": null, \"media_path\": null, \"is_outgoing\": false, \"reply_to_msg_id\": null, \"timestamp\": \"2026-03-15T18:29:40+00:00\", \"is_read\": false, \"created_at\": \"2026-03-16T02:29:41.485678\"}"]
[2026-03-16T02:36:22+08:00][info] 6285639416:tdata8:messages:temp_8564033513.session:6285639416
[2026-03-16T02:36:22+08:00][info] 6285639416:["{\"message_id\": 2779, \"chat_id\": \"6285639416\", \"account_id\": \"temp_8564033513.session\", \"sender_id\": 6285639416, \"sender_name\": \"User_6285639416\", \"message_text\": \"234\", \"message_type\": \"text\", \"sender_username\": null, \"media_path\": null, \"is_outgoing\": false, \"reply_to_msg_id\": null, \"timestamp\": \"2026-03-15T18:16:34+00:00\", \"is_read\": false, \"created_at\": \"2026-03-16T02:16:34.350884\"}"]
[2026-03-16T02:36:22+08:00][info] -5072487869:tdata8:group_message_-5072487869:temp_8564033513.session
[2026-03-16T02:36:22+08:00][info] -5072487869:["{\"message_id\": 2793, \"chat_id\": \"-5072487869\", \"account_id\": \"temp_8564033513.session\", \"sender_id\": 8404156247, \"sender_name\": \"User_8404156247\", \"message_text\": \"\u4e0d\u591a\u4e0d\u591a\u6301\u6709\u51e0\u767e\u624bBNB\uff0c\u957f\u671f\u6301\u6709\u95ee\u9898\u4e0d\u5927\", \"message_type\": \"text\", \"sender_username\": null, \"media_path\": null, \"is_outgoing\": false, \"reply_to_msg_id\": null, \"timestamp\": \"2026-03-15T18:35:49+00:00\", \"is_read\": false, \"created_at\": \"2026-03-16T02:35:50.703125\"}"]
[2026-03-16T02:36:32+08:00][info] 6399889014:tdata8:messages:temp_8564033513.session:6399889014
[2026-03-16T02:36:32+08:00][info] 6399889014:["{\"message_id\": 2789, \"chat_id\": \"6399889014\", \"account_id\": \"temp_8564033513.session\", \"sender_id\": 6399889014, \"sender_name\": \"User_6399889014\", \"message_text\": \"55\", \"message_type\": \"text\", \"sender_username\": null, \"media_path\": null, \"is_outgoing\": false, \"reply_to_msg_id\": null, \"timestamp\": \"2026-03-15T18:29:40+00:00\", \"is_read\": false, \"created_at\": \"2026-03-16T02:29:41.485678\"}"]
[2026-03-16T02:36:32+08:00][info] 6285639416:tdata8:messages:temp_8564033513.session:6285639416
[2026-03-16T02:36:32+08:00][info] 6285639416:["{\"message_id\": 2779, \"chat_id\": \"6285639416\", \"account_id\": \"temp_8564033513.session\", \"sender_id\": 6285639416, \"sender_name\": \"User_6285639416\", \"message_text\": \"234\", \"message_type\": \"text\", \"sender_username\": null, \"media_path\": null, \"is_outgoing\": false, \"reply_to_msg_id\": null, \"timestamp\": \"2026-03-15T18:16:34+00:00\", \"is_read\": false, \"created_at\": \"2026-03-16T02:16:34.350884\"}"]
[2026-03-16T02:36:32+08:00][info] -5072487869:tdata8:group_message_-5072487869:temp_8564033513.session
[2026-03-16T02:36:32+08:00][info] -5072487869:["{\"message_id\": 2793, \"chat_id\": \"-5072487869\", \"account_id\": \"temp_8564033513.session\", \"sender_id\": 8404156247, \"sender_name\": \"User_8404156247\", \"message_text\": \"\u4e0d\u591a\u4e0d\u591a\u6301\u6709\u51e0\u767e\u624bBNB\uff0c\u957f\u671f\u6301\u6709\u95ee\u9898\u4e0d\u5927\", \"message_type\": \"text\", \"sender_username\": null, \"media_path\": null, \"is_outgoing\": false, \"reply_to_msg_id\": null, \"timestamp\": \"2026-03-15T18:35:49+00:00\", \"is_read\": false, \"created_at\": \"2026-03-16T02:35:50.703125\"}"]
[2026-03-16T02:36:42+08:00][info] 6399889014:tdata8:messages:temp_8564033513.session:6399889014
[2026-03-16T02:36:42+08:00][info] 6399889014:["{\"message_id\": 2789, \"chat_id\": \"6399889014\", \"account_id\": \"temp_8564033513.session\", \"sender_id\": 6399889014, \"sender_name\": \"User_6399889014\", \"message_text\": \"55\", \"message_type\": \"text\", \"sender_username\": null, \"media_path\": null, \"is_outgoing\": false, \"reply_to_msg_id\": null, \"timestamp\": \"2026-03-15T18:29:40+00:00\", \"is_read\": false, \"created_at\": \"2026-03-16T02:29:41.485678\"}"]
[2026-03-16T02:36:42+08:00][info] 6285639416:tdata8:messages:temp_8564033513.session:6285639416
[2026-03-16T02:36:42+08:00][info] 6285639416:["{\"message_id\": 2779, \"chat_id\": \"6285639416\", \"account_id\": \"temp_8564033513.session\", \"sender_id\": 6285639416, \"sender_name\": \"User_6285639416\", \"message_text\": \"234\", \"message_type\": \"text\", \"sender_username\": null, \"media_path\": null, \"is_outgoing\": false, \"reply_to_msg_id\": null, \"timestamp\": \"2026-03-15T18:16:34+00:00\", \"is_read\": false, \"created_at\": \"2026-03-16T02:16:34.350884\"}"]
[2026-03-16T02:36:42+08:00][info] -5072487869:tdata8:group_message_-5072487869:temp_8564033513.session
[2026-03-16T02:36:42+08:00][info] -5072487869:["{\"message_id\": 2793, \"chat_id\": \"-5072487869\", \"account_id\": \"temp_8564033513.session\", \"sender_id\": 8404156247, \"sender_name\": \"User_8404156247\", \"message_text\": \"\u4e0d\u591a\u4e0d\u591a\u6301\u6709\u51e0\u767e\u624bBNB\uff0c\u957f\u671f\u6301\u6709\u95ee\u9898\u4e0d\u5927\", \"message_type\": \"text\", \"sender_username\": null, \"media_path\": null, \"is_outgoing\": false, \"reply_to_msg_id\": null, \"timestamp\": \"2026-03-15T18:35:49+00:00\", \"is_read\": false, \"created_at\": \"2026-03-16T02:35:50.703125\"}"]
[2026-03-16T02:36:52+08:00][info] 6399889014:tdata8:messages:temp_8564033513.session:6399889014
[2026-03-16T02:36:52+08:00][info] 6399889014:["{\"message_id\": 2789, \"chat_id\": \"6399889014\", \"account_id\": \"temp_8564033513.session\", \"sender_id\": 6399889014, \"sender_name\": \"User_6399889014\", \"message_text\": \"55\", \"message_type\": \"text\", \"sender_username\": null, \"media_path\": null, \"is_outgoing\": false, \"reply_to_msg_id\": null, \"timestamp\": \"2026-03-15T18:29:40+00:00\", \"is_read\": false, \"created_at\": \"2026-03-16T02:29:41.485678\"}"]
[2026-03-16T02:36:52+08:00][info] 6285639416:tdata8:messages:temp_8564033513.session:6285639416
[2026-03-16T02:36:52+08:00][info] 6285639416:["{\"message_id\": 2779, \"chat_id\": \"6285639416\", \"account_id\": \"temp_8564033513.session\", \"sender_id\": 6285639416, \"sender_name\": \"User_6285639416\", \"message_text\": \"234\", \"message_type\": \"text\", \"sender_username\": null, \"media_path\": null, \"is_outgoing\": false, \"reply_to_msg_id\": null, \"timestamp\": \"2026-03-15T18:16:34+00:00\", \"is_read\": false, \"created_at\": \"2026-03-16T02:16:34.350884\"}"]
[2026-03-16T02:36:52+08:00][info] -5072487869:tdata8:group_message_-5072487869:temp_8564033513.session
[2026-03-16T02:36:52+08:00][info] -5072487869:["{\"message_id\": 2793, \"chat_id\": \"-5072487869\", \"account_id\": \"temp_8564033513.session\", \"sender_id\": 8404156247, \"sender_name\": \"User_8404156247\", \"message_text\": \"\u4e0d\u591a\u4e0d\u591a\u6301\u6709\u51e0\u767e\u624bBNB\uff0c\u957f\u671f\u6301\u6709\u95ee\u9898\u4e0d\u5927\", \"message_type\": \"text\", \"sender_username\": null, \"media_path\": null, \"is_outgoing\": false, \"reply_to_msg_id\": null, \"timestamp\": \"2026-03-15T18:35:49+00:00\", \"is_read\": false, \"created_at\": \"2026-03-16T02:35:50.703125\"}"]
[2026-03-16T02:37:32+08:00][info] 6399889014:tdata8:messages:temp_8564033513.session:6399889014
[2026-03-16T02:37:32+08:00][info] 6399889014:["{\"message_id\": 2789, \"chat_id\": \"6399889014\", \"account_id\": \"temp_8564033513.session\", \"sender_id\": 6399889014, \"sender_name\": \"User_6399889014\", \"message_text\": \"55\", \"message_type\": \"text\", \"sender_username\": null, \"media_path\": null, \"is_outgoing\": false, \"reply_to_msg_id\": null, \"timestamp\": \"2026-03-15T18:29:40+00:00\", \"is_read\": false, \"created_at\": \"2026-03-16T02:29:41.485678\"}"]
[2026-03-16T02:37:32+08:00][info] 6285639416:tdata8:messages:temp_8564033513.session:6285639416
[2026-03-16T02:37:32+08:00][info] 6285639416:["{\"message_id\": 2779, \"chat_id\": \"6285639416\", \"account_id\": \"temp_8564033513.session\", \"sender_id\": 6285639416, \"sender_name\": \"User_6285639416\", \"message_text\": \"234\", \"message_type\": \"text\", \"sender_username\": null, \"media_path\": null, \"is_outgoing\": false, \"reply_to_msg_id\": null, \"timestamp\": \"2026-03-15T18:16:34+00:00\", \"is_read\": false, \"created_at\": \"2026-03-16T02:16:34.350884\"}"]
[2026-03-16T02:37:32+08:00][info] -5072487869:tdata8:group_message_-5072487869:temp_8564033513.session
[2026-03-16T02:37:32+08:00][info] -5072487869:["{\"message_id\": 2793, \"chat_id\": \"-5072487869\", \"account_id\": \"temp_8564033513.session\", \"sender_id\": 8404156247, \"sender_name\": \"User_8404156247\", \"message_text\": \"\u4e0d\u591a\u4e0d\u591a\u6301\u6709\u51e0\u767e\u624bBNB\uff0c\u957f\u671f\u6301\u6709\u95ee\u9898\u4e0d\u5927\", \"message_type\": \"text\", \"sender_username\": null, \"media_path\": null, \"is_outgoing\": false, \"reply_to_msg_id\": null, \"timestamp\": \"2026-03-15T18:35:49+00:00\", \"is_read\": false, \"created_at\": \"2026-03-16T02:35:50.703125\"}"]
[2026-03-16T02:38:32+08:00][info] 6399889014:tdata8:messages:temp_8564033513.session:6399889014
[2026-03-16T02:38:32+08:00][info] 6399889014:["{\"message_id\": 2789, \"chat_id\": \"6399889014\", \"account_id\": \"temp_8564033513.session\", \"sender_id\": 6399889014, \"sender_name\": \"User_6399889014\", \"message_text\": \"55\", \"message_type\": \"text\", \"sender_username\": null, \"media_path\": null, \"is_outgoing\": false, \"reply_to_msg_id\": null, \"timestamp\": \"2026-03-15T18:29:40+00:00\", \"is_read\": false, \"created_at\": \"2026-03-16T02:29:41.485678\"}"]
[2026-03-16T02:38:32+08:00][info] 6285639416:tdata8:messages:temp_8564033513.session:6285639416
[2026-03-16T02:38:32+08:00][info] 6285639416:["{\"message_id\": 2779, \"chat_id\": \"6285639416\", \"account_id\": \"temp_8564033513.session\", \"sender_id\": 6285639416, \"sender_name\": \"User_6285639416\", \"message_text\": \"234\", \"message_type\": \"text\", \"sender_username\": null, \"media_path\": null, \"is_outgoing\": false, \"reply_to_msg_id\": null, \"timestamp\": \"2026-03-15T18:16:34+00:00\", \"is_read\": false, \"created_at\": \"2026-03-16T02:16:34.350884\"}"]
[2026-03-16T02:38:32+08:00][info] -5072487869:tdata8:group_message_-5072487869:temp_8564033513.session
[2026-03-16T02:38:32+08:00][info] -5072487869:["{\"message_id\": 2794, \"chat_id\": \"-5072487869\", \"account_id\": \"temp_8564033513.session\", \"sender_id\": 8531252785, \"sender_name\": \"User_8531252785\", \"message_text\": \"ETH+BNB= BTC\u786c\u901a\u8d27\", \"message_type\": \"text\", \"sender_username\": null, \"media_path\": null, \"is_outgoing\": false, \"reply_to_msg_id\": null, \"timestamp\": \"2026-03-15T18:37:51+00:00\", \"is_read\": false, \"created_at\": \"2026-03-16T02:37:52.255766\"}"]
[2026-03-16T02:38:42+08:00][info] 6399889014:tdata8:messages:temp_8564033513.session:6399889014
[2026-03-16T02:38:42+08:00][info] 6399889014:["{\"message_id\": 2789, \"chat_id\": \"6399889014\", \"account_id\": \"temp_8564033513.session\", \"sender_id\": 6399889014, \"sender_name\": \"User_6399889014\", \"message_text\": \"55\", \"message_type\": \"text\", \"sender_username\": null, \"media_path\": null, \"is_outgoing\": false, \"reply_to_msg_id\": null, \"timestamp\": \"2026-03-15T18:29:40+00:00\", \"is_read\": false, \"created_at\": \"2026-03-16T02:29:41.485678\"}"]
[2026-03-16T02:38:42+08:00][info] 6285639416:tdata8:messages:temp_8564033513.session:6285639416
[2026-03-16T02:38:42+08:00][info] 6285639416:["{\"message_id\": 2779, \"chat_id\": \"6285639416\", \"account_id\": \"temp_8564033513.session\", \"sender_id\": 6285639416, \"sender_name\": \"User_6285639416\", \"message_text\": \"234\", \"message_type\": \"text\", \"sender_username\": null, \"media_path\": null, \"is_outgoing\": false, \"reply_to_msg_id\": null, \"timestamp\": \"2026-03-15T18:16:34+00:00\", \"is_read\": false, \"created_at\": \"2026-03-16T02:16:34.350884\"}"]
[2026-03-16T02:38:42+08:00][info] -5072487869:tdata8:group_message_-5072487869:temp_8564033513.session
[2026-03-16T02:38:42+08:00][info] -5072487869:["{\"message_id\": 2794, \"chat_id\": \"-5072487869\", \"account_id\": \"temp_8564033513.session\", \"sender_id\": 8531252785, \"sender_name\": \"User_8531252785\", \"message_text\": \"ETH+BNB= BTC\u786c\u901a\u8d27\", \"message_type\": \"text\", \"sender_username\": null, \"media_path\": null, \"is_outgoing\": false, \"reply_to_msg_id\": null, \"timestamp\": \"2026-03-15T18:37:51+00:00\", \"is_read\": false, \"created_at\": \"2026-03-16T02:37:52.255766\"}"]
[2026-03-16T02:38:52+08:00][info] 6399889014:tdata8:messages:temp_8564033513.session:6399889014
[2026-03-16T02:38:52+08:00][info] 6399889014:["{\"message_id\": 2789, \"chat_id\": \"6399889014\", \"account_id\": \"temp_8564033513.session\", \"sender_id\": 6399889014, \"sender_name\": \"User_6399889014\", \"message_text\": \"55\", \"message_type\": \"text\", \"sender_username\": null, \"media_path\": null, \"is_outgoing\": false, \"reply_to_msg_id\": null, \"timestamp\": \"2026-03-15T18:29:40+00:00\", \"is_read\": false, \"created_at\": \"2026-03-16T02:29:41.485678\"}"]
[2026-03-16T02:38:52+08:00][info] 6285639416:tdata8:messages:temp_8564033513.session:6285639416
[2026-03-16T02:38:52+08:00][info] 6285639416:["{\"message_id\": 2779, \"chat_id\": \"6285639416\", \"account_id\": \"temp_8564033513.session\", \"sender_id\": 6285639416, \"sender_name\": \"User_6285639416\", \"message_text\": \"234\", \"message_type\": \"text\", \"sender_username\": null, \"media_path\": null, \"is_outgoing\": false, \"reply_to_msg_id\": null, \"timestamp\": \"2026-03-15T18:16:34+00:00\", \"is_read\": false, \"created_at\": \"2026-03-16T02:16:34.350884\"}"]
[2026-03-16T02:38:52+08:00][info] -5072487869:tdata8:group_message_-5072487869:temp_8564033513.session
[2026-03-16T02:38:52+08:00][info] -5072487869:["{\"message_id\": 2794, \"chat_id\": \"-5072487869\", \"account_id\": \"temp_8564033513.session\", \"sender_id\": 8531252785, \"sender_name\": \"User_8531252785\", \"message_text\": \"ETH+BNB= BTC\u786c\u901a\u8d27\", \"message_type\": \"text\", \"sender_username\": null, \"media_path\": null, \"is_outgoing\": false, \"reply_to_msg_id\": null, \"timestamp\": \"2026-03-15T18:37:51+00:00\", \"is_read\": false, \"created_at\": \"2026-03-16T02:37:52.255766\"}"]
[2026-03-16T02:39:02+08:00][info] 6399889014:tdata8:messages:temp_8564033513.session:6399889014
[2026-03-16T02:39:02+08:00][info] 6399889014:["{\"message_id\": 2789, \"chat_id\": \"6399889014\", \"account_id\": \"temp_8564033513.session\", \"sender_id\": 6399889014, \"sender_name\": \"User_6399889014\", \"message_text\": \"55\", \"message_type\": \"text\", \"sender_username\": null, \"media_path\": null, \"is_outgoing\": false, \"reply_to_msg_id\": null, \"timestamp\": \"2026-03-15T18:29:40+00:00\", \"is_read\": false, \"created_at\": \"2026-03-16T02:29:41.485678\"}"]
[2026-03-16T02:39:02+08:00][info] 6285639416:tdata8:messages:temp_8564033513.session:6285639416
[2026-03-16T02:39:02+08:00][info] 6285639416:["{\"message_id\": 2779, \"chat_id\": \"6285639416\", \"account_id\": \"temp_8564033513.session\", \"sender_id\": 6285639416, \"sender_name\": \"User_6285639416\", \"message_text\": \"234\", \"message_type\": \"text\", \"sender_username\": null, \"media_path\": null, \"is_outgoing\": false, \"reply_to_msg_id\": null, \"timestamp\": \"2026-03-15T18:16:34+00:00\", \"is_read\": false, \"created_at\": \"2026-03-16T02:16:34.350884\"}"]
[2026-03-16T02:39:02+08:00][info] -5072487869:tdata8:group_message_-5072487869:temp_8564033513.session
[2026-03-16T02:39:02+08:00][info] -5072487869:["{\"message_id\": 2794, \"chat_id\": \"-5072487869\", \"account_id\": \"temp_8564033513.session\", \"sender_id\": 8531252785, \"sender_name\": \"User_8531252785\", \"message_text\": \"ETH+BNB= BTC\u786c\u901a\u8d27\", \"message_type\": \"text\", \"sender_username\": null, \"media_path\": null, \"is_outgoing\": false, \"reply_to_msg_id\": null, \"timestamp\": \"2026-03-15T18:37:51+00:00\", \"is_read\": false, \"created_at\": \"2026-03-16T02:37:52.255766\"}"]
[2026-03-16T02:39:12+08:00][info] 6399889014:tdata8:messages:temp_8564033513.session:6399889014
[2026-03-16T02:39:12+08:00][info] 6399889014:["{\"message_id\": 2789, \"chat_id\": \"6399889014\", \"account_id\": \"temp_8564033513.session\", \"sender_id\": 6399889014, \"sender_name\": \"User_6399889014\", \"message_text\": \"55\", \"message_type\": \"text\", \"sender_username\": null, \"media_path\": null, \"is_outgoing\": false, \"reply_to_msg_id\": null, \"timestamp\": \"2026-03-15T18:29:40+00:00\", \"is_read\": false, \"created_at\": \"2026-03-16T02:29:41.485678\"}"]
[2026-03-16T02:39:12+08:00][info] 6285639416:tdata8:messages:temp_8564033513.session:6285639416
[2026-03-16T02:39:12+08:00][info] 6285639416:["{\"message_id\": 2779, \"chat_id\": \"6285639416\", \"account_id\": \"temp_8564033513.session\", \"sender_id\": 6285639416, \"sender_name\": \"User_6285639416\", \"message_text\": \"234\", \"message_type\": \"text\", \"sender_username\": null, \"media_path\": null, \"is_outgoing\": false, \"reply_to_msg_id\": null, \"timestamp\": \"2026-03-15T18:16:34+00:00\", \"is_read\": false, \"created_at\": \"2026-03-16T02:16:34.350884\"}"]
[2026-03-16T02:39:12+08:00][info] -5072487869:tdata8:group_message_-5072487869:temp_8564033513.session
[2026-03-16T02:39:12+08:00][info] -5072487869:["{\"message_id\": 2794, \"chat_id\": \"-5072487869\", \"account_id\": \"temp_8564033513.session\", \"sender_id\": 8531252785, \"sender_name\": \"User_8531252785\", \"message_text\": \"ETH+BNB= BTC\u786c\u901a\u8d27\", \"message_type\": \"text\", \"sender_username\": null, \"media_path\": null, \"is_outgoing\": false, \"reply_to_msg_id\": null, \"timestamp\": \"2026-03-15T18:37:51+00:00\", \"is_read\": false, \"created_at\": \"2026-03-16T02:37:52.255766\"}"]
[2026-03-16T02:39:22+08:00][info] 6399889014:tdata8:messages:temp_8564033513.session:6399889014
[2026-03-16T02:39:22+08:00][info] 6399889014:["{\"message_id\": 2789, \"chat_id\": \"6399889014\", \"account_id\": \"temp_8564033513.session\", \"sender_id\": 6399889014, \"sender_name\": \"User_6399889014\", \"message_text\": \"55\", \"message_type\": \"text\", \"sender_username\": null, \"media_path\": null, \"is_outgoing\": false, \"reply_to_msg_id\": null, \"timestamp\": \"2026-03-15T18:29:40+00:00\", \"is_read\": false, \"created_at\": \"2026-03-16T02:29:41.485678\"}"]
[2026-03-16T02:39:22+08:00][info] 6285639416:tdata8:messages:temp_8564033513.session:6285639416
[2026-03-16T02:39:22+08:00][info] 6285639416:["{\"message_id\": 2779, \"chat_id\": \"6285639416\", \"account_id\": \"temp_8564033513.session\", \"sender_id\": 6285639416, \"sender_name\": \"User_6285639416\", \"message_text\": \"234\", \"message_type\": \"text\", \"sender_username\": null, \"media_path\": null, \"is_outgoing\": false, \"reply_to_msg_id\": null, \"timestamp\": \"2026-03-15T18:16:34+00:00\", \"is_read\": false, \"created_at\": \"2026-03-16T02:16:34.350884\"}"]
[2026-03-16T02:39:22+08:00][info] -5072487869:tdata8:group_message_-5072487869:temp_8564033513.session
[2026-03-16T02:39:22+08:00][info] -5072487869:["{\"message_id\": 2794, \"chat_id\": \"-5072487869\", \"account_id\": \"temp_8564033513.session\", \"sender_id\": 8531252785, \"sender_name\": \"User_8531252785\", \"message_text\": \"ETH+BNB= BTC\u786c\u901a\u8d27\", \"message_type\": \"text\", \"sender_username\": null, \"media_path\": null, \"is_outgoing\": false, \"reply_to_msg_id\": null, \"timestamp\": \"2026-03-15T18:37:51+00:00\", \"is_read\": false, \"created_at\": \"2026-03-16T02:37:52.255766\"}"]
[2026-03-16T02:39:32+08:00][info] 6399889014:tdata8:messages:temp_8564033513.session:6399889014
[2026-03-16T02:39:32+08:00][info] 6399889014:["{\"message_id\": 2789, \"chat_id\": \"6399889014\", \"account_id\": \"temp_8564033513.session\", \"sender_id\": 6399889014, \"sender_name\": \"User_6399889014\", \"message_text\": \"55\", \"message_type\": \"text\", \"sender_username\": null, \"media_path\": null, \"is_outgoing\": false, \"reply_to_msg_id\": null, \"timestamp\": \"2026-03-15T18:29:40+00:00\", \"is_read\": false, \"created_at\": \"2026-03-16T02:29:41.485678\"}"]
[2026-03-16T02:39:32+08:00][info] 6285639416:tdata8:messages:temp_8564033513.session:6285639416
[2026-03-16T02:39:32+08:00][info] 6285639416:["{\"message_id\": 2779, \"chat_id\": \"6285639416\", \"account_id\": \"temp_8564033513.session\", \"sender_id\": 6285639416, \"sender_name\": \"User_6285639416\", \"message_text\": \"234\", \"message_type\": \"text\", \"sender_username\": null, \"media_path\": null, \"is_outgoing\": false, \"reply_to_msg_id\": null, \"timestamp\": \"2026-03-15T18:16:34+00:00\", \"is_read\": false, \"created_at\": \"2026-03-16T02:16:34.350884\"}"]
[2026-03-16T02:39:32+08:00][info] -5072487869:tdata8:group_message_-5072487869:temp_8564033513.session
[2026-03-16T02:39:32+08:00][info] -5072487869:["{\"message_id\": 2794, \"chat_id\": \"-5072487869\", \"account_id\": \"temp_8564033513.session\", \"sender_id\": 8531252785, \"sender_name\": \"User_8531252785\", \"message_text\": \"ETH+BNB= BTC\u786c\u901a\u8d27\", \"message_type\": \"text\", \"sender_username\": null, \"media_path\": null, \"is_outgoing\": false, \"reply_to_msg_id\": null, \"timestamp\": \"2026-03-15T18:37:51+00:00\", \"is_read\": false, \"created_at\": \"2026-03-16T02:37:52.255766\"}"]
[2026-03-16T21:49:46+08:00][info] [{"id":3331,"account_status":"异常","count":65},{"id":3464,"account_status":"退出","count":31},{"id":4275,"account_status":"正常","count":1}]
[2026-03-16T21:49:50+08:00][info] -5283535179:tdata8:group_message_-5283535179:temp_8242265110.session
[2026-03-16T21:49:50+08:00][info] -5283535179:[]
[2026-03-16T21:49:50+08:00][info] -5288642383:tdata8:group_message_-5288642383:temp_8242265110.session
[2026-03-16T21:49:50+08:00][info] -5288642383:[]
[2026-03-16T21:50:00+08:00][info] -5283535179:tdata8:group_message_-5283535179:temp_8242265110.session
[2026-03-16T21:50:00+08:00][info] -5283535179:[]
[2026-03-16T21:50:00+08:00][info] -5288642383:tdata8:group_message_-5288642383:temp_8242265110.session
[2026-03-16T21:50:00+08:00][info] -5288642383:[]
[2026-03-16T21:50:10+08:00][info] -5283535179:tdata8:group_message_-5283535179:temp_8242265110.session
[2026-03-16T21:50:10+08:00][info] -5283535179:[]
[2026-03-16T21:50:10+08:00][info] -5288642383:tdata8:group_message_-5288642383:temp_8242265110.session
[2026-03-16T21:50:10+08:00][info] -5288642383:[]
[2026-03-16T21:50:20+08:00][info] -5283535179:tdata8:group_message_-5283535179:temp_8242265110.session
[2026-03-16T21:50:20+08:00][info] -5283535179:[]
[2026-03-16T21:50:20+08:00][info] -5288642383:tdata8:group_message_-5288642383:temp_8242265110.session
[2026-03-16T21:50:20+08:00][info] -5288642383:[]
[2026-03-16T21:50:30+08:00][info] -5283535179:tdata8:group_message_-5283535179:temp_8242265110.session
[2026-03-16T21:50:30+08:00][info] -5283535179:[]
[2026-03-16T21:50:30+08:00][info] -5288642383:tdata8:group_message_-5288642383:temp_8242265110.session
[2026-03-16T21:50:30+08:00][info] -5288642383:[]
[2026-03-16T21:50:40+08:00][info] -5283535179:tdata8:group_message_-5283535179:temp_8242265110.session
[2026-03-16T21:50:40+08:00][info] -5283535179:[]
[2026-03-16T21:50:40+08:00][info] -5288642383:tdata8:group_message_-5288642383:temp_8242265110.session
[2026-03-16T21:50:40+08:00][info] -5288642383:[]
[2026-03-16T21:50:50+08:00][info] -5283535179:tdata8:group_message_-5283535179:temp_8242265110.session
[2026-03-16T21:50:50+08:00][info] -5283535179:[]
[2026-03-16T21:50:50+08:00][info] -5288642383:tdata8:group_message_-5288642383:temp_8242265110.session
[2026-03-16T21:50:50+08:00][info] -5288642383:[]
[2026-03-16T21:51:00+08:00][info] -5283535179:tdata8:group_message_-5283535179:temp_8242265110.session
[2026-03-16T21:51:00+08:00][info] -5283535179:[]
[2026-03-16T21:51:00+08:00][info] -5288642383:tdata8:group_message_-5288642383:temp_8242265110.session
[2026-03-16T21:51:00+08:00][info] -5288642383:[]
[2026-03-16T21:51:10+08:00][info] -5283535179:tdata8:group_message_-5283535179:temp_8242265110.session
[2026-03-16T21:51:10+08:00][info] -5283535179:[]
[2026-03-16T21:51:10+08:00][info] -5288642383:tdata8:group_message_-5288642383:temp_8242265110.session
[2026-03-16T21:51:10+08:00][info] -5288642383:[]
[2026-03-16T21:51:20+08:00][info] -5283535179:tdata8:group_message_-5283535179:temp_8242265110.session
[2026-03-16T21:51:20+08:00][info] -5283535179:[]
[2026-03-16T21:51:20+08:00][info] -5288642383:tdata8:group_message_-5288642383:temp_8242265110.session
[2026-03-16T21:51:20+08:00][info] -5288642383:[]
[2026-03-16T21:51:30+08:00][info] -5283535179:tdata8:group_message_-5283535179:temp_8242265110.session
[2026-03-16T21:51:30+08:00][info] -5283535179:[]
[2026-03-16T21:51:30+08:00][info] -5288642383:tdata8:group_message_-5288642383:temp_8242265110.session
[2026-03-16T21:51:30+08:00][info] -5288642383:[]
[2026-03-16T21:51:50+08:00][info] -5283535179:tdata8:group_message_-5283535179:temp_8242265110.session
[2026-03-16T21:51:50+08:00][info] -5283535179:[]
[2026-03-16T21:51:50+08:00][info] -5288642383:tdata8:group_message_-5288642383:temp_8242265110.session
[2026-03-16T21:51:50+08:00][info] -5288642383:[]
[2026-03-16T21:52:50+08:00][info] -5283535179:tdata8:group_message_-5283535179:temp_8242265110.session
[2026-03-16T21:52:50+08:00][info] -5283535179:[]
[2026-03-16T21:52:50+08:00][info] -5288642383:tdata8:group_message_-5288642383:temp_8242265110.session
[2026-03-16T21:52:50+08:00][info] -5288642383:[]
[2026-03-16T21:53:50+08:00][info] -5283535179:tdata8:group_message_-5283535179:temp_8242265110.session
[2026-03-16T21:53:50+08:00][info] -5283535179:[]
[2026-03-16T21:53:50+08:00][info] -5288642383:tdata8:group_message_-5288642383:temp_8242265110.session
[2026-03-16T21:53:50+08:00][info] -5288642383:[]
[2026-03-16T21:54:50+08:00][info] -5283535179:tdata8:group_message_-5283535179:temp_8242265110.session
[2026-03-16T21:54:50+08:00][info] -5283535179:[]
[2026-03-16T21:54:50+08:00][info] -5288642383:tdata8:group_message_-5288642383:temp_8242265110.session
[2026-03-16T21:54:50+08:00][info] -5288642383:[]
[2026-03-16T21:55:50+08:00][info] -5283535179:tdata8:group_message_-5283535179:temp_8242265110.session
[2026-03-16T21:55:50+08:00][info] -5283535179:[]
[2026-03-16T21:55:50+08:00][info] -5288642383:tdata8:group_message_-5288642383:temp_8242265110.session
[2026-03-16T21:55:50+08:00][info] -5288642383:[]
[2026-03-16T21:56:50+08:00][info] -5283535179:tdata8:group_message_-5283535179:temp_8242265110.session
[2026-03-16T21:56:50+08:00][info] -5283535179:[]
[2026-03-16T21:56:50+08:00][info] -5288642383:tdata8:group_message_-5288642383:temp_8242265110.session
[2026-03-16T21:56:50+08:00][info] -5288642383:[]
[2026-03-16T21:57:50+08:00][info] -5283535179:tdata8:group_message_-5283535179:temp_8242265110.session
[2026-03-16T21:57:50+08:00][info] -5283535179:[]
[2026-03-16T21:57:50+08:00][info] -5288642383:tdata8:group_message_-5288642383:temp_8242265110.session
[2026-03-16T21:57:50+08:00][info] -5288642383:[]
[2026-03-16T21:58:50+08:00][info] -5283535179:tdata8:group_message_-5283535179:temp_8242265110.session
[2026-03-16T21:58:50+08:00][info] -5283535179:[]
[2026-03-16T21:58:50+08:00][info] -5288642383:tdata8:group_message_-5288642383:temp_8242265110.session
[2026-03-16T21:58:50+08:00][info] -5288642383:[]
[2026-03-16T21:59:50+08:00][info] -5283535179:tdata8:group_message_-5283535179:temp_8242265110.session
[2026-03-16T21:59:50+08:00][info] -5283535179:[]
[2026-03-16T21:59:50+08:00][info] -5288642383:tdata8:group_message_-5288642383:temp_8242265110.session
[2026-03-16T21:59:50+08:00][info] -5288642383:[]
