[2026-02-19T22:23:18+08:00][info] 消息ID缓存成功: task_id=37, group_id=https://t.me/+DUAGbZI5vW41NWI8, msg_index=1680, message_id=8454, send_user_id=2492
[2026-02-19T22:23:18+08:00][info] 消息状态标记为已发送: task_id=37, group_id=https://t.me/+DUAGbZI5vW41NWI8, msg_index=1680
[2026-02-19T22:23:18+08:00][info] 任务 37 将在 109 秒后继续处理下一条消息，索引: 1681, 实例ID: task_37_index_1681_1771510998.7608
[2026-02-19T22:23:19+08:00][info] 返回:{"status":true,"message":"发送完成，成功1个，失败0个[]","data":{"success":[{"group_id":3479387283,"group_link":"https:\/\/t.me\/+o12qlRNkdiViMjE0","type":"megagroup","message":"发送成功","message_id":10289}],"failed":[],"debug":["处理标识符: https:\/\/t.me\/+o12qlRNkdiViMjE0, 清理后: https:\/\/t.me\/+o12qlRNkdiViMjE0, 识别为链接: True, 识别为数字ID: False"],"warning":""},"api_address":"185.165.170.142:5015"}
[2026-02-19T22:23:19+08:00][info] 消息ID缓存成功: task_id=36, group_id=https://t.me/+o12qlRNkdiViMjE0, msg_index=1644, message_id=10289, send_user_id=2431
[2026-02-19T22:23:19+08:00][info] 消息状态标记为已发送: task_id=36, group_id=https://t.me/+o12qlRNkdiViMjE0, msg_index=1644
[2026-02-19T22:23:20+08:00][info] 任务 36 将在 95 秒后继续处理下一条消息，索引: 1645, 实例ID: task_36_index_1645_1771511000.3023
[2026-02-19T22:23:26+08:00][info] 开始处理队列任务: task_id=40, current_index=330
[2026-02-19T22:23:26+08:00][info] 使用消息配置中指定的用户 3114 的 session_path/www/wwwroot/tdata.tgbota.top/public/uploads/admin/202602/699625adf380f/14704104941/tdata/temp_8482363797.session
[2026-02-19T22:23:28+08:00][info] 返回:{"status":true,"message":"发送完成，成功1个，失败0个[]","data":{"success":[{"group_id":3799666589,"group_link":"https:\/\/t.me\/+IfyZ_OVthdI5YzNk","type":"megagroup","message":"发送成功","message_id":483}],"failed":[],"debug":["处理标识符: https:\/\/t.me\/+IfyZ_OVthdI5YzNk, 清理后: https:\/\/t.me\/+IfyZ_OVthdI5YzNk, 识别为链接: True, 识别为数字ID: False"],"warning":""},"api_address":"185.165.170.142:5130"}
[2026-02-19T22:23:28+08:00][info] 消息ID缓存成功: task_id=40, group_id=https://t.me/+IfyZ_OVthdI5YzNk, msg_index=330, message_id=483, send_user_id=3114
[2026-02-19T22:23:28+08:00][info] 消息状态标记为已发送: task_id=40, group_id=https://t.me/+IfyZ_OVthdI5YzNk, msg_index=330
[2026-02-19T22:23:28+08:00][info] 任务 40 将在 88 秒后继续处理下一条消息，索引: 331, 实例ID: task_40_index_331_1771511008.6562
[2026-02-19T22:23:28+08:00][info] 开始处理队列任务: task_id=28, current_index=1613
[2026-02-19T22:23:28+08:00][info] 消息缓存初始化完成: task_id=28, groups=https://t.me/+Hg62NsrbOCZmZmY8
[2026-02-19T22:23:28+08:00][info] 任务 28 第 3 次循环，重置群组 https://t.me/+Hg62NsrbOCZmZmY8 消息状态
[2026-02-19T22:23:29+08:00][info] 使用当前发送用户 2310 的 session_path/www/wwwroot/tdata.tgbota.top/public/uploads/admin/202601/6971e94ea480a/16077063566/tdata/temp_8222202974.session
[2026-02-19T22:23:30+08:00][info] 开始处理队列任务: task_id=38, current_index=332
[2026-02-19T22:23:30+08:00][info] 使用消息配置中指定的用户 3114 的 session_path/www/wwwroot/tdata.tgbota.top/public/uploads/admin/202602/699625adf380f/14704104941/tdata/temp_8482363797.session
[2026-02-19T22:23:31+08:00][info] 返回:{"status":true,"message":"发送完成，成功1个，失败0个[]","data":{"success":[{"group_id":3657218256,"group_link":"https:\/\/t.me\/+Hg62NsrbOCZmZmY8","type":"megagroup","message":"发送成功","message_id":21644}],"failed":[],"debug":["处理标识符: https:\/\/t.me\/+Hg62NsrbOCZmZmY8, 清理后: https:\/\/t.me\/+Hg62NsrbOCZmZmY8, 识别为链接: True, 识别为数字ID: False"],"warning":""},"api_address":"185.165.170.142:5045"}
[2026-02-19T22:23:31+08:00][info] 消息ID缓存成功: task_id=28, group_id=https://t.me/+Hg62NsrbOCZmZmY8, msg_index=1613, message_id=21644, send_user_id=2310
[2026-02-19T22:23:31+08:00][info] 消息状态标记为已发送: task_id=28, group_id=https://t.me/+Hg62NsrbOCZmZmY8, msg_index=1613
[2026-02-19T22:23:31+08:00][info] 任务 28 将在 105 秒后继续处理下一条消息，索引: 1614, 实例ID: task_28_index_1614_1771511011.5647
[2026-02-19T22:23:33+08:00][info] 返回:{"status":true,"message":"发送完成，成功1个，失败0个[]","data":{"success":[{"group_id":3794396962,"group_link":"https:\/\/t.me\/+69dYKDni-wFmYWE0","type":"megagroup","message":"发送成功","message_id":483}],"failed":[],"debug":["处理标识符: https:\/\/t.me\/+69dYKDni-wFmYWE0, 清理后: https:\/\/t.me\/+69dYKDni-wFmYWE0, 识别为链接: True, 识别为数字ID: False"],"warning":""},"api_address":"185.165.170.142:5130"}
[2026-02-19T22:23:33+08:00][info] 消息ID缓存成功: task_id=38, group_id=https://t.me/+69dYKDni-wFmYWE0, msg_index=332, message_id=483, send_user_id=3114
[2026-02-19T22:23:33+08:00][info] 消息状态标记为已发送: task_id=38, group_id=https://t.me/+69dYKDni-wFmYWE0, msg_index=332
[2026-02-19T22:23:33+08:00][info] 任务 38 将在 84 秒后继续处理下一条消息，索引: 333, 实例ID: task_38_index_333_1771511013.3635
[2026-02-19T22:23:48+08:00][info] 开始处理队列任务: task_id=27, current_index=1576
[2026-02-19T22:23:48+08:00][info] 消息缓存初始化完成: task_id=27, groups=https://t.me/+_XaTo9Qrv0VjOTM0
[2026-02-19T22:23:48+08:00][info] 任务 27 第 3 次循环，重置群组 https://t.me/+_XaTo9Qrv0VjOTM0 消息状态
[2026-02-19T22:23:48+08:00][info] 使用消息配置中指定的用户 2330 的 session_path/www/wwwroot/tdata.tgbota.top/public/uploads/admin/202601/6971e94ea480a/16158059628/tdata/temp_8392517804.session
[2026-02-19T22:23:51+08:00][info] 返回:{"status":true,"message":"发送完成，成功1个，失败0个[]","data":{"success":[{"group_id":3649225144,"group_link":"https:\/\/t.me\/+_XaTo9Qrv0VjOTM0","type":"megagroup","message":"发送成功","message_id":33190}],"failed":[],"debug":["处理标识符: https:\/\/t.me\/+_XaTo9Qrv0VjOTM0, 清理后: https:\/\/t.me\/+_XaTo9Qrv0VjOTM0, 识别为链接: True, 识别为数字ID: False"],"warning":""},"api_address":"185.165.170.142:5065"}
[2026-02-19T22:23:51+08:00][info] 消息ID缓存成功: task_id=27, group_id=https://t.me/+_XaTo9Qrv0VjOTM0, msg_index=1576, message_id=33190, send_user_id=2330
[2026-02-19T22:23:51+08:00][info] 消息状态标记为已发送: task_id=27, group_id=https://t.me/+_XaTo9Qrv0VjOTM0, msg_index=1576
[2026-02-19T22:23:51+08:00][info] 任务 27 将在 100 秒后继续处理下一条消息，索引: 1577, 实例ID: task_27_index_1577_1771511031.2066
[2026-02-19T22:24:01+08:00][info] 开始处理队列任务: task_id=31, current_index=1614
[2026-02-19T22:24:01+08:00][info] 消息缓存初始化完成: task_id=31, groups=https://t.me/+4azhFwWhx1czMzE0
[2026-02-19T22:24:01+08:00][info] 任务 31 第 3 次循环，重置群组 https://t.me/+4azhFwWhx1czMzE0 消息状态
[2026-02-19T22:24:01+08:00][info] 使用消息配置中指定的用户 2321 的 session_path/www/wwwroot/tdata.tgbota.top/public/uploads/admin/202601/6971e94ea480a/16095962724/tdata/temp_8000979247.session
[2026-02-19T22:24:05+08:00][info] 开始处理队列任务: task_id=33, current_index=1480
[2026-02-19T22:24:05+08:00][info] 消息缓存初始化完成: task_id=33, groups=https://t.me/+wcqRUxDn6zczYmM0
[2026-02-19T22:24:05+08:00][info] 任务 33 第 2 次循环，重置群组 https://t.me/+wcqRUxDn6zczYmM0 消息状态
[2026-02-19T22:24:05+08:00][info] 使用当前发送用户 2433 的 session_path/www/wwwroot/tdata.tgbota.top/public/uploads/admin/202602/69862ac4b6550/817039684559/tdata/temp_8407127233.session
[2026-02-19T22:24:05+08:00][info] 返回:{"status":true,"message":"发送完成，成功1个，失败0个[]","data":{"success":[{"group_id":3079998653,"group_link":"https:\/\/t.me\/+4azhFwWhx1czMzE0","type":"megagroup","message":"发送成功","message_id":14467}],"failed":[],"debug":["处理标识符: https:\/\/t.me\/+4azhFwWhx1czMzE0, 清理后: https:\/\/t.me\/+4azhFwWhx1czMzE0, 识别为链接: True, 识别为数字ID: False","文件1有效: \/www\/wwwroot\/tdata.tgbota.top\/public\/uploads\/admin\/202512\/693ae4d3d3ad1.jpg (87512字节)","发送单个文件: \/www\/wwwroot\/tdata.tgbota.top\/public\/uploads\/admin\/202512\/693ae4d3d3ad1.jpg"],"warning":""},"api_address":"185.165.170.142:5056"}
[2026-02-19T22:24:05+08:00][info] 消息ID缓存成功: task_id=31, group_id=https://t.me/+4azhFwWhx1czMzE0, msg_index=1614, message_id=14467, send_user_id=2321
[2026-02-19T22:24:05+08:00][info] 消息状态标记为已发送: task_id=31, group_id=https://t.me/+4azhFwWhx1czMzE0, msg_index=1614
[2026-02-19T22:24:05+08:00][info] 任务 31 将在 88 秒后继续处理下一条消息，索引: 1615, 实例ID: task_31_index_1615_1771511045.5179
[2026-02-19T22:24:07+08:00][info] 返回:{"status":true,"message":"发送完成，成功1个，失败0个[]","data":{"success":[{"group_id":3658905404,"group_link":"https:\/\/t.me\/+wcqRUxDn6zczYmM0","type":"megagroup","message":"发送成功","message_id":10063}],"failed":[],"debug":["处理标识符: https:\/\/t.me\/+wcqRUxDn6zczYmM0, 清理后: https:\/\/t.me\/+wcqRUxDn6zczYmM0, 识别为链接: True, 识别为数字ID: False"],"warning":""},"api_address":"185.165.170.142:5017"}
[2026-02-19T22:24:07+08:00][info] 消息ID缓存成功: task_id=33, group_id=https://t.me/+wcqRUxDn6zczYmM0, msg_index=1480, message_id=10063, send_user_id=2433
[2026-02-19T22:24:07+08:00][info] 消息状态标记为已发送: task_id=33, group_id=https://t.me/+wcqRUxDn6zczYmM0, msg_index=1480
[2026-02-19T22:24:07+08:00][info] 任务 33 将在 100 秒后继续处理下一条消息，索引: 1481, 实例ID: task_33_index_1481_1771511047.191
[2026-02-19T22:24:07+08:00][info] 开始处理队列任务: task_id=35, current_index=1693
[2026-02-19T22:24:07+08:00][info] 消息缓存初始化完成: task_id=35, groups=https://t.me/+BrIuI_-gkNhhYTE0
[2026-02-19T22:24:07+08:00][info] 任务 35 第 3 次循环，重置群组 https://t.me/+BrIuI_-gkNhhYTE0 消息状态
[2026-02-19T22:24:07+08:00][info] 使用当前发送用户 2535 的 session_path/www/wwwroot/tdata.tgbota.top/public/uploads/admin/202602/69862ac4b6550/818014590235/tdata/temp_8336493850.session
[2026-02-19T22:24:08+08:00][info] 开始处理队列任务: task_id=25, current_index=1608
[2026-02-19T22:24:08+08:00][info] 消息缓存初始化完成: task_id=25, groups=https://t.me/+HZFEhfAwKjhmZDZk
[2026-02-19T22:24:08+08:00][info] 任务 25 第 3 次循环，重置群组 https://t.me/+HZFEhfAwKjhmZDZk 消息状态
[2026-02-19T22:24:08+08:00][info] 使用消息配置中指定的用户 2281 的 session_path/www/wwwroot/tdata.tgbota.top/public/uploads/admin/202601/6971e94ea480a/16156947078/tdata/temp_8226620833.session
[2026-02-19T22:24:09+08:00][info] 返回:{"status":true,"message":"发送完成，成功1个，失败0个[]","data":{"success":[{"group_id":3646934744,"group_link":"https:\/\/t.me\/+BrIuI_-gkNhhYTE0","type":"megagroup","message":"发送成功","message_id":10277}],"failed":[],"debug":["处理标识符: https:\/\/t.me\/+BrIuI_-gkNhhYTE0, 清理后: https:\/\/t.me\/+BrIuI_-gkNhhYTE0, 识别为链接: True, 识别为数字ID: False"],"warning":""},"api_address":"185.165.170.142:5119"}
[2026-02-19T22:24:09+08:00][info] 消息ID缓存成功: task_id=35, group_id=https://t.me/+BrIuI_-gkNhhYTE0, msg_index=1693, message_id=10277, send_user_id=2535
[2026-02-19T22:24:09+08:00][info] 消息状态标记为已发送: task_id=35, group_id=https://t.me/+BrIuI_-gkNhhYTE0, msg_index=1693
[2026-02-19T22:24:09+08:00][info] 任务 35 将在 86 秒后继续处理下一条消息，索引: 1694, 实例ID: task_35_index_1694_1771511049.4439
[2026-02-19T22:24:11+08:00][info] 返回:{"status":true,"message":"发送完成，成功1个，失败0个[]","data":{"success":[{"group_id":3482989339,"group_link":"https:\/\/t.me\/+HZFEhfAwKjhmZDZk","type":"megagroup","message":"发送成功","message_id":30162}],"failed":[],"debug":["处理标识符: https:\/\/t.me\/+HZFEhfAwKjhmZDZk, 清理后: https:\/\/t.me\/+HZFEhfAwKjhmZDZk, 识别为链接: True, 识别为数字ID: False"],"warning":""},"api_address":"185.165.170.142:5016"}
[2026-02-19T22:24:11+08:00][info] 消息ID缓存成功: task_id=25, group_id=https://t.me/+HZFEhfAwKjhmZDZk, msg_index=1608, message_id=30162, send_user_id=2281
[2026-02-19T22:24:11+08:00][info] 消息状态标记为已发送: task_id=25, group_id=https://t.me/+HZFEhfAwKjhmZDZk, msg_index=1608
[2026-02-19T22:24:11+08:00][info] 任务 25 将在 76 秒后继续处理下一条消息，索引: 1609, 实例ID: task_25_index_1609_1771511051.3898
[2026-02-19T22:24:13+08:00][info] 开始处理队列任务: task_id=39, current_index=332
[2026-02-19T22:24:13+08:00][info] 使用消息配置中指定的用户 3114 的 session_path/www/wwwroot/tdata.tgbota.top/public/uploads/admin/202602/699625adf380f/14704104941/tdata/temp_8482363797.session
[2026-02-19T22:24:16+08:00][info] 返回:{"status":true,"message":"发送完成，成功1个，失败0个[]","data":{"success":[{"group_id":3770869551,"group_link":"https:\/\/t.me\/+ZpSvBhFQCCEwMzdk","type":"megagroup","message":"发送成功","message_id":483}],"failed":[],"debug":["处理标识符: https:\/\/t.me\/+ZpSvBhFQCCEwMzdk, 清理后: https:\/\/t.me\/+ZpSvBhFQCCEwMzdk, 识别为链接: True, 识别为数字ID: False"],"warning":""},"api_address":"185.165.170.142:5130"}
[2026-02-19T22:24:16+08:00][info] 消息ID缓存成功: task_id=39, group_id=https://t.me/+ZpSvBhFQCCEwMzdk, msg_index=332, message_id=483, send_user_id=3114
[2026-02-19T22:24:16+08:00][info] 消息状态标记为已发送: task_id=39, group_id=https://t.me/+ZpSvBhFQCCEwMzdk, msg_index=332
[2026-02-19T22:24:16+08:00][info] 任务 39 将在 84 秒后继续处理下一条消息，索引: 333, 实例ID: task_39_index_333_1771511056.186
[2026-02-19T22:24:26+08:00][info] 开始处理队列任务: task_id=29, current_index=1609
[2026-02-19T22:24:26+08:00][info] 消息缓存初始化完成: task_id=29, groups=https://t.me/+WZlsKfz1W89jYjE0
[2026-02-19T22:24:26+08:00][info] 任务 29 第 3 次循环，重置群组 https://t.me/+WZlsKfz1W89jYjE0 消息状态
[2026-02-19T22:24:26+08:00][info] 使用消息配置中指定的用户 2313 的 session_path/www/wwwroot/tdata.tgbota.top/public/uploads/admin/202601/6971e94ea480a/16084474814/tdata/temp_8325227304.session
[2026-02-19T22:24:30+08:00][info] 返回:{"status":true,"message":"发送完成，成功1个，失败0个[]","data":{"success":[{"group_id":3780502866,"group_link":"https:\/\/t.me\/+WZlsKfz1W89jYjE0","type":"megagroup","message":"发送成功","message_id":21703}],"failed":[],"debug":["处理标识符: https:\/\/t.me\/+WZlsKfz1W89jYjE0, 清理后: https:\/\/t.me\/+WZlsKfz1W89jYjE0, 识别为链接: True, 识别为数字ID: False","文件1有效: \/www\/wwwroot\/tdata.tgbota.top\/public\/uploads\/admin\/202512\/693ae4c14180b.jpg (23975字节)","发送单个文件: \/www\/wwwroot\/tdata.tgbota.top\/public\/uploads\/admin\/202512\/693ae4c14180b.jpg"],"warning":""},"api_address":"185.165.170.142:5002"}
[2026-02-19T22:24:30+08:00][info] 消息ID缓存成功: task_id=29, group_id=https://t.me/+WZlsKfz1W89jYjE0, msg_index=1609, message_id=21703, send_user_id=2313
[2026-02-19T22:24:30+08:00][info] 消息状态标记为已发送: task_id=29, group_id=https://t.me/+WZlsKfz1W89jYjE0, msg_index=1609
[2026-02-19T22:24:30+08:00][info] 任务 29 将在 109 秒后继续处理下一条消息，索引: 1610, 实例ID: task_29_index_1610_1771511070.5069
[2026-02-19T22:24:55+08:00][info] 开始处理队列任务: task_id=34, current_index=1481
[2026-02-19T22:24:55+08:00][info] 消息缓存初始化完成: task_id=34, groups=https://t.me/+CUyn8iqnQwEzNDY0
[2026-02-19T22:24:55+08:00][info] 任务 34 第 2 次循环，重置群组 https://t.me/+CUyn8iqnQwEzNDY0 消息状态
[2026-02-19T22:24:55+08:00][info] 使用当前发送用户 2433 的 session_path/www/wwwroot/tdata.tgbota.top/public/uploads/admin/202602/69862ac4b6550/817039684559/tdata/temp_8407127233.session
[2026-02-19T22:24:55+08:00][info] 开始处理队列任务: task_id=36, current_index=1645
[2026-02-19T22:24:56+08:00][info] 消息缓存初始化完成: task_id=36, groups=https://t.me/+o12qlRNkdiViMjE0
[2026-02-19T22:24:56+08:00][info] 任务 36 第 3 次循环，重置群组 https://t.me/+o12qlRNkdiViMjE0 消息状态
[2026-02-19T22:24:56+08:00][info] 使用feedbackType=1644的消息ID: 10288
[2026-02-19T22:24:56+08:00][info] 使用消息配置中指定的用户 2447 的 session_path/www/wwwroot/tdata.tgbota.top/public/uploads/admin/202602/69862ac4b6550/818014595092/tdata/temp_8536971456.session
[2026-02-19T22:24:56+08:00][info] 开始处理队列任务: task_id=40, current_index=331
[2026-02-19T22:24:56+08:00][info] 使用消息配置中指定的用户 3114 的 session_path/www/wwwroot/tdata.tgbota.top/public/uploads/admin/202602/699625adf380f/14704104941/tdata/temp_8482363797.session
[2026-02-19T22:24:57+08:00][info] 开始处理队列任务: task_id=38, current_index=333
[2026-02-19T22:24:57+08:00][info] 使用消息配置中指定的用户 3160 的 session_path/www/wwwroot/tdata.tgbota.top/public/uploads/admin/202602/699625adf380f/14642412572/tdata/temp_8513808515.session
[2026-02-19T22:24:57+08:00][info] 返回:{"status":true,"message":"发送完成，成功1个，失败0个[]","data":{"success":[{"group_id":3719450736,"group_link":"https:\/\/t.me\/+CUyn8iqnQwEzNDY0","type":"megagroup","message":"发送成功","message_id":10225}],"failed":[],"debug":["处理标识符: https:\/\/t.me\/+CUyn8iqnQwEzNDY0, 清理后: https:\/\/t.me\/+CUyn8iqnQwEzNDY0, 识别为链接: True, 识别为数字ID: False"],"warning":""},"api_address":"185.165.170.142:5017"}
[2026-02-19T22:24:57+08:00][info] 消息ID缓存成功: task_id=34, group_id=https://t.me/+CUyn8iqnQwEzNDY0, msg_index=1481, message_id=10225, send_user_id=2433
[2026-02-19T22:24:57+08:00][info] 消息状态标记为已发送: task_id=34, group_id=https://t.me/+CUyn8iqnQwEzNDY0, msg_index=1481
[2026-02-19T22:24:57+08:00][info] 任务 34 将在 116 秒后继续处理下一条消息，索引: 1482, 实例ID: task_34_index_1482_1771511097.3895
[2026-02-19T22:24:58+08:00][info] 返回:{"status":true,"message":"发送完成，成功1个，失败0个[]","data":{"success":[{"group_id":3479387283,"group_link":"https:\/\/t.me\/+o12qlRNkdiViMjE0","type":"megagroup","message":"发送成功","message_id":10290}],"failed":[],"debug":["处理标识符: https:\/\/t.me\/+o12qlRNkdiViMjE0, 清理后: https:\/\/t.me\/+o12qlRNkdiViMjE0, 识别为链接: True, 识别为数字ID: False"],"warning":""},"api_address":"185.165.170.142:5031"}
[2026-02-19T22:24:58+08:00][info] 消息ID缓存成功: task_id=36, group_id=https://t.me/+o12qlRNkdiViMjE0, msg_index=1645, message_id=10290, send_user_id=2447
[2026-02-19T22:24:58+08:00][info] 消息状态标记为已发送: task_id=36, group_id=https://t.me/+o12qlRNkdiViMjE0, msg_index=1645
[2026-02-19T22:24:59+08:00][info] 任务 36 将在 82 秒后继续处理下一条消息，索引: 1646, 实例ID: task_36_index_1646_1771511099.0501
[2026-02-19T22:24:59+08:00][info] 返回:{"status":true,"message":"发送完成，成功1个，失败0个[]","data":{"success":[{"group_id":3799666589,"group_link":"https:\/\/t.me\/+IfyZ_OVthdI5YzNk","type":"megagroup","message":"发送成功","message_id":484}],"failed":[],"debug":["处理标识符: https:\/\/t.me\/+IfyZ_OVthdI5YzNk, 清理后: https:\/\/t.me\/+IfyZ_OVthdI5YzNk, 识别为链接: True, 识别为数字ID: False"],"warning":""},"api_address":"185.165.170.142:5130"}
[2026-02-19T22:24:59+08:00][info] 消息ID缓存成功: task_id=40, group_id=https://t.me/+IfyZ_OVthdI5YzNk, msg_index=331, message_id=484, send_user_id=3114
[2026-02-19T22:24:59+08:00][info] 消息状态标记为已发送: task_id=40, group_id=https://t.me/+IfyZ_OVthdI5YzNk, msg_index=331
[2026-02-19T22:24:59+08:00][info] 任务 40 将在 93 秒后继续处理下一条消息，索引: 332, 实例ID: task_40_index_332_1771511099.45
[2026-02-19T22:25:00+08:00][info] 返回:{"status":true,"message":"发送完成，成功1个，失败0个[]","data":{"success":[{"group_id":3794396962,"group_link":"https:\/\/t.me\/+69dYKDni-wFmYWE0","type":"megagroup","message":"发送成功","message_id":485}],"failed":[],"debug":["处理标识符: https:\/\/t.me\/+69dYKDni-wFmYWE0, 清理后: https:\/\/t.me\/+69dYKDni-wFmYWE0, 识别为链接: True, 识别为数字ID: False"],"warning":""},"api_address":"185.165.170.142:5025"}
[2026-02-19T22:25:00+08:00][info] 消息ID缓存成功: task_id=38, group_id=https://t.me/+69dYKDni-wFmYWE0, msg_index=333, message_id=485, send_user_id=3160
[2026-02-19T22:25:00+08:00][info] 消息状态标记为已发送: task_id=38, group_id=https://t.me/+69dYKDni-wFmYWE0, msg_index=333
[2026-02-19T22:25:00+08:00][info] 任务 38 将在 86 秒后继续处理下一条消息，索引: 334, 实例ID: task_38_index_334_1771511100.5475
[2026-02-19T22:25:07+08:00][info] 开始处理队列任务: task_id=37, current_index=1681
[2026-02-19T22:25:08+08:00][info] 消息缓存初始化完成: task_id=37, groups=https://t.me/+DUAGbZI5vW41NWI8
[2026-02-19T22:25:08+08:00][info] 任务 37 第 3 次循环，重置群组 https://t.me/+DUAGbZI5vW41NWI8 消息状态
[2026-02-19T22:25:08+08:00][info] 使用feedbackType=1678的消息ID: 8451
[2026-02-19T22:25:08+08:00][info] 使用消息配置中指定的用户 2548 的 session_path/www/wwwroot/tdata.tgbota.top/public/uploads/admin/202602/69862ac4b6550/818014595978/tdata/temp_8466200430.session
[2026-02-19T22:25:10+08:00][info] 返回:{"status":true,"message":"发送完成，成功1个，失败0个[]","data":{"success":[{"group_id":3732578862,"group_link":"https:\/\/t.me\/+DUAGbZI5vW41NWI8","type":"megagroup","message":"发送成功","message_id":8455}],"failed":[],"debug":["处理标识符: https:\/\/t.me\/+DUAGbZI5vW41NWI8, 清理后: https:\/\/t.me\/+DUAGbZI5vW41NWI8, 识别为链接: True, 识别为数字ID: False"],"warning":""},"api_address":"185.165.170.142:5132"}
[2026-02-19T22:25:10+08:00][info] 消息ID缓存成功: task_id=37, group_id=https://t.me/+DUAGbZI5vW41NWI8, msg_index=1681, message_id=8455, send_user_id=2548
[2026-02-19T22:25:10+08:00][info] 消息状态标记为已发送: task_id=37, group_id=https://t.me/+DUAGbZI5vW41NWI8, msg_index=1681
[2026-02-19T22:25:10+08:00][info] 任务 37 将在 93 秒后继续处理下一条消息，索引: 1682, 实例ID: task_37_index_1682_1771511110.4955
[2026-02-19T22:25:16+08:00][info] 开始处理队列任务: task_id=28, current_index=1614
[2026-02-19T22:25:16+08:00][info] 消息缓存初始化完成: task_id=28, groups=https://t.me/+Hg62NsrbOCZmZmY8
[2026-02-19T22:25:16+08:00][info] 任务 28 第 3 次循环，重置群组 https://t.me/+Hg62NsrbOCZmZmY8 消息状态
[2026-02-19T22:25:16+08:00][info] 使用消息配置中指定的用户 2321 的 session_path/www/wwwroot/tdata.tgbota.top/public/uploads/admin/202601/6971e94ea480a/16095962724/tdata/temp_8000979247.session
[2026-02-19T22:25:20+08:00][info] 返回:{"status":true,"message":"发送完成，成功1个，失败0个[]","data":{"success":[{"group_id":3657218256,"group_link":"https:\/\/t.me\/+Hg62NsrbOCZmZmY8","type":"megagroup","message":"发送成功","message_id":21645}],"failed":[],"debug":["处理标识符: https:\/\/t.me\/+Hg62NsrbOCZmZmY8, 清理后: https:\/\/t.me\/+Hg62NsrbOCZmZmY8, 识别为链接: True, 识别为数字ID: False","文件1有效: \/www\/wwwroot\/tdata.tgbota.top\/public\/uploads\/admin\/202512\/693ae4d3d3ad1.jpg (87512字节)","发送单个文件: \/www\/wwwroot\/tdata.tgbota.top\/public\/uploads\/admin\/202512\/693ae4d3d3ad1.jpg"],"warning":""},"api_address":"185.165.170.142:5056"}
[2026-02-19T22:25:20+08:00][info] 消息ID缓存成功: task_id=28, group_id=https://t.me/+Hg62NsrbOCZmZmY8, msg_index=1614, message_id=21645, send_user_id=2321
[2026-02-19T22:25:20+08:00][info] 消息状态标记为已发送: task_id=28, group_id=https://t.me/+Hg62NsrbOCZmZmY8, msg_index=1614
[2026-02-19T22:25:20+08:00][info] 任务 28 将在 88 秒后继续处理下一条消息，索引: 1615, 实例ID: task_28_index_1615_1771511120.4312
[2026-02-19T22:25:27+08:00][info] 开始处理队列任务: task_id=25, current_index=1609
[2026-02-19T22:25:27+08:00][info] 消息缓存初始化完成: task_id=25, groups=https://t.me/+HZFEhfAwKjhmZDZk
[2026-02-19T22:25:27+08:00][info] 任务 25 第 3 次循环，重置群组 https://t.me/+HZFEhfAwKjhmZDZk 消息状态
[2026-02-19T22:25:27+08:00][info] 使用消息配置中指定的用户 2313 的 session_path/www/wwwroot/tdata.tgbota.top/public/uploads/admin/202601/6971e94ea480a/16084474814/tdata/temp_8325227304.session
[2026-02-19T22:25:30+08:00][info] 返回:{"status":true,"message":"发送完成，成功1个，失败0个[]","data":{"success":[{"group_id":3482989339,"group_link":"https:\/\/t.me\/+HZFEhfAwKjhmZDZk","type":"megagroup","message":"发送成功","message_id":30163}],"failed":[],"debug":["处理标识符: https:\/\/t.me\/+HZFEhfAwKjhmZDZk, 清理后: https:\/\/t.me\/+HZFEhfAwKjhmZDZk, 识别为链接: True, 识别为数字ID: False","文件1有效: \/www\/wwwroot\/tdata.tgbota.top\/public\/uploads\/admin\/202512\/693ae4c14180b.jpg (23975字节)","发送单个文件: \/www\/wwwroot\/tdata.tgbota.top\/public\/uploads\/admin\/202512\/693ae4c14180b.jpg"],"warning":""},"api_address":"185.165.170.142:5002"}
[2026-02-19T22:25:30+08:00][info] 消息ID缓存成功: task_id=25, group_id=https://t.me/+HZFEhfAwKjhmZDZk, msg_index=1609, message_id=30163, send_user_id=2313
[2026-02-19T22:25:30+08:00][info] 消息状态标记为已发送: task_id=25, group_id=https://t.me/+HZFEhfAwKjhmZDZk, msg_index=1609
[2026-02-19T22:25:30+08:00][info] 任务 25 将在 109 秒后继续处理下一条消息，索引: 1610, 实例ID: task_25_index_1610_1771511130.8985
[2026-02-19T22:25:32+08:00][info] 开始处理队列任务: task_id=27, current_index=1577
[2026-02-19T22:25:32+08:00][info] 消息缓存初始化完成: task_id=27, groups=https://t.me/+_XaTo9Qrv0VjOTM0
[2026-02-19T22:25:32+08:00][info] 任务 27 第 3 次循环，重置群组 https://t.me/+_XaTo9Qrv0VjOTM0 消息状态
[2026-02-19T22:25:32+08:00][info] 使用当前发送用户 1830 的 session_path/www/wwwroot/tdata.tgbota.top/public/uploads/admin/202601/6960a58a3f18c/13614181813/tdata/temp_7993103008.session
[2026-02-19T22:25:33+08:00][info] 开始处理队列任务: task_id=31, current_index=1615
[2026-02-19T22:25:33+08:00][info] 消息缓存初始化完成: task_id=31, groups=https://t.me/+4azhFwWhx1czMzE0
[2026-02-19T22:25:33+08:00][info] 任务 31 第 3 次循环，重置群组 https://t.me/+4azhFwWhx1czMzE0 消息状态
[2026-02-19T22:25:33+08:00][info] 从数据库获取用户 2329 的 session_path
[2026-02-19T22:25:34+08:00][info] 返回:{"status":true,"message":"发送完成，成功1个，失败0个[]","data":{"success":[{"group_id":3649225144,"group_link":"https:\/\/t.me\/+_XaTo9Qrv0VjOTM0","type":"megagroup","message":"发送成功","message_id":33191}],"failed":[],"debug":["处理标识符: https:\/\/t.me\/+_XaTo9Qrv0VjOTM0, 清理后: https:\/\/t.me\/+_XaTo9Qrv0VjOTM0, 识别为链接: True, 识别为数字ID: False"],"warning":""},"api_address":"185.165.170.142:5018"}
[2026-02-19T22:25:34+08:00][info] 消息ID缓存成功: task_id=27, group_id=https://t.me/+_XaTo9Qrv0VjOTM0, msg_index=1577, message_id=33191, send_user_id=1830
[2026-02-19T22:25:34+08:00][info] 消息状态标记为已发送: task_id=27, group_id=https://t.me/+_XaTo9Qrv0VjOTM0, msg_index=1577
[2026-02-19T22:25:35+08:00][info] 任务 27 将在 91 秒后继续处理下一条消息，索引: 1578, 实例ID: task_27_index_1578_1771511135.0075
[2026-02-19T22:25:35+08:00][info] 开始处理队列任务: task_id=35, current_index=1694
[2026-02-19T22:25:35+08:00][info] 消息缓存初始化完成: task_id=35, groups=https://t.me/+BrIuI_-gkNhhYTE0
[2026-02-19T22:25:35+08:00][info] 任务 35 第 3 次循环，重置群组 https://t.me/+BrIuI_-gkNhhYTE0 消息状态
[2026-02-19T22:25:35+08:00][info] 使用feedbackType=1693的消息ID: 10276
[2026-02-19T22:25:35+08:00][info] 使用消息配置中指定的用户 2454 的 session_path/www/wwwroot/tdata.tgbota.top/public/uploads/admin/202602/69862ac4b6550/817026635165/tdata/temp_8572953022.session
[2026-02-19T22:25:36+08:00][info] 返回:{"status":true,"message":"发送完成，成功1个，失败0个[]","data":{"success":[{"group_id":3079998653,"group_link":"https:\/\/t.me\/+4azhFwWhx1czMzE0","type":"megagroup","message":"发送成功","message_id":14468}],"failed":[],"debug":["处理标识符: https:\/\/t.me\/+4azhFwWhx1czMzE0, 清理后: https:\/\/t.me\/+4azhFwWhx1czMzE0, 识别为链接: True, 识别为数字ID: False"],"warning":""},"api_address":"185.165.170.142:5064"}
[2026-02-19T22:25:36+08:00][info] 消息ID缓存成功: task_id=31, group_id=https://t.me/+4azhFwWhx1czMzE0, msg_index=1615, message_id=14468, send_user_id=2329
[2026-02-19T22:25:36+08:00][info] 消息状态标记为已发送: task_id=31, group_id=https://t.me/+4azhFwWhx1czMzE0, msg_index=1615
[2026-02-19T22:25:36+08:00][info] 任务 31 将在 108 秒后继续处理下一条消息，索引: 1616, 实例ID: task_31_index_1616_1771511136.8309
[2026-02-19T22:25:37+08:00][info] 返回:{"status":true,"message":"发送完成，成功1个，失败0个[]","data":{"success":[{"group_id":3646934744,"group_link":"https:\/\/t.me\/+BrIuI_-gkNhhYTE0","type":"megagroup","message":"发送成功","message_id":10278}],"failed":[],"debug":["处理标识符: https:\/\/t.me\/+BrIuI_-gkNhhYTE0, 清理后: https:\/\/t.me\/+BrIuI_-gkNhhYTE0, 识别为链接: True, 识别为数字ID: False"],"warning":""},"api_address":"185.165.170.142:5038"}
[2026-02-19T22:25:37+08:00][info] 消息ID缓存成功: task_id=35, group_id=https://t.me/+BrIuI_-gkNhhYTE0, msg_index=1694, message_id=10278, send_user_id=2454
[2026-02-19T22:25:37+08:00][info] 消息状态标记为已发送: task_id=35, group_id=https://t.me/+BrIuI_-gkNhhYTE0, msg_index=1694
[2026-02-19T22:25:38+08:00][info] 任务 35 将在 92 秒后继续处理下一条消息，索引: 1695, 实例ID: task_35_index_1695_1771511138.6088
[2026-02-19T22:25:41+08:00][info] 开始处理队列任务: task_id=39, current_index=333
[2026-02-19T22:25:41+08:00][info] 使用消息配置中指定的用户 3160 的 session_path/www/wwwroot/tdata.tgbota.top/public/uploads/admin/202602/699625adf380f/14642412572/tdata/temp_8513808515.session
[2026-02-19T22:25:44+08:00][info] 返回:{"status":true,"message":"发送完成，成功1个，失败0个[]","data":{"success":[{"group_id":3770869551,"group_link":"https:\/\/t.me\/+ZpSvBhFQCCEwMzdk","type":"megagroup","message":"发送成功","message_id":485}],"failed":[],"debug":["处理标识符: https:\/\/t.me\/+ZpSvBhFQCCEwMzdk, 清理后: https:\/\/t.me\/+ZpSvBhFQCCEwMzdk, 识别为链接: True, 识别为数字ID: False"],"warning":""},"api_address":"185.165.170.142:5025"}
[2026-02-19T22:25:44+08:00][info] 消息ID缓存成功: task_id=39, group_id=https://t.me/+ZpSvBhFQCCEwMzdk, msg_index=333, message_id=485, send_user_id=3160
[2026-02-19T22:25:44+08:00][info] 消息状态标记为已发送: task_id=39, group_id=https://t.me/+ZpSvBhFQCCEwMzdk, msg_index=333
[2026-02-19T22:25:44+08:00][info] 任务 39 将在 86 秒后继续处理下一条消息，索引: 334, 实例ID: task_39_index_334_1771511144.6262
[2026-02-19T22:25:47+08:00][info] 开始处理队列任务: task_id=33, current_index=1481
[2026-02-19T22:25:47+08:00][info] 消息缓存初始化完成: task_id=33, groups=https://t.me/+wcqRUxDn6zczYmM0
[2026-02-19T22:25:47+08:00][info] 任务 33 第 2 次循环，重置群组 https://t.me/+wcqRUxDn6zczYmM0 消息状态
[2026-02-19T22:25:47+08:00][info] 使用当前发送用户 2433 的 session_path/www/wwwroot/tdata.tgbota.top/public/uploads/admin/202602/69862ac4b6550/817039684559/tdata/temp_8407127233.session
[2026-02-19T22:25:49+08:00][info] 返回:{"status":true,"message":"发送完成，成功1个，失败0个[]","data":{"success":[{"group_id":3658905404,"group_link":"https:\/\/t.me\/+wcqRUxDn6zczYmM0","type":"megagroup","message":"发送成功","message_id":10064}],"failed":[],"debug":["处理标识符: https:\/\/t.me\/+wcqRUxDn6zczYmM0, 清理后: https:\/\/t.me\/+wcqRUxDn6zczYmM0, 识别为链接: True, 识别为数字ID: False"],"warning":""},"api_address":"185.165.170.142:5017"}
[2026-02-19T22:25:49+08:00][info] 消息ID缓存成功: task_id=33, group_id=https://t.me/+wcqRUxDn6zczYmM0, msg_index=1481, message_id=10064, send_user_id=2433
[2026-02-19T22:25:49+08:00][info] 消息状态标记为已发送: task_id=33, group_id=https://t.me/+wcqRUxDn6zczYmM0, msg_index=1481
[2026-02-19T22:25:49+08:00][info] 任务 33 将在 116 秒后继续处理下一条消息，索引: 1482, 实例ID: task_33_index_1482_1771511149.5886
[2026-02-19T22:26:19+08:00][info] 开始处理队列任务: task_id=29, current_index=1610
[2026-02-19T22:26:19+08:00][info] 消息缓存初始化完成: task_id=29, groups=https://t.me/+WZlsKfz1W89jYjE0
[2026-02-19T22:26:19+08:00][info] 任务 29 第 3 次循环，重置群组 https://t.me/+WZlsKfz1W89jYjE0 消息状态
[2026-02-19T22:26:19+08:00][info] 使用feedbackType=1610的消息ID: 21703
[2026-02-19T22:26:19+08:00][info] 使用消息配置中指定的用户 2378 的 session_path/www/wwwroot/tdata.tgbota.top/public/uploads/admin/202601/6971e94ea480a/16073953236/tdata/temp_8224097010.session
[2026-02-19T22:26:21+08:00][info] 开始处理队列任务: task_id=36, current_index=1646
[2026-02-19T22:26:21+08:00][info] 消息缓存初始化完成: task_id=36, groups=https://t.me/+o12qlRNkdiViMjE0
[2026-02-19T22:26:21+08:00][info] 任务 36 第 3 次循环，重置群组 https://t.me/+o12qlRNkdiViMjE0 消息状态
[2026-02-19T22:26:21+08:00][info] 使用当前发送用户 2435 的 session_path/www/wwwroot/tdata.tgbota.top/public/uploads/admin/202602/69862ac4b6550/818013563291/tdata/temp_8544429727.session
[2026-02-19T22:26:23+08:00][info] 返回:{"status":true,"message":"发送完成，成功1个，失败0个[]","data":{"success":[{"group_id":3780502866,"group_link":"https:\/\/t.me\/+WZlsKfz1W89jYjE0","type":"megagroup","message":"发送成功","message_id":21704}],"failed":[],"debug":["处理标识符: https:\/\/t.me\/+WZlsKfz1W89jYjE0, 清理后: https:\/\/t.me\/+WZlsKfz1W89jYjE0, 识别为链接: True, 识别为数字ID: False"],"warning":""},"api_address":"185.165.170.142:5113"}
[2026-02-19T22:26:23+08:00][info] 消息ID缓存成功: task_id=29, group_id=https://t.me/+WZlsKfz1W89jYjE0, msg_index=1610, message_id=21704, send_user_id=2378
[2026-02-19T22:26:23+08:00][info] 消息状态标记为已发送: task_id=29, group_id=https://t.me/+WZlsKfz1W89jYjE0, msg_index=1610
[2026-02-19T22:26:23+08:00][info] 任务 29 将在 98 秒后继续处理下一条消息，索引: 1611, 实例ID: task_29_index_1611_1771511183.0843
[2026-02-19T22:26:23+08:00][info] 返回:{"status":true,"message":"发送完成，成功1个，失败0个[]","data":{"success":[{"group_id":3479387283,"group_link":"https:\/\/t.me\/+o12qlRNkdiViMjE0","type":"megagroup","message":"发送成功","message_id":10291}],"failed":[],"debug":["处理标识符: https:\/\/t.me\/+o12qlRNkdiViMjE0, 清理后: https:\/\/t.me\/+o12qlRNkdiViMjE0, 识别为链接: True, 识别为数字ID: False"],"warning":""},"api_address":"185.165.170.142:5019"}
[2026-02-19T22:26:23+08:00][info] 消息ID缓存成功: task_id=36, group_id=https://t.me/+o12qlRNkdiViMjE0, msg_index=1646, message_id=10291, send_user_id=2435
[2026-02-19T22:26:23+08:00][info] 消息状态标记为已发送: task_id=36, group_id=https://t.me/+o12qlRNkdiViMjE0, msg_index=1646
[2026-02-19T22:26:25+08:00][info] 任务 36 将在 98 秒后继续处理下一条消息，索引: 1647, 实例ID: task_36_index_1647_1771511185.5808
[2026-02-19T22:26:26+08:00][info] 开始处理队列任务: task_id=38, current_index=334
[2026-02-19T22:26:26+08:00][info] 使用feedbackType=334的消息ID: 485
[2026-02-19T22:26:26+08:00][info] 从数据库获取用户 3051 的 session_path
[2026-02-19T22:26:29+08:00][info] 返回:{"status":true,"message":"发送完成，成功1个，失败0个[]","data":{"success":[{"group_id":3794396962,"group_link":"https:\/\/t.me\/+69dYKDni-wFmYWE0","type":"megagroup","message":"发送成功","message_id":486}],"failed":[],"debug":["处理标识符: https:\/\/t.me\/+69dYKDni-wFmYWE0, 清理后: https:\/\/t.me\/+69dYKDni-wFmYWE0, 识别为链接: True, 识别为数字ID: False"],"warning":""},"api_address":"185.165.170.142:5067"}
[2026-02-19T22:26:29+08:00][info] 消息ID缓存成功: task_id=38, group_id=https://t.me/+69dYKDni-wFmYWE0, msg_index=334, message_id=486, send_user_id=3051
[2026-02-19T22:26:29+08:00][info] 消息状态标记为已发送: task_id=38, group_id=https://t.me/+69dYKDni-wFmYWE0, msg_index=334
[2026-02-19T22:26:29+08:00][info] 任务 38 将在 92 秒后继续处理下一条消息，索引: 335, 实例ID: task_38_index_335_1771511189.2579
[2026-02-19T22:26:32+08:00][info] 开始处理队列任务: task_id=40, current_index=332
[2026-02-19T22:26:32+08:00][info] 使用消息配置中指定的用户 3114 的 session_path/www/wwwroot/tdata.tgbota.top/public/uploads/admin/202602/699625adf380f/14704104941/tdata/temp_8482363797.session
[2026-02-19T22:26:34+08:00][info] 返回:{"status":true,"message":"发送完成，成功1个，失败0个[]","data":{"success":[{"group_id":3799666589,"group_link":"https:\/\/t.me\/+IfyZ_OVthdI5YzNk","type":"megagroup","message":"发送成功","message_id":485}],"failed":[],"debug":["处理标识符: https:\/\/t.me\/+IfyZ_OVthdI5YzNk, 清理后: https:\/\/t.me\/+IfyZ_OVthdI5YzNk, 识别为链接: True, 识别为数字ID: False"],"warning":""},"api_address":"185.165.170.142:5130"}
[2026-02-19T22:26:34+08:00][info] 消息ID缓存成功: task_id=40, group_id=https://t.me/+IfyZ_OVthdI5YzNk, msg_index=332, message_id=485, send_user_id=3114
[2026-02-19T22:26:34+08:00][info] 消息状态标记为已发送: task_id=40, group_id=https://t.me/+IfyZ_OVthdI5YzNk, msg_index=332
[2026-02-19T22:26:34+08:00][info] 任务 40 将在 84 秒后继续处理下一条消息，索引: 333, 实例ID: task_40_index_333_1771511194.9205
[2026-02-19T22:26:43+08:00][info] 开始处理队列任务: task_id=37, current_index=1682
[2026-02-19T22:26:43+08:00][info] 消息缓存初始化完成: task_id=37, groups=https://t.me/+DUAGbZI5vW41NWI8
[2026-02-19T22:26:43+08:00][info] 任务 37 第 3 次循环，重置群组 https://t.me/+DUAGbZI5vW41NWI8 消息状态
[2026-02-19T22:26:43+08:00][info] 使用消息配置中指定的用户 2486 的 session_path/www/wwwroot/tdata.tgbota.top/public/uploads/admin/202602/69862ac4b6550/817026365082/tdata/temp_8507584961.session
[2026-02-19T22:26:45+08:00][info] 返回:{"status":true,"message":"发送完成，成功1个，失败0个[]","data":{"success":[{"group_id":3732578862,"group_link":"https:\/\/t.me\/+DUAGbZI5vW41NWI8","type":"megagroup","message":"发送成功","message_id":8456}],"failed":[],"debug":["处理标识符: https:\/\/t.me\/+DUAGbZI5vW41NWI8, 清理后: https:\/\/t.me\/+DUAGbZI5vW41NWI8, 识别为链接: True, 识别为数字ID: False"],"warning":""},"api_address":"185.165.170.142:5070"}
[2026-02-19T22:26:45+08:00][info] 消息ID缓存成功: task_id=37, group_id=https://t.me/+DUAGbZI5vW41NWI8, msg_index=1682, message_id=8456, send_user_id=2486
[2026-02-19T22:26:45+08:00][info] 消息状态标记为已发送: task_id=37, group_id=https://t.me/+DUAGbZI5vW41NWI8, msg_index=1682
[2026-02-19T22:26:45+08:00][info] 任务 37 将在 98 秒后继续处理下一条消息，索引: 1683, 实例ID: task_37_index_1683_1771511205.5607
[2026-02-19T22:26:48+08:00][info] 开始处理队列任务: task_id=28, current_index=1615
[2026-02-19T22:26:48+08:00][info] 消息缓存初始化完成: task_id=28, groups=https://t.me/+Hg62NsrbOCZmZmY8
[2026-02-19T22:26:48+08:00][info] 任务 28 第 3 次循环，重置群组 https://t.me/+Hg62NsrbOCZmZmY8 消息状态
[2026-02-19T22:26:48+08:00][info] 使用消息配置中指定的用户 2329 的 session_path/www/wwwroot/tdata.tgbota.top/public/uploads/admin/202601/6971e94ea480a/16156946690/tdata/temp_8306595883.session
[2026-02-19T22:26:51+08:00][info] 返回:{"status":true,"message":"发送完成，成功1个，失败0个[]","data":{"success":[{"group_id":3657218256,"group_link":"https:\/\/t.me\/+Hg62NsrbOCZmZmY8","type":"megagroup","message":"发送成功","message_id":21646}],"failed":[],"debug":["处理标识符: https:\/\/t.me\/+Hg62NsrbOCZmZmY8, 清理后: https:\/\/t.me\/+Hg62NsrbOCZmZmY8, 识别为链接: True, 识别为数字ID: False"],"warning":""},"api_address":"185.165.170.142:5064"}
[2026-02-19T22:26:51+08:00][info] 消息ID缓存成功: task_id=28, group_id=https://t.me/+Hg62NsrbOCZmZmY8, msg_index=1615, message_id=21646, send_user_id=2329
[2026-02-19T22:26:51+08:00][info] 消息状态标记为已发送: task_id=28, group_id=https://t.me/+Hg62NsrbOCZmZmY8, msg_index=1615
[2026-02-19T22:26:51+08:00][info] 任务 28 将在 108 秒后继续处理下一条消息，索引: 1616, 实例ID: task_28_index_1616_1771511211.3781
[2026-02-19T22:26:53+08:00][info] 开始处理队列任务: task_id=34, current_index=1482
[2026-02-19T22:26:53+08:00][info] 消息缓存初始化完成: task_id=34, groups=https://t.me/+CUyn8iqnQwEzNDY0
[2026-02-19T22:26:53+08:00][info] 任务 34 第 2 次循环，重置群组 https://t.me/+CUyn8iqnQwEzNDY0 消息状态
[2026-02-19T22:26:53+08:00][info] 使用当前发送用户 2432 的 session_path/www/wwwroot/tdata.tgbota.top/public/uploads/admin/202602/69862ac4b6550/818014391181/tdata/temp_8279336062.session
[2026-02-19T22:26:55+08:00][info] 返回:{"status":true,"message":"发送完成，成功1个，失败0个[]","data":{"success":[{"group_id":3719450736,"group_link":"https:\/\/t.me\/+CUyn8iqnQwEzNDY0","type":"megagroup","message":"发送成功","message_id":10226}],"failed":[],"debug":["处理标识符: https:\/\/t.me\/+CUyn8iqnQwEzNDY0, 清理后: https:\/\/t.me\/+CUyn8iqnQwEzNDY0, 识别为链接: True, 识别为数字ID: False"],"warning":""},"api_address":"185.165.170.142:5016"}
[2026-02-19T22:26:55+08:00][info] 消息ID缓存成功: task_id=34, group_id=https://t.me/+CUyn8iqnQwEzNDY0, msg_index=1482, message_id=10226, send_user_id=2432
[2026-02-19T22:26:55+08:00][info] 消息状态标记为已发送: task_id=34, group_id=https://t.me/+CUyn8iqnQwEzNDY0, msg_index=1482
[2026-02-19T22:26:55+08:00][info] 任务 34 将在 68 秒后继续处理下一条消息，索引: 1483, 实例ID: task_34_index_1483_1771511215.565
[2026-02-19T22:27:06+08:00][info] 开始处理队列任务: task_id=27, current_index=1578
[2026-02-19T22:27:06+08:00][info] 消息缓存初始化完成: task_id=27, groups=https://t.me/+_XaTo9Qrv0VjOTM0
[2026-02-19T22:27:06+08:00][info] 任务 27 第 3 次循环，重置群组 https://t.me/+_XaTo9Qrv0VjOTM0 消息状态
[2026-02-19T22:27:06+08:00][info] 使用消息配置中指定的用户 2289 的 session_path/www/wwwroot/tdata.tgbota.top/public/uploads/admin/202601/6971e94ea480a/16096067724/tdata/temp_8294743864.session
[2026-02-19T22:27:08+08:00][info] 返回:{"status":true,"message":"发送完成，成功1个，失败0个[]","data":{"success":[{"group_id":3649225144,"group_link":"https:\/\/t.me\/+_XaTo9Qrv0VjOTM0","type":"megagroup","message":"发送成功","message_id":33192}],"failed":[],"debug":["处理标识符: https:\/\/t.me\/+_XaTo9Qrv0VjOTM0, 清理后: https:\/\/t.me\/+_XaTo9Qrv0VjOTM0, 识别为链接: True, 识别为数字ID: False"],"warning":""},"api_address":"185.165.170.142:5024"}
[2026-02-19T22:27:08+08:00][info] 消息ID缓存成功: task_id=27, group_id=https://t.me/+_XaTo9Qrv0VjOTM0, msg_index=1578, message_id=33192, send_user_id=2289
[2026-02-19T22:27:08+08:00][info] 消息状态标记为已发送: task_id=27, group_id=https://t.me/+_XaTo9Qrv0VjOTM0, msg_index=1578
[2026-02-19T22:27:08+08:00][info] 任务 27 将在 87 秒后继续处理下一条消息，索引: 1579, 实例ID: task_27_index_1579_1771511228.9956
[2026-02-19T22:27:10+08:00][info] 开始处理队列任务: task_id=35, current_index=1695
[2026-02-19T22:27:10+08:00][info] 消息缓存初始化完成: task_id=35, groups=https://t.me/+BrIuI_-gkNhhYTE0
[2026-02-19T22:27:10+08:00][info] 任务 35 第 3 次循环，重置群组 https://t.me/+BrIuI_-gkNhhYTE0 消息状态
[2026-02-19T22:27:10+08:00][info] 从数据库获取用户 2519 的 session_path
[2026-02-19T22:27:10+08:00][info] 开始处理队列任务: task_id=39, current_index=334
[2026-02-19T22:27:11+08:00][info] 使用feedbackType=334的消息ID: 485
[2026-02-19T22:27:11+08:00][info] 使用消息配置中指定的用户 3051 的 session_path/www/wwwroot/tdata.tgbota.top/public/uploads/admin/202602/699625adf380f/14795464036/tdata/temp_8563812599.session
[2026-02-19T22:27:12+08:00][info] 返回:{"status":true,"message":"发送完成，成功1个，失败0个[]","data":{"success":[{"group_id":3646934744,"group_link":"https:\/\/t.me\/+BrIuI_-gkNhhYTE0","type":"megagroup","message":"发送成功","message_id":10279}],"failed":[],"debug":["处理标识符: https:\/\/t.me\/+BrIuI_-gkNhhYTE0, 清理后: https:\/\/t.me\/+BrIuI_-gkNhhYTE0, 识别为链接: True, 识别为数字ID: False"],"warning":""},"api_address":"185.165.170.142:5103"}
[2026-02-19T22:27:12+08:00][info] 消息ID缓存成功: task_id=35, group_id=https://t.me/+BrIuI_-gkNhhYTE0, msg_index=1695, message_id=10279, send_user_id=2519
[2026-02-19T22:27:12+08:00][info] 消息状态标记为已发送: task_id=35, group_id=https://t.me/+BrIuI_-gkNhhYTE0, msg_index=1695
[2026-02-19T22:27:12+08:00][info] 任务 35 将在 103 秒后继续处理下一条消息，索引: 1696, 实例ID: task_35_index_1696_1771511232.7202
[2026-02-19T22:27:13+08:00][info] 返回:{"status":true,"message":"发送完成，成功1个，失败0个[]","data":{"success":[{"group_id":3770869551,"group_link":"https:\/\/t.me\/+ZpSvBhFQCCEwMzdk","type":"megagroup","message":"发送成功","message_id":486}],"failed":[],"debug":["处理标识符: https:\/\/t.me\/+ZpSvBhFQCCEwMzdk, 清理后: https:\/\/t.me\/+ZpSvBhFQCCEwMzdk, 识别为链接: True, 识别为数字ID: False"],"warning":""},"api_address":"185.165.170.142:5067"}
[2026-02-19T22:27:13+08:00][info] 消息ID缓存成功: task_id=39, group_id=https://t.me/+ZpSvBhFQCCEwMzdk, msg_index=334, message_id=486, send_user_id=3051
[2026-02-19T22:27:13+08:00][info] 消息状态标记为已发送: task_id=39, group_id=https://t.me/+ZpSvBhFQCCEwMzdk, msg_index=334
[2026-02-19T22:27:14+08:00][info] 任务 39 将在 92 秒后继续处理下一条消息，索引: 335, 实例ID: task_39_index_335_1771511234.2894
[2026-02-19T22:27:20+08:00][info] 开始处理队列任务: task_id=25, current_index=1610
[2026-02-19T22:27:20+08:00][info] 消息缓存初始化完成: task_id=25, groups=https://t.me/+HZFEhfAwKjhmZDZk
[2026-02-19T22:27:20+08:00][info] 任务 25 第 3 次循环，重置群组 https://t.me/+HZFEhfAwKjhmZDZk 消息状态
[2026-02-19T22:27:20+08:00][info] 使用feedbackType=1610的消息ID: 30163
[2026-02-19T22:27:20+08:00][info] 使用消息配置中指定的用户 2378 的 session_path/www/wwwroot/tdata.tgbota.top/public/uploads/admin/202601/6971e94ea480a/16073953236/tdata/temp_8224097010.session
[2026-02-19T22:27:23+08:00][info] 返回:{"status":true,"message":"发送完成，成功1个，失败0个[]","data":{"success":[{"group_id":3482989339,"group_link":"https:\/\/t.me\/+HZFEhfAwKjhmZDZk","type":"megagroup","message":"发送成功","message_id":30164}],"failed":[],"debug":["处理标识符: https:\/\/t.me\/+HZFEhfAwKjhmZDZk, 清理后: https:\/\/t.me\/+HZFEhfAwKjhmZDZk, 识别为链接: True, 识别为数字ID: False"],"warning":""},"api_address":"185.165.170.142:5113"}
[2026-02-19T22:27:23+08:00][info] 消息ID缓存成功: task_id=25, group_id=https://t.me/+HZFEhfAwKjhmZDZk, msg_index=1610, message_id=30164, send_user_id=2378
[2026-02-19T22:27:23+08:00][info] 消息状态标记为已发送: task_id=25, group_id=https://t.me/+HZFEhfAwKjhmZDZk, msg_index=1610
[2026-02-19T22:27:23+08:00][info] 任务 25 将在 98 秒后继续处理下一条消息，索引: 1611, 实例ID: task_25_index_1611_1771511243.5936
[2026-02-19T22:27:24+08:00][info] 开始处理队列任务: task_id=31, current_index=1616
[2026-02-19T22:27:24+08:00][info] 消息缓存初始化完成: task_id=31, groups=https://t.me/+4azhFwWhx1czMzE0
[2026-02-19T22:27:24+08:00][info] 任务 31 第 3 次循环，重置群组 https://t.me/+4azhFwWhx1czMzE0 消息状态
[2026-02-19T22:27:24+08:00][info] 使用消息配置中指定的用户 2329 的 session_path/www/wwwroot/tdata.tgbota.top/public/uploads/admin/202601/6971e94ea480a/16156946690/tdata/temp_8306595883.session
[2026-02-19T22:27:27+08:00][info] 返回:{"status":true,"message":"发送完成，成功1个，失败0个[]","data":{"success":[{"group_id":3079998653,"group_link":"https:\/\/t.me\/+4azhFwWhx1czMzE0","type":"megagroup","message":"发送成功","message_id":14469}],"failed":[],"debug":["处理标识符: https:\/\/t.me\/+4azhFwWhx1czMzE0, 清理后: https:\/\/t.me\/+4azhFwWhx1czMzE0, 识别为链接: True, 识别为数字ID: False"],"warning":""},"api_address":"185.165.170.142:5064"}
[2026-02-19T22:27:27+08:00][info] 消息ID缓存成功: task_id=31, group_id=https://t.me/+4azhFwWhx1czMzE0, msg_index=1616, message_id=14469, send_user_id=2329
[2026-02-19T22:27:27+08:00][info] 消息状态标记为已发送: task_id=31, group_id=https://t.me/+4azhFwWhx1czMzE0, msg_index=1616
[2026-02-19T22:27:27+08:00][info] 任务 31 将在 110 秒后继续处理下一条消息，索引: 1617, 实例ID: task_31_index_1617_1771511247.1174
[2026-02-19T22:27:45+08:00][info] 开始处理队列任务: task_id=33, current_index=1482
[2026-02-19T22:27:45+08:00][info] 消息缓存初始化完成: task_id=33, groups=https://t.me/+wcqRUxDn6zczYmM0
[2026-02-19T22:27:45+08:00][info] 任务 33 第 2 次循环，重置群组 https://t.me/+wcqRUxDn6zczYmM0 消息状态
[2026-02-19T22:27:45+08:00][info] 使用当前发送用户 2432 的 session_path/www/wwwroot/tdata.tgbota.top/public/uploads/admin/202602/69862ac4b6550/818014391181/tdata/temp_8279336062.session
[2026-02-19T22:27:47+08:00][info] 返回:{"status":true,"message":"发送完成，成功1个，失败0个[]","data":{"success":[{"group_id":3658905404,"group_link":"https:\/\/t.me\/+wcqRUxDn6zczYmM0","type":"megagroup","message":"发送成功","message_id":10065}],"failed":[],"debug":["处理标识符: https:\/\/t.me\/+wcqRUxDn6zczYmM0, 清理后: https:\/\/t.me\/+wcqRUxDn6zczYmM0, 识别为链接: True, 识别为数字ID: False"],"warning":""},"api_address":"185.165.170.142:5016"}
[2026-02-19T22:27:47+08:00][info] 消息ID缓存成功: task_id=33, group_id=https://t.me/+wcqRUxDn6zczYmM0, msg_index=1482, message_id=10065, send_user_id=2432
[2026-02-19T22:27:47+08:00][info] 消息状态标记为已发送: task_id=33, group_id=https://t.me/+wcqRUxDn6zczYmM0, msg_index=1482
[2026-02-19T22:27:47+08:00][info] 任务 33 将在 68 秒后继续处理下一条消息，索引: 1483, 实例ID: task_33_index_1483_1771511267.1009
[2026-02-19T22:27:59+08:00][info] 开始处理队列任务: task_id=40, current_index=333
[2026-02-19T22:27:59+08:00][info] 使用消息配置中指定的用户 3160 的 session_path/www/wwwroot/tdata.tgbota.top/public/uploads/admin/202602/699625adf380f/14642412572/tdata/temp_8513808515.session
[2026-02-19T22:28:01+08:00][info] 返回:{"status":true,"message":"发送完成，成功1个，失败0个[]","data":{"success":[{"group_id":3799666589,"group_link":"https:\/\/t.me\/+IfyZ_OVthdI5YzNk","type":"megagroup","message":"发送成功","message_id":486}],"failed":[],"debug":["处理标识符: https:\/\/t.me\/+IfyZ_OVthdI5YzNk, 清理后: https:\/\/t.me\/+IfyZ_OVthdI5YzNk, 识别为链接: True, 识别为数字ID: False"],"warning":""},"api_address":"185.165.170.142:5025"}
[2026-02-19T22:28:01+08:00][info] 消息ID缓存成功: task_id=40, group_id=https://t.me/+IfyZ_OVthdI5YzNk, msg_index=333, message_id=486, send_user_id=3160
[2026-02-19T22:28:01+08:00][info] 消息状态标记为已发送: task_id=40, group_id=https://t.me/+IfyZ_OVthdI5YzNk, msg_index=333
[2026-02-19T22:28:01+08:00][info] 任务 40 将在 86 秒后继续处理下一条消息，索引: 334, 实例ID: task_40_index_334_1771511281.6381
[2026-02-19T22:28:01+08:00][info] 开始处理队列任务: task_id=29, current_index=1611
[2026-02-19T22:28:01+08:00][info] 消息缓存初始化完成: task_id=29, groups=https://t.me/+WZlsKfz1W89jYjE0
[2026-02-19T22:28:01+08:00][info] 任务 29 第 3 次循环，重置群组 https://t.me/+WZlsKfz1W89jYjE0 消息状态
[2026-02-19T22:28:01+08:00][info] 使用当前发送用户 2355 的 session_path/www/wwwroot/tdata.tgbota.top/public/uploads/admin/202601/6971e94ea480a/16158255129/tdata/temp_8242577430.session
[2026-02-19T22:28:02+08:00][info] 开始处理队列任务: task_id=38, current_index=335
[2026-02-19T22:28:02+08:00][info] 使用当前发送用户 3112 的 session_path/www/wwwroot/tdata.tgbota.top/public/uploads/admin/202602/699625adf380f/14707617040/tdata/temp_8144208799.session
[2026-02-19T22:28:03+08:00][info] 开始处理队列任务: task_id=34, current_index=1483
[2026-02-19T22:28:03+08:00][info] 开始处理队列任务: task_id=36, current_index=1647
[2026-02-19T22:28:03+08:00][info] 消息缓存初始化完成: task_id=34, groups=https://t.me/+CUyn8iqnQwEzNDY0
[2026-02-19T22:28:03+08:00][info] 任务 34 第 2 次循环，重置群组 https://t.me/+CUyn8iqnQwEzNDY0 消息状态
[2026-02-19T22:28:03+08:00][info] 使用当前发送用户 2432 的 session_path/www/wwwroot/tdata.tgbota.top/public/uploads/admin/202602/69862ac4b6550/818014391181/tdata/temp_8279336062.session
[2026-02-19T22:28:03+08:00][info] 消息缓存初始化完成: task_id=36, groups=https://t.me/+o12qlRNkdiViMjE0
[2026-02-19T22:28:03+08:00][info] 任务 36 第 3 次循环，重置群组 https://t.me/+o12qlRNkdiViMjE0 消息状态
[2026-02-19T22:28:03+08:00][info] 使用当前发送用户 2441 的 session_path/www/wwwroot/tdata.tgbota.top/public/uploads/admin/202602/69862ac4b6550/817026673177/tdata/temp_8398091588.session
[2026-02-19T22:28:04+08:00][info] 返回:{"status":true,"message":"发送完成，成功1个，失败0个[]","data":{"success":[{"group_id":3780502866,"group_link":"https:\/\/t.me\/+WZlsKfz1W89jYjE0","type":"megagroup","message":"发送成功","message_id":21705}],"failed":[],"debug":["处理标识符: https:\/\/t.me\/+WZlsKfz1W89jYjE0, 清理后: https:\/\/t.me\/+WZlsKfz1W89jYjE0, 识别为链接: True, 识别为数字ID: False"],"warning":""},"api_address":"185.165.170.142:5090"}
[2026-02-19T22:28:04+08:00][info] 消息ID缓存成功: task_id=29, group_id=https://t.me/+WZlsKfz1W89jYjE0, msg_index=1611, message_id=21705, send_user_id=2355
[2026-02-19T22:28:04+08:00][info] 消息状态标记为已发送: task_id=29, group_id=https://t.me/+WZlsKfz1W89jYjE0, msg_index=1611
[2026-02-19T22:28:04+08:00][info] 任务 29 将在 79 秒后继续处理下一条消息，索引: 1612, 实例ID: task_29_index_1612_1771511284.4192
[2026-02-19T22:28:05+08:00][info] 返回:{"status":true,"message":"发送完成，成功1个，失败0个[]","data":{"success":[{"group_id":3794396962,"group_link":"https:\/\/t.me\/+69dYKDni-wFmYWE0","type":"megagroup","message":"发送成功","message_id":487}],"failed":[],"debug":["处理标识符: https:\/\/t.me\/+69dYKDni-wFmYWE0, 清理后: https:\/\/t.me\/+69dYKDni-wFmYWE0, 识别为链接: True, 识别为数字ID: False"],"warning":""},"api_address":"185.165.170.142:5128"}
[2026-02-19T22:28:05+08:00][info] 消息ID缓存成功: task_id=38, group_id=https://t.me/+69dYKDni-wFmYWE0, msg_index=335, message_id=487, send_user_id=3112
[2026-02-19T22:28:05+08:00][info] 消息状态标记为已发送: task_id=38, group_id=https://t.me/+69dYKDni-wFmYWE0, msg_index=335
[2026-02-19T22:28:05+08:00][info] 返回:{"status":true,"message":"发送完成，成功1个，失败0个[]","data":{"success":[{"group_id":3719450736,"group_link":"https:\/\/t.me\/+CUyn8iqnQwEzNDY0","type":"megagroup","message":"发送成功","message_id":10227}],"failed":[],"debug":["处理标识符: https:\/\/t.me\/+CUyn8iqnQwEzNDY0, 清理后: https:\/\/t.me\/+CUyn8iqnQwEzNDY0, 识别为链接: True, 识别为数字ID: False"],"warning":""},"api_address":"185.165.170.142:5016"}
[2026-02-19T22:28:05+08:00][info] 消息ID缓存成功: task_id=34, group_id=https://t.me/+CUyn8iqnQwEzNDY0, msg_index=1483, message_id=10227, send_user_id=2432
[2026-02-19T22:28:05+08:00][info] 消息状态标记为已发送: task_id=34, group_id=https://t.me/+CUyn8iqnQwEzNDY0, msg_index=1483
[2026-02-19T22:28:05+08:00][info] 返回:{"status":true,"message":"发送完成，成功1个，失败0个[]","data":{"success":[{"group_id":3479387283,"group_link":"https:\/\/t.me\/+o12qlRNkdiViMjE0","type":"megagroup","message":"发送成功","message_id":10292}],"failed":[],"debug":["处理标识符: https:\/\/t.me\/+o12qlRNkdiViMjE0, 清理后: https:\/\/t.me\/+o12qlRNkdiViMjE0, 识别为链接: True, 识别为数字ID: False"],"warning":""},"api_address":"185.165.170.142:5025"}
[2026-02-19T22:28:05+08:00][info] 消息ID缓存成功: task_id=36, group_id=https://t.me/+o12qlRNkdiViMjE0, msg_index=1647, message_id=10292, send_user_id=2441
[2026-02-19T22:28:05+08:00][info] 消息状态标记为已发送: task_id=36, group_id=https://t.me/+o12qlRNkdiViMjE0, msg_index=1647
[2026-02-19T22:28:06+08:00][info] 任务 36 将在 102 秒后继续处理下一条消息，索引: 1648, 实例ID: task_36_index_1648_1771511286.9268
[2026-02-19T22:28:06+08:00][info] 任务 38 将在 90 秒后继续处理下一条消息，索引: 336, 实例ID: task_38_index_336_1771511286.927
[2026-02-19T22:28:06+08:00][info] 任务 34 将在 78 秒后继续处理下一条消息，索引: 1484, 实例ID: task_34_index_1484_1771511286.9276
[2026-02-19T22:28:23+08:00][info] 开始处理队列任务: task_id=37, current_index=1683
[2026-02-19T22:28:23+08:00][info] 消息缓存初始化完成: task_id=37, groups=https://t.me/+DUAGbZI5vW41NWI8
[2026-02-19T22:28:23+08:00][info] 任务 37 第 3 次循环，重置群组 https://t.me/+DUAGbZI5vW41NWI8 消息状态
[2026-02-19T22:28:23+08:00][info] 使用消息配置中指定的用户 2477 的 session_path/www/wwwroot/tdata.tgbota.top/public/uploads/admin/202602/69862ac4b6550/818015259576/tdata/temp_7587423688.session
[2026-02-19T22:28:25+08:00][info] 返回:{"status":true,"message":"发送完成，成功1个，失败0个[]","data":{"success":[{"group_id":3732578862,"group_link":"https:\/\/t.me\/+DUAGbZI5vW41NWI8","type":"megagroup","message":"发送成功","message_id":8457}],"failed":[],"debug":["处理标识符: https:\/\/t.me\/+DUAGbZI5vW41NWI8, 清理后: https:\/\/t.me\/+DUAGbZI5vW41NWI8, 识别为链接: True, 识别为数字ID: False"],"warning":""},"api_address":"185.165.170.142:5061"}
[2026-02-19T22:28:25+08:00][info] 消息ID缓存成功: task_id=37, group_id=https://t.me/+DUAGbZI5vW41NWI8, msg_index=1683, message_id=8457, send_user_id=2477
[2026-02-19T22:28:25+08:00][info] 消息状态标记为已发送: task_id=37, group_id=https://t.me/+DUAGbZI5vW41NWI8, msg_index=1683
[2026-02-19T22:28:25+08:00][info] 任务 37 将在 108 秒后继续处理下一条消息，索引: 1684, 实例ID: task_37_index_1684_1771511305.8731
[2026-02-19T22:28:36+08:00][info] 开始处理队列任务: task_id=27, current_index=1579
[2026-02-19T22:28:37+08:00][info] 消息缓存初始化完成: task_id=27, groups=https://t.me/+_XaTo9Qrv0VjOTM0
[2026-02-19T22:28:37+08:00][info] 任务 27 第 3 次循环，重置群组 https://t.me/+_XaTo9Qrv0VjOTM0 消息状态
[2026-02-19T22:28:37+08:00][info] 使用feedbackType=1578的消息ID: 33191
[2026-02-19T22:28:37+08:00][info] 使用消息配置中指定的用户 1283 的 session_path/www/wwwroot/tdata.tgbota.top/public/uploads/admin/202512/695387359e84b/8615211862815/tdata/temp_8412207894.session
[2026-02-19T22:28:39+08:00][info] 返回:{"status":true,"message":"发送完成，成功1个，失败0个[]","data":{"success":[{"group_id":3649225144,"group_link":"https:\/\/t.me\/+_XaTo9Qrv0VjOTM0","type":"megagroup","message":"发送成功","message_id":33193}],"failed":[],"debug":["处理标识符: https:\/\/t.me\/+_XaTo9Qrv0VjOTM0, 清理后: https:\/\/t.me\/+_XaTo9Qrv0VjOTM0, 识别为链接: True, 识别为数字ID: False"],"warning":""},"api_address":"185.165.170.142:5075"}
[2026-02-19T22:28:39+08:00][info] 消息ID缓存成功: task_id=27, group_id=https://t.me/+_XaTo9Qrv0VjOTM0, msg_index=1579, message_id=33193, send_user_id=1283
[2026-02-19T22:28:39+08:00][info] 消息状态标记为已发送: task_id=27, group_id=https://t.me/+_XaTo9Qrv0VjOTM0, msg_index=1579
[2026-02-19T22:28:39+08:00][info] 任务 27 将在 78 秒后继续处理下一条消息，索引: 1580, 实例ID: task_27_index_1580_1771511319.5712
[2026-02-19T22:28:39+08:00][info] 开始处理队列任务: task_id=28, current_index=1616
[2026-02-19T22:28:39+08:00][info] 消息缓存初始化完成: task_id=28, groups=https://t.me/+Hg62NsrbOCZmZmY8
[2026-02-19T22:28:39+08:00][info] 任务 28 第 3 次循环，重置群组 https://t.me/+Hg62NsrbOCZmZmY8 消息状态
[2026-02-19T22:28:39+08:00][info] 使用消息配置中指定的用户 2329 的 session_path/www/wwwroot/tdata.tgbota.top/public/uploads/admin/202601/6971e94ea480a/16156946690/tdata/temp_8306595883.session
[2026-02-19T22:28:42+08:00][info] 返回:{"status":true,"message":"发送完成，成功1个，失败0个[]","data":{"success":[{"group_id":3657218256,"group_link":"https:\/\/t.me\/+Hg62NsrbOCZmZmY8","type":"megagroup","message":"发送成功","message_id":21647}],"failed":[],"debug":["处理标识符: https:\/\/t.me\/+Hg62NsrbOCZmZmY8, 清理后: https:\/\/t.me\/+Hg62NsrbOCZmZmY8, 识别为链接: True, 识别为数字ID: False"],"warning":""},"api_address":"185.165.170.142:5064"}
[2026-02-19T22:28:42+08:00][info] 消息ID缓存成功: task_id=28, group_id=https://t.me/+Hg62NsrbOCZmZmY8, msg_index=1616, message_id=21647, send_user_id=2329
[2026-02-19T22:28:42+08:00][info] 消息状态标记为已发送: task_id=28, group_id=https://t.me/+Hg62NsrbOCZmZmY8, msg_index=1616
[2026-02-19T22:28:42+08:00][info] 任务 28 将在 110 秒后继续处理下一条消息，索引: 1617, 实例ID: task_28_index_1617_1771511322.3584
[2026-02-19T22:28:46+08:00][info] 开始处理队列任务: task_id=39, current_index=335
[2026-02-19T22:28:46+08:00][info] 使用当前发送用户 3112 的 session_path/www/wwwroot/tdata.tgbota.top/public/uploads/admin/202602/699625adf380f/14707617040/tdata/temp_8144208799.session
[2026-02-19T22:28:55+08:00][info] 开始处理队列任务: task_id=33, current_index=1483
[2026-02-19T22:28:56+08:00][info] 消息缓存初始化完成: task_id=33, groups=https://t.me/+wcqRUxDn6zczYmM0
[2026-02-19T22:28:56+08:00][info] 任务 33 第 2 次循环，重置群组 https://t.me/+wcqRUxDn6zczYmM0 消息状态
[2026-02-19T22:28:56+08:00][info] 使用当前发送用户 2432 的 session_path/www/wwwroot/tdata.tgbota.top/public/uploads/admin/202602/69862ac4b6550/818014391181/tdata/temp_8279336062.session
[2026-02-19T22:28:56+08:00][info] 返回:{"status":true,"message":"发送完成，成功1个，失败0个[]","data":{"success":[{"group_id":3770869551,"group_link":"https:\/\/t.me\/+ZpSvBhFQCCEwMzdk","type":"megagroup","message":"发送成功","message_id":487}],"failed":[],"debug":["处理标识符: https:\/\/t.me\/+ZpSvBhFQCCEwMzdk, 清理后: https:\/\/t.me\/+ZpSvBhFQCCEwMzdk, 识别为链接: True, 识别为数字ID: False"],"warning":""},"api_address":"185.165.170.142:5128"}
[2026-02-19T22:28:56+08:00][info] 消息ID缓存成功: task_id=39, group_id=https://t.me/+ZpSvBhFQCCEwMzdk, msg_index=335, message_id=487, send_user_id=3112
[2026-02-19T22:28:56+08:00][info] 消息状态标记为已发送: task_id=39, group_id=https://t.me/+ZpSvBhFQCCEwMzdk, msg_index=335
[2026-02-19T22:28:56+08:00][info] 任务 39 将在 90 秒后继续处理下一条消息，索引: 336, 实例ID: task_39_index_336_1771511336.5482
[2026-02-19T22:28:56+08:00][info] 开始处理队列任务: task_id=35, current_index=1696
[2026-02-19T22:28:56+08:00][info] 消息缓存初始化完成: task_id=35, groups=https://t.me/+BrIuI_-gkNhhYTE0
[2026-02-19T22:28:56+08:00][info] 任务 35 第 3 次循环，重置群组 https://t.me/+BrIuI_-gkNhhYTE0 消息状态
[2026-02-19T22:28:56+08:00][info] 使用当前发送用户 2441 的 session_path/www/wwwroot/tdata.tgbota.top/public/uploads/admin/202602/69862ac4b6550/817026673177/tdata/temp_8398091588.session
[2026-02-19T22:28:57+08:00][info] 返回:{"status":true,"message":"发送完成，成功1个，失败0个[]","data":{"success":[{"group_id":3658905404,"group_link":"https:\/\/t.me\/+wcqRUxDn6zczYmM0","type":"megagroup","message":"发送成功","message_id":10066}],"failed":[],"debug":["处理标识符: https:\/\/t.me\/+wcqRUxDn6zczYmM0, 清理后: https:\/\/t.me\/+wcqRUxDn6zczYmM0, 识别为链接: True, 识别为数字ID: False"],"warning":""},"api_address":"185.165.170.142:5016"}
[2026-02-19T22:28:57+08:00][info] 消息ID缓存成功: task_id=33, group_id=https://t.me/+wcqRUxDn6zczYmM0, msg_index=1483, message_id=10066, send_user_id=2432
[2026-02-19T22:28:57+08:00][info] 消息状态标记为已发送: task_id=33, group_id=https://t.me/+wcqRUxDn6zczYmM0, msg_index=1483
[2026-02-19T22:28:58+08:00][info] 任务 33 将在 78 秒后继续处理下一条消息，索引: 1484, 实例ID: task_33_index_1484_1771511338.0083
[2026-02-19T22:28:58+08:00][info] 返回:{"status":true,"message":"发送完成，成功1个，失败0个[]","data":{"success":[{"group_id":3646934744,"group_link":"https:\/\/t.me\/+BrIuI_-gkNhhYTE0","type":"megagroup","message":"发送成功","message_id":10280}],"failed":[],"debug":["处理标识符: https:\/\/t.me\/+BrIuI_-gkNhhYTE0, 清理后: https:\/\/t.me\/+BrIuI_-gkNhhYTE0, 识别为链接: True, 识别为数字ID: False"],"warning":""},"api_address":"185.165.170.142:5025"}
[2026-02-19T22:28:58+08:00][info] 消息ID缓存成功: task_id=35, group_id=https://t.me/+BrIuI_-gkNhhYTE0, msg_index=1696, message_id=10280, send_user_id=2441
[2026-02-19T22:28:58+08:00][info] 消息状态标记为已发送: task_id=35, group_id=https://t.me/+BrIuI_-gkNhhYTE0, msg_index=1696
[2026-02-19T22:28:59+08:00][info] 任务 35 将在 85 秒后继续处理下一条消息，索引: 1697, 实例ID: task_35_index_1697_1771511339.6399
[2026-02-19T22:29:01+08:00][info] 开始处理队列任务: task_id=25, current_index=1611
[2026-02-19T22:29:01+08:00][info] 消息缓存初始化完成: task_id=25, groups=https://t.me/+HZFEhfAwKjhmZDZk
[2026-02-19T22:29:01+08:00][info] 任务 25 第 3 次循环，重置群组 https://t.me/+HZFEhfAwKjhmZDZk 消息状态
[2026-02-19T22:29:01+08:00][info] 使用当前发送用户 2355 的 session_path/www/wwwroot/tdata.tgbota.top/public/uploads/admin/202601/6971e94ea480a/16158255129/tdata/temp_8242577430.session
[2026-02-19T22:29:03+08:00][info] 返回:{"status":true,"message":"发送完成，成功1个，失败0个[]","data":{"success":[{"group_id":3482989339,"group_link":"https:\/\/t.me\/+HZFEhfAwKjhmZDZk","type":"megagroup","message":"发送成功","message_id":30165}],"failed":[],"debug":["处理标识符: https:\/\/t.me\/+HZFEhfAwKjhmZDZk, 清理后: https:\/\/t.me\/+HZFEhfAwKjhmZDZk, 识别为链接: True, 识别为数字ID: False"],"warning":""},"api_address":"185.165.170.142:5090"}
[2026-02-19T22:29:03+08:00][info] 消息ID缓存成功: task_id=25, group_id=https://t.me/+HZFEhfAwKjhmZDZk, msg_index=1611, message_id=30165, send_user_id=2355
[2026-02-19T22:29:03+08:00][info] 消息状态标记为已发送: task_id=25, group_id=https://t.me/+HZFEhfAwKjhmZDZk, msg_index=1611
[2026-02-19T22:29:03+08:00][info] 任务 25 将在 79 秒后继续处理下一条消息，索引: 1612, 实例ID: task_25_index_1612_1771511343.8783
[2026-02-19T22:29:17+08:00][info] 开始处理队列任务: task_id=31, current_index=1617
[2026-02-19T22:29:17+08:00][info] 消息缓存初始化完成: task_id=31, groups=https://t.me/+4azhFwWhx1czMzE0
[2026-02-19T22:29:17+08:00][info] 任务 31 第 3 次循环，重置群组 https://t.me/+4azhFwWhx1czMzE0 消息状态
[2026-02-19T22:29:17+08:00][info] 使用feedbackType=1617的消息ID: 14469
[2026-02-19T22:29:17+08:00][info] 从数据库获取用户 2012 的 session_path
[2026-02-19T22:29:20+08:00][info] 返回:{"status":true,"message":"发送完成，成功1个，失败0个[]","data":{"success":[{"group_id":3079998653,"group_link":"https:\/\/t.me\/+4azhFwWhx1czMzE0","type":"megagroup","message":"发送成功","message_id":14470}],"failed":[],"debug":["处理标识符: https:\/\/t.me\/+4azhFwWhx1czMzE0, 清理后: https:\/\/t.me\/+4azhFwWhx1czMzE0, 识别为链接: True, 识别为数字ID: False"],"warning":""},"api_address":"185.165.170.142:5049"}
[2026-02-19T22:29:20+08:00][info] 消息ID缓存成功: task_id=31, group_id=https://t.me/+4azhFwWhx1czMzE0, msg_index=1617, message_id=14470, send_user_id=2012
[2026-02-19T22:29:20+08:00][info] 消息状态标记为已发送: task_id=31, group_id=https://t.me/+4azhFwWhx1czMzE0, msg_index=1617
[2026-02-19T22:29:20+08:00][info] 任务 31 将在 101 秒后继续处理下一条消息，索引: 1618, 实例ID: task_31_index_1618_1771511360.9076
[2026-02-19T22:29:23+08:00][info] 开始处理队列任务: task_id=29, current_index=1612
[2026-02-19T22:29:24+08:00][info] 消息缓存初始化完成: task_id=29, groups=https://t.me/+WZlsKfz1W89jYjE0
[2026-02-19T22:29:24+08:00][info] 任务 29 第 3 次循环，重置群组 https://t.me/+WZlsKfz1W89jYjE0 消息状态
[2026-02-19T22:29:24+08:00][info] 使用当前发送用户 2310 的 session_path/www/wwwroot/tdata.tgbota.top/public/uploads/admin/202601/6971e94ea480a/16077063566/tdata/temp_8222202974.session
[2026-02-19T22:29:24+08:00][info] 开始处理队列任务: task_id=34, current_index=1484
[2026-02-19T22:29:24+08:00][info] 消息缓存初始化完成: task_id=34, groups=https://t.me/+CUyn8iqnQwEzNDY0
[2026-02-19T22:29:24+08:00][info] 任务 34 第 2 次循环，重置群组 https://t.me/+CUyn8iqnQwEzNDY0 消息状态
[2026-02-19T22:29:24+08:00][info] 使用当前发送用户 2431 的 session_path/www/wwwroot/tdata.tgbota.top/public/uploads/admin/202602/69862ac4b6550/818014595657/tdata/temp_8596807726.session
[2026-02-19T22:29:27+08:00][info] 返回:{"status":true,"message":"发送完成，成功1个，失败0个[]","data":{"success":[{"group_id":3780502866,"group_link":"https:\/\/t.me\/+WZlsKfz1W89jYjE0","type":"megagroup","message":"发送成功","message_id":21706}],"failed":[],"debug":["处理标识符: https:\/\/t.me\/+WZlsKfz1W89jYjE0, 清理后: https:\/\/t.me\/+WZlsKfz1W89jYjE0, 识别为链接: True, 识别为数字ID: False","文件1有效: \/www\/wwwroot\/tdata.tgbota.top\/public\/uploads\/admin\/202512\/693ae47eb24e6.jpg (23476字节)","发送单个文件: \/www\/wwwroot\/tdata.tgbota.top\/public\/uploads\/admin\/202512\/693ae47eb24e6.jpg"],"warning":""},"api_address":"185.165.170.142:5045"}
[2026-02-19T22:29:27+08:00][info] 消息ID缓存成功: task_id=29, group_id=https://t.me/+WZlsKfz1W89jYjE0, msg_index=1612, message_id=21706, send_user_id=2310
[2026-02-19T22:29:27+08:00][info] 消息状态标记为已发送: task_id=29, group_id=https://t.me/+WZlsKfz1W89jYjE0, msg_index=1612
[2026-02-19T22:29:27+08:00][info] 任务 29 将在 81 秒后继续处理下一条消息，索引: 1613, 实例ID: task_29_index_1613_1771511367.2986
[2026-02-19T22:29:27+08:00][info] 开始处理队列任务: task_id=40, current_index=334
[2026-02-19T22:29:27+08:00][info] 使用feedbackType=334的消息ID: 486
[2026-02-19T22:29:27+08:00][info] 使用消息配置中指定的用户 3051 的 session_path/www/wwwroot/tdata.tgbota.top/public/uploads/admin/202602/699625adf380f/14795464036/tdata/temp_8563812599.session
[2026-02-19T22:29:27+08:00][info] 返回:{"status":true,"message":"发送完成，成功1个，失败0个[]","data":{"success":[{"group_id":3719450736,"group_link":"https:\/\/t.me\/+CUyn8iqnQwEzNDY0","type":"megagroup","message":"发送成功","message_id":10228}],"failed":[],"debug":["处理标识符: https:\/\/t.me\/+CUyn8iqnQwEzNDY0, 清理后: https:\/\/t.me\/+CUyn8iqnQwEzNDY0, 识别为链接: True, 识别为数字ID: False","文件1有效: \/www\/wwwroot\/tdata.tgbota.top\/public\/uploads\/admin\/202512\/693ae53f5ae7c.jpg (143014字节)","发送单个文件: \/www\/wwwroot\/tdata.tgbota.top\/public\/uploads\/admin\/202512\/693ae53f5ae7c.jpg"],"warning":""},"api_address":"185.165.170.142:5015"}
[2026-02-19T22:29:27+08:00][info] 消息ID缓存成功: task_id=34, group_id=https://t.me/+CUyn8iqnQwEzNDY0, msg_index=1484, message_id=10228, send_user_id=2431
[2026-02-19T22:29:27+08:00][info] 消息状态标记为已发送: task_id=34, group_id=https://t.me/+CUyn8iqnQwEzNDY0, msg_index=1484
[2026-02-19T22:29:27+08:00][info] 任务 34 将在 69 秒后继续处理下一条消息，索引: 1485, 实例ID: task_34_index_1485_1771511367.5367
[2026-02-19T22:29:30+08:00][info] 返回:{"status":true,"message":"发送完成，成功1个，失败0个[]","data":{"success":[{"group_id":3799666589,"group_link":"https:\/\/t.me\/+IfyZ_OVthdI5YzNk","type":"megagroup","message":"发送成功","message_id":487}],"failed":[],"debug":["处理标识符: https:\/\/t.me\/+IfyZ_OVthdI5YzNk, 清理后: https:\/\/t.me\/+IfyZ_OVthdI5YzNk, 识别为链接: True, 识别为数字ID: False"],"warning":""},"api_address":"185.165.170.142:5067"}
[2026-02-19T22:29:30+08:00][info] 消息ID缓存成功: task_id=40, group_id=https://t.me/+IfyZ_OVthdI5YzNk, msg_index=334, message_id=487, send_user_id=3051
[2026-02-19T22:29:30+08:00][info] 消息状态标记为已发送: task_id=40, group_id=https://t.me/+IfyZ_OVthdI5YzNk, msg_index=334
[2026-02-19T22:29:30+08:00][info] 任务 40 将在 92 秒后继续处理下一条消息，索引: 335, 实例ID: task_40_index_335_1771511370.4107
[2026-02-19T22:29:36+08:00][info] 开始处理队列任务: task_id=38, current_index=336
[2026-02-19T22:29:36+08:00][info] 使用消息配置中指定的用户 3015 的 session_path/www/wwwroot/tdata.tgbota.top/public/uploads/admin/202602/699625adf380f/14795464657/tdata/temp_7907809976.session
[2026-02-19T22:29:39+08:00][info] 返回:{"status":true,"message":"发送完成，成功1个，失败0个[]","data":{"success":[{"group_id":3794396962,"group_link":"https:\/\/t.me\/+69dYKDni-wFmYWE0","type":"megagroup","message":"发送成功","message_id":488}],"failed":[],"debug":["处理标识符: https:\/\/t.me\/+69dYKDni-wFmYWE0, 清理后: https:\/\/t.me\/+69dYKDni-wFmYWE0, 识别为链接: True, 识别为数字ID: False"],"warning":""},"api_address":"185.165.170.142:5031"}
[2026-02-19T22:29:39+08:00][info] 消息ID缓存成功: task_id=38, group_id=https://t.me/+69dYKDni-wFmYWE0, msg_index=336, message_id=488, send_user_id=3015
[2026-02-19T22:29:39+08:00][info] 消息状态标记为已发送: task_id=38, group_id=https://t.me/+69dYKDni-wFmYWE0, msg_index=336
[2026-02-19T22:29:39+08:00][info] 任务 38 将在 99 秒后继续处理下一条消息，索引: 337, 实例ID: task_38_index_337_1771511379.0454
[2026-02-19T22:29:48+08:00][info] 开始处理队列任务: task_id=36, current_index=1648
[2026-02-19T22:29:48+08:00][info] 消息缓存初始化完成: task_id=36, groups=https://t.me/+o12qlRNkdiViMjE0
[2026-02-19T22:29:48+08:00][info] 任务 36 第 3 次循环，重置群组 https://t.me/+o12qlRNkdiViMjE0 消息状态
[2026-02-19T22:29:48+08:00][info] 使用当前发送用户 2428 的 session_path/www/wwwroot/tdata.tgbota.top/public/uploads/admin/202602/69862ac4b6550/818010988368/tdata/temp_8297606235.session
[2026-02-19T22:29:50+08:00][info] 返回:{"status":true,"message":"发送完成，成功1个，失败0个[]","data":{"success":[{"group_id":3479387283,"group_link":"https:\/\/t.me\/+o12qlRNkdiViMjE0","type":"megagroup","message":"发送成功","message_id":10293}],"failed":[],"debug":["处理标识符: https:\/\/t.me\/+o12qlRNkdiViMjE0, 清理后: https:\/\/t.me\/+o12qlRNkdiViMjE0, 识别为链接: True, 识别为数字ID: False"],"warning":""},"api_address":"185.165.170.142:5012"}
[2026-02-19T22:29:50+08:00][info] 消息ID缓存成功: task_id=36, group_id=https://t.me/+o12qlRNkdiViMjE0, msg_index=1648, message_id=10293, send_user_id=2428
[2026-02-19T22:29:50+08:00][info] 消息状态标记为已发送: task_id=36, group_id=https://t.me/+o12qlRNkdiViMjE0, msg_index=1648
[2026-02-19T22:29:50+08:00][info] 任务 36 将在 100 秒后继续处理下一条消息，索引: 1649, 实例ID: task_36_index_1649_1771511390.0697
[2026-02-19T22:29:57+08:00][info] 开始处理队列任务: task_id=27, current_index=1580
[2026-02-19T22:29:57+08:00][info] 消息缓存初始化完成: task_id=27, groups=https://t.me/+_XaTo9Qrv0VjOTM0
[2026-02-19T22:29:57+08:00][info] 任务 27 第 3 次循环，重置群组 https://t.me/+_XaTo9Qrv0VjOTM0 消息状态
[2026-02-19T22:29:57+08:00][info] 使用消息配置中指定的用户 2366 的 session_path/www/wwwroot/tdata.tgbota.top/public/uploads/admin/202601/6971e94ea480a/16079442631/tdata/temp_8415393991.session
[2026-02-19T22:30:02+08:00][info] 返回:{"status":true,"message":"发送完成，成功1个，失败0个[]","data":{"success":[{"group_id":3649225144,"group_link":"https:\/\/t.me\/+_XaTo9Qrv0VjOTM0","type":"megagroup","message":"发送成功","message_id":33194}],"failed":[],"debug":["处理标识符: https:\/\/t.me\/+_XaTo9Qrv0VjOTM0, 清理后: https:\/\/t.me\/+_XaTo9Qrv0VjOTM0, 识别为链接: True, 识别为数字ID: False","文件1有效: \/www\/wwwroot\/tdata.tgbota.top\/public\/uploads\/admin\/202512\/693ae46969ada.jpg (87512字节)","发送单个文件: \/www\/wwwroot\/tdata.tgbota.top\/public\/uploads\/admin\/202512\/693ae46969ada.jpg"],"warning":""},"api_address":"185.165.170.142:5101"}
[2026-02-19T22:30:02+08:00][info] 消息ID缓存成功: task_id=27, group_id=https://t.me/+_XaTo9Qrv0VjOTM0, msg_index=1580, message_id=33194, send_user_id=2366
[2026-02-19T22:30:02+08:00][info] 消息状态标记为已发送: task_id=27, group_id=https://t.me/+_XaTo9Qrv0VjOTM0, msg_index=1580
[2026-02-19T22:30:02+08:00][info] 任务 27 将在 68 秒后继续处理下一条消息，索引: 1581, 实例ID: task_27_index_1581_1771511402.5376
[2026-02-19T22:30:13+08:00][info] 开始处理队列任务: task_id=37, current_index=1684
[2026-02-19T22:30:13+08:00][info] 消息缓存初始化完成: task_id=37, groups=https://t.me/+DUAGbZI5vW41NWI8
[2026-02-19T22:30:13+08:00][info] 任务 37 第 3 次循环，重置群组 https://t.me/+DUAGbZI5vW41NWI8 消息状态
[2026-02-19T22:30:13+08:00][info] 使用消息配置中指定的用户 2472 的 session_path/www/wwwroot/tdata.tgbota.top/public/uploads/admin/202602/69862ac4b6550/818014590232/tdata/temp_8596860996.session
[2026-02-19T22:30:15+08:00][info] 返回:{"status":true,"message":"发送完成，成功1个，失败0个[]","data":{"success":[{"group_id":3732578862,"group_link":"https:\/\/t.me\/+DUAGbZI5vW41NWI8","type":"megagroup","message":"发送成功","message_id":8458}],"failed":[],"debug":["处理标识符: https:\/\/t.me\/+DUAGbZI5vW41NWI8, 清理后: https:\/\/t.me\/+DUAGbZI5vW41NWI8, 识别为链接: True, 识别为数字ID: False"],"warning":""},"api_address":"185.165.170.142:5056"}
[2026-02-19T22:30:15+08:00][info] 消息ID缓存成功: task_id=37, group_id=https://t.me/+DUAGbZI5vW41NWI8, msg_index=1684, message_id=8458, send_user_id=2472
[2026-02-19T22:30:15+08:00][info] 消息状态标记为已发送: task_id=37, group_id=https://t.me/+DUAGbZI5vW41NWI8, msg_index=1684
[2026-02-19T22:30:15+08:00][info] 任务 37 将在 85 秒后继续处理下一条消息，索引: 1685, 实例ID: task_37_index_1685_1771511415.6094
[2026-02-19T22:30:16+08:00][info] 开始处理队列任务: task_id=33, current_index=1484
[2026-02-19T22:30:16+08:00][info] 消息缓存初始化完成: task_id=33, groups=https://t.me/+wcqRUxDn6zczYmM0
[2026-02-19T22:30:16+08:00][info] 任务 33 第 2 次循环，重置群组 https://t.me/+wcqRUxDn6zczYmM0 消息状态
[2026-02-19T22:30:16+08:00][info] 使用当前发送用户 2431 的 session_path/www/wwwroot/tdata.tgbota.top/public/uploads/admin/202602/69862ac4b6550/818014595657/tdata/temp_8596807726.session
[2026-02-19T22:30:18+08:00][info] 返回:{"status":true,"message":"发送完成，成功1个，失败0个[]","data":{"success":[{"group_id":3658905404,"group_link":"https:\/\/t.me\/+wcqRUxDn6zczYmM0","type":"megagroup","message":"发送成功","message_id":10067}],"failed":[],"debug":["处理标识符: https:\/\/t.me\/+wcqRUxDn6zczYmM0, 清理后: https:\/\/t.me\/+wcqRUxDn6zczYmM0, 识别为链接: True, 识别为数字ID: False","文件1有效: \/www\/wwwroot\/tdata.tgbota.top\/public\/uploads\/admin\/202512\/693ae53f5ae7c.jpg (143014字节)","发送单个文件: \/www\/wwwroot\/tdata.tgbota.top\/public\/uploads\/admin\/202512\/693ae53f5ae7c.jpg"],"warning":""},"api_address":"185.165.170.142:5015"}
[2026-02-19T22:30:18+08:00][info] 消息ID缓存成功: task_id=33, group_id=https://t.me/+wcqRUxDn6zczYmM0, msg_index=1484, message_id=10067, send_user_id=2431
[2026-02-19T22:30:18+08:00][info] 消息状态标记为已发送: task_id=33, group_id=https://t.me/+wcqRUxDn6zczYmM0, msg_index=1484
[2026-02-19T22:30:18+08:00][info] 任务 33 将在 69 秒后继续处理下一条消息，索引: 1485, 实例ID: task_33_index_1485_1771511418.9322
[2026-02-19T22:30:22+08:00][info] 开始处理队列任务: task_id=25, current_index=1612
[2026-02-19T22:30:22+08:00][info] 消息缓存初始化完成: task_id=25, groups=https://t.me/+HZFEhfAwKjhmZDZk
[2026-02-19T22:30:22+08:00][info] 任务 25 第 3 次循环，重置群组 https://t.me/+HZFEhfAwKjhmZDZk 消息状态
[2026-02-19T22:30:22+08:00][info] 使用当前发送用户 2310 的 session_path/www/wwwroot/tdata.tgbota.top/public/uploads/admin/202601/6971e94ea480a/16077063566/tdata/temp_8222202974.session
[2026-02-19T22:30:24+08:00][info] 开始处理队列任务: task_id=35, current_index=1697
[2026-02-19T22:30:24+08:00][info] 消息缓存初始化完成: task_id=35, groups=https://t.me/+BrIuI_-gkNhhYTE0
[2026-02-19T22:30:24+08:00][info] 任务 35 第 3 次循环，重置群组 https://t.me/+BrIuI_-gkNhhYTE0 消息状态
[2026-02-19T22:30:24+08:00][info] 使用当前发送用户 2508 的 session_path/www/wwwroot/tdata.tgbota.top/public/uploads/admin/202602/69862ac4b6550/818014391182/tdata/temp_8311875735.session
[2026-02-19T22:30:25+08:00][info] 返回:{"status":true,"message":"发送完成，成功1个，失败0个[]","data":{"success":[{"group_id":3482989339,"group_link":"https:\/\/t.me\/+HZFEhfAwKjhmZDZk","type":"megagroup","message":"发送成功","message_id":30166}],"failed":[],"debug":["处理标识符: https:\/\/t.me\/+HZFEhfAwKjhmZDZk, 清理后: https:\/\/t.me\/+HZFEhfAwKjhmZDZk, 识别为链接: True, 识别为数字ID: False","文件1有效: \/www\/wwwroot\/tdata.tgbota.top\/public\/uploads\/admin\/202512\/693ae47eb24e6.jpg (23476字节)","发送单个文件: \/www\/wwwroot\/tdata.tgbota.top\/public\/uploads\/admin\/202512\/693ae47eb24e6.jpg"],"warning":""},"api_address":"185.165.170.142:5045"}
[2026-02-19T22:30:25+08:00][info] 消息ID缓存成功: task_id=25, group_id=https://t.me/+HZFEhfAwKjhmZDZk, msg_index=1612, message_id=30166, send_user_id=2310
[2026-02-19T22:30:25+08:00][info] 消息状态标记为已发送: task_id=25, group_id=https://t.me/+HZFEhfAwKjhmZDZk, msg_index=1612
[2026-02-19T22:30:25+08:00][info] 任务 25 将在 81 秒后继续处理下一条消息，索引: 1613, 实例ID: task_25_index_1613_1771511425.5912
[2026-02-19T22:30:26+08:00][info] 开始处理队列任务: task_id=39, current_index=336
[2026-02-19T22:30:26+08:00][info] 返回:{"status":true,"message":"发送完成，成功1个，失败0个[]","data":{"success":[{"group_id":3646934744,"group_link":"https:\/\/t.me\/+BrIuI_-gkNhhYTE0","type":"megagroup","message":"发送成功","message_id":10281}],"failed":[],"debug":["处理标识符: https:\/\/t.me\/+BrIuI_-gkNhhYTE0, 清理后: https:\/\/t.me\/+BrIuI_-gkNhhYTE0, 识别为链接: True, 识别为数字ID: False"],"warning":""},"api_address":"185.165.170.142:5092"}
[2026-02-19T22:30:26+08:00][info] 消息ID缓存成功: task_id=35, group_id=https://t.me/+BrIuI_-gkNhhYTE0, msg_index=1697, message_id=10281, send_user_id=2508
[2026-02-19T22:30:26+08:00][info] 消息状态标记为已发送: task_id=35, group_id=https://t.me/+BrIuI_-gkNhhYTE0, msg_index=1697
[2026-02-19T22:30:27+08:00][info] 任务 35 将在 92 秒后继续处理下一条消息，索引: 1698, 实例ID: task_35_index_1698_1771511427.0893
[2026-02-19T22:30:27+08:00][info] 使用消息配置中指定的用户 3015 的 session_path/www/wwwroot/tdata.tgbota.top/public/uploads/admin/202602/699625adf380f/14795464657/tdata/temp_7907809976.session
[2026-02-19T22:30:29+08:00][info] 返回:{"status":true,"message":"发送完成，成功1个，失败0个[]","data":{"success":[{"group_id":3770869551,"group_link":"https:\/\/t.me\/+ZpSvBhFQCCEwMzdk","type":"megagroup","message":"发送成功","message_id":488}],"failed":[],"debug":["处理标识符: https:\/\/t.me\/+ZpSvBhFQCCEwMzdk, 清理后: https:\/\/t.me\/+ZpSvBhFQCCEwMzdk, 识别为链接: True, 识别为数字ID: False"],"warning":""},"api_address":"185.165.170.142:5031"}
[2026-02-19T22:30:29+08:00][info] 消息ID缓存成功: task_id=39, group_id=https://t.me/+ZpSvBhFQCCEwMzdk, msg_index=336, message_id=488, send_user_id=3015
[2026-02-19T22:30:29+08:00][info] 消息状态标记为已发送: task_id=39, group_id=https://t.me/+ZpSvBhFQCCEwMzdk, msg_index=336
[2026-02-19T22:30:29+08:00][info] 任务 39 将在 99 秒后继续处理下一条消息，索引: 337, 实例ID: task_39_index_337_1771511429.6453
[2026-02-19T22:30:32+08:00][info] 开始处理队列任务: task_id=28, current_index=1617
[2026-02-19T22:30:32+08:00][info] 消息缓存初始化完成: task_id=28, groups=https://t.me/+Hg62NsrbOCZmZmY8
[2026-02-19T22:30:32+08:00][info] 任务 28 第 3 次循环，重置群组 https://t.me/+Hg62NsrbOCZmZmY8 消息状态
[2026-02-19T22:30:32+08:00][info] 使用feedbackType=1617的消息ID: 21647
[2026-02-19T22:30:32+08:00][info] 使用消息配置中指定的用户 2012 的 session_path/www/wwwroot/tdata.tgbota.top/public/uploads/admin/202601/6960a58a3f18c/13619013618/tdata/temp_7730341893.session
[2026-02-19T22:30:35+08:00][info] 返回:{"status":true,"message":"发送完成，成功1个，失败0个[]","data":{"success":[{"group_id":3657218256,"group_link":"https:\/\/t.me\/+Hg62NsrbOCZmZmY8","type":"megagroup","message":"发送成功","message_id":21648}],"failed":[],"debug":["处理标识符: https:\/\/t.me\/+Hg62NsrbOCZmZmY8, 清理后: https:\/\/t.me\/+Hg62NsrbOCZmZmY8, 识别为链接: True, 识别为数字ID: False"],"warning":""},"api_address":"185.165.170.142:5049"}
[2026-02-19T22:30:35+08:00][info] 消息ID缓存成功: task_id=28, group_id=https://t.me/+Hg62NsrbOCZmZmY8, msg_index=1617, message_id=21648, send_user_id=2012
[2026-02-19T22:30:35+08:00][info] 消息状态标记为已发送: task_id=28, group_id=https://t.me/+Hg62NsrbOCZmZmY8, msg_index=1617
[2026-02-19T22:30:35+08:00][info] 任务 28 将在 101 秒后继续处理下一条消息，索引: 1618, 实例ID: task_28_index_1618_1771511435.8545
[2026-02-19T22:30:36+08:00][info] 开始处理队列任务: task_id=34, current_index=1485
[2026-02-19T22:30:36+08:00][info] 消息缓存初始化完成: task_id=34, groups=https://t.me/+CUyn8iqnQwEzNDY0
[2026-02-19T22:30:36+08:00][info] 任务 34 第 2 次循环，重置群组 https://t.me/+CUyn8iqnQwEzNDY0 消息状态
[2026-02-19T22:30:36+08:00][info] 使用当前发送用户 2431 的 session_path/www/wwwroot/tdata.tgbota.top/public/uploads/admin/202602/69862ac4b6550/818014595657/tdata/temp_8596807726.session
[2026-02-19T22:30:38+08:00][info] 返回:{"status":true,"message":"发送完成，成功1个，失败0个[]","data":{"success":[{"group_id":3719450736,"group_link":"https:\/\/t.me\/+CUyn8iqnQwEzNDY0","type":"megagroup","message":"发送成功","message_id":10229}],"failed":[],"debug":["处理标识符: https:\/\/t.me\/+CUyn8iqnQwEzNDY0, 清理后: https:\/\/t.me\/+CUyn8iqnQwEzNDY0, 识别为链接: True, 识别为数字ID: False"],"warning":""},"api_address":"185.165.170.142:5015"}
[2026-02-19T22:30:38+08:00][info] 消息ID缓存成功: task_id=34, group_id=https://t.me/+CUyn8iqnQwEzNDY0, msg_index=1485, message_id=10229, send_user_id=2431
[2026-02-19T22:30:38+08:00][info] 消息状态标记为已发送: task_id=34, group_id=https://t.me/+CUyn8iqnQwEzNDY0, msg_index=1485
[2026-02-19T22:30:38+08:00][info] 任务 34 将在 79 秒后继续处理下一条消息，索引: 1486, 实例ID: task_34_index_1486_1771511438.2044
[2026-02-19T22:30:48+08:00][info] 开始处理队列任务: task_id=29, current_index=1613
[2026-02-19T22:30:49+08:00][info] 消息缓存初始化完成: task_id=29, groups=https://t.me/+WZlsKfz1W89jYjE0
[2026-02-19T22:30:49+08:00][info] 任务 29 第 3 次循环，重置群组 https://t.me/+WZlsKfz1W89jYjE0 消息状态
[2026-02-19T22:30:49+08:00][info] 使用当前发送用户 2310 的 session_path/www/wwwroot/tdata.tgbota.top/public/uploads/admin/202601/6971e94ea480a/16077063566/tdata/temp_8222202974.session
[2026-02-19T22:30:51+08:00][info] 返回:{"status":true,"message":"发送完成，成功1个，失败0个[]","data":{"success":[{"group_id":3780502866,"group_link":"https:\/\/t.me\/+WZlsKfz1W89jYjE0","type":"megagroup","message":"发送成功","message_id":21707}],"failed":[],"debug":["处理标识符: https:\/\/t.me\/+WZlsKfz1W89jYjE0, 清理后: https:\/\/t.me\/+WZlsKfz1W89jYjE0, 识别为链接: True, 识别为数字ID: False"],"warning":""},"api_address":"185.165.170.142:5045"}
[2026-02-19T22:30:51+08:00][info] 消息ID缓存成功: task_id=29, group_id=https://t.me/+WZlsKfz1W89jYjE0, msg_index=1613, message_id=21707, send_user_id=2310
[2026-02-19T22:30:51+08:00][info] 消息状态标记为已发送: task_id=29, group_id=https://t.me/+WZlsKfz1W89jYjE0, msg_index=1613
[2026-02-19T22:30:51+08:00][info] 任务 29 将在 105 秒后继续处理下一条消息，索引: 1614, 实例ID: task_29_index_1614_1771511451.7624
[2026-02-19T22:31:01+08:00][info] 开始处理队列任务: task_id=31, current_index=1618
[2026-02-19T22:31:01+08:00][info] 消息缓存初始化完成: task_id=31, groups=https://t.me/+4azhFwWhx1czMzE0
[2026-02-19T22:31:01+08:00][info] 任务 31 第 3 次循环，重置群组 https://t.me/+4azhFwWhx1czMzE0 消息状态
[2026-02-19T22:31:01+08:00][info] 使用当前发送用户 1306 的 session_path/www/wwwroot/tdata.tgbota.top/public/uploads/admin/202512/695387359e84b/8615211864541/tdata/temp_8070129982.session
[2026-02-19T22:31:02+08:00][info] 开始处理队列任务: task_id=40, current_index=335
[2026-02-19T22:31:02+08:00][info] 使用当前发送用户 3112 的 session_path/www/wwwroot/tdata.tgbota.top/public/uploads/admin/202602/699625adf380f/14707617040/tdata/temp_8144208799.session
[2026-02-19T22:31:02+08:00][info] 返回:{"status":true,"message":"发送完成，成功1个，失败0个[]","data":{"success":[{"group_id":3079998653,"group_link":"https:\/\/t.me\/+4azhFwWhx1czMzE0","type":"megagroup","message":"发送成功","message_id":14471}],"failed":[],"debug":["处理标识符: https:\/\/t.me\/+4azhFwWhx1czMzE0, 清理后: https:\/\/t.me\/+4azhFwWhx1czMzE0, 识别为链接: True, 识别为数字ID: False"],"warning":""},"api_address":"185.165.170.142:5098"}
[2026-02-19T22:31:02+08:00][info] 消息ID缓存成功: task_id=31, group_id=https://t.me/+4azhFwWhx1czMzE0, msg_index=1618, message_id=14471, send_user_id=1306
[2026-02-19T22:31:02+08:00][info] 消息状态标记为已发送: task_id=31, group_id=https://t.me/+4azhFwWhx1czMzE0, msg_index=1618
[2026-02-19T22:31:03+08:00][info] 任务 31 将在 90 秒后继续处理下一条消息，索引: 1619, 实例ID: task_31_index_1619_1771511463.0291
[2026-02-19T22:31:04+08:00][info] 返回:{"status":true,"message":"发送完成，成功1个，失败0个[]","data":{"success":[{"group_id":3799666589,"group_link":"https:\/\/t.me\/+IfyZ_OVthdI5YzNk","type":"megagroup","message":"发送成功","message_id":488}],"failed":[],"debug":["处理标识符: https:\/\/t.me\/+IfyZ_OVthdI5YzNk, 清理后: https:\/\/t.me\/+IfyZ_OVthdI5YzNk, 识别为链接: True, 识别为数字ID: False"],"warning":""},"api_address":"185.165.170.142:5128"}
[2026-02-19T22:31:04+08:00][info] 消息ID缓存成功: task_id=40, group_id=https://t.me/+IfyZ_OVthdI5YzNk, msg_index=335, message_id=488, send_user_id=3112
[2026-02-19T22:31:04+08:00][info] 消息状态标记为已发送: task_id=40, group_id=https://t.me/+IfyZ_OVthdI5YzNk, msg_index=335
[2026-02-19T22:31:04+08:00][info] 任务 40 将在 90 秒后继续处理下一条消息，索引: 336, 实例ID: task_40_index_336_1771511464.9511
[2026-02-19T22:31:10+08:00][info] 开始处理队列任务: task_id=27, current_index=1581
[2026-02-19T22:31:10+08:00][info] 消息缓存初始化完成: task_id=27, groups=https://t.me/+_XaTo9Qrv0VjOTM0
[2026-02-19T22:31:10+08:00][info] 任务 27 第 3 次循环，重置群组 https://t.me/+_XaTo9Qrv0VjOTM0 消息状态
[2026-02-19T22:31:10+08:00][info] 使用消息配置中指定的用户 2366 的 session_path/www/wwwroot/tdata.tgbota.top/public/uploads/admin/202601/6971e94ea480a/16079442631/tdata/temp_8415393991.session
[2026-02-19T22:31:12+08:00][info] 返回:{"status":true,"message":"发送完成，成功1个，失败0个[]","data":{"success":[{"group_id":3649225144,"group_link":"https:\/\/t.me\/+_XaTo9Qrv0VjOTM0","type":"megagroup","message":"发送成功","message_id":33195}],"failed":[],"debug":["处理标识符: https:\/\/t.me\/+_XaTo9Qrv0VjOTM0, 清理后: https:\/\/t.me\/+_XaTo9Qrv0VjOTM0, 识别为链接: True, 识别为数字ID: False"],"warning":""},"api_address":"185.165.170.142:5101"}
[2026-02-19T22:31:12+08:00][info] 消息ID缓存成功: task_id=27, group_id=https://t.me/+_XaTo9Qrv0VjOTM0, msg_index=1581, message_id=33195, send_user_id=2366
[2026-02-19T22:31:12+08:00][info] 消息状态标记为已发送: task_id=27, group_id=https://t.me/+_XaTo9Qrv0VjOTM0, msg_index=1581
[2026-02-19T22:31:12+08:00][info] 任务 27 将在 110 秒后继续处理下一条消息，索引: 1582, 实例ID: task_27_index_1582_1771511472.8463
[2026-02-19T22:31:18+08:00][info] 开始处理队列任务: task_id=38, current_index=337
[2026-02-19T22:31:18+08:00][info] 使用消息配置中指定的用户 3159 的 session_path/www/wwwroot/tdata.tgbota.top/public/uploads/admin/202602/699625adf380f/14708738651/tdata/temp_8520822693.session
[2026-02-19T22:31:20+08:00][info] 返回:{"status":true,"message":"发送完成，成功1个，失败0个[]","data":{"success":[{"group_id":3794396962,"group_link":"https:\/\/t.me\/+69dYKDni-wFmYWE0","type":"megagroup","message":"发送成功","message_id":489}],"failed":[],"debug":["处理标识符: https:\/\/t.me\/+69dYKDni-wFmYWE0, 清理后: https:\/\/t.me\/+69dYKDni-wFmYWE0, 识别为链接: True, 识别为数字ID: False"],"warning":""},"api_address":"185.165.170.142:5024"}
[2026-02-19T22:31:20+08:00][info] 消息ID缓存成功: task_id=38, group_id=https://t.me/+69dYKDni-wFmYWE0, msg_index=337, message_id=489, send_user_id=3159
[2026-02-19T22:31:20+08:00][info] 消息状态标记为已发送: task_id=38, group_id=https://t.me/+69dYKDni-wFmYWE0, msg_index=337
[2026-02-19T22:31:20+08:00][info] 任务 38 将在 87 秒后继续处理下一条消息，索引: 338, 实例ID: task_38_index_338_1771511480.6268
[2026-02-19T22:31:27+08:00][info] 开始处理队列任务: task_id=33, current_index=1485
[2026-02-19T22:31:28+08:00][info] 消息缓存初始化完成: task_id=33, groups=https://t.me/+wcqRUxDn6zczYmM0
[2026-02-19T22:31:28+08:00][info] 任务 33 第 2 次循环，重置群组 https://t.me/+wcqRUxDn6zczYmM0 消息状态
[2026-02-19T22:31:28+08:00][info] 使用当前发送用户 2431 的 session_path/www/wwwroot/tdata.tgbota.top/public/uploads/admin/202602/69862ac4b6550/818014595657/tdata/temp_8596807726.session
[2026-02-19T22:31:29+08:00][info] 返回:{"status":true,"message":"发送完成，成功1个，失败0个[]","data":{"success":[{"group_id":3658905404,"group_link":"https:\/\/t.me\/+wcqRUxDn6zczYmM0","type":"megagroup","message":"发送成功","message_id":10068}],"failed":[],"debug":["处理标识符: https:\/\/t.me\/+wcqRUxDn6zczYmM0, 清理后: https:\/\/t.me\/+wcqRUxDn6zczYmM0, 识别为链接: True, 识别为数字ID: False"],"warning":""},"api_address":"185.165.170.142:5015"}
[2026-02-19T22:31:29+08:00][info] 消息ID缓存成功: task_id=33, group_id=https://t.me/+wcqRUxDn6zczYmM0, msg_index=1485, message_id=10068, send_user_id=2431
[2026-02-19T22:31:29+08:00][info] 消息状态标记为已发送: task_id=33, group_id=https://t.me/+wcqRUxDn6zczYmM0, msg_index=1485
[2026-02-19T22:31:29+08:00][info] 任务 33 将在 79 秒后继续处理下一条消息，索引: 1486, 实例ID: task_33_index_1486_1771511489.7289
[2026-02-19T22:31:30+08:00][info] 开始处理队列任务: task_id=36, current_index=1649
[2026-02-19T22:31:31+08:00][info] 消息缓存初始化完成: task_id=36, groups=https://t.me/+o12qlRNkdiViMjE0
[2026-02-19T22:31:31+08:00][info] 任务 36 第 3 次循环，重置群组 https://t.me/+o12qlRNkdiViMjE0 消息状态
[2026-02-19T22:31:31+08:00][info] 使用当前发送用户 2423 的 session_path/www/wwwroot/tdata.tgbota.top/public/uploads/admin/202602/69862ac4b6550/817039604699/tdata/temp_8188906594.session
[2026-02-19T22:31:33+08:00][info] 返回:{"status":true,"message":"发送完成，成功1个，失败0个[]","data":{"success":[{"group_id":3479387283,"group_link":"https:\/\/t.me\/+o12qlRNkdiViMjE0","type":"megagroup","message":"发送成功","message_id":10294}],"failed":[],"debug":["处理标识符: https:\/\/t.me\/+o12qlRNkdiViMjE0, 清理后: https:\/\/t.me\/+o12qlRNkdiViMjE0, 识别为链接: True, 识别为数字ID: False"],"warning":""},"api_address":"185.165.170.142:5007"}
[2026-02-19T22:31:33+08:00][info] 消息ID缓存成功: task_id=36, group_id=https://t.me/+o12qlRNkdiViMjE0, msg_index=1649, message_id=10294, send_user_id=2423
[2026-02-19T22:31:33+08:00][info] 消息状态标记为已发送: task_id=36, group_id=https://t.me/+o12qlRNkdiViMjE0, msg_index=1649
[2026-02-19T22:31:33+08:00][info] 任务 36 将在 90 秒后继续处理下一条消息，索引: 1650, 实例ID: task_36_index_1650_1771511493.3353
[2026-02-19T22:31:40+08:00][info] 开始处理队列任务: task_id=37, current_index=1685
[2026-02-19T22:31:40+08:00][info] 消息缓存初始化完成: task_id=37, groups=https://t.me/+DUAGbZI5vW41NWI8
[2026-02-19T22:31:40+08:00][info] 任务 37 第 3 次循环，重置群组 https://t.me/+DUAGbZI5vW41NWI8 消息状态
[2026-02-19T22:31:40+08:00][info] 使用消息配置中指定的用户 2466 的 session_path/www/wwwroot/tdata.tgbota.top/public/uploads/admin/202602/69862ac4b6550/819095037073/tdata/temp_8337931236.session
[2026-02-19T22:31:42+08:00][info] 返回:{"status":true,"message":"发送完成，成功1个，失败0个[]","data":{"success":[{"group_id":3732578862,"group_link":"https:\/\/t.me\/+DUAGbZI5vW41NWI8","type":"megagroup","message":"发送成功","message_id":8459}],"failed":[],"debug":["处理标识符: https:\/\/t.me\/+DUAGbZI5vW41NWI8, 清理后: https:\/\/t.me\/+DUAGbZI5vW41NWI8, 识别为链接: True, 识别为数字ID: False"],"warning":""},"api_address":"185.165.170.142:5050"}
[2026-02-19T22:31:42+08:00][info] 消息ID缓存成功: task_id=37, group_id=https://t.me/+DUAGbZI5vW41NWI8, msg_index=1685, message_id=8459, send_user_id=2466
[2026-02-19T22:31:42+08:00][info] 消息状态标记为已发送: task_id=37, group_id=https://t.me/+DUAGbZI5vW41NWI8, msg_index=1685
[2026-02-19T22:31:42+08:00][info] 任务 37 将在 90 秒后继续处理下一条消息，索引: 1686, 实例ID: task_37_index_1686_1771511502.6886
[2026-02-19T22:31:47+08:00][info] 开始处理队列任务: task_id=25, current_index=1613
[2026-02-19T22:31:47+08:00][info] 消息缓存初始化完成: task_id=25, groups=https://t.me/+HZFEhfAwKjhmZDZk
[2026-02-19T22:31:47+08:00][info] 任务 25 第 3 次循环，重置群组 https://t.me/+HZFEhfAwKjhmZDZk 消息状态
[2026-02-19T22:31:47+08:00][info] 使用当前发送用户 2310 的 session_path/www/wwwroot/tdata.tgbota.top/public/uploads/admin/202601/6971e94ea480a/16077063566/tdata/temp_8222202974.session
[2026-02-19T22:31:49+08:00][info] 返回:{"status":true,"message":"发送完成，成功1个，失败0个[]","data":{"success":[{"group_id":3482989339,"group_link":"https:\/\/t.me\/+HZFEhfAwKjhmZDZk","type":"megagroup","message":"发送成功","message_id":30167}],"failed":[],"debug":["处理标识符: https:\/\/t.me\/+HZFEhfAwKjhmZDZk, 清理后: https:\/\/t.me\/+HZFEhfAwKjhmZDZk, 识别为链接: True, 识别为数字ID: False"],"warning":""},"api_address":"185.165.170.142:5045"}
[2026-02-19T22:31:49+08:00][info] 消息ID缓存成功: task_id=25, group_id=https://t.me/+HZFEhfAwKjhmZDZk, msg_index=1613, message_id=30167, send_user_id=2310
[2026-02-19T22:31:49+08:00][info] 消息状态标记为已发送: task_id=25, group_id=https://t.me/+HZFEhfAwKjhmZDZk, msg_index=1613
[2026-02-19T22:31:49+08:00][info] 任务 25 将在 105 秒后继续处理下一条消息，索引: 1614, 实例ID: task_25_index_1614_1771511509.7754
[2026-02-19T22:31:57+08:00][info] 开始处理队列任务: task_id=34, current_index=1486
[2026-02-19T22:31:57+08:00][info] 消息缓存初始化完成: task_id=34, groups=https://t.me/+CUyn8iqnQwEzNDY0
[2026-02-19T22:31:57+08:00][info] 任务 34 第 2 次循环，重置群组 https://t.me/+CUyn8iqnQwEzNDY0 消息状态
[2026-02-19T22:31:57+08:00][info] 使用feedbackType=1484的消息ID: 10227
[2026-02-19T22:31:57+08:00][info] 使用当前发送用户 2430 的 session_path/www/wwwroot/tdata.tgbota.top/public/uploads/admin/202602/69862ac4b6550/818014390605/tdata/temp_8368623564.session
[2026-02-19T22:31:59+08:00][info] 开始处理队列任务: task_id=35, current_index=1698
[2026-02-19T22:31:59+08:00][info] 返回:{"status":true,"message":"发送完成，成功1个，失败0个[]","data":{"success":[{"group_id":3719450736,"group_link":"https:\/\/t.me\/+CUyn8iqnQwEzNDY0","type":"megagroup","message":"发送成功","message_id":10230}],"failed":[],"debug":["处理标识符: https:\/\/t.me\/+CUyn8iqnQwEzNDY0, 清理后: https:\/\/t.me\/+CUyn8iqnQwEzNDY0, 识别为链接: True, 识别为数字ID: False"],"warning":""},"api_address":"185.165.170.142:5014"}
[2026-02-19T22:31:59+08:00][info] 消息ID缓存成功: task_id=34, group_id=https://t.me/+CUyn8iqnQwEzNDY0, msg_index=1486, message_id=10230, send_user_id=2430
[2026-02-19T22:31:59+08:00][info] 消息状态标记为已发送: task_id=34, group_id=https://t.me/+CUyn8iqnQwEzNDY0, msg_index=1486
[2026-02-19T22:31:59+08:00][info] 任务 34 将在 89 秒后继续处理下一条消息，索引: 1487, 实例ID: task_34_index_1487_1771511519.7308
[2026-02-19T22:31:59+08:00][info] 消息缓存初始化完成: task_id=35, groups=https://t.me/+BrIuI_-gkNhhYTE0
[2026-02-19T22:31:59+08:00][info] 任务 35 第 3 次循环，重置群组 https://t.me/+BrIuI_-gkNhhYTE0 消息状态
[2026-02-19T22:31:59+08:00][info] 使用当前发送用户 2508 的 session_path/www/wwwroot/tdata.tgbota.top/public/uploads/admin/202602/69862ac4b6550/818014391182/tdata/temp_8311875735.session
[2026-02-19T22:32:01+08:00][info] 返回:{"status":true,"message":"发送完成，成功1个，失败0个[]","data":{"success":[{"group_id":3646934744,"group_link":"https:\/\/t.me\/+BrIuI_-gkNhhYTE0","type":"megagroup","message":"发送成功","message_id":10282}],"failed":[],"debug":["处理标识符: https:\/\/t.me\/+BrIuI_-gkNhhYTE0, 清理后: https:\/\/t.me\/+BrIuI_-gkNhhYTE0, 识别为链接: True, 识别为数字ID: False"],"warning":""},"api_address":"185.165.170.142:5092"}
[2026-02-19T22:32:01+08:00][info] 消息ID缓存成功: task_id=35, group_id=https://t.me/+BrIuI_-gkNhhYTE0, msg_index=1698, message_id=10282, send_user_id=2508
[2026-02-19T22:32:01+08:00][info] 消息状态标记为已发送: task_id=35, group_id=https://t.me/+BrIuI_-gkNhhYTE0, msg_index=1698
[2026-02-19T22:32:01+08:00][info] 任务 35 将在 103 秒后继续处理下一条消息，索引: 1699, 实例ID: task_35_index_1699_1771511521.6257
[2026-02-19T22:32:08+08:00][info] 开始处理队列任务: task_id=39, current_index=337
[2026-02-19T22:32:08+08:00][info] 使用消息配置中指定的用户 3159 的 session_path/www/wwwroot/tdata.tgbota.top/public/uploads/admin/202602/699625adf380f/14708738651/tdata/temp_8520822693.session
[2026-02-19T22:32:11+08:00][info] 返回:{"status":true,"message":"发送完成，成功1个，失败0个[]","data":{"success":[{"group_id":3770869551,"group_link":"https:\/\/t.me\/+ZpSvBhFQCCEwMzdk","type":"megagroup","message":"发送成功","message_id":489}],"failed":[],"debug":["处理标识符: https:\/\/t.me\/+ZpSvBhFQCCEwMzdk, 清理后: https:\/\/t.me\/+ZpSvBhFQCCEwMzdk, 识别为链接: True, 识别为数字ID: False"],"warning":""},"api_address":"185.165.170.142:5024"}
[2026-02-19T22:32:11+08:00][info] 消息ID缓存成功: task_id=39, group_id=https://t.me/+ZpSvBhFQCCEwMzdk, msg_index=337, message_id=489, send_user_id=3159
[2026-02-19T22:32:11+08:00][info] 消息状态标记为已发送: task_id=39, group_id=https://t.me/+ZpSvBhFQCCEwMzdk, msg_index=337
[2026-02-19T22:32:11+08:00][info] 任务 39 将在 87 秒后继续处理下一条消息，索引: 338, 实例ID: task_39_index_338_1771511531.317
[2026-02-19T22:32:16+08:00][info] 开始处理队列任务: task_id=28, current_index=1618
[2026-02-19T22:32:16+08:00][info] 消息缓存初始化完成: task_id=28, groups=https://t.me/+Hg62NsrbOCZmZmY8
[2026-02-19T22:32:16+08:00][info] 任务 28 第 3 次循环，重置群组 https://t.me/+Hg62NsrbOCZmZmY8 消息状态
[2026-02-19T22:32:16+08:00][info] 使用当前发送用户 1306 的 session_path/www/wwwroot/tdata.tgbota.top/public/uploads/admin/202512/695387359e84b/8615211864541/tdata/temp_8070129982.session
[2026-02-19T22:32:17+08:00][info] 返回:{"status":true,"message":"发送完成，成功1个，失败0个[]","data":{"success":[{"group_id":3657218256,"group_link":"https:\/\/t.me\/+Hg62NsrbOCZmZmY8","type":"megagroup","message":"发送成功","message_id":21649}],"failed":[],"debug":["处理标识符: https:\/\/t.me\/+Hg62NsrbOCZmZmY8, 清理后: https:\/\/t.me\/+Hg62NsrbOCZmZmY8, 识别为链接: True, 识别为数字ID: False"],"warning":""},"api_address":"185.165.170.142:5098"}
[2026-02-19T22:32:17+08:00][info] 消息ID缓存成功: task_id=28, group_id=https://t.me/+Hg62NsrbOCZmZmY8, msg_index=1618, message_id=21649, send_user_id=1306
[2026-02-19T22:32:17+08:00][info] 消息状态标记为已发送: task_id=28, group_id=https://t.me/+Hg62NsrbOCZmZmY8, msg_index=1618
[2026-02-19T22:32:17+08:00][info] 任务 28 将在 90 秒后继续处理下一条消息，索引: 1619, 实例ID: task_28_index_1619_1771511537.9723
[2026-02-19T22:32:33+08:00][info] 开始处理队列任务: task_id=31, current_index=1619
[2026-02-19T22:32:33+08:00][info] 消息缓存初始化完成: task_id=31, groups=https://t.me/+4azhFwWhx1czMzE0
[2026-02-19T22:32:33+08:00][info] 任务 31 第 3 次循环，重置群组 https://t.me/+4azhFwWhx1czMzE0 消息状态
[2026-02-19T22:32:33+08:00][info] 使用当前发送用户 1306 的 session_path/www/wwwroot/tdata.tgbota.top/public/uploads/admin/202512/695387359e84b/8615211864541/tdata/temp_8070129982.session
[2026-02-19T22:32:34+08:00][info] 开始处理队列任务: task_id=40, current_index=336
[2026-02-19T22:32:34+08:00][info] 使用消息配置中指定的用户 3015 的 session_path/www/wwwroot/tdata.tgbota.top/public/uploads/admin/202602/699625adf380f/14795464657/tdata/temp_7907809976.session
[2026-02-19T22:32:34+08:00][info] 返回:{"status":true,"message":"发送完成，成功1个，失败0个[]","data":{"success":[{"group_id":3079998653,"group_link":"https:\/\/t.me\/+4azhFwWhx1czMzE0","type":"megagroup","message":"发送成功","message_id":14472}],"failed":[],"debug":["处理标识符: https:\/\/t.me\/+4azhFwWhx1czMzE0, 清理后: https:\/\/t.me\/+4azhFwWhx1czMzE0, 识别为链接: True, 识别为数字ID: False"],"warning":""},"api_address":"185.165.170.142:5098"}
[2026-02-19T22:32:34+08:00][info] 消息ID缓存成功: task_id=31, group_id=https://t.me/+4azhFwWhx1czMzE0, msg_index=1619, message_id=14472, send_user_id=1306
[2026-02-19T22:32:34+08:00][info] 消息状态标记为已发送: task_id=31, group_id=https://t.me/+4azhFwWhx1czMzE0, msg_index=1619
[2026-02-19T22:32:34+08:00][info] 任务 31 将在 80 秒后继续处理下一条消息，索引: 1620, 实例ID: task_31_index_1620_1771511554.9922
[2026-02-19T22:32:36+08:00][info] 返回:{"status":true,"message":"发送完成，成功1个，失败0个[]","data":{"success":[{"group_id":3799666589,"group_link":"https:\/\/t.me\/+IfyZ_OVthdI5YzNk","type":"megagroup","message":"发送成功","message_id":489}],"failed":[],"debug":["处理标识符: https:\/\/t.me\/+IfyZ_OVthdI5YzNk, 清理后: https:\/\/t.me\/+IfyZ_OVthdI5YzNk, 识别为链接: True, 识别为数字ID: False"],"warning":""},"api_address":"185.165.170.142:5031"}
[2026-02-19T22:32:36+08:00][info] 消息ID缓存成功: task_id=40, group_id=https://t.me/+IfyZ_OVthdI5YzNk, msg_index=336, message_id=489, send_user_id=3015
[2026-02-19T22:32:36+08:00][info] 消息状态标记为已发送: task_id=40, group_id=https://t.me/+IfyZ_OVthdI5YzNk, msg_index=336
[2026-02-19T22:32:36+08:00][info] 任务 40 将在 99 秒后继续处理下一条消息，索引: 337, 实例ID: task_40_index_337_1771511556.6705
[2026-02-19T22:32:36+08:00][info] 开始处理队列任务: task_id=29, current_index=1614
[2026-02-19T22:32:36+08:00][info] 消息缓存初始化完成: task_id=29, groups=https://t.me/+WZlsKfz1W89jYjE0
[2026-02-19T22:32:36+08:00][info] 任务 29 第 3 次循环，重置群组 https://t.me/+WZlsKfz1W89jYjE0 消息状态
[2026-02-19T22:32:37+08:00][info] 使用消息配置中指定的用户 2321 的 session_path/www/wwwroot/tdata.tgbota.top/public/uploads/admin/202601/6971e94ea480a/16095962724/tdata/temp_8000979247.session
[2026-02-19T22:32:40+08:00][info] 返回:{"status":true,"message":"发送完成，成功1个，失败0个[]","data":{"success":[{"group_id":3780502866,"group_link":"https:\/\/t.me\/+WZlsKfz1W89jYjE0","type":"megagroup","message":"发送成功","message_id":21708}],"failed":[],"debug":["处理标识符: https:\/\/t.me\/+WZlsKfz1W89jYjE0, 清理后: https:\/\/t.me\/+WZlsKfz1W89jYjE0, 识别为链接: True, 识别为数字ID: False","文件1有效: \/www\/wwwroot\/tdata.tgbota.top\/public\/uploads\/admin\/202512\/693ae4d3d3ad1.jpg (87512字节)","发送单个文件: \/www\/wwwroot\/tdata.tgbota.top\/public\/uploads\/admin\/202512\/693ae4d3d3ad1.jpg"],"warning":""},"api_address":"185.165.170.142:5056"}
[2026-02-19T22:32:40+08:00][info] 消息ID缓存成功: task_id=29, group_id=https://t.me/+WZlsKfz1W89jYjE0, msg_index=1614, message_id=21708, send_user_id=2321
[2026-02-19T22:32:40+08:00][info] 消息状态标记为已发送: task_id=29, group_id=https://t.me/+WZlsKfz1W89jYjE0, msg_index=1614
[2026-02-19T22:32:40+08:00][info] 任务 29 将在 88 秒后继续处理下一条消息，索引: 1615, 实例ID: task_29_index_1615_1771511560.6881
[2026-02-19T22:32:47+08:00][info] 开始处理队列任务: task_id=38, current_index=338
[2026-02-19T22:32:47+08:00][info] 使用当前发送用户 3153 的 session_path/www/wwwroot/tdata.tgbota.top/public/uploads/admin/202602/699625adf380f/14799958939/tdata/temp_8356454422.session
[2026-02-19T22:32:48+08:00][info] 开始处理队列任务: task_id=33, current_index=1486
[2026-02-19T22:32:48+08:00][info] 消息缓存初始化完成: task_id=33, groups=https://t.me/+wcqRUxDn6zczYmM0
[2026-02-19T22:32:48+08:00][info] 任务 33 第 2 次循环，重置群组 https://t.me/+wcqRUxDn6zczYmM0 消息状态
[2026-02-19T22:32:48+08:00][info] 使用feedbackType=1484的消息ID: 10066
[2026-02-19T22:32:48+08:00][info] 使用当前发送用户 2430 的 session_path/www/wwwroot/tdata.tgbota.top/public/uploads/admin/202602/69862ac4b6550/818014390605/tdata/temp_8368623564.session
[2026-02-19T22:32:49+08:00][info] 返回:{"status":true,"message":"发送完成，成功1个，失败0个[]","data":{"success":[{"group_id":3794396962,"group_link":"https:\/\/t.me\/+69dYKDni-wFmYWE0","type":"megagroup","message":"发送成功","message_id":490}],"failed":[],"debug":["处理标识符: https:\/\/t.me\/+69dYKDni-wFmYWE0, 清理后: https:\/\/t.me\/+69dYKDni-wFmYWE0, 识别为链接: True, 识别为数字ID: False"],"warning":""},"api_address":"185.165.170.142:5018"}
[2026-02-19T22:32:49+08:00][info] 消息ID缓存成功: task_id=38, group_id=https://t.me/+69dYKDni-wFmYWE0, msg_index=338, message_id=490, send_user_id=3153
[2026-02-19T22:32:49+08:00][info] 消息状态标记为已发送: task_id=38, group_id=https://t.me/+69dYKDni-wFmYWE0, msg_index=338
[2026-02-19T22:32:49+08:00][info] 任务 38 将在 82 秒后继续处理下一条消息，索引: 339, 实例ID: task_38_index_339_1771511569.592
[2026-02-19T22:32:50+08:00][info] 返回:{"status":true,"message":"发送完成，成功1个，失败0个[]","data":{"success":[{"group_id":3658905404,"group_link":"https:\/\/t.me\/+wcqRUxDn6zczYmM0","type":"megagroup","message":"发送成功","message_id":10069}],"failed":[],"debug":["处理标识符: https:\/\/t.me\/+wcqRUxDn6zczYmM0, 清理后: https:\/\/t.me\/+wcqRUxDn6zczYmM0, 识别为链接: True, 识别为数字ID: False"],"warning":""},"api_address":"185.165.170.142:5014"}
[2026-02-19T22:32:50+08:00][info] 消息ID缓存成功: task_id=33, group_id=https://t.me/+wcqRUxDn6zczYmM0, msg_index=1486, message_id=10069, send_user_id=2430
[2026-02-19T22:32:50+08:00][info] 消息状态标记为已发送: task_id=33, group_id=https://t.me/+wcqRUxDn6zczYmM0, msg_index=1486
[2026-02-19T22:32:50+08:00][info] 任务 33 将在 89 秒后继续处理下一条消息，索引: 1487, 实例ID: task_33_index_1487_1771511570.4795
[2026-02-19T22:33:02+08:00][info] 开始处理队列任务: task_id=27, current_index=1582
[2026-02-19T22:33:02+08:00][info] 消息缓存初始化完成: task_id=27, groups=https://t.me/+_XaTo9Qrv0VjOTM0
[2026-02-19T22:33:02+08:00][info] 任务 27 第 3 次循环，重置群组 https://t.me/+_XaTo9Qrv0VjOTM0 消息状态
[2026-02-19T22:33:02+08:00][info] 使用消息配置中指定的用户 2380 的 session_path/www/wwwroot/tdata.tgbota.top/public/uploads/admin/202601/6971e94ea480a/16074122882/tdata/temp_8414160354.session
[2026-02-19T22:33:03+08:00][info] 开始处理队列任务: task_id=36, current_index=1650
[2026-02-19T22:33:03+08:00][info] 消息缓存初始化完成: task_id=36, groups=https://t.me/+o12qlRNkdiViMjE0
[2026-02-19T22:33:03+08:00][info] 任务 36 第 3 次循环，重置群组 https://t.me/+o12qlRNkdiViMjE0 消息状态
[2026-02-19T22:33:04+08:00][info] 使用feedbackType=1649的消息ID: 10293
[2026-02-19T22:33:04+08:00][info] 使用当前发送用户 2417 的 session_path/www/wwwroot/tdata.tgbota.top/public/uploads/admin/202602/69862ac4b6550/817039604500/tdata/temp_8367348412.session
[2026-02-19T22:33:06+08:00][info] 返回:{"status":true,"message":"发送完成，成功1个，失败0个[]","data":{"success":[{"group_id":3479387283,"group_link":"https:\/\/t.me\/+o12qlRNkdiViMjE0","type":"megagroup","message":"发送成功","message_id":10295}],"failed":[],"debug":["处理标识符: https:\/\/t.me\/+o12qlRNkdiViMjE0, 清理后: https:\/\/t.me\/+o12qlRNkdiViMjE0, 识别为链接: True, 识别为数字ID: False"],"warning":""},"api_address":"185.165.170.142:5001"}
[2026-02-19T22:33:06+08:00][info] 消息ID缓存成功: task_id=36, group_id=https://t.me/+o12qlRNkdiViMjE0, msg_index=1650, message_id=10295, send_user_id=2417
[2026-02-19T22:33:06+08:00][info] 消息状态标记为已发送: task_id=36, group_id=https://t.me/+o12qlRNkdiViMjE0, msg_index=1650
[2026-02-19T22:33:06+08:00][info] 任务 36 将在 109 秒后继续处理下一条消息，索引: 1651, 实例ID: task_36_index_1651_1771511586.2627
[2026-02-19T22:33:06+08:00][info] 返回:{"status":true,"message":"发送完成，成功1个，失败0个[]","data":{"success":[{"group_id":3649225144,"group_link":"https:\/\/t.me\/+_XaTo9Qrv0VjOTM0","type":"megagroup","message":"发送成功","message_id":33196}],"failed":[],"debug":["处理标识符: https:\/\/t.me\/+_XaTo9Qrv0VjOTM0, 清理后: https:\/\/t.me\/+_XaTo9Qrv0VjOTM0, 识别为链接: True, 识别为数字ID: False","文件1有效: \/www\/wwwroot\/tdata.tgbota.top\/public\/uploads\/admin\/202512\/693ae46969ada.jpg (87512字节)","发送单个文件: \/www\/wwwroot\/tdata.tgbota.top\/public\/uploads\/admin\/202512\/693ae46969ada.jpg"],"warning":""},"api_address":"185.165.170.142:5115"}
[2026-02-19T22:33:06+08:00][info] 消息ID缓存成功: task_id=27, group_id=https://t.me/+_XaTo9Qrv0VjOTM0, msg_index=1582, message_id=33196, send_user_id=2380
[2026-02-19T22:33:06+08:00][info] 消息状态标记为已发送: task_id=27, group_id=https://t.me/+_XaTo9Qrv0VjOTM0, msg_index=1582
[2026-02-19T22:33:06+08:00][info] 任务 27 将在 60 秒后继续处理下一条消息，索引: 1583, 实例ID: task_27_index_1583_1771511586.3321
[2026-02-19T22:33:12+08:00][info] 开始处理队列任务: task_id=37, current_index=1686
[2026-02-19T22:33:12+08:00][info] 消息缓存初始化完成: task_id=37, groups=https://t.me/+DUAGbZI5vW41NWI8
[2026-02-19T22:33:12+08:00][info] 任务 37 第 3 次循环，重置群组 https://t.me/+DUAGbZI5vW41NWI8 消息状态
[2026-02-19T22:33:12+08:00][info] 使用消息配置中指定的用户 2460 的 session_path/www/wwwroot/tdata.tgbota.top/public/uploads/admin/202602/69862ac4b6550/818015751616/tdata/temp_8352123131.session
[2026-02-19T22:33:14+08:00][info] 返回:{"status":true,"message":"发送完成，成功1个，失败0个[]","data":{"success":[{"group_id":3732578862,"group_link":"https:\/\/t.me\/+DUAGbZI5vW41NWI8","type":"megagroup","message":"发送成功","message_id":8460}],"failed":[],"debug":["处理标识符: https:\/\/t.me\/+DUAGbZI5vW41NWI8, 清理后: https:\/\/t.me\/+DUAGbZI5vW41NWI8, 识别为链接: True, 识别为数字ID: False"],"warning":""},"api_address":"185.165.170.142:5044"}
[2026-02-19T22:33:14+08:00][info] 消息ID缓存成功: task_id=37, group_id=https://t.me/+DUAGbZI5vW41NWI8, msg_index=1686, message_id=8460, send_user_id=2460
[2026-02-19T22:33:14+08:00][info] 消息状态标记为已发送: task_id=37, group_id=https://t.me/+DUAGbZI5vW41NWI8, msg_index=1686
[2026-02-19T22:33:14+08:00][info] 任务 37 将在 81 秒后继续处理下一条消息，索引: 1687, 实例ID: task_37_index_1687_1771511594.3443
[2026-02-19T22:33:28+08:00][info] 开始处理队列任务: task_id=34, current_index=1487
[2026-02-19T22:33:28+08:00][info] 消息缓存初始化完成: task_id=34, groups=https://t.me/+CUyn8iqnQwEzNDY0
[2026-02-19T22:33:28+08:00][info] 任务 34 第 2 次循环，重置群组 https://t.me/+CUyn8iqnQwEzNDY0 消息状态
[2026-02-19T22:33:28+08:00][info] 使用当前发送用户 2429 的 session_path/www/wwwroot/tdata.tgbota.top/public/uploads/admin/202602/69862ac4b6550/818011908480/tdata/temp_8304318605.session
[2026-02-19T22:33:30+08:00][info] 返回:{"status":true,"message":"发送完成，成功1个，失败0个[]","data":{"success":[{"group_id":3719450736,"group_link":"https:\/\/t.me\/+CUyn8iqnQwEzNDY0","type":"megagroup","message":"发送成功","message_id":10231}],"failed":[],"debug":["处理标识符: https:\/\/t.me\/+CUyn8iqnQwEzNDY0, 清理后: https:\/\/t.me\/+CUyn8iqnQwEzNDY0, 识别为链接: True, 识别为数字ID: False"],"warning":""},"api_address":"185.165.170.142:5013"}
[2026-02-19T22:33:30+08:00][info] 消息ID缓存成功: task_id=34, group_id=https://t.me/+CUyn8iqnQwEzNDY0, msg_index=1487, message_id=10231, send_user_id=2429
[2026-02-19T22:33:30+08:00][info] 消息状态标记为已发送: task_id=34, group_id=https://t.me/+CUyn8iqnQwEzNDY0, msg_index=1487
[2026-02-19T22:33:30+08:00][info] 任务 34 将在 91 秒后继续处理下一条消息，索引: 1488, 实例ID: task_34_index_1488_1771511610.6892
[2026-02-19T22:33:34+08:00][info] 开始处理队列任务: task_id=25, current_index=1614
[2026-02-19T22:33:34+08:00][info] 消息缓存初始化完成: task_id=25, groups=https://t.me/+HZFEhfAwKjhmZDZk
[2026-02-19T22:33:34+08:00][info] 任务 25 第 3 次循环，重置群组 https://t.me/+HZFEhfAwKjhmZDZk 消息状态
[2026-02-19T22:33:34+08:00][info] 使用消息配置中指定的用户 2321 的 session_path/www/wwwroot/tdata.tgbota.top/public/uploads/admin/202601/6971e94ea480a/16095962724/tdata/temp_8000979247.session
[2026-02-19T22:33:38+08:00][info] 开始处理队列任务: task_id=39, current_index=338
[2026-02-19T22:33:38+08:00][info] 使用当前发送用户 3153 的 session_path/www/wwwroot/tdata.tgbota.top/public/uploads/admin/202602/699625adf380f/14799958939/tdata/temp_8356454422.session
[2026-02-19T22:33:39+08:00][info] 返回:{"status":true,"message":"发送完成，成功1个，失败0个[]","data":{"success":[{"group_id":3482989339,"group_link":"https:\/\/t.me\/+HZFEhfAwKjhmZDZk","type":"megagroup","message":"发送成功","message_id":30168}],"failed":[],"debug":["处理标识符: https:\/\/t.me\/+HZFEhfAwKjhmZDZk, 清理后: https:\/\/t.me\/+HZFEhfAwKjhmZDZk, 识别为链接: True, 识别为数字ID: False","文件1有效: \/www\/wwwroot\/tdata.tgbota.top\/public\/uploads\/admin\/202512\/693ae4d3d3ad1.jpg (87512字节)","发送单个文件: \/www\/wwwroot\/tdata.tgbota.top\/public\/uploads\/admin\/202512\/693ae4d3d3ad1.jpg"],"warning":""},"api_address":"185.165.170.142:5056"}
[2026-02-19T22:33:39+08:00][info] 消息ID缓存成功: task_id=25, group_id=https://t.me/+HZFEhfAwKjhmZDZk, msg_index=1614, message_id=30168, send_user_id=2321
[2026-02-19T22:33:39+08:00][info] 消息状态标记为已发送: task_id=25, group_id=https://t.me/+HZFEhfAwKjhmZDZk, msg_index=1614
[2026-02-19T22:33:39+08:00][info] 任务 25 将在 88 秒后继续处理下一条消息，索引: 1615, 实例ID: task_25_index_1615_1771511619.0617
[2026-02-19T22:33:40+08:00][info] 返回:{"status":true,"message":"发送完成，成功1个，失败0个[]","data":{"success":[{"group_id":3770869551,"group_link":"https:\/\/t.me\/+ZpSvBhFQCCEwMzdk","type":"megagroup","message":"发送成功","message_id":490}],"failed":[],"debug":["处理标识符: https:\/\/t.me\/+ZpSvBhFQCCEwMzdk, 清理后: https:\/\/t.me\/+ZpSvBhFQCCEwMzdk, 识别为链接: True, 识别为数字ID: False"],"warning":""},"api_address":"185.165.170.142:5018"}
[2026-02-19T22:33:40+08:00][info] 消息ID缓存成功: task_id=39, group_id=https://t.me/+ZpSvBhFQCCEwMzdk, msg_index=338, message_id=490, send_user_id=3153
[2026-02-19T22:33:40+08:00][info] 消息状态标记为已发送: task_id=39, group_id=https://t.me/+ZpSvBhFQCCEwMzdk, msg_index=338
[2026-02-19T22:33:40+08:00][info] 任务 39 将在 82 秒后继续处理下一条消息，索引: 339, 实例ID: task_39_index_339_1771511620.8927
[2026-02-19T22:33:44+08:00][info] 开始处理队列任务: task_id=35, current_index=1699
[2026-02-19T22:33:44+08:00][info] 消息缓存初始化完成: task_id=35, groups=https://t.me/+BrIuI_-gkNhhYTE0
[2026-02-19T22:33:44+08:00][info] 任务 35 第 3 次循环，重置群组 https://t.me/+BrIuI_-gkNhhYTE0 消息状态
[2026-02-19T22:33:44+08:00][info] 使用当前发送用户 2433 的 session_path/www/wwwroot/tdata.tgbota.top/public/uploads/admin/202602/69862ac4b6550/817039684559/tdata/temp_8407127233.session
[2026-02-19T22:33:46+08:00][info] 返回:{"status":true,"message":"发送完成，成功1个，失败0个[]","data":{"success":[{"group_id":3646934744,"group_link":"https:\/\/t.me\/+BrIuI_-gkNhhYTE0","type":"megagroup","message":"发送成功","message_id":10283}],"failed":[],"debug":["处理标识符: https:\/\/t.me\/+BrIuI_-gkNhhYTE0, 清理后: https:\/\/t.me\/+BrIuI_-gkNhhYTE0, 识别为链接: True, 识别为数字ID: False"],"warning":""},"api_address":"185.165.170.142:5017"}
[2026-02-19T22:33:46+08:00][info] 消息ID缓存成功: task_id=35, group_id=https://t.me/+BrIuI_-gkNhhYTE0, msg_index=1699, message_id=10283, send_user_id=2433
[2026-02-19T22:33:46+08:00][info] 消息状态标记为已发送: task_id=35, group_id=https://t.me/+BrIuI_-gkNhhYTE0, msg_index=1699
[2026-02-19T22:33:46+08:00][info] 任务 35 将在 76 秒后继续处理下一条消息，索引: 1700, 实例ID: task_35_index_1700_1771511626.5378
[2026-02-19T22:33:47+08:00][info] 开始处理队列任务: task_id=28, current_index=1619
[2026-02-19T22:33:48+08:00][info] 消息缓存初始化完成: task_id=28, groups=https://t.me/+Hg62NsrbOCZmZmY8
[2026-02-19T22:33:48+08:00][info] 任务 28 第 3 次循环，重置群组 https://t.me/+Hg62NsrbOCZmZmY8 消息状态
[2026-02-19T22:33:48+08:00][info] 使用当前发送用户 1306 的 session_path/www/wwwroot/tdata.tgbota.top/public/uploads/admin/202512/695387359e84b/8615211864541/tdata/temp_8070129982.session
[2026-02-19T22:33:50+08:00][info] 返回:{"status":true,"message":"发送完成，成功1个，失败0个[]","data":{"success":[{"group_id":3657218256,"group_link":"https:\/\/t.me\/+Hg62NsrbOCZmZmY8","type":"megagroup","message":"发送成功","message_id":21650}],"failed":[],"debug":["处理标识符: https:\/\/t.me\/+Hg62NsrbOCZmZmY8, 清理后: https:\/\/t.me\/+Hg62NsrbOCZmZmY8, 识别为链接: True, 识别为数字ID: False"],"warning":""},"api_address":"185.165.170.142:5098"}
[2026-02-19T22:33:50+08:00][info] 消息ID缓存成功: task_id=28, group_id=https://t.me/+Hg62NsrbOCZmZmY8, msg_index=1619, message_id=21650, send_user_id=1306
[2026-02-19T22:33:50+08:00][info] 消息状态标记为已发送: task_id=28, group_id=https://t.me/+Hg62NsrbOCZmZmY8, msg_index=1619
[2026-02-19T22:33:50+08:00][info] 任务 28 将在 80 秒后继续处理下一条消息，索引: 1620, 实例ID: task_28_index_1620_1771511630.4042
[2026-02-19T22:33:54+08:00][info] 开始处理队列任务: task_id=31, current_index=1620
[2026-02-19T22:33:54+08:00][info] 消息缓存初始化完成: task_id=31, groups=https://t.me/+4azhFwWhx1czMzE0
[2026-02-19T22:33:54+08:00][info] 任务 31 第 3 次循环，重置群组 https://t.me/+4azhFwWhx1czMzE0 消息状态
[2026-02-19T22:33:54+08:00][info] 使用消息配置中指定的用户 2329 的 session_path/www/wwwroot/tdata.tgbota.top/public/uploads/admin/202601/6971e94ea480a/16156946690/tdata/temp_8306595883.session
[2026-02-19T22:33:57+08:00][info] 返回:{"status":true,"message":"发送完成，成功1个，失败0个[]","data":{"success":[{"group_id":3079998653,"group_link":"https:\/\/t.me\/+4azhFwWhx1czMzE0","type":"megagroup","message":"发送成功","message_id":14473}],"failed":[],"debug":["处理标识符: https:\/\/t.me\/+4azhFwWhx1czMzE0, 清理后: https:\/\/t.me\/+4azhFwWhx1czMzE0, 识别为链接: True, 识别为数字ID: False"],"warning":""},"api_address":"185.165.170.142:5064"}
[2026-02-19T22:33:57+08:00][info] 消息ID缓存成功: task_id=31, group_id=https://t.me/+4azhFwWhx1czMzE0, msg_index=1620, message_id=14473, send_user_id=2329
[2026-02-19T22:33:57+08:00][info] 消息状态标记为已发送: task_id=31, group_id=https://t.me/+4azhFwWhx1czMzE0, msg_index=1620
[2026-02-19T22:33:57+08:00][info] 任务 31 将在 95 秒后继续处理下一条消息，索引: 1621, 实例ID: task_31_index_1621_1771511637.2027
[2026-02-19T22:34:06+08:00][info] 开始处理队列任务: task_id=27, current_index=1583
[2026-02-19T22:34:06+08:00][info] 消息缓存初始化完成: task_id=27, groups=https://t.me/+_XaTo9Qrv0VjOTM0
[2026-02-19T22:34:06+08:00][info] 任务 27 第 3 次循环，重置群组 https://t.me/+_XaTo9Qrv0VjOTM0 消息状态
[2026-02-19T22:34:06+08:00][info] 使用消息配置中指定的用户 2380 的 session_path/www/wwwroot/tdata.tgbota.top/public/uploads/admin/202601/6971e94ea480a/16074122882/tdata/temp_8414160354.session
[2026-02-19T22:34:08+08:00][info] 开始处理队列任务: task_id=29, current_index=1615
[2026-02-19T22:34:08+08:00][info] 消息缓存初始化完成: task_id=29, groups=https://t.me/+WZlsKfz1W89jYjE0
[2026-02-19T22:34:08+08:00][info] 任务 29 第 3 次循环，重置群组 https://t.me/+WZlsKfz1W89jYjE0 消息状态
[2026-02-19T22:34:08+08:00][info] 使用消息配置中指定的用户 2329 的 session_path/www/wwwroot/tdata.tgbota.top/public/uploads/admin/202601/6971e94ea480a/16156946690/tdata/temp_8306595883.session
[2026-02-19T22:34:08+08:00][info] 返回:{"status":true,"message":"发送完成，成功1个，失败0个[]","data":{"success":[{"group_id":3649225144,"group_link":"https:\/\/t.me\/+_XaTo9Qrv0VjOTM0","type":"megagroup","message":"发送成功","message_id":33197}],"failed":[],"debug":["处理标识符: https:\/\/t.me\/+_XaTo9Qrv0VjOTM0, 清理后: https:\/\/t.me\/+_XaTo9Qrv0VjOTM0, 识别为链接: True, 识别为数字ID: False"],"warning":""},"api_address":"185.165.170.142:5115"}
[2026-02-19T22:34:08+08:00][info] 消息ID缓存成功: task_id=27, group_id=https://t.me/+_XaTo9Qrv0VjOTM0, msg_index=1583, message_id=33197, send_user_id=2380
[2026-02-19T22:34:08+08:00][info] 消息状态标记为已发送: task_id=27, group_id=https://t.me/+_XaTo9Qrv0VjOTM0, msg_index=1583
[2026-02-19T22:34:08+08:00][info] 任务 27 将在 98 秒后继续处理下一条消息，索引: 1584, 实例ID: task_27_index_1584_1771511648.9886
[2026-02-19T22:34:11+08:00][info] 返回:{"status":true,"message":"发送完成，成功1个，失败0个[]","data":{"success":[{"group_id":3780502866,"group_link":"https:\/\/t.me\/+WZlsKfz1W89jYjE0","type":"megagroup","message":"发送成功","message_id":21709}],"failed":[],"debug":["处理标识符: https:\/\/t.me\/+WZlsKfz1W89jYjE0, 清理后: https:\/\/t.me\/+WZlsKfz1W89jYjE0, 识别为链接: True, 识别为数字ID: False"],"warning":""},"api_address":"185.165.170.142:5064"}
[2026-02-19T22:34:11+08:00][info] 消息ID缓存成功: task_id=29, group_id=https://t.me/+WZlsKfz1W89jYjE0, msg_index=1615, message_id=21709, send_user_id=2329
[2026-02-19T22:34:11+08:00][info] 消息状态标记为已发送: task_id=29, group_id=https://t.me/+WZlsKfz1W89jYjE0, msg_index=1615
[2026-02-19T22:34:11+08:00][info] 任务 29 将在 108 秒后继续处理下一条消息，索引: 1616, 实例ID: task_29_index_1616_1771511651.2343
[2026-02-19T22:34:11+08:00][info] 开始处理队列任务: task_id=38, current_index=339
[2026-02-19T22:34:11+08:00][info] 从数据库获取用户 3147 的 session_path
[2026-02-19T22:34:13+08:00][info] 返回:{"status":true,"message":"发送完成，成功1个，失败0个[]","data":{"success":[{"group_id":3794396962,"group_link":"https:\/\/t.me\/+69dYKDni-wFmYWE0","type":"megagroup","message":"发送成功","message_id":491}],"failed":[],"debug":["处理标识符: https:\/\/t.me\/+69dYKDni-wFmYWE0, 清理后: https:\/\/t.me\/+69dYKDni-wFmYWE0, 识别为链接: True, 识别为数字ID: False"],"warning":""},"api_address":"185.165.170.142:5012"}
[2026-02-19T22:34:13+08:00][info] 消息ID缓存成功: task_id=38, group_id=https://t.me/+69dYKDni-wFmYWE0, msg_index=339, message_id=491, send_user_id=3147
[2026-02-19T22:34:13+08:00][info] 消息状态标记为已发送: task_id=38, group_id=https://t.me/+69dYKDni-wFmYWE0, msg_index=339
[2026-02-19T22:34:13+08:00][info] 任务 38 将在 88 秒后继续处理下一条消息，索引: 340, 实例ID: task_38_index_340_1771511653.8815
[2026-02-19T22:34:15+08:00][info] 开始处理队列任务: task_id=40, current_index=337
[2026-02-19T22:34:15+08:00][info] 使用消息配置中指定的用户 3159 的 session_path/www/wwwroot/tdata.tgbota.top/public/uploads/admin/202602/699625adf380f/14708738651/tdata/temp_8520822693.session
[2026-02-19T22:34:17+08:00][info] 返回:{"status":true,"message":"发送完成，成功1个，失败0个[]","data":{"success":[{"group_id":3799666589,"group_link":"https:\/\/t.me\/+IfyZ_OVthdI5YzNk","type":"megagroup","message":"发送成功","message_id":490}],"failed":[],"debug":["处理标识符: https:\/\/t.me\/+IfyZ_OVthdI5YzNk, 清理后: https:\/\/t.me\/+IfyZ_OVthdI5YzNk, 识别为链接: True, 识别为数字ID: False"],"warning":""},"api_address":"185.165.170.142:5024"}
[2026-02-19T22:34:17+08:00][info] 消息ID缓存成功: task_id=40, group_id=https://t.me/+IfyZ_OVthdI5YzNk, msg_index=337, message_id=490, send_user_id=3159
[2026-02-19T22:34:17+08:00][info] 消息状态标记为已发送: task_id=40, group_id=https://t.me/+IfyZ_OVthdI5YzNk, msg_index=337
[2026-02-19T22:34:17+08:00][info] 任务 40 将在 87 秒后继续处理下一条消息，索引: 338, 实例ID: task_40_index_338_1771511657.6872
[2026-02-19T22:34:19+08:00][info] 开始处理队列任务: task_id=33, current_index=1487
[2026-02-19T22:34:19+08:00][info] 消息缓存初始化完成: task_id=33, groups=https://t.me/+wcqRUxDn6zczYmM0
[2026-02-19T22:34:19+08:00][info] 任务 33 第 2 次循环，重置群组 https://t.me/+wcqRUxDn6zczYmM0 消息状态
[2026-02-19T22:34:19+08:00][info] 使用当前发送用户 2429 的 session_path/www/wwwroot/tdata.tgbota.top/public/uploads/admin/202602/69862ac4b6550/818011908480/tdata/temp_8304318605.session
[2026-02-19T22:34:21+08:00][info] 返回:{"status":true,"message":"发送完成，成功1个，失败0个[]","data":{"success":[{"group_id":3658905404,"group_link":"https:\/\/t.me\/+wcqRUxDn6zczYmM0","type":"megagroup","message":"发送成功","message_id":10070}],"failed":[],"debug":["处理标识符: https:\/\/t.me\/+wcqRUxDn6zczYmM0, 清理后: https:\/\/t.me\/+wcqRUxDn6zczYmM0, 识别为链接: True, 识别为数字ID: False"],"warning":""},"api_address":"185.165.170.142:5013"}
[2026-02-19T22:34:21+08:00][info] 消息ID缓存成功: task_id=33, group_id=https://t.me/+wcqRUxDn6zczYmM0, msg_index=1487, message_id=10070, send_user_id=2429
[2026-02-19T22:34:21+08:00][info] 消息状态标记为已发送: task_id=33, group_id=https://t.me/+wcqRUxDn6zczYmM0, msg_index=1487
[2026-02-19T22:34:21+08:00][info] 任务 33 将在 91 秒后继续处理下一条消息，索引: 1488, 实例ID: task_33_index_1488_1771511661.5374
[2026-02-19T22:34:35+08:00][info] 开始处理队列任务: task_id=37, current_index=1687
[2026-02-19T22:34:35+08:00][info] 消息缓存初始化完成: task_id=37, groups=https://t.me/+DUAGbZI5vW41NWI8
[2026-02-19T22:34:35+08:00][info] 任务 37 第 3 次循环，重置群组 https://t.me/+DUAGbZI5vW41NWI8 消息状态
[2026-02-19T22:34:36+08:00][info] 使用feedbackType=1687的消息ID: 8460
[2026-02-19T22:34:36+08:00][info] 从数据库获取用户 2453 的 session_path
[2026-02-19T22:34:37+08:00][info] 返回:{"status":true,"message":"发送完成，成功1个，失败0个[]","data":{"success":[{"group_id":3732578862,"group_link":"https:\/\/t.me\/+DUAGbZI5vW41NWI8","type":"megagroup","message":"发送成功","message_id":8461}],"failed":[],"debug":["处理标识符: https:\/\/t.me\/+DUAGbZI5vW41NWI8, 清理后: https:\/\/t.me\/+DUAGbZI5vW41NWI8, 识别为链接: True, 识别为数字ID: False"],"warning":""},"api_address":"185.165.170.142:5037"}
[2026-02-19T22:34:38+08:00][info] 消息ID缓存成功: task_id=37, group_id=https://t.me/+DUAGbZI5vW41NWI8, msg_index=1687, message_id=8461, send_user_id=2453
[2026-02-19T22:34:38+08:00][info] 消息状态标记为已发送: task_id=37, group_id=https://t.me/+DUAGbZI5vW41NWI8, msg_index=1687
[2026-02-19T22:34:38+08:00][info] 任务 37 将在 100 秒后继续处理下一条消息，索引: 1688, 实例ID: task_37_index_1688_1771511678.0339
[2026-02-19T22:34:55+08:00][info] 开始处理队列任务: task_id=36, current_index=1651
[2026-02-19T22:34:56+08:00][info] 消息缓存初始化完成: task_id=36, groups=https://t.me/+o12qlRNkdiViMjE0
[2026-02-19T22:34:56+08:00][info] 任务 36 第 3 次循环，重置群组 https://t.me/+o12qlRNkdiViMjE0 消息状态
[2026-02-19T22:34:56+08:00][info] 使用当前发送用户 2428 的 session_path/www/wwwroot/tdata.tgbota.top/public/uploads/admin/202602/69862ac4b6550/818010988368/tdata/temp_8297606235.session
[2026-02-19T22:34:58+08:00][info] 返回:{"status":true,"message":"发送完成，成功1个，失败0个[]","data":{"success":[{"group_id":3479387283,"group_link":"https:\/\/t.me\/+o12qlRNkdiViMjE0","type":"megagroup","message":"发送成功","message_id":10296}],"failed":[],"debug":["处理标识符: https:\/\/t.me\/+o12qlRNkdiViMjE0, 清理后: https:\/\/t.me\/+o12qlRNkdiViMjE0, 识别为链接: True, 识别为数字ID: False"],"warning":""},"api_address":"185.165.170.142:5012"}
[2026-02-19T22:34:58+08:00][info] 消息ID缓存成功: task_id=36, group_id=https://t.me/+o12qlRNkdiViMjE0, msg_index=1651, message_id=10296, send_user_id=2428
[2026-02-19T22:34:58+08:00][info] 消息状态标记为已发送: task_id=36, group_id=https://t.me/+o12qlRNkdiViMjE0, msg_index=1651
[2026-02-19T22:34:58+08:00][info] 任务 36 将在 90 秒后继续处理下一条消息，索引: 1652, 实例ID: task_36_index_1652_1771511698.1011
[2026-02-19T22:35:01+08:00][info] 开始处理队列任务: task_id=34, current_index=1488
[2026-02-19T22:35:01+08:00][info] 消息缓存初始化完成: task_id=34, groups=https://t.me/+CUyn8iqnQwEzNDY0
[2026-02-19T22:35:01+08:00][info] 任务 34 第 2 次循环，重置群组 https://t.me/+CUyn8iqnQwEzNDY0 消息状态
[2026-02-19T22:35:01+08:00][info] 使用当前发送用户 2428 的 session_path/www/wwwroot/tdata.tgbota.top/public/uploads/admin/202602/69862ac4b6550/818010988368/tdata/temp_8297606235.session
[2026-02-19T22:35:02+08:00][info] 开始处理队列任务: task_id=35, current_index=1700
[2026-02-19T22:35:02+08:00][info] 消息缓存初始化完成: task_id=35, groups=https://t.me/+BrIuI_-gkNhhYTE0
[2026-02-19T22:35:02+08:00][info] 任务 35 第 3 次循环，重置群组 https://t.me/+BrIuI_-gkNhhYTE0 消息状态
[2026-02-19T22:35:02+08:00][info] 使用消息配置中指定的用户 2494 的 session_path/www/wwwroot/tdata.tgbota.top/public/uploads/admin/202602/69862ac4b6550/818015259108/tdata/temp_8419390491.session
[2026-02-19T22:35:02+08:00][info] 开始处理队列任务: task_id=39, current_index=339
[2026-02-19T22:35:02+08:00][info] 使用消息配置中指定的用户 3147 的 session_path/www/wwwroot/tdata.tgbota.top/public/uploads/admin/202602/699625adf380f/14634226558/tdata/temp_8551415260.session
[2026-02-19T22:35:03+08:00][info] 返回:{"status":true,"message":"发送完成，成功1个，失败0个[]","data":{"success":[{"group_id":3719450736,"group_link":"https:\/\/t.me\/+CUyn8iqnQwEzNDY0","type":"megagroup","message":"发送成功","message_id":10232}],"failed":[],"debug":["处理标识符: https:\/\/t.me\/+CUyn8iqnQwEzNDY0, 清理后: https:\/\/t.me\/+CUyn8iqnQwEzNDY0, 识别为链接: True, 识别为数字ID: False"],"warning":""},"api_address":"185.165.170.142:5012"}
[2026-02-19T22:35:03+08:00][info] 消息ID缓存成功: task_id=34, group_id=https://t.me/+CUyn8iqnQwEzNDY0, msg_index=1488, message_id=10232, send_user_id=2428
[2026-02-19T22:35:03+08:00][info] 消息状态标记为已发送: task_id=34, group_id=https://t.me/+CUyn8iqnQwEzNDY0, msg_index=1488
[2026-02-19T22:35:03+08:00][info] 任务 34 将在 100 秒后继续处理下一条消息，索引: 1489, 实例ID: task_34_index_1489_1771511703.5948
[2026-02-19T22:35:04+08:00][info] 返回:{"status":true,"message":"发送完成，成功1个，失败0个[]","data":{"success":[{"group_id":3646934744,"group_link":"https:\/\/t.me\/+BrIuI_-gkNhhYTE0","type":"megagroup","message":"发送成功","message_id":10284}],"failed":[],"debug":["处理标识符: https:\/\/t.me\/+BrIuI_-gkNhhYTE0, 清理后: https:\/\/t.me\/+BrIuI_-gkNhhYTE0, 识别为链接: True, 识别为数字ID: False"],"warning":""},"api_address":"185.165.170.142:5078"}
[2026-02-19T22:35:04+08:00][info] 消息ID缓存成功: task_id=35, group_id=https://t.me/+BrIuI_-gkNhhYTE0, msg_index=1700, message_id=10284, send_user_id=2494
[2026-02-19T22:35:04+08:00][info] 消息状态标记为已发送: task_id=35, group_id=https://t.me/+BrIuI_-gkNhhYTE0, msg_index=1700
[2026-02-19T22:35:04+08:00][info] 任务 35 将在 107 秒后继续处理下一条消息，索引: 1701, 实例ID: task_35_index_1701_1771511704.9448
[2026-02-19T22:35:05+08:00][info] 返回:{"status":true,"message":"发送完成，成功1个，失败0个[]","data":{"success":[{"group_id":3770869551,"group_link":"https:\/\/t.me\/+ZpSvBhFQCCEwMzdk","type":"megagroup","message":"发送成功","message_id":491}],"failed":[],"debug":["处理标识符: https:\/\/t.me\/+ZpSvBhFQCCEwMzdk, 清理后: https:\/\/t.me\/+ZpSvBhFQCCEwMzdk, 识别为链接: True, 识别为数字ID: False"],"warning":""},"api_address":"185.165.170.142:5012"}
[2026-02-19T22:35:05+08:00][info] 消息ID缓存成功: task_id=39, group_id=https://t.me/+ZpSvBhFQCCEwMzdk, msg_index=339, message_id=491, send_user_id=3147
[2026-02-19T22:35:05+08:00][info] 消息状态标记为已发送: task_id=39, group_id=https://t.me/+ZpSvBhFQCCEwMzdk, msg_index=339
[2026-02-19T22:35:05+08:00][info] 任务 39 将在 88 秒后继续处理下一条消息，索引: 340, 实例ID: task_39_index_340_1771511705.4221
[2026-02-19T22:35:07+08:00][info] 开始处理队列任务: task_id=25, current_index=1615
[2026-02-19T22:35:08+08:00][info] 消息缓存初始化完成: task_id=25, groups=https://t.me/+HZFEhfAwKjhmZDZk
[2026-02-19T22:35:08+08:00][info] 任务 25 第 3 次循环，重置群组 https://t.me/+HZFEhfAwKjhmZDZk 消息状态
[2026-02-19T22:35:08+08:00][info] 使用消息配置中指定的用户 2329 的 session_path/www/wwwroot/tdata.tgbota.top/public/uploads/admin/202601/6971e94ea480a/16156946690/tdata/temp_8306595883.session
[2026-02-19T22:35:10+08:00][info] 返回:{"status":true,"message":"发送完成，成功1个，失败0个[]","data":{"success":[{"group_id":3482989339,"group_link":"https:\/\/t.me\/+HZFEhfAwKjhmZDZk","type":"megagroup","message":"发送成功","message_id":30169}],"failed":[],"debug":["处理标识符: https:\/\/t.me\/+HZFEhfAwKjhmZDZk, 清理后: https:\/\/t.me\/+HZFEhfAwKjhmZDZk, 识别为链接: True, 识别为数字ID: False"],"warning":""},"api_address":"185.165.170.142:5064"}
[2026-02-19T22:35:10+08:00][info] 消息ID缓存成功: task_id=25, group_id=https://t.me/+HZFEhfAwKjhmZDZk, msg_index=1615, message_id=30169, send_user_id=2329
[2026-02-19T22:35:10+08:00][info] 消息状态标记为已发送: task_id=25, group_id=https://t.me/+HZFEhfAwKjhmZDZk, msg_index=1615
[2026-02-19T22:35:10+08:00][info] 任务 25 将在 108 秒后继续处理下一条消息，索引: 1616, 实例ID: task_25_index_1616_1771511710.6462
[2026-02-19T22:35:10+08:00][info] 开始处理队列任务: task_id=28, current_index=1620
[2026-02-19T22:35:11+08:00][info] 消息缓存初始化完成: task_id=28, groups=https://t.me/+Hg62NsrbOCZmZmY8
[2026-02-19T22:35:11+08:00][info] 任务 28 第 3 次循环，重置群组 https://t.me/+Hg62NsrbOCZmZmY8 消息状态
[2026-02-19T22:35:11+08:00][info] 使用消息配置中指定的用户 2329 的 session_path/www/wwwroot/tdata.tgbota.top/public/uploads/admin/202601/6971e94ea480a/16156946690/tdata/temp_8306595883.session
[2026-02-19T22:35:13+08:00][info] 返回:{"status":true,"message":"发送完成，成功1个，失败0个[]","data":{"success":[{"group_id":3657218256,"group_link":"https:\/\/t.me\/+Hg62NsrbOCZmZmY8","type":"megagroup","message":"发送成功","message_id":21651}],"failed":[],"debug":["处理标识符: https:\/\/t.me\/+Hg62NsrbOCZmZmY8, 清理后: https:\/\/t.me\/+Hg62NsrbOCZmZmY8, 识别为链接: True, 识别为数字ID: False"],"warning":""},"api_address":"185.165.170.142:5064"}
[2026-02-19T22:35:13+08:00][info] 消息ID缓存成功: task_id=28, group_id=https://t.me/+Hg62NsrbOCZmZmY8, msg_index=1620, message_id=21651, send_user_id=2329
[2026-02-19T22:35:13+08:00][info] 消息状态标记为已发送: task_id=28, group_id=https://t.me/+Hg62NsrbOCZmZmY8, msg_index=1620
[2026-02-19T22:35:13+08:00][info] 任务 28 将在 95 秒后继续处理下一条消息，索引: 1621, 实例ID: task_28_index_1621_1771511713.6293
[2026-02-19T22:35:32+08:00][info] 开始处理队列任务: task_id=31, current_index=1621
[2026-02-19T22:35:32+08:00][info] 消息缓存初始化完成: task_id=31, groups=https://t.me/+4azhFwWhx1czMzE0
[2026-02-19T22:35:32+08:00][info] 任务 31 第 3 次循环，重置群组 https://t.me/+4azhFwWhx1czMzE0 消息状态
[2026-02-19T22:35:32+08:00][info] 从数据库获取用户 2381 的 session_path
[2026-02-19T22:35:34+08:00][info] 返回:{"status":true,"message":"发送完成，成功1个，失败0个[]","data":{"success":[{"group_id":3079998653,"group_link":"https:\/\/t.me\/+4azhFwWhx1czMzE0","type":"megagroup","message":"发送成功","message_id":14474}],"failed":[],"debug":["处理标识符: https:\/\/t.me\/+4azhFwWhx1czMzE0, 清理后: https:\/\/t.me\/+4azhFwWhx1czMzE0, 识别为链接: True, 识别为数字ID: False"],"warning":""},"api_address":"185.165.170.142:5116"}
[2026-02-19T22:35:34+08:00][info] 消息ID缓存成功: task_id=31, group_id=https://t.me/+4azhFwWhx1czMzE0, msg_index=1621, message_id=14474, send_user_id=2381
[2026-02-19T22:35:34+08:00][info] 消息状态标记为已发送: task_id=31, group_id=https://t.me/+4azhFwWhx1czMzE0, msg_index=1621
[2026-02-19T22:35:34+08:00][info] 任务 31 将在 87 秒后继续处理下一条消息，索引: 1622, 实例ID: task_31_index_1622_1771511734.7392
[2026-02-19T22:35:41+08:00][info] 开始处理队列任务: task_id=38, current_index=340
[2026-02-19T22:35:41+08:00][info] 使用消息配置中指定的用户 3141 的 session_path/www/wwwroot/tdata.tgbota.top/public/uploads/admin/202602/699625adf380f/14709885506/tdata/temp_8208419177.session
[2026-02-19T22:35:43+08:00][info] 返回:{"status":true,"message":"发送完成，成功1个，失败0个[]","data":{"success":[{"group_id":3794396962,"group_link":"https:\/\/t.me\/+69dYKDni-wFmYWE0","type":"megagroup","message":"发送成功","message_id":492}],"failed":[],"debug":["处理标识符: https:\/\/t.me\/+69dYKDni-wFmYWE0, 清理后: https:\/\/t.me\/+69dYKDni-wFmYWE0, 识别为链接: True, 识别为数字ID: False"],"warning":""},"api_address":"185.165.170.142:5006"}
[2026-02-19T22:35:43+08:00][info] 消息ID缓存成功: task_id=38, group_id=https://t.me/+69dYKDni-wFmYWE0, msg_index=340, message_id=492, send_user_id=3141
[2026-02-19T22:35:43+08:00][info] 消息状态标记为已发送: task_id=38, group_id=https://t.me/+69dYKDni-wFmYWE0, msg_index=340
[2026-02-19T22:35:43+08:00][info] 任务 38 将在 89 秒后继续处理下一条消息，索引: 341, 实例ID: task_38_index_341_1771511743.9812
[2026-02-19T22:35:44+08:00][info] 开始处理队列任务: task_id=40, current_index=338
[2026-02-19T22:35:44+08:00][info] 使用当前发送用户 3153 的 session_path/www/wwwroot/tdata.tgbota.top/public/uploads/admin/202602/699625adf380f/14799958939/tdata/temp_8356454422.session
[2026-02-19T22:35:46+08:00][info] 返回:{"status":true,"message":"发送完成，成功1个，失败0个[]","data":{"success":[{"group_id":3799666589,"group_link":"https:\/\/t.me\/+IfyZ_OVthdI5YzNk","type":"megagroup","message":"发送成功","message_id":491}],"failed":[],"debug":["处理标识符: https:\/\/t.me\/+IfyZ_OVthdI5YzNk, 清理后: https:\/\/t.me\/+IfyZ_OVthdI5YzNk, 识别为链接: True, 识别为数字ID: False"],"warning":""},"api_address":"185.165.170.142:5018"}
[2026-02-19T22:35:46+08:00][info] 消息ID缓存成功: task_id=40, group_id=https://t.me/+IfyZ_OVthdI5YzNk, msg_index=338, message_id=491, send_user_id=3153
[2026-02-19T22:35:46+08:00][info] 消息状态标记为已发送: task_id=40, group_id=https://t.me/+IfyZ_OVthdI5YzNk, msg_index=338
[2026-02-19T22:35:46+08:00][info] 任务 40 将在 82 秒后继续处理下一条消息，索引: 339, 实例ID: task_40_index_339_1771511746.5319
[2026-02-19T22:35:46+08:00][info] 开始处理队列任务: task_id=27, current_index=1584
[2026-02-19T22:35:46+08:00][info] 消息缓存初始化完成: task_id=27, groups=https://t.me/+_XaTo9Qrv0VjOTM0
[2026-02-19T22:35:46+08:00][info] 任务 27 第 3 次循环，重置群组 https://t.me/+_XaTo9Qrv0VjOTM0 消息状态
[2026-02-19T22:35:46+08:00][info] 使用消息配置中指定的用户 2373 的 session_path/www/wwwroot/tdata.tgbota.top/public/uploads/admin/202601/6971e94ea480a/16079468152/tdata/temp_8287346283.session
[2026-02-19T22:35:49+08:00][info] 返回:{"status":true,"message":"发送完成，成功1个，失败0个[]","data":{"success":[{"group_id":3649225144,"group_link":"https:\/\/t.me\/+_XaTo9Qrv0VjOTM0","type":"megagroup","message":"发送成功","message_id":33198}],"failed":[],"debug":["处理标识符: https:\/\/t.me\/+_XaTo9Qrv0VjOTM0, 清理后: https:\/\/t.me\/+_XaTo9Qrv0VjOTM0, 识别为链接: True, 识别为数字ID: False"],"warning":""},"api_address":"185.165.170.142:5108"}
[2026-02-19T22:35:49+08:00][info] 消息ID缓存成功: task_id=27, group_id=https://t.me/+_XaTo9Qrv0VjOTM0, msg_index=1584, message_id=33198, send_user_id=2373
[2026-02-19T22:35:49+08:00][info] 消息状态标记为已发送: task_id=27, group_id=https://t.me/+_XaTo9Qrv0VjOTM0, msg_index=1584
[2026-02-19T22:35:49+08:00][info] 任务 27 将在 76 秒后继续处理下一条消息，索引: 1585, 实例ID: task_27_index_1585_1771511749.4317
[2026-02-19T22:35:52+08:00][info] 开始处理队列任务: task_id=33, current_index=1488
[2026-02-19T22:35:52+08:00][info] 消息缓存初始化完成: task_id=33, groups=https://t.me/+wcqRUxDn6zczYmM0
[2026-02-19T22:35:52+08:00][info] 任务 33 第 2 次循环，重置群组 https://t.me/+wcqRUxDn6zczYmM0 消息状态
[2026-02-19T22:35:52+08:00][info] 使用当前发送用户 2428 的 session_path/www/wwwroot/tdata.tgbota.top/public/uploads/admin/202602/69862ac4b6550/818010988368/tdata/temp_8297606235.session
[2026-02-19T22:35:54+08:00][info] 返回:{"status":true,"message":"发送完成，成功1个，失败0个[]","data":{"success":[{"group_id":3658905404,"group_link":"https:\/\/t.me\/+wcqRUxDn6zczYmM0","type":"megagroup","message":"发送成功","message_id":10071}],"failed":[],"debug":["处理标识符: https:\/\/t.me\/+wcqRUxDn6zczYmM0, 清理后: https:\/\/t.me\/+wcqRUxDn6zczYmM0, 识别为链接: True, 识别为数字ID: False"],"warning":""},"api_address":"185.165.170.142:5012"}
[2026-02-19T22:35:54+08:00][info] 消息ID缓存成功: task_id=33, group_id=https://t.me/+wcqRUxDn6zczYmM0, msg_index=1488, message_id=10071, send_user_id=2428
[2026-02-19T22:35:54+08:00][info] 消息状态标记为已发送: task_id=33, group_id=https://t.me/+wcqRUxDn6zczYmM0, msg_index=1488
[2026-02-19T22:35:54+08:00][info] 任务 33 将在 100 秒后继续处理下一条消息，索引: 1489, 实例ID: task_33_index_1489_1771511754.4227
[2026-02-19T22:35:59+08:00][info] 开始处理队列任务: task_id=29, current_index=1616
[2026-02-19T22:35:59+08:00][info] 消息缓存初始化完成: task_id=29, groups=https://t.me/+WZlsKfz1W89jYjE0
[2026-02-19T22:35:59+08:00][info] 任务 29 第 3 次循环，重置群组 https://t.me/+WZlsKfz1W89jYjE0 消息状态
[2026-02-19T22:35:59+08:00][info] 使用消息配置中指定的用户 2329 的 session_path/www/wwwroot/tdata.tgbota.top/public/uploads/admin/202601/6971e94ea480a/16156946690/tdata/temp_8306595883.session
[2026-02-19T22:36:01+08:00][info] 返回:{"status":true,"message":"发送完成，成功1个，失败0个[]","data":{"success":[{"group_id":3780502866,"group_link":"https:\/\/t.me\/+WZlsKfz1W89jYjE0","type":"megagroup","message":"发送成功","message_id":21710}],"failed":[],"debug":["处理标识符: https:\/\/t.me\/+WZlsKfz1W89jYjE0, 清理后: https:\/\/t.me\/+WZlsKfz1W89jYjE0, 识别为链接: True, 识别为数字ID: False"],"warning":""},"api_address":"185.165.170.142:5064"}
[2026-02-19T22:36:01+08:00][info] 消息ID缓存成功: task_id=29, group_id=https://t.me/+WZlsKfz1W89jYjE0, msg_index=1616, message_id=21710, send_user_id=2329
[2026-02-19T22:36:01+08:00][info] 消息状态标记为已发送: task_id=29, group_id=https://t.me/+WZlsKfz1W89jYjE0, msg_index=1616
[2026-02-19T22:36:02+08:00][info] 任务 29 将在 110 秒后继续处理下一条消息，索引: 1617, 实例ID: task_29_index_1617_1771511762.0024
[2026-02-19T22:36:18+08:00][info] 开始处理队列任务: task_id=37, current_index=1688
[2026-02-19T22:36:18+08:00][info] 消息缓存初始化完成: task_id=37, groups=https://t.me/+DUAGbZI5vW41NWI8
[2026-02-19T22:36:18+08:00][info] 任务 37 第 3 次循环，重置群组 https://t.me/+DUAGbZI5vW41NWI8 消息状态
[2026-02-19T22:36:18+08:00][info] 使用消息配置中指定的用户 2446 的 session_path/www/wwwroot/tdata.tgbota.top/public/uploads/admin/202602/69862ac4b6550/817041410104/tdata/temp_8445594347.session
[2026-02-19T22:36:20+08:00][info] 返回:{"status":true,"message":"发送完成，成功1个，失败0个[]","data":{"success":[{"group_id":3732578862,"group_link":"https:\/\/t.me\/+DUAGbZI5vW41NWI8","type":"megagroup","message":"发送成功","message_id":8462}],"failed":[],"debug":["处理标识符: https:\/\/t.me\/+DUAGbZI5vW41NWI8, 清理后: https:\/\/t.me\/+DUAGbZI5vW41NWI8, 识别为链接: True, 识别为数字ID: False"],"warning":""},"api_address":"185.165.170.142:5030"}
[2026-02-19T22:36:20+08:00][info] 消息ID缓存成功: task_id=37, group_id=https://t.me/+DUAGbZI5vW41NWI8, msg_index=1688, message_id=8462, send_user_id=2446
[2026-02-19T22:36:20+08:00][info] 消息状态标记为已发送: task_id=37, group_id=https://t.me/+DUAGbZI5vW41NWI8, msg_index=1688
[2026-02-19T22:36:20+08:00][info] 任务 37 将在 85 秒后继续处理下一条消息，索引: 1689, 实例ID: task_37_index_1689_1771511780.1219
[2026-02-19T22:36:28+08:00][info] 开始处理队列任务: task_id=36, current_index=1652
[2026-02-19T22:36:28+08:00][info] 消息缓存初始化完成: task_id=36, groups=https://t.me/+o12qlRNkdiViMjE0
[2026-02-19T22:36:28+08:00][info] 任务 36 第 3 次循环，重置群组 https://t.me/+o12qlRNkdiViMjE0 消息状态
[2026-02-19T22:36:28+08:00][info] 使用当前发送用户 2508 的 session_path/www/wwwroot/tdata.tgbota.top/public/uploads/admin/202602/69862ac4b6550/818014391182/tdata/temp_8311875735.session
[2026-02-19T22:36:30+08:00][info] 返回:{"status":true,"message":"发送完成，成功1个，失败0个[]","data":{"success":[{"group_id":3479387283,"group_link":"https:\/\/t.me\/+o12qlRNkdiViMjE0","type":"megagroup","message":"发送成功","message_id":10297}],"failed":[],"debug":["处理标识符: https:\/\/t.me\/+o12qlRNkdiViMjE0, 清理后: https:\/\/t.me\/+o12qlRNkdiViMjE0, 识别为链接: True, 识别为数字ID: False"],"warning":""},"api_address":"185.165.170.142:5092"}
[2026-02-19T22:36:30+08:00][info] 消息ID缓存成功: task_id=36, group_id=https://t.me/+o12qlRNkdiViMjE0, msg_index=1652, message_id=10297, send_user_id=2508
[2026-02-19T22:36:30+08:00][info] 消息状态标记为已发送: task_id=36, group_id=https://t.me/+o12qlRNkdiViMjE0, msg_index=1652
[2026-02-19T22:36:30+08:00][info] 任务 36 将在 95 秒后继续处理下一条消息，索引: 1653, 实例ID: task_36_index_1653_1771511790.5959
[2026-02-19T22:36:33+08:00][info] 开始处理队列任务: task_id=39, current_index=340
[2026-02-19T22:36:33+08:00][info] 使用消息配置中指定的用户 3141 的 session_path/www/wwwroot/tdata.tgbota.top/public/uploads/admin/202602/699625adf380f/14709885506/tdata/temp_8208419177.session
[2026-02-19T22:36:35+08:00][info] 返回:{"status":true,"message":"发送完成，成功1个，失败0个[]","data":{"success":[{"group_id":3770869551,"group_link":"https:\/\/t.me\/+ZpSvBhFQCCEwMzdk","type":"megagroup","message":"发送成功","message_id":492}],"failed":[],"debug":["处理标识符: https:\/\/t.me\/+ZpSvBhFQCCEwMzdk, 清理后: https:\/\/t.me\/+ZpSvBhFQCCEwMzdk, 识别为链接: True, 识别为数字ID: False"],"warning":""},"api_address":"185.165.170.142:5006"}
[2026-02-19T22:36:35+08:00][info] 消息ID缓存成功: task_id=39, group_id=https://t.me/+ZpSvBhFQCCEwMzdk, msg_index=340, message_id=492, send_user_id=3141
[2026-02-19T22:36:35+08:00][info] 消息状态标记为已发送: task_id=39, group_id=https://t.me/+ZpSvBhFQCCEwMzdk, msg_index=340
[2026-02-19T22:36:35+08:00][info] 任务 39 将在 89 秒后继续处理下一条消息，索引: 341, 实例ID: task_39_index_341_1771511795.9676
[2026-02-19T22:36:43+08:00][info] 开始处理队列任务: task_id=34, current_index=1489
[2026-02-19T22:36:44+08:00][info] 消息缓存初始化完成: task_id=34, groups=https://t.me/+CUyn8iqnQwEzNDY0
[2026-02-19T22:36:44+08:00][info] 任务 34 第 2 次循环，重置群组 https://t.me/+CUyn8iqnQwEzNDY0 消息状态
[2026-02-19T22:36:44+08:00][info] 使用当前发送用户 2428 的 session_path/www/wwwroot/tdata.tgbota.top/public/uploads/admin/202602/69862ac4b6550/818010988368/tdata/temp_8297606235.session
[2026-02-19T22:36:45+08:00][info] 返回:{"status":true,"message":"发送完成，成功1个，失败0个[]","data":{"success":[{"group_id":3719450736,"group_link":"https:\/\/t.me\/+CUyn8iqnQwEzNDY0","type":"megagroup","message":"发送成功","message_id":10233}],"failed":[],"debug":["处理标识符: https:\/\/t.me\/+CUyn8iqnQwEzNDY0, 清理后: https:\/\/t.me\/+CUyn8iqnQwEzNDY0, 识别为链接: True, 识别为数字ID: False"],"warning":""},"api_address":"185.165.170.142:5012"}
[2026-02-19T22:36:45+08:00][info] 消息ID缓存成功: task_id=34, group_id=https://t.me/+CUyn8iqnQwEzNDY0, msg_index=1489, message_id=10233, send_user_id=2428
[2026-02-19T22:36:45+08:00][info] 消息状态标记为已发送: task_id=34, group_id=https://t.me/+CUyn8iqnQwEzNDY0, msg_index=1489
[2026-02-19T22:36:45+08:00][info] 任务 34 将在 101 秒后继续处理下一条消息，索引: 1490, 实例ID: task_34_index_1490_1771511805.7861
[2026-02-19T22:36:48+08:00][info] 开始处理队列任务: task_id=28, current_index=1621
[2026-02-19T22:36:48+08:00][info] 消息缓存初始化完成: task_id=28, groups=https://t.me/+Hg62NsrbOCZmZmY8
[2026-02-19T22:36:48+08:00][info] 任务 28 第 3 次循环，重置群组 https://t.me/+Hg62NsrbOCZmZmY8 消息状态
[2026-02-19T22:36:48+08:00][info] 使用消息配置中指定的用户 2381 的 session_path/www/wwwroot/tdata.tgbota.top/public/uploads/admin/202601/6971e94ea480a/16106025633/tdata/temp_8165837042.session
[2026-02-19T22:36:51+08:00][info] 返回:{"status":true,"message":"发送完成，成功1个，失败0个[]","data":{"success":[{"group_id":3657218256,"group_link":"https:\/\/t.me\/+Hg62NsrbOCZmZmY8","type":"megagroup","message":"发送成功","message_id":21652}],"failed":[],"debug":["处理标识符: https:\/\/t.me\/+Hg62NsrbOCZmZmY8, 清理后: https:\/\/t.me\/+Hg62NsrbOCZmZmY8, 识别为链接: True, 识别为数字ID: False"],"warning":""},"api_address":"185.165.170.142:5116"}
[2026-02-19T22:36:51+08:00][info] 消息ID缓存成功: task_id=28, group_id=https://t.me/+Hg62NsrbOCZmZmY8, msg_index=1621, message_id=21652, send_user_id=2381
[2026-02-19T22:36:51+08:00][info] 消息状态标记为已发送: task_id=28, group_id=https://t.me/+Hg62NsrbOCZmZmY8, msg_index=1621
[2026-02-19T22:36:51+08:00][info] 任务 28 将在 87 秒后继续处理下一条消息，索引: 1622, 实例ID: task_28_index_1622_1771511811.2675
[2026-02-19T22:36:51+08:00][info] 开始处理队列任务: task_id=35, current_index=1701
[2026-02-19T22:36:51+08:00][info] 消息缓存初始化完成: task_id=35, groups=https://t.me/+BrIuI_-gkNhhYTE0
[2026-02-19T22:36:51+08:00][info] 任务 35 第 3 次循环，重置群组 https://t.me/+BrIuI_-gkNhhYTE0 消息状态
[2026-02-19T22:36:51+08:00][info] 从数据库获取用户 2413 的 session_path
[2026-02-19T22:36:53+08:00][info] 返回:{"status":true,"message":"发送完成，成功1个，失败0个[]","data":{"success":[{"group_id":3646934744,"group_link":"https:\/\/t.me\/+BrIuI_-gkNhhYTE0","type":"megagroup","message":"发送成功","message_id":10285}],"failed":[],"debug":["处理标识符: https:\/\/t.me\/+BrIuI_-gkNhhYTE0, 清理后: https:\/\/t.me\/+BrIuI_-gkNhhYTE0, 识别为链接: True, 识别为数字ID: False"],"warning":""},"api_address":"185.165.170.142:5148"}
[2026-02-19T22:36:53+08:00][info] 消息ID缓存成功: task_id=35, group_id=https://t.me/+BrIuI_-gkNhhYTE0, msg_index=1701, message_id=10285, send_user_id=2413
[2026-02-19T22:36:53+08:00][info] 消息状态标记为已发送: task_id=35, group_id=https://t.me/+BrIuI_-gkNhhYTE0, msg_index=1701
[2026-02-19T22:36:53+08:00][info] 任务 35 将在 88 秒后继续处理下一条消息，索引: 1702, 实例ID: task_35_index_1702_1771511813.5287
[2026-02-19T22:36:58+08:00][info] 开始处理队列任务: task_id=25, current_index=1616
[2026-02-19T22:36:59+08:00][info] 消息缓存初始化完成: task_id=25, groups=https://t.me/+HZFEhfAwKjhmZDZk
[2026-02-19T22:36:59+08:00][info] 任务 25 第 3 次循环，重置群组 https://t.me/+HZFEhfAwKjhmZDZk 消息状态
[2026-02-19T22:36:59+08:00][info] 使用消息配置中指定的用户 2329 的 session_path/www/wwwroot/tdata.tgbota.top/public/uploads/admin/202601/6971e94ea480a/16156946690/tdata/temp_8306595883.session
[2026-02-19T22:37:01+08:00][info] 返回:{"status":true,"message":"发送完成，成功1个，失败0个[]","data":{"success":[{"group_id":3482989339,"group_link":"https:\/\/t.me\/+HZFEhfAwKjhmZDZk","type":"megagroup","message":"发送成功","message_id":30170}],"failed":[],"debug":["处理标识符: https:\/\/t.me\/+HZFEhfAwKjhmZDZk, 清理后: https:\/\/t.me\/+HZFEhfAwKjhmZDZk, 识别为链接: True, 识别为数字ID: False"],"warning":""},"api_address":"185.165.170.142:5064"}
[2026-02-19T22:37:01+08:00][info] 消息ID缓存成功: task_id=25, group_id=https://t.me/+HZFEhfAwKjhmZDZk, msg_index=1616, message_id=30170, send_user_id=2329
[2026-02-19T22:37:01+08:00][info] 消息状态标记为已发送: task_id=25, group_id=https://t.me/+HZFEhfAwKjhmZDZk, msg_index=1616
[2026-02-19T22:37:01+08:00][info] 任务 25 将在 110 秒后继续处理下一条消息，索引: 1617, 实例ID: task_25_index_1617_1771511821.7537
[2026-02-19T22:37:01+08:00][info] 开始处理队列任务: task_id=31, current_index=1622
[2026-02-19T22:37:02+08:00][info] 消息缓存初始化完成: task_id=31, groups=https://t.me/+4azhFwWhx1czMzE0
[2026-02-19T22:37:02+08:00][info] 任务 31 第 3 次循环，重置群组 https://t.me/+4azhFwWhx1czMzE0 消息状态
[2026-02-19T22:37:02+08:00][info] 使用消息配置中指定的用户 2373 的 session_path/www/wwwroot/tdata.tgbota.top/public/uploads/admin/202601/6971e94ea480a/16079468152/tdata/temp_8287346283.session
[2026-02-19T22:37:04+08:00][info] 返回:{"status":true,"message":"发送完成，成功1个，失败0个[]","data":{"success":[{"group_id":3079998653,"group_link":"https:\/\/t.me\/+4azhFwWhx1czMzE0","type":"megagroup","message":"发送成功","message_id":14475}],"failed":[],"debug":["处理标识符: https:\/\/t.me\/+4azhFwWhx1czMzE0, 清理后: https:\/\/t.me\/+4azhFwWhx1czMzE0, 识别为链接: True, 识别为数字ID: False"],"warning":""},"api_address":"185.165.170.142:5108"}
[2026-02-19T22:37:04+08:00][info] 消息ID缓存成功: task_id=31, group_id=https://t.me/+4azhFwWhx1czMzE0, msg_index=1622, message_id=14475, send_user_id=2373
[2026-02-19T22:37:04+08:00][info] 消息状态标记为已发送: task_id=31, group_id=https://t.me/+4azhFwWhx1czMzE0, msg_index=1622
[2026-02-19T22:37:04+08:00][info] 任务 31 将在 92 秒后继续处理下一条消息，索引: 1623, 实例ID: task_31_index_1623_1771511824.7011
[2026-02-19T22:37:05+08:00][info] 开始处理队列任务: task_id=27, current_index=1585
[2026-02-19T22:37:06+08:00][info] 消息缓存初始化完成: task_id=27, groups=https://t.me/+_XaTo9Qrv0VjOTM0
[2026-02-19T22:37:06+08:00][info] 任务 27 第 3 次循环，重置群组 https://t.me/+_XaTo9Qrv0VjOTM0 消息状态
[2026-02-19T22:37:06+08:00][info] 使用消息配置中指定的用户 2373 的 session_path/www/wwwroot/tdata.tgbota.top/public/uploads/admin/202601/6971e94ea480a/16079468152/tdata/temp_8287346283.session
[2026-02-19T22:37:08+08:00][info] 开始处理队列任务: task_id=40, current_index=339
[2026-02-19T22:37:08+08:00][info] 使用消息配置中指定的用户 3147 的 session_path/www/wwwroot/tdata.tgbota.top/public/uploads/admin/202602/699625adf380f/14634226558/tdata/temp_8551415260.session
[2026-02-19T22:37:08+08:00][info] 返回:{"status":true,"message":"发送完成，成功1个，失败0个[]","data":{"success":[{"group_id":3649225144,"group_link":"https:\/\/t.me\/+_XaTo9Qrv0VjOTM0","type":"megagroup","message":"发送成功","message_id":33199}],"failed":[],"debug":["处理标识符: https:\/\/t.me\/+_XaTo9Qrv0VjOTM0, 清理后: https:\/\/t.me\/+_XaTo9Qrv0VjOTM0, 识别为链接: True, 识别为数字ID: False"],"warning":""},"api_address":"185.165.170.142:5108"}
[2026-02-19T22:37:08+08:00][info] 消息ID缓存成功: task_id=27, group_id=https://t.me/+_XaTo9Qrv0VjOTM0, msg_index=1585, message_id=33199, send_user_id=2373
[2026-02-19T22:37:08+08:00][info] 消息状态标记为已发送: task_id=27, group_id=https://t.me/+_XaTo9Qrv0VjOTM0, msg_index=1585
[2026-02-19T22:37:08+08:00][info] 任务 27 将在 87 秒后继续处理下一条消息，索引: 1586, 实例ID: task_27_index_1586_1771511828.7433
[2026-02-19T22:37:10+08:00][info] 返回:{"status":true,"message":"发送完成，成功1个，失败0个[]","data":{"success":[{"group_id":3799666589,"group_link":"https:\/\/t.me\/+IfyZ_OVthdI5YzNk","type":"megagroup","message":"发送成功","message_id":492}],"failed":[],"debug":["处理标识符: https:\/\/t.me\/+IfyZ_OVthdI5YzNk, 清理后: https:\/\/t.me\/+IfyZ_OVthdI5YzNk, 识别为链接: True, 识别为数字ID: False"],"warning":""},"api_address":"185.165.170.142:5012"}
[2026-02-19T22:37:10+08:00][info] 消息ID缓存成功: task_id=40, group_id=https://t.me/+IfyZ_OVthdI5YzNk, msg_index=339, message_id=492, send_user_id=3147
[2026-02-19T22:37:10+08:00][info] 消息状态标记为已发送: task_id=40, group_id=https://t.me/+IfyZ_OVthdI5YzNk, msg_index=339
[2026-02-19T22:37:10+08:00][info] 任务 40 将在 88 秒后继续处理下一条消息，索引: 340, 实例ID: task_40_index_340_1771511830.9586
[2026-02-19T22:37:12+08:00][info] 开始处理队列任务: task_id=38, current_index=341
[2026-02-19T22:37:12+08:00][info] 使用消息配置中指定的用户 3129 的 session_path/www/wwwroot/tdata.tgbota.top/public/uploads/admin/202602/699625adf380f/14703051659/tdata/temp_8561214398.session
[2026-02-19T22:37:14+08:00][info] 返回:{"status":true,"message":"发送完成，成功1个，失败0个[]","data":{"success":[{"group_id":3794396962,"group_link":"https:\/\/t.me\/+69dYKDni-wFmYWE0","type":"megagroup","message":"发送成功","message_id":493}],"failed":[],"debug":["处理标识符: https:\/\/t.me\/+69dYKDni-wFmYWE0, 清理后: https:\/\/t.me\/+69dYKDni-wFmYWE0, 识别为链接: True, 识别为数字ID: False"],"warning":""},"api_address":"185.165.170.142:5145"}
[2026-02-19T22:37:14+08:00][info] 消息ID缓存成功: task_id=38, group_id=https://t.me/+69dYKDni-wFmYWE0, msg_index=341, message_id=493, send_user_id=3129
[2026-02-19T22:37:14+08:00][info] 消息状态标记为已发送: task_id=38, group_id=https://t.me/+69dYKDni-wFmYWE0, msg_index=341
[2026-02-19T22:37:14+08:00][info] 任务 38 将在 93 秒后继续处理下一条消息，索引: 342, 实例ID: task_38_index_342_1771511834.5422
[2026-02-19T22:37:34+08:00][info] 开始处理队列任务: task_id=33, current_index=1489
[2026-02-19T22:37:35+08:00][info] 消息缓存初始化完成: task_id=33, groups=https://t.me/+wcqRUxDn6zczYmM0
[2026-02-19T22:37:35+08:00][info] 任务 33 第 2 次循环，重置群组 https://t.me/+wcqRUxDn6zczYmM0 消息状态
[2026-02-19T22:37:35+08:00][info] 使用当前发送用户 2428 的 session_path/www/wwwroot/tdata.tgbota.top/public/uploads/admin/202602/69862ac4b6550/818010988368/tdata/temp_8297606235.session
[2026-02-19T22:37:36+08:00][info] 返回:{"status":true,"message":"发送完成，成功1个，失败0个[]","data":{"success":[{"group_id":3658905404,"group_link":"https:\/\/t.me\/+wcqRUxDn6zczYmM0","type":"megagroup","message":"发送成功","message_id":10072}],"failed":[],"debug":["处理标识符: https:\/\/t.me\/+wcqRUxDn6zczYmM0, 清理后: https:\/\/t.me\/+wcqRUxDn6zczYmM0, 识别为链接: True, 识别为数字ID: False"],"warning":""},"api_address":"185.165.170.142:5012"}
[2026-02-19T22:37:36+08:00][info] 消息ID缓存成功: task_id=33, group_id=https://t.me/+wcqRUxDn6zczYmM0, msg_index=1489, message_id=10072, send_user_id=2428
[2026-02-19T22:37:36+08:00][info] 消息状态标记为已发送: task_id=33, group_id=https://t.me/+wcqRUxDn6zczYmM0, msg_index=1489
[2026-02-19T22:37:36+08:00][info] 任务 33 将在 101 秒后继续处理下一条消息，索引: 1490, 实例ID: task_33_index_1490_1771511856.7971
[2026-02-19T22:37:45+08:00][info] 开始处理队列任务: task_id=37, current_index=1689
[2026-02-19T22:37:45+08:00][info] 消息缓存初始化完成: task_id=37, groups=https://t.me/+DUAGbZI5vW41NWI8
[2026-02-19T22:37:45+08:00][info] 任务 37 第 3 次循环，重置群组 https://t.me/+DUAGbZI5vW41NWI8 消息状态
[2026-02-19T22:37:45+08:00][info] 使用当前发送用户 2440 的 session_path/www/wwwroot/tdata.tgbota.top/public/uploads/admin/202602/69862ac4b6550/818015756668/tdata/temp_7975156354.session
[2026-02-19T22:37:47+08:00][info] 返回:{"status":true,"message":"发送完成，成功1个，失败0个[]","data":{"success":[{"group_id":3732578862,"group_link":"https:\/\/t.me\/+DUAGbZI5vW41NWI8","type":"megagroup","message":"发送成功","message_id":8463}],"failed":[],"debug":["处理标识符: https:\/\/t.me\/+DUAGbZI5vW41NWI8, 清理后: https:\/\/t.me\/+DUAGbZI5vW41NWI8, 识别为链接: True, 识别为数字ID: False"],"warning":""},"api_address":"185.165.170.142:5024"}
[2026-02-19T22:37:47+08:00][info] 消息ID缓存成功: task_id=37, group_id=https://t.me/+DUAGbZI5vW41NWI8, msg_index=1689, message_id=8463, send_user_id=2440
[2026-02-19T22:37:47+08:00][info] 消息状态标记为已发送: task_id=37, group_id=https://t.me/+DUAGbZI5vW41NWI8, msg_index=1689
[2026-02-19T22:37:47+08:00][info] 任务 37 将在 95 秒后继续处理下一条消息，索引: 1690, 实例ID: task_37_index_1690_1771511867.7053
[2026-02-19T22:37:53+08:00][info] 开始处理队列任务: task_id=29, current_index=1617
[2026-02-19T22:37:53+08:00][info] 消息缓存初始化完成: task_id=29, groups=https://t.me/+WZlsKfz1W89jYjE0
[2026-02-19T22:37:53+08:00][info] 任务 29 第 3 次循环，重置群组 https://t.me/+WZlsKfz1W89jYjE0 消息状态
[2026-02-19T22:37:53+08:00][info] 使用feedbackType=1617的消息ID: 21710
[2026-02-19T22:37:53+08:00][info] 使用消息配置中指定的用户 2012 的 session_path/www/wwwroot/tdata.tgbota.top/public/uploads/admin/202601/6960a58a3f18c/13619013618/tdata/temp_7730341893.session
[2026-02-19T22:37:56+08:00][info] 返回:{"status":true,"message":"发送完成，成功1个，失败0个[]","data":{"success":[{"group_id":3780502866,"group_link":"https:\/\/t.me\/+WZlsKfz1W89jYjE0","type":"megagroup","message":"发送成功","message_id":21711}],"failed":[],"debug":["处理标识符: https:\/\/t.me\/+WZlsKfz1W89jYjE0, 清理后: https:\/\/t.me\/+WZlsKfz1W89jYjE0, 识别为链接: True, 识别为数字ID: False"],"warning":""},"api_address":"185.165.170.142:5049"}
[2026-02-19T22:37:56+08:00][info] 消息ID缓存成功: task_id=29, group_id=https://t.me/+WZlsKfz1W89jYjE0, msg_index=1617, message_id=21711, send_user_id=2012
[2026-02-19T22:37:56+08:00][info] 消息状态标记为已发送: task_id=29, group_id=https://t.me/+WZlsKfz1W89jYjE0, msg_index=1617
[2026-02-19T22:37:56+08:00][info] 任务 29 将在 101 秒后继续处理下一条消息，索引: 1618, 实例ID: task_29_index_1618_1771511876.2346
[2026-02-19T22:38:05+08:00][info] 开始处理队列任务: task_id=39, current_index=341
[2026-02-19T22:38:05+08:00][info] 使用消息配置中指定的用户 3129 的 session_path/www/wwwroot/tdata.tgbota.top/public/uploads/admin/202602/699625adf380f/14703051659/tdata/temp_8561214398.session
[2026-02-19T22:38:05+08:00][info] 开始处理队列任务: task_id=36, current_index=1653
[2026-02-19T22:38:05+08:00][info] 消息缓存初始化完成: task_id=36, groups=https://t.me/+o12qlRNkdiViMjE0
[2026-02-19T22:38:05+08:00][info] 任务 36 第 3 次循环，重置群组 https://t.me/+o12qlRNkdiViMjE0 消息状态
[2026-02-19T22:38:05+08:00][info] 使用当前发送用户 2423 的 session_path/www/wwwroot/tdata.tgbota.top/public/uploads/admin/202602/69862ac4b6550/817039604699/tdata/temp_8188906594.session
[2026-02-19T22:38:07+08:00][info] 返回:{"status":true,"message":"发送完成，成功1个，失败0个[]","data":{"success":[{"group_id":3479387283,"group_link":"https:\/\/t.me\/+o12qlRNkdiViMjE0","type":"megagroup","message":"发送成功","message_id":10298}],"failed":[],"debug":["处理标识符: https:\/\/t.me\/+o12qlRNkdiViMjE0, 清理后: https:\/\/t.me\/+o12qlRNkdiViMjE0, 识别为链接: True, 识别为数字ID: False"],"warning":""},"api_address":"185.165.170.142:5007"}
[2026-02-19T22:38:07+08:00][info] 消息ID缓存成功: task_id=36, group_id=https://t.me/+o12qlRNkdiViMjE0, msg_index=1653, message_id=10298, send_user_id=2423
[2026-02-19T22:38:07+08:00][info] 消息状态标记为已发送: task_id=36, group_id=https://t.me/+o12qlRNkdiViMjE0, msg_index=1653
[2026-02-19T22:38:07+08:00][info] 任务 36 将在 109 秒后继续处理下一条消息，索引: 1654, 实例ID: task_36_index_1654_1771511887.5678
[2026-02-19T22:38:07+08:00][info] 返回:{"status":true,"message":"发送完成，成功1个，失败0个[]","data":{"success":[{"group_id":3770869551,"group_link":"https:\/\/t.me\/+ZpSvBhFQCCEwMzdk","type":"megagroup","message":"发送成功","message_id":493}],"failed":[],"debug":["处理标识符: https:\/\/t.me\/+ZpSvBhFQCCEwMzdk, 清理后: https:\/\/t.me\/+ZpSvBhFQCCEwMzdk, 识别为链接: True, 识别为数字ID: False"],"warning":""},"api_address":"185.165.170.142:5145"}
[2026-02-19T22:38:07+08:00][info] 消息ID缓存成功: task_id=39, group_id=https://t.me/+ZpSvBhFQCCEwMzdk, msg_index=341, message_id=493, send_user_id=3129
[2026-02-19T22:38:07+08:00][info] 消息状态标记为已发送: task_id=39, group_id=https://t.me/+ZpSvBhFQCCEwMzdk, msg_index=341
[2026-02-19T22:38:07+08:00][info] 任务 39 将在 93 秒后继续处理下一条消息，索引: 342, 实例ID: task_39_index_342_1771511887.8475
[2026-02-19T22:38:18+08:00][info] 开始处理队列任务: task_id=28, current_index=1622
[2026-02-19T22:38:18+08:00][info] 消息缓存初始化完成: task_id=28, groups=https://t.me/+Hg62NsrbOCZmZmY8
[2026-02-19T22:38:18+08:00][info] 任务 28 第 3 次循环，重置群组 https://t.me/+Hg62NsrbOCZmZmY8 消息状态
[2026-02-19T22:38:18+08:00][info] 使用消息配置中指定的用户 2373 的 session_path/www/wwwroot/tdata.tgbota.top/public/uploads/admin/202601/6971e94ea480a/16079468152/tdata/temp_8287346283.session
[2026-02-19T22:38:21+08:00][info] 返回:{"status":true,"message":"发送完成，成功1个，失败0个[]","data":{"success":[{"group_id":3657218256,"group_link":"https:\/\/t.me\/+Hg62NsrbOCZmZmY8","type":"megagroup","message":"发送成功","message_id":21653}],"failed":[],"debug":["处理标识符: https:\/\/t.me\/+Hg62NsrbOCZmZmY8, 清理后: https:\/\/t.me\/+Hg62NsrbOCZmZmY8, 识别为链接: True, 识别为数字ID: False"],"warning":""},"api_address":"185.165.170.142:5108"}
[2026-02-19T22:38:21+08:00][info] 消息ID缓存成功: task_id=28, group_id=https://t.me/+Hg62NsrbOCZmZmY8, msg_index=1622, message_id=21653, send_user_id=2373
[2026-02-19T22:38:21+08:00][info] 消息状态标记为已发送: task_id=28, group_id=https://t.me/+Hg62NsrbOCZmZmY8, msg_index=1622
[2026-02-19T22:38:21+08:00][info] 任务 28 将在 92 秒后继续处理下一条消息，索引: 1623, 实例ID: task_28_index_1623_1771511901.484
[2026-02-19T22:38:21+08:00][info] 开始处理队列任务: task_id=35, current_index=1702
[2026-02-19T22:38:21+08:00][info] 消息缓存初始化完成: task_id=35, groups=https://t.me/+BrIuI_-gkNhhYTE0
[2026-02-19T22:38:21+08:00][info] 任务 35 第 3 次循环，重置群组 https://t.me/+BrIuI_-gkNhhYTE0 消息状态
[2026-02-19T22:38:21+08:00][info] 使用消息配置中指定的用户 2413 的 session_path/www/wwwroot/tdata.tgbota.top/public/uploads/admin/202602/69862ac4b6550/818010974456/tdata/temp_8406035094.session
[2026-02-19T22:38:23+08:00][info] 返回:{"status":true,"message":"发送完成，成功1个，失败0个[]","data":{"success":[{"group_id":3646934744,"group_link":"https:\/\/t.me\/+BrIuI_-gkNhhYTE0","type":"megagroup","message":"发送成功","message_id":10286}],"failed":[],"debug":["处理标识符: https:\/\/t.me\/+BrIuI_-gkNhhYTE0, 清理后: https:\/\/t.me\/+BrIuI_-gkNhhYTE0, 识别为链接: True, 识别为数字ID: False"],"warning":""},"api_address":"185.165.170.142:5148"}
[2026-02-19T22:38:23+08:00][info] 消息ID缓存成功: task_id=35, group_id=https://t.me/+BrIuI_-gkNhhYTE0, msg_index=1702, message_id=10286, send_user_id=2413
[2026-02-19T22:38:23+08:00][info] 消息状态标记为已发送: task_id=35, group_id=https://t.me/+BrIuI_-gkNhhYTE0, msg_index=1702
[2026-02-19T22:38:24+08:00][info] 任务 35 将在 80 秒后继续处理下一条消息，索引: 1703, 实例ID: task_35_index_1703_1771511904.021
[2026-02-19T22:38:26+08:00][info] 开始处理队列任务: task_id=34, current_index=1490
[2026-02-19T22:38:26+08:00][info] 消息缓存初始化完成: task_id=34, groups=https://t.me/+CUyn8iqnQwEzNDY0
[2026-02-19T22:38:26+08:00][info] 任务 34 第 2 次循环，重置群组 https://t.me/+CUyn8iqnQwEzNDY0 消息状态
[2026-02-19T22:38:26+08:00][info] 使用feedbackType=1488的消息ID: 10231
[2026-02-19T22:38:26+08:00][info] 使用当前发送用户 2427 的 session_path/www/wwwroot/tdata.tgbota.top/public/uploads/admin/202602/69862ac4b6550/817026167076/tdata/temp_8260405777.session
[2026-02-19T22:38:28+08:00][info] 返回:{"status":true,"message":"发送完成，成功1个，失败0个[]","data":{"success":[{"group_id":3719450736,"group_link":"https:\/\/t.me\/+CUyn8iqnQwEzNDY0","type":"megagroup","message":"发送成功","message_id":10234}],"failed":[],"debug":["处理标识符: https:\/\/t.me\/+CUyn8iqnQwEzNDY0, 清理后: https:\/\/t.me\/+CUyn8iqnQwEzNDY0, 识别为链接: True, 识别为数字ID: False"],"warning":""},"api_address":"185.165.170.142:5011"}
[2026-02-19T22:38:28+08:00][info] 消息ID缓存成功: task_id=34, group_id=https://t.me/+CUyn8iqnQwEzNDY0, msg_index=1490, message_id=10234, send_user_id=2427
[2026-02-19T22:38:28+08:00][info] 消息状态标记为已发送: task_id=34, group_id=https://t.me/+CUyn8iqnQwEzNDY0, msg_index=1490
[2026-02-19T22:38:28+08:00][info] 任务 34 将在 79 秒后继续处理下一条消息，索引: 1491, 实例ID: task_34_index_1491_1771511908.8944
[2026-02-19T22:38:35+08:00][info] 开始处理队列任务: task_id=27, current_index=1586
[2026-02-19T22:38:35+08:00][info] 消息缓存初始化完成: task_id=27, groups=https://t.me/+_XaTo9Qrv0VjOTM0
[2026-02-19T22:38:35+08:00][info] 任务 27 第 3 次循环，重置群组 https://t.me/+_XaTo9Qrv0VjOTM0 消息状态
[2026-02-19T22:38:36+08:00][info] 使用消息配置中指定的用户 2359 的 session_path/www/wwwroot/tdata.tgbota.top/public/uploads/admin/202601/6971e94ea480a/16096922406/tdata/temp_7666213322.session
[2026-02-19T22:38:36+08:00][info] 开始处理队列任务: task_id=31, current_index=1623
[2026-02-19T22:38:36+08:00][info] 消息缓存初始化完成: task_id=31, groups=https://t.me/+4azhFwWhx1czMzE0
[2026-02-19T22:38:36+08:00][info] 任务 31 第 3 次循环，重置群组 https://t.me/+4azhFwWhx1czMzE0 消息状态
[2026-02-19T22:38:36+08:00][info] 使用消息配置中指定的用户 2366 的 session_path/www/wwwroot/tdata.tgbota.top/public/uploads/admin/202601/6971e94ea480a/16079442631/tdata/temp_8415393991.session
[2026-02-19T22:38:38+08:00][info] 返回:{"status":true,"message":"发送完成，成功1个，失败0个[]","data":{"success":[{"group_id":3649225144,"group_link":"https:\/\/t.me\/+_XaTo9Qrv0VjOTM0","type":"megagroup","message":"发送成功","message_id":33200}],"failed":[],"debug":["处理标识符: https:\/\/t.me\/+_XaTo9Qrv0VjOTM0, 清理后: https:\/\/t.me\/+_XaTo9Qrv0VjOTM0, 识别为链接: True, 识别为数字ID: False"],"warning":""},"api_address":"185.165.170.142:5094"}
[2026-02-19T22:38:38+08:00][info] 消息ID缓存成功: task_id=27, group_id=https://t.me/+_XaTo9Qrv0VjOTM0, msg_index=1586, message_id=33200, send_user_id=2359
[2026-02-19T22:38:38+08:00][info] 消息状态标记为已发送: task_id=27, group_id=https://t.me/+_XaTo9Qrv0VjOTM0, msg_index=1586
[2026-02-19T22:38:38+08:00][info] 任务 27 将在 108 秒后继续处理下一条消息，索引: 1587, 实例ID: task_27_index_1587_1771511918.5592
[2026-02-19T22:38:38+08:00][info] 开始处理队列任务: task_id=40, current_index=340
[2026-02-19T22:38:38+08:00][info] 使用消息配置中指定的用户 3141 的 session_path/www/wwwroot/tdata.tgbota.top/public/uploads/admin/202602/699625adf380f/14709885506/tdata/temp_8208419177.session
[2026-02-19T22:38:38+08:00][info] 返回:{"status":true,"message":"发送完成，成功1个，失败0个[]","data":{"success":[{"group_id":3079998653,"group_link":"https:\/\/t.me\/+4azhFwWhx1czMzE0","type":"megagroup","message":"发送成功","message_id":14476}],"failed":[],"debug":["处理标识符: https:\/\/t.me\/+4azhFwWhx1czMzE0, 清理后: https:\/\/t.me\/+4azhFwWhx1czMzE0, 识别为链接: True, 识别为数字ID: False"],"warning":""},"api_address":"185.165.170.142:5101"}
[2026-02-19T22:38:38+08:00][info] 消息ID缓存成功: task_id=31, group_id=https://t.me/+4azhFwWhx1czMzE0, msg_index=1623, message_id=14476, send_user_id=2366
[2026-02-19T22:38:38+08:00][info] 消息状态标记为已发送: task_id=31, group_id=https://t.me/+4azhFwWhx1czMzE0, msg_index=1623
[2026-02-19T22:38:38+08:00][info] 任务 31 将在 76 秒后继续处理下一条消息，索引: 1624, 实例ID: task_31_index_1624_1771511918.7995
[2026-02-19T22:38:41+08:00][info] 返回:{"status":true,"message":"发送完成，成功1个，失败0个[]","data":{"success":[{"group_id":3799666589,"group_link":"https:\/\/t.me\/+IfyZ_OVthdI5YzNk","type":"megagroup","message":"发送成功","message_id":493}],"failed":[],"debug":["处理标识符: https:\/\/t.me\/+IfyZ_OVthdI5YzNk, 清理后: https:\/\/t.me\/+IfyZ_OVthdI5YzNk, 识别为链接: True, 识别为数字ID: False"],"warning":""},"api_address":"185.165.170.142:5006"}
[2026-02-19T22:38:41+08:00][info] 消息ID缓存成功: task_id=40, group_id=https://t.me/+IfyZ_OVthdI5YzNk, msg_index=340, message_id=493, send_user_id=3141
[2026-02-19T22:38:41+08:00][info] 消息状态标记为已发送: task_id=40, group_id=https://t.me/+IfyZ_OVthdI5YzNk, msg_index=340
[2026-02-19T22:38:41+08:00][info] 任务 40 将在 89 秒后继续处理下一条消息，索引: 341, 实例ID: task_40_index_341_1771511921.5551
[2026-02-19T22:38:47+08:00][info] 开始处理队列任务: task_id=38, current_index=342
[2026-02-19T22:38:47+08:00][info] 使用消息配置中指定的用户 3135 的 session_path/www/wwwroot/tdata.tgbota.top/public/uploads/admin/202602/699625adf380f/14648007007/tdata/temp_8585666970.session
[2026-02-19T22:38:50+08:00][info] 返回:{"status":true,"message":"发送完成，成功1个，失败0个[]","data":{"success":[{"group_id":3794396962,"group_link":"https:\/\/t.me\/+69dYKDni-wFmYWE0","type":"megagroup","message":"发送成功","message_id":494}],"failed":[],"debug":["处理标识符: https:\/\/t.me\/+69dYKDni-wFmYWE0, 清理后: https:\/\/t.me\/+69dYKDni-wFmYWE0, 识别为链接: True, 识别为数字ID: False"],"warning":""},"api_address":"185.165.170.142:5000"}
[2026-02-19T22:38:50+08:00][info] 消息ID缓存成功: task_id=38, group_id=https://t.me/+69dYKDni-wFmYWE0, msg_index=342, message_id=494, send_user_id=3135
[2026-02-19T22:38:50+08:00][info] 消息状态标记为已发送: task_id=38, group_id=https://t.me/+69dYKDni-wFmYWE0, msg_index=342
[2026-02-19T22:38:50+08:00][info] 任务 38 将在 95 秒后继续处理下一条消息，索引: 343, 实例ID: task_38_index_343_1771511930.252
[2026-02-19T22:38:51+08:00][info] 开始处理队列任务: task_id=25, current_index=1617
[2026-02-19T22:38:51+08:00][info] 消息缓存初始化完成: task_id=25, groups=https://t.me/+HZFEhfAwKjhmZDZk
[2026-02-19T22:38:51+08:00][info] 任务 25 第 3 次循环，重置群组 https://t.me/+HZFEhfAwKjhmZDZk 消息状态
[2026-02-19T22:38:51+08:00][info] 使用feedbackType=1617的消息ID: 30170
[2026-02-19T22:38:51+08:00][info] 使用消息配置中指定的用户 2012 的 session_path/www/wwwroot/tdata.tgbota.top/public/uploads/admin/202601/6960a58a3f18c/13619013618/tdata/temp_7730341893.session
[2026-02-19T22:38:55+08:00][info] 返回:{"status":true,"message":"发送完成，成功1个，失败0个[]","data":{"success":[{"group_id":3482989339,"group_link":"https:\/\/t.me\/+HZFEhfAwKjhmZDZk","type":"megagroup","message":"发送成功","message_id":30171}],"failed":[],"debug":["处理标识符: https:\/\/t.me\/+HZFEhfAwKjhmZDZk, 清理后: https:\/\/t.me\/+HZFEhfAwKjhmZDZk, 识别为链接: True, 识别为数字ID: False"],"warning":""},"api_address":"185.165.170.142:5049"}
[2026-02-19T22:38:55+08:00][info] 消息ID缓存成功: task_id=25, group_id=https://t.me/+HZFEhfAwKjhmZDZk, msg_index=1617, message_id=30171, send_user_id=2012
[2026-02-19T22:38:55+08:00][info] 消息状态标记为已发送: task_id=25, group_id=https://t.me/+HZFEhfAwKjhmZDZk, msg_index=1617
[2026-02-19T22:38:55+08:00][info] 任务 25 将在 101 秒后继续处理下一条消息，索引: 1618, 实例ID: task_25_index_1618_1771511935.0405
[2026-02-19T22:39:17+08:00][info] 开始处理队列任务: task_id=33, current_index=1490
[2026-02-19T22:39:17+08:00][info] 消息缓存初始化完成: task_id=33, groups=https://t.me/+wcqRUxDn6zczYmM0
[2026-02-19T22:39:17+08:00][info] 任务 33 第 2 次循环，重置群组 https://t.me/+wcqRUxDn6zczYmM0 消息状态
[2026-02-19T22:39:17+08:00][info] 使用feedbackType=1488的消息ID: 10070
[2026-02-19T22:39:17+08:00][info] 使用当前发送用户 2427 的 session_path/www/wwwroot/tdata.tgbota.top/public/uploads/admin/202602/69862ac4b6550/817026167076/tdata/temp_8260405777.session
[2026-02-19T22:39:19+08:00][info] 返回:{"status":true,"message":"发送完成，成功1个，失败0个[]","data":{"success":[{"group_id":3658905404,"group_link":"https:\/\/t.me\/+wcqRUxDn6zczYmM0","type":"megagroup","message":"发送成功","message_id":10073}],"failed":[],"debug":["处理标识符: https:\/\/t.me\/+wcqRUxDn6zczYmM0, 清理后: https:\/\/t.me\/+wcqRUxDn6zczYmM0, 识别为链接: True, 识别为数字ID: False"],"warning":""},"api_address":"185.165.170.142:5011"}
[2026-02-19T22:39:19+08:00][info] 消息ID缓存成功: task_id=33, group_id=https://t.me/+wcqRUxDn6zczYmM0, msg_index=1490, message_id=10073, send_user_id=2427
[2026-02-19T22:39:19+08:00][info] 消息状态标记为已发送: task_id=33, group_id=https://t.me/+wcqRUxDn6zczYmM0, msg_index=1490
[2026-02-19T22:39:19+08:00][info] 任务 33 将在 79 秒后继续处理下一条消息，索引: 1491, 实例ID: task_33_index_1491_1771511959.5866
[2026-02-19T22:39:22+08:00][info] 开始处理队列任务: task_id=37, current_index=1690
[2026-02-19T22:39:22+08:00][info] 消息缓存初始化完成: task_id=37, groups=https://t.me/+DUAGbZI5vW41NWI8
[2026-02-19T22:39:22+08:00][info] 任务 37 第 3 次循环，重置群组 https://t.me/+DUAGbZI5vW41NWI8 消息状态
[2026-02-19T22:39:22+08:00][info] 使用当前发送用户 2434 的 session_path/www/wwwroot/tdata.tgbota.top/public/uploads/admin/202602/69862ac4b6550/818014795167/tdata/temp_8467923272.session
[2026-02-19T22:39:24+08:00][info] 返回:{"status":true,"message":"发送完成，成功1个，失败0个[]","data":{"success":[{"group_id":3732578862,"group_link":"https:\/\/t.me\/+DUAGbZI5vW41NWI8","type":"megagroup","message":"发送成功","message_id":8464}],"failed":[],"debug":["处理标识符: https:\/\/t.me\/+DUAGbZI5vW41NWI8, 清理后: https:\/\/t.me\/+DUAGbZI5vW41NWI8, 识别为链接: True, 识别为数字ID: False"],"warning":""},"api_address":"185.165.170.142:5018"}
[2026-02-19T22:39:24+08:00][info] 消息ID缓存成功: task_id=37, group_id=https://t.me/+DUAGbZI5vW41NWI8, msg_index=1690, message_id=8464, send_user_id=2434
[2026-02-19T22:39:24+08:00][info] 消息状态标记为已发送: task_id=37, group_id=https://t.me/+DUAGbZI5vW41NWI8, msg_index=1690
[2026-02-19T22:39:24+08:00][info] 任务 37 将在 93 秒后继续处理下一条消息，索引: 1691, 实例ID: task_37_index_1691_1771511964.1822
[2026-02-19T22:39:37+08:00][info] 开始处理队列任务: task_id=29, current_index=1618
[2026-02-19T22:39:37+08:00][info] 消息缓存初始化完成: task_id=29, groups=https://t.me/+WZlsKfz1W89jYjE0
[2026-02-19T22:39:37+08:00][info] 任务 29 第 3 次循环，重置群组 https://t.me/+WZlsKfz1W89jYjE0 消息状态
[2026-02-19T22:39:37+08:00][info] 使用当前发送用户 1306 的 session_path/www/wwwroot/tdata.tgbota.top/public/uploads/admin/202512/695387359e84b/8615211864541/tdata/temp_8070129982.session
[2026-02-19T22:39:39+08:00][info] 返回:{"status":true,"message":"发送完成，成功1个，失败0个[]","data":{"success":[{"group_id":3780502866,"group_link":"https:\/\/t.me\/+WZlsKfz1W89jYjE0","type":"megagroup","message":"发送成功","message_id":21712}],"failed":[],"debug":["处理标识符: https:\/\/t.me\/+WZlsKfz1W89jYjE0, 清理后: https:\/\/t.me\/+WZlsKfz1W89jYjE0, 识别为链接: True, 识别为数字ID: False"],"warning":""},"api_address":"185.165.170.142:5098"}
[2026-02-19T22:39:39+08:00][info] 消息ID缓存成功: task_id=29, group_id=https://t.me/+WZlsKfz1W89jYjE0, msg_index=1618, message_id=21712, send_user_id=1306
[2026-02-19T22:39:39+08:00][info] 消息状态标记为已发送: task_id=29, group_id=https://t.me/+WZlsKfz1W89jYjE0, msg_index=1618
[2026-02-19T22:39:39+08:00][info] 任务 29 将在 90 秒后继续处理下一条消息，索引: 1619, 实例ID: task_29_index_1619_1771511979.5824
[2026-02-19T22:39:40+08:00][info] 开始处理队列任务: task_id=39, current_index=342
[2026-02-19T22:39:41+08:00][info] 使用消息配置中指定的用户 3135 的 session_path/www/wwwroot/tdata.tgbota.top/public/uploads/admin/202602/699625adf380f/14648007007/tdata/temp_8585666970.session
[2026-02-19T22:39:43+08:00][info] 返回:{"status":true,"message":"发送完成，成功1个，失败0个[]","data":{"success":[{"group_id":3770869551,"group_link":"https:\/\/t.me\/+ZpSvBhFQCCEwMzdk","type":"megagroup","message":"发送成功","message_id":494}],"failed":[],"debug":["处理标识符: https:\/\/t.me\/+ZpSvBhFQCCEwMzdk, 清理后: https:\/\/t.me\/+ZpSvBhFQCCEwMzdk, 识别为链接: True, 识别为数字ID: False"],"warning":""},"api_address":"185.165.170.142:5000"}
[2026-02-19T22:39:43+08:00][info] 消息ID缓存成功: task_id=39, group_id=https://t.me/+ZpSvBhFQCCEwMzdk, msg_index=342, message_id=494, send_user_id=3135
[2026-02-19T22:39:43+08:00][info] 消息状态标记为已发送: task_id=39, group_id=https://t.me/+ZpSvBhFQCCEwMzdk, msg_index=342
[2026-02-19T22:39:43+08:00][info] 任务 39 将在 95 秒后继续处理下一条消息，索引: 343, 实例ID: task_39_index_343_1771511983.6768
[2026-02-19T22:39:44+08:00][info] 开始处理队列任务: task_id=35, current_index=1703
[2026-02-19T22:39:45+08:00][info] 消息缓存初始化完成: task_id=35, groups=https://t.me/+BrIuI_-gkNhhYTE0
[2026-02-19T22:39:45+08:00][info] 任务 35 第 3 次循环，重置群组 https://t.me/+BrIuI_-gkNhhYTE0 消息状态
[2026-02-19T22:39:45+08:00][info] 使用当前发送用户 2430 的 session_path/www/wwwroot/tdata.tgbota.top/public/uploads/admin/202602/69862ac4b6550/818014390605/tdata/temp_8368623564.session
[2026-02-19T22:39:46+08:00][info] 返回:{"status":true,"message":"发送完成，成功1个，失败0个[]","data":{"success":[{"group_id":3646934744,"group_link":"https:\/\/t.me\/+BrIuI_-gkNhhYTE0","type":"megagroup","message":"发送成功","message_id":10287}],"failed":[],"debug":["处理标识符: https:\/\/t.me\/+BrIuI_-gkNhhYTE0, 清理后: https:\/\/t.me\/+BrIuI_-gkNhhYTE0, 识别为链接: True, 识别为数字ID: False"],"warning":""},"api_address":"185.165.170.142:5014"}
[2026-02-19T22:39:46+08:00][info] 消息ID缓存成功: task_id=35, group_id=https://t.me/+BrIuI_-gkNhhYTE0, msg_index=1703, message_id=10287, send_user_id=2430
[2026-02-19T22:39:46+08:00][info] 消息状态标记为已发送: task_id=35, group_id=https://t.me/+BrIuI_-gkNhhYTE0, msg_index=1703
[2026-02-19T22:39:46+08:00][info] 任务 35 将在 100 秒后继续处理下一条消息，索引: 1704, 实例ID: task_35_index_1704_1771511986.7571
[2026-02-19T22:39:47+08:00][info] 开始处理队列任务: task_id=34, current_index=1491
[2026-02-19T22:39:48+08:00][info] 消息缓存初始化完成: task_id=34, groups=https://t.me/+CUyn8iqnQwEzNDY0
[2026-02-19T22:39:48+08:00][info] 任务 34 第 2 次循环，重置群组 https://t.me/+CUyn8iqnQwEzNDY0 消息状态
[2026-02-19T22:39:48+08:00][info] 使用当前发送用户 2427 的 session_path/www/wwwroot/tdata.tgbota.top/public/uploads/admin/202602/69862ac4b6550/817026167076/tdata/temp_8260405777.session
[2026-02-19T22:39:50+08:00][info] 返回:{"status":true,"message":"发送完成，成功1个，失败0个[]","data":{"success":[{"group_id":3719450736,"group_link":"https:\/\/t.me\/+CUyn8iqnQwEzNDY0","type":"megagroup","message":"发送成功","message_id":10235}],"failed":[],"debug":["处理标识符: https:\/\/t.me\/+CUyn8iqnQwEzNDY0, 清理后: https:\/\/t.me\/+CUyn8iqnQwEzNDY0, 识别为链接: True, 识别为数字ID: False"],"warning":""},"api_address":"185.165.170.142:5011"}
[2026-02-19T22:39:50+08:00][info] 消息ID缓存成功: task_id=34, group_id=https://t.me/+CUyn8iqnQwEzNDY0, msg_index=1491, message_id=10235, send_user_id=2427
[2026-02-19T22:39:50+08:00][info] 消息状态标记为已发送: task_id=34, group_id=https://t.me/+CUyn8iqnQwEzNDY0, msg_index=1491
[2026-02-19T22:39:50+08:00][info] 任务 34 将在 128 秒后继续处理下一条消息，索引: 1492, 实例ID: task_34_index_1492_1771511990.3762
[2026-02-19T22:39:53+08:00][info] 开始处理队列任务: task_id=28, current_index=1623
[2026-02-19T22:39:53+08:00][info] 消息缓存初始化完成: task_id=28, groups=https://t.me/+Hg62NsrbOCZmZmY8
[2026-02-19T22:39:53+08:00][info] 任务 28 第 3 次循环，重置群组 https://t.me/+Hg62NsrbOCZmZmY8 消息状态
[2026-02-19T22:39:53+08:00][info] 使用消息配置中指定的用户 2366 的 session_path/www/wwwroot/tdata.tgbota.top/public/uploads/admin/202601/6971e94ea480a/16079442631/tdata/temp_8415393991.session
[2026-02-19T22:39:54+08:00][info] 开始处理队列任务: task_id=31, current_index=1624
[2026-02-19T22:39:54+08:00][info] 消息缓存初始化完成: task_id=31, groups=https://t.me/+4azhFwWhx1czMzE0
[2026-02-19T22:39:54+08:00][info] 任务 31 第 3 次循环，重置群组 https://t.me/+4azhFwWhx1czMzE0 消息状态
[2026-02-19T22:39:54+08:00][info] 使用消息配置中指定的用户 2359 的 session_path/www/wwwroot/tdata.tgbota.top/public/uploads/admin/202601/6971e94ea480a/16096922406/tdata/temp_7666213322.session
[2026-02-19T22:39:56+08:00][info] 返回:{"status":true,"message":"发送完成，成功1个，失败0个[]","data":{"success":[{"group_id":3657218256,"group_link":"https:\/\/t.me\/+Hg62NsrbOCZmZmY8","type":"megagroup","message":"发送成功","message_id":21654}],"failed":[],"debug":["处理标识符: https:\/\/t.me\/+Hg62NsrbOCZmZmY8, 清理后: https:\/\/t.me\/+Hg62NsrbOCZmZmY8, 识别为链接: True, 识别为数字ID: False"],"warning":""},"api_address":"185.165.170.142:5101"}
[2026-02-19T22:39:56+08:00][info] 消息ID缓存成功: task_id=28, group_id=https://t.me/+Hg62NsrbOCZmZmY8, msg_index=1623, message_id=21654, send_user_id=2366
[2026-02-19T22:39:56+08:00][info] 消息状态标记为已发送: task_id=28, group_id=https://t.me/+Hg62NsrbOCZmZmY8, msg_index=1623
[2026-02-19T22:39:56+08:00][info] 任务 28 将在 76 秒后继续处理下一条消息，索引: 1624, 实例ID: task_28_index_1624_1771511996.1429
[2026-02-19T22:39:56+08:00][info] 开始处理队列任务: task_id=36, current_index=1654
[2026-02-19T22:39:56+08:00][info] 消息缓存初始化完成: task_id=36, groups=https://t.me/+o12qlRNkdiViMjE0
[2026-02-19T22:39:56+08:00][info] 任务 36 第 3 次循环，重置群组 https://t.me/+o12qlRNkdiViMjE0 消息状态
[2026-02-19T22:39:56+08:00][info] 使用当前发送用户 2430 的 session_path/www/wwwroot/tdata.tgbota.top/public/uploads/admin/202602/69862ac4b6550/818014390605/tdata/temp_8368623564.session
[2026-02-19T22:39:57+08:00][info] 返回:{"status":true,"message":"发送完成，成功1个，失败0个[]","data":{"success":[{"group_id":3079998653,"group_link":"https:\/\/t.me\/+4azhFwWhx1czMzE0","type":"megagroup","message":"发送成功","message_id":14477}],"failed":[],"debug":["处理标识符: https:\/\/t.me\/+4azhFwWhx1czMzE0, 清理后: https:\/\/t.me\/+4azhFwWhx1czMzE0, 识别为链接: True, 识别为数字ID: False"],"warning":""},"api_address":"185.165.170.142:5094"}
[2026-02-19T22:39:57+08:00][info] 消息ID缓存成功: task_id=31, group_id=https://t.me/+4azhFwWhx1czMzE0, msg_index=1624, message_id=14477, send_user_id=2359
[2026-02-19T22:39:57+08:00][info] 消息状态标记为已发送: task_id=31, group_id=https://t.me/+4azhFwWhx1czMzE0, msg_index=1624
[2026-02-19T22:39:57+08:00][info] 任务 31 将在 85 秒后继续处理下一条消息，索引: 1625, 实例ID: task_31_index_1625_1771511997.5833
[2026-02-19T22:39:58+08:00][info] 返回:{"status":true,"message":"发送完成，成功1个，失败0个[]","data":{"success":[{"group_id":3479387283,"group_link":"https:\/\/t.me\/+o12qlRNkdiViMjE0","type":"megagroup","message":"发送成功","message_id":10299}],"failed":[],"debug":["处理标识符: https:\/\/t.me\/+o12qlRNkdiViMjE0, 清理后: https:\/\/t.me\/+o12qlRNkdiViMjE0, 识别为链接: True, 识别为数字ID: False"],"warning":""},"api_address":"185.165.170.142:5014"}
[2026-02-19T22:39:58+08:00][info] 消息ID缓存成功: task_id=36, group_id=https://t.me/+o12qlRNkdiViMjE0, msg_index=1654, message_id=10299, send_user_id=2430
[2026-02-19T22:39:58+08:00][info] 消息状态标记为已发送: task_id=36, group_id=https://t.me/+o12qlRNkdiViMjE0, msg_index=1654
[2026-02-19T22:39:59+08:00][info] 任务 36 将在 83 秒后继续处理下一条消息，索引: 1655, 实例ID: task_36_index_1655_1771511999.7427
[2026-02-19T22:40:10+08:00][info] 开始处理队列任务: task_id=40, current_index=341
[2026-02-19T22:40:10+08:00][info] 使用消息配置中指定的用户 3129 的 session_path/www/wwwroot/tdata.tgbota.top/public/uploads/admin/202602/699625adf380f/14703051659/tdata/temp_8561214398.session
[2026-02-19T22:40:15+08:00][info] 返回:{"status":true,"message":"发送完成，成功1个，失败0个[]","data":{"success":[{"group_id":3799666589,"group_link":"https:\/\/t.me\/+IfyZ_OVthdI5YzNk","type":"megagroup","message":"发送成功","message_id":494}],"failed":[],"debug":["处理标识符: https:\/\/t.me\/+IfyZ_OVthdI5YzNk, 清理后: https:\/\/t.me\/+IfyZ_OVthdI5YzNk, 识别为链接: True, 识别为数字ID: False"],"warning":""},"api_address":"185.165.170.142:5145"}
[2026-02-19T22:40:15+08:00][info] 消息ID缓存成功: task_id=40, group_id=https://t.me/+IfyZ_OVthdI5YzNk, msg_index=341, message_id=494, send_user_id=3129
[2026-02-19T22:40:15+08:00][info] 消息状态标记为已发送: task_id=40, group_id=https://t.me/+IfyZ_OVthdI5YzNk, msg_index=341
[2026-02-19T22:40:15+08:00][info] 任务 40 将在 93 秒后继续处理下一条消息，索引: 342, 实例ID: task_40_index_342_1771512015.3872
[2026-02-19T22:40:25+08:00][info] 开始处理队列任务: task_id=38, current_index=343
[2026-02-19T22:40:25+08:00][info] 使用消息配置中指定的用户 3117 的 session_path/www/wwwroot/tdata.tgbota.top/public/uploads/admin/202602/699625adf380f/14588549238/tdata/temp_8544516034.session
[2026-02-19T22:40:26+08:00][info] 开始处理队列任务: task_id=27, current_index=1587
[2026-02-19T22:40:27+08:00][info] 消息缓存初始化完成: task_id=27, groups=https://t.me/+_XaTo9Qrv0VjOTM0
[2026-02-19T22:40:27+08:00][info] 任务 27 第 3 次循环，重置群组 https://t.me/+_XaTo9Qrv0VjOTM0 消息状态
[2026-02-19T22:40:27+08:00][info] 使用feedbackType=1564的消息ID: 33177
[2026-02-19T22:40:27+08:00][info] 使用消息配置中指定的用户 2352 的 session_path/www/wwwroot/tdata.tgbota.top/public/uploads/admin/202601/6971e94ea480a/16109567157/tdata/temp_8192937996.session
[2026-02-19T22:40:28+08:00][info] 返回:{"status":true,"message":"发送完成，成功1个，失败0个[]","data":{"success":[{"group_id":3794396962,"group_link":"https:\/\/t.me\/+69dYKDni-wFmYWE0","type":"megagroup","message":"发送成功","message_id":495}],"failed":[],"debug":["处理标识符: https:\/\/t.me\/+69dYKDni-wFmYWE0, 清理后: https:\/\/t.me\/+69dYKDni-wFmYWE0, 识别为链接: True, 识别为数字ID: False"],"warning":""},"api_address":"185.165.170.142:5133"}
[2026-02-19T22:40:28+08:00][info] 消息ID缓存成功: task_id=38, group_id=https://t.me/+69dYKDni-wFmYWE0, msg_index=343, message_id=495, send_user_id=3117
[2026-02-19T22:40:28+08:00][info] 消息状态标记为已发送: task_id=38, group_id=https://t.me/+69dYKDni-wFmYWE0, msg_index=343
[2026-02-19T22:40:28+08:00][info] 任务 38 将在 105 秒后继续处理下一条消息，索引: 344, 实例ID: task_38_index_344_1771512028.4074
[2026-02-19T22:40:30+08:00][info] 返回:{"status":true,"message":"发送完成，成功1个，失败0个[]","data":{"success":[{"group_id":3649225144,"group_link":"https:\/\/t.me\/+_XaTo9Qrv0VjOTM0","type":"megagroup","message":"发送成功","message_id":33201}],"failed":[],"debug":["处理标识符: https:\/\/t.me\/+_XaTo9Qrv0VjOTM0, 清理后: https:\/\/t.me\/+_XaTo9Qrv0VjOTM0, 识别为链接: True, 识别为数字ID: False"],"warning":""},"api_address":"185.165.170.142:5087"}
[2026-02-19T22:40:30+08:00][info] 消息ID缓存成功: task_id=27, group_id=https://t.me/+_XaTo9Qrv0VjOTM0, msg_index=1587, message_id=33201, send_user_id=2352
[2026-02-19T22:40:30+08:00][info] 消息状态标记为已发送: task_id=27, group_id=https://t.me/+_XaTo9Qrv0VjOTM0, msg_index=1587
[2026-02-19T22:40:30+08:00][info] 任务 27 将在 78 秒后继续处理下一条消息，索引: 1588, 实例ID: task_27_index_1588_1771512030.0845
[2026-02-19T22:40:36+08:00][info] 开始处理队列任务: task_id=25, current_index=1618
[2026-02-19T22:40:36+08:00][info] 消息缓存初始化完成: task_id=25, groups=https://t.me/+HZFEhfAwKjhmZDZk
[2026-02-19T22:40:36+08:00][info] 任务 25 第 3 次循环，重置群组 https://t.me/+HZFEhfAwKjhmZDZk 消息状态
[2026-02-19T22:40:36+08:00][info] 使用当前发送用户 1306 的 session_path/www/wwwroot/tdata.tgbota.top/public/uploads/admin/202512/695387359e84b/8615211864541/tdata/temp_8070129982.session
[2026-02-19T22:40:38+08:00][info] 返回:{"status":true,"message":"发送完成，成功1个，失败0个[]","data":{"success":[{"group_id":3482989339,"group_link":"https:\/\/t.me\/+HZFEhfAwKjhmZDZk","type":"megagroup","message":"发送成功","message_id":30172}],"failed":[],"debug":["处理标识符: https:\/\/t.me\/+HZFEhfAwKjhmZDZk, 清理后: https:\/\/t.me\/+HZFEhfAwKjhmZDZk, 识别为链接: True, 识别为数字ID: False"],"warning":""},"api_address":"185.165.170.142:5098"}
[2026-02-19T22:40:38+08:00][info] 消息ID缓存成功: task_id=25, group_id=https://t.me/+HZFEhfAwKjhmZDZk, msg_index=1618, message_id=30172, send_user_id=1306
[2026-02-19T22:40:38+08:00][info] 消息状态标记为已发送: task_id=25, group_id=https://t.me/+HZFEhfAwKjhmZDZk, msg_index=1618
[2026-02-19T22:40:38+08:00][info] 任务 25 将在 90 秒后继续处理下一条消息，索引: 1619, 实例ID: task_25_index_1619_1771512038.0547
[2026-02-19T22:40:38+08:00][info] 开始处理队列任务: task_id=33, current_index=1491
[2026-02-19T22:40:38+08:00][info] 消息缓存初始化完成: task_id=33, groups=https://t.me/+wcqRUxDn6zczYmM0
[2026-02-19T22:40:38+08:00][info] 任务 33 第 2 次循环，重置群组 https://t.me/+wcqRUxDn6zczYmM0 消息状态
[2026-02-19T22:40:38+08:00][info] 使用当前发送用户 2427 的 session_path/www/wwwroot/tdata.tgbota.top/public/uploads/admin/202602/69862ac4b6550/817026167076/tdata/temp_8260405777.session
[2026-02-19T22:40:40+08:00][info] 返回:{"status":true,"message":"发送完成，成功1个，失败0个[]","data":{"success":[{"group_id":3658905404,"group_link":"https:\/\/t.me\/+wcqRUxDn6zczYmM0","type":"megagroup","message":"发送成功","message_id":10074}],"failed":[],"debug":["处理标识符: https:\/\/t.me\/+wcqRUxDn6zczYmM0, 清理后: https:\/\/t.me\/+wcqRUxDn6zczYmM0, 识别为链接: True, 识别为数字ID: False"],"warning":""},"api_address":"185.165.170.142:5011"}
[2026-02-19T22:40:40+08:00][info] 消息ID缓存成功: task_id=33, group_id=https://t.me/+wcqRUxDn6zczYmM0, msg_index=1491, message_id=10074, send_user_id=2427
[2026-02-19T22:40:40+08:00][info] 消息状态标记为已发送: task_id=33, group_id=https://t.me/+wcqRUxDn6zczYmM0, msg_index=1491
[2026-02-19T22:40:40+08:00][info] 任务 33 将在 128 秒后继续处理下一条消息，索引: 1492, 实例ID: task_33_index_1492_1771512040.0647
[2026-02-19T22:40:57+08:00][info] 开始处理队列任务: task_id=37, current_index=1691
[2026-02-19T22:40:57+08:00][info] 消息缓存初始化完成: task_id=37, groups=https://t.me/+DUAGbZI5vW41NWI8
[2026-02-19T22:40:57+08:00][info] 任务 37 第 3 次循环，重置群组 https://t.me/+DUAGbZI5vW41NWI8 消息状态
[2026-02-19T22:40:57+08:00][info] 使用当前发送用户 2428 的 session_path/www/wwwroot/tdata.tgbota.top/public/uploads/admin/202602/69862ac4b6550/818010988368/tdata/temp_8297606235.session
[2026-02-19T22:40:59+08:00][info] 返回:{"status":true,"message":"发送完成，成功1个，失败0个[]","data":{"success":[{"group_id":3732578862,"group_link":"https:\/\/t.me\/+DUAGbZI5vW41NWI8","type":"megagroup","message":"发送成功","message_id":8465}],"failed":[],"debug":["处理标识符: https:\/\/t.me\/+DUAGbZI5vW41NWI8, 清理后: https:\/\/t.me\/+DUAGbZI5vW41NWI8, 识别为链接: True, 识别为数字ID: False"],"warning":""},"api_address":"185.165.170.142:5012"}
[2026-02-19T22:40:59+08:00][info] 消息ID缓存成功: task_id=37, group_id=https://t.me/+DUAGbZI5vW41NWI8, msg_index=1691, message_id=8465, send_user_id=2428
[2026-02-19T22:40:59+08:00][info] 消息状态标记为已发送: task_id=37, group_id=https://t.me/+DUAGbZI5vW41NWI8, msg_index=1691
[2026-02-19T22:40:59+08:00][info] 任务 37 将在 87 秒后继续处理下一条消息，索引: 1692, 实例ID: task_37_index_1692_1771512059.2675
[2026-02-19T22:41:09+08:00][info] 开始处理队列任务: task_id=29, current_index=1619
[2026-02-19T22:41:09+08:00][info] 消息缓存初始化完成: task_id=29, groups=https://t.me/+WZlsKfz1W89jYjE0
[2026-02-19T22:41:09+08:00][info] 任务 29 第 3 次循环，重置群组 https://t.me/+WZlsKfz1W89jYjE0 消息状态
[2026-02-19T22:41:09+08:00][info] 使用当前发送用户 1306 的 session_path/www/wwwroot/tdata.tgbota.top/public/uploads/admin/202512/695387359e84b/8615211864541/tdata/temp_8070129982.session
[2026-02-19T22:41:11+08:00][info] 返回:{"status":true,"message":"发送完成，成功1个，失败0个[]","data":{"success":[{"group_id":3780502866,"group_link":"https:\/\/t.me\/+WZlsKfz1W89jYjE0","type":"megagroup","message":"发送成功","message_id":21713}],"failed":[],"debug":["处理标识符: https:\/\/t.me\/+WZlsKfz1W89jYjE0, 清理后: https:\/\/t.me\/+WZlsKfz1W89jYjE0, 识别为链接: True, 识别为数字ID: False"],"warning":""},"api_address":"185.165.170.142:5098"}
[2026-02-19T22:41:11+08:00][info] 消息ID缓存成功: task_id=29, group_id=https://t.me/+WZlsKfz1W89jYjE0, msg_index=1619, message_id=21713, send_user_id=1306
[2026-02-19T22:41:11+08:00][info] 消息状态标记为已发送: task_id=29, group_id=https://t.me/+WZlsKfz1W89jYjE0, msg_index=1619
[2026-02-19T22:41:11+08:00][info] 任务 29 将在 80 秒后继续处理下一条消息，索引: 1620, 实例ID: task_29_index_1620_1771512071.6714
[2026-02-19T22:41:12+08:00][info] 开始处理队列任务: task_id=28, current_index=1624
[2026-02-19T22:41:13+08:00][info] 消息缓存初始化完成: task_id=28, groups=https://t.me/+Hg62NsrbOCZmZmY8
[2026-02-19T22:41:13+08:00][info] 任务 28 第 3 次循环，重置群组 https://t.me/+Hg62NsrbOCZmZmY8 消息状态
[2026-02-19T22:41:13+08:00][info] 使用消息配置中指定的用户 2359 的 session_path/www/wwwroot/tdata.tgbota.top/public/uploads/admin/202601/6971e94ea480a/16096922406/tdata/temp_7666213322.session
[2026-02-19T22:41:16+08:00][info] 返回:{"status":true,"message":"发送完成，成功1个，失败0个[]","data":{"success":[{"group_id":3657218256,"group_link":"https:\/\/t.me\/+Hg62NsrbOCZmZmY8","type":"megagroup","message":"发送成功","message_id":21655}],"failed":[],"debug":["处理标识符: https:\/\/t.me\/+Hg62NsrbOCZmZmY8, 清理后: https:\/\/t.me\/+Hg62NsrbOCZmZmY8, 识别为链接: True, 识别为数字ID: False"],"warning":""},"api_address":"185.165.170.142:5094"}
[2026-02-19T22:41:16+08:00][info] 消息ID缓存成功: task_id=28, group_id=https://t.me/+Hg62NsrbOCZmZmY8, msg_index=1624, message_id=21655, send_user_id=2359
[2026-02-19T22:41:16+08:00][info] 消息状态标记为已发送: task_id=28, group_id=https://t.me/+Hg62NsrbOCZmZmY8, msg_index=1624
[2026-02-19T22:41:16+08:00][info] 任务 28 将在 85 秒后继续处理下一条消息，索引: 1625, 实例ID: task_28_index_1625_1771512076.8076
[2026-02-19T22:41:18+08:00][info] 开始处理队列任务: task_id=39, current_index=343
[2026-02-19T22:41:18+08:00][info] 使用消息配置中指定的用户 3117 的 session_path/www/wwwroot/tdata.tgbota.top/public/uploads/admin/202602/699625adf380f/14588549238/tdata/temp_8544516034.session
[2026-02-19T22:41:21+08:00][info] 返回:{"status":true,"message":"发送完成，成功1个，失败0个[]","data":{"success":[{"group_id":3770869551,"group_link":"https:\/\/t.me\/+ZpSvBhFQCCEwMzdk","type":"megagroup","message":"发送成功","message_id":495}],"failed":[],"debug":["处理标识符: https:\/\/t.me\/+ZpSvBhFQCCEwMzdk, 清理后: https:\/\/t.me\/+ZpSvBhFQCCEwMzdk, 识别为链接: True, 识别为数字ID: False"],"warning":""},"api_address":"185.165.170.142:5133"}
[2026-02-19T22:41:21+08:00][info] 消息ID缓存成功: task_id=39, group_id=https://t.me/+ZpSvBhFQCCEwMzdk, msg_index=343, message_id=495, send_user_id=3117
[2026-02-19T22:41:21+08:00][info] 消息状态标记为已发送: task_id=39, group_id=https://t.me/+ZpSvBhFQCCEwMzdk, msg_index=343
[2026-02-19T22:41:21+08:00][info] 任务 39 将在 105 秒后继续处理下一条消息，索引: 344, 实例ID: task_39_index_344_1771512081.1969
[2026-02-19T22:41:22+08:00][info] 开始处理队列任务: task_id=31, current_index=1625
[2026-02-19T22:41:22+08:00][info] 消息缓存初始化完成: task_id=31, groups=https://t.me/+4azhFwWhx1czMzE0
[2026-02-19T22:41:22+08:00][info] 任务 31 第 3 次循环，重置群组 https://t.me/+4azhFwWhx1czMzE0 消息状态
[2026-02-19T22:41:22+08:00][info] 使用消息配置中指定的用户 2352 的 session_path/www/wwwroot/tdata.tgbota.top/public/uploads/admin/202601/6971e94ea480a/16109567157/tdata/temp_8192937996.session
[2026-02-19T22:41:22+08:00][info] 开始处理队列任务: task_id=36, current_index=1655
[2026-02-19T22:41:22+08:00][info] 消息缓存初始化完成: task_id=36, groups=https://t.me/+o12qlRNkdiViMjE0
[2026-02-19T22:41:22+08:00][info] 任务 36 第 3 次循环，重置群组 https://t.me/+o12qlRNkdiViMjE0 消息状态
[2026-02-19T22:41:22+08:00][info] 从数据库获取用户 2496 的 session_path
[2026-02-19T22:41:24+08:00][info] 返回:{"status":true,"message":"发送完成，成功1个，失败0个[]","data":{"success":[{"group_id":3479387283,"group_link":"https:\/\/t.me\/+o12qlRNkdiViMjE0","type":"megagroup","message":"发送成功","message_id":10300}],"failed":[],"debug":["处理标识符: https:\/\/t.me\/+o12qlRNkdiViMjE0, 清理后: https:\/\/t.me\/+o12qlRNkdiViMjE0, 识别为链接: True, 识别为数字ID: False"],"warning":""},"api_address":"185.165.170.142:5080"}
[2026-02-19T22:41:24+08:00][info] 消息ID缓存成功: task_id=36, group_id=https://t.me/+o12qlRNkdiViMjE0, msg_index=1655, message_id=10300, send_user_id=2496
[2026-02-19T22:41:24+08:00][info] 消息状态标记为已发送: task_id=36, group_id=https://t.me/+o12qlRNkdiViMjE0, msg_index=1655
[2026-02-19T22:41:24+08:00][info] 任务 36 将在 90 秒后继续处理下一条消息，索引: 1656, 实例ID: task_36_index_1656_1771512084.4953
[2026-02-19T22:41:25+08:00][info] 返回:{"status":true,"message":"发送完成，成功1个，失败0个[]","data":{"success":[{"group_id":3079998653,"group_link":"https:\/\/t.me\/+4azhFwWhx1czMzE0","type":"megagroup","message":"发送成功","message_id":14478}],"failed":[],"debug":["处理标识符: https:\/\/t.me\/+4azhFwWhx1czMzE0, 清理后: https:\/\/t.me\/+4azhFwWhx1czMzE0, 识别为链接: True, 识别为数字ID: False"],"warning":""},"api_address":"185.165.170.142:5087"}
[2026-02-19T22:41:25+08:00][info] 消息ID缓存成功: task_id=31, group_id=https://t.me/+4azhFwWhx1czMzE0, msg_index=1625, message_id=14478, send_user_id=2352
[2026-02-19T22:41:25+08:00][info] 消息状态标记为已发送: task_id=31, group_id=https://t.me/+4azhFwWhx1czMzE0, msg_index=1625
[2026-02-19T22:41:25+08:00][info] 任务 31 将在 87 秒后继续处理下一条消息，索引: 1626, 实例ID: task_31_index_1626_1771512085.6447
[2026-02-19T22:41:26+08:00][info] 开始处理队列任务: task_id=35, current_index=1704
[2026-02-19T22:41:27+08:00][info] 消息缓存初始化完成: task_id=35, groups=https://t.me/+BrIuI_-gkNhhYTE0
[2026-02-19T22:41:27+08:00][info] 任务 35 第 3 次循环，重置群组 https://t.me/+BrIuI_-gkNhhYTE0 消息状态
[2026-02-19T22:41:27+08:00][info] 使用feedbackType=1702的消息ID: 10285
[2026-02-19T22:41:27+08:00][info] 使用消息配置中指定的用户 2474 的 session_path/www/wwwroot/tdata.tgbota.top/public/uploads/admin/202602/69862ac4b6550/817039604873/tdata/temp_8593867136.session
[2026-02-19T22:41:31+08:00][info] 返回:{"status":true,"message":"发送完成，成功1个，失败0个[]","data":{"success":[{"group_id":3646934744,"group_link":"https:\/\/t.me\/+BrIuI_-gkNhhYTE0","type":"megagroup","message":"发送成功","message_id":10288}],"failed":[],"debug":["处理标识符: https:\/\/t.me\/+BrIuI_-gkNhhYTE0, 清理后: https:\/\/t.me\/+BrIuI_-gkNhhYTE0, 识别为链接: True, 识别为数字ID: False","文件1有效: \/www\/wwwroot\/tdata.tgbota.top\/public\/uploads\/admin\/202512\/693ae3bfb03c1.jpg (36563字节)","发送单个文件: \/www\/wwwroot\/tdata.tgbota.top\/public\/uploads\/admin\/202512\/693ae3bfb03c1.jpg"],"warning":""},"api_address":"185.165.170.142:5058"}
[2026-02-19T22:41:31+08:00][info] 消息ID缓存成功: task_id=35, group_id=https://t.me/+BrIuI_-gkNhhYTE0, msg_index=1704, message_id=10288, send_user_id=2474
[2026-02-19T22:41:31+08:00][info] 消息状态标记为已发送: task_id=35, group_id=https://t.me/+BrIuI_-gkNhhYTE0, msg_index=1704
[2026-02-19T22:41:31+08:00][info] 任务 35 将在 108 秒后继续处理下一条消息，索引: 1705, 实例ID: task_35_index_1705_1771512091.4791
[2026-02-19T22:41:48+08:00][info] 开始处理队列任务: task_id=27, current_index=1588
[2026-02-19T22:41:48+08:00][info] 消息缓存初始化完成: task_id=27, groups=https://t.me/+_XaTo9Qrv0VjOTM0
[2026-02-19T22:41:48+08:00][info] 任务 27 第 3 次循环，重置群组 https://t.me/+_XaTo9Qrv0VjOTM0 消息状态
[2026-02-19T22:41:48+08:00][info] 使用消息配置中指定的用户 2345 的 session_path/www/wwwroot/tdata.tgbota.top/public/uploads/admin/202601/6971e94ea480a/16067226356/tdata/temp_8362406307.session
[2026-02-19T22:41:48+08:00][info] 开始处理队列任务: task_id=40, current_index=342
[2026-02-19T22:41:48+08:00][info] 使用消息配置中指定的用户 3135 的 session_path/www/wwwroot/tdata.tgbota.top/public/uploads/admin/202602/699625adf380f/14648007007/tdata/temp_8585666970.session
[2026-02-19T22:41:51+08:00][info] 返回:{"status":true,"message":"发送完成，成功1个，失败0个[]","data":{"success":[{"group_id":3649225144,"group_link":"https:\/\/t.me\/+_XaTo9Qrv0VjOTM0","type":"megagroup","message":"发送成功","message_id":33202}],"failed":[],"debug":["处理标识符: https:\/\/t.me\/+_XaTo9Qrv0VjOTM0, 清理后: https:\/\/t.me\/+_XaTo9Qrv0VjOTM0, 识别为链接: True, 识别为数字ID: False"],"warning":""},"api_address":"185.165.170.142:5080"}
[2026-02-19T22:41:51+08:00][info] 消息ID缓存成功: task_id=27, group_id=https://t.me/+_XaTo9Qrv0VjOTM0, msg_index=1588, message_id=33202, send_user_id=2345
[2026-02-19T22:41:51+08:00][info] 消息状态标记为已发送: task_id=27, group_id=https://t.me/+_XaTo9Qrv0VjOTM0, msg_index=1588
[2026-02-19T22:41:51+08:00][info] 任务 27 将在 88 秒后继续处理下一条消息，索引: 1589, 实例ID: task_27_index_1589_1771512111.2152
[2026-02-19T22:41:51+08:00][info] 返回:{"status":true,"message":"发送完成，成功1个，失败0个[]","data":{"success":[{"group_id":3799666589,"group_link":"https:\/\/t.me\/+IfyZ_OVthdI5YzNk","type":"megagroup","message":"发送成功","message_id":495}],"failed":[],"debug":["处理标识符: https:\/\/t.me\/+IfyZ_OVthdI5YzNk, 清理后: https:\/\/t.me\/+IfyZ_OVthdI5YzNk, 识别为链接: True, 识别为数字ID: False"],"warning":""},"api_address":"185.165.170.142:5000"}
[2026-02-19T22:41:51+08:00][info] 消息ID缓存成功: task_id=40, group_id=https://t.me/+IfyZ_OVthdI5YzNk, msg_index=342, message_id=495, send_user_id=3135
[2026-02-19T22:41:51+08:00][info] 消息状态标记为已发送: task_id=40, group_id=https://t.me/+IfyZ_OVthdI5YzNk, msg_index=342
[2026-02-19T22:41:51+08:00][info] 任务 40 将在 95 秒后继续处理下一条消息，索引: 343, 实例ID: task_40_index_343_1771512111.2522
[2026-02-19T22:41:58+08:00][info] 开始处理队列任务: task_id=34, current_index=1492
[2026-02-19T22:41:58+08:00][info] 消息缓存初始化完成: task_id=34, groups=https://t.me/+CUyn8iqnQwEzNDY0
[2026-02-19T22:41:58+08:00][info] 任务 34 第 2 次循环，重置群组 https://t.me/+CUyn8iqnQwEzNDY0 消息状态
[2026-02-19T22:41:58+08:00][info] 使用当前发送用户 2423 的 session_path/www/wwwroot/tdata.tgbota.top/public/uploads/admin/202602/69862ac4b6550/817039604699/tdata/temp_8188906594.session
[2026-02-19T22:42:00+08:00][info] 返回:{"status":true,"message":"发送完成，成功1个，失败0个[]","data":{"success":[{"group_id":3719450736,"group_link":"https:\/\/t.me\/+CUyn8iqnQwEzNDY0","type":"megagroup","message":"发送成功","message_id":10236}],"failed":[],"debug":["处理标识符: https:\/\/t.me\/+CUyn8iqnQwEzNDY0, 清理后: https:\/\/t.me\/+CUyn8iqnQwEzNDY0, 识别为链接: True, 识别为数字ID: False"],"warning":""},"api_address":"185.165.170.142:5007"}
[2026-02-19T22:42:00+08:00][info] 消息ID缓存成功: task_id=34, group_id=https://t.me/+CUyn8iqnQwEzNDY0, msg_index=1492, message_id=10236, send_user_id=2423
[2026-02-19T22:42:00+08:00][info] 消息状态标记为已发送: task_id=34, group_id=https://t.me/+CUyn8iqnQwEzNDY0, msg_index=1492
[2026-02-19T22:42:00+08:00][info] 任务 34 将在 90 秒后继续处理下一条消息，索引: 1493, 实例ID: task_34_index_1493_1771512120.4824
[2026-02-19T22:42:08+08:00][info] 开始处理队列任务: task_id=25, current_index=1619
[2026-02-19T22:42:08+08:00][info] 消息缓存初始化完成: task_id=25, groups=https://t.me/+HZFEhfAwKjhmZDZk
[2026-02-19T22:42:08+08:00][info] 任务 25 第 3 次循环，重置群组 https://t.me/+HZFEhfAwKjhmZDZk 消息状态
[2026-02-19T22:42:08+08:00][info] 使用当前发送用户 1306 的 session_path/www/wwwroot/tdata.tgbota.top/public/uploads/admin/202512/695387359e84b/8615211864541/tdata/temp_8070129982.session
[2026-02-19T22:42:09+08:00][info] 返回:{"status":true,"message":"发送完成，成功1个，失败0个[]","data":{"success":[{"group_id":3482989339,"group_link":"https:\/\/t.me\/+HZFEhfAwKjhmZDZk","type":"megagroup","message":"发送成功","message_id":30173}],"failed":[],"debug":["处理标识符: https:\/\/t.me\/+HZFEhfAwKjhmZDZk, 清理后: https:\/\/t.me\/+HZFEhfAwKjhmZDZk, 识别为链接: True, 识别为数字ID: False"],"warning":""},"api_address":"185.165.170.142:5098"}
[2026-02-19T22:42:09+08:00][info] 消息ID缓存成功: task_id=25, group_id=https://t.me/+HZFEhfAwKjhmZDZk, msg_index=1619, message_id=30173, send_user_id=1306
[2026-02-19T22:42:09+08:00][info] 消息状态标记为已发送: task_id=25, group_id=https://t.me/+HZFEhfAwKjhmZDZk, msg_index=1619
[2026-02-19T22:42:10+08:00][info] 任务 25 将在 80 秒后继续处理下一条消息，索引: 1620, 实例ID: task_25_index_1620_1771512130.0002
[2026-02-19T22:42:13+08:00][info] 开始处理队列任务: task_id=38, current_index=344
[2026-02-19T22:42:13+08:00][info] 使用feedbackType=342的消息ID: 493
[2026-02-19T22:42:13+08:00][info] 使用消息配置中指定的用户 3123 的 session_path/www/wwwroot/tdata.tgbota.top/public/uploads/admin/202602/699625adf380f/14709435838/tdata/temp_8090033030.session
[2026-02-19T22:42:16+08:00][info] 返回:{"status":true,"message":"发送完成，成功1个，失败0个[]","data":{"success":[{"group_id":3794396962,"group_link":"https:\/\/t.me\/+69dYKDni-wFmYWE0","type":"megagroup","message":"发送成功","message_id":496}],"failed":[],"debug":["处理标识符: https:\/\/t.me\/+69dYKDni-wFmYWE0, 清理后: https:\/\/t.me\/+69dYKDni-wFmYWE0, 识别为链接: True, 识别为数字ID: False"],"warning":""},"api_address":"185.165.170.142:5139"}
[2026-02-19T22:42:16+08:00][info] 消息ID缓存成功: task_id=38, group_id=https://t.me/+69dYKDni-wFmYWE0, msg_index=344, message_id=496, send_user_id=3123
[2026-02-19T22:42:16+08:00][info] 消息状态标记为已发送: task_id=38, group_id=https://t.me/+69dYKDni-wFmYWE0, msg_index=344
[2026-02-19T22:42:16+08:00][info] 任务 38 将在 77 秒后继续处理下一条消息，索引: 345, 实例ID: task_38_index_345_1771512136.0759
[2026-02-19T22:42:26+08:00][info] 开始处理队列任务: task_id=37, current_index=1692
[2026-02-19T22:42:26+08:00][info] 消息缓存初始化完成: task_id=37, groups=https://t.me/+DUAGbZI5vW41NWI8
[2026-02-19T22:42:26+08:00][info] 任务 37 第 3 次循环，重置群组 https://t.me/+DUAGbZI5vW41NWI8 消息状态
[2026-02-19T22:42:26+08:00][info] 使用当前发送用户 2422 的 session_path/www/wwwroot/tdata.tgbota.top/public/uploads/admin/202602/69862ac4b6550/817039604182/tdata/temp_7972385542.session
[2026-02-19T22:42:28+08:00][info] 返回:{"status":true,"message":"发送完成，成功1个，失败0个[]","data":{"success":[{"group_id":3732578862,"group_link":"https:\/\/t.me\/+DUAGbZI5vW41NWI8","type":"megagroup","message":"发送成功","message_id":8466}],"failed":[],"debug":["处理标识符: https:\/\/t.me\/+DUAGbZI5vW41NWI8, 清理后: https:\/\/t.me\/+DUAGbZI5vW41NWI8, 识别为链接: True, 识别为数字ID: False"],"warning":""},"api_address":"185.165.170.142:5006"}
[2026-02-19T22:42:28+08:00][info] 消息ID缓存成功: task_id=37, group_id=https://t.me/+DUAGbZI5vW41NWI8, msg_index=1692, message_id=8466, send_user_id=2422
[2026-02-19T22:42:28+08:00][info] 消息状态标记为已发送: task_id=37, group_id=https://t.me/+DUAGbZI5vW41NWI8, msg_index=1692
[2026-02-19T22:42:28+08:00][info] 任务 37 将在 79 秒后继续处理下一条消息，索引: 1693, 实例ID: task_37_index_1693_1771512148.9725
[2026-02-19T22:42:31+08:00][info] 开始处理队列任务: task_id=29, current_index=1620
[2026-02-19T22:42:31+08:00][info] 消息缓存初始化完成: task_id=29, groups=https://t.me/+WZlsKfz1W89jYjE0
[2026-02-19T22:42:31+08:00][info] 任务 29 第 3 次循环，重置群组 https://t.me/+WZlsKfz1W89jYjE0 消息状态
[2026-02-19T22:42:31+08:00][info] 使用消息配置中指定的用户 2329 的 session_path/www/wwwroot/tdata.tgbota.top/public/uploads/admin/202601/6971e94ea480a/16156946690/tdata/temp_8306595883.session
[2026-02-19T22:42:33+08:00][info] 返回:{"status":true,"message":"发送完成，成功1个，失败0个[]","data":{"success":[{"group_id":3780502866,"group_link":"https:\/\/t.me\/+WZlsKfz1W89jYjE0","type":"megagroup","message":"发送成功","message_id":21714}],"failed":[],"debug":["处理标识符: https:\/\/t.me\/+WZlsKfz1W89jYjE0, 清理后: https:\/\/t.me\/+WZlsKfz1W89jYjE0, 识别为链接: True, 识别为数字ID: False"],"warning":""},"api_address":"185.165.170.142:5064"}
[2026-02-19T22:42:33+08:00][info] 消息ID缓存成功: task_id=29, group_id=https://t.me/+WZlsKfz1W89jYjE0, msg_index=1620, message_id=21714, send_user_id=2329
[2026-02-19T22:42:33+08:00][info] 消息状态标记为已发送: task_id=29, group_id=https://t.me/+WZlsKfz1W89jYjE0, msg_index=1620
[2026-02-19T22:42:33+08:00][info] 任务 29 将在 95 秒后继续处理下一条消息，索引: 1621, 实例ID: task_29_index_1621_1771512153.9756
[2026-02-19T22:42:42+08:00][info] 开始处理队列任务: task_id=28, current_index=1625
[2026-02-19T22:42:42+08:00][info] 消息缓存初始化完成: task_id=28, groups=https://t.me/+Hg62NsrbOCZmZmY8
[2026-02-19T22:42:42+08:00][info] 任务 28 第 3 次循环，重置群组 https://t.me/+Hg62NsrbOCZmZmY8 消息状态
[2026-02-19T22:42:42+08:00][info] 使用消息配置中指定的用户 2352 的 session_path/www/wwwroot/tdata.tgbota.top/public/uploads/admin/202601/6971e94ea480a/16109567157/tdata/temp_8192937996.session
[2026-02-19T22:42:45+08:00][info] 返回:{"status":true,"message":"发送完成，成功1个，失败0个[]","data":{"success":[{"group_id":3657218256,"group_link":"https:\/\/t.me\/+Hg62NsrbOCZmZmY8","type":"megagroup","message":"发送成功","message_id":21656}],"failed":[],"debug":["处理标识符: https:\/\/t.me\/+Hg62NsrbOCZmZmY8, 清理后: https:\/\/t.me\/+Hg62NsrbOCZmZmY8, 识别为链接: True, 识别为数字ID: False"],"warning":""},"api_address":"185.165.170.142:5087"}
[2026-02-19T22:42:45+08:00][info] 消息ID缓存成功: task_id=28, group_id=https://t.me/+Hg62NsrbOCZmZmY8, msg_index=1625, message_id=21656, send_user_id=2352
[2026-02-19T22:42:45+08:00][info] 消息状态标记为已发送: task_id=28, group_id=https://t.me/+Hg62NsrbOCZmZmY8, msg_index=1625
[2026-02-19T22:42:45+08:00][info] 任务 28 将在 87 秒后继续处理下一条消息，索引: 1626, 实例ID: task_28_index_1626_1771512165.323
[2026-02-19T22:42:48+08:00][info] 开始处理队列任务: task_id=33, current_index=1492
[2026-02-19T22:42:48+08:00][info] 消息缓存初始化完成: task_id=33, groups=https://t.me/+wcqRUxDn6zczYmM0
[2026-02-19T22:42:48+08:00][info] 任务 33 第 2 次循环，重置群组 https://t.me/+wcqRUxDn6zczYmM0 消息状态
[2026-02-19T22:42:48+08:00][info] 使用当前发送用户 2423 的 session_path/www/wwwroot/tdata.tgbota.top/public/uploads/admin/202602/69862ac4b6550/817039604699/tdata/temp_8188906594.session
[2026-02-19T22:42:50+08:00][info] 返回:{"status":true,"message":"发送完成，成功1个，失败0个[]","data":{"success":[{"group_id":3658905404,"group_link":"https:\/\/t.me\/+wcqRUxDn6zczYmM0","type":"megagroup","message":"发送成功","message_id":10075}],"failed":[],"debug":["处理标识符: https:\/\/t.me\/+wcqRUxDn6zczYmM0, 清理后: https:\/\/t.me\/+wcqRUxDn6zczYmM0, 识别为链接: True, 识别为数字ID: False"],"warning":""},"api_address":"185.165.170.142:5007"}
[2026-02-19T22:42:50+08:00][info] 消息ID缓存成功: task_id=33, group_id=https://t.me/+wcqRUxDn6zczYmM0, msg_index=1492, message_id=10075, send_user_id=2423
[2026-02-19T22:42:50+08:00][info] 消息状态标记为已发送: task_id=33, group_id=https://t.me/+wcqRUxDn6zczYmM0, msg_index=1492
[2026-02-19T22:42:50+08:00][info] 任务 33 将在 90 秒后继续处理下一条消息，索引: 1493, 实例ID: task_33_index_1493_1771512170.3725
[2026-02-19T22:42:52+08:00][info] 开始处理队列任务: task_id=31, current_index=1626
[2026-02-19T22:42:52+08:00][info] 消息缓存初始化完成: task_id=31, groups=https://t.me/+4azhFwWhx1czMzE0
[2026-02-19T22:42:52+08:00][info] 任务 31 第 3 次循环，重置群组 https://t.me/+4azhFwWhx1czMzE0 消息状态
[2026-02-19T22:42:52+08:00][info] 使用消息配置中指定的用户 2346 的 session_path/www/wwwroot/tdata.tgbota.top/public/uploads/admin/202601/6971e94ea480a/16156397771/tdata/temp_8341524335.session
[2026-02-19T22:42:54+08:00][info] 开始处理队列任务: task_id=36, current_index=1656
[2026-02-19T22:42:54+08:00][info] 消息缓存初始化完成: task_id=36, groups=https://t.me/+o12qlRNkdiViMjE0
[2026-02-19T22:42:54+08:00][info] 任务 36 第 3 次循环，重置群组 https://t.me/+o12qlRNkdiViMjE0 消息状态
[2026-02-19T22:42:54+08:00][info] 使用当前发送用户 2413 的 session_path/www/wwwroot/tdata.tgbota.top/public/uploads/admin/202602/69862ac4b6550/818010974456/tdata/temp_8406035094.session
[2026-02-19T22:42:56+08:00][info] 返回:{"status":true,"message":"发送完成，成功1个，失败0个[]","data":{"success":[{"group_id":3479387283,"group_link":"https:\/\/t.me\/+o12qlRNkdiViMjE0","type":"megagroup","message":"发送成功","message_id":10301}],"failed":[],"debug":["处理标识符: https:\/\/t.me\/+o12qlRNkdiViMjE0, 清理后: https:\/\/t.me\/+o12qlRNkdiViMjE0, 识别为链接: True, 识别为数字ID: False"],"warning":""},"api_address":"185.165.170.142:5148"}
[2026-02-19T22:42:56+08:00][info] 消息ID缓存成功: task_id=36, group_id=https://t.me/+o12qlRNkdiViMjE0, msg_index=1656, message_id=10301, send_user_id=2413
[2026-02-19T22:42:56+08:00][info] 消息状态标记为已发送: task_id=36, group_id=https://t.me/+o12qlRNkdiViMjE0, msg_index=1656
[2026-02-19T22:42:56+08:00][info] 任务 36 将在 87 秒后继续处理下一条消息，索引: 1657, 实例ID: task_36_index_1657_1771512176.4826
[2026-02-19T22:42:57+08:00][info] 返回:{"status":true,"message":"发送完成，成功1个，失败0个[]","data":{"success":[{"group_id":3079998653,"group_link":"https:\/\/t.me\/+4azhFwWhx1czMzE0","type":"megagroup","message":"发送成功","message_id":14479}],"failed":[],"debug":["处理标识符: https:\/\/t.me\/+4azhFwWhx1czMzE0, 清理后: https:\/\/t.me\/+4azhFwWhx1czMzE0, 识别为链接: True, 识别为数字ID: False","文件1有效: \/www\/wwwroot\/tdata.tgbota.top\/public\/uploads\/admin\/202512\/693ae46969ada.jpg (87512字节)","发送单个文件: \/www\/wwwroot\/tdata.tgbota.top\/public\/uploads\/admin\/202512\/693ae46969ada.jpg"],"warning":""},"api_address":"185.165.170.142:5081"}
[2026-02-19T22:42:57+08:00][info] 消息ID缓存成功: task_id=31, group_id=https://t.me/+4azhFwWhx1czMzE0, msg_index=1626, message_id=14479, send_user_id=2346
[2026-02-19T22:42:57+08:00][info] 消息状态标记为已发送: task_id=31, group_id=https://t.me/+4azhFwWhx1czMzE0, msg_index=1626
[2026-02-19T22:42:57+08:00][info] 任务 31 将在 70 秒后继续处理下一条消息，索引: 1627, 实例ID: task_31_index_1627_1771512177.9533
[2026-02-19T22:43:06+08:00][info] 开始处理队列任务: task_id=39, current_index=344
[2026-02-19T22:43:06+08:00][info] 使用feedbackType=342的消息ID: 493
[2026-02-19T22:43:06+08:00][info] 使用消息配置中指定的用户 3123 的 session_path/www/wwwroot/tdata.tgbota.top/public/uploads/admin/202602/699625adf380f/14709435838/tdata/temp_8090033030.session
[2026-02-19T22:43:09+08:00][info] 返回:{"status":true,"message":"发送完成，成功1个，失败0个[]","data":{"success":[{"group_id":3770869551,"group_link":"https:\/\/t.me\/+ZpSvBhFQCCEwMzdk","type":"megagroup","message":"发送成功","message_id":496}],"failed":[],"debug":["处理标识符: https:\/\/t.me\/+ZpSvBhFQCCEwMzdk, 清理后: https:\/\/t.me\/+ZpSvBhFQCCEwMzdk, 识别为链接: True, 识别为数字ID: False"],"warning":""},"api_address":"185.165.170.142:5139"}
[2026-02-19T22:43:09+08:00][info] 消息ID缓存成功: task_id=39, group_id=https://t.me/+ZpSvBhFQCCEwMzdk, msg_index=344, message_id=496, send_user_id=3123
[2026-02-19T22:43:09+08:00][info] 消息状态标记为已发送: task_id=39, group_id=https://t.me/+ZpSvBhFQCCEwMzdk, msg_index=344
[2026-02-19T22:43:09+08:00][info] 任务 39 将在 77 秒后继续处理下一条消息，索引: 345, 实例ID: task_39_index_345_1771512189.5248
[2026-02-19T22:43:19+08:00][info] 开始处理队列任务: task_id=27, current_index=1589
[2026-02-19T22:43:19+08:00][info] 消息缓存初始化完成: task_id=27, groups=https://t.me/+_XaTo9Qrv0VjOTM0
[2026-02-19T22:43:19+08:00][info] 任务 27 第 3 次循环，重置群组 https://t.me/+_XaTo9Qrv0VjOTM0 消息状态
[2026-02-19T22:43:19+08:00][info] 使用消息配置中指定的用户 2338 的 session_path/www/wwwroot/tdata.tgbota.top/public/uploads/admin/202601/6971e94ea480a/16107448740/tdata/temp_8275256479.session
[2026-02-19T22:43:19+08:00][info] 开始处理队列任务: task_id=35, current_index=1705
[2026-02-19T22:43:20+08:00][info] 消息缓存初始化完成: task_id=35, groups=https://t.me/+BrIuI_-gkNhhYTE0
[2026-02-19T22:43:20+08:00][info] 任务 35 第 3 次循环，重置群组 https://t.me/+BrIuI_-gkNhhYTE0 消息状态
[2026-02-19T22:43:20+08:00][info] 使用当前发送用户 2416 的 session_path/www/wwwroot/tdata.tgbota.top/public/uploads/admin/202602/69862ac4b6550/817026445311/tdata/temp_8246945843.session
[2026-02-19T22:43:21+08:00][info] 返回:{"status":true,"message":"发送完成，成功1个，失败0个[]","data":{"success":[{"group_id":3649225144,"group_link":"https:\/\/t.me\/+_XaTo9Qrv0VjOTM0","type":"megagroup","message":"发送成功","message_id":33203}],"failed":[],"debug":["处理标识符: https:\/\/t.me\/+_XaTo9Qrv0VjOTM0, 清理后: https:\/\/t.me\/+_XaTo9Qrv0VjOTM0, 识别为链接: True, 识别为数字ID: False"],"warning":""},"api_address":"185.165.170.142:5073"}
[2026-02-19T22:43:21+08:00][info] 消息ID缓存成功: task_id=27, group_id=https://t.me/+_XaTo9Qrv0VjOTM0, msg_index=1589, message_id=33203, send_user_id=2338
[2026-02-19T22:43:21+08:00][info] 消息状态标记为已发送: task_id=27, group_id=https://t.me/+_XaTo9Qrv0VjOTM0, msg_index=1589
[2026-02-19T22:43:21+08:00][info] 返回:{"status":true,"message":"发送完成，成功1个，失败0个[]","data":{"success":[{"group_id":3646934744,"group_link":"https:\/\/t.me\/+BrIuI_-gkNhhYTE0","type":"megagroup","message":"发送成功","message_id":10289}],"failed":[],"debug":["处理标识符: https:\/\/t.me\/+BrIuI_-gkNhhYTE0, 清理后: https:\/\/t.me\/+BrIuI_-gkNhhYTE0, 识别为链接: True, 识别为数字ID: False"],"warning":""},"api_address":"185.165.170.142:5000"}
[2026-02-19T22:43:21+08:00][info] 消息ID缓存成功: task_id=35, group_id=https://t.me/+BrIuI_-gkNhhYTE0, msg_index=1705, message_id=10289, send_user_id=2416
[2026-02-19T22:43:21+08:00][info] 消息状态标记为已发送: task_id=35, group_id=https://t.me/+BrIuI_-gkNhhYTE0, msg_index=1705
[2026-02-19T22:43:21+08:00][info] 任务 27 将在 98 秒后继续处理下一条消息，索引: 1590, 实例ID: task_27_index_1590_1771512201.8568
[2026-02-19T22:43:21+08:00][info] 任务 35 将在 95 秒后继续处理下一条消息，索引: 1706, 实例ID: task_35_index_1706_1771512201.8703
[2026-02-19T22:43:26+08:00][info] 开始处理队列任务: task_id=40, current_index=343
[2026-02-19T22:43:26+08:00][info] 使用消息配置中指定的用户 3117 的 session_path/www/wwwroot/tdata.tgbota.top/public/uploads/admin/202602/699625adf380f/14588549238/tdata/temp_8544516034.session
[2026-02-19T22:43:28+08:00][info] 返回:{"status":true,"message":"发送完成，成功1个，失败0个[]","data":{"success":[{"group_id":3799666589,"group_link":"https:\/\/t.me\/+IfyZ_OVthdI5YzNk","type":"megagroup","message":"发送成功","message_id":496}],"failed":[],"debug":["处理标识符: https:\/\/t.me\/+IfyZ_OVthdI5YzNk, 清理后: https:\/\/t.me\/+IfyZ_OVthdI5YzNk, 识别为链接: True, 识别为数字ID: False"],"warning":""},"api_address":"185.165.170.142:5133"}
[2026-02-19T22:43:28+08:00][info] 消息ID缓存成功: task_id=40, group_id=https://t.me/+IfyZ_OVthdI5YzNk, msg_index=343, message_id=496, send_user_id=3117
[2026-02-19T22:43:28+08:00][info] 消息状态标记为已发送: task_id=40, group_id=https://t.me/+IfyZ_OVthdI5YzNk, msg_index=343
[2026-02-19T22:43:28+08:00][info] 任务 40 将在 105 秒后继续处理下一条消息，索引: 344, 实例ID: task_40_index_344_1771512208.5441
[2026-02-19T22:43:30+08:00][info] 开始处理队列任务: task_id=25, current_index=1620
[2026-02-19T22:43:30+08:00][info] 消息缓存初始化完成: task_id=25, groups=https://t.me/+HZFEhfAwKjhmZDZk
[2026-02-19T22:43:30+08:00][info] 任务 25 第 3 次循环，重置群组 https://t.me/+HZFEhfAwKjhmZDZk 消息状态
[2026-02-19T22:43:30+08:00][info] 使用消息配置中指定的用户 2329 的 session_path/www/wwwroot/tdata.tgbota.top/public/uploads/admin/202601/6971e94ea480a/16156946690/tdata/temp_8306595883.session
[2026-02-19T22:43:30+08:00][info] 开始处理队列任务: task_id=34, current_index=1493
[2026-02-19T22:43:31+08:00][info] 消息缓存初始化完成: task_id=34, groups=https://t.me/+CUyn8iqnQwEzNDY0
[2026-02-19T22:43:31+08:00][info] 任务 34 第 2 次循环，重置群组 https://t.me/+CUyn8iqnQwEzNDY0 消息状态
[2026-02-19T22:43:31+08:00][info] 使用当前发送用户 2426 的 session_path/www/wwwroot/tdata.tgbota.top/public/uploads/admin/202602/69862ac4b6550/818015758752/tdata/temp_8246846857.session
[2026-02-19T22:43:33+08:00][info] 返回:{"status":true,"message":"发送完成，成功1个，失败0个[]","data":{"success":[{"group_id":3719450736,"group_link":"https:\/\/t.me\/+CUyn8iqnQwEzNDY0","type":"megagroup","message":"发送成功","message_id":10237}],"failed":[],"debug":["处理标识符: https:\/\/t.me\/+CUyn8iqnQwEzNDY0, 清理后: https:\/\/t.me\/+CUyn8iqnQwEzNDY0, 识别为链接: True, 识别为数字ID: False","文件1有效: \/www\/wwwroot\/tdata.tgbota.top\/public\/uploads\/admin\/202512\/693ae46524859.jpg (23975字节)","发送单个文件: \/www\/wwwroot\/tdata.tgbota.top\/public\/uploads\/admin\/202512\/693ae46524859.jpg"],"warning":""},"api_address":"185.165.170.142:5010"}
[2026-02-19T22:43:33+08:00][info] 消息ID缓存成功: task_id=34, group_id=https://t.me/+CUyn8iqnQwEzNDY0, msg_index=1493, message_id=10237, send_user_id=2426
[2026-02-19T22:43:33+08:00][info] 消息状态标记为已发送: task_id=34, group_id=https://t.me/+CUyn8iqnQwEzNDY0, msg_index=1493
[2026-02-19T22:43:33+08:00][info] 任务 34 将在 83 秒后继续处理下一条消息，索引: 1494, 实例ID: task_34_index_1494_1771512213.2186
[2026-02-19T22:43:33+08:00][info] 返回:{"status":true,"message":"发送完成，成功1个，失败0个[]","data":{"success":[{"group_id":3482989339,"group_link":"https:\/\/t.me\/+HZFEhfAwKjhmZDZk","type":"megagroup","message":"发送成功","message_id":30174}],"failed":[],"debug":["处理标识符: https:\/\/t.me\/+HZFEhfAwKjhmZDZk, 清理后: https:\/\/t.me\/+HZFEhfAwKjhmZDZk, 识别为链接: True, 识别为数字ID: False"],"warning":""},"api_address":"185.165.170.142:5064"}
[2026-02-19T22:43:33+08:00][info] 消息ID缓存成功: task_id=25, group_id=https://t.me/+HZFEhfAwKjhmZDZk, msg_index=1620, message_id=30174, send_user_id=2329
[2026-02-19T22:43:33+08:00][info] 消息状态标记为已发送: task_id=25, group_id=https://t.me/+HZFEhfAwKjhmZDZk, msg_index=1620
[2026-02-19T22:43:33+08:00][info] 开始处理队列任务: task_id=38, current_index=345
[2026-02-19T22:43:33+08:00][info] 任务 25 将在 95 秒后继续处理下一条消息，索引: 1621, 实例ID: task_25_index_1621_1771512213.2896
[2026-02-19T22:43:33+08:00][info] 使用当前发送用户 3111 的 session_path/www/wwwroot/tdata.tgbota.top/public/uploads/admin/202602/699625adf380f/14632939542/tdata/temp_8575836087.session
[2026-02-19T22:43:35+08:00][info] 返回:{"status":true,"message":"发送完成，成功1个，失败0个[]","data":{"success":[{"group_id":3794396962,"group_link":"https:\/\/t.me\/+69dYKDni-wFmYWE0","type":"megagroup","message":"发送成功","message_id":497}],"failed":[],"debug":["处理标识符: https:\/\/t.me\/+69dYKDni-wFmYWE0, 清理后: https:\/\/t.me\/+69dYKDni-wFmYWE0, 识别为链接: True, 识别为数字ID: False"],"warning":""},"api_address":"185.165.170.142:5127"}
[2026-02-19T22:43:35+08:00][info] 消息ID缓存成功: task_id=38, group_id=https://t.me/+69dYKDni-wFmYWE0, msg_index=345, message_id=497, send_user_id=3111
[2026-02-19T22:43:35+08:00][info] 消息状态标记为已发送: task_id=38, group_id=https://t.me/+69dYKDni-wFmYWE0, msg_index=345
[2026-02-19T22:43:35+08:00][info] 任务 38 将在 79 秒后继续处理下一条消息，索引: 346, 实例ID: task_38_index_346_1771512215.9169
[2026-02-19T22:43:47+08:00][info] 开始处理队列任务: task_id=37, current_index=1693
[2026-02-19T22:43:47+08:00][info] 消息缓存初始化完成: task_id=37, groups=https://t.me/+DUAGbZI5vW41NWI8
[2026-02-19T22:43:47+08:00][info] 任务 37 第 3 次循环，重置群组 https://t.me/+DUAGbZI5vW41NWI8 消息状态
[2026-02-19T22:43:47+08:00][info] 使用消息配置中指定的用户 2535 的 session_path/www/wwwroot/tdata.tgbota.top/public/uploads/admin/202602/69862ac4b6550/818014590235/tdata/temp_8336493850.session
[2026-02-19T22:43:49+08:00][info] 返回:{"status":true,"message":"发送完成，成功1个，失败0个[]","data":{"success":[{"group_id":3732578862,"group_link":"https:\/\/t.me\/+DUAGbZI5vW41NWI8","type":"megagroup","message":"发送成功","message_id":8467}],"failed":[],"debug":["处理标识符: https:\/\/t.me\/+DUAGbZI5vW41NWI8, 清理后: https:\/\/t.me\/+DUAGbZI5vW41NWI8, 识别为链接: True, 识别为数字ID: False"],"warning":""},"api_address":"185.165.170.142:5119"}
[2026-02-19T22:43:49+08:00][info] 消息ID缓存成功: task_id=37, group_id=https://t.me/+DUAGbZI5vW41NWI8, msg_index=1693, message_id=8467, send_user_id=2535
[2026-02-19T22:43:49+08:00][info] 消息状态标记为已发送: task_id=37, group_id=https://t.me/+DUAGbZI5vW41NWI8, msg_index=1693
[2026-02-19T22:43:49+08:00][info] 任务 37 将在 86 秒后继续处理下一条消息，索引: 1694, 实例ID: task_37_index_1694_1771512229.572
[2026-02-19T22:44:07+08:00][info] 开始处理队列任务: task_id=31, current_index=1627
[2026-02-19T22:44:07+08:00][info] 消息缓存初始化完成: task_id=31, groups=https://t.me/+4azhFwWhx1czMzE0
[2026-02-19T22:44:07+08:00][info] 任务 31 第 3 次循环，重置群组 https://t.me/+4azhFwWhx1czMzE0 消息状态
[2026-02-19T22:44:07+08:00][info] 使用消息配置中指定的用户 2346 的 session_path/www/wwwroot/tdata.tgbota.top/public/uploads/admin/202601/6971e94ea480a/16156397771/tdata/temp_8341524335.session
[2026-02-19T22:44:08+08:00][info] 开始处理队列任务: task_id=29, current_index=1621
[2026-02-19T22:44:08+08:00][info] 消息缓存初始化完成: task_id=29, groups=https://t.me/+WZlsKfz1W89jYjE0
[2026-02-19T22:44:08+08:00][info] 任务 29 第 3 次循环，重置群组 https://t.me/+WZlsKfz1W89jYjE0 消息状态
[2026-02-19T22:44:08+08:00][info] 使用消息配置中指定的用户 2381 的 session_path/www/wwwroot/tdata.tgbota.top/public/uploads/admin/202601/6971e94ea480a/16106025633/tdata/temp_8165837042.session
[2026-02-19T22:44:09+08:00][info] 返回:{"status":true,"message":"发送完成，成功1个，失败0个[]","data":{"success":[{"group_id":3079998653,"group_link":"https:\/\/t.me\/+4azhFwWhx1czMzE0","type":"megagroup","message":"发送成功","message_id":14480}],"failed":[],"debug":["处理标识符: https:\/\/t.me\/+4azhFwWhx1czMzE0, 清理后: https:\/\/t.me\/+4azhFwWhx1czMzE0, 识别为链接: True, 识别为数字ID: False"],"warning":""},"api_address":"185.165.170.142:5081"}
[2026-02-19T22:44:09+08:00][info] 消息ID缓存成功: task_id=31, group_id=https://t.me/+4azhFwWhx1czMzE0, msg_index=1627, message_id=14480, send_user_id=2346
[2026-02-19T22:44:09+08:00][info] 消息状态标记为已发送: task_id=31, group_id=https://t.me/+4azhFwWhx1czMzE0, msg_index=1627
[2026-02-19T22:44:09+08:00][info] 任务 31 将在 98 秒后继续处理下一条消息，索引: 1628, 实例ID: task_31_index_1628_1771512249.7429
[2026-02-19T22:44:11+08:00][info] 返回:{"status":true,"message":"发送完成，成功1个，失败0个[]","data":{"success":[{"group_id":3780502866,"group_link":"https:\/\/t.me\/+WZlsKfz1W89jYjE0","type":"megagroup","message":"发送成功","message_id":21715}],"failed":[],"debug":["处理标识符: https:\/\/t.me\/+WZlsKfz1W89jYjE0, 清理后: https:\/\/t.me\/+WZlsKfz1W89jYjE0, 识别为链接: True, 识别为数字ID: False"],"warning":""},"api_address":"185.165.170.142:5116"}
[2026-02-19T22:44:11+08:00][info] 消息ID缓存成功: task_id=29, group_id=https://t.me/+WZlsKfz1W89jYjE0, msg_index=1621, message_id=21715, send_user_id=2381
[2026-02-19T22:44:11+08:00][info] 消息状态标记为已发送: task_id=29, group_id=https://t.me/+WZlsKfz1W89jYjE0, msg_index=1621
[2026-02-19T22:44:11+08:00][info] 任务 29 将在 87 秒后继续处理下一条消息，索引: 1622, 实例ID: task_29_index_1622_1771512251.3224
[2026-02-19T22:44:12+08:00][info] 开始处理队列任务: task_id=28, current_index=1626
[2026-02-19T22:44:12+08:00][info] 消息缓存初始化完成: task_id=28, groups=https://t.me/+Hg62NsrbOCZmZmY8
[2026-02-19T22:44:12+08:00][info] 任务 28 第 3 次循环，重置群组 https://t.me/+Hg62NsrbOCZmZmY8 消息状态
[2026-02-19T22:44:12+08:00][info] 使用消息配置中指定的用户 2346 的 session_path/www/wwwroot/tdata.tgbota.top/public/uploads/admin/202601/6971e94ea480a/16156397771/tdata/temp_8341524335.session
[2026-02-19T22:44:16+08:00][info] 返回:{"status":true,"message":"发送完成，成功1个，失败0个[]","data":{"success":[{"group_id":3657218256,"group_link":"https:\/\/t.me\/+Hg62NsrbOCZmZmY8","type":"megagroup","message":"发送成功","message_id":21657}],"failed":[],"debug":["处理标识符: https:\/\/t.me\/+Hg62NsrbOCZmZmY8, 清理后: https:\/\/t.me\/+Hg62NsrbOCZmZmY8, 识别为链接: True, 识别为数字ID: False","文件1有效: \/www\/wwwroot\/tdata.tgbota.top\/public\/uploads\/admin\/202512\/693ae46969ada.jpg (87512字节)","发送单个文件: \/www\/wwwroot\/tdata.tgbota.top\/public\/uploads\/admin\/202512\/693ae46969ada.jpg"],"warning":""},"api_address":"185.165.170.142:5081"}
[2026-02-19T22:44:16+08:00][info] 消息ID缓存成功: task_id=28, group_id=https://t.me/+Hg62NsrbOCZmZmY8, msg_index=1626, message_id=21657, send_user_id=2346
[2026-02-19T22:44:16+08:00][info] 消息状态标记为已发送: task_id=28, group_id=https://t.me/+Hg62NsrbOCZmZmY8, msg_index=1626
[2026-02-19T22:44:16+08:00][info] 任务 28 将在 70 秒后继续处理下一条消息，索引: 1627, 实例ID: task_28_index_1627_1771512256.5824
[2026-02-19T22:44:20+08:00][info] 开始处理队列任务: task_id=33, current_index=1493
[2026-02-19T22:44:20+08:00][info] 消息缓存初始化完成: task_id=33, groups=https://t.me/+wcqRUxDn6zczYmM0
[2026-02-19T22:44:20+08:00][info] 任务 33 第 2 次循环，重置群组 https://t.me/+wcqRUxDn6zczYmM0 消息状态
[2026-02-19T22:44:20+08:00][info] 使用当前发送用户 2426 的 session_path/www/wwwroot/tdata.tgbota.top/public/uploads/admin/202602/69862ac4b6550/818015758752/tdata/temp_8246846857.session
[2026-02-19T22:44:22+08:00][info] 返回:{"status":true,"message":"发送完成，成功1个，失败0个[]","data":{"success":[{"group_id":3658905404,"group_link":"https:\/\/t.me\/+wcqRUxDn6zczYmM0","type":"megagroup","message":"发送成功","message_id":10076}],"failed":[],"debug":["处理标识符: https:\/\/t.me\/+wcqRUxDn6zczYmM0, 清理后: https:\/\/t.me\/+wcqRUxDn6zczYmM0, 识别为链接: True, 识别为数字ID: False","文件1有效: \/www\/wwwroot\/tdata.tgbota.top\/public\/uploads\/admin\/202512\/693ae46524859.jpg (23975字节)","发送单个文件: \/www\/wwwroot\/tdata.tgbota.top\/public\/uploads\/admin\/202512\/693ae46524859.jpg"],"warning":""},"api_address":"185.165.170.142:5010"}
[2026-02-19T22:44:22+08:00][info] 消息ID缓存成功: task_id=33, group_id=https://t.me/+wcqRUxDn6zczYmM0, msg_index=1493, message_id=10076, send_user_id=2426
[2026-02-19T22:44:22+08:00][info] 消息状态标记为已发送: task_id=33, group_id=https://t.me/+wcqRUxDn6zczYmM0, msg_index=1493
[2026-02-19T22:44:22+08:00][info] 任务 33 将在 83 秒后继续处理下一条消息，索引: 1494, 实例ID: task_33_index_1494_1771512262.7563
[2026-02-19T22:44:23+08:00][info] 开始处理队列任务: task_id=36, current_index=1657
[2026-02-19T22:44:24+08:00][info] 消息缓存初始化完成: task_id=36, groups=https://t.me/+o12qlRNkdiViMjE0
[2026-02-19T22:44:24+08:00][info] 任务 36 第 3 次循环，重置群组 https://t.me/+o12qlRNkdiViMjE0 消息状态
[2026-02-19T22:44:24+08:00][info] 使用消息配置中指定的用户 2474 的 session_path/www/wwwroot/tdata.tgbota.top/public/uploads/admin/202602/69862ac4b6550/817039604873/tdata/temp_8593867136.session
[2026-02-19T22:44:26+08:00][info] 返回:{"status":true,"message":"发送完成，成功1个，失败0个[]","data":{"success":[{"group_id":3479387283,"group_link":"https:\/\/t.me\/+o12qlRNkdiViMjE0","type":"megagroup","message":"发送成功","message_id":10302}],"failed":[],"debug":["处理标识符: https:\/\/t.me\/+o12qlRNkdiViMjE0, 清理后: https:\/\/t.me\/+o12qlRNkdiViMjE0, 识别为链接: True, 识别为数字ID: False"],"warning":""},"api_address":"185.165.170.142:5058"}
[2026-02-19T22:44:26+08:00][info] 消息ID缓存成功: task_id=36, group_id=https://t.me/+o12qlRNkdiViMjE0, msg_index=1657, message_id=10302, send_user_id=2474
[2026-02-19T22:44:26+08:00][info] 消息状态标记为已发送: task_id=36, group_id=https://t.me/+o12qlRNkdiViMjE0, msg_index=1657
[2026-02-19T22:44:26+08:00][info] 任务 36 将在 90 秒后继续处理下一条消息，索引: 1658, 实例ID: task_36_index_1658_1771512266.4551
[2026-02-19T22:44:26+08:00][info] 开始处理队列任务: task_id=39, current_index=345
[2026-02-19T22:44:26+08:00][info] 使用当前发送用户 3111 的 session_path/www/wwwroot/tdata.tgbota.top/public/uploads/admin/202602/699625adf380f/14632939542/tdata/temp_8575836087.session
[2026-02-19T22:44:29+08:00][info] 返回:{"status":true,"message":"发送完成，成功1个，失败0个[]","data":{"success":[{"group_id":3770869551,"group_link":"https:\/\/t.me\/+ZpSvBhFQCCEwMzdk","type":"megagroup","message":"发送成功","message_id":497}],"failed":[],"debug":["处理标识符: https:\/\/t.me\/+ZpSvBhFQCCEwMzdk, 清理后: https:\/\/t.me\/+ZpSvBhFQCCEwMzdk, 识别为链接: True, 识别为数字ID: False"],"warning":""},"api_address":"185.165.170.142:5127"}
[2026-02-19T22:44:29+08:00][info] 消息ID缓存成功: task_id=39, group_id=https://t.me/+ZpSvBhFQCCEwMzdk, msg_index=345, message_id=497, send_user_id=3111
[2026-02-19T22:44:29+08:00][info] 消息状态标记为已发送: task_id=39, group_id=https://t.me/+ZpSvBhFQCCEwMzdk, msg_index=345
[2026-02-19T22:44:29+08:00][info] 任务 39 将在 79 秒后继续处理下一条消息，索引: 346, 实例ID: task_39_index_346_1771512269.0513
[2026-02-19T22:44:54+08:00][info] 开始处理队列任务: task_id=38, current_index=346
[2026-02-19T22:44:54+08:00][info] 从数据库获取用户 3105 的 session_path
[2026-02-19T22:44:56+08:00][info] 开始处理队列任务: task_id=34, current_index=1494
[2026-02-19T22:44:56+08:00][info] 消息缓存初始化完成: task_id=34, groups=https://t.me/+CUyn8iqnQwEzNDY0
[2026-02-19T22:44:56+08:00][info] 任务 34 第 2 次循环，重置群组 https://t.me/+CUyn8iqnQwEzNDY0 消息状态
[2026-02-19T22:44:56+08:00][info] 使用feedbackType=1493的消息ID: 10236
[2026-02-19T22:44:56+08:00][info] 使用当前发送用户 2424 的 session_path/www/wwwroot/tdata.tgbota.top/public/uploads/admin/202602/69862ac4b6550/818015751850/tdata/temp_8456369347.session
[2026-02-19T22:44:57+08:00][info] 返回:{"status":true,"message":"发送完成，成功1个，失败0个[]","data":{"success":[{"group_id":3794396962,"group_link":"https:\/\/t.me\/+69dYKDni-wFmYWE0","type":"megagroup","message":"发送成功","message_id":498}],"failed":[],"debug":["处理标识符: https:\/\/t.me\/+69dYKDni-wFmYWE0, 清理后: https:\/\/t.me\/+69dYKDni-wFmYWE0, 识别为链接: True, 识别为数字ID: False"],"warning":""},"api_address":"185.165.170.142:5121"}
[2026-02-19T22:44:57+08:00][info] 消息ID缓存成功: task_id=38, group_id=https://t.me/+69dYKDni-wFmYWE0, msg_index=346, message_id=498, send_user_id=3105
[2026-02-19T22:44:57+08:00][info] 消息状态标记为已发送: task_id=38, group_id=https://t.me/+69dYKDni-wFmYWE0, msg_index=346
[2026-02-19T22:44:57+08:00][info] 任务 38 将在 95 秒后继续处理下一条消息，索引: 347, 实例ID: task_38_index_347_1771512297.3176
[2026-02-19T22:44:57+08:00][info] 开始处理队列任务: task_id=35, current_index=1706
[2026-02-19T22:44:57+08:00][info] 消息缓存初始化完成: task_id=35, groups=https://t.me/+BrIuI_-gkNhhYTE0
[2026-02-19T22:44:57+08:00][info] 任务 35 第 3 次循环，重置群组 https://t.me/+BrIuI_-gkNhhYTE0 消息状态
[2026-02-19T22:44:57+08:00][info] 使用消息配置中指定的用户 2415 的 session_path/www/wwwroot/tdata.tgbota.top/public/uploads/admin/202602/69862ac4b6550/818011908732/tdata/temp_8532166882.session
[2026-02-19T22:44:58+08:00][info] 返回:{"status":true,"message":"发送完成，成功1个，失败0个[]","data":{"success":[{"group_id":3719450736,"group_link":"https:\/\/t.me\/+CUyn8iqnQwEzNDY0","type":"megagroup","message":"发送成功","message_id":10238}],"failed":[],"debug":["处理标识符: https:\/\/t.me\/+CUyn8iqnQwEzNDY0, 清理后: https:\/\/t.me\/+CUyn8iqnQwEzNDY0, 识别为链接: True, 识别为数字ID: False"],"warning":""},"api_address":"185.165.170.142:5008"}
[2026-02-19T22:44:58+08:00][info] 消息ID缓存成功: task_id=34, group_id=https://t.me/+CUyn8iqnQwEzNDY0, msg_index=1494, message_id=10238, send_user_id=2424
[2026-02-19T22:44:58+08:00][info] 消息状态标记为已发送: task_id=34, group_id=https://t.me/+CUyn8iqnQwEzNDY0, msg_index=1494
[2026-02-19T22:44:58+08:00][info] 任务 34 将在 91 秒后继续处理下一条消息，索引: 1495, 实例ID: task_34_index_1495_1771512298.316
[2026-02-19T22:44:59+08:00][info] 返回:{"status":true,"message":"发送完成，成功1个，失败0个[]","data":{"success":[{"group_id":3646934744,"group_link":"https:\/\/t.me\/+BrIuI_-gkNhhYTE0","type":"megagroup","message":"发送成功","message_id":10290}],"failed":[],"debug":["处理标识符: https:\/\/t.me\/+BrIuI_-gkNhhYTE0, 清理后: https:\/\/t.me\/+BrIuI_-gkNhhYTE0, 识别为链接: True, 识别为数字ID: False"],"warning":""},"api_address":"185.165.170.142:5150"}
[2026-02-19T22:44:59+08:00][info] 消息ID缓存成功: task_id=35, group_id=https://t.me/+BrIuI_-gkNhhYTE0, msg_index=1706, message_id=10290, send_user_id=2415
[2026-02-19T22:44:59+08:00][info] 消息状态标记为已发送: task_id=35, group_id=https://t.me/+BrIuI_-gkNhhYTE0, msg_index=1706
[2026-02-19T22:45:00+08:00][info] 任务 35 将在 85 秒后继续处理下一条消息，索引: 1707, 实例ID: task_35_index_1707_1771512300.1668
[2026-02-19T22:45:00+08:00][info] 开始处理队列任务: task_id=27, current_index=1590
[2026-02-19T22:45:00+08:00][info] 消息缓存初始化完成: task_id=27, groups=https://t.me/+_XaTo9Qrv0VjOTM0
[2026-02-19T22:45:00+08:00][info] 任务 27 第 3 次循环，重置群组 https://t.me/+_XaTo9Qrv0VjOTM0 消息状态
[2026-02-19T22:45:00+08:00][info] 使用当前发送用户 2331 的 session_path/www/wwwroot/tdata.tgbota.top/public/uploads/admin/202601/6971e94ea480a/16156944739/tdata/temp_8456231411.session
[2026-02-19T22:45:03+08:00][info] 返回:{"status":true,"message":"发送完成，成功1个，失败0个[]","data":{"success":[{"group_id":3649225144,"group_link":"https:\/\/t.me\/+_XaTo9Qrv0VjOTM0","type":"megagroup","message":"发送成功","message_id":33204}],"failed":[],"debug":["处理标识符: https:\/\/t.me\/+_XaTo9Qrv0VjOTM0, 清理后: https:\/\/t.me\/+_XaTo9Qrv0VjOTM0, 识别为链接: True, 识别为数字ID: False"],"warning":""},"api_address":"185.165.170.142:5066"}
[2026-02-19T22:45:03+08:00][info] 消息ID缓存成功: task_id=27, group_id=https://t.me/+_XaTo9Qrv0VjOTM0, msg_index=1590, message_id=33204, send_user_id=2331
[2026-02-19T22:45:03+08:00][info] 消息状态标记为已发送: task_id=27, group_id=https://t.me/+_XaTo9Qrv0VjOTM0, msg_index=1590
[2026-02-19T22:45:03+08:00][info] 任务 27 将在 108 秒后继续处理下一条消息，索引: 1591, 实例ID: task_27_index_1591_1771512303.0629
[2026-02-19T22:45:09+08:00][info] 开始处理队列任务: task_id=25, current_index=1621
[2026-02-19T22:45:09+08:00][info] 消息缓存初始化完成: task_id=25, groups=https://t.me/+HZFEhfAwKjhmZDZk
[2026-02-19T22:45:09+08:00][info] 任务 25 第 3 次循环，重置群组 https://t.me/+HZFEhfAwKjhmZDZk 消息状态
[2026-02-19T22:45:09+08:00][info] 使用消息配置中指定的用户 2381 的 session_path/www/wwwroot/tdata.tgbota.top/public/uploads/admin/202601/6971e94ea480a/16106025633/tdata/temp_8165837042.session
[2026-02-19T22:45:11+08:00][info] 返回:{"status":true,"message":"发送完成，成功1个，失败0个[]","data":{"success":[{"group_id":3482989339,"group_link":"https:\/\/t.me\/+HZFEhfAwKjhmZDZk","type":"megagroup","message":"发送成功","message_id":30175}],"failed":[],"debug":["处理标识符: https:\/\/t.me\/+HZFEhfAwKjhmZDZk, 清理后: https:\/\/t.me\/+HZFEhfAwKjhmZDZk, 识别为链接: True, 识别为数字ID: False"],"warning":""},"api_address":"185.165.170.142:5116"}
[2026-02-19T22:45:11+08:00][info] 消息ID缓存成功: task_id=25, group_id=https://t.me/+HZFEhfAwKjhmZDZk, msg_index=1621, message_id=30175, send_user_id=2381
[2026-02-19T22:45:11+08:00][info] 消息状态标记为已发送: task_id=25, group_id=https://t.me/+HZFEhfAwKjhmZDZk, msg_index=1621
[2026-02-19T22:45:11+08:00][info] 任务 25 将在 87 秒后继续处理下一条消息，索引: 1622, 实例ID: task_25_index_1622_1771512311.8815
[2026-02-19T22:45:13+08:00][info] 开始处理队列任务: task_id=40, current_index=344
[2026-02-19T22:45:13+08:00][info] 使用feedbackType=342的消息ID: 494
[2026-02-19T22:45:13+08:00][info] 使用消息配置中指定的用户 3123 的 session_path/www/wwwroot/tdata.tgbota.top/public/uploads/admin/202602/699625adf380f/14709435838/tdata/temp_8090033030.session
[2026-02-19T22:45:15+08:00][info] 开始处理队列任务: task_id=37, current_index=1694
[2026-02-19T22:45:16+08:00][info] 消息缓存初始化完成: task_id=37, groups=https://t.me/+DUAGbZI5vW41NWI8
[2026-02-19T22:45:16+08:00][info] 任务 37 第 3 次循环，重置群组 https://t.me/+DUAGbZI5vW41NWI8 消息状态
[2026-02-19T22:45:16+08:00][info] 使用feedbackType=1693的消息ID: 8466
[2026-02-19T22:45:16+08:00][info] 使用消息配置中指定的用户 2454 的 session_path/www/wwwroot/tdata.tgbota.top/public/uploads/admin/202602/69862ac4b6550/817026635165/tdata/temp_8572953022.session
[2026-02-19T22:45:16+08:00][info] 返回:{"status":true,"message":"发送完成，成功1个，失败0个[]","data":{"success":[{"group_id":3799666589,"group_link":"https:\/\/t.me\/+IfyZ_OVthdI5YzNk","type":"megagroup","message":"发送成功","message_id":497}],"failed":[],"debug":["处理标识符: https:\/\/t.me\/+IfyZ_OVthdI5YzNk, 清理后: https:\/\/t.me\/+IfyZ_OVthdI5YzNk, 识别为链接: True, 识别为数字ID: False"],"warning":""},"api_address":"185.165.170.142:5139"}
[2026-02-19T22:45:16+08:00][info] 消息ID缓存成功: task_id=40, group_id=https://t.me/+IfyZ_OVthdI5YzNk, msg_index=344, message_id=497, send_user_id=3123
[2026-02-19T22:45:16+08:00][info] 消息状态标记为已发送: task_id=40, group_id=https://t.me/+IfyZ_OVthdI5YzNk, msg_index=344
[2026-02-19T22:45:16+08:00][info] 任务 40 将在 77 秒后继续处理下一条消息，索引: 345, 实例ID: task_40_index_345_1771512316.2598
[2026-02-19T22:45:18+08:00][info] 返回:{"status":true,"message":"发送完成，成功1个，失败0个[]","data":{"success":[{"group_id":3732578862,"group_link":"https:\/\/t.me\/+DUAGbZI5vW41NWI8","type":"megagroup","message":"发送成功","message_id":8468}],"failed":[],"debug":["处理标识符: https:\/\/t.me\/+DUAGbZI5vW41NWI8, 清理后: https:\/\/t.me\/+DUAGbZI5vW41NWI8, 识别为链接: True, 识别为数字ID: False"],"warning":""},"api_address":"185.165.170.142:5038"}
[2026-02-19T22:45:18+08:00][info] 消息ID缓存成功: task_id=37, group_id=https://t.me/+DUAGbZI5vW41NWI8, msg_index=1694, message_id=8468, send_user_id=2454
[2026-02-19T22:45:18+08:00][info] 消息状态标记为已发送: task_id=37, group_id=https://t.me/+DUAGbZI5vW41NWI8, msg_index=1694
[2026-02-19T22:45:18+08:00][info] 任务 37 将在 92 秒后继续处理下一条消息，索引: 1695, 实例ID: task_37_index_1695_1771512318.4223
[2026-02-19T22:45:26+08:00][info] 开始处理队列任务: task_id=28, current_index=1627
[2026-02-19T22:45:27+08:00][info] 消息缓存初始化完成: task_id=28, groups=https://t.me/+Hg62NsrbOCZmZmY8
[2026-02-19T22:45:27+08:00][info] 任务 28 第 3 次循环，重置群组 https://t.me/+Hg62NsrbOCZmZmY8 消息状态
[2026-02-19T22:45:27+08:00][info] 使用消息配置中指定的用户 2346 的 session_path/www/wwwroot/tdata.tgbota.top/public/uploads/admin/202601/6971e94ea480a/16156397771/tdata/temp_8341524335.session
[2026-02-19T22:45:29+08:00][info] 返回:{"status":true,"message":"发送完成，成功1个，失败0个[]","data":{"success":[{"group_id":3657218256,"group_link":"https:\/\/t.me\/+Hg62NsrbOCZmZmY8","type":"megagroup","message":"发送成功","message_id":21658}],"failed":[],"debug":["处理标识符: https:\/\/t.me\/+Hg62NsrbOCZmZmY8, 清理后: https:\/\/t.me\/+Hg62NsrbOCZmZmY8, 识别为链接: True, 识别为数字ID: False"],"warning":""},"api_address":"185.165.170.142:5081"}
[2026-02-19T22:45:29+08:00][info] 消息ID缓存成功: task_id=28, group_id=https://t.me/+Hg62NsrbOCZmZmY8, msg_index=1627, message_id=21658, send_user_id=2346
[2026-02-19T22:45:29+08:00][info] 消息状态标记为已发送: task_id=28, group_id=https://t.me/+Hg62NsrbOCZmZmY8, msg_index=1627
[2026-02-19T22:45:29+08:00][info] 任务 28 将在 98 秒后继续处理下一条消息，索引: 1628, 实例ID: task_28_index_1628_1771512329.7072
[2026-02-19T22:45:38+08:00][info] 开始处理队列任务: task_id=29, current_index=1622
[2026-02-19T22:45:38+08:00][info] 消息缓存初始化完成: task_id=29, groups=https://t.me/+WZlsKfz1W89jYjE0
[2026-02-19T22:45:38+08:00][info] 任务 29 第 3 次循环，重置群组 https://t.me/+WZlsKfz1W89jYjE0 消息状态
[2026-02-19T22:45:39+08:00][info] 使用消息配置中指定的用户 2373 的 session_path/www/wwwroot/tdata.tgbota.top/public/uploads/admin/202601/6971e94ea480a/16079468152/tdata/temp_8287346283.session
[2026-02-19T22:45:41+08:00][info] 返回:{"status":true,"message":"发送完成，成功1个，失败0个[]","data":{"success":[{"group_id":3780502866,"group_link":"https:\/\/t.me\/+WZlsKfz1W89jYjE0","type":"megagroup","message":"发送成功","message_id":21716}],"failed":[],"debug":["处理标识符: https:\/\/t.me\/+WZlsKfz1W89jYjE0, 清理后: https:\/\/t.me\/+WZlsKfz1W89jYjE0, 识别为链接: True, 识别为数字ID: False"],"warning":""},"api_address":"185.165.170.142:5108"}
[2026-02-19T22:45:41+08:00][info] 消息ID缓存成功: task_id=29, group_id=https://t.me/+WZlsKfz1W89jYjE0, msg_index=1622, message_id=21716, send_user_id=2373
[2026-02-19T22:45:41+08:00][info] 消息状态标记为已发送: task_id=29, group_id=https://t.me/+WZlsKfz1W89jYjE0, msg_index=1622
[2026-02-19T22:45:41+08:00][info] 任务 29 将在 92 秒后继续处理下一条消息，索引: 1623, 实例ID: task_29_index_1623_1771512341.6524
[2026-02-19T22:45:45+08:00][info] 开始处理队列任务: task_id=33, current_index=1494
[2026-02-19T22:45:45+08:00][info] 消息缓存初始化完成: task_id=33, groups=https://t.me/+wcqRUxDn6zczYmM0
[2026-02-19T22:45:45+08:00][info] 任务 33 第 2 次循环，重置群组 https://t.me/+wcqRUxDn6zczYmM0 消息状态
[2026-02-19T22:45:45+08:00][info] 使用feedbackType=1493的消息ID: 10075
[2026-02-19T22:45:45+08:00][info] 使用当前发送用户 2424 的 session_path/www/wwwroot/tdata.tgbota.top/public/uploads/admin/202602/69862ac4b6550/818015751850/tdata/temp_8456369347.session
[2026-02-19T22:45:47+08:00][info] 开始处理队列任务: task_id=31, current_index=1628
[2026-02-19T22:45:47+08:00][info] 返回:{"status":true,"message":"发送完成，成功1个，失败0个[]","data":{"success":[{"group_id":3658905404,"group_link":"https:\/\/t.me\/+wcqRUxDn6zczYmM0","type":"megagroup","message":"发送成功","message_id":10077}],"failed":[],"debug":["处理标识符: https:\/\/t.me\/+wcqRUxDn6zczYmM0, 清理后: https:\/\/t.me\/+wcqRUxDn6zczYmM0, 识别为链接: True, 识别为数字ID: False"],"warning":""},"api_address":"185.165.170.142:5008"}
[2026-02-19T22:45:47+08:00][info] 消息ID缓存成功: task_id=33, group_id=https://t.me/+wcqRUxDn6zczYmM0, msg_index=1494, message_id=10077, send_user_id=2424
[2026-02-19T22:45:47+08:00][info] 消息状态标记为已发送: task_id=33, group_id=https://t.me/+wcqRUxDn6zczYmM0, msg_index=1494
[2026-02-19T22:45:47+08:00][info] 任务 33 将在 91 秒后继续处理下一条消息，索引: 1495, 实例ID: task_33_index_1495_1771512347.7318
[2026-02-19T22:45:47+08:00][info] 消息缓存初始化完成: task_id=31, groups=https://t.me/+4azhFwWhx1czMzE0
[2026-02-19T22:45:47+08:00][info] 任务 31 第 3 次循环，重置群组 https://t.me/+4azhFwWhx1czMzE0 消息状态
[2026-02-19T22:45:48+08:00][info] 使用消息配置中指定的用户 2339 的 session_path/www/wwwroot/tdata.tgbota.top/public/uploads/admin/202601/6971e94ea480a/16097192911/tdata/temp_8236102931.session
[2026-02-19T22:45:49+08:00][info] 开始处理队列任务: task_id=39, current_index=346
[2026-02-19T22:45:49+08:00][info] 使用消息配置中指定的用户 3105 的 session_path/www/wwwroot/tdata.tgbota.top/public/uploads/admin/202602/699625adf380f/14753536037/tdata/temp_8518945497.session
[2026-02-19T22:45:50+08:00][info] 返回:{"status":true,"message":"发送完成，成功1个，失败0个[]","data":{"success":[{"group_id":3079998653,"group_link":"https:\/\/t.me\/+4azhFwWhx1czMzE0","type":"megagroup","message":"发送成功","message_id":14481}],"failed":[],"debug":["处理标识符: https:\/\/t.me\/+4azhFwWhx1czMzE0, 清理后: https:\/\/t.me\/+4azhFwWhx1czMzE0, 识别为链接: True, 识别为数字ID: False"],"warning":""},"api_address":"185.165.170.142:5074"}
[2026-02-19T22:45:50+08:00][info] 消息ID缓存成功: task_id=31, group_id=https://t.me/+4azhFwWhx1czMzE0, msg_index=1628, message_id=14481, send_user_id=2339
[2026-02-19T22:45:50+08:00][info] 消息状态标记为已发送: task_id=31, group_id=https://t.me/+4azhFwWhx1czMzE0, msg_index=1628
[2026-02-19T22:45:50+08:00][info] 任务 31 将在 102 秒后继续处理下一条消息，索引: 1629, 实例ID: task_31_index_1629_1771512350.5417
[2026-02-19T22:45:51+08:00][info] 返回:{"status":true,"message":"发送完成，成功1个，失败0个[]","data":{"success":[{"group_id":3770869551,"group_link":"https:\/\/t.me\/+ZpSvBhFQCCEwMzdk","type":"megagroup","message":"发送成功","message_id":498}],"failed":[],"debug":["处理标识符: https:\/\/t.me\/+ZpSvBhFQCCEwMzdk, 清理后: https:\/\/t.me\/+ZpSvBhFQCCEwMzdk, 识别为链接: True, 识别为数字ID: False"],"warning":""},"api_address":"185.165.170.142:5121"}
[2026-02-19T22:45:51+08:00][info] 消息ID缓存成功: task_id=39, group_id=https://t.me/+ZpSvBhFQCCEwMzdk, msg_index=346, message_id=498, send_user_id=3105
[2026-02-19T22:45:51+08:00][info] 消息状态标记为已发送: task_id=39, group_id=https://t.me/+ZpSvBhFQCCEwMzdk, msg_index=346
[2026-02-19T22:45:52+08:00][info] 任务 39 将在 95 秒后继续处理下一条消息，索引: 347, 实例ID: task_39_index_347_1771512352.3379
[2026-02-19T22:45:56+08:00][info] 开始处理队列任务: task_id=36, current_index=1658
[2026-02-19T22:45:56+08:00][info] 消息缓存初始化完成: task_id=36, groups=https://t.me/+o12qlRNkdiViMjE0
[2026-02-19T22:45:56+08:00][info] 任务 36 第 3 次循环，重置群组 https://t.me/+o12qlRNkdiViMjE0 消息状态
[2026-02-19T22:45:56+08:00][info] 使用消息配置中指定的用户 2527 的 session_path/www/wwwroot/tdata.tgbota.top/public/uploads/admin/202602/69862ac4b6550/817026445562/tdata/temp_8449313682.session
[2026-02-19T22:45:58+08:00][info] 返回:{"status":true,"message":"发送完成，成功1个，失败0个[]","data":{"success":[{"group_id":3479387283,"group_link":"https:\/\/t.me\/+o12qlRNkdiViMjE0","type":"megagroup","message":"发送成功","message_id":10303}],"failed":[],"debug":["处理标识符: https:\/\/t.me\/+o12qlRNkdiViMjE0, 清理后: https:\/\/t.me\/+o12qlRNkdiViMjE0, 识别为链接: True, 识别为数字ID: False"],"warning":""},"api_address":"185.165.170.142:5111"}
[2026-02-19T22:45:58+08:00][info] 消息ID缓存成功: task_id=36, group_id=https://t.me/+o12qlRNkdiViMjE0, msg_index=1658, message_id=10303, send_user_id=2527
[2026-02-19T22:45:58+08:00][info] 消息状态标记为已发送: task_id=36, group_id=https://t.me/+o12qlRNkdiViMjE0, msg_index=1658
[2026-02-19T22:45:58+08:00][info] 任务 36 将在 78 秒后继续处理下一条消息，索引: 1659, 实例ID: task_36_index_1659_1771512358.4824
[2026-02-19T22:46:25+08:00][info] 开始处理队列任务: task_id=35, current_index=1707
[2026-02-19T22:46:25+08:00][info] 消息缓存初始化完成: task_id=35, groups=https://t.me/+BrIuI_-gkNhhYTE0
[2026-02-19T22:46:25+08:00][info] 任务 35 第 3 次循环，重置群组 https://t.me/+BrIuI_-gkNhhYTE0 消息状态
[2026-02-19T22:46:25+08:00][info] 使用消息配置中指定的用户 2414 的 session_path/www/wwwroot/tdata.tgbota.top/public/uploads/admin/202602/69862ac4b6550/817026663586/tdata/temp_8594538341.session
[2026-02-19T22:46:27+08:00][info] 返回:{"status":true,"message":"发送完成，成功1个，失败0个[]","data":{"success":[{"group_id":3646934744,"group_link":"https:\/\/t.me\/+BrIuI_-gkNhhYTE0","type":"megagroup","message":"发送成功","message_id":10291}],"failed":[],"debug":["处理标识符: https:\/\/t.me\/+BrIuI_-gkNhhYTE0, 清理后: https:\/\/t.me\/+BrIuI_-gkNhhYTE0, 识别为链接: True, 识别为数字ID: False"],"warning":""},"api_address":"185.165.170.142:5149"}
[2026-02-19T22:46:27+08:00][info] 消息ID缓存成功: task_id=35, group_id=https://t.me/+BrIuI_-gkNhhYTE0, msg_index=1707, message_id=10291, send_user_id=2414
[2026-02-19T22:46:27+08:00][info] 消息状态标记为已发送: task_id=35, group_id=https://t.me/+BrIuI_-gkNhhYTE0, msg_index=1707
[2026-02-19T22:46:27+08:00][info] 任务 35 将在 90 秒后继续处理下一条消息，索引: 1708, 实例ID: task_35_index_1708_1771512387.2589
[2026-02-19T22:46:29+08:00][info] 开始处理队列任务: task_id=34, current_index=1495
[2026-02-19T22:46:30+08:00][info] 消息缓存初始化完成: task_id=34, groups=https://t.me/+CUyn8iqnQwEzNDY0
[2026-02-19T22:46:30+08:00][info] 任务 34 第 2 次循环，重置群组 https://t.me/+CUyn8iqnQwEzNDY0 消息状态
[2026-02-19T22:46:30+08:00][info] 使用当前发送用户 2425 的 session_path/www/wwwroot/tdata.tgbota.top/public/uploads/admin/202602/69862ac4b6550/817026167221/tdata/temp_8560706933.session
[2026-02-19T22:46:31+08:00][info] 返回:{"status":true,"message":"发送完成，成功1个，失败0个[]","data":{"success":[{"group_id":3719450736,"group_link":"https:\/\/t.me\/+CUyn8iqnQwEzNDY0","type":"megagroup","message":"发送成功","message_id":10239}],"failed":[],"debug":["处理标识符: https:\/\/t.me\/+CUyn8iqnQwEzNDY0, 清理后: https:\/\/t.me\/+CUyn8iqnQwEzNDY0, 识别为链接: True, 识别为数字ID: False"],"warning":""},"api_address":"185.165.170.142:5009"}
[2026-02-19T22:46:31+08:00][info] 消息ID缓存成功: task_id=34, group_id=https://t.me/+CUyn8iqnQwEzNDY0, msg_index=1495, message_id=10239, send_user_id=2425
[2026-02-19T22:46:31+08:00][info] 消息状态标记为已发送: task_id=34, group_id=https://t.me/+CUyn8iqnQwEzNDY0, msg_index=1495
[2026-02-19T22:46:31+08:00][info] 任务 34 将在 100 秒后继续处理下一条消息，索引: 1496, 实例ID: task_34_index_1496_1771512391.7623
[2026-02-19T22:46:33+08:00][info] 开始处理队列任务: task_id=38, current_index=347
[2026-02-19T22:46:33+08:00][info] 使用消息配置中指定的用户 3099 的 session_path/www/wwwroot/tdata.tgbota.top/public/uploads/admin/202602/699625adf380f/14722263537/tdata/temp_8511280965.session
[2026-02-19T22:46:34+08:00][info] 开始处理队列任务: task_id=40, current_index=345
[2026-02-19T22:46:34+08:00][info] 使用当前发送用户 3111 的 session_path/www/wwwroot/tdata.tgbota.top/public/uploads/admin/202602/699625adf380f/14632939542/tdata/temp_8575836087.session
[2026-02-19T22:46:36+08:00][info] 返回:{"status":true,"message":"发送完成，成功1个，失败0个[]","data":{"success":[{"group_id":3794396962,"group_link":"https:\/\/t.me\/+69dYKDni-wFmYWE0","type":"megagroup","message":"发送成功","message_id":499}],"failed":[],"debug":["处理标识符: https:\/\/t.me\/+69dYKDni-wFmYWE0, 清理后: https:\/\/t.me\/+69dYKDni-wFmYWE0, 识别为链接: True, 识别为数字ID: False"],"warning":""},"api_address":"185.165.170.142:5115"}
[2026-02-19T22:46:36+08:00][info] 消息ID缓存成功: task_id=38, group_id=https://t.me/+69dYKDni-wFmYWE0, msg_index=347, message_id=499, send_user_id=3099
[2026-02-19T22:46:36+08:00][info] 消息状态标记为已发送: task_id=38, group_id=https://t.me/+69dYKDni-wFmYWE0, msg_index=347
[2026-02-19T22:46:36+08:00][info] 任务 38 将在 99 秒后继续处理下一条消息，索引: 348, 实例ID: task_38_index_348_1771512396.1478
[2026-02-19T22:46:36+08:00][info] 返回:{"status":true,"message":"发送完成，成功1个，失败0个[]","data":{"success":[{"group_id":3799666589,"group_link":"https:\/\/t.me\/+IfyZ_OVthdI5YzNk","type":"megagroup","message":"发送成功","message_id":498}],"failed":[],"debug":["处理标识符: https:\/\/t.me\/+IfyZ_OVthdI5YzNk, 清理后: https:\/\/t.me\/+IfyZ_OVthdI5YzNk, 识别为链接: True, 识别为数字ID: False"],"warning":""},"api_address":"185.165.170.142:5127"}
[2026-02-19T22:46:36+08:00][info] 消息ID缓存成功: task_id=40, group_id=https://t.me/+IfyZ_OVthdI5YzNk, msg_index=345, message_id=498, send_user_id=3111
[2026-02-19T22:46:36+08:00][info] 消息状态标记为已发送: task_id=40, group_id=https://t.me/+IfyZ_OVthdI5YzNk, msg_index=345
[2026-02-19T22:46:36+08:00][info] 任务 40 将在 79 秒后继续处理下一条消息，索引: 346, 实例ID: task_40_index_346_1771512396.9072
[2026-02-19T22:46:39+08:00][info] 开始处理队列任务: task_id=25, current_index=1622
[2026-02-19T22:46:39+08:00][info] 消息缓存初始化完成: task_id=25, groups=https://t.me/+HZFEhfAwKjhmZDZk
[2026-02-19T22:46:39+08:00][info] 任务 25 第 3 次循环，重置群组 https://t.me/+HZFEhfAwKjhmZDZk 消息状态
[2026-02-19T22:46:39+08:00][info] 使用消息配置中指定的用户 2373 的 session_path/www/wwwroot/tdata.tgbota.top/public/uploads/admin/202601/6971e94ea480a/16079468152/tdata/temp_8287346283.session
[2026-02-19T22:46:42+08:00][info] 返回:{"status":true,"message":"发送完成，成功1个，失败0个[]","data":{"success":[{"group_id":3482989339,"group_link":"https:\/\/t.me\/+HZFEhfAwKjhmZDZk","type":"megagroup","message":"发送成功","message_id":30176}],"failed":[],"debug":["处理标识符: https:\/\/t.me\/+HZFEhfAwKjhmZDZk, 清理后: https:\/\/t.me\/+HZFEhfAwKjhmZDZk, 识别为链接: True, 识别为数字ID: False"],"warning":""},"api_address":"185.165.170.142:5108"}
[2026-02-19T22:46:42+08:00][info] 消息ID缓存成功: task_id=25, group_id=https://t.me/+HZFEhfAwKjhmZDZk, msg_index=1622, message_id=30176, send_user_id=2373
[2026-02-19T22:46:42+08:00][info] 消息状态标记为已发送: task_id=25, group_id=https://t.me/+HZFEhfAwKjhmZDZk, msg_index=1622
[2026-02-19T22:46:42+08:00][info] 任务 25 将在 92 秒后继续处理下一条消息，索引: 1623, 实例ID: task_25_index_1623_1771512402.0352
[2026-02-19T22:46:51+08:00][info] 开始处理队列任务: task_id=37, current_index=1695
[2026-02-19T22:46:51+08:00][info] 消息缓存初始化完成: task_id=37, groups=https://t.me/+DUAGbZI5vW41NWI8
[2026-02-19T22:46:51+08:00][info] 任务 37 第 3 次循环，重置群组 https://t.me/+DUAGbZI5vW41NWI8 消息状态
[2026-02-19T22:46:51+08:00][info] 使用当前发送用户 2519 的 session_path/www/wwwroot/tdata.tgbota.top/public/uploads/admin/202602/69862ac4b6550/818015756356/tdata/temp_8513741349.session
[2026-02-19T22:46:51+08:00][info] 开始处理队列任务: task_id=27, current_index=1591
[2026-02-19T22:46:52+08:00][info] 消息缓存初始化完成: task_id=27, groups=https://t.me/+_XaTo9Qrv0VjOTM0
[2026-02-19T22:46:52+08:00][info] 任务 27 第 3 次循环，重置群组 https://t.me/+_XaTo9Qrv0VjOTM0 消息状态
[2026-02-19T22:46:52+08:00][info] 使用消息配置中指定的用户 2325 的 session_path/www/wwwroot/tdata.tgbota.top/public/uploads/admin/202601/6971e94ea480a/16074777471/tdata/temp_8329691135.session
[2026-02-19T22:46:53+08:00][info] 返回:{"status":true,"message":"发送完成，成功1个，失败0个[]","data":{"success":[{"group_id":3732578862,"group_link":"https:\/\/t.me\/+DUAGbZI5vW41NWI8","type":"megagroup","message":"发送成功","message_id":8469}],"failed":[],"debug":["处理标识符: https:\/\/t.me\/+DUAGbZI5vW41NWI8, 清理后: https:\/\/t.me\/+DUAGbZI5vW41NWI8, 识别为链接: True, 识别为数字ID: False"],"warning":""},"api_address":"185.165.170.142:5103"}
[2026-02-19T22:46:53+08:00][info] 消息ID缓存成功: task_id=37, group_id=https://t.me/+DUAGbZI5vW41NWI8, msg_index=1695, message_id=8469, send_user_id=2519
[2026-02-19T22:46:53+08:00][info] 消息状态标记为已发送: task_id=37, group_id=https://t.me/+DUAGbZI5vW41NWI8, msg_index=1695
[2026-02-19T22:46:53+08:00][info] 任务 37 将在 103 秒后继续处理下一条消息，索引: 1696, 实例ID: task_37_index_1696_1771512413.0668
[2026-02-19T22:46:54+08:00][info] 返回:{"status":true,"message":"发送完成，成功1个，失败0个[]","data":{"success":[{"group_id":3649225144,"group_link":"https:\/\/t.me\/+_XaTo9Qrv0VjOTM0","type":"megagroup","message":"发送成功","message_id":33205}],"failed":[],"debug":["处理标识符: https:\/\/t.me\/+_XaTo9Qrv0VjOTM0, 清理后: https:\/\/t.me\/+_XaTo9Qrv0VjOTM0, 识别为链接: True, 识别为数字ID: False"],"warning":""},"api_address":"185.165.170.142:5060"}
[2026-02-19T22:46:54+08:00][info] 消息ID缓存成功: task_id=27, group_id=https://t.me/+_XaTo9Qrv0VjOTM0, msg_index=1591, message_id=33205, send_user_id=2325
[2026-02-19T22:46:54+08:00][info] 消息状态标记为已发送: task_id=27, group_id=https://t.me/+_XaTo9Qrv0VjOTM0, msg_index=1591
[2026-02-19T22:46:54+08:00][info] 任务 27 将在 118 秒后继续处理下一条消息，索引: 1592, 实例ID: task_27_index_1592_1771512414.883
[2026-02-19T22:47:07+08:00][info] 开始处理队列任务: task_id=28, current_index=1628
[2026-02-19T22:47:07+08:00][info] 消息缓存初始化完成: task_id=28, groups=https://t.me/+Hg62NsrbOCZmZmY8
[2026-02-19T22:47:07+08:00][info] 任务 28 第 3 次循环，重置群组 https://t.me/+Hg62NsrbOCZmZmY8 消息状态
[2026-02-19T22:47:07+08:00][info] 使用消息配置中指定的用户 2339 的 session_path/www/wwwroot/tdata.tgbota.top/public/uploads/admin/202601/6971e94ea480a/16097192911/tdata/temp_8236102931.session
[2026-02-19T22:47:10+08:00][info] 返回:{"status":true,"message":"发送完成，成功1个，失败0个[]","data":{"success":[{"group_id":3657218256,"group_link":"https:\/\/t.me\/+Hg62NsrbOCZmZmY8","type":"megagroup","message":"发送成功","message_id":21659}],"failed":[],"debug":["处理标识符: https:\/\/t.me\/+Hg62NsrbOCZmZmY8, 清理后: https:\/\/t.me\/+Hg62NsrbOCZmZmY8, 识别为链接: True, 识别为数字ID: False"],"warning":""},"api_address":"185.165.170.142:5074"}
[2026-02-19T22:47:10+08:00][info] 消息ID缓存成功: task_id=28, group_id=https://t.me/+Hg62NsrbOCZmZmY8, msg_index=1628, message_id=21659, send_user_id=2339
[2026-02-19T22:47:10+08:00][info] 消息状态标记为已发送: task_id=28, group_id=https://t.me/+Hg62NsrbOCZmZmY8, msg_index=1628
[2026-02-19T22:47:10+08:00][info] 任务 28 将在 102 秒后继续处理下一条消息，索引: 1629, 实例ID: task_28_index_1629_1771512430.2333
[2026-02-19T22:47:13+08:00][info] 开始处理队列任务: task_id=29, current_index=1623
[2026-02-19T22:47:13+08:00][info] 消息缓存初始化完成: task_id=29, groups=https://t.me/+WZlsKfz1W89jYjE0
[2026-02-19T22:47:13+08:00][info] 任务 29 第 3 次循环，重置群组 https://t.me/+WZlsKfz1W89jYjE0 消息状态
[2026-02-19T22:47:13+08:00][info] 使用消息配置中指定的用户 2366 的 session_path/www/wwwroot/tdata.tgbota.top/public/uploads/admin/202601/6971e94ea480a/16079442631/tdata/temp_8415393991.session
[2026-02-19T22:47:16+08:00][info] 返回:{"status":true,"message":"发送完成，成功1个，失败0个[]","data":{"success":[{"group_id":3780502866,"group_link":"https:\/\/t.me\/+WZlsKfz1W89jYjE0","type":"megagroup","message":"发送成功","message_id":21717}],"failed":[],"debug":["处理标识符: https:\/\/t.me\/+WZlsKfz1W89jYjE0, 清理后: https:\/\/t.me\/+WZlsKfz1W89jYjE0, 识别为链接: True, 识别为数字ID: False"],"warning":""},"api_address":"185.165.170.142:5101"}
[2026-02-19T22:47:16+08:00][info] 消息ID缓存成功: task_id=29, group_id=https://t.me/+WZlsKfz1W89jYjE0, msg_index=1623, message_id=21717, send_user_id=2366
[2026-02-19T22:47:16+08:00][info] 消息状态标记为已发送: task_id=29, group_id=https://t.me/+WZlsKfz1W89jYjE0, msg_index=1623
[2026-02-19T22:47:16+08:00][info] 任务 29 将在 76 秒后继续处理下一条消息，索引: 1624, 实例ID: task_29_index_1624_1771512436.0276
[2026-02-19T22:47:16+08:00][info] 开始处理队列任务: task_id=36, current_index=1659
[2026-02-19T22:47:16+08:00][info] 消息缓存初始化完成: task_id=36, groups=https://t.me/+o12qlRNkdiViMjE0
[2026-02-19T22:47:16+08:00][info] 任务 36 第 3 次循环，重置群组 https://t.me/+o12qlRNkdiViMjE0 消息状态
[2026-02-19T22:47:16+08:00][info] 使用消息配置中指定的用户 2475 的 session_path/www/wwwroot/tdata.tgbota.top/public/uploads/admin/202602/69862ac4b6550/818015756050/tdata/temp_8510810123.session
[2026-02-19T22:47:18+08:00][info] 返回:{"status":true,"message":"发送完成，成功1个，失败0个[]","data":{"success":[{"group_id":3479387283,"group_link":"https:\/\/t.me\/+o12qlRNkdiViMjE0","type":"megagroup","message":"发送成功","message_id":10304}],"failed":[],"debug":["处理标识符: https:\/\/t.me\/+o12qlRNkdiViMjE0, 清理后: https:\/\/t.me\/+o12qlRNkdiViMjE0, 识别为链接: True, 识别为数字ID: False"],"warning":""},"api_address":"185.165.170.142:5059"}
[2026-02-19T22:47:18+08:00][info] 消息ID缓存成功: task_id=36, group_id=https://t.me/+o12qlRNkdiViMjE0, msg_index=1659, message_id=10304, send_user_id=2475
[2026-02-19T22:47:18+08:00][info] 消息状态标记为已发送: task_id=36, group_id=https://t.me/+o12qlRNkdiViMjE0, msg_index=1659
[2026-02-19T22:47:18+08:00][info] 任务 36 将在 88 秒后继续处理下一条消息，索引: 1660, 实例ID: task_36_index_1660_1771512438.2393
[2026-02-19T22:47:18+08:00][info] 开始处理队列任务: task_id=33, current_index=1495
[2026-02-19T22:47:18+08:00][info] 消息缓存初始化完成: task_id=33, groups=https://t.me/+wcqRUxDn6zczYmM0
[2026-02-19T22:47:18+08:00][info] 任务 33 第 2 次循环，重置群组 https://t.me/+wcqRUxDn6zczYmM0 消息状态
[2026-02-19T22:47:18+08:00][info] 使用当前发送用户 2425 的 session_path/www/wwwroot/tdata.tgbota.top/public/uploads/admin/202602/69862ac4b6550/817026167221/tdata/temp_8560706933.session
[2026-02-19T22:47:20+08:00][info] 返回:{"status":true,"message":"发送完成，成功1个，失败0个[]","data":{"success":[{"group_id":3658905404,"group_link":"https:\/\/t.me\/+wcqRUxDn6zczYmM0","type":"megagroup","message":"发送成功","message_id":10078}],"failed":[],"debug":["处理标识符: https:\/\/t.me\/+wcqRUxDn6zczYmM0, 清理后: https:\/\/t.me\/+wcqRUxDn6zczYmM0, 识别为链接: True, 识别为数字ID: False"],"warning":""},"api_address":"185.165.170.142:5009"}
[2026-02-19T22:47:20+08:00][info] 消息ID缓存成功: task_id=33, group_id=https://t.me/+wcqRUxDn6zczYmM0, msg_index=1495, message_id=10078, send_user_id=2425
[2026-02-19T22:47:20+08:00][info] 消息状态标记为已发送: task_id=33, group_id=https://t.me/+wcqRUxDn6zczYmM0, msg_index=1495
[2026-02-19T22:47:20+08:00][info] 任务 33 将在 100 秒后继续处理下一条消息，索引: 1496, 实例ID: task_33_index_1496_1771512440.5054
[2026-02-19T22:47:27+08:00][info] 开始处理队列任务: task_id=39, current_index=347
[2026-02-19T22:47:28+08:00][info] 使用消息配置中指定的用户 3099 的 session_path/www/wwwroot/tdata.tgbota.top/public/uploads/admin/202602/699625adf380f/14722263537/tdata/temp_8511280965.session
[2026-02-19T22:47:30+08:00][info] 返回:{"status":true,"message":"发送完成，成功1个，失败0个[]","data":{"success":[{"group_id":3770869551,"group_link":"https:\/\/t.me\/+ZpSvBhFQCCEwMzdk","type":"megagroup","message":"发送成功","message_id":499}],"failed":[],"debug":["处理标识符: https:\/\/t.me\/+ZpSvBhFQCCEwMzdk, 清理后: https:\/\/t.me\/+ZpSvBhFQCCEwMzdk, 识别为链接: True, 识别为数字ID: False"],"warning":""},"api_address":"185.165.170.142:5115"}
[2026-02-19T22:47:30+08:00][info] 消息ID缓存成功: task_id=39, group_id=https://t.me/+ZpSvBhFQCCEwMzdk, msg_index=347, message_id=499, send_user_id=3099
[2026-02-19T22:47:30+08:00][info] 消息状态标记为已发送: task_id=39, group_id=https://t.me/+ZpSvBhFQCCEwMzdk, msg_index=347
[2026-02-19T22:47:30+08:00][info] 任务 39 将在 99 秒后继续处理下一条消息，索引: 348, 实例ID: task_39_index_348_1771512450.4718
[2026-02-19T22:47:32+08:00][info] 开始处理队列任务: task_id=31, current_index=1629
[2026-02-19T22:47:32+08:00][info] 消息缓存初始化完成: task_id=31, groups=https://t.me/+4azhFwWhx1czMzE0
[2026-02-19T22:47:32+08:00][info] 任务 31 第 3 次循环，重置群组 https://t.me/+4azhFwWhx1czMzE0 消息状态
[2026-02-19T22:47:32+08:00][info] 使用当前发送用户 2333 的 session_path/www/wwwroot/tdata.tgbota.top/public/uploads/admin/202601/6971e94ea480a/16099937945/tdata/temp_8413937240.session
[2026-02-19T22:47:34+08:00][info] 返回:{"status":true,"message":"发送完成，成功1个，失败0个[]","data":{"success":[{"group_id":3079998653,"group_link":"https:\/\/t.me\/+4azhFwWhx1czMzE0","type":"megagroup","message":"发送成功","message_id":14482}],"failed":[],"debug":["处理标识符: https:\/\/t.me\/+4azhFwWhx1czMzE0, 清理后: https:\/\/t.me\/+4azhFwWhx1czMzE0, 识别为链接: True, 识别为数字ID: False"],"warning":""},"api_address":"185.165.170.142:5068"}
[2026-02-19T22:47:34+08:00][info] 消息ID缓存成功: task_id=31, group_id=https://t.me/+4azhFwWhx1czMzE0, msg_index=1629, message_id=14482, send_user_id=2333
[2026-02-19T22:47:34+08:00][info] 消息状态标记为已发送: task_id=31, group_id=https://t.me/+4azhFwWhx1czMzE0, msg_index=1629
[2026-02-19T22:47:34+08:00][info] 任务 31 将在 81 秒后继续处理下一条消息，索引: 1630, 实例ID: task_31_index_1630_1771512454.8323
[2026-02-19T22:47:55+08:00][info] 开始处理队列任务: task_id=40, current_index=346
[2026-02-19T22:47:55+08:00][info] 使用消息配置中指定的用户 3105 的 session_path/www/wwwroot/tdata.tgbota.top/public/uploads/admin/202602/699625adf380f/14753536037/tdata/temp_8518945497.session
[2026-02-19T22:47:57+08:00][info] 开始处理队列任务: task_id=35, current_index=1708
[2026-02-19T22:47:57+08:00][info] 消息缓存初始化完成: task_id=35, groups=https://t.me/+BrIuI_-gkNhhYTE0
[2026-02-19T22:47:57+08:00][info] 任务 35 第 3 次循环，重置群组 https://t.me/+BrIuI_-gkNhhYTE0 消息状态
[2026-02-19T22:47:57+08:00][info] 使用当前发送用户 2413 的 session_path/www/wwwroot/tdata.tgbota.top/public/uploads/admin/202602/69862ac4b6550/818010974456/tdata/temp_8406035094.session
[2026-02-19T22:47:57+08:00][info] 返回:{"status":true,"message":"发送完成，成功1个，失败0个[]","data":{"success":[{"group_id":3799666589,"group_link":"https:\/\/t.me\/+IfyZ_OVthdI5YzNk","type":"megagroup","message":"发送成功","message_id":499}],"failed":[],"debug":["处理标识符: https:\/\/t.me\/+IfyZ_OVthdI5YzNk, 清理后: https:\/\/t.me\/+IfyZ_OVthdI5YzNk, 识别为链接: True, 识别为数字ID: False"],"warning":""},"api_address":"185.165.170.142:5121"}
[2026-02-19T22:47:57+08:00][info] 消息ID缓存成功: task_id=40, group_id=https://t.me/+IfyZ_OVthdI5YzNk, msg_index=346, message_id=499, send_user_id=3105
[2026-02-19T22:47:57+08:00][info] 消息状态标记为已发送: task_id=40, group_id=https://t.me/+IfyZ_OVthdI5YzNk, msg_index=346
[2026-02-19T22:47:57+08:00][info] 任务 40 将在 95 秒后继续处理下一条消息，索引: 347, 实例ID: task_40_index_347_1771512477.9643
[2026-02-19T22:47:59+08:00][info] 返回:{"status":true,"message":"发送完成，成功1个，失败0个[]","data":{"success":[{"group_id":3646934744,"group_link":"https:\/\/t.me\/+BrIuI_-gkNhhYTE0","type":"megagroup","message":"发送成功","message_id":10292}],"failed":[],"debug":["处理标识符: https:\/\/t.me\/+BrIuI_-gkNhhYTE0, 清理后: https:\/\/t.me\/+BrIuI_-gkNhhYTE0, 识别为链接: True, 识别为数字ID: False"],"warning":""},"api_address":"185.165.170.142:5148"}
[2026-02-19T22:47:59+08:00][info] 消息ID缓存成功: task_id=35, group_id=https://t.me/+BrIuI_-gkNhhYTE0, msg_index=1708, message_id=10292, send_user_id=2413
[2026-02-19T22:47:59+08:00][info] 消息状态标记为已发送: task_id=35, group_id=https://t.me/+BrIuI_-gkNhhYTE0, msg_index=1708
[2026-02-19T22:47:59+08:00][info] 任务 35 将在 83 秒后继续处理下一条消息，索引: 1709, 实例ID: task_35_index_1709_1771512479.6631
[2026-02-19T22:48:11+08:00][info] 开始处理队列任务: task_id=34, current_index=1496
[2026-02-19T22:48:11+08:00][info] 消息缓存初始化完成: task_id=34, groups=https://t.me/+CUyn8iqnQwEzNDY0
[2026-02-19T22:48:11+08:00][info] 任务 34 第 2 次循环，重置群组 https://t.me/+CUyn8iqnQwEzNDY0 消息状态
[2026-02-19T22:48:11+08:00][info] 使用feedbackType=1496的消息ID: 10239
[2026-02-19T22:48:11+08:00][info] 使用当前发送用户 2422 的 session_path/www/wwwroot/tdata.tgbota.top/public/uploads/admin/202602/69862ac4b6550/817039604182/tdata/temp_7972385542.session
[2026-02-19T22:48:13+08:00][info] 返回:{"status":true,"message":"发送完成，成功1个，失败0个[]","data":{"success":[{"group_id":3719450736,"group_link":"https:\/\/t.me\/+CUyn8iqnQwEzNDY0","type":"megagroup","message":"发送成功","message_id":10240}],"failed":[],"debug":["处理标识符: https:\/\/t.me\/+CUyn8iqnQwEzNDY0, 清理后: https:\/\/t.me\/+CUyn8iqnQwEzNDY0, 识别为链接: True, 识别为数字ID: False"],"warning":""},"api_address":"185.165.170.142:5006"}
[2026-02-19T22:48:13+08:00][info] 消息ID缓存成功: task_id=34, group_id=https://t.me/+CUyn8iqnQwEzNDY0, msg_index=1496, message_id=10240, send_user_id=2422
[2026-02-19T22:48:13+08:00][info] 消息状态标记为已发送: task_id=34, group_id=https://t.me/+CUyn8iqnQwEzNDY0, msg_index=1496
[2026-02-19T22:48:13+08:00][info] 任务 34 将在 111 秒后继续处理下一条消息，索引: 1497, 实例ID: task_34_index_1497_1771512493.9499
[2026-02-19T22:48:14+08:00][info] 开始处理队列任务: task_id=25, current_index=1623
[2026-02-19T22:48:15+08:00][info] 消息缓存初始化完成: task_id=25, groups=https://t.me/+HZFEhfAwKjhmZDZk
[2026-02-19T22:48:15+08:00][info] 任务 25 第 3 次循环，重置群组 https://t.me/+HZFEhfAwKjhmZDZk 消息状态
[2026-02-19T22:48:15+08:00][info] 使用消息配置中指定的用户 2366 的 session_path/www/wwwroot/tdata.tgbota.top/public/uploads/admin/202601/6971e94ea480a/16079442631/tdata/temp_8415393991.session
[2026-02-19T22:48:16+08:00][info] 开始处理队列任务: task_id=38, current_index=348
[2026-02-19T22:48:16+08:00][info] 从数据库获取用户 3093 的 session_path
[2026-02-19T22:48:18+08:00][info] 返回:{"status":true,"message":"发送完成，成功1个，失败0个[]","data":{"success":[{"group_id":3482989339,"group_link":"https:\/\/t.me\/+HZFEhfAwKjhmZDZk","type":"megagroup","message":"发送成功","message_id":30177}],"failed":[],"debug":["处理标识符: https:\/\/t.me\/+HZFEhfAwKjhmZDZk, 清理后: https:\/\/t.me\/+HZFEhfAwKjhmZDZk, 识别为链接: True, 识别为数字ID: False"],"warning":""},"api_address":"185.165.170.142:5101"}
[2026-02-19T22:48:18+08:00][info] 消息ID缓存成功: task_id=25, group_id=https://t.me/+HZFEhfAwKjhmZDZk, msg_index=1623, message_id=30177, send_user_id=2366
[2026-02-19T22:48:18+08:00][info] 消息状态标记为已发送: task_id=25, group_id=https://t.me/+HZFEhfAwKjhmZDZk, msg_index=1623
[2026-02-19T22:48:18+08:00][info] 任务 25 将在 76 秒后继续处理下一条消息，索引: 1624, 实例ID: task_25_index_1624_1771512498.2618
[2026-02-19T22:48:18+08:00][info] 返回:{"status":true,"message":"发送完成，成功1个，失败0个[]","data":{"success":[{"group_id":3794396962,"group_link":"https:\/\/t.me\/+69dYKDni-wFmYWE0","type":"megagroup","message":"发送成功","message_id":500}],"failed":[],"debug":["处理标识符: https:\/\/t.me\/+69dYKDni-wFmYWE0, 清理后: https:\/\/t.me\/+69dYKDni-wFmYWE0, 识别为链接: True, 识别为数字ID: False"],"warning":""},"api_address":"185.165.170.142:5109"}
[2026-02-19T22:48:18+08:00][info] 消息ID缓存成功: task_id=38, group_id=https://t.me/+69dYKDni-wFmYWE0, msg_index=348, message_id=500, send_user_id=3093
[2026-02-19T22:48:18+08:00][info] 消息状态标记为已发送: task_id=38, group_id=https://t.me/+69dYKDni-wFmYWE0, msg_index=348
[2026-02-19T22:48:18+08:00][info] 任务 38 将在 100 秒后继续处理下一条消息，索引: 349, 实例ID: task_38_index_349_1771512498.5577
[2026-02-19T22:48:33+08:00][info] 开始处理队列任务: task_id=29, current_index=1624
[2026-02-19T22:48:33+08:00][info] 消息缓存初始化完成: task_id=29, groups=https://t.me/+WZlsKfz1W89jYjE0
[2026-02-19T22:48:33+08:00][info] 任务 29 第 3 次循环，重置群组 https://t.me/+WZlsKfz1W89jYjE0 消息状态
[2026-02-19T22:48:33+08:00][info] 使用消息配置中指定的用户 2359 的 session_path/www/wwwroot/tdata.tgbota.top/public/uploads/admin/202601/6971e94ea480a/16096922406/tdata/temp_7666213322.session
[2026-02-19T22:48:36+08:00][info] 返回:{"status":true,"message":"发送完成，成功1个，失败0个[]","data":{"success":[{"group_id":3780502866,"group_link":"https:\/\/t.me\/+WZlsKfz1W89jYjE0","type":"megagroup","message":"发送成功","message_id":21718}],"failed":[],"debug":["处理标识符: https:\/\/t.me\/+WZlsKfz1W89jYjE0, 清理后: https:\/\/t.me\/+WZlsKfz1W89jYjE0, 识别为链接: True, 识别为数字ID: False"],"warning":""},"api_address":"185.165.170.142:5094"}
[2026-02-19T22:48:36+08:00][info] 消息ID缓存成功: task_id=29, group_id=https://t.me/+WZlsKfz1W89jYjE0, msg_index=1624, message_id=21718, send_user_id=2359
[2026-02-19T22:48:36+08:00][info] 消息状态标记为已发送: task_id=29, group_id=https://t.me/+WZlsKfz1W89jYjE0, msg_index=1624
[2026-02-19T22:48:36+08:00][info] 任务 29 将在 85 秒后继续处理下一条消息，索引: 1625, 实例ID: task_29_index_1625_1771512516.1158
[2026-02-19T22:48:36+08:00][info] 开始处理队列任务: task_id=37, current_index=1696
[2026-02-19T22:48:36+08:00][info] 消息缓存初始化完成: task_id=37, groups=https://t.me/+DUAGbZI5vW41NWI8
[2026-02-19T22:48:36+08:00][info] 任务 37 第 3 次循环，重置群组 https://t.me/+DUAGbZI5vW41NWI8 消息状态
[2026-02-19T22:48:36+08:00][info] 使用当前发送用户 2441 的 session_path/www/wwwroot/tdata.tgbota.top/public/uploads/admin/202602/69862ac4b6550/817026673177/tdata/temp_8398091588.session
[2026-02-19T22:48:38+08:00][info] 返回:{"status":true,"message":"发送完成，成功1个，失败0个[]","data":{"success":[{"group_id":3732578862,"group_link":"https:\/\/t.me\/+DUAGbZI5vW41NWI8","type":"megagroup","message":"发送成功","message_id":8470}],"failed":[],"debug":["处理标识符: https:\/\/t.me\/+DUAGbZI5vW41NWI8, 清理后: https:\/\/t.me\/+DUAGbZI5vW41NWI8, 识别为链接: True, 识别为数字ID: False"],"warning":""},"api_address":"185.165.170.142:5025"}
[2026-02-19T22:48:38+08:00][info] 消息ID缓存成功: task_id=37, group_id=https://t.me/+DUAGbZI5vW41NWI8, msg_index=1696, message_id=8470, send_user_id=2441
[2026-02-19T22:48:38+08:00][info] 消息状态标记为已发送: task_id=37, group_id=https://t.me/+DUAGbZI5vW41NWI8, msg_index=1696
[2026-02-19T22:48:38+08:00][info] 任务 37 将在 85 秒后继续处理下一条消息，索引: 1697, 实例ID: task_37_index_1697_1771512518.4345
[2026-02-19T22:48:46+08:00][info] 开始处理队列任务: task_id=36, current_index=1660
[2026-02-19T22:48:46+08:00][info] 消息缓存初始化完成: task_id=36, groups=https://t.me/+o12qlRNkdiViMjE0
[2026-02-19T22:48:46+08:00][info] 任务 36 第 3 次循环，重置群组 https://t.me/+o12qlRNkdiViMjE0 消息状态
[2026-02-19T22:48:46+08:00][info] 使用当前发送用户 2430 的 session_path/www/wwwroot/tdata.tgbota.top/public/uploads/admin/202602/69862ac4b6550/818014390605/tdata/temp_8368623564.session
[2026-02-19T22:48:48+08:00][info] 返回:{"status":true,"message":"发送完成，成功1个，失败0个[]","data":{"success":[{"group_id":3479387283,"group_link":"https:\/\/t.me\/+o12qlRNkdiViMjE0","type":"megagroup","message":"发送成功","message_id":10305}],"failed":[],"debug":["处理标识符: https:\/\/t.me\/+o12qlRNkdiViMjE0, 清理后: https:\/\/t.me\/+o12qlRNkdiViMjE0, 识别为链接: True, 识别为数字ID: False"],"warning":""},"api_address":"185.165.170.142:5014"}
[2026-02-19T22:48:48+08:00][info] 消息ID缓存成功: task_id=36, group_id=https://t.me/+o12qlRNkdiViMjE0, msg_index=1660, message_id=10305, send_user_id=2430
[2026-02-19T22:48:48+08:00][info] 消息状态标记为已发送: task_id=36, group_id=https://t.me/+o12qlRNkdiViMjE0, msg_index=1660
[2026-02-19T22:48:48+08:00][info] 任务 36 将在 108 秒后继续处理下一条消息，索引: 1661, 实例ID: task_36_index_1661_1771512528.5088
[2026-02-19T22:48:52+08:00][info] 开始处理队列任务: task_id=27, current_index=1592
[2026-02-19T22:48:52+08:00][info] 开始处理队列任务: task_id=28, current_index=1629
[2026-02-19T22:48:52+08:00][info] 消息缓存初始化完成: task_id=27, groups=https://t.me/+_XaTo9Qrv0VjOTM0
[2026-02-19T22:48:52+08:00][info] 任务 27 第 3 次循环，重置群组 https://t.me/+_XaTo9Qrv0VjOTM0 消息状态
[2026-02-19T22:48:52+08:00][info] 从数据库获取用户 2317 的 session_path
[2026-02-19T22:48:52+08:00][info] 消息缓存初始化完成: task_id=28, groups=https://t.me/+Hg62NsrbOCZmZmY8
[2026-02-19T22:48:52+08:00][info] 任务 28 第 3 次循环，重置群组 https://t.me/+Hg62NsrbOCZmZmY8 消息状态
[2026-02-19T22:48:52+08:00][info] 使用当前发送用户 2333 的 session_path/www/wwwroot/tdata.tgbota.top/public/uploads/admin/202601/6971e94ea480a/16099937945/tdata/temp_8413937240.session
[2026-02-19T22:48:55+08:00][info] 返回:{"status":true,"message":"发送完成，成功1个，失败0个[]","data":{"success":[{"group_id":3657218256,"group_link":"https:\/\/t.me\/+Hg62NsrbOCZmZmY8","type":"megagroup","message":"发送成功","message_id":21660}],"failed":[],"debug":["处理标识符: https:\/\/t.me\/+Hg62NsrbOCZmZmY8, 清理后: https:\/\/t.me\/+Hg62NsrbOCZmZmY8, 识别为链接: True, 识别为数字ID: False"],"warning":""},"api_address":"185.165.170.142:5068"}
[2026-02-19T22:48:55+08:00][info] 消息ID缓存成功: task_id=28, group_id=https://t.me/+Hg62NsrbOCZmZmY8, msg_index=1629, message_id=21660, send_user_id=2333
[2026-02-19T22:48:55+08:00][info] 消息状态标记为已发送: task_id=28, group_id=https://t.me/+Hg62NsrbOCZmZmY8, msg_index=1629
[2026-02-19T22:48:55+08:00][info] 任务 28 将在 81 秒后继续处理下一条消息，索引: 1630, 实例ID: task_28_index_1630_1771512535.4883
[2026-02-19T22:48:55+08:00][info] 开始处理队列任务: task_id=31, current_index=1630
[2026-02-19T22:48:55+08:00][info] 返回:{"status":true,"message":"发送完成，成功1个，失败0个[]","data":{"success":[{"group_id":3649225144,"group_link":"https:\/\/t.me\/+_XaTo9Qrv0VjOTM0","type":"megagroup","message":"发送成功","message_id":33206}],"failed":[],"debug":["处理标识符: https:\/\/t.me\/+_XaTo9Qrv0VjOTM0, 清理后: https:\/\/t.me\/+_XaTo9Qrv0VjOTM0, 识别为链接: True, 识别为数字ID: False"],"warning":""},"api_address":"185.165.170.142:5052"}
[2026-02-19T22:48:55+08:00][info] 消息ID缓存成功: task_id=27, group_id=https://t.me/+_XaTo9Qrv0VjOTM0, msg_index=1592, message_id=33206, send_user_id=2317
[2026-02-19T22:48:55+08:00][info] 消息状态标记为已发送: task_id=27, group_id=https://t.me/+_XaTo9Qrv0VjOTM0, msg_index=1592
[2026-02-19T22:48:55+08:00][info] 任务 27 将在 78 秒后继续处理下一条消息，索引: 1593, 实例ID: task_27_index_1593_1771512535.6054
[2026-02-19T22:48:55+08:00][info] 消息缓存初始化完成: task_id=31, groups=https://t.me/+4azhFwWhx1czMzE0
[2026-02-19T22:48:55+08:00][info] 任务 31 第 3 次循环，重置群组 https://t.me/+4azhFwWhx1czMzE0 消息状态
[2026-02-19T22:48:56+08:00][info] 使用feedbackType=1630的消息ID: 14482
[2026-02-19T22:48:56+08:00][info] 从数据库获取用户 2327 的 session_path
[2026-02-19T22:48:58+08:00][info] 返回:{"status":true,"message":"发送完成，成功1个，失败0个[]","data":{"success":[{"group_id":3079998653,"group_link":"https:\/\/t.me\/+4azhFwWhx1czMzE0","type":"megagroup","message":"发送成功","message_id":14483}],"failed":[],"debug":["处理标识符: https:\/\/t.me\/+4azhFwWhx1czMzE0, 清理后: https:\/\/t.me\/+4azhFwWhx1czMzE0, 识别为链接: True, 识别为数字ID: False"],"warning":""},"api_address":"185.165.170.142:5062"}
[2026-02-19T22:48:58+08:00][info] 消息ID缓存成功: task_id=31, group_id=https://t.me/+4azhFwWhx1czMzE0, msg_index=1630, message_id=14483, send_user_id=2327
[2026-02-19T22:48:58+08:00][info] 消息状态标记为已发送: task_id=31, group_id=https://t.me/+4azhFwWhx1czMzE0, msg_index=1630
[2026-02-19T22:48:58+08:00][info] 任务 31 将在 98 秒后继续处理下一条消息，索引: 1631, 实例ID: task_31_index_1631_1771512538.9045
[2026-02-19T22:49:00+08:00][info] 开始处理队列任务: task_id=33, current_index=1496
[2026-02-19T22:49:00+08:00][info] 消息缓存初始化完成: task_id=33, groups=https://t.me/+wcqRUxDn6zczYmM0
[2026-02-19T22:49:00+08:00][info] 任务 33 第 2 次循环，重置群组 https://t.me/+wcqRUxDn6zczYmM0 消息状态
[2026-02-19T22:49:00+08:00][info] 使用feedbackType=1496的消息ID: 10078
[2026-02-19T22:49:00+08:00][info] 使用当前发送用户 2422 的 session_path/www/wwwroot/tdata.tgbota.top/public/uploads/admin/202602/69862ac4b6550/817039604182/tdata/temp_7972385542.session
[2026-02-19T22:49:03+08:00][info] 返回:{"status":true,"message":"发送完成，成功1个，失败0个[]","data":{"success":[{"group_id":3658905404,"group_link":"https:\/\/t.me\/+wcqRUxDn6zczYmM0","type":"megagroup","message":"发送成功","message_id":10079}],"failed":[],"debug":["处理标识符: https:\/\/t.me\/+wcqRUxDn6zczYmM0, 清理后: https:\/\/t.me\/+wcqRUxDn6zczYmM0, 识别为链接: True, 识别为数字ID: False"],"warning":""},"api_address":"185.165.170.142:5006"}
[2026-02-19T22:49:03+08:00][info] 消息ID缓存成功: task_id=33, group_id=https://t.me/+wcqRUxDn6zczYmM0, msg_index=1496, message_id=10079, send_user_id=2422
[2026-02-19T22:49:03+08:00][info] 消息状态标记为已发送: task_id=33, group_id=https://t.me/+wcqRUxDn6zczYmM0, msg_index=1496
[2026-02-19T22:49:03+08:00][info] 任务 33 将在 111 秒后继续处理下一条消息，索引: 1497, 实例ID: task_33_index_1497_1771512543.0573
[2026-02-19T22:49:09+08:00][info] 开始处理队列任务: task_id=39, current_index=348
[2026-02-19T22:49:09+08:00][info] 使用消息配置中指定的用户 3093 的 session_path/www/wwwroot/tdata.tgbota.top/public/uploads/admin/202602/699625adf380f/14642412588/tdata/temp_8268342482.session
[2026-02-19T22:49:11+08:00][info] 返回:{"status":true,"message":"发送完成，成功1个，失败0个[]","data":{"success":[{"group_id":3770869551,"group_link":"https:\/\/t.me\/+ZpSvBhFQCCEwMzdk","type":"megagroup","message":"发送成功","message_id":500}],"failed":[],"debug":["处理标识符: https:\/\/t.me\/+ZpSvBhFQCCEwMzdk, 清理后: https:\/\/t.me\/+ZpSvBhFQCCEwMzdk, 识别为链接: True, 识别为数字ID: False"],"warning":""},"api_address":"185.165.170.142:5109"}
[2026-02-19T22:49:11+08:00][info] 消息ID缓存成功: task_id=39, group_id=https://t.me/+ZpSvBhFQCCEwMzdk, msg_index=348, message_id=500, send_user_id=3093
[2026-02-19T22:49:11+08:00][info] 消息状态标记为已发送: task_id=39, group_id=https://t.me/+ZpSvBhFQCCEwMzdk, msg_index=348
[2026-02-19T22:49:11+08:00][info] 任务 39 将在 100 秒后继续处理下一条消息，索引: 349, 实例ID: task_39_index_349_1771512551.592
[2026-02-19T22:49:22+08:00][info] 开始处理队列任务: task_id=35, current_index=1709
[2026-02-19T22:49:22+08:00][info] 消息缓存初始化完成: task_id=35, groups=https://t.me/+BrIuI_-gkNhhYTE0
[2026-02-19T22:49:22+08:00][info] 任务 35 第 3 次循环，重置群组 https://t.me/+BrIuI_-gkNhhYTE0 消息状态
[2026-02-19T22:49:22+08:00][info] 使用feedbackType=1709的消息ID: 10292
[2026-02-19T22:49:22+08:00][info] 使用消息配置中指定的用户 2412 的 session_path/www/wwwroot/tdata.tgbota.top/public/uploads/admin/202602/69862ac4b6550/817041791529/tdata/temp_7783374937.session
[2026-02-19T22:49:25+08:00][info] 返回:{"status":true,"message":"发送完成，成功1个，失败0个[]","data":{"success":[{"group_id":3646934744,"group_link":"https:\/\/t.me\/+BrIuI_-gkNhhYTE0","type":"megagroup","message":"发送成功","message_id":10293}],"failed":[],"debug":["处理标识符: https:\/\/t.me\/+BrIuI_-gkNhhYTE0, 清理后: https:\/\/t.me\/+BrIuI_-gkNhhYTE0, 识别为链接: True, 识别为数字ID: False"],"warning":""},"api_address":"185.165.170.142:5147"}
[2026-02-19T22:49:25+08:00][info] 消息ID缓存成功: task_id=35, group_id=https://t.me/+BrIuI_-gkNhhYTE0, msg_index=1709, message_id=10293, send_user_id=2412
[2026-02-19T22:49:25+08:00][info] 消息状态标记为已发送: task_id=35, group_id=https://t.me/+BrIuI_-gkNhhYTE0, msg_index=1709
[2026-02-19T22:49:25+08:00][info] 任务 35 将在 70 秒后继续处理下一条消息，索引: 1710, 实例ID: task_35_index_1710_1771512565.3645
[2026-02-19T22:49:32+08:00][info] 开始处理队列任务: task_id=40, current_index=347
[2026-02-19T22:49:32+08:00][info] 使用消息配置中指定的用户 3099 的 session_path/www/wwwroot/tdata.tgbota.top/public/uploads/admin/202602/699625adf380f/14722263537/tdata/temp_8511280965.session
[2026-02-19T22:49:34+08:00][info] 开始处理队列任务: task_id=25, current_index=1624
[2026-02-19T22:49:34+08:00][info] 消息缓存初始化完成: task_id=25, groups=https://t.me/+HZFEhfAwKjhmZDZk
[2026-02-19T22:49:34+08:00][info] 任务 25 第 3 次循环，重置群组 https://t.me/+HZFEhfAwKjhmZDZk 消息状态
[2026-02-19T22:49:34+08:00][info] 返回:{"status":true,"message":"发送完成，成功1个，失败0个[]","data":{"success":[{"group_id":3799666589,"group_link":"https:\/\/t.me\/+IfyZ_OVthdI5YzNk","type":"megagroup","message":"发送成功","message_id":500}],"failed":[],"debug":["处理标识符: https:\/\/t.me\/+IfyZ_OVthdI5YzNk, 清理后: https:\/\/t.me\/+IfyZ_OVthdI5YzNk, 识别为链接: True, 识别为数字ID: False"],"warning":""},"api_address":"185.165.170.142:5115"}
[2026-02-19T22:49:34+08:00][info] 消息ID缓存成功: task_id=40, group_id=https://t.me/+IfyZ_OVthdI5YzNk, msg_index=347, message_id=500, send_user_id=3099
[2026-02-19T22:49:34+08:00][info] 消息状态标记为已发送: task_id=40, group_id=https://t.me/+IfyZ_OVthdI5YzNk, msg_index=347
[2026-02-19T22:49:34+08:00][info] 使用消息配置中指定的用户 2359 的 session_path/www/wwwroot/tdata.tgbota.top/public/uploads/admin/202601/6971e94ea480a/16096922406/tdata/temp_7666213322.session
[2026-02-19T22:49:34+08:00][info] 任务 40 将在 99 秒后继续处理下一条消息，索引: 348, 实例ID: task_40_index_348_1771512574.6807
[2026-02-19T22:49:37+08:00][info] 返回:{"status":true,"message":"发送完成，成功1个，失败0个[]","data":{"success":[{"group_id":3482989339,"group_link":"https:\/\/t.me\/+HZFEhfAwKjhmZDZk","type":"megagroup","message":"发送成功","message_id":30178}],"failed":[],"debug":["处理标识符: https:\/\/t.me\/+HZFEhfAwKjhmZDZk, 清理后: https:\/\/t.me\/+HZFEhfAwKjhmZDZk, 识别为链接: True, 识别为数字ID: False"],"warning":""},"api_address":"185.165.170.142:5094"}
[2026-02-19T22:49:37+08:00][info] 消息ID缓存成功: task_id=25, group_id=https://t.me/+HZFEhfAwKjhmZDZk, msg_index=1624, message_id=30178, send_user_id=2359
[2026-02-19T22:49:37+08:00][info] 消息状态标记为已发送: task_id=25, group_id=https://t.me/+HZFEhfAwKjhmZDZk, msg_index=1624
[2026-02-19T22:49:37+08:00][info] 任务 25 将在 85 秒后继续处理下一条消息，索引: 1625, 实例ID: task_25_index_1625_1771512577.13
[2026-02-19T22:49:58+08:00][info] 开始处理队列任务: task_id=38, current_index=349
[2026-02-19T22:49:58+08:00][info] 使用当前发送用户 3087 的 session_path/www/wwwroot/tdata.tgbota.top/public/uploads/admin/202602/699625adf380f/14704106039/tdata/temp_8587277944.session
[2026-02-19T22:50:00+08:00][info] 返回:{"status":true,"message":"发送完成，成功1个，失败0个[]","data":{"success":[{"group_id":3794396962,"group_link":"https:\/\/t.me\/+69dYKDni-wFmYWE0","type":"megagroup","message":"发送成功","message_id":501}],"failed":[],"debug":["处理标识符: https:\/\/t.me\/+69dYKDni-wFmYWE0, 清理后: https:\/\/t.me\/+69dYKDni-wFmYWE0, 识别为链接: True, 识别为数字ID: False"],"warning":""},"api_address":"185.165.170.142:5103"}
[2026-02-19T22:50:00+08:00][info] 消息ID缓存成功: task_id=38, group_id=https://t.me/+69dYKDni-wFmYWE0, msg_index=349, message_id=501, send_user_id=3087
[2026-02-19T22:50:00+08:00][info] 消息状态标记为已发送: task_id=38, group_id=https://t.me/+69dYKDni-wFmYWE0, msg_index=349
[2026-02-19T22:50:00+08:00][info] 任务 38 将在 92 秒后继续处理下一条消息，索引: 350, 实例ID: task_38_index_350_1771512600.6737
[2026-02-19T22:50:01+08:00][info] 开始处理队列任务: task_id=29, current_index=1625
[2026-02-19T22:50:01+08:00][info] 消息缓存初始化完成: task_id=29, groups=https://t.me/+WZlsKfz1W89jYjE0
[2026-02-19T22:50:01+08:00][info] 任务 29 第 3 次循环，重置群组 https://t.me/+WZlsKfz1W89jYjE0 消息状态
[2026-02-19T22:50:01+08:00][info] 使用消息配置中指定的用户 2352 的 session_path/www/wwwroot/tdata.tgbota.top/public/uploads/admin/202601/6971e94ea480a/16109567157/tdata/temp_8192937996.session
[2026-02-19T22:50:03+08:00][info] 开始处理队列任务: task_id=37, current_index=1697
[2026-02-19T22:50:03+08:00][info] 消息缓存初始化完成: task_id=37, groups=https://t.me/+DUAGbZI5vW41NWI8
[2026-02-19T22:50:03+08:00][info] 任务 37 第 3 次循环，重置群组 https://t.me/+DUAGbZI5vW41NWI8 消息状态
[2026-02-19T22:50:03+08:00][info] 使用当前发送用户 2508 的 session_path/www/wwwroot/tdata.tgbota.top/public/uploads/admin/202602/69862ac4b6550/818014391182/tdata/temp_8311875735.session
[2026-02-19T22:50:04+08:00][info] 返回:{"status":true,"message":"发送完成，成功1个，失败0个[]","data":{"success":[{"group_id":3780502866,"group_link":"https:\/\/t.me\/+WZlsKfz1W89jYjE0","type":"megagroup","message":"发送成功","message_id":21719}],"failed":[],"debug":["处理标识符: https:\/\/t.me\/+WZlsKfz1W89jYjE0, 清理后: https:\/\/t.me\/+WZlsKfz1W89jYjE0, 识别为链接: True, 识别为数字ID: False"],"warning":""},"api_address":"185.165.170.142:5087"}
[2026-02-19T22:50:04+08:00][info] 消息ID缓存成功: task_id=29, group_id=https://t.me/+WZlsKfz1W89jYjE0, msg_index=1625, message_id=21719, send_user_id=2352
[2026-02-19T22:50:04+08:00][info] 消息状态标记为已发送: task_id=29, group_id=https://t.me/+WZlsKfz1W89jYjE0, msg_index=1625
[2026-02-19T22:50:04+08:00][info] 任务 29 将在 87 秒后继续处理下一条消息，索引: 1626, 实例ID: task_29_index_1626_1771512604.5032
[2026-02-19T22:50:04+08:00][info] 开始处理队列任务: task_id=34, current_index=1497
[2026-02-19T22:50:04+08:00][info] 消息缓存初始化完成: task_id=34, groups=https://t.me/+CUyn8iqnQwEzNDY0
[2026-02-19T22:50:04+08:00][info] 任务 34 第 2 次循环，重置群组 https://t.me/+CUyn8iqnQwEzNDY0 消息状态
[2026-02-19T22:50:04+08:00][info] 使用feedbackType=1497的消息ID: 10240
[2026-02-19T22:50:04+08:00][info] 使用当前发送用户 2425 的 session_path/www/wwwroot/tdata.tgbota.top/public/uploads/admin/202602/69862ac4b6550/817026167221/tdata/temp_8560706933.session
[2026-02-19T22:50:05+08:00][info] 返回:{"status":true,"message":"发送完成，成功1个，失败0个[]","data":{"success":[{"group_id":3732578862,"group_link":"https:\/\/t.me\/+DUAGbZI5vW41NWI8","type":"megagroup","message":"发送成功","message_id":8471}],"failed":[],"debug":["处理标识符: https:\/\/t.me\/+DUAGbZI5vW41NWI8, 清理后: https:\/\/t.me\/+DUAGbZI5vW41NWI8, 识别为链接: True, 识别为数字ID: False"],"warning":""},"api_address":"185.165.170.142:5092"}
[2026-02-19T22:50:05+08:00][info] 消息ID缓存成功: task_id=37, group_id=https://t.me/+DUAGbZI5vW41NWI8, msg_index=1697, message_id=8471, send_user_id=2508
[2026-02-19T22:50:05+08:00][info] 消息状态标记为已发送: task_id=37, group_id=https://t.me/+DUAGbZI5vW41NWI8, msg_index=1697
[2026-02-19T22:50:06+08:00][info] 任务 37 将在 92 秒后继续处理下一条消息，索引: 1698, 实例ID: task_37_index_1698_1771512606.131
[2026-02-19T22:50:06+08:00][info] 返回:{"status":true,"message":"发送完成，成功1个，失败0个[]","data":{"success":[{"group_id":3719450736,"group_link":"https:\/\/t.me\/+CUyn8iqnQwEzNDY0","type":"megagroup","message":"发送成功","message_id":10241}],"failed":[],"debug":["处理标识符: https:\/\/t.me\/+CUyn8iqnQwEzNDY0, 清理后: https:\/\/t.me\/+CUyn8iqnQwEzNDY0, 识别为链接: True, 识别为数字ID: False"],"warning":""},"api_address":"185.165.170.142:5009"}
[2026-02-19T22:50:06+08:00][info] 消息ID缓存成功: task_id=34, group_id=https://t.me/+CUyn8iqnQwEzNDY0, msg_index=1497, message_id=10241, send_user_id=2425
[2026-02-19T22:50:06+08:00][info] 消息状态标记为已发送: task_id=34, group_id=https://t.me/+CUyn8iqnQwEzNDY0, msg_index=1497
[2026-02-19T22:50:07+08:00][info] 任务 34 将在 98 秒后继续处理下一条消息，索引: 1498, 实例ID: task_34_index_1498_1771512607.3835
[2026-02-19T22:50:13+08:00][info] 开始处理队列任务: task_id=27, current_index=1593
[2026-02-19T22:50:13+08:00][info] 消息缓存初始化完成: task_id=27, groups=https://t.me/+_XaTo9Qrv0VjOTM0
[2026-02-19T22:50:13+08:00][info] 任务 27 第 3 次循环，重置群组 https://t.me/+_XaTo9Qrv0VjOTM0 消息状态
[2026-02-19T22:50:13+08:00][info] 使用消息配置中指定的用户 2325 的 session_path/www/wwwroot/tdata.tgbota.top/public/uploads/admin/202601/6971e94ea480a/16074777471/tdata/temp_8329691135.session
[2026-02-19T22:50:16+08:00][info] 返回:{"status":true,"message":"发送完成，成功1个，失败0个[]","data":{"success":[{"group_id":3649225144,"group_link":"https:\/\/t.me\/+_XaTo9Qrv0VjOTM0","type":"megagroup","message":"发送成功","message_id":33207}],"failed":[],"debug":["处理标识符: https:\/\/t.me\/+_XaTo9Qrv0VjOTM0, 清理后: https:\/\/t.me\/+_XaTo9Qrv0VjOTM0, 识别为链接: True, 识别为数字ID: False"],"warning":""},"api_address":"185.165.170.142:5060"}
[2026-02-19T22:50:16+08:00][info] 消息ID缓存成功: task_id=27, group_id=https://t.me/+_XaTo9Qrv0VjOTM0, msg_index=1593, message_id=33207, send_user_id=2325
[2026-02-19T22:50:16+08:00][info] 消息状态标记为已发送: task_id=27, group_id=https://t.me/+_XaTo9Qrv0VjOTM0, msg_index=1593
[2026-02-19T22:50:16+08:00][info] 任务 27 将在 88 秒后继续处理下一条消息，索引: 1594, 实例ID: task_27_index_1594_1771512616.1358
[2026-02-19T22:50:16+08:00][info] 开始处理队列任务: task_id=28, current_index=1630
[2026-02-19T22:50:16+08:00][info] 消息缓存初始化完成: task_id=28, groups=https://t.me/+Hg62NsrbOCZmZmY8
[2026-02-19T22:50:16+08:00][info] 任务 28 第 3 次循环，重置群组 https://t.me/+Hg62NsrbOCZmZmY8 消息状态
[2026-02-19T22:50:16+08:00][info] 使用feedbackType=1630的消息ID: 21660
[2026-02-19T22:50:16+08:00][info] 使用消息配置中指定的用户 2327 的 session_path/www/wwwroot/tdata.tgbota.top/public/uploads/admin/202601/6971e94ea480a/16067161806/tdata/temp_8083842765.session
[2026-02-19T22:50:19+08:00][info] 返回:{"status":true,"message":"发送完成，成功1个，失败0个[]","data":{"success":[{"group_id":3657218256,"group_link":"https:\/\/t.me\/+Hg62NsrbOCZmZmY8","type":"megagroup","message":"发送成功","message_id":21661}],"failed":[],"debug":["处理标识符: https:\/\/t.me\/+Hg62NsrbOCZmZmY8, 清理后: https:\/\/t.me\/+Hg62NsrbOCZmZmY8, 识别为链接: True, 识别为数字ID: False"],"warning":""},"api_address":"185.165.170.142:5062"}
[2026-02-19T22:50:19+08:00][info] 消息ID缓存成功: task_id=28, group_id=https://t.me/+Hg62NsrbOCZmZmY8, msg_index=1630, message_id=21661, send_user_id=2327
[2026-02-19T22:50:19+08:00][info] 消息状态标记为已发送: task_id=28, group_id=https://t.me/+Hg62NsrbOCZmZmY8, msg_index=1630
[2026-02-19T22:50:19+08:00][info] 任务 28 将在 98 秒后继续处理下一条消息，索引: 1631, 实例ID: task_28_index_1631_1771512619.4654
[2026-02-19T22:50:35+08:00][info] 开始处理队列任务: task_id=35, current_index=1710
[2026-02-19T22:50:35+08:00][info] 消息缓存初始化完成: task_id=35, groups=https://t.me/+BrIuI_-gkNhhYTE0
[2026-02-19T22:50:35+08:00][info] 任务 35 第 3 次循环，重置群组 https://t.me/+BrIuI_-gkNhhYTE0 消息状态
[2026-02-19T22:50:35+08:00][info] 使用当前发送用户 2413 的 session_path/www/wwwroot/tdata.tgbota.top/public/uploads/admin/202602/69862ac4b6550/818010974456/tdata/temp_8406035094.session
[2026-02-19T22:50:36+08:00][info] 开始处理队列任务: task_id=31, current_index=1631
[2026-02-19T22:50:36+08:00][info] 消息缓存初始化完成: task_id=31, groups=https://t.me/+4azhFwWhx1czMzE0
[2026-02-19T22:50:36+08:00][info] 任务 31 第 3 次循环，重置群组 https://t.me/+4azhFwWhx1czMzE0 消息状态
[2026-02-19T22:50:36+08:00][info] 使用消息配置中指定的用户 2346 的 session_path/www/wwwroot/tdata.tgbota.top/public/uploads/admin/202601/6971e94ea480a/16156397771/tdata/temp_8341524335.session
[2026-02-19T22:50:36+08:00][info] 开始处理队列任务: task_id=36, current_index=1661
[2026-02-19T22:50:36+08:00][info] 消息缓存初始化完成: task_id=36, groups=https://t.me/+o12qlRNkdiViMjE0
[2026-02-19T22:50:36+08:00][info] 任务 36 第 3 次循环，重置群组 https://t.me/+o12qlRNkdiViMjE0 消息状态
[2026-02-19T22:50:36+08:00][info] 使用feedbackType=1659的消息ID: 10303
[2026-02-19T22:50:36+08:00][info] 使用消息配置中指定的用户 2534 的 session_path/www/wwwroot/tdata.tgbota.top/public/uploads/admin/202602/69862ac4b6550/818015758772/tdata/temp_8380455324.session
[2026-02-19T22:50:37+08:00][info] 返回:{"status":true,"message":"发送完成，成功1个，失败0个[]","data":{"success":[{"group_id":3646934744,"group_link":"https:\/\/t.me\/+BrIuI_-gkNhhYTE0","type":"megagroup","message":"发送成功","message_id":10294}],"failed":[],"debug":["处理标识符: https:\/\/t.me\/+BrIuI_-gkNhhYTE0, 清理后: https:\/\/t.me\/+BrIuI_-gkNhhYTE0, 识别为链接: True, 识别为数字ID: False"],"warning":""},"api_address":"185.165.170.142:5148"}
[2026-02-19T22:50:37+08:00][info] 消息ID缓存成功: task_id=35, group_id=https://t.me/+BrIuI_-gkNhhYTE0, msg_index=1710, message_id=10294, send_user_id=2413
[2026-02-19T22:50:37+08:00][info] 消息状态标记为已发送: task_id=35, group_id=https://t.me/+BrIuI_-gkNhhYTE0, msg_index=1710
[2026-02-19T22:50:37+08:00][info] 任务 35 将在 100 秒后继续处理下一条消息，索引: 1711, 实例ID: task_35_index_1711_1771512637.6806
[2026-02-19T22:50:38+08:00][info] 返回:{"status":true,"message":"发送完成，成功1个，失败0个[]","data":{"success":[{"group_id":3079998653,"group_link":"https:\/\/t.me\/+4azhFwWhx1czMzE0","type":"megagroup","message":"发送成功","message_id":14484}],"failed":[],"debug":["处理标识符: https:\/\/t.me\/+4azhFwWhx1czMzE0, 清理后: https:\/\/t.me\/+4azhFwWhx1czMzE0, 识别为链接: True, 识别为数字ID: False"],"warning":""},"api_address":"185.165.170.142:5081"}
[2026-02-19T22:50:38+08:00][info] 消息ID缓存成功: task_id=31, group_id=https://t.me/+4azhFwWhx1czMzE0, msg_index=1631, message_id=14484, send_user_id=2346
[2026-02-19T22:50:38+08:00][info] 消息状态标记为已发送: task_id=31, group_id=https://t.me/+4azhFwWhx1czMzE0, msg_index=1631
[2026-02-19T22:50:39+08:00][info] 返回:{"status":true,"message":"发送完成，成功1个，失败0个[]","data":{"success":[{"group_id":3479387283,"group_link":"https:\/\/t.me\/+o12qlRNkdiViMjE0","type":"megagroup","message":"发送成功","message_id":10306}],"failed":[],"debug":["处理标识符: https:\/\/t.me\/+o12qlRNkdiViMjE0, 清理后: https:\/\/t.me\/+o12qlRNkdiViMjE0, 识别为链接: True, 识别为数字ID: False"],"warning":""},"api_address":"185.165.170.142:5118"}
[2026-02-19T22:50:39+08:00][info] 消息ID缓存成功: task_id=36, group_id=https://t.me/+o12qlRNkdiViMjE0, msg_index=1661, message_id=10306, send_user_id=2534
[2026-02-19T22:50:39+08:00][info] 消息状态标记为已发送: task_id=36, group_id=https://t.me/+o12qlRNkdiViMjE0, msg_index=1661
[2026-02-19T22:50:39+08:00][info] 任务 36 将在 118 秒后继续处理下一条消息，索引: 1662, 实例ID: task_36_index_1662_1771512639.2317
[2026-02-19T22:50:39+08:00][info] 任务 31 将在 100 秒后继续处理下一条消息，索引: 1632, 实例ID: task_31_index_1632_1771512639.2329
[2026-02-19T22:50:51+08:00][info] 开始处理队列任务: task_id=39, current_index=349
[2026-02-19T22:50:51+08:00][info] 使用当前发送用户 3087 的 session_path/www/wwwroot/tdata.tgbota.top/public/uploads/admin/202602/699625adf380f/14704106039/tdata/temp_8587277944.session
[2026-02-19T22:50:53+08:00][info] 返回:{"status":true,"message":"发送完成，成功1个，失败0个[]","data":{"success":[{"group_id":3770869551,"group_link":"https:\/\/t.me\/+ZpSvBhFQCCEwMzdk","type":"megagroup","message":"发送成功","message_id":501}],"failed":[],"debug":["处理标识符: https:\/\/t.me\/+ZpSvBhFQCCEwMzdk, 清理后: https:\/\/t.me\/+ZpSvBhFQCCEwMzdk, 识别为链接: True, 识别为数字ID: False"],"warning":""},"api_address":"185.165.170.142:5103"}
[2026-02-19T22:50:53+08:00][info] 消息ID缓存成功: task_id=39, group_id=https://t.me/+ZpSvBhFQCCEwMzdk, msg_index=349, message_id=501, send_user_id=3087
[2026-02-19T22:50:53+08:00][info] 消息状态标记为已发送: task_id=39, group_id=https://t.me/+ZpSvBhFQCCEwMzdk, msg_index=349
[2026-02-19T22:50:53+08:00][info] 任务 39 将在 92 秒后继续处理下一条消息，索引: 350, 实例ID: task_39_index_350_1771512653.9031
[2026-02-19T22:50:54+08:00][info] 开始处理队列任务: task_id=33, current_index=1497
[2026-02-19T22:50:54+08:00][info] 消息缓存初始化完成: task_id=33, groups=https://t.me/+wcqRUxDn6zczYmM0
[2026-02-19T22:50:54+08:00][info] 任务 33 第 2 次循环，重置群组 https://t.me/+wcqRUxDn6zczYmM0 消息状态
[2026-02-19T22:50:54+08:00][info] 使用feedbackType=1497的消息ID: 10079
[2026-02-19T22:50:54+08:00][info] 使用当前发送用户 2425 的 session_path/www/wwwroot/tdata.tgbota.top/public/uploads/admin/202602/69862ac4b6550/817026167221/tdata/temp_8560706933.session
[2026-02-19T22:50:56+08:00][info] 返回:{"status":true,"message":"发送完成，成功1个，失败0个[]","data":{"success":[{"group_id":3658905404,"group_link":"https:\/\/t.me\/+wcqRUxDn6zczYmM0","type":"megagroup","message":"发送成功","message_id":10080}],"failed":[],"debug":["处理标识符: https:\/\/t.me\/+wcqRUxDn6zczYmM0, 清理后: https:\/\/t.me\/+wcqRUxDn6zczYmM0, 识别为链接: True, 识别为数字ID: False"],"warning":""},"api_address":"185.165.170.142:5009"}
[2026-02-19T22:50:56+08:00][info] 消息ID缓存成功: task_id=33, group_id=https://t.me/+wcqRUxDn6zczYmM0, msg_index=1497, message_id=10080, send_user_id=2425
[2026-02-19T22:50:56+08:00][info] 消息状态标记为已发送: task_id=33, group_id=https://t.me/+wcqRUxDn6zczYmM0, msg_index=1497
[2026-02-19T22:50:56+08:00][info] 任务 33 将在 98 秒后继续处理下一条消息，索引: 1498, 实例ID: task_33_index_1498_1771512656.5753
[2026-02-19T22:51:02+08:00][info] 开始处理队列任务: task_id=25, current_index=1625
[2026-02-19T22:51:02+08:00][info] 消息缓存初始化完成: task_id=25, groups=https://t.me/+HZFEhfAwKjhmZDZk
[2026-02-19T22:51:02+08:00][info] 任务 25 第 3 次循环，重置群组 https://t.me/+HZFEhfAwKjhmZDZk 消息状态
[2026-02-19T22:51:02+08:00][info] 使用消息配置中指定的用户 2352 的 session_path/www/wwwroot/tdata.tgbota.top/public/uploads/admin/202601/6971e94ea480a/16109567157/tdata/temp_8192937996.session
[2026-02-19T22:51:05+08:00][info] 返回:{"status":true,"message":"发送完成，成功1个，失败0个[]","data":{"success":[{"group_id":3482989339,"group_link":"https:\/\/t.me\/+HZFEhfAwKjhmZDZk","type":"megagroup","message":"发送成功","message_id":30179}],"failed":[],"debug":["处理标识符: https:\/\/t.me\/+HZFEhfAwKjhmZDZk, 清理后: https:\/\/t.me\/+HZFEhfAwKjhmZDZk, 识别为链接: True, 识别为数字ID: False"],"warning":""},"api_address":"185.165.170.142:5087"}
[2026-02-19T22:51:05+08:00][info] 消息ID缓存成功: task_id=25, group_id=https://t.me/+HZFEhfAwKjhmZDZk, msg_index=1625, message_id=30179, send_user_id=2352
[2026-02-19T22:51:05+08:00][info] 消息状态标记为已发送: task_id=25, group_id=https://t.me/+HZFEhfAwKjhmZDZk, msg_index=1625
[2026-02-19T22:51:05+08:00][info] 任务 25 将在 87 秒后继续处理下一条消息，索引: 1626, 实例ID: task_25_index_1626_1771512665.7812
[2026-02-19T22:51:13+08:00][info] 开始处理队列任务: task_id=40, current_index=348
[2026-02-19T22:51:13+08:00][info] 使用消息配置中指定的用户 3093 的 session_path/www/wwwroot/tdata.tgbota.top/public/uploads/admin/202602/699625adf380f/14642412588/tdata/temp_8268342482.session
[2026-02-19T22:51:16+08:00][info] 返回:{"status":true,"message":"发送完成，成功1个，失败0个[]","data":{"success":[{"group_id":3799666589,"group_link":"https:\/\/t.me\/+IfyZ_OVthdI5YzNk","type":"megagroup","message":"发送成功","message_id":501}],"failed":[],"debug":["处理标识符: https:\/\/t.me\/+IfyZ_OVthdI5YzNk, 清理后: https:\/\/t.me\/+IfyZ_OVthdI5YzNk, 识别为链接: True, 识别为数字ID: False"],"warning":""},"api_address":"185.165.170.142:5109"}
[2026-02-19T22:51:16+08:00][info] 消息ID缓存成功: task_id=40, group_id=https://t.me/+IfyZ_OVthdI5YzNk, msg_index=348, message_id=501, send_user_id=3093
[2026-02-19T22:51:16+08:00][info] 消息状态标记为已发送: task_id=40, group_id=https://t.me/+IfyZ_OVthdI5YzNk, msg_index=348
[2026-02-19T22:51:16+08:00][info] 任务 40 将在 100 秒后继续处理下一条消息，索引: 349, 实例ID: task_40_index_349_1771512676.5128
[2026-02-19T22:51:31+08:00][info] 开始处理队列任务: task_id=29, current_index=1626
[2026-02-19T22:51:31+08:00][info] 消息缓存初始化完成: task_id=29, groups=https://t.me/+WZlsKfz1W89jYjE0
[2026-02-19T22:51:31+08:00][info] 任务 29 第 3 次循环，重置群组 https://t.me/+WZlsKfz1W89jYjE0 消息状态
[2026-02-19T22:51:31+08:00][info] 使用消息配置中指定的用户 2346 的 session_path/www/wwwroot/tdata.tgbota.top/public/uploads/admin/202601/6971e94ea480a/16156397771/tdata/temp_8341524335.session
[2026-02-19T22:51:32+08:00][info] 开始处理队列任务: task_id=38, current_index=350
[2026-02-19T22:51:32+08:00][info] 使用当前发送用户 3084 的 session_path/www/wwwroot/tdata.tgbota.top/public/uploads/admin/202602/699625adf380f/14694297802/tdata/temp_8562573604.session
[2026-02-19T22:51:34+08:00][info] 返回:{"status":true,"message":"发送完成，成功1个，失败0个[]","data":{"success":[{"group_id":3794396962,"group_link":"https:\/\/t.me\/+69dYKDni-wFmYWE0","type":"megagroup","message":"发送成功","message_id":502}],"failed":[],"debug":["处理标识符: https:\/\/t.me\/+69dYKDni-wFmYWE0, 清理后: https:\/\/t.me\/+69dYKDni-wFmYWE0, 识别为链接: True, 识别为数字ID: False"],"warning":""},"api_address":"185.165.170.142:5100"}
[2026-02-19T22:51:34+08:00][info] 消息ID缓存成功: task_id=38, group_id=https://t.me/+69dYKDni-wFmYWE0, msg_index=350, message_id=502, send_user_id=3084
[2026-02-19T22:51:34+08:00][info] 消息状态标记为已发送: task_id=38, group_id=https://t.me/+69dYKDni-wFmYWE0, msg_index=350
[2026-02-19T22:51:34+08:00][info] 任务 38 将在 110 秒后继续处理下一条消息，索引: 351, 实例ID: task_38_index_351_1771512694.5703
[2026-02-19T22:51:35+08:00][info] 返回:{"status":true,"message":"发送完成，成功1个，失败0个[]","data":{"success":[{"group_id":3780502866,"group_link":"https:\/\/t.me\/+WZlsKfz1W89jYjE0","type":"megagroup","message":"发送成功","message_id":21720}],"failed":[],"debug":["处理标识符: https:\/\/t.me\/+WZlsKfz1W89jYjE0, 清理后: https:\/\/t.me\/+WZlsKfz1W89jYjE0, 识别为链接: True, 识别为数字ID: False","文件1有效: \/www\/wwwroot\/tdata.tgbota.top\/public\/uploads\/admin\/202512\/693ae46969ada.jpg (87512字节)","发送单个文件: \/www\/wwwroot\/tdata.tgbota.top\/public\/uploads\/admin\/202512\/693ae46969ada.jpg"],"warning":""},"api_address":"185.165.170.142:5081"}
[2026-02-19T22:51:35+08:00][info] 消息ID缓存成功: task_id=29, group_id=https://t.me/+WZlsKfz1W89jYjE0, msg_index=1626, message_id=21720, send_user_id=2346
[2026-02-19T22:51:35+08:00][info] 消息状态标记为已发送: task_id=29, group_id=https://t.me/+WZlsKfz1W89jYjE0, msg_index=1626
[2026-02-19T22:51:35+08:00][info] 任务 29 将在 70 秒后继续处理下一条消息，索引: 1627, 实例ID: task_29_index_1627_1771512695.5556
[2026-02-19T22:51:38+08:00][info] 开始处理队列任务: task_id=37, current_index=1698
[2026-02-19T22:51:38+08:00][info] 消息缓存初始化完成: task_id=37, groups=https://t.me/+DUAGbZI5vW41NWI8
[2026-02-19T22:51:38+08:00][info] 任务 37 第 3 次循环，重置群组 https://t.me/+DUAGbZI5vW41NWI8 消息状态
[2026-02-19T22:51:38+08:00][info] 使用当前发送用户 2508 的 session_path/www/wwwroot/tdata.tgbota.top/public/uploads/admin/202602/69862ac4b6550/818014391182/tdata/temp_8311875735.session
[2026-02-19T22:51:40+08:00][info] 返回:{"status":true,"message":"发送完成，成功1个，失败0个[]","data":{"success":[{"group_id":3732578862,"group_link":"https:\/\/t.me\/+DUAGbZI5vW41NWI8","type":"megagroup","message":"发送成功","message_id":8472}],"failed":[],"debug":["处理标识符: https:\/\/t.me\/+DUAGbZI5vW41NWI8, 清理后: https:\/\/t.me\/+DUAGbZI5vW41NWI8, 识别为链接: True, 识别为数字ID: False"],"warning":""},"api_address":"185.165.170.142:5092"}
[2026-02-19T22:51:40+08:00][info] 消息ID缓存成功: task_id=37, group_id=https://t.me/+DUAGbZI5vW41NWI8, msg_index=1698, message_id=8472, send_user_id=2508
[2026-02-19T22:51:40+08:00][info] 消息状态标记为已发送: task_id=37, group_id=https://t.me/+DUAGbZI5vW41NWI8, msg_index=1698
[2026-02-19T22:51:40+08:00][info] 任务 37 将在 103 秒后继续处理下一条消息，索引: 1699, 实例ID: task_37_index_1699_1771512700.5252
[2026-02-19T22:51:44+08:00][info] 开始处理队列任务: task_id=27, current_index=1594
[2026-02-19T22:51:44+08:00][info] 消息缓存初始化完成: task_id=27, groups=https://t.me/+_XaTo9Qrv0VjOTM0
[2026-02-19T22:51:44+08:00][info] 任务 27 第 3 次循环，重置群组 https://t.me/+_XaTo9Qrv0VjOTM0 消息状态
[2026-02-19T22:51:44+08:00][info] 使用当前发送用户 2305 的 session_path/www/wwwroot/tdata.tgbota.top/public/uploads/admin/202601/6971e94ea480a/16156858875/tdata/temp_8229578793.session
[2026-02-19T22:51:46+08:00][info] 开始处理队列任务: task_id=34, current_index=1498
[2026-02-19T22:51:46+08:00][info] 消息缓存初始化完成: task_id=34, groups=https://t.me/+CUyn8iqnQwEzNDY0
[2026-02-19T22:51:46+08:00][info] 任务 34 第 2 次循环，重置群组 https://t.me/+CUyn8iqnQwEzNDY0 消息状态
[2026-02-19T22:51:46+08:00][info] 使用当前发送用户 2421 的 session_path/www/wwwroot/tdata.tgbota.top/public/uploads/admin/202602/69862ac4b6550/817042132010/tdata/temp_8100595640.session
[2026-02-19T22:51:47+08:00][info] 返回:{"status":true,"message":"发送完成，成功1个，失败0个[]","data":{"success":[{"group_id":3649225144,"group_link":"https:\/\/t.me\/+_XaTo9Qrv0VjOTM0","type":"megagroup","message":"发送成功","message_id":33208}],"failed":[],"debug":["处理标识符: https:\/\/t.me\/+_XaTo9Qrv0VjOTM0, 清理后: https:\/\/t.me\/+_XaTo9Qrv0VjOTM0, 识别为链接: True, 识别为数字ID: False"],"warning":""},"api_address":"185.165.170.142:5040"}
[2026-02-19T22:51:47+08:00][info] 消息ID缓存成功: task_id=27, group_id=https://t.me/+_XaTo9Qrv0VjOTM0, msg_index=1594, message_id=33208, send_user_id=2305
[2026-02-19T22:51:47+08:00][info] 消息状态标记为已发送: task_id=27, group_id=https://t.me/+_XaTo9Qrv0VjOTM0, msg_index=1594
[2026-02-19T22:51:47+08:00][info] 任务 27 将在 100 秒后继续处理下一条消息，索引: 1595, 实例ID: task_27_index_1595_1771512707.4747
[2026-02-19T22:51:48+08:00][info] 返回:{"status":true,"message":"发送完成，成功1个，失败0个[]","data":{"success":[{"group_id":3719450736,"group_link":"https:\/\/t.me\/+CUyn8iqnQwEzNDY0","type":"megagroup","message":"发送成功","message_id":10242}],"failed":[],"debug":["处理标识符: https:\/\/t.me\/+CUyn8iqnQwEzNDY0, 清理后: https:\/\/t.me\/+CUyn8iqnQwEzNDY0, 识别为链接: True, 识别为数字ID: False"],"warning":""},"api_address":"185.165.170.142:5005"}
[2026-02-19T22:51:48+08:00][info] 消息ID缓存成功: task_id=34, group_id=https://t.me/+CUyn8iqnQwEzNDY0, msg_index=1498, message_id=10242, send_user_id=2421
[2026-02-19T22:51:48+08:00][info] 消息状态标记为已发送: task_id=34, group_id=https://t.me/+CUyn8iqnQwEzNDY0, msg_index=1498
[2026-02-19T22:51:49+08:00][info] 任务 34 将在 89 秒后继续处理下一条消息，索引: 1499, 实例ID: task_34_index_1499_1771512709.7099
[2026-02-19T22:51:58+08:00][info] 开始处理队列任务: task_id=28, current_index=1631
[2026-02-19T22:51:58+08:00][info] 消息缓存初始化完成: task_id=28, groups=https://t.me/+Hg62NsrbOCZmZmY8
[2026-02-19T22:51:58+08:00][info] 任务 28 第 3 次循环，重置群组 https://t.me/+Hg62NsrbOCZmZmY8 消息状态
[2026-02-19T22:51:58+08:00][info] 使用消息配置中指定的用户 2346 的 session_path/www/wwwroot/tdata.tgbota.top/public/uploads/admin/202601/6971e94ea480a/16156397771/tdata/temp_8341524335.session
[2026-02-19T22:52:01+08:00][info] 返回:{"status":true,"message":"发送完成，成功1个，失败0个[]","data":{"success":[{"group_id":3657218256,"group_link":"https:\/\/t.me\/+Hg62NsrbOCZmZmY8","type":"megagroup","message":"发送成功","message_id":21662}],"failed":[],"debug":["处理标识符: https:\/\/t.me\/+Hg62NsrbOCZmZmY8, 清理后: https:\/\/t.me\/+Hg62NsrbOCZmZmY8, 识别为链接: True, 识别为数字ID: False"],"warning":""},"api_address":"185.165.170.142:5081"}
[2026-02-19T22:52:01+08:00][info] 消息ID缓存成功: task_id=28, group_id=https://t.me/+Hg62NsrbOCZmZmY8, msg_index=1631, message_id=21662, send_user_id=2346
[2026-02-19T22:52:01+08:00][info] 消息状态标记为已发送: task_id=28, group_id=https://t.me/+Hg62NsrbOCZmZmY8, msg_index=1631
[2026-02-19T22:52:01+08:00][info] 任务 28 将在 100 秒后继续处理下一条消息，索引: 1632, 实例ID: task_28_index_1632_1771512721.397
[2026-02-19T22:52:17+08:00][info] 开始处理队列任务: task_id=35, current_index=1711
[2026-02-19T22:52:17+08:00][info] 消息缓存初始化完成: task_id=35, groups=https://t.me/+BrIuI_-gkNhhYTE0
[2026-02-19T22:52:17+08:00][info] 任务 35 第 3 次循环，重置群组 https://t.me/+BrIuI_-gkNhhYTE0 消息状态
[2026-02-19T22:52:17+08:00][info] 从数据库获取用户 2411 的 session_path
[2026-02-19T22:52:19+08:00][info] 返回:{"status":true,"message":"发送完成，成功1个，失败0个[]","data":{"success":[{"group_id":3646934744,"group_link":"https:\/\/t.me\/+BrIuI_-gkNhhYTE0","type":"megagroup","message":"发送成功","message_id":10295}],"failed":[],"debug":["处理标识符: https:\/\/t.me\/+BrIuI_-gkNhhYTE0, 清理后: https:\/\/t.me\/+BrIuI_-gkNhhYTE0, 识别为链接: True, 识别为数字ID: False"],"warning":""},"api_address":"185.165.170.142:5146"}
[2026-02-19T22:52:19+08:00][info] 消息ID缓存成功: task_id=35, group_id=https://t.me/+BrIuI_-gkNhhYTE0, msg_index=1711, message_id=10295, send_user_id=2411
[2026-02-19T22:52:19+08:00][info] 消息状态标记为已发送: task_id=35, group_id=https://t.me/+BrIuI_-gkNhhYTE0, msg_index=1711
[2026-02-19T22:52:19+08:00][info] 任务 35 将在 78 秒后继续处理下一条消息，索引: 1712, 实例ID: task_35_index_1712_1771512739.149
[2026-02-19T22:52:19+08:00][info] 开始处理队列任务: task_id=31, current_index=1632
[2026-02-19T22:52:19+08:00][info] 消息缓存初始化完成: task_id=31, groups=https://t.me/+4azhFwWhx1czMzE0
[2026-02-19T22:52:19+08:00][info] 任务 31 第 3 次循环，重置群组 https://t.me/+4azhFwWhx1czMzE0 消息状态
[2026-02-19T22:52:19+08:00][info] 使用当前发送用户 2333 的 session_path/www/wwwroot/tdata.tgbota.top/public/uploads/admin/202601/6971e94ea480a/16099937945/tdata/temp_8413937240.session
[2026-02-19T22:52:22+08:00][info] 返回:{"status":true,"message":"发送完成，成功1个，失败0个[]","data":{"success":[{"group_id":3079998653,"group_link":"https:\/\/t.me\/+4azhFwWhx1czMzE0","type":"megagroup","message":"发送成功","message_id":14485}],"failed":[],"debug":["处理标识符: https:\/\/t.me\/+4azhFwWhx1czMzE0, 清理后: https:\/\/t.me\/+4azhFwWhx1czMzE0, 识别为链接: True, 识别为数字ID: False"],"warning":""},"api_address":"185.165.170.142:5068"}
[2026-02-19T22:52:22+08:00][info] 消息ID缓存成功: task_id=31, group_id=https://t.me/+4azhFwWhx1czMzE0, msg_index=1632, message_id=14485, send_user_id=2333
[2026-02-19T22:52:22+08:00][info] 消息状态标记为已发送: task_id=31, group_id=https://t.me/+4azhFwWhx1czMzE0, msg_index=1632
[2026-02-19T22:52:22+08:00][info] 任务 31 将在 90 秒后继续处理下一条消息，索引: 1633, 实例ID: task_31_index_1633_1771512742.0768
[2026-02-19T22:52:25+08:00][info] 开始处理队列任务: task_id=39, current_index=350
[2026-02-19T22:52:25+08:00][info] 使用当前发送用户 3084 的 session_path/www/wwwroot/tdata.tgbota.top/public/uploads/admin/202602/699625adf380f/14694297802/tdata/temp_8562573604.session
[2026-02-19T22:52:27+08:00][info] 返回:{"status":true,"message":"发送完成，成功1个，失败0个[]","data":{"success":[{"group_id":3770869551,"group_link":"https:\/\/t.me\/+ZpSvBhFQCCEwMzdk","type":"megagroup","message":"发送成功","message_id":502}],"failed":[],"debug":["处理标识符: https:\/\/t.me\/+ZpSvBhFQCCEwMzdk, 清理后: https:\/\/t.me\/+ZpSvBhFQCCEwMzdk, 识别为链接: True, 识别为数字ID: False"],"warning":""},"api_address":"185.165.170.142:5100"}
[2026-02-19T22:52:27+08:00][info] 消息ID缓存成功: task_id=39, group_id=https://t.me/+ZpSvBhFQCCEwMzdk, msg_index=350, message_id=502, send_user_id=3084
[2026-02-19T22:52:27+08:00][info] 消息状态标记为已发送: task_id=39, group_id=https://t.me/+ZpSvBhFQCCEwMzdk, msg_index=350
[2026-02-19T22:52:27+08:00][info] 任务 39 将在 110 秒后继续处理下一条消息，索引: 351, 实例ID: task_39_index_351_1771512747.6699
[2026-02-19T22:52:32+08:00][info] 开始处理队列任务: task_id=25, current_index=1626
[2026-02-19T22:52:32+08:00][info] 消息缓存初始化完成: task_id=25, groups=https://t.me/+HZFEhfAwKjhmZDZk
[2026-02-19T22:52:32+08:00][info] 任务 25 第 3 次循环，重置群组 https://t.me/+HZFEhfAwKjhmZDZk 消息状态
[2026-02-19T22:52:32+08:00][info] 使用消息配置中指定的用户 2346 的 session_path/www/wwwroot/tdata.tgbota.top/public/uploads/admin/202601/6971e94ea480a/16156397771/tdata/temp_8341524335.session
[2026-02-19T22:52:34+08:00][info] 开始处理队列任务: task_id=33, current_index=1498
[2026-02-19T22:52:34+08:00][info] 消息缓存初始化完成: task_id=33, groups=https://t.me/+wcqRUxDn6zczYmM0
[2026-02-19T22:52:34+08:00][info] 任务 33 第 2 次循环，重置群组 https://t.me/+wcqRUxDn6zczYmM0 消息状态
[2026-02-19T22:52:34+08:00][info] 使用当前发送用户 2421 的 session_path/www/wwwroot/tdata.tgbota.top/public/uploads/admin/202602/69862ac4b6550/817042132010/tdata/temp_8100595640.session
[2026-02-19T22:52:35+08:00][info] 返回:{"status":true,"message":"发送完成，成功1个，失败0个[]","data":{"success":[{"group_id":3482989339,"group_link":"https:\/\/t.me\/+HZFEhfAwKjhmZDZk","type":"megagroup","message":"发送成功","message_id":30180}],"failed":[],"debug":["处理标识符: https:\/\/t.me\/+HZFEhfAwKjhmZDZk, 清理后: https:\/\/t.me\/+HZFEhfAwKjhmZDZk, 识别为链接: True, 识别为数字ID: False","文件1有效: \/www\/wwwroot\/tdata.tgbota.top\/public\/uploads\/admin\/202512\/693ae46969ada.jpg (87512字节)","发送单个文件: \/www\/wwwroot\/tdata.tgbota.top\/public\/uploads\/admin\/202512\/693ae46969ada.jpg"],"warning":""},"api_address":"185.165.170.142:5081"}
[2026-02-19T22:52:35+08:00][info] 消息ID缓存成功: task_id=25, group_id=https://t.me/+HZFEhfAwKjhmZDZk, msg_index=1626, message_id=30180, send_user_id=2346
[2026-02-19T22:52:35+08:00][info] 消息状态标记为已发送: task_id=25, group_id=https://t.me/+HZFEhfAwKjhmZDZk, msg_index=1626
[2026-02-19T22:52:35+08:00][info] 任务 25 将在 70 秒后继续处理下一条消息，索引: 1627, 实例ID: task_25_index_1627_1771512755.9116
[2026-02-19T22:52:36+08:00][info] 返回:{"status":true,"message":"发送完成，成功1个，失败0个[]","data":{"success":[{"group_id":3658905404,"group_link":"https:\/\/t.me\/+wcqRUxDn6zczYmM0","type":"megagroup","message":"发送成功","message_id":10081}],"failed":[],"debug":["处理标识符: https:\/\/t.me\/+wcqRUxDn6zczYmM0, 清理后: https:\/\/t.me\/+wcqRUxDn6zczYmM0, 识别为链接: True, 识别为数字ID: False"],"warning":""},"api_address":"185.165.170.142:5005"}
[2026-02-19T22:52:36+08:00][info] 消息ID缓存成功: task_id=33, group_id=https://t.me/+wcqRUxDn6zczYmM0, msg_index=1498, message_id=10081, send_user_id=2421
[2026-02-19T22:52:36+08:00][info] 消息状态标记为已发送: task_id=33, group_id=https://t.me/+wcqRUxDn6zczYmM0, msg_index=1498
[2026-02-19T22:52:37+08:00][info] 任务 33 将在 89 秒后继续处理下一条消息，索引: 1499, 实例ID: task_33_index_1499_1771512757.504
[2026-02-19T22:52:37+08:00][info] 开始处理队列任务: task_id=36, current_index=1662
[2026-02-19T22:52:38+08:00][info] 消息缓存初始化完成: task_id=36, groups=https://t.me/+o12qlRNkdiViMjE0
[2026-02-19T22:52:38+08:00][info] 任务 36 第 3 次循环，重置群组 https://t.me/+o12qlRNkdiViMjE0 消息状态
[2026-02-19T22:52:38+08:00][info] 使用消息配置中指定的用户 2466 的 session_path/www/wwwroot/tdata.tgbota.top/public/uploads/admin/202602/69862ac4b6550/819095037073/tdata/temp_8337931236.session
[2026-02-19T22:52:41+08:00][info] 返回:{"status":true,"message":"发送完成，成功1个，失败0个[]","data":{"success":[{"group_id":3479387283,"group_link":"https:\/\/t.me\/+o12qlRNkdiViMjE0","type":"megagroup","message":"发送成功","message_id":10307}],"failed":[],"debug":["处理标识符: https:\/\/t.me\/+o12qlRNkdiViMjE0, 清理后: https:\/\/t.me\/+o12qlRNkdiViMjE0, 识别为链接: True, 识别为数字ID: False","文件1有效: \/www\/wwwroot\/tdata.tgbota.top\/public\/uploads\/admin\/202512\/693ae5dc56522.jpg (33006字节)","发送单个文件: \/www\/wwwroot\/tdata.tgbota.top\/public\/uploads\/admin\/202512\/693ae5dc56522.jpg"],"warning":""},"api_address":"185.165.170.142:5050"}
[2026-02-19T22:52:41+08:00][info] 消息ID缓存成功: task_id=36, group_id=https://t.me/+o12qlRNkdiViMjE0, msg_index=1662, message_id=10307, send_user_id=2466
[2026-02-19T22:52:41+08:00][info] 消息状态标记为已发送: task_id=36, group_id=https://t.me/+o12qlRNkdiViMjE0, msg_index=1662
[2026-02-19T22:52:41+08:00][info] 任务 36 将在 78 秒后继续处理下一条消息，索引: 1663, 实例ID: task_36_index_1663_1771512761.047
[2026-02-19T22:52:45+08:00][info] 开始处理队列任务: task_id=29, current_index=1627
[2026-02-19T22:52:45+08:00][info] 消息缓存初始化完成: task_id=29, groups=https://t.me/+WZlsKfz1W89jYjE0
[2026-02-19T22:52:45+08:00][info] 任务 29 第 3 次循环，重置群组 https://t.me/+WZlsKfz1W89jYjE0 消息状态
[2026-02-19T22:52:45+08:00][info] 使用消息配置中指定的用户 2346 的 session_path/www/wwwroot/tdata.tgbota.top/public/uploads/admin/202601/6971e94ea480a/16156397771/tdata/temp_8341524335.session
[2026-02-19T22:52:48+08:00][info] 返回:{"status":true,"message":"发送完成，成功1个，失败0个[]","data":{"success":[{"group_id":3780502866,"group_link":"https:\/\/t.me\/+WZlsKfz1W89jYjE0","type":"megagroup","message":"发送成功","message_id":21721}],"failed":[],"debug":["处理标识符: https:\/\/t.me\/+WZlsKfz1W89jYjE0, 清理后: https:\/\/t.me\/+WZlsKfz1W89jYjE0, 识别为链接: True, 识别为数字ID: False"],"warning":""},"api_address":"185.165.170.142:5081"}
[2026-02-19T22:52:48+08:00][info] 消息ID缓存成功: task_id=29, group_id=https://t.me/+WZlsKfz1W89jYjE0, msg_index=1627, message_id=21721, send_user_id=2346
[2026-02-19T22:52:48+08:00][info] 消息状态标记为已发送: task_id=29, group_id=https://t.me/+WZlsKfz1W89jYjE0, msg_index=1627
[2026-02-19T22:52:48+08:00][info] 任务 29 将在 98 秒后继续处理下一条消息，索引: 1628, 实例ID: task_29_index_1628_1771512768.4129
[2026-02-19T22:52:56+08:00][info] 开始处理队列任务: task_id=40, current_index=349
[2026-02-19T22:52:56+08:00][info] 使用当前发送用户 3087 的 session_path/www/wwwroot/tdata.tgbota.top/public/uploads/admin/202602/699625adf380f/14704106039/tdata/temp_8587277944.session
[2026-02-19T22:52:58+08:00][info] 返回:{"status":true,"message":"发送完成，成功1个，失败0个[]","data":{"success":[{"group_id":3799666589,"group_link":"https:\/\/t.me\/+IfyZ_OVthdI5YzNk","type":"megagroup","message":"发送成功","message_id":502}],"failed":[],"debug":["处理标识符: https:\/\/t.me\/+IfyZ_OVthdI5YzNk, 清理后: https:\/\/t.me\/+IfyZ_OVthdI5YzNk, 识别为链接: True, 识别为数字ID: False"],"warning":""},"api_address":"185.165.170.142:5103"}
[2026-02-19T22:52:58+08:00][info] 消息ID缓存成功: task_id=40, group_id=https://t.me/+IfyZ_OVthdI5YzNk, msg_index=349, message_id=502, send_user_id=3087
[2026-02-19T22:52:58+08:00][info] 消息状态标记为已发送: task_id=40, group_id=https://t.me/+IfyZ_OVthdI5YzNk, msg_index=349
[2026-02-19T22:52:58+08:00][info] 任务 40 将在 92 秒后继续处理下一条消息，索引: 350, 实例ID: task_40_index_350_1771512778.627
[2026-02-19T22:53:18+08:00][info] 开始处理队列任务: task_id=34, current_index=1499
[2026-02-19T22:53:18+08:00][info] 消息缓存初始化完成: task_id=34, groups=https://t.me/+CUyn8iqnQwEzNDY0
[2026-02-19T22:53:18+08:00][info] 任务 34 第 2 次循环，重置群组 https://t.me/+CUyn8iqnQwEzNDY0 消息状态
[2026-02-19T22:53:18+08:00][info] 使用当前发送用户 2420 的 session_path/www/wwwroot/tdata.tgbota.top/public/uploads/admin/202602/69862ac4b6550/817043884241/tdata/temp_8030313626.session
[2026-02-19T22:53:20+08:00][info] 返回:{"status":true,"message":"发送完成，成功1个，失败0个[]","data":{"success":[{"group_id":3719450736,"group_link":"https:\/\/t.me\/+CUyn8iqnQwEzNDY0","type":"megagroup","message":"发送成功","message_id":10243}],"failed":[],"debug":["处理标识符: https:\/\/t.me\/+CUyn8iqnQwEzNDY0, 清理后: https:\/\/t.me\/+CUyn8iqnQwEzNDY0, 识别为链接: True, 识别为数字ID: False"],"warning":""},"api_address":"185.165.170.142:5004"}
[2026-02-19T22:53:20+08:00][info] 消息ID缓存成功: task_id=34, group_id=https://t.me/+CUyn8iqnQwEzNDY0, msg_index=1499, message_id=10243, send_user_id=2420
[2026-02-19T22:53:20+08:00][info] 消息状态标记为已发送: task_id=34, group_id=https://t.me/+CUyn8iqnQwEzNDY0, msg_index=1499
[2026-02-19T22:53:20+08:00][info] 任务 34 将在 90 秒后继续处理下一条消息，索引: 1500, 实例ID: task_34_index_1500_1771512800.1743
[2026-02-19T22:53:23+08:00][info] 开始处理队列任务: task_id=37, current_index=1699
[2026-02-19T22:53:23+08:00][info] 消息缓存初始化完成: task_id=37, groups=https://t.me/+DUAGbZI5vW41NWI8
[2026-02-19T22:53:23+08:00][info] 任务 37 第 3 次循环，重置群组 https://t.me/+DUAGbZI5vW41NWI8 消息状态
[2026-02-19T22:53:23+08:00][info] 使用当前发送用户 2433 的 session_path/www/wwwroot/tdata.tgbota.top/public/uploads/admin/202602/69862ac4b6550/817039684559/tdata/temp_8407127233.session
[2026-02-19T22:53:24+08:00][info] 开始处理队列任务: task_id=38, current_index=351
[2026-02-19T22:53:24+08:00][info] 使用当前发送用户 3079 的 session_path/www/wwwroot/tdata.tgbota.top/public/uploads/admin/202602/699625adf380f/14703051822/tdata/temp_8044614633.session
[2026-02-19T22:53:25+08:00][info] 返回:{"status":true,"message":"发送完成，成功1个，失败0个[]","data":{"success":[{"group_id":3732578862,"group_link":"https:\/\/t.me\/+DUAGbZI5vW41NWI8","type":"megagroup","message":"发送成功","message_id":8473}],"failed":[],"debug":["处理标识符: https:\/\/t.me\/+DUAGbZI5vW41NWI8, 清理后: https:\/\/t.me\/+DUAGbZI5vW41NWI8, 识别为链接: True, 识别为数字ID: False"],"warning":""},"api_address":"185.165.170.142:5017"}
[2026-02-19T22:53:25+08:00][info] 消息ID缓存成功: task_id=37, group_id=https://t.me/+DUAGbZI5vW41NWI8, msg_index=1699, message_id=8473, send_user_id=2433
[2026-02-19T22:53:25+08:00][info] 消息状态标记为已发送: task_id=37, group_id=https://t.me/+DUAGbZI5vW41NWI8, msg_index=1699
[2026-02-19T22:53:25+08:00][info] 任务 37 将在 76 秒后继续处理下一条消息，索引: 1700, 实例ID: task_37_index_1700_1771512805.2001
[2026-02-19T22:53:26+08:00][info] 返回:{"status":true,"message":"发送完成，成功1个，失败0个[]","data":{"success":[{"group_id":3794396962,"group_link":"https:\/\/t.me\/+69dYKDni-wFmYWE0","type":"megagroup","message":"发送成功","message_id":503}],"failed":[],"debug":["处理标识符: https:\/\/t.me\/+69dYKDni-wFmYWE0, 清理后: https:\/\/t.me\/+69dYKDni-wFmYWE0, 识别为链接: True, 识别为数字ID: False"],"warning":""},"api_address":"185.165.170.142:5095"}
[2026-02-19T22:53:26+08:00][info] 消息ID缓存成功: task_id=38, group_id=https://t.me/+69dYKDni-wFmYWE0, msg_index=351, message_id=503, send_user_id=3079
[2026-02-19T22:53:26+08:00][info] 消息状态标记为已发送: task_id=38, group_id=https://t.me/+69dYKDni-wFmYWE0, msg_index=351
[2026-02-19T22:53:27+08:00][info] 任务 38 将在 103 秒后继续处理下一条消息，索引: 352, 实例ID: task_38_index_352_1771512807.0214
[2026-02-19T22:53:27+08:00][info] 开始处理队列任务: task_id=27, current_index=1595
[2026-02-19T22:53:27+08:00][info] 消息缓存初始化完成: task_id=27, groups=https://t.me/+_XaTo9Qrv0VjOTM0
[2026-02-19T22:53:27+08:00][info] 任务 27 第 3 次循环，重置群组 https://t.me/+_XaTo9Qrv0VjOTM0 消息状态
[2026-02-19T22:53:27+08:00][info] 使用当前发送用户 2305 的 session_path/www/wwwroot/tdata.tgbota.top/public/uploads/admin/202601/6971e94ea480a/16156858875/tdata/temp_8229578793.session
[2026-02-19T22:53:29+08:00][info] 返回:{"status":true,"message":"发送完成，成功1个，失败0个[]","data":{"success":[{"group_id":3649225144,"group_link":"https:\/\/t.me\/+_XaTo9Qrv0VjOTM0","type":"megagroup","message":"发送成功","message_id":33209}],"failed":[],"debug":["处理标识符: https:\/\/t.me\/+_XaTo9Qrv0VjOTM0, 清理后: https:\/\/t.me\/+_XaTo9Qrv0VjOTM0, 识别为链接: True, 识别为数字ID: False"],"warning":""},"api_address":"185.165.170.142:5040"}
[2026-02-19T22:53:29+08:00][info] 消息ID缓存成功: task_id=27, group_id=https://t.me/+_XaTo9Qrv0VjOTM0, msg_index=1595, message_id=33209, send_user_id=2305
[2026-02-19T22:53:29+08:00][info] 消息状态标记为已发送: task_id=27, group_id=https://t.me/+_XaTo9Qrv0VjOTM0, msg_index=1595
[2026-02-19T22:53:29+08:00][info] 任务 27 将在 110 秒后继续处理下一条消息，索引: 1596, 实例ID: task_27_index_1596_1771512809.8293
[2026-02-19T22:53:37+08:00][info] 开始处理队列任务: task_id=35, current_index=1712
[2026-02-19T22:53:37+08:00][info] 消息缓存初始化完成: task_id=35, groups=https://t.me/+BrIuI_-gkNhhYTE0
[2026-02-19T22:53:37+08:00][info] 任务 35 第 3 次循环，重置群组 https://t.me/+BrIuI_-gkNhhYTE0 消息状态
[2026-02-19T22:53:37+08:00][info] 使用消息配置中指定的用户 2409 的 session_path/www/wwwroot/tdata.tgbota.top/public/uploads/admin/202602/69862ac4b6550/817043071331/tdata/temp_8424093490.session
[2026-02-19T22:53:39+08:00][info] 返回:{"status":true,"message":"发送完成，成功1个，失败0个[]","data":{"success":[{"group_id":3646934744,"group_link":"https:\/\/t.me\/+BrIuI_-gkNhhYTE0","type":"megagroup","message":"发送成功","message_id":10296}],"failed":[],"debug":["处理标识符: https:\/\/t.me\/+BrIuI_-gkNhhYTE0, 清理后: https:\/\/t.me\/+BrIuI_-gkNhhYTE0, 识别为链接: True, 识别为数字ID: False"],"warning":""},"api_address":"185.165.170.142:5144"}
[2026-02-19T22:53:39+08:00][info] 消息ID缓存成功: task_id=35, group_id=https://t.me/+BrIuI_-gkNhhYTE0, msg_index=1712, message_id=10296, send_user_id=2409
[2026-02-19T22:53:39+08:00][info] 消息状态标记为已发送: task_id=35, group_id=https://t.me/+BrIuI_-gkNhhYTE0, msg_index=1712
[2026-02-19T22:53:39+08:00][info] 任务 35 将在 79 秒后继续处理下一条消息，索引: 1713, 实例ID: task_35_index_1713_1771512819.2054
[2026-02-19T22:53:41+08:00][info] 开始处理队列任务: task_id=28, current_index=1632
[2026-02-19T22:53:41+08:00][info] 消息缓存初始化完成: task_id=28, groups=https://t.me/+Hg62NsrbOCZmZmY8
[2026-02-19T22:53:41+08:00][info] 任务 28 第 3 次循环，重置群组 https://t.me/+Hg62NsrbOCZmZmY8 消息状态
[2026-02-19T22:53:41+08:00][info] 使用当前发送用户 2333 的 session_path/www/wwwroot/tdata.tgbota.top/public/uploads/admin/202601/6971e94ea480a/16099937945/tdata/temp_8413937240.session
[2026-02-19T22:53:44+08:00][info] 返回:{"status":true,"message":"发送完成，成功1个，失败0个[]","data":{"success":[{"group_id":3657218256,"group_link":"https:\/\/t.me\/+Hg62NsrbOCZmZmY8","type":"megagroup","message":"发送成功","message_id":21663}],"failed":[],"debug":["处理标识符: https:\/\/t.me\/+Hg62NsrbOCZmZmY8, 清理后: https:\/\/t.me\/+Hg62NsrbOCZmZmY8, 识别为链接: True, 识别为数字ID: False"],"warning":""},"api_address":"185.165.170.142:5068"}
[2026-02-19T22:53:44+08:00][info] 消息ID缓存成功: task_id=28, group_id=https://t.me/+Hg62NsrbOCZmZmY8, msg_index=1632, message_id=21663, send_user_id=2333
[2026-02-19T22:53:44+08:00][info] 消息状态标记为已发送: task_id=28, group_id=https://t.me/+Hg62NsrbOCZmZmY8, msg_index=1632
[2026-02-19T22:53:44+08:00][info] 任务 28 将在 90 秒后继续处理下一条消息，索引: 1633, 实例ID: task_28_index_1633_1771512824.5378
[2026-02-19T22:53:45+08:00][info] 开始处理队列任务: task_id=25, current_index=1627
[2026-02-19T22:53:46+08:00][info] 消息缓存初始化完成: task_id=25, groups=https://t.me/+HZFEhfAwKjhmZDZk
[2026-02-19T22:53:46+08:00][info] 任务 25 第 3 次循环，重置群组 https://t.me/+HZFEhfAwKjhmZDZk 消息状态
[2026-02-19T22:53:46+08:00][info] 使用消息配置中指定的用户 2346 的 session_path/www/wwwroot/tdata.tgbota.top/public/uploads/admin/202601/6971e94ea480a/16156397771/tdata/temp_8341524335.session
[2026-02-19T22:53:48+08:00][info] 返回:{"status":true,"message":"发送完成，成功1个，失败0个[]","data":{"success":[{"group_id":3482989339,"group_link":"https:\/\/t.me\/+HZFEhfAwKjhmZDZk","type":"megagroup","message":"发送成功","message_id":30181}],"failed":[],"debug":["处理标识符: https:\/\/t.me\/+HZFEhfAwKjhmZDZk, 清理后: https:\/\/t.me\/+HZFEhfAwKjhmZDZk, 识别为链接: True, 识别为数字ID: False"],"warning":""},"api_address":"185.165.170.142:5081"}
[2026-02-19T22:53:48+08:00][info] 消息ID缓存成功: task_id=25, group_id=https://t.me/+HZFEhfAwKjhmZDZk, msg_index=1627, message_id=30181, send_user_id=2346
[2026-02-19T22:53:48+08:00][info] 消息状态标记为已发送: task_id=25, group_id=https://t.me/+HZFEhfAwKjhmZDZk, msg_index=1627
[2026-02-19T22:53:48+08:00][info] 任务 25 将在 98 秒后继续处理下一条消息，索引: 1628, 实例ID: task_25_index_1628_1771512828.6428
[2026-02-19T22:53:52+08:00][info] 开始处理队列任务: task_id=31, current_index=1633
[2026-02-19T22:53:52+08:00][info] 消息缓存初始化完成: task_id=31, groups=https://t.me/+4azhFwWhx1czMzE0
[2026-02-19T22:53:52+08:00][info] 任务 31 第 3 次循环，重置群组 https://t.me/+4azhFwWhx1czMzE0 消息状态
[2026-02-19T22:53:52+08:00][info] 使用消息配置中指定的用户 2321 的 session_path/www/wwwroot/tdata.tgbota.top/public/uploads/admin/202601/6971e94ea480a/16095962724/tdata/temp_8000979247.session
[2026-02-19T22:53:55+08:00][info] 返回:{"status":true,"message":"发送完成，成功1个，失败0个[]","data":{"success":[{"group_id":3079998653,"group_link":"https:\/\/t.me\/+4azhFwWhx1czMzE0","type":"megagroup","message":"发送成功","message_id":14486}],"failed":[],"debug":["处理标识符: https:\/\/t.me\/+4azhFwWhx1czMzE0, 清理后: https:\/\/t.me\/+4azhFwWhx1czMzE0, 识别为链接: True, 识别为数字ID: False"],"warning":""},"api_address":"185.165.170.142:5056"}
[2026-02-19T22:53:55+08:00][info] 消息ID缓存成功: task_id=31, group_id=https://t.me/+4azhFwWhx1czMzE0, msg_index=1633, message_id=14486, send_user_id=2321
[2026-02-19T22:53:55+08:00][info] 消息状态标记为已发送: task_id=31, group_id=https://t.me/+4azhFwWhx1czMzE0, msg_index=1633
[2026-02-19T22:53:55+08:00][info] 任务 31 将在 91 秒后继续处理下一条消息，索引: 1634, 实例ID: task_31_index_1634_1771512835.4728
[2026-02-19T22:53:59+08:00][info] 开始处理队列任务: task_id=36, current_index=1663
[2026-02-19T22:53:59+08:00][info] 消息缓存初始化完成: task_id=36, groups=https://t.me/+o12qlRNkdiViMjE0
[2026-02-19T22:53:59+08:00][info] 任务 36 第 3 次循环，重置群组 https://t.me/+o12qlRNkdiViMjE0 消息状态
[2026-02-19T22:53:59+08:00][info] 使用消息配置中指定的用户 2414 的 session_path/www/wwwroot/tdata.tgbota.top/public/uploads/admin/202602/69862ac4b6550/817026663586/tdata/temp_8594538341.session
[2026-02-19T22:54:01+08:00][info] 返回:{"status":true,"message":"发送完成，成功1个，失败0个[]","data":{"success":[{"group_id":3479387283,"group_link":"https:\/\/t.me\/+o12qlRNkdiViMjE0","type":"megagroup","message":"发送成功","message_id":10308}],"failed":[],"debug":["处理标识符: https:\/\/t.me\/+o12qlRNkdiViMjE0, 清理后: https:\/\/t.me\/+o12qlRNkdiViMjE0, 识别为链接: True, 识别为数字ID: False"],"warning":""},"api_address":"185.165.170.142:5149"}
[2026-02-19T22:54:01+08:00][info] 消息ID缓存成功: task_id=36, group_id=https://t.me/+o12qlRNkdiViMjE0, msg_index=1663, message_id=10308, send_user_id=2414
[2026-02-19T22:54:01+08:00][info] 消息状态标记为已发送: task_id=36, group_id=https://t.me/+o12qlRNkdiViMjE0, msg_index=1663
[2026-02-19T22:54:01+08:00][info] 任务 36 将在 88 秒后继续处理下一条消息，索引: 1664, 实例ID: task_36_index_1664_1771512841.8697
[2026-02-19T22:54:06+08:00][info] 开始处理队列任务: task_id=33, current_index=1499
[2026-02-19T22:54:06+08:00][info] 消息缓存初始化完成: task_id=33, groups=https://t.me/+wcqRUxDn6zczYmM0
[2026-02-19T22:54:06+08:00][info] 任务 33 第 2 次循环，重置群组 https://t.me/+wcqRUxDn6zczYmM0 消息状态
[2026-02-19T22:54:06+08:00][info] 使用当前发送用户 2420 的 session_path/www/wwwroot/tdata.tgbota.top/public/uploads/admin/202602/69862ac4b6550/817043884241/tdata/temp_8030313626.session
[2026-02-19T22:54:08+08:00][info] 返回:{"status":true,"message":"发送完成，成功1个，失败0个[]","data":{"success":[{"group_id":3658905404,"group_link":"https:\/\/t.me\/+wcqRUxDn6zczYmM0","type":"megagroup","message":"发送成功","message_id":10082}],"failed":[],"debug":["处理标识符: https:\/\/t.me\/+wcqRUxDn6zczYmM0, 清理后: https:\/\/t.me\/+wcqRUxDn6zczYmM0, 识别为链接: True, 识别为数字ID: False"],"warning":""},"api_address":"185.165.170.142:5004"}
[2026-02-19T22:54:08+08:00][info] 消息ID缓存成功: task_id=33, group_id=https://t.me/+wcqRUxDn6zczYmM0, msg_index=1499, message_id=10082, send_user_id=2420
[2026-02-19T22:54:08+08:00][info] 消息状态标记为已发送: task_id=33, group_id=https://t.me/+wcqRUxDn6zczYmM0, msg_index=1499
[2026-02-19T22:54:08+08:00][info] 任务 33 将在 90 秒后继续处理下一条消息，索引: 1500, 实例ID: task_33_index_1500_1771512848.911
[2026-02-19T22:54:17+08:00][info] 开始处理队列任务: task_id=39, current_index=351
[2026-02-19T22:54:17+08:00][info] 使用当前发送用户 3079 的 session_path/www/wwwroot/tdata.tgbota.top/public/uploads/admin/202602/699625adf380f/14703051822/tdata/temp_8044614633.session
[2026-02-19T22:54:20+08:00][info] 返回:{"status":true,"message":"发送完成，成功1个，失败0个[]","data":{"success":[{"group_id":3770869551,"group_link":"https:\/\/t.me\/+ZpSvBhFQCCEwMzdk","type":"megagroup","message":"发送成功","message_id":503}],"failed":[],"debug":["处理标识符: https:\/\/t.me\/+ZpSvBhFQCCEwMzdk, 清理后: https:\/\/t.me\/+ZpSvBhFQCCEwMzdk, 识别为链接: True, 识别为数字ID: False"],"warning":""},"api_address":"185.165.170.142:5095"}
[2026-02-19T22:54:20+08:00][info] 消息ID缓存成功: task_id=39, group_id=https://t.me/+ZpSvBhFQCCEwMzdk, msg_index=351, message_id=503, send_user_id=3079
[2026-02-19T22:54:20+08:00][info] 消息状态标记为已发送: task_id=39, group_id=https://t.me/+ZpSvBhFQCCEwMzdk, msg_index=351
[2026-02-19T22:54:20+08:00][info] 任务 39 将在 103 秒后继续处理下一条消息，索引: 352, 实例ID: task_39_index_352_1771512860.4818
[2026-02-19T22:54:26+08:00][info] 开始处理队列任务: task_id=29, current_index=1628
[2026-02-19T22:54:26+08:00][info] 消息缓存初始化完成: task_id=29, groups=https://t.me/+WZlsKfz1W89jYjE0
[2026-02-19T22:54:26+08:00][info] 任务 29 第 3 次循环，重置群组 https://t.me/+WZlsKfz1W89jYjE0 消息状态
[2026-02-19T22:54:26+08:00][info] 使用消息配置中指定的用户 2339 的 session_path/www/wwwroot/tdata.tgbota.top/public/uploads/admin/202601/6971e94ea480a/16097192911/tdata/temp_8236102931.session
[2026-02-19T22:54:29+08:00][info] 返回:{"status":true,"message":"发送完成，成功1个，失败0个[]","data":{"success":[{"group_id":3780502866,"group_link":"https:\/\/t.me\/+WZlsKfz1W89jYjE0","type":"megagroup","message":"发送成功","message_id":21722}],"failed":[],"debug":["处理标识符: https:\/\/t.me\/+WZlsKfz1W89jYjE0, 清理后: https:\/\/t.me\/+WZlsKfz1W89jYjE0, 识别为链接: True, 识别为数字ID: False"],"warning":""},"api_address":"185.165.170.142:5074"}
[2026-02-19T22:54:29+08:00][info] 消息ID缓存成功: task_id=29, group_id=https://t.me/+WZlsKfz1W89jYjE0, msg_index=1628, message_id=21722, send_user_id=2339
[2026-02-19T22:54:29+08:00][info] 消息状态标记为已发送: task_id=29, group_id=https://t.me/+WZlsKfz1W89jYjE0, msg_index=1628
[2026-02-19T22:54:29+08:00][info] 任务 29 将在 102 秒后继续处理下一条消息，索引: 1629, 实例ID: task_29_index_1629_1771512869.2485
[2026-02-19T22:54:31+08:00][info] 开始处理队列任务: task_id=40, current_index=350
[2026-02-19T22:54:31+08:00][info] 使用当前发送用户 3084 的 session_path/www/wwwroot/tdata.tgbota.top/public/uploads/admin/202602/699625adf380f/14694297802/tdata/temp_8562573604.session
[2026-02-19T22:54:33+08:00][info] 返回:{"status":true,"message":"发送完成，成功1个，失败0个[]","data":{"success":[{"group_id":3799666589,"group_link":"https:\/\/t.me\/+IfyZ_OVthdI5YzNk","type":"megagroup","message":"发送成功","message_id":503}],"failed":[],"debug":["处理标识符: https:\/\/t.me\/+IfyZ_OVthdI5YzNk, 清理后: https:\/\/t.me\/+IfyZ_OVthdI5YzNk, 识别为链接: True, 识别为数字ID: False"],"warning":""},"api_address":"185.165.170.142:5100"}
[2026-02-19T22:54:33+08:00][info] 消息ID缓存成功: task_id=40, group_id=https://t.me/+IfyZ_OVthdI5YzNk, msg_index=350, message_id=503, send_user_id=3084
[2026-02-19T22:54:33+08:00][info] 消息状态标记为已发送: task_id=40, group_id=https://t.me/+IfyZ_OVthdI5YzNk, msg_index=350
[2026-02-19T22:54:34+08:00][info] 任务 40 将在 110 秒后继续处理下一条消息，索引: 351, 实例ID: task_40_index_351_1771512874.0206
[2026-02-19T22:54:41+08:00][info] 开始处理队列任务: task_id=37, current_index=1700
[2026-02-19T22:54:41+08:00][info] 消息缓存初始化完成: task_id=37, groups=https://t.me/+DUAGbZI5vW41NWI8
[2026-02-19T22:54:41+08:00][info] 任务 37 第 3 次循环，重置群组 https://t.me/+DUAGbZI5vW41NWI8 消息状态
[2026-02-19T22:54:41+08:00][info] 从数据库获取用户 2494 的 session_path
[2026-02-19T22:54:43+08:00][info] 返回:{"status":true,"message":"发送完成，成功1个，失败0个[]","data":{"success":[{"group_id":3732578862,"group_link":"https:\/\/t.me\/+DUAGbZI5vW41NWI8","type":"megagroup","message":"发送成功","message_id":8474}],"failed":[],"debug":["处理标识符: https:\/\/t.me\/+DUAGbZI5vW41NWI8, 清理后: https:\/\/t.me\/+DUAGbZI5vW41NWI8, 识别为链接: True, 识别为数字ID: False"],"warning":""},"api_address":"185.165.170.142:5078"}
[2026-02-19T22:54:43+08:00][info] 消息ID缓存成功: task_id=37, group_id=https://t.me/+DUAGbZI5vW41NWI8, msg_index=1700, message_id=8474, send_user_id=2494
[2026-02-19T22:54:43+08:00][info] 消息状态标记为已发送: task_id=37, group_id=https://t.me/+DUAGbZI5vW41NWI8, msg_index=1700
[2026-02-19T22:54:43+08:00][info] 任务 37 将在 107 秒后继续处理下一条消息，索引: 1701, 实例ID: task_37_index_1701_1771512883.3576
[2026-02-19T22:54:50+08:00][info] 开始处理队列任务: task_id=34, current_index=1500
[2026-02-19T22:54:50+08:00][info] 消息缓存初始化完成: task_id=34, groups=https://t.me/+CUyn8iqnQwEzNDY0
[2026-02-19T22:54:50+08:00][info] 任务 34 第 2 次循环，重置群组 https://t.me/+CUyn8iqnQwEzNDY0 消息状态
[2026-02-19T22:54:50+08:00][info] 使用当前发送用户 2419 的 session_path/www/wwwroot/tdata.tgbota.top/public/uploads/admin/202602/69862ac4b6550/817044990529/tdata/temp_8401351242.session
[2026-02-19T22:54:52+08:00][info] 返回:{"status":true,"message":"发送完成，成功1个，失败0个[]","data":{"success":[{"group_id":3719450736,"group_link":"https:\/\/t.me\/+CUyn8iqnQwEzNDY0","type":"megagroup","message":"发送成功","message_id":10244}],"failed":[],"debug":["处理标识符: https:\/\/t.me\/+CUyn8iqnQwEzNDY0, 清理后: https:\/\/t.me\/+CUyn8iqnQwEzNDY0, 识别为链接: True, 识别为数字ID: False"],"warning":""},"api_address":"185.165.170.142:5003"}
[2026-02-19T22:54:52+08:00][info] 消息ID缓存成功: task_id=34, group_id=https://t.me/+CUyn8iqnQwEzNDY0, msg_index=1500, message_id=10244, send_user_id=2419
[2026-02-19T22:54:52+08:00][info] 消息状态标记为已发送: task_id=34, group_id=https://t.me/+CUyn8iqnQwEzNDY0, msg_index=1500
[2026-02-19T22:54:52+08:00][info] 任务 34 将在 100 秒后继续处理下一条消息，索引: 1501, 实例ID: task_34_index_1501_1771512892.7669
[2026-02-19T22:54:58+08:00][info] 开始处理队列任务: task_id=35, current_index=1713
[2026-02-19T22:54:58+08:00][info] 消息缓存初始化完成: task_id=35, groups=https://t.me/+BrIuI_-gkNhhYTE0
[2026-02-19T22:54:58+08:00][info] 任务 35 第 3 次循环，重置群组 https://t.me/+BrIuI_-gkNhhYTE0 消息状态
[2026-02-19T22:54:58+08:00][info] 使用消息配置中指定的用户 2409 的 session_path/www/wwwroot/tdata.tgbota.top/public/uploads/admin/202602/69862ac4b6550/817043071331/tdata/temp_8424093490.session
[2026-02-19T22:54:59+08:00][info] 返回:{"status":true,"message":"发送完成，成功1个，失败0个[]","data":{"success":[{"group_id":3646934744,"group_link":"https:\/\/t.me\/+BrIuI_-gkNhhYTE0","type":"megagroup","message":"发送成功","message_id":10297}],"failed":[],"debug":["处理标识符: https:\/\/t.me\/+BrIuI_-gkNhhYTE0, 清理后: https:\/\/t.me\/+BrIuI_-gkNhhYTE0, 识别为链接: True, 识别为数字ID: False"],"warning":""},"api_address":"185.165.170.142:5144"}
[2026-02-19T22:54:59+08:00][info] 消息ID缓存成功: task_id=35, group_id=https://t.me/+BrIuI_-gkNhhYTE0, msg_index=1713, message_id=10297, send_user_id=2409
[2026-02-19T22:54:59+08:00][info] 消息状态标记为已发送: task_id=35, group_id=https://t.me/+BrIuI_-gkNhhYTE0, msg_index=1713
[2026-02-19T22:54:59+08:00][info] 任务 35 将在 106 秒后继续处理下一条消息，索引: 1714, 实例ID: task_35_index_1714_1771512899.9789
[2026-02-19T22:55:10+08:00][info] 开始处理队列任务: task_id=38, current_index=352
[2026-02-19T22:55:10+08:00][info] 使用消息配置中指定的用户 3073 的 session_path/www/wwwroot/tdata.tgbota.top/public/uploads/admin/202602/699625adf380f/14642412997/tdata/temp_7445277145.session
[2026-02-19T22:55:12+08:00][info] 返回:{"status":true,"message":"发送完成，成功1个，失败0个[]","data":{"success":[{"group_id":3794396962,"group_link":"https:\/\/t.me\/+69dYKDni-wFmYWE0","type":"megagroup","message":"发送成功","message_id":504}],"failed":[],"debug":["处理标识符: https:\/\/t.me\/+69dYKDni-wFmYWE0, 清理后: https:\/\/t.me\/+69dYKDni-wFmYWE0, 识别为链接: True, 识别为数字ID: False"],"warning":""},"api_address":"185.165.170.142:5089"}
[2026-02-19T22:55:12+08:00][info] 消息ID缓存成功: task_id=38, group_id=https://t.me/+69dYKDni-wFmYWE0, msg_index=352, message_id=504, send_user_id=3073
[2026-02-19T22:55:12+08:00][info] 消息状态标记为已发送: task_id=38, group_id=https://t.me/+69dYKDni-wFmYWE0, msg_index=352
[2026-02-19T22:55:12+08:00][info] 任务 38 将在 80 秒后继续处理下一条消息，索引: 353, 实例ID: task_38_index_353_1771512912.9552
[2026-02-19T22:55:14+08:00][info] 开始处理队列任务: task_id=28, current_index=1633
[2026-02-19T22:55:15+08:00][info] 消息缓存初始化完成: task_id=28, groups=https://t.me/+Hg62NsrbOCZmZmY8
[2026-02-19T22:55:15+08:00][info] 任务 28 第 3 次循环，重置群组 https://t.me/+Hg62NsrbOCZmZmY8 消息状态
[2026-02-19T22:55:15+08:00][info] 使用消息配置中指定的用户 2321 的 session_path/www/wwwroot/tdata.tgbota.top/public/uploads/admin/202601/6971e94ea480a/16095962724/tdata/temp_8000979247.session
[2026-02-19T22:55:17+08:00][info] 返回:{"status":true,"message":"发送完成，成功1个，失败0个[]","data":{"success":[{"group_id":3657218256,"group_link":"https:\/\/t.me\/+Hg62NsrbOCZmZmY8","type":"megagroup","message":"发送成功","message_id":21664}],"failed":[],"debug":["处理标识符: https:\/\/t.me\/+Hg62NsrbOCZmZmY8, 清理后: https:\/\/t.me\/+Hg62NsrbOCZmZmY8, 识别为链接: True, 识别为数字ID: False"],"warning":""},"api_address":"185.165.170.142:5056"}
[2026-02-19T22:55:17+08:00][info] 消息ID缓存成功: task_id=28, group_id=https://t.me/+Hg62NsrbOCZmZmY8, msg_index=1633, message_id=21664, send_user_id=2321
[2026-02-19T22:55:17+08:00][info] 消息状态标记为已发送: task_id=28, group_id=https://t.me/+Hg62NsrbOCZmZmY8, msg_index=1633
[2026-02-19T22:55:17+08:00][info] 任务 28 将在 91 秒后继续处理下一条消息，索引: 1634, 实例ID: task_28_index_1634_1771512917.9735
[2026-02-19T22:55:19+08:00][info] 开始处理队列任务: task_id=27, current_index=1596
[2026-02-19T22:55:20+08:00][info] 消息缓存初始化完成: task_id=27, groups=https://t.me/+_XaTo9Qrv0VjOTM0
[2026-02-19T22:55:20+08:00][info] 任务 27 第 3 次循环，重置群组 https://t.me/+_XaTo9Qrv0VjOTM0 消息状态
[2026-02-19T22:55:20+08:00][info] 使用消息配置中指定的用户 2293 的 session_path/www/wwwroot/tdata.tgbota.top/public/uploads/admin/202601/6971e94ea480a/16099935602/tdata/temp_8178523847.session
[2026-02-19T22:55:22+08:00][info] 返回:{"status":true,"message":"发送完成，成功1个，失败0个[]","data":{"success":[{"group_id":3649225144,"group_link":"https:\/\/t.me\/+_XaTo9Qrv0VjOTM0","type":"megagroup","message":"发送成功","message_id":33210}],"failed":[],"debug":["处理标识符: https:\/\/t.me\/+_XaTo9Qrv0VjOTM0, 清理后: https:\/\/t.me\/+_XaTo9Qrv0VjOTM0, 识别为链接: True, 识别为数字ID: False"],"warning":""},"api_address":"185.165.170.142:5028"}
[2026-02-19T22:55:22+08:00][info] 消息ID缓存成功: task_id=27, group_id=https://t.me/+_XaTo9Qrv0VjOTM0, msg_index=1596, message_id=33210, send_user_id=2293
[2026-02-19T22:55:22+08:00][info] 消息状态标记为已发送: task_id=27, group_id=https://t.me/+_XaTo9Qrv0VjOTM0, msg_index=1596
[2026-02-19T22:55:22+08:00][info] 任务 27 将在 76 秒后继续处理下一条消息，索引: 1597, 实例ID: task_27_index_1597_1771512922.6617
[2026-02-19T22:55:26+08:00][info] 开始处理队列任务: task_id=25, current_index=1628
[2026-02-19T22:55:27+08:00][info] 开始处理队列任务: task_id=31, current_index=1634
[2026-02-19T22:55:27+08:00][info] 消息缓存初始化完成: task_id=25, groups=https://t.me/+HZFEhfAwKjhmZDZk
[2026-02-19T22:55:27+08:00][info] 任务 25 第 3 次循环，重置群组 https://t.me/+HZFEhfAwKjhmZDZk 消息状态
[2026-02-19T22:55:27+08:00][info] 使用消息配置中指定的用户 2339 的 session_path/www/wwwroot/tdata.tgbota.top/public/uploads/admin/202601/6971e94ea480a/16097192911/tdata/temp_8236102931.session
[2026-02-19T22:55:27+08:00][info] 消息缓存初始化完成: task_id=31, groups=https://t.me/+4azhFwWhx1czMzE0
[2026-02-19T22:55:27+08:00][info] 任务 31 第 3 次循环，重置群组 https://t.me/+4azhFwWhx1czMzE0 消息状态
[2026-02-19T22:55:27+08:00][info] 从数据库获取用户 2314 的 session_path
[2026-02-19T22:55:29+08:00][info] 返回:{"status":true,"message":"发送完成，成功1个，失败0个[]","data":{"success":[{"group_id":3482989339,"group_link":"https:\/\/t.me\/+HZFEhfAwKjhmZDZk","type":"megagroup","message":"发送成功","message_id":30182}],"failed":[],"debug":["处理标识符: https:\/\/t.me\/+HZFEhfAwKjhmZDZk, 清理后: https:\/\/t.me\/+HZFEhfAwKjhmZDZk, 识别为链接: True, 识别为数字ID: False"],"warning":""},"api_address":"185.165.170.142:5074"}
[2026-02-19T22:55:29+08:00][info] 消息ID缓存成功: task_id=25, group_id=https://t.me/+HZFEhfAwKjhmZDZk, msg_index=1628, message_id=30182, send_user_id=2339
[2026-02-19T22:55:29+08:00][info] 消息状态标记为已发送: task_id=25, group_id=https://t.me/+HZFEhfAwKjhmZDZk, msg_index=1628
[2026-02-19T22:55:29+08:00][info] 任务 25 将在 102 秒后继续处理下一条消息，索引: 1629, 实例ID: task_25_index_1629_1771512929.7
[2026-02-19T22:55:29+08:00][info] 返回:{"status":true,"message":"发送完成，成功1个，失败0个[]","data":{"success":[{"group_id":3079998653,"group_link":"https:\/\/t.me\/+4azhFwWhx1czMzE0","type":"megagroup","message":"发送成功","message_id":14487}],"failed":[],"debug":["处理标识符: https:\/\/t.me\/+4azhFwWhx1czMzE0, 清理后: https:\/\/t.me\/+4azhFwWhx1czMzE0, 识别为链接: True, 识别为数字ID: False"],"warning":""},"api_address":"185.165.170.142:5049"}
[2026-02-19T22:55:29+08:00][info] 消息ID缓存成功: task_id=31, group_id=https://t.me/+4azhFwWhx1czMzE0, msg_index=1634, message_id=14487, send_user_id=2314
[2026-02-19T22:55:29+08:00][info] 消息状态标记为已发送: task_id=31, group_id=https://t.me/+4azhFwWhx1czMzE0, msg_index=1634
[2026-02-19T22:55:29+08:00][info] 任务 31 将在 103 秒后继续处理下一条消息，索引: 1635, 实例ID: task_31_index_1635_1771512929.7281
[2026-02-19T22:55:29+08:00][info] 开始处理队列任务: task_id=36, current_index=1664
[2026-02-19T22:55:30+08:00][info] 消息缓存初始化完成: task_id=36, groups=https://t.me/+o12qlRNkdiViMjE0
[2026-02-19T22:55:30+08:00][info] 任务 36 第 3 次循环，重置群组 https://t.me/+o12qlRNkdiViMjE0 消息状态
[2026-02-19T22:55:30+08:00][info] 从数据库获取用户 2558 的 session_path
[2026-02-19T22:55:31+08:00][info] 返回:{"status":true,"message":"发送完成，成功1个，失败0个[]","data":{"success":[{"group_id":3479387283,"group_link":"https:\/\/t.me\/+o12qlRNkdiViMjE0","type":"megagroup","message":"发送成功","message_id":10309}],"failed":[],"debug":["处理标识符: https:\/\/t.me\/+o12qlRNkdiViMjE0, 清理后: https:\/\/t.me\/+o12qlRNkdiViMjE0, 识别为链接: True, 识别为数字ID: False"],"warning":""},"api_address":"185.165.170.142:5142"}
[2026-02-19T22:55:31+08:00][info] 消息ID缓存成功: task_id=36, group_id=https://t.me/+o12qlRNkdiViMjE0, msg_index=1664, message_id=10309, send_user_id=2558
[2026-02-19T22:55:31+08:00][info] 消息状态标记为已发送: task_id=36, group_id=https://t.me/+o12qlRNkdiViMjE0, msg_index=1664
[2026-02-19T22:55:31+08:00][info] 任务 36 将在 100 秒后继续处理下一条消息，索引: 1665, 实例ID: task_36_index_1665_1771512931.934
[2026-02-19T22:55:38+08:00][info] 开始处理队列任务: task_id=33, current_index=1500
[2026-02-19T22:55:39+08:00][info] 消息缓存初始化完成: task_id=33, groups=https://t.me/+wcqRUxDn6zczYmM0
[2026-02-19T22:55:39+08:00][info] 任务 33 第 2 次循环，重置群组 https://t.me/+wcqRUxDn6zczYmM0 消息状态
[2026-02-19T22:55:39+08:00][info] 使用当前发送用户 2419 的 session_path/www/wwwroot/tdata.tgbota.top/public/uploads/admin/202602/69862ac4b6550/817044990529/tdata/temp_8401351242.session
[2026-02-19T22:55:40+08:00][info] 返回:{"status":true,"message":"发送完成，成功1个，失败0个[]","data":{"success":[{"group_id":3658905404,"group_link":"https:\/\/t.me\/+wcqRUxDn6zczYmM0","type":"megagroup","message":"发送成功","message_id":10083}],"failed":[],"debug":["处理标识符: https:\/\/t.me\/+wcqRUxDn6zczYmM0, 清理后: https:\/\/t.me\/+wcqRUxDn6zczYmM0, 识别为链接: True, 识别为数字ID: False"],"warning":""},"api_address":"185.165.170.142:5003"}
[2026-02-19T22:55:40+08:00][info] 消息ID缓存成功: task_id=33, group_id=https://t.me/+wcqRUxDn6zczYmM0, msg_index=1500, message_id=10083, send_user_id=2419
[2026-02-19T22:55:40+08:00][info] 消息状态标记为已发送: task_id=33, group_id=https://t.me/+wcqRUxDn6zczYmM0, msg_index=1500
[2026-02-19T22:55:41+08:00][info] 任务 33 将在 100 秒后继续处理下一条消息，索引: 1501, 实例ID: task_33_index_1501_1771512941.017
[2026-02-19T22:56:03+08:00][info] 开始处理队列任务: task_id=39, current_index=352
[2026-02-19T22:56:03+08:00][info] 使用当前发送用户 3073 的 session_path/www/wwwroot/tdata.tgbota.top/public/uploads/admin/202602/699625adf380f/14642412997/tdata/temp_7445277145.session
[2026-02-19T22:56:05+08:00][info] 返回:{"status":true,"message":"发送完成，成功1个，失败0个[]","data":{"success":[{"group_id":3770869551,"group_link":"https:\/\/t.me\/+ZpSvBhFQCCEwMzdk","type":"megagroup","message":"发送成功","message_id":504}],"failed":[],"debug":["处理标识符: https:\/\/t.me\/+ZpSvBhFQCCEwMzdk, 清理后: https:\/\/t.me\/+ZpSvBhFQCCEwMzdk, 识别为链接: True, 识别为数字ID: False"],"warning":""},"api_address":"185.165.170.142:5089"}
[2026-02-19T22:56:05+08:00][info] 消息ID缓存成功: task_id=39, group_id=https://t.me/+ZpSvBhFQCCEwMzdk, msg_index=352, message_id=504, send_user_id=3073
[2026-02-19T22:56:05+08:00][info] 消息状态标记为已发送: task_id=39, group_id=https://t.me/+ZpSvBhFQCCEwMzdk, msg_index=352
[2026-02-19T22:56:05+08:00][info] 任务 39 将在 80 秒后继续处理下一条消息，索引: 353, 实例ID: task_39_index_353_1771512965.6195
[2026-02-19T22:56:11+08:00][info] 开始处理队列任务: task_id=29, current_index=1629
[2026-02-19T22:56:11+08:00][info] 消息缓存初始化完成: task_id=29, groups=https://t.me/+WZlsKfz1W89jYjE0
[2026-02-19T22:56:11+08:00][info] 任务 29 第 3 次循环，重置群组 https://t.me/+WZlsKfz1W89jYjE0 消息状态
[2026-02-19T22:56:11+08:00][info] 使用消息配置中指定的用户 2333 的 session_path/www/wwwroot/tdata.tgbota.top/public/uploads/admin/202601/6971e94ea480a/16099937945/tdata/temp_8413937240.session
[2026-02-19T22:56:13+08:00][info] 返回:{"status":true,"message":"发送完成，成功1个，失败0个[]","data":{"success":[{"group_id":3780502866,"group_link":"https:\/\/t.me\/+WZlsKfz1W89jYjE0","type":"megagroup","message":"发送成功","message_id":21723}],"failed":[],"debug":["处理标识符: https:\/\/t.me\/+WZlsKfz1W89jYjE0, 清理后: https:\/\/t.me\/+WZlsKfz1W89jYjE0, 识别为链接: True, 识别为数字ID: False"],"warning":""},"api_address":"185.165.170.142:5068"}
[2026-02-19T22:56:13+08:00][info] 消息ID缓存成功: task_id=29, group_id=https://t.me/+WZlsKfz1W89jYjE0, msg_index=1629, message_id=21723, send_user_id=2333
[2026-02-19T22:56:13+08:00][info] 消息状态标记为已发送: task_id=29, group_id=https://t.me/+WZlsKfz1W89jYjE0, msg_index=1629
[2026-02-19T22:56:13+08:00][info] 任务 29 将在 81 秒后继续处理下一条消息，索引: 1630, 实例ID: task_29_index_1630_1771512973.8825
[2026-02-19T22:56:24+08:00][info] 开始处理队列任务: task_id=40, current_index=351
[2026-02-19T22:56:24+08:00][info] 使用当前发送用户 3079 的 session_path/www/wwwroot/tdata.tgbota.top/public/uploads/admin/202602/699625adf380f/14703051822/tdata/temp_8044614633.session
[2026-02-19T22:56:26+08:00][info] 返回:{"status":true,"message":"发送完成，成功1个，失败0个[]","data":{"success":[{"group_id":3799666589,"group_link":"https:\/\/t.me\/+IfyZ_OVthdI5YzNk","type":"megagroup","message":"发送成功","message_id":504}],"failed":[],"debug":["处理标识符: https:\/\/t.me\/+IfyZ_OVthdI5YzNk, 清理后: https:\/\/t.me\/+IfyZ_OVthdI5YzNk, 识别为链接: True, 识别为数字ID: False"],"warning":""},"api_address":"185.165.170.142:5095"}
[2026-02-19T22:56:26+08:00][info] 消息ID缓存成功: task_id=40, group_id=https://t.me/+IfyZ_OVthdI5YzNk, msg_index=351, message_id=504, send_user_id=3079
[2026-02-19T22:56:26+08:00][info] 消息状态标记为已发送: task_id=40, group_id=https://t.me/+IfyZ_OVthdI5YzNk, msg_index=351
[2026-02-19T22:56:26+08:00][info] 任务 40 将在 103 秒后继续处理下一条消息，索引: 352, 实例ID: task_40_index_352_1771512986.587
[2026-02-19T22:56:31+08:00][info] 开始处理队列任务: task_id=37, current_index=1701
[2026-02-19T22:56:31+08:00][info] 消息缓存初始化完成: task_id=37, groups=https://t.me/+DUAGbZI5vW41NWI8
[2026-02-19T22:56:31+08:00][info] 任务 37 第 3 次循环，重置群组 https://t.me/+DUAGbZI5vW41NWI8 消息状态
[2026-02-19T22:56:31+08:00][info] 使用消息配置中指定的用户 2413 的 session_path/www/wwwroot/tdata.tgbota.top/public/uploads/admin/202602/69862ac4b6550/818010974456/tdata/temp_8406035094.session
[2026-02-19T22:56:32+08:00][info] 开始处理队列任务: task_id=34, current_index=1501
[2026-02-19T22:56:32+08:00][info] 开始处理队列任务: task_id=38, current_index=353
[2026-02-19T22:56:32+08:00][info] 使用feedbackType=353的消息ID: 504
[2026-02-19T22:56:32+08:00][info] 从数据库获取用户 3067 的 session_path
[2026-02-19T22:56:32+08:00][info] 消息缓存初始化完成: task_id=34, groups=https://t.me/+CUyn8iqnQwEzNDY0
[2026-02-19T22:56:32+08:00][info] 任务 34 第 2 次循环，重置群组 https://t.me/+CUyn8iqnQwEzNDY0 消息状态
[2026-02-19T22:56:32+08:00][info] 使用当前发送用户 2419 的 session_path/www/wwwroot/tdata.tgbota.top/public/uploads/admin/202602/69862ac4b6550/817044990529/tdata/temp_8401351242.session
[2026-02-19T22:56:33+08:00][info] 返回:{"status":true,"message":"发送完成，成功1个，失败0个[]","data":{"success":[{"group_id":3732578862,"group_link":"https:\/\/t.me\/+DUAGbZI5vW41NWI8","type":"megagroup","message":"发送成功","message_id":8475}],"failed":[],"debug":["处理标识符: https:\/\/t.me\/+DUAGbZI5vW41NWI8, 清理后: https:\/\/t.me\/+DUAGbZI5vW41NWI8, 识别为链接: True, 识别为数字ID: False"],"warning":""},"api_address":"185.165.170.142:5148"}
[2026-02-19T22:56:33+08:00][info] 消息ID缓存成功: task_id=37, group_id=https://t.me/+DUAGbZI5vW41NWI8, msg_index=1701, message_id=8475, send_user_id=2413
[2026-02-19T22:56:33+08:00][info] 消息状态标记为已发送: task_id=37, group_id=https://t.me/+DUAGbZI5vW41NWI8, msg_index=1701
[2026-02-19T22:56:33+08:00][info] 任务 37 将在 88 秒后继续处理下一条消息，索引: 1702, 实例ID: task_37_index_1702_1771512993.3632
[2026-02-19T22:56:34+08:00][info] 返回:{"status":true,"message":"发送完成，成功1个，失败0个[]","data":{"success":[{"group_id":3719450736,"group_link":"https:\/\/t.me\/+CUyn8iqnQwEzNDY0","type":"megagroup","message":"发送成功","message_id":10245}],"failed":[],"debug":["处理标识符: https:\/\/t.me\/+CUyn8iqnQwEzNDY0, 清理后: https:\/\/t.me\/+CUyn8iqnQwEzNDY0, 识别为链接: True, 识别为数字ID: False"],"warning":""},"api_address":"185.165.170.142:5003"}
[2026-02-19T22:56:34+08:00][info] 消息ID缓存成功: task_id=34, group_id=https://t.me/+CUyn8iqnQwEzNDY0, msg_index=1501, message_id=10245, send_user_id=2419
[2026-02-19T22:56:34+08:00][info] 消息状态标记为已发送: task_id=34, group_id=https://t.me/+CUyn8iqnQwEzNDY0, msg_index=1501
[2026-02-19T22:56:34+08:00][info] 任务 34 将在 91 秒后继续处理下一条消息，索引: 1502, 实例ID: task_34_index_1502_1771512994.9097
[2026-02-19T22:56:35+08:00][info] 返回:{"status":true,"message":"发送完成，成功1个，失败0个[]","data":{"success":[{"group_id":3794396962,"group_link":"https:\/\/t.me\/+69dYKDni-wFmYWE0","type":"megagroup","message":"发送成功","message_id":505}],"failed":[],"debug":["处理标识符: https:\/\/t.me\/+69dYKDni-wFmYWE0, 清理后: https:\/\/t.me\/+69dYKDni-wFmYWE0, 识别为链接: True, 识别为数字ID: False"],"warning":""},"api_address":"185.165.170.142:5083"}
[2026-02-19T22:56:35+08:00][info] 消息ID缓存成功: task_id=38, group_id=https://t.me/+69dYKDni-wFmYWE0, msg_index=353, message_id=505, send_user_id=3067
[2026-02-19T22:56:35+08:00][info] 消息状态标记为已发送: task_id=38, group_id=https://t.me/+69dYKDni-wFmYWE0, msg_index=353
[2026-02-19T22:56:36+08:00][info] 任务 38 将在 65 秒后继续处理下一条消息，索引: 354, 实例ID: task_38_index_354_1771512996.4365
[2026-02-19T22:56:39+08:00][info] 开始处理队列任务: task_id=27, current_index=1597
[2026-02-19T22:56:39+08:00][info] 消息缓存初始化完成: task_id=27, groups=https://t.me/+_XaTo9Qrv0VjOTM0
[2026-02-19T22:56:39+08:00][info] 任务 27 第 3 次循环，重置群组 https://t.me/+_XaTo9Qrv0VjOTM0 消息状态
[2026-02-19T22:56:39+08:00][info] 使用当前发送用户 2286 的 session_path/www/wwwroot/tdata.tgbota.top/public/uploads/admin/202601/6971e94ea480a/16099935062/tdata/temp_8257952643.session
[2026-02-19T22:56:42+08:00][info] 返回:{"status":true,"message":"发送完成，成功1个，失败0个[]","data":{"success":[{"group_id":3649225144,"group_link":"https:\/\/t.me\/+_XaTo9Qrv0VjOTM0","type":"megagroup","message":"发送成功","message_id":33211}],"failed":[],"debug":["处理标识符: https:\/\/t.me\/+_XaTo9Qrv0VjOTM0, 清理后: https:\/\/t.me\/+_XaTo9Qrv0VjOTM0, 识别为链接: True, 识别为数字ID: False"],"warning":""},"api_address":"185.165.170.142:5021"}
[2026-02-19T22:56:42+08:00][info] 消息ID缓存成功: task_id=27, group_id=https://t.me/+_XaTo9Qrv0VjOTM0, msg_index=1597, message_id=33211, send_user_id=2286
[2026-02-19T22:56:42+08:00][info] 消息状态标记为已发送: task_id=27, group_id=https://t.me/+_XaTo9Qrv0VjOTM0, msg_index=1597
[2026-02-19T22:56:42+08:00][info] 任务 27 将在 87 秒后继续处理下一条消息，索引: 1598, 实例ID: task_27_index_1598_1771513002.4352
[2026-02-19T22:56:45+08:00][info] 开始处理队列任务: task_id=35, current_index=1714
[2026-02-19T22:56:45+08:00][info] 消息缓存初始化完成: task_id=35, groups=https://t.me/+BrIuI_-gkNhhYTE0
[2026-02-19T22:56:45+08:00][info] 任务 35 第 3 次循环，重置群组 https://t.me/+BrIuI_-gkNhhYTE0 消息状态
[2026-02-19T22:56:45+08:00][info] 使用消息配置中指定的用户 2558 的 session_path/www/wwwroot/tdata.tgbota.top/public/uploads/admin/202602/69862ac4b6550/817026673286/tdata/temp_8381164345.session
[2026-02-19T22:56:47+08:00][info] 返回:{"status":true,"message":"发送完成，成功1个，失败0个[]","data":{"success":[{"group_id":3646934744,"group_link":"https:\/\/t.me\/+BrIuI_-gkNhhYTE0","type":"megagroup","message":"发送成功","message_id":10298}],"failed":[],"debug":["处理标识符: https:\/\/t.me\/+BrIuI_-gkNhhYTE0, 清理后: https:\/\/t.me\/+BrIuI_-gkNhhYTE0, 识别为链接: True, 识别为数字ID: False"],"warning":""},"api_address":"185.165.170.142:5142"}
[2026-02-19T22:56:47+08:00][info] 消息ID缓存成功: task_id=35, group_id=https://t.me/+BrIuI_-gkNhhYTE0, msg_index=1714, message_id=10298, send_user_id=2558
[2026-02-19T22:56:47+08:00][info] 消息状态标记为已发送: task_id=35, group_id=https://t.me/+BrIuI_-gkNhhYTE0, msg_index=1714
[2026-02-19T22:56:47+08:00][info] 任务 35 将在 90 秒后继续处理下一条消息，索引: 1715, 实例ID: task_35_index_1715_1771513007.6188
[2026-02-19T22:56:48+08:00][info] 开始处理队列任务: task_id=28, current_index=1634
[2026-02-19T22:56:49+08:00][info] 消息缓存初始化完成: task_id=28, groups=https://t.me/+Hg62NsrbOCZmZmY8
[2026-02-19T22:56:49+08:00][info] 任务 28 第 3 次循环，重置群组 https://t.me/+Hg62NsrbOCZmZmY8 消息状态
[2026-02-19T22:56:49+08:00][info] 使用消息配置中指定的用户 2314 的 session_path/www/wwwroot/tdata.tgbota.top/public/uploads/admin/202601/6971e94ea480a/16095962673/tdata/temp_8022478339.session
[2026-02-19T22:56:51+08:00][info] 返回:{"status":true,"message":"发送完成，成功1个，失败0个[]","data":{"success":[{"group_id":3657218256,"group_link":"https:\/\/t.me\/+Hg62NsrbOCZmZmY8","type":"megagroup","message":"发送成功","message_id":21665}],"failed":[],"debug":["处理标识符: https:\/\/t.me\/+Hg62NsrbOCZmZmY8, 清理后: https:\/\/t.me\/+Hg62NsrbOCZmZmY8, 识别为链接: True, 识别为数字ID: False"],"warning":""},"api_address":"185.165.170.142:5049"}
[2026-02-19T22:56:51+08:00][info] 消息ID缓存成功: task_id=28, group_id=https://t.me/+Hg62NsrbOCZmZmY8, msg_index=1634, message_id=21665, send_user_id=2314
[2026-02-19T22:56:51+08:00][info] 消息状态标记为已发送: task_id=28, group_id=https://t.me/+Hg62NsrbOCZmZmY8, msg_index=1634
[2026-02-19T22:56:51+08:00][info] 任务 28 将在 103 秒后继续处理下一条消息，索引: 1635, 实例ID: task_28_index_1635_1771513011.6948
[2026-02-19T22:57:11+08:00][info] 开始处理队列任务: task_id=25, current_index=1629
[2026-02-19T22:57:11+08:00][info] 消息缓存初始化完成: task_id=25, groups=https://t.me/+HZFEhfAwKjhmZDZk
[2026-02-19T22:57:11+08:00][info] 任务 25 第 3 次循环，重置群组 https://t.me/+HZFEhfAwKjhmZDZk 消息状态
[2026-02-19T22:57:11+08:00][info] 使用消息配置中指定的用户 2333 的 session_path/www/wwwroot/tdata.tgbota.top/public/uploads/admin/202601/6971e94ea480a/16099937945/tdata/temp_8413937240.session
[2026-02-19T22:57:11+08:00][info] 开始处理队列任务: task_id=36, current_index=1665
[2026-02-19T22:57:11+08:00][info] 消息缓存初始化完成: task_id=36, groups=https://t.me/+o12qlRNkdiViMjE0
[2026-02-19T22:57:11+08:00][info] 任务 36 第 3 次循环，重置群组 https://t.me/+o12qlRNkdiViMjE0 消息状态
[2026-02-19T22:57:11+08:00][info] 使用消息配置中指定的用户 2552 的 session_path/www/wwwroot/tdata.tgbota.top/public/uploads/admin/202602/69862ac4b6550/818013400332/tdata/temp_8340289619.session
[2026-02-19T22:57:12+08:00][info] 开始处理队列任务: task_id=31, current_index=1635
[2026-02-19T22:57:12+08:00][info] 消息缓存初始化完成: task_id=31, groups=https://t.me/+4azhFwWhx1czMzE0
[2026-02-19T22:57:12+08:00][info] 任务 31 第 3 次循环，重置群组 https://t.me/+4azhFwWhx1czMzE0 消息状态
[2026-02-19T22:57:13+08:00][info] 使用消息配置中指定的用户 2314 的 session_path/www/wwwroot/tdata.tgbota.top/public/uploads/admin/202601/6971e94ea480a/16095962673/tdata/temp_8022478339.session
[2026-02-19T22:57:13+08:00][info] 返回:{"status":true,"message":"发送完成，成功1个，失败0个[]","data":{"success":[{"group_id":3479387283,"group_link":"https:\/\/t.me\/+o12qlRNkdiViMjE0","type":"megagroup","message":"发送成功","message_id":10310}],"failed":[],"debug":["处理标识符: https:\/\/t.me\/+o12qlRNkdiViMjE0, 清理后: https:\/\/t.me\/+o12qlRNkdiViMjE0, 识别为链接: True, 识别为数字ID: False"],"warning":""},"api_address":"185.165.170.142:5136"}
[2026-02-19T22:57:13+08:00][info] 消息ID缓存成功: task_id=36, group_id=https://t.me/+o12qlRNkdiViMjE0, msg_index=1665, message_id=10310, send_user_id=2552
[2026-02-19T22:57:13+08:00][info] 消息状态标记为已发送: task_id=36, group_id=https://t.me/+o12qlRNkdiViMjE0, msg_index=1665
[2026-02-19T22:57:13+08:00][info] 任务 36 将在 88 秒后继续处理下一条消息，索引: 1666, 实例ID: task_36_index_1666_1771513033.9017
[2026-02-19T22:57:14+08:00][info] 返回:{"status":true,"message":"发送完成，成功1个，失败0个[]","data":{"success":[{"group_id":3482989339,"group_link":"https:\/\/t.me\/+HZFEhfAwKjhmZDZk","type":"megagroup","message":"发送成功","message_id":30183}],"failed":[],"debug":["处理标识符: https:\/\/t.me\/+HZFEhfAwKjhmZDZk, 清理后: https:\/\/t.me\/+HZFEhfAwKjhmZDZk, 识别为链接: True, 识别为数字ID: False"],"warning":""},"api_address":"185.165.170.142:5068"}
[2026-02-19T22:57:14+08:00][info] 消息ID缓存成功: task_id=25, group_id=https://t.me/+HZFEhfAwKjhmZDZk, msg_index=1629, message_id=30183, send_user_id=2333
[2026-02-19T22:57:14+08:00][info] 消息状态标记为已发送: task_id=25, group_id=https://t.me/+HZFEhfAwKjhmZDZk, msg_index=1629
[2026-02-19T22:57:14+08:00][info] 任务 25 将在 81 秒后继续处理下一条消息，索引: 1630, 实例ID: task_25_index_1630_1771513034.0359
[2026-02-19T22:57:15+08:00][info] 返回:{"status":true,"message":"发送完成，成功1个，失败0个[]","data":{"success":[{"group_id":3079998653,"group_link":"https:\/\/t.me\/+4azhFwWhx1czMzE0","type":"megagroup","message":"发送成功","message_id":14488}],"failed":[],"debug":["处理标识符: https:\/\/t.me\/+4azhFwWhx1czMzE0, 清理后: https:\/\/t.me\/+4azhFwWhx1czMzE0, 识别为链接: True, 识别为数字ID: False"],"warning":""},"api_address":"185.165.170.142:5049"}
[2026-02-19T22:57:15+08:00][info] 消息ID缓存成功: task_id=31, group_id=https://t.me/+4azhFwWhx1czMzE0, msg_index=1635, message_id=14488, send_user_id=2314
[2026-02-19T22:57:15+08:00][info] 消息状态标记为已发送: task_id=31, group_id=https://t.me/+4azhFwWhx1czMzE0, msg_index=1635
[2026-02-19T22:57:16+08:00][info] 任务 31 将在 121 秒后继续处理下一条消息，索引: 1636, 实例ID: task_31_index_1636_1771513036.6826
[2026-02-19T22:57:22+08:00][info] 开始处理队列任务: task_id=33, current_index=1501
[2026-02-19T22:57:22+08:00][info] 消息缓存初始化完成: task_id=33, groups=https://t.me/+wcqRUxDn6zczYmM0
[2026-02-19T22:57:22+08:00][info] 任务 33 第 2 次循环，重置群组 https://t.me/+wcqRUxDn6zczYmM0 消息状态
[2026-02-19T22:57:22+08:00][info] 使用当前发送用户 2419 的 session_path/www/wwwroot/tdata.tgbota.top/public/uploads/admin/202602/69862ac4b6550/817044990529/tdata/temp_8401351242.session
[2026-02-19T22:57:24+08:00][info] 返回:{"status":true,"message":"发送完成，成功1个，失败0个[]","data":{"success":[{"group_id":3658905404,"group_link":"https:\/\/t.me\/+wcqRUxDn6zczYmM0","type":"megagroup","message":"发送成功","message_id":10084}],"failed":[],"debug":["处理标识符: https:\/\/t.me\/+wcqRUxDn6zczYmM0, 清理后: https:\/\/t.me\/+wcqRUxDn6zczYmM0, 识别为链接: True, 识别为数字ID: False"],"warning":""},"api_address":"185.165.170.142:5003"}
[2026-02-19T22:57:24+08:00][info] 消息ID缓存成功: task_id=33, group_id=https://t.me/+wcqRUxDn6zczYmM0, msg_index=1501, message_id=10084, send_user_id=2419
[2026-02-19T22:57:24+08:00][info] 消息状态标记为已发送: task_id=33, group_id=https://t.me/+wcqRUxDn6zczYmM0, msg_index=1501
[2026-02-19T22:57:24+08:00][info] 任务 33 将在 91 秒后继续处理下一条消息，索引: 1502, 实例ID: task_33_index_1502_1771513044.911
[2026-02-19T22:57:25+08:00][info] 开始处理队列任务: task_id=39, current_index=353
[2026-02-19T22:57:26+08:00][info] 使用feedbackType=353的消息ID: 504
[2026-02-19T22:57:26+08:00][info] 使用消息配置中指定的用户 3067 的 session_path/www/wwwroot/tdata.tgbota.top/public/uploads/admin/202602/699625adf380f/14753818358/tdata/temp_8205159274.session
[2026-02-19T22:57:29+08:00][info] 返回:{"status":true,"message":"发送完成，成功1个，失败0个[]","data":{"success":[{"group_id":3770869551,"group_link":"https:\/\/t.me\/+ZpSvBhFQCCEwMzdk","type":"megagroup","message":"发送成功","message_id":505}],"failed":[],"debug":["处理标识符: https:\/\/t.me\/+ZpSvBhFQCCEwMzdk, 清理后: https:\/\/t.me\/+ZpSvBhFQCCEwMzdk, 识别为链接: True, 识别为数字ID: False"],"warning":""},"api_address":"185.165.170.142:5083"}
[2026-02-19T22:57:29+08:00][info] 消息ID缓存成功: task_id=39, group_id=https://t.me/+ZpSvBhFQCCEwMzdk, msg_index=353, message_id=505, send_user_id=3067
[2026-02-19T22:57:29+08:00][info] 消息状态标记为已发送: task_id=39, group_id=https://t.me/+ZpSvBhFQCCEwMzdk, msg_index=353
[2026-02-19T22:57:29+08:00][info] 任务 39 将在 65 秒后继续处理下一条消息，索引: 354, 实例ID: task_39_index_354_1771513049.3757
[2026-02-19T22:57:34+08:00][info] 开始处理队列任务: task_id=29, current_index=1630
[2026-02-19T22:57:35+08:00][info] 消息缓存初始化完成: task_id=29, groups=https://t.me/+WZlsKfz1W89jYjE0
[2026-02-19T22:57:35+08:00][info] 任务 29 第 3 次循环，重置群组 https://t.me/+WZlsKfz1W89jYjE0 消息状态
[2026-02-19T22:57:35+08:00][info] 使用feedbackType=1630的消息ID: 21723
[2026-02-19T22:57:35+08:00][info] 使用消息配置中指定的用户 2327 的 session_path/www/wwwroot/tdata.tgbota.top/public/uploads/admin/202601/6971e94ea480a/16067161806/tdata/temp_8083842765.session
[2026-02-19T22:57:38+08:00][info] 返回:{"status":true,"message":"发送完成，成功1个，失败0个[]","data":{"success":[{"group_id":3780502866,"group_link":"https:\/\/t.me\/+WZlsKfz1W89jYjE0","type":"megagroup","message":"发送成功","message_id":21724}],"failed":[],"debug":["处理标识符: https:\/\/t.me\/+WZlsKfz1W89jYjE0, 清理后: https:\/\/t.me\/+WZlsKfz1W89jYjE0, 识别为链接: True, 识别为数字ID: False"],"warning":""},"api_address":"185.165.170.142:5062"}
[2026-02-19T22:57:38+08:00][info] 消息ID缓存成功: task_id=29, group_id=https://t.me/+WZlsKfz1W89jYjE0, msg_index=1630, message_id=21724, send_user_id=2327
[2026-02-19T22:57:38+08:00][info] 消息状态标记为已发送: task_id=29, group_id=https://t.me/+WZlsKfz1W89jYjE0, msg_index=1630
[2026-02-19T22:57:38+08:00][info] 任务 29 将在 98 秒后继续处理下一条消息，索引: 1631, 实例ID: task_29_index_1631_1771513058.0734
[2026-02-19T22:57:41+08:00][info] 开始处理队列任务: task_id=38, current_index=354
[2026-02-19T22:57:41+08:00][info] 使用当前发送用户 3029 的 session_path/www/wwwroot/tdata.tgbota.top/public/uploads/admin/202602/699625adf380f/14632952838/tdata/temp_8232193079.session
[2026-02-19T22:57:43+08:00][info] 返回:{"status":true,"message":"发送完成，成功1个，失败0个[]","data":{"success":[{"group_id":3794396962,"group_link":"https:\/\/t.me\/+69dYKDni-wFmYWE0","type":"megagroup","message":"发送成功","message_id":506}],"failed":[],"debug":["处理标识符: https:\/\/t.me\/+69dYKDni-wFmYWE0, 清理后: https:\/\/t.me\/+69dYKDni-wFmYWE0, 识别为链接: True, 识别为数字ID: False"],"warning":""},"api_address":"185.165.170.142:5045"}
[2026-02-19T22:57:43+08:00][info] 消息ID缓存成功: task_id=38, group_id=https://t.me/+69dYKDni-wFmYWE0, msg_index=354, message_id=506, send_user_id=3029
[2026-02-19T22:57:43+08:00][info] 消息状态标记为已发送: task_id=38, group_id=https://t.me/+69dYKDni-wFmYWE0, msg_index=354
[2026-02-19T22:57:43+08:00][info] 任务 38 将在 100 秒后继续处理下一条消息，索引: 355, 实例ID: task_38_index_355_1771513063.6082
[2026-02-19T22:58:01+08:00][info] 开始处理队列任务: task_id=37, current_index=1702
[2026-02-19T22:58:01+08:00][info] 消息缓存初始化完成: task_id=37, groups=https://t.me/+DUAGbZI5vW41NWI8
[2026-02-19T22:58:01+08:00][info] 任务 37 第 3 次循环，重置群组 https://t.me/+DUAGbZI5vW41NWI8 消息状态
[2026-02-19T22:58:01+08:00][info] 使用消息配置中指定的用户 2413 的 session_path/www/wwwroot/tdata.tgbota.top/public/uploads/admin/202602/69862ac4b6550/818010974456/tdata/temp_8406035094.session
[2026-02-19T22:58:03+08:00][info] 返回:{"status":true,"message":"发送完成，成功1个，失败0个[]","data":{"success":[{"group_id":3732578862,"group_link":"https:\/\/t.me\/+DUAGbZI5vW41NWI8","type":"megagroup","message":"发送成功","message_id":8476}],"failed":[],"debug":["处理标识符: https:\/\/t.me\/+DUAGbZI5vW41NWI8, 清理后: https:\/\/t.me\/+DUAGbZI5vW41NWI8, 识别为链接: True, 识别为数字ID: False"],"warning":""},"api_address":"185.165.170.142:5148"}
[2026-02-19T22:58:03+08:00][info] 消息ID缓存成功: task_id=37, group_id=https://t.me/+DUAGbZI5vW41NWI8, msg_index=1702, message_id=8476, send_user_id=2413
[2026-02-19T22:58:03+08:00][info] 消息状态标记为已发送: task_id=37, group_id=https://t.me/+DUAGbZI5vW41NWI8, msg_index=1702
[2026-02-19T22:58:03+08:00][info] 任务 37 将在 80 秒后继续处理下一条消息，索引: 1703, 实例ID: task_37_index_1703_1771513083.8701
[2026-02-19T22:58:05+08:00][info] 开始处理队列任务: task_id=34, current_index=1502
[2026-02-19T22:58:05+08:00][info] 消息缓存初始化完成: task_id=34, groups=https://t.me/+CUyn8iqnQwEzNDY0
[2026-02-19T22:58:05+08:00][info] 任务 34 第 2 次循环，重置群组 https://t.me/+CUyn8iqnQwEzNDY0 消息状态
[2026-02-19T22:58:05+08:00][info] 使用当前发送用户 2418 的 session_path/www/wwwroot/tdata.tgbota.top/public/uploads/admin/202602/69862ac4b6550/818014389488/tdata/temp_8001677536.session
[2026-02-19T22:58:07+08:00][info] 返回:{"status":true,"message":"发送完成，成功1个，失败0个[]","data":{"success":[{"group_id":3719450736,"group_link":"https:\/\/t.me\/+CUyn8iqnQwEzNDY0","type":"megagroup","message":"发送成功","message_id":10246}],"failed":[],"debug":["处理标识符: https:\/\/t.me\/+CUyn8iqnQwEzNDY0, 清理后: https:\/\/t.me\/+CUyn8iqnQwEzNDY0, 识别为链接: True, 识别为数字ID: False"],"warning":""},"api_address":"185.165.170.142:5002"}
[2026-02-19T22:58:07+08:00][info] 消息ID缓存成功: task_id=34, group_id=https://t.me/+CUyn8iqnQwEzNDY0, msg_index=1502, message_id=10246, send_user_id=2418
[2026-02-19T22:58:07+08:00][info] 消息状态标记为已发送: task_id=34, group_id=https://t.me/+CUyn8iqnQwEzNDY0, msg_index=1502
[2026-02-19T22:58:07+08:00][info] 任务 34 将在 80 秒后继续处理下一条消息，索引: 1503, 实例ID: task_34_index_1503_1771513087.739
[2026-02-19T22:58:09+08:00][info] 开始处理队列任务: task_id=27, current_index=1598
[2026-02-19T22:58:09+08:00][info] 开始处理队列任务: task_id=40, current_index=352
[2026-02-19T22:58:10+08:00][info] 使用当前发送用户 3073 的 session_path/www/wwwroot/tdata.tgbota.top/public/uploads/admin/202602/699625adf380f/14642412997/tdata/temp_7445277145.session
[2026-02-19T22:58:10+08:00][info] 消息缓存初始化完成: task_id=27, groups=https://t.me/+_XaTo9Qrv0VjOTM0
[2026-02-19T22:58:10+08:00][info] 任务 27 第 3 次循环，重置群组 https://t.me/+_XaTo9Qrv0VjOTM0 消息状态
[2026-02-19T22:58:10+08:00][info] 从数据库获取用户 2281 的 session_path
[2026-02-19T22:58:12+08:00][info] 返回:{"status":true,"message":"发送完成，成功1个，失败0个[]","data":{"success":[{"group_id":3799666589,"group_link":"https:\/\/t.me\/+IfyZ_OVthdI5YzNk","type":"megagroup","message":"发送成功","message_id":505}],"failed":[],"debug":["处理标识符: https:\/\/t.me\/+IfyZ_OVthdI5YzNk, 清理后: https:\/\/t.me\/+IfyZ_OVthdI5YzNk, 识别为链接: True, 识别为数字ID: False"],"warning":""},"api_address":"185.165.170.142:5089"}
[2026-02-19T22:58:12+08:00][info] 消息ID缓存成功: task_id=40, group_id=https://t.me/+IfyZ_OVthdI5YzNk, msg_index=352, message_id=505, send_user_id=3073
[2026-02-19T22:58:12+08:00][info] 消息状态标记为已发送: task_id=40, group_id=https://t.me/+IfyZ_OVthdI5YzNk, msg_index=352
[2026-02-19T22:58:12+08:00][info] 任务 40 将在 80 秒后继续处理下一条消息，索引: 353, 实例ID: task_40_index_353_1771513092.5077
[2026-02-19T22:58:12+08:00][info] 返回:{"status":true,"message":"发送完成，成功1个，失败0个[]","data":{"success":[{"group_id":3649225144,"group_link":"https:\/\/t.me\/+_XaTo9Qrv0VjOTM0","type":"megagroup","message":"发送成功","message_id":33212}],"failed":[],"debug":["处理标识符: https:\/\/t.me\/+_XaTo9Qrv0VjOTM0, 清理后: https:\/\/t.me\/+_XaTo9Qrv0VjOTM0, 识别为链接: True, 识别为数字ID: False"],"warning":""},"api_address":"185.165.170.142:5016"}
[2026-02-19T22:58:12+08:00][info] 消息ID缓存成功: task_id=27, group_id=https://t.me/+_XaTo9Qrv0VjOTM0, msg_index=1598, message_id=33212, send_user_id=2281
[2026-02-19T22:58:12+08:00][info] 消息状态标记为已发送: task_id=27, group_id=https://t.me/+_XaTo9Qrv0VjOTM0, msg_index=1598
[2026-02-19T22:58:12+08:00][info] 任务 27 将在 89 秒后继续处理下一条消息，索引: 1599, 实例ID: task_27_index_1599_1771513092.6264
[2026-02-19T22:58:17+08:00][info] 开始处理队列任务: task_id=35, current_index=1715
[2026-02-19T22:58:17+08:00][info] 消息缓存初始化完成: task_id=35, groups=https://t.me/+BrIuI_-gkNhhYTE0
[2026-02-19T22:58:17+08:00][info] 任务 35 第 3 次循环，重置群组 https://t.me/+BrIuI_-gkNhhYTE0 消息状态
[2026-02-19T22:58:17+08:00][info] 使用消息配置中指定的用户 2557 的 session_path/www/wwwroot/tdata.tgbota.top/public/uploads/admin/202602/69862ac4b6550/818014590093/tdata/temp_8254960010.session
[2026-02-19T22:58:19+08:00][info] 返回:{"status":true,"message":"发送完成，成功1个，失败0个[]","data":{"success":[{"group_id":3646934744,"group_link":"https:\/\/t.me\/+BrIuI_-gkNhhYTE0","type":"megagroup","message":"发送成功","message_id":10299}],"failed":[],"debug":["处理标识符: https:\/\/t.me\/+BrIuI_-gkNhhYTE0, 清理后: https:\/\/t.me\/+BrIuI_-gkNhhYTE0, 识别为链接: True, 识别为数字ID: False"],"warning":""},"api_address":"185.165.170.142:5141"}
[2026-02-19T22:58:19+08:00][info] 消息ID缓存成功: task_id=35, group_id=https://t.me/+BrIuI_-gkNhhYTE0, msg_index=1715, message_id=10299, send_user_id=2557
[2026-02-19T22:58:19+08:00][info] 消息状态标记为已发送: task_id=35, group_id=https://t.me/+BrIuI_-gkNhhYTE0, msg_index=1715
[2026-02-19T22:58:19+08:00][info] 任务 35 将在 100 秒后继续处理下一条消息，索引: 1716, 实例ID: task_35_index_1716_1771513099.4497
[2026-02-19T22:58:34+08:00][info] 开始处理队列任务: task_id=28, current_index=1635
[2026-02-19T22:58:34+08:00][info] 消息缓存初始化完成: task_id=28, groups=https://t.me/+Hg62NsrbOCZmZmY8
[2026-02-19T22:58:34+08:00][info] 任务 28 第 3 次循环，重置群组 https://t.me/+Hg62NsrbOCZmZmY8 消息状态
[2026-02-19T22:58:34+08:00][info] 使用消息配置中指定的用户 2314 的 session_path/www/wwwroot/tdata.tgbota.top/public/uploads/admin/202601/6971e94ea480a/16095962673/tdata/temp_8022478339.session
[2026-02-19T22:58:34+08:00][info] 开始处理队列任务: task_id=39, current_index=354
[2026-02-19T22:58:34+08:00][info] 使用当前发送用户 3029 的 session_path/www/wwwroot/tdata.tgbota.top/public/uploads/admin/202602/699625adf380f/14632952838/tdata/temp_8232193079.session
[2026-02-19T22:58:35+08:00][info] 开始处理队列任务: task_id=25, current_index=1630
[2026-02-19T22:58:35+08:00][info] 消息缓存初始化完成: task_id=25, groups=https://t.me/+HZFEhfAwKjhmZDZk
[2026-02-19T22:58:35+08:00][info] 任务 25 第 3 次循环，重置群组 https://t.me/+HZFEhfAwKjhmZDZk 消息状态
[2026-02-19T22:58:35+08:00][info] 使用feedbackType=1630的消息ID: 30183
[2026-02-19T22:58:35+08:00][info] 使用消息配置中指定的用户 2327 的 session_path/www/wwwroot/tdata.tgbota.top/public/uploads/admin/202601/6971e94ea480a/16067161806/tdata/temp_8083842765.session
[2026-02-19T22:58:37+08:00][info] 返回:{"status":true,"message":"发送完成，成功1个，失败0个[]","data":{"success":[{"group_id":3657218256,"group_link":"https:\/\/t.me\/+Hg62NsrbOCZmZmY8","type":"megagroup","message":"发送成功","message_id":21666}],"failed":[],"debug":["处理标识符: https:\/\/t.me\/+Hg62NsrbOCZmZmY8, 清理后: https:\/\/t.me\/+Hg62NsrbOCZmZmY8, 识别为链接: True, 识别为数字ID: False"],"warning":""},"api_address":"185.165.170.142:5049"}
[2026-02-19T22:58:37+08:00][info] 消息ID缓存成功: task_id=28, group_id=https://t.me/+Hg62NsrbOCZmZmY8, msg_index=1635, message_id=21666, send_user_id=2314
[2026-02-19T22:58:37+08:00][info] 消息状态标记为已发送: task_id=28, group_id=https://t.me/+Hg62NsrbOCZmZmY8, msg_index=1635
[2026-02-19T22:58:37+08:00][info] 任务 28 将在 121 秒后继续处理下一条消息，索引: 1636, 实例ID: task_28_index_1636_1771513117.1973
[2026-02-19T22:58:37+08:00][info] 返回:{"status":true,"message":"发送完成，成功1个，失败0个[]","data":{"success":[{"group_id":3770869551,"group_link":"https:\/\/t.me\/+ZpSvBhFQCCEwMzdk","type":"megagroup","message":"发送成功","message_id":506}],"failed":[],"debug":["处理标识符: https:\/\/t.me\/+ZpSvBhFQCCEwMzdk, 清理后: https:\/\/t.me\/+ZpSvBhFQCCEwMzdk, 识别为链接: True, 识别为数字ID: False"],"warning":""},"api_address":"185.165.170.142:5045"}
[2026-02-19T22:58:37+08:00][info] 消息ID缓存成功: task_id=39, group_id=https://t.me/+ZpSvBhFQCCEwMzdk, msg_index=354, message_id=506, send_user_id=3029
[2026-02-19T22:58:37+08:00][info] 消息状态标记为已发送: task_id=39, group_id=https://t.me/+ZpSvBhFQCCEwMzdk, msg_index=354
[2026-02-19T22:58:38+08:00][info] 返回:{"status":true,"message":"发送完成，成功1个，失败0个[]","data":{"success":[{"group_id":3482989339,"group_link":"https:\/\/t.me\/+HZFEhfAwKjhmZDZk","type":"megagroup","message":"发送成功","message_id":30184}],"failed":[],"debug":["处理标识符: https:\/\/t.me\/+HZFEhfAwKjhmZDZk, 清理后: https:\/\/t.me\/+HZFEhfAwKjhmZDZk, 识别为链接: True, 识别为数字ID: False"],"warning":""},"api_address":"185.165.170.142:5062"}
[2026-02-19T22:58:38+08:00][info] 消息ID缓存成功: task_id=25, group_id=https://t.me/+HZFEhfAwKjhmZDZk, msg_index=1630, message_id=30184, send_user_id=2327
[2026-02-19T22:58:38+08:00][info] 消息状态标记为已发送: task_id=25, group_id=https://t.me/+HZFEhfAwKjhmZDZk, msg_index=1630
[2026-02-19T22:58:38+08:00][info] 任务 39 将在 100 秒后继续处理下一条消息，索引: 355, 实例ID: task_39_index_355_1771513118.7012
[2026-02-19T22:58:38+08:00][info] 任务 25 将在 98 秒后继续处理下一条消息，索引: 1631, 实例ID: task_25_index_1631_1771513118.7179
[2026-02-19T22:58:41+08:00][info] 开始处理队列任务: task_id=36, current_index=1666
[2026-02-19T22:58:42+08:00][info] 消息缓存初始化完成: task_id=36, groups=https://t.me/+o12qlRNkdiViMjE0
[2026-02-19T22:58:42+08:00][info] 任务 36 第 3 次循环，重置群组 https://t.me/+o12qlRNkdiViMjE0 消息状态
[2026-02-19T22:58:42+08:00][info] 使用消息配置中指定的用户 2546 的 session_path/www/wwwroot/tdata.tgbota.top/public/uploads/admin/202602/69862ac4b6550/818013403185/tdata/temp_8345809150.session
[2026-02-19T22:58:44+08:00][info] 返回:{"status":true,"message":"发送完成，成功1个，失败0个[]","data":{"success":[{"group_id":3479387283,"group_link":"https:\/\/t.me\/+o12qlRNkdiViMjE0","type":"megagroup","message":"发送成功","message_id":10311}],"failed":[],"debug":["处理标识符: https:\/\/t.me\/+o12qlRNkdiViMjE0, 清理后: https:\/\/t.me\/+o12qlRNkdiViMjE0, 识别为链接: True, 识别为数字ID: False","文件1有效: \/www\/wwwroot\/tdata.tgbota.top\/public\/uploads\/admin\/202512\/693ae4c14180b.jpg (23975字节)","发送单个文件: \/www\/wwwroot\/tdata.tgbota.top\/public\/uploads\/admin\/202512\/693ae4c14180b.jpg"],"warning":""},"api_address":"185.165.170.142:5130"}
[2026-02-19T22:58:44+08:00][info] 消息ID缓存成功: task_id=36, group_id=https://t.me/+o12qlRNkdiViMjE0, msg_index=1666, message_id=10311, send_user_id=2546
[2026-02-19T22:58:44+08:00][info] 消息状态标记为已发送: task_id=36, group_id=https://t.me/+o12qlRNkdiViMjE0, msg_index=1666
[2026-02-19T22:58:44+08:00][info] 任务 36 将在 91 秒后继续处理下一条消息，索引: 1667, 实例ID: task_36_index_1667_1771513124.1177
[2026-02-19T22:58:55+08:00][info] 开始处理队列任务: task_id=33, current_index=1502
[2026-02-19T22:58:55+08:00][info] 消息缓存初始化完成: task_id=33, groups=https://t.me/+wcqRUxDn6zczYmM0
[2026-02-19T22:58:55+08:00][info] 任务 33 第 2 次循环，重置群组 https://t.me/+wcqRUxDn6zczYmM0 消息状态
[2026-02-19T22:58:55+08:00][info] 使用当前发送用户 2418 的 session_path/www/wwwroot/tdata.tgbota.top/public/uploads/admin/202602/69862ac4b6550/818014389488/tdata/temp_8001677536.session
[2026-02-19T22:58:57+08:00][info] 返回:{"status":true,"message":"发送完成，成功1个，失败0个[]","data":{"success":[{"group_id":3658905404,"group_link":"https:\/\/t.me\/+wcqRUxDn6zczYmM0","type":"megagroup","message":"发送成功","message_id":10085}],"failed":[],"debug":["处理标识符: https:\/\/t.me\/+wcqRUxDn6zczYmM0, 清理后: https:\/\/t.me\/+wcqRUxDn6zczYmM0, 识别为链接: True, 识别为数字ID: False"],"warning":""},"api_address":"185.165.170.142:5002"}
[2026-02-19T22:58:57+08:00][info] 消息ID缓存成功: task_id=33, group_id=https://t.me/+wcqRUxDn6zczYmM0, msg_index=1502, message_id=10085, send_user_id=2418
[2026-02-19T22:58:57+08:00][info] 消息状态标记为已发送: task_id=33, group_id=https://t.me/+wcqRUxDn6zczYmM0, msg_index=1502
[2026-02-19T22:58:57+08:00][info] 任务 33 将在 80 秒后继续处理下一条消息，索引: 1503, 实例ID: task_33_index_1503_1771513137.4252
[2026-02-19T22:59:16+08:00][info] 开始处理队列任务: task_id=29, current_index=1631
[2026-02-19T22:59:17+08:00][info] 开始处理队列任务: task_id=31, current_index=1636
[2026-02-19T22:59:17+08:00][info] 消息缓存初始化完成: task_id=29, groups=https://t.me/+WZlsKfz1W89jYjE0
[2026-02-19T22:59:17+08:00][info] 任务 29 第 3 次循环，重置群组 https://t.me/+WZlsKfz1W89jYjE0 消息状态
[2026-02-19T22:59:17+08:00][info] 使用消息配置中指定的用户 2346 的 session_path/www/wwwroot/tdata.tgbota.top/public/uploads/admin/202601/6971e94ea480a/16156397771/tdata/temp_8341524335.session
[2026-02-19T22:59:17+08:00][info] 消息缓存初始化完成: task_id=31, groups=https://t.me/+4azhFwWhx1czMzE0
[2026-02-19T22:59:17+08:00][info] 任务 31 第 3 次循环，重置群组 https://t.me/+4azhFwWhx1czMzE0 消息状态
[2026-02-19T22:59:17+08:00][info] 使用feedbackType=1636的消息ID: 14488
[2026-02-19T22:59:17+08:00][info] 使用当前发送用户 2297 的 session_path/www/wwwroot/tdata.tgbota.top/public/uploads/admin/202601/6971e94ea480a/16073903254/tdata/temp_7941895315.session
[2026-02-19T22:59:19+08:00][info] 返回:{"status":true,"message":"发送完成，成功1个，失败0个[]","data":{"success":[{"group_id":3780502866,"group_link":"https:\/\/t.me\/+WZlsKfz1W89jYjE0","type":"megagroup","message":"发送成功","message_id":21725}],"failed":[],"debug":["处理标识符: https:\/\/t.me\/+WZlsKfz1W89jYjE0, 清理后: https:\/\/t.me\/+WZlsKfz1W89jYjE0, 识别为链接: True, 识别为数字ID: False"],"warning":""},"api_address":"185.165.170.142:5081"}
[2026-02-19T22:59:19+08:00][info] 消息ID缓存成功: task_id=29, group_id=https://t.me/+WZlsKfz1W89jYjE0, msg_index=1631, message_id=21725, send_user_id=2346
[2026-02-19T22:59:19+08:00][info] 消息状态标记为已发送: task_id=29, group_id=https://t.me/+WZlsKfz1W89jYjE0, msg_index=1631
[2026-02-19T22:59:19+08:00][info] 任务 29 将在 100 秒后继续处理下一条消息，索引: 1632, 实例ID: task_29_index_1632_1771513159.7279
[2026-02-19T22:59:20+08:00][info] 返回:{"status":true,"message":"发送完成，成功1个，失败0个[]","data":{"success":[{"group_id":3079998653,"group_link":"https:\/\/t.me\/+4azhFwWhx1czMzE0","type":"megagroup","message":"发送成功","message_id":14489}],"failed":[],"debug":["处理标识符: https:\/\/t.me\/+4azhFwWhx1czMzE0, 清理后: https:\/\/t.me\/+4azhFwWhx1czMzE0, 识别为链接: True, 识别为数字ID: False"],"warning":""},"api_address":"185.165.170.142:5032"}
[2026-02-19T22:59:20+08:00][info] 消息ID缓存成功: task_id=31, group_id=https://t.me/+4azhFwWhx1czMzE0, msg_index=1636, message_id=14489, send_user_id=2297
[2026-02-19T22:59:20+08:00][info] 消息状态标记为已发送: task_id=31, group_id=https://t.me/+4azhFwWhx1czMzE0, msg_index=1636
[2026-02-19T22:59:21+08:00][info] 任务 31 将在 98 秒后继续处理下一条消息，索引: 1637, 实例ID: task_31_index_1637_1771513161.1984
[2026-02-19T22:59:23+08:00][info] 开始处理队列任务: task_id=37, current_index=1703
[2026-02-19T22:59:24+08:00][info] 消息缓存初始化完成: task_id=37, groups=https://t.me/+DUAGbZI5vW41NWI8
[2026-02-19T22:59:24+08:00][info] 任务 37 第 3 次循环，重置群组 https://t.me/+DUAGbZI5vW41NWI8 消息状态
[2026-02-19T22:59:24+08:00][info] 使用当前发送用户 2430 的 session_path/www/wwwroot/tdata.tgbota.top/public/uploads/admin/202602/69862ac4b6550/818014390605/tdata/temp_8368623564.session
[2026-02-19T22:59:24+08:00][info] 开始处理队列任务: task_id=38, current_index=355
[2026-02-19T22:59:24+08:00][info] 从数据库获取用户 3061 的 session_path
[2026-02-19T22:59:25+08:00][info] 返回:{"status":true,"message":"发送完成，成功1个，失败0个[]","data":{"success":[{"group_id":3732578862,"group_link":"https:\/\/t.me\/+DUAGbZI5vW41NWI8","type":"megagroup","message":"发送成功","message_id":8477}],"failed":[],"debug":["处理标识符: https:\/\/t.me\/+DUAGbZI5vW41NWI8, 清理后: https:\/\/t.me\/+DUAGbZI5vW41NWI8, 识别为链接: True, 识别为数字ID: False"],"warning":""},"api_address":"185.165.170.142:5014"}
[2026-02-19T22:59:25+08:00][info] 消息ID缓存成功: task_id=37, group_id=https://t.me/+DUAGbZI5vW41NWI8, msg_index=1703, message_id=8477, send_user_id=2430
[2026-02-19T22:59:25+08:00][info] 消息状态标记为已发送: task_id=37, group_id=https://t.me/+DUAGbZI5vW41NWI8, msg_index=1703
[2026-02-19T22:59:25+08:00][info] 任务 37 将在 100 秒后继续处理下一条消息，索引: 1704, 实例ID: task_37_index_1704_1771513165.7838
[2026-02-19T22:59:26+08:00][info] 返回:{"status":true,"message":"发送完成，成功1个，失败0个[]","data":{"success":[{"group_id":3794396962,"group_link":"https:\/\/t.me\/+69dYKDni-wFmYWE0","type":"megagroup","message":"发送成功","message_id":507}],"failed":[],"debug":["处理标识符: https:\/\/t.me\/+69dYKDni-wFmYWE0, 清理后: https:\/\/t.me\/+69dYKDni-wFmYWE0, 识别为链接: True, 识别为数字ID: False"],"warning":""},"api_address":"185.165.170.142:5077"}
[2026-02-19T22:59:26+08:00][info] 消息ID缓存成功: task_id=38, group_id=https://t.me/+69dYKDni-wFmYWE0, msg_index=355, message_id=507, send_user_id=3061
[2026-02-19T22:59:26+08:00][info] 消息状态标记为已发送: task_id=38, group_id=https://t.me/+69dYKDni-wFmYWE0, msg_index=355
[2026-02-19T22:59:27+08:00][info] 开始处理队列任务: task_id=34, current_index=1503
[2026-02-19T22:59:27+08:00][info] 任务 38 将在 69 秒后继续处理下一条消息，索引: 356, 实例ID: task_38_index_356_1771513167.6762
[2026-02-19T22:59:27+08:00][info] 消息缓存初始化完成: task_id=34, groups=https://t.me/+CUyn8iqnQwEzNDY0
[2026-02-19T22:59:27+08:00][info] 任务 34 第 2 次循环，重置群组 https://t.me/+CUyn8iqnQwEzNDY0 消息状态
[2026-02-19T22:59:27+08:00][info] 使用当前发送用户 2417 的 session_path/www/wwwroot/tdata.tgbota.top/public/uploads/admin/202602/69862ac4b6550/817039604500/tdata/temp_8367348412.session
[2026-02-19T22:59:30+08:00][info] 返回:{"status":true,"message":"发送完成，成功1个，失败0个[]","data":{"success":[{"group_id":3719450736,"group_link":"https:\/\/t.me\/+CUyn8iqnQwEzNDY0","type":"megagroup","message":"发送成功","message_id":10247}],"failed":[],"debug":["处理标识符: https:\/\/t.me\/+CUyn8iqnQwEzNDY0, 清理后: https:\/\/t.me\/+CUyn8iqnQwEzNDY0, 识别为链接: True, 识别为数字ID: False"],"warning":""},"api_address":"185.165.170.142:5001"}
[2026-02-19T22:59:30+08:00][info] 消息ID缓存成功: task_id=34, group_id=https://t.me/+CUyn8iqnQwEzNDY0, msg_index=1503, message_id=10247, send_user_id=2417
[2026-02-19T22:59:30+08:00][info] 消息状态标记为已发送: task_id=34, group_id=https://t.me/+CUyn8iqnQwEzNDY0, msg_index=1503
[2026-02-19T22:59:30+08:00][info] 任务 34 将在 95 秒后继续处理下一条消息，索引: 1504, 实例ID: task_34_index_1504_1771513170.6047
[2026-02-19T22:59:32+08:00][info] 开始处理队列任务: task_id=40, current_index=353
[2026-02-19T22:59:32+08:00][info] 使用feedbackType=353的消息ID: 505
[2026-02-19T22:59:32+08:00][info] 使用消息配置中指定的用户 3067 的 session_path/www/wwwroot/tdata.tgbota.top/public/uploads/admin/202602/699625adf380f/14753818358/tdata/temp_8205159274.session
[2026-02-19T22:59:35+08:00][info] 返回:{"status":true,"message":"发送完成，成功1个，失败0个[]","data":{"success":[{"group_id":3799666589,"group_link":"https:\/\/t.me\/+IfyZ_OVthdI5YzNk","type":"megagroup","message":"发送成功","message_id":506}],"failed":[],"debug":["处理标识符: https:\/\/t.me\/+IfyZ_OVthdI5YzNk, 清理后: https:\/\/t.me\/+IfyZ_OVthdI5YzNk, 识别为链接: True, 识别为数字ID: False"],"warning":""},"api_address":"185.165.170.142:5083"}
[2026-02-19T22:59:35+08:00][info] 消息ID缓存成功: task_id=40, group_id=https://t.me/+IfyZ_OVthdI5YzNk, msg_index=353, message_id=506, send_user_id=3067
[2026-02-19T22:59:35+08:00][info] 消息状态标记为已发送: task_id=40, group_id=https://t.me/+IfyZ_OVthdI5YzNk, msg_index=353
[2026-02-19T22:59:35+08:00][info] 任务 40 将在 65 秒后继续处理下一条消息，索引: 354, 实例ID: task_40_index_354_1771513175.1438
[2026-02-19T22:59:41+08:00][info] 开始处理队列任务: task_id=27, current_index=1599
[2026-02-19T22:59:41+08:00][info] 消息缓存初始化完成: task_id=27, groups=https://t.me/+_XaTo9Qrv0VjOTM0
[2026-02-19T22:59:41+08:00][info] 任务 27 第 3 次循环，重置群组 https://t.me/+_XaTo9Qrv0VjOTM0 消息状态
[2026-02-19T22:59:41+08:00][info] 从数据库获取用户 2020 的 session_path
[2026-02-19T22:59:43+08:00][info] 返回:{"status":true,"message":"发送完成，成功1个，失败0个[]","data":{"success":[{"group_id":3649225144,"group_link":"https:\/\/t.me\/+_XaTo9Qrv0VjOTM0","type":"megagroup","message":"发送成功","message_id":33213}],"failed":[],"debug":["处理标识符: https:\/\/t.me\/+_XaTo9Qrv0VjOTM0, 清理后: https:\/\/t.me\/+_XaTo9Qrv0VjOTM0, 识别为链接: True, 识别为数字ID: False"],"warning":""},"api_address":"185.165.170.142:5057"}
[2026-02-19T22:59:43+08:00][info] 消息ID缓存成功: task_id=27, group_id=https://t.me/+_XaTo9Qrv0VjOTM0, msg_index=1599, message_id=33213, send_user_id=2020
[2026-02-19T22:59:43+08:00][info] 消息状态标记为已发送: task_id=27, group_id=https://t.me/+_XaTo9Qrv0VjOTM0, msg_index=1599
[2026-02-19T22:59:43+08:00][info] 任务 27 将在 98 秒后继续处理下一条消息，索引: 1600, 实例ID: task_27_index_1600_1771513183.9627
[2026-02-19T23:00:00+08:00][info] 开始处理队列任务: task_id=35, current_index=1716
[2026-02-19T23:00:00+08:00][info] 消息缓存初始化完成: task_id=35, groups=https://t.me/+BrIuI_-gkNhhYTE0
[2026-02-19T23:00:00+08:00][info] 任务 35 第 3 次循环，重置群组 https://t.me/+BrIuI_-gkNhhYTE0 消息状态
[2026-02-19T23:00:00+08:00][info] 使用消息配置中指定的用户 2556 的 session_path/www/wwwroot/tdata.tgbota.top/public/uploads/admin/202602/69862ac4b6550/817043240237/tdata/temp_8421323701.session
[2026-02-19T23:00:02+08:00][info] 返回:{"status":true,"message":"发送完成，成功1个，失败0个[]","data":{"success":[{"group_id":3646934744,"group_link":"https:\/\/t.me\/+BrIuI_-gkNhhYTE0","type":"megagroup","message":"发送成功","message_id":10300}],"failed":[],"debug":["处理标识符: https:\/\/t.me\/+BrIuI_-gkNhhYTE0, 清理后: https:\/\/t.me\/+BrIuI_-gkNhhYTE0, 识别为链接: True, 识别为数字ID: False"],"warning":""},"api_address":"185.165.170.142:5140"}
[2026-02-19T23:00:02+08:00][info] 消息ID缓存成功: task_id=35, group_id=https://t.me/+BrIuI_-gkNhhYTE0, msg_index=1716, message_id=10300, send_user_id=2556
[2026-02-19T23:00:02+08:00][info] 消息状态标记为已发送: task_id=35, group_id=https://t.me/+BrIuI_-gkNhhYTE0, msg_index=1716
[2026-02-19T23:00:02+08:00][info] 任务 35 将在 80 秒后继续处理下一条消息，索引: 1717, 实例ID: task_35_index_1717_1771513202.6197
[2026-02-19T23:00:15+08:00][info] 开始处理队列任务: task_id=36, current_index=1667
[2026-02-19T23:00:15+08:00][info] 消息缓存初始化完成: task_id=36, groups=https://t.me/+o12qlRNkdiViMjE0
[2026-02-19T23:00:15+08:00][info] 任务 36 第 3 次循环，重置群组 https://t.me/+o12qlRNkdiViMjE0 消息状态
[2026-02-19T23:00:15+08:00][info] 使用消息配置中指定的用户 2540 的 session_path/www/wwwroot/tdata.tgbota.top/public/uploads/admin/202602/69862ac4b6550/817026159834/tdata/temp_8402258779.session
[2026-02-19T23:00:16+08:00][info] 开始处理队列任务: task_id=25, current_index=1631
[2026-02-19T23:00:17+08:00][info] 消息缓存初始化完成: task_id=25, groups=https://t.me/+HZFEhfAwKjhmZDZk
[2026-02-19T23:00:17+08:00][info] 任务 25 第 3 次循环，重置群组 https://t.me/+HZFEhfAwKjhmZDZk 消息状态
[2026-02-19T23:00:17+08:00][info] 开始处理队列任务: task_id=33, current_index=1503
[2026-02-19T23:00:17+08:00][info] 使用消息配置中指定的用户 2346 的 session_path/www/wwwroot/tdata.tgbota.top/public/uploads/admin/202601/6971e94ea480a/16156397771/tdata/temp_8341524335.session
[2026-02-19T23:00:17+08:00][info] 消息缓存初始化完成: task_id=33, groups=https://t.me/+wcqRUxDn6zczYmM0
[2026-02-19T23:00:17+08:00][info] 任务 33 第 2 次循环，重置群组 https://t.me/+wcqRUxDn6zczYmM0 消息状态
[2026-02-19T23:00:17+08:00][info] 使用当前发送用户 2417 的 session_path/www/wwwroot/tdata.tgbota.top/public/uploads/admin/202602/69862ac4b6550/817039604500/tdata/temp_8367348412.session
[2026-02-19T23:00:17+08:00][info] 返回:{"status":true,"message":"发送完成，成功1个，失败0个[]","data":{"success":[{"group_id":3479387283,"group_link":"https:\/\/t.me\/+o12qlRNkdiViMjE0","type":"megagroup","message":"发送成功","message_id":10312}],"failed":[],"debug":["处理标识符: https:\/\/t.me\/+o12qlRNkdiViMjE0, 清理后: https:\/\/t.me\/+o12qlRNkdiViMjE0, 识别为链接: True, 识别为数字ID: False"],"warning":""},"api_address":"185.165.170.142:5124"}
[2026-02-19T23:00:17+08:00][info] 消息ID缓存成功: task_id=36, group_id=https://t.me/+o12qlRNkdiViMjE0, msg_index=1667, message_id=10312, send_user_id=2540
[2026-02-19T23:00:17+08:00][info] 消息状态标记为已发送: task_id=36, group_id=https://t.me/+o12qlRNkdiViMjE0, msg_index=1667
[2026-02-19T23:00:18+08:00][info] 任务 36 将在 81 秒后继续处理下一条消息，索引: 1668, 实例ID: task_36_index_1668_1771513218.0167
[2026-02-19T23:00:18+08:00][info] 开始处理队列任务: task_id=39, current_index=355
[2026-02-19T23:00:18+08:00][info] 使用消息配置中指定的用户 3061 的 session_path/www/wwwroot/tdata.tgbota.top/public/uploads/admin/202602/699625adf380f/14696352767/tdata/temp_8432743351.session
[2026-02-19T23:00:19+08:00][info] 返回:{"status":true,"message":"发送完成，成功1个，失败0个[]","data":{"success":[{"group_id":3658905404,"group_link":"https:\/\/t.me\/+wcqRUxDn6zczYmM0","type":"megagroup","message":"发送成功","message_id":10086}],"failed":[],"debug":["处理标识符: https:\/\/t.me\/+wcqRUxDn6zczYmM0, 清理后: https:\/\/t.me\/+wcqRUxDn6zczYmM0, 识别为链接: True, 识别为数字ID: False"],"warning":""},"api_address":"185.165.170.142:5001"}
[2026-02-19T23:00:19+08:00][info] 消息ID缓存成功: task_id=33, group_id=https://t.me/+wcqRUxDn6zczYmM0, msg_index=1503, message_id=10086, send_user_id=2417
[2026-02-19T23:00:19+08:00][info] 消息状态标记为已发送: task_id=33, group_id=https://t.me/+wcqRUxDn6zczYmM0, msg_index=1503
[2026-02-19T23:00:19+08:00][info] 任务 33 将在 95 秒后继续处理下一条消息，索引: 1504, 实例ID: task_33_index_1504_1771513219.7127
[2026-02-19T23:00:19+08:00][info] 返回:{"status":true,"message":"发送完成，成功1个，失败0个[]","data":{"success":[{"group_id":3482989339,"group_link":"https:\/\/t.me\/+HZFEhfAwKjhmZDZk","type":"megagroup","message":"发送成功","message_id":30185}],"failed":[],"debug":["处理标识符: https:\/\/t.me\/+HZFEhfAwKjhmZDZk, 清理后: https:\/\/t.me\/+HZFEhfAwKjhmZDZk, 识别为链接: True, 识别为数字ID: False"],"warning":""},"api_address":"185.165.170.142:5081"}
[2026-02-19T23:00:19+08:00][info] 消息ID缓存成功: task_id=25, group_id=https://t.me/+HZFEhfAwKjhmZDZk, msg_index=1631, message_id=30185, send_user_id=2346
[2026-02-19T23:00:19+08:00][info] 消息状态标记为已发送: task_id=25, group_id=https://t.me/+HZFEhfAwKjhmZDZk, msg_index=1631
[2026-02-19T23:00:19+08:00][info] 任务 25 将在 100 秒后继续处理下一条消息，索引: 1632, 实例ID: task_25_index_1632_1771513219.7717
[2026-02-19T23:00:20+08:00][info] 返回:{"status":true,"message":"发送完成，成功1个，失败0个[]","data":{"success":[{"group_id":3770869551,"group_link":"https:\/\/t.me\/+ZpSvBhFQCCEwMzdk","type":"megagroup","message":"发送成功","message_id":507}],"failed":[],"debug":["处理标识符: https:\/\/t.me\/+ZpSvBhFQCCEwMzdk, 清理后: https:\/\/t.me\/+ZpSvBhFQCCEwMzdk, 识别为链接: True, 识别为数字ID: False"],"warning":""},"api_address":"185.165.170.142:5077"}
[2026-02-19T23:00:20+08:00][info] 消息ID缓存成功: task_id=39, group_id=https://t.me/+ZpSvBhFQCCEwMzdk, msg_index=355, message_id=507, send_user_id=3061
[2026-02-19T23:00:20+08:00][info] 消息状态标记为已发送: task_id=39, group_id=https://t.me/+ZpSvBhFQCCEwMzdk, msg_index=355
[2026-02-19T23:00:22+08:00][info] 任务 39 将在 69 秒后继续处理下一条消息，索引: 356, 实例ID: task_39_index_356_1771513222.2312
[2026-02-19T23:00:36+08:00][info] 开始处理队列任务: task_id=38, current_index=356
[2026-02-19T23:00:36+08:00][info] 使用消息配置中指定的用户 3061 的 session_path/www/wwwroot/tdata.tgbota.top/public/uploads/admin/202602/699625adf380f/14696352767/tdata/temp_8432743351.session
[2026-02-19T23:00:38+08:00][info] 开始处理队列任务: task_id=28, current_index=1636
[2026-02-19T23:00:38+08:00][info] 消息缓存初始化完成: task_id=28, groups=https://t.me/+Hg62NsrbOCZmZmY8
[2026-02-19T23:00:38+08:00][info] 任务 28 第 3 次循环，重置群组 https://t.me/+Hg62NsrbOCZmZmY8 消息状态
[2026-02-19T23:00:38+08:00][info] 使用feedbackType=1636的消息ID: 21666
[2026-02-19T23:00:38+08:00][info] 使用当前发送用户 2297 的 session_path/www/wwwroot/tdata.tgbota.top/public/uploads/admin/202601/6971e94ea480a/16073903254/tdata/temp_7941895315.session
[2026-02-19T23:00:39+08:00][info] 返回:{"status":true,"message":"发送完成，成功1个，失败0个[]","data":{"success":[{"group_id":3794396962,"group_link":"https:\/\/t.me\/+69dYKDni-wFmYWE0","type":"megagroup","message":"发送成功","message_id":508}],"failed":[],"debug":["处理标识符: https:\/\/t.me\/+69dYKDni-wFmYWE0, 清理后: https:\/\/t.me\/+69dYKDni-wFmYWE0, 识别为链接: True, 识别为数字ID: False"],"warning":""},"api_address":"185.165.170.142:5077"}
[2026-02-19T23:00:39+08:00][info] 消息ID缓存成功: task_id=38, group_id=https://t.me/+69dYKDni-wFmYWE0, msg_index=356, message_id=508, send_user_id=3061
[2026-02-19T23:00:39+08:00][info] 消息状态标记为已发送: task_id=38, group_id=https://t.me/+69dYKDni-wFmYWE0, msg_index=356
[2026-02-19T23:00:39+08:00][info] 任务 38 将在 109 秒后继续处理下一条消息，索引: 357, 实例ID: task_38_index_357_1771513239.3372
[2026-02-19T23:00:40+08:00][info] 开始处理队列任务: task_id=40, current_index=354
[2026-02-19T23:00:40+08:00][info] 使用当前发送用户 3029 的 session_path/www/wwwroot/tdata.tgbota.top/public/uploads/admin/202602/699625adf380f/14632952838/tdata/temp_8232193079.session
[2026-02-19T23:00:41+08:00][info] 返回:{"status":true,"message":"发送完成，成功1个，失败0个[]","data":{"success":[{"group_id":3657218256,"group_link":"https:\/\/t.me\/+Hg62NsrbOCZmZmY8","type":"megagroup","message":"发送成功","message_id":21667}],"failed":[],"debug":["处理标识符: https:\/\/t.me\/+Hg62NsrbOCZmZmY8, 清理后: https:\/\/t.me\/+Hg62NsrbOCZmZmY8, 识别为链接: True, 识别为数字ID: False"],"warning":""},"api_address":"185.165.170.142:5032"}
[2026-02-19T23:00:41+08:00][info] 消息ID缓存成功: task_id=28, group_id=https://t.me/+Hg62NsrbOCZmZmY8, msg_index=1636, message_id=21667, send_user_id=2297
[2026-02-19T23:00:41+08:00][info] 消息状态标记为已发送: task_id=28, group_id=https://t.me/+Hg62NsrbOCZmZmY8, msg_index=1636
[2026-02-19T23:00:41+08:00][info] 任务 28 将在 98 秒后继续处理下一条消息，索引: 1637, 实例ID: task_28_index_1637_1771513241.7392
[2026-02-19T23:00:42+08:00][info] 返回:{"status":true,"message":"发送完成，成功1个，失败0个[]","data":{"success":[{"group_id":3799666589,"group_link":"https:\/\/t.me\/+IfyZ_OVthdI5YzNk","type":"megagroup","message":"发送成功","message_id":507}],"failed":[],"debug":["处理标识符: https:\/\/t.me\/+IfyZ_OVthdI5YzNk, 清理后: https:\/\/t.me\/+IfyZ_OVthdI5YzNk, 识别为链接: True, 识别为数字ID: False"],"warning":""},"api_address":"185.165.170.142:5045"}
[2026-02-19T23:00:42+08:00][info] 消息ID缓存成功: task_id=40, group_id=https://t.me/+IfyZ_OVthdI5YzNk, msg_index=354, message_id=507, send_user_id=3029
[2026-02-19T23:00:42+08:00][info] 消息状态标记为已发送: task_id=40, group_id=https://t.me/+IfyZ_OVthdI5YzNk, msg_index=354
[2026-02-19T23:00:43+08:00][info] 任务 40 将在 100 秒后继续处理下一条消息，索引: 355, 实例ID: task_40_index_355_1771513243.0609
[2026-02-19T23:00:59+08:00][info] 开始处理队列任务: task_id=29, current_index=1632
[2026-02-19T23:00:59+08:00][info] 开始处理队列任务: task_id=31, current_index=1637
[2026-02-19T23:00:59+08:00][info] 消息缓存初始化完成: task_id=29, groups=https://t.me/+WZlsKfz1W89jYjE0
[2026-02-19T23:00:59+08:00][info] 任务 29 第 3 次循环，重置群组 https://t.me/+WZlsKfz1W89jYjE0 消息状态
[2026-02-19T23:00:59+08:00][info] 消息缓存初始化完成: task_id=31, groups=https://t.me/+4azhFwWhx1czMzE0
[2026-02-19T23:00:59+08:00][info] 任务 31 第 3 次循环，重置群组 https://t.me/+4azhFwWhx1czMzE0 消息状态
[2026-02-19T23:00:59+08:00][info] 使用消息配置中指定的用户 2333 的 session_path/www/wwwroot/tdata.tgbota.top/public/uploads/admin/202601/6971e94ea480a/16099937945/tdata/temp_8413937240.session
[2026-02-19T23:00:59+08:00][info] 使用feedbackType=1637的消息ID: 14489
[2026-02-19T23:00:59+08:00][info] 使用消息配置中指定的用户 2309 的 session_path/www/wwwroot/tdata.tgbota.top/public/uploads/admin/202601/6971e94ea480a/16089418429/tdata/temp_8445235222.session
[2026-02-19T23:01:02+08:00][info] 返回:{"status":true,"message":"发送完成，成功1个，失败0个[]","data":{"success":[{"group_id":3079998653,"group_link":"https:\/\/t.me\/+4azhFwWhx1czMzE0","type":"megagroup","message":"发送成功","message_id":14490}],"failed":[],"debug":["处理标识符: https:\/\/t.me\/+4azhFwWhx1czMzE0, 清理后: https:\/\/t.me\/+4azhFwWhx1czMzE0, 识别为链接: True, 识别为数字ID: False"],"warning":""},"api_address":"185.165.170.142:5044"}
[2026-02-19T23:01:02+08:00][info] 消息ID缓存成功: task_id=31, group_id=https://t.me/+4azhFwWhx1czMzE0, msg_index=1637, message_id=14490, send_user_id=2309
[2026-02-19T23:01:02+08:00][info] 消息状态标记为已发送: task_id=31, group_id=https://t.me/+4azhFwWhx1czMzE0, msg_index=1637
[2026-02-19T23:01:02+08:00][info] 返回:{"status":true,"message":"发送完成，成功1个，失败0个[]","data":{"success":[{"group_id":3780502866,"group_link":"https:\/\/t.me\/+WZlsKfz1W89jYjE0","type":"megagroup","message":"发送成功","message_id":21726}],"failed":[],"debug":["处理标识符: https:\/\/t.me\/+WZlsKfz1W89jYjE0, 清理后: https:\/\/t.me\/+WZlsKfz1W89jYjE0, 识别为链接: True, 识别为数字ID: False"],"warning":""},"api_address":"185.165.170.142:5068"}
[2026-02-19T23:01:02+08:00][info] 消息ID缓存成功: task_id=29, group_id=https://t.me/+WZlsKfz1W89jYjE0, msg_index=1632, message_id=21726, send_user_id=2333
[2026-02-19T23:01:02+08:00][info] 消息状态标记为已发送: task_id=29, group_id=https://t.me/+WZlsKfz1W89jYjE0, msg_index=1632
[2026-02-19T23:01:02+08:00][info] 任务 31 将在 78 秒后继续处理下一条消息，索引: 1638, 实例ID: task_31_index_1638_1771513262.2767
[2026-02-19T23:01:02+08:00][info] 任务 29 将在 90 秒后继续处理下一条消息，索引: 1633, 实例ID: task_29_index_1633_1771513262.2895
[2026-02-19T23:01:05+08:00][info] 开始处理队列任务: task_id=34, current_index=1504
[2026-02-19T23:01:05+08:00][info] 开始处理队列任务: task_id=37, current_index=1704
[2026-02-19T23:01:05+08:00][info] 消息缓存初始化完成: task_id=34, groups=https://t.me/+CUyn8iqnQwEzNDY0
[2026-02-19T23:01:05+08:00][info] 任务 34 第 2 次循环，重置群组 https://t.me/+CUyn8iqnQwEzNDY0 消息状态
[2026-02-19T23:01:05+08:00][info] 使用消息配置中指定的用户 2546 的 session_path/www/wwwroot/tdata.tgbota.top/public/uploads/admin/202602/69862ac4b6550/818013403185/tdata/temp_8345809150.session
[2026-02-19T23:01:05+08:00][info] 消息缓存初始化完成: task_id=37, groups=https://t.me/+DUAGbZI5vW41NWI8
[2026-02-19T23:01:05+08:00][info] 任务 37 第 3 次循环，重置群组 https://t.me/+DUAGbZI5vW41NWI8 消息状态
[2026-02-19T23:01:05+08:00][info] 使用feedbackType=1702的消息ID: 8475
[2026-02-19T23:01:05+08:00][info] 使用消息配置中指定的用户 2474 的 session_path/www/wwwroot/tdata.tgbota.top/public/uploads/admin/202602/69862ac4b6550/817039604873/tdata/temp_8593867136.session
[2026-02-19T23:01:07+08:00][info] 返回:{"status":true,"message":"发送完成，成功1个，失败0个[]","data":{"success":[{"group_id":3719450736,"group_link":"https:\/\/t.me\/+CUyn8iqnQwEzNDY0","type":"megagroup","message":"发送成功","message_id":10248}],"failed":[],"debug":["处理标识符: https:\/\/t.me\/+CUyn8iqnQwEzNDY0, 清理后: https:\/\/t.me\/+CUyn8iqnQwEzNDY0, 识别为链接: True, 识别为数字ID: False"],"warning":""},"api_address":"185.165.170.142:5130"}
[2026-02-19T23:01:07+08:00][info] 消息ID缓存成功: task_id=34, group_id=https://t.me/+CUyn8iqnQwEzNDY0, msg_index=1504, message_id=10248, send_user_id=2546
[2026-02-19T23:01:07+08:00][info] 消息状态标记为已发送: task_id=34, group_id=https://t.me/+CUyn8iqnQwEzNDY0, msg_index=1504
[2026-02-19T23:01:07+08:00][info] 任务 34 将在 100 秒后继续处理下一条消息，索引: 1505, 实例ID: task_34_index_1505_1771513267.3637
[2026-02-19T23:01:08+08:00][info] 返回:{"status":true,"message":"发送完成，成功1个，失败0个[]","data":{"success":[{"group_id":3732578862,"group_link":"https:\/\/t.me\/+DUAGbZI5vW41NWI8","type":"megagroup","message":"发送成功","message_id":8478}],"failed":[],"debug":["处理标识符: https:\/\/t.me\/+DUAGbZI5vW41NWI8, 清理后: https:\/\/t.me\/+DUAGbZI5vW41NWI8, 识别为链接: True, 识别为数字ID: False","文件1有效: \/www\/wwwroot\/tdata.tgbota.top\/public\/uploads\/admin\/202512\/693ae3bfb03c1.jpg (36563字节)","发送单个文件: \/www\/wwwroot\/tdata.tgbota.top\/public\/uploads\/admin\/202512\/693ae3bfb03c1.jpg"],"warning":""},"api_address":"185.165.170.142:5058"}
[2026-02-19T23:01:08+08:00][info] 消息ID缓存成功: task_id=37, group_id=https://t.me/+DUAGbZI5vW41NWI8, msg_index=1704, message_id=8478, send_user_id=2474
[2026-02-19T23:01:08+08:00][info] 消息状态标记为已发送: task_id=37, group_id=https://t.me/+DUAGbZI5vW41NWI8, msg_index=1704
[2026-02-19T23:01:08+08:00][info] 任务 37 将在 108 秒后继续处理下一条消息，索引: 1705, 实例ID: task_37_index_1705_1771513268.7753
[2026-02-19T23:01:21+08:00][info] 开始处理队列任务: task_id=27, current_index=1600
[2026-02-19T23:01:21+08:00][info] 消息缓存初始化完成: task_id=27, groups=https://t.me/+_XaTo9Qrv0VjOTM0
[2026-02-19T23:01:21+08:00][info] 任务 27 第 3 次循环，重置群组 https://t.me/+_XaTo9Qrv0VjOTM0 消息状态
[2026-02-19T23:01:21+08:00][info] 使用消息配置中指定的用户 1981 的 session_path/www/wwwroot/tdata.tgbota.top/public/uploads/admin/202601/6960a58a3f18c/13609967433/tdata/temp_8377468490.session
[2026-02-19T23:01:22+08:00][info] 开始处理队列任务: task_id=35, current_index=1717
[2026-02-19T23:01:22+08:00][info] 消息缓存初始化完成: task_id=35, groups=https://t.me/+BrIuI_-gkNhhYTE0
[2026-02-19T23:01:22+08:00][info] 任务 35 第 3 次循环，重置群组 https://t.me/+BrIuI_-gkNhhYTE0 消息状态
[2026-02-19T23:01:22+08:00][info] 从数据库获取用户 2555 的 session_path
[2026-02-19T23:01:24+08:00][info] 返回:{"status":true,"message":"发送完成，成功1个，失败0个[]","data":{"success":[{"group_id":3646934744,"group_link":"https:\/\/t.me\/+BrIuI_-gkNhhYTE0","type":"megagroup","message":"发送成功","message_id":10301}],"failed":[],"debug":["处理标识符: https:\/\/t.me\/+BrIuI_-gkNhhYTE0, 清理后: https:\/\/t.me\/+BrIuI_-gkNhhYTE0, 识别为链接: True, 识别为数字ID: False"],"warning":""},"api_address":"185.165.170.142:5139"}
[2026-02-19T23:01:24+08:00][info] 消息ID缓存成功: task_id=35, group_id=https://t.me/+BrIuI_-gkNhhYTE0, msg_index=1717, message_id=10301, send_user_id=2555
[2026-02-19T23:01:24+08:00][info] 消息状态标记为已发送: task_id=35, group_id=https://t.me/+BrIuI_-gkNhhYTE0, msg_index=1717
[2026-02-19T23:01:24+08:00][info] 任务 35 将在 90 秒后继续处理下一条消息，索引: 1718, 实例ID: task_35_index_1718_1771513284.1533
[2026-02-19T23:01:24+08:00][info] 返回:{"status":true,"message":"发送完成，成功1个，失败0个[]","data":{"success":[{"group_id":3649225144,"group_link":"https:\/\/t.me\/+_XaTo9Qrv0VjOTM0","type":"megagroup","message":"发送成功","message_id":33214}],"failed":[],"debug":["处理标识符: https:\/\/t.me\/+_XaTo9Qrv0VjOTM0, 清理后: https:\/\/t.me\/+_XaTo9Qrv0VjOTM0, 识别为链接: True, 识别为数字ID: False"],"warning":""},"api_address":"185.165.170.142:5018"}
[2026-02-19T23:01:24+08:00][info] 消息ID缓存成功: task_id=27, group_id=https://t.me/+_XaTo9Qrv0VjOTM0, msg_index=1600, message_id=33214, send_user_id=1981
[2026-02-19T23:01:24+08:00][info] 消息状态标记为已发送: task_id=27, group_id=https://t.me/+_XaTo9Qrv0VjOTM0, msg_index=1600
[2026-02-19T23:01:24+08:00][info] 任务 27 将在 79 秒后继续处理下一条消息，索引: 1601, 实例ID: task_27_index_1601_1771513284.1918
[2026-02-19T23:01:31+08:00][info] 开始处理队列任务: task_id=39, current_index=356
[2026-02-19T23:01:31+08:00][info] 使用消息配置中指定的用户 3061 的 session_path/www/wwwroot/tdata.tgbota.top/public/uploads/admin/202602/699625adf380f/14696352767/tdata/temp_8432743351.session
[2026-02-19T23:01:34+08:00][info] 返回:{"status":true,"message":"发送完成，成功1个，失败0个[]","data":{"success":[{"group_id":3770869551,"group_link":"https:\/\/t.me\/+ZpSvBhFQCCEwMzdk","type":"megagroup","message":"发送成功","message_id":508}],"failed":[],"debug":["处理标识符: https:\/\/t.me\/+ZpSvBhFQCCEwMzdk, 清理后: https:\/\/t.me\/+ZpSvBhFQCCEwMzdk, 识别为链接: True, 识别为数字ID: False"],"warning":""},"api_address":"185.165.170.142:5077"}
[2026-02-19T23:01:34+08:00][info] 消息ID缓存成功: task_id=39, group_id=https://t.me/+ZpSvBhFQCCEwMzdk, msg_index=356, message_id=508, send_user_id=3061
[2026-02-19T23:01:34+08:00][info] 消息状态标记为已发送: task_id=39, group_id=https://t.me/+ZpSvBhFQCCEwMzdk, msg_index=356
[2026-02-19T23:01:34+08:00][info] 任务 39 将在 109 秒后继续处理下一条消息，索引: 357, 实例ID: task_39_index_357_1771513294.0354
[2026-02-19T23:01:39+08:00][info] 开始处理队列任务: task_id=36, current_index=1668
[2026-02-19T23:01:39+08:00][info] 消息缓存初始化完成: task_id=36, groups=https://t.me/+o12qlRNkdiViMjE0
[2026-02-19T23:01:39+08:00][info] 任务 36 第 3 次循环，重置群组 https://t.me/+o12qlRNkdiViMjE0 消息状态
[2026-02-19T23:01:39+08:00][info] 使用消息配置中指定的用户 2546 的 session_path/www/wwwroot/tdata.tgbota.top/public/uploads/admin/202602/69862ac4b6550/818013403185/tdata/temp_8345809150.session
[2026-02-19T23:01:41+08:00][info] 返回:{"status":true,"message":"发送完成，成功1个，失败0个[]","data":{"success":[{"group_id":3479387283,"group_link":"https:\/\/t.me\/+o12qlRNkdiViMjE0","type":"megagroup","message":"发送成功","message_id":10313}],"failed":[],"debug":["处理标识符: https:\/\/t.me\/+o12qlRNkdiViMjE0, 清理后: https:\/\/t.me\/+o12qlRNkdiViMjE0, 识别为链接: True, 识别为数字ID: False"],"warning":""},"api_address":"185.165.170.142:5130"}
[2026-02-19T23:01:41+08:00][info] 消息ID缓存成功: task_id=36, group_id=https://t.me/+o12qlRNkdiViMjE0, msg_index=1668, message_id=10313, send_user_id=2546
[2026-02-19T23:01:41+08:00][info] 消息状态标记为已发送: task_id=36, group_id=https://t.me/+o12qlRNkdiViMjE0, msg_index=1668
[2026-02-19T23:01:41+08:00][info] 任务 36 将在 65 秒后继续处理下一条消息，索引: 1669, 实例ID: task_36_index_1669_1771513301.2019
[2026-02-19T23:01:54+08:00][info] 开始处理队列任务: task_id=33, current_index=1504
[2026-02-19T23:01:54+08:00][info] 消息缓存初始化完成: task_id=33, groups=https://t.me/+wcqRUxDn6zczYmM0
[2026-02-19T23:01:54+08:00][info] 任务 33 第 2 次循环，重置群组 https://t.me/+wcqRUxDn6zczYmM0 消息状态
[2026-02-19T23:01:54+08:00][info] 使用消息配置中指定的用户 2546 的 session_path/www/wwwroot/tdata.tgbota.top/public/uploads/admin/202602/69862ac4b6550/818013403185/tdata/temp_8345809150.session
[2026-02-19T23:01:56+08:00][info] 返回:{"status":true,"message":"发送完成，成功1个，失败0个[]","data":{"success":[{"group_id":3658905404,"group_link":"https:\/\/t.me\/+wcqRUxDn6zczYmM0","type":"megagroup","message":"发送成功","message_id":10087}],"failed":[],"debug":["处理标识符: https:\/\/t.me\/+wcqRUxDn6zczYmM0, 清理后: https:\/\/t.me\/+wcqRUxDn6zczYmM0, 识别为链接: True, 识别为数字ID: False"],"warning":""},"api_address":"185.165.170.142:5130"}
[2026-02-19T23:01:56+08:00][info] 消息ID缓存成功: task_id=33, group_id=https://t.me/+wcqRUxDn6zczYmM0, msg_index=1504, message_id=10087, send_user_id=2546
[2026-02-19T23:01:56+08:00][info] 消息状态标记为已发送: task_id=33, group_id=https://t.me/+wcqRUxDn6zczYmM0, msg_index=1504
[2026-02-19T23:01:56+08:00][info] 任务 33 将在 100 秒后继续处理下一条消息，索引: 1505, 实例ID: task_33_index_1505_1771513316.3124
[2026-02-19T23:01:59+08:00][info] 开始处理队列任务: task_id=25, current_index=1632
[2026-02-19T23:01:59+08:00][info] 消息缓存初始化完成: task_id=25, groups=https://t.me/+HZFEhfAwKjhmZDZk
[2026-02-19T23:01:59+08:00][info] 任务 25 第 3 次循环，重置群组 https://t.me/+HZFEhfAwKjhmZDZk 消息状态
[2026-02-19T23:01:59+08:00][info] 使用消息配置中指定的用户 2333 的 session_path/www/wwwroot/tdata.tgbota.top/public/uploads/admin/202601/6971e94ea480a/16099937945/tdata/temp_8413937240.session
[2026-02-19T23:02:01+08:00][info] 返回:{"status":true,"message":"发送完成，成功1个，失败0个[]","data":{"success":[{"group_id":3482989339,"group_link":"https:\/\/t.me\/+HZFEhfAwKjhmZDZk","type":"megagroup","message":"发送成功","message_id":30186}],"failed":[],"debug":["处理标识符: https:\/\/t.me\/+HZFEhfAwKjhmZDZk, 清理后: https:\/\/t.me\/+HZFEhfAwKjhmZDZk, 识别为链接: True, 识别为数字ID: False"],"warning":""},"api_address":"185.165.170.142:5068"}
[2026-02-19T23:02:01+08:00][info] 消息ID缓存成功: task_id=25, group_id=https://t.me/+HZFEhfAwKjhmZDZk, msg_index=1632, message_id=30186, send_user_id=2333
[2026-02-19T23:02:01+08:00][info] 消息状态标记为已发送: task_id=25, group_id=https://t.me/+HZFEhfAwKjhmZDZk, msg_index=1632
[2026-02-19T23:02:01+08:00][info] 任务 25 将在 90 秒后继续处理下一条消息，索引: 1633, 实例ID: task_25_index_1633_1771513321.9728
[2026-02-19T23:02:19+08:00][info] 开始处理队列任务: task_id=28, current_index=1637
[2026-02-19T23:02:19+08:00][info] 消息缓存初始化完成: task_id=28, groups=https://t.me/+Hg62NsrbOCZmZmY8
[2026-02-19T23:02:19+08:00][info] 任务 28 第 3 次循环，重置群组 https://t.me/+Hg62NsrbOCZmZmY8 消息状态
[2026-02-19T23:02:19+08:00][info] 使用feedbackType=1637的消息ID: 21667
[2026-02-19T23:02:19+08:00][info] 使用消息配置中指定的用户 2309 的 session_path/www/wwwroot/tdata.tgbota.top/public/uploads/admin/202601/6971e94ea480a/16089418429/tdata/temp_8445235222.session
[2026-02-19T23:02:20+08:00][info] 开始处理队列任务: task_id=31, current_index=1638
[2026-02-19T23:02:20+08:00][info] 消息缓存初始化完成: task_id=31, groups=https://t.me/+4azhFwWhx1czMzE0
[2026-02-19T23:02:20+08:00][info] 任务 31 第 3 次循环，重置群组 https://t.me/+4azhFwWhx1czMzE0 消息状态
[2026-02-19T23:02:20+08:00][info] 使用消息配置中指定的用户 2314 的 session_path/www/wwwroot/tdata.tgbota.top/public/uploads/admin/202601/6971e94ea480a/16095962673/tdata/temp_8022478339.session
[2026-02-19T23:02:22+08:00][info] 返回:{"status":true,"message":"发送完成，成功1个，失败0个[]","data":{"success":[{"group_id":3657218256,"group_link":"https:\/\/t.me\/+Hg62NsrbOCZmZmY8","type":"megagroup","message":"发送成功","message_id":21668}],"failed":[],"debug":["处理标识符: https:\/\/t.me\/+Hg62NsrbOCZmZmY8, 清理后: https:\/\/t.me\/+Hg62NsrbOCZmZmY8, 识别为链接: True, 识别为数字ID: False"],"warning":""},"api_address":"185.165.170.142:5044"}
[2026-02-19T23:02:22+08:00][info] 消息ID缓存成功: task_id=28, group_id=https://t.me/+Hg62NsrbOCZmZmY8, msg_index=1637, message_id=21668, send_user_id=2309
[2026-02-19T23:02:22+08:00][info] 消息状态标记为已发送: task_id=28, group_id=https://t.me/+Hg62NsrbOCZmZmY8, msg_index=1637
[2026-02-19T23:02:22+08:00][info] 任务 28 将在 78 秒后继续处理下一条消息，索引: 1638, 实例ID: task_28_index_1638_1771513342.4625
[2026-02-19T23:02:23+08:00][info] 返回:{"status":true,"message":"发送完成，成功1个，失败0个[]","data":{"success":[{"group_id":3079998653,"group_link":"https:\/\/t.me\/+4azhFwWhx1czMzE0","type":"megagroup","message":"发送成功","message_id":14491}],"failed":[],"debug":["处理标识符: https:\/\/t.me\/+4azhFwWhx1czMzE0, 清理后: https:\/\/t.me\/+4azhFwWhx1czMzE0, 识别为链接: True, 识别为数字ID: False"],"warning":""},"api_address":"185.165.170.142:5049"}
[2026-02-19T23:02:23+08:00][info] 消息ID缓存成功: task_id=31, group_id=https://t.me/+4azhFwWhx1czMzE0, msg_index=1638, message_id=14491, send_user_id=2314
[2026-02-19T23:02:23+08:00][info] 消息状态标记为已发送: task_id=31, group_id=https://t.me/+4azhFwWhx1czMzE0, msg_index=1638
[2026-02-19T23:02:23+08:00][info] 开始处理队列任务: task_id=40, current_index=355
[2026-02-19T23:02:23+08:00][info] 任务 31 将在 100 秒后继续处理下一条消息，索引: 1639, 实例ID: task_31_index_1639_1771513343.7949
[2026-02-19T23:02:23+08:00][info] 使用消息配置中指定的用户 3061 的 session_path/www/wwwroot/tdata.tgbota.top/public/uploads/admin/202602/699625adf380f/14696352767/tdata/temp_8432743351.session
[2026-02-19T23:02:26+08:00][info] 返回:{"status":true,"message":"发送完成，成功1个，失败0个[]","data":{"success":[{"group_id":3799666589,"group_link":"https:\/\/t.me\/+IfyZ_OVthdI5YzNk","type":"megagroup","message":"发送成功","message_id":508}],"failed":[],"debug":["处理标识符: https:\/\/t.me\/+IfyZ_OVthdI5YzNk, 清理后: https:\/\/t.me\/+IfyZ_OVthdI5YzNk, 识别为链接: True, 识别为数字ID: False"],"warning":""},"api_address":"185.165.170.142:5077"}
[2026-02-19T23:02:26+08:00][info] 消息ID缓存成功: task_id=40, group_id=https://t.me/+IfyZ_OVthdI5YzNk, msg_index=355, message_id=508, send_user_id=3061
[2026-02-19T23:02:26+08:00][info] 消息状态标记为已发送: task_id=40, group_id=https://t.me/+IfyZ_OVthdI5YzNk, msg_index=355
[2026-02-19T23:02:26+08:00][info] 任务 40 将在 69 秒后继续处理下一条消息，索引: 356, 实例ID: task_40_index_356_1771513346.3895
[2026-02-19T23:02:28+08:00][info] 开始处理队列任务: task_id=38, current_index=357
[2026-02-19T23:02:28+08:00][info] 使用消息配置中指定的用户 3054 的 session_path/www/wwwroot/tdata.tgbota.top/public/uploads/admin/202602/699625adf380f/14642493499/tdata/temp_8457856345.session
[2026-02-19T23:02:31+08:00][info] 返回:{"status":true,"message":"发送完成，成功1个，失败0个[]","data":{"success":[{"group_id":3794396962,"group_link":"https:\/\/t.me\/+69dYKDni-wFmYWE0","type":"megagroup","message":"发送成功","message_id":509}],"failed":[],"debug":["处理标识符: https:\/\/t.me\/+69dYKDni-wFmYWE0, 清理后: https:\/\/t.me\/+69dYKDni-wFmYWE0, 识别为链接: True, 识别为数字ID: False"],"warning":""},"api_address":"185.165.170.142:5070"}
[2026-02-19T23:02:31+08:00][info] 消息ID缓存成功: task_id=38, group_id=https://t.me/+69dYKDni-wFmYWE0, msg_index=357, message_id=509, send_user_id=3054
[2026-02-19T23:02:31+08:00][info] 消息状态标记为已发送: task_id=38, group_id=https://t.me/+69dYKDni-wFmYWE0, msg_index=357
[2026-02-19T23:02:31+08:00][info] 任务 38 将在 75 秒后继续处理下一条消息，索引: 358, 实例ID: task_38_index_358_1771513351.0367
[2026-02-19T23:02:32+08:00][info] 开始处理队列任务: task_id=29, current_index=1633
[2026-02-19T23:02:32+08:00][info] 消息缓存初始化完成: task_id=29, groups=https://t.me/+WZlsKfz1W89jYjE0
[2026-02-19T23:02:32+08:00][info] 任务 29 第 3 次循环，重置群组 https://t.me/+WZlsKfz1W89jYjE0 消息状态
[2026-02-19T23:02:32+08:00][info] 使用消息配置中指定的用户 2321 的 session_path/www/wwwroot/tdata.tgbota.top/public/uploads/admin/202601/6971e94ea480a/16095962724/tdata/temp_8000979247.session
[2026-02-19T23:02:34+08:00][info] 返回:{"status":true,"message":"发送完成，成功1个，失败0个[]","data":{"success":[{"group_id":3780502866,"group_link":"https:\/\/t.me\/+WZlsKfz1W89jYjE0","type":"megagroup","message":"发送成功","message_id":21727}],"failed":[],"debug":["处理标识符: https:\/\/t.me\/+WZlsKfz1W89jYjE0, 清理后: https:\/\/t.me\/+WZlsKfz1W89jYjE0, 识别为链接: True, 识别为数字ID: False"],"warning":""},"api_address":"185.165.170.142:5056"}
[2026-02-19T23:02:34+08:00][info] 消息ID缓存成功: task_id=29, group_id=https://t.me/+WZlsKfz1W89jYjE0, msg_index=1633, message_id=21727, send_user_id=2321
[2026-02-19T23:02:34+08:00][info] 消息状态标记为已发送: task_id=29, group_id=https://t.me/+WZlsKfz1W89jYjE0, msg_index=1633
[2026-02-19T23:02:34+08:00][info] 任务 29 将在 91 秒后继续处理下一条消息，索引: 1634, 实例ID: task_29_index_1634_1771513354.8665
[2026-02-19T23:02:43+08:00][info] 开始处理队列任务: task_id=27, current_index=1601
[2026-02-19T23:02:43+08:00][info] 消息缓存初始化完成: task_id=27, groups=https://t.me/+_XaTo9Qrv0VjOTM0
[2026-02-19T23:02:43+08:00][info] 任务 27 第 3 次循环，重置群组 https://t.me/+_XaTo9Qrv0VjOTM0 消息状态
[2026-02-19T23:02:43+08:00][info] 使用当前发送用户 1918 的 session_path/www/wwwroot/tdata.tgbota.top/public/uploads/admin/202601/6960a58a3f18c/13616577861/tdata/temp_8201865538.session
[2026-02-19T23:02:45+08:00][info] 返回:{"status":true,"message":"发送完成，成功1个，失败0个[]","data":{"success":[{"group_id":3649225144,"group_link":"https:\/\/t.me\/+_XaTo9Qrv0VjOTM0","type":"megagroup","message":"发送成功","message_id":33215}],"failed":[],"debug":["处理标识符: https:\/\/t.me\/+_XaTo9Qrv0VjOTM0, 清理后: https:\/\/t.me\/+_XaTo9Qrv0VjOTM0, 识别为链接: True, 识别为数字ID: False"],"warning":""},"api_address":"185.165.170.142:5106"}
[2026-02-19T23:02:45+08:00][info] 消息ID缓存成功: task_id=27, group_id=https://t.me/+_XaTo9Qrv0VjOTM0, msg_index=1601, message_id=33215, send_user_id=1918
[2026-02-19T23:02:45+08:00][info] 消息状态标记为已发送: task_id=27, group_id=https://t.me/+_XaTo9Qrv0VjOTM0, msg_index=1601
[2026-02-19T23:02:45+08:00][info] 任务 27 将在 99 秒后继续处理下一条消息，索引: 1602, 实例ID: task_27_index_1602_1771513365.8275
[2026-02-19T23:02:46+08:00][info] 开始处理队列任务: task_id=36, current_index=1669
[2026-02-19T23:02:47+08:00][info] 开始处理队列任务: task_id=34, current_index=1505
[2026-02-19T23:02:47+08:00][info] 消息缓存初始化完成: task_id=34, groups=https://t.me/+CUyn8iqnQwEzNDY0
[2026-02-19T23:02:47+08:00][info] 任务 34 第 2 次循环，重置群组 https://t.me/+CUyn8iqnQwEzNDY0 消息状态
[2026-02-19T23:02:47+08:00][info] 消息缓存初始化完成: task_id=36, groups=https://t.me/+o12qlRNkdiViMjE0
[2026-02-19T23:02:47+08:00][info] 任务 36 第 3 次循环，重置群组 https://t.me/+o12qlRNkdiViMjE0 消息状态
[2026-02-19T23:02:47+08:00][info] 使用消息配置中指定的用户 2536 的 session_path/www/wwwroot/tdata.tgbota.top/public/uploads/admin/202602/69862ac4b6550/817044453819/tdata/temp_8437626552.session
[2026-02-19T23:02:47+08:00][info] 使用消息配置中指定的用户 2546 的 session_path/www/wwwroot/tdata.tgbota.top/public/uploads/admin/202602/69862ac4b6550/818013403185/tdata/temp_8345809150.session
[2026-02-19T23:02:49+08:00][info] 返回:{"status":true,"message":"发送完成，成功1个，失败0个[]","data":{"success":[{"group_id":3479387283,"group_link":"https:\/\/t.me\/+o12qlRNkdiViMjE0","type":"megagroup","message":"发送成功","message_id":10314}],"failed":[],"debug":["处理标识符: https:\/\/t.me\/+o12qlRNkdiViMjE0, 清理后: https:\/\/t.me\/+o12qlRNkdiViMjE0, 识别为链接: True, 识别为数字ID: False"],"warning":""},"api_address":"185.165.170.142:5130"}
[2026-02-19T23:02:49+08:00][info] 消息ID缓存成功: task_id=36, group_id=https://t.me/+o12qlRNkdiViMjE0, msg_index=1669, message_id=10314, send_user_id=2546
[2026-02-19T23:02:49+08:00][info] 消息状态标记为已发送: task_id=36, group_id=https://t.me/+o12qlRNkdiViMjE0, msg_index=1669
[2026-02-19T23:02:49+08:00][info] 任务 36 将在 88 秒后继续处理下一条消息，索引: 1670, 实例ID: task_36_index_1670_1771513369.4493
[2026-02-19T23:02:49+08:00][info] 返回:{"status":true,"message":"发送完成，成功1个，失败0个[]","data":{"success":[{"group_id":3719450736,"group_link":"https:\/\/t.me\/+CUyn8iqnQwEzNDY0","type":"megagroup","message":"发送成功","message_id":10249}],"failed":[],"debug":["处理标识符: https:\/\/t.me\/+CUyn8iqnQwEzNDY0, 清理后: https:\/\/t.me\/+CUyn8iqnQwEzNDY0, 识别为链接: True, 识别为数字ID: False"],"warning":""},"api_address":"185.165.170.142:5120"}
[2026-02-19T23:02:49+08:00][info] 消息ID缓存成功: task_id=34, group_id=https://t.me/+CUyn8iqnQwEzNDY0, msg_index=1505, message_id=10249, send_user_id=2536
[2026-02-19T23:02:49+08:00][info] 消息状态标记为已发送: task_id=34, group_id=https://t.me/+CUyn8iqnQwEzNDY0, msg_index=1505
[2026-02-19T23:02:49+08:00][info] 任务 34 将在 101 秒后继续处理下一条消息，索引: 1506, 实例ID: task_34_index_1506_1771513369.631
[2026-02-19T23:02:54+08:00][info] 开始处理队列任务: task_id=35, current_index=1718
[2026-02-19T23:02:55+08:00][info] 消息缓存初始化完成: task_id=35, groups=https://t.me/+BrIuI_-gkNhhYTE0
[2026-02-19T23:02:55+08:00][info] 任务 35 第 3 次循环，重置群组 https://t.me/+BrIuI_-gkNhhYTE0 消息状态
[2026-02-19T23:02:55+08:00][info] 使用消息配置中指定的用户 2554 的 session_path/www/wwwroot/tdata.tgbota.top/public/uploads/admin/202602/69862ac4b6550/818014595083/tdata/temp_7616162343.session
[2026-02-19T23:02:56+08:00][info] 返回:{"status":true,"message":"发送完成，成功1个，失败0个[]","data":{"success":[{"group_id":3646934744,"group_link":"https:\/\/t.me\/+BrIuI_-gkNhhYTE0","type":"megagroup","message":"发送成功","message_id":10302}],"failed":[],"debug":["处理标识符: https:\/\/t.me\/+BrIuI_-gkNhhYTE0, 清理后: https:\/\/t.me\/+BrIuI_-gkNhhYTE0, 识别为链接: True, 识别为数字ID: False"],"warning":""},"api_address":"185.165.170.142:5138"}
[2026-02-19T23:02:56+08:00][info] 消息ID缓存成功: task_id=35, group_id=https://t.me/+BrIuI_-gkNhhYTE0, msg_index=1718, message_id=10302, send_user_id=2554
[2026-02-19T23:02:56+08:00][info] 消息状态标记为已发送: task_id=35, group_id=https://t.me/+BrIuI_-gkNhhYTE0, msg_index=1718
[2026-02-19T23:02:56+08:00][info] 任务 35 将在 95 秒后继续处理下一条消息，索引: 1719, 实例ID: task_35_index_1719_1771513376.8164
[2026-02-19T23:02:56+08:00][info] 开始处理队列任务: task_id=37, current_index=1705
[2026-02-19T23:02:57+08:00][info] 消息缓存初始化完成: task_id=37, groups=https://t.me/+DUAGbZI5vW41NWI8
[2026-02-19T23:02:57+08:00][info] 任务 37 第 3 次循环，重置群组 https://t.me/+DUAGbZI5vW41NWI8 消息状态
[2026-02-19T23:02:57+08:00][info] 使用当前发送用户 2416 的 session_path/www/wwwroot/tdata.tgbota.top/public/uploads/admin/202602/69862ac4b6550/817026445311/tdata/temp_8246945843.session
[2026-02-19T23:02:58+08:00][info] 返回:{"status":true,"message":"发送完成，成功1个，失败0个[]","data":{"success":[{"group_id":3732578862,"group_link":"https:\/\/t.me\/+DUAGbZI5vW41NWI8","type":"megagroup","message":"发送成功","message_id":8479}],"failed":[],"debug":["处理标识符: https:\/\/t.me\/+DUAGbZI5vW41NWI8, 清理后: https:\/\/t.me\/+DUAGbZI5vW41NWI8, 识别为链接: True, 识别为数字ID: False"],"warning":""},"api_address":"185.165.170.142:5000"}
[2026-02-19T23:02:58+08:00][info] 消息ID缓存成功: task_id=37, group_id=https://t.me/+DUAGbZI5vW41NWI8, msg_index=1705, message_id=8479, send_user_id=2416
[2026-02-19T23:02:58+08:00][info] 消息状态标记为已发送: task_id=37, group_id=https://t.me/+DUAGbZI5vW41NWI8, msg_index=1705
[2026-02-19T23:02:58+08:00][info] 任务 37 将在 95 秒后继续处理下一条消息，索引: 1706, 实例ID: task_37_index_1706_1771513378.778
[2026-02-19T23:03:23+08:00][info] 开始处理队列任务: task_id=39, current_index=357
[2026-02-19T23:03:23+08:00][info] 使用消息配置中指定的用户 3054 的 session_path/www/wwwroot/tdata.tgbota.top/public/uploads/admin/202602/699625adf380f/14642493499/tdata/temp_8457856345.session
[2026-02-19T23:03:26+08:00][info] 返回:{"status":true,"message":"发送完成，成功1个，失败0个[]","data":{"success":[{"group_id":3770869551,"group_link":"https:\/\/t.me\/+ZpSvBhFQCCEwMzdk","type":"megagroup","message":"发送成功","message_id":509}],"failed":[],"debug":["处理标识符: https:\/\/t.me\/+ZpSvBhFQCCEwMzdk, 清理后: https:\/\/t.me\/+ZpSvBhFQCCEwMzdk, 识别为链接: True, 识别为数字ID: False"],"warning":""},"api_address":"185.165.170.142:5070"}
[2026-02-19T23:03:26+08:00][info] 消息ID缓存成功: task_id=39, group_id=https://t.me/+ZpSvBhFQCCEwMzdk, msg_index=357, message_id=509, send_user_id=3054
[2026-02-19T23:03:26+08:00][info] 消息状态标记为已发送: task_id=39, group_id=https://t.me/+ZpSvBhFQCCEwMzdk, msg_index=357
[2026-02-19T23:03:26+08:00][info] 任务 39 将在 75 秒后继续处理下一条消息，索引: 358, 实例ID: task_39_index_358_1771513406.3939
[2026-02-19T23:03:31+08:00][info] 开始处理队列任务: task_id=25, current_index=1633
[2026-02-19T23:03:31+08:00][info] 消息缓存初始化完成: task_id=25, groups=https://t.me/+HZFEhfAwKjhmZDZk
[2026-02-19T23:03:31+08:00][info] 任务 25 第 3 次循环，重置群组 https://t.me/+HZFEhfAwKjhmZDZk 消息状态
[2026-02-19T23:03:31+08:00][info] 使用消息配置中指定的用户 2321 的 session_path/www/wwwroot/tdata.tgbota.top/public/uploads/admin/202601/6971e94ea480a/16095962724/tdata/temp_8000979247.session
[2026-02-19T23:03:34+08:00][info] 返回:{"status":true,"message":"发送完成，成功1个，失败0个[]","data":{"success":[{"group_id":3482989339,"group_link":"https:\/\/t.me\/+HZFEhfAwKjhmZDZk","type":"megagroup","message":"发送成功","message_id":30187}],"failed":[],"debug":["处理标识符: https:\/\/t.me\/+HZFEhfAwKjhmZDZk, 清理后: https:\/\/t.me\/+HZFEhfAwKjhmZDZk, 识别为链接: True, 识别为数字ID: False"],"warning":""},"api_address":"185.165.170.142:5056"}
[2026-02-19T23:03:34+08:00][info] 消息ID缓存成功: task_id=25, group_id=https://t.me/+HZFEhfAwKjhmZDZk, msg_index=1633, message_id=30187, send_user_id=2321
[2026-02-19T23:03:34+08:00][info] 消息状态标记为已发送: task_id=25, group_id=https://t.me/+HZFEhfAwKjhmZDZk, msg_index=1633
[2026-02-19T23:03:34+08:00][info] 任务 25 将在 91 秒后继续处理下一条消息，索引: 1634, 实例ID: task_25_index_1634_1771513414.2323
[2026-02-19T23:03:35+08:00][info] 开始处理队列任务: task_id=40, current_index=356
[2026-02-19T23:03:35+08:00][info] 使用消息配置中指定的用户 3061 的 session_path/www/wwwroot/tdata.tgbota.top/public/uploads/admin/202602/699625adf380f/14696352767/tdata/temp_8432743351.session
[2026-02-19T23:03:36+08:00][info] 开始处理队列任务: task_id=33, current_index=1505
[2026-02-19T23:03:37+08:00][info] 消息缓存初始化完成: task_id=33, groups=https://t.me/+wcqRUxDn6zczYmM0
[2026-02-19T23:03:37+08:00][info] 任务 33 第 2 次循环，重置群组 https://t.me/+wcqRUxDn6zczYmM0 消息状态
[2026-02-19T23:03:37+08:00][info] 使用消息配置中指定的用户 2536 的 session_path/www/wwwroot/tdata.tgbota.top/public/uploads/admin/202602/69862ac4b6550/817044453819/tdata/temp_8437626552.session
[2026-02-19T23:03:38+08:00][info] 返回:{"status":true,"message":"发送完成，成功1个，失败0个[]","data":{"success":[{"group_id":3799666589,"group_link":"https:\/\/t.me\/+IfyZ_OVthdI5YzNk","type":"megagroup","message":"发送成功","message_id":509}],"failed":[],"debug":["处理标识符: https:\/\/t.me\/+IfyZ_OVthdI5YzNk, 清理后: https:\/\/t.me\/+IfyZ_OVthdI5YzNk, 识别为链接: True, 识别为数字ID: False"],"warning":""},"api_address":"185.165.170.142:5077"}
[2026-02-19T23:03:38+08:00][info] 消息ID缓存成功: task_id=40, group_id=https://t.me/+IfyZ_OVthdI5YzNk, msg_index=356, message_id=509, send_user_id=3061
[2026-02-19T23:03:38+08:00][info] 消息状态标记为已发送: task_id=40, group_id=https://t.me/+IfyZ_OVthdI5YzNk, msg_index=356
[2026-02-19T23:03:38+08:00][info] 任务 40 将在 109 秒后继续处理下一条消息，索引: 357, 实例ID: task_40_index_357_1771513418.0662
[2026-02-19T23:03:38+08:00][info] 返回:{"status":true,"message":"发送完成，成功1个，失败0个[]","data":{"success":[{"group_id":3658905404,"group_link":"https:\/\/t.me\/+wcqRUxDn6zczYmM0","type":"megagroup","message":"发送成功","message_id":10088}],"failed":[],"debug":["处理标识符: https:\/\/t.me\/+wcqRUxDn6zczYmM0, 清理后: https:\/\/t.me\/+wcqRUxDn6zczYmM0, 识别为链接: True, 识别为数字ID: False"],"warning":""},"api_address":"185.165.170.142:5120"}
[2026-02-19T23:03:38+08:00][info] 消息ID缓存成功: task_id=33, group_id=https://t.me/+wcqRUxDn6zczYmM0, msg_index=1505, message_id=10088, send_user_id=2536
[2026-02-19T23:03:38+08:00][info] 消息状态标记为已发送: task_id=33, group_id=https://t.me/+wcqRUxDn6zczYmM0, msg_index=1505
[2026-02-19T23:03:38+08:00][info] 任务 33 将在 101 秒后继续处理下一条消息，索引: 1506, 实例ID: task_33_index_1506_1771513418.8089
[2026-02-19T23:03:40+08:00][info] 开始处理队列任务: task_id=28, current_index=1638
[2026-02-19T23:03:40+08:00][info] 消息缓存初始化完成: task_id=28, groups=https://t.me/+Hg62NsrbOCZmZmY8
[2026-02-19T23:03:40+08:00][info] 任务 28 第 3 次循环，重置群组 https://t.me/+Hg62NsrbOCZmZmY8 消息状态
[2026-02-19T23:03:40+08:00][info] 使用消息配置中指定的用户 2314 的 session_path/www/wwwroot/tdata.tgbota.top/public/uploads/admin/202601/6971e94ea480a/16095962673/tdata/temp_8022478339.session
[2026-02-19T23:03:43+08:00][info] 返回:{"status":true,"message":"发送完成，成功1个，失败0个[]","data":{"success":[{"group_id":3657218256,"group_link":"https:\/\/t.me\/+Hg62NsrbOCZmZmY8","type":"megagroup","message":"发送成功","message_id":21669}],"failed":[],"debug":["处理标识符: https:\/\/t.me\/+Hg62NsrbOCZmZmY8, 清理后: https:\/\/t.me\/+Hg62NsrbOCZmZmY8, 识别为链接: True, 识别为数字ID: False"],"warning":""},"api_address":"185.165.170.142:5049"}
[2026-02-19T23:03:43+08:00][info] 消息ID缓存成功: task_id=28, group_id=https://t.me/+Hg62NsrbOCZmZmY8, msg_index=1638, message_id=21669, send_user_id=2314
[2026-02-19T23:03:43+08:00][info] 消息状态标记为已发送: task_id=28, group_id=https://t.me/+Hg62NsrbOCZmZmY8, msg_index=1638
[2026-02-19T23:03:43+08:00][info] 任务 28 将在 100 秒后继续处理下一条消息，索引: 1639, 实例ID: task_28_index_1639_1771513423.0442
[2026-02-19T23:03:46+08:00][info] 开始处理队列任务: task_id=38, current_index=358
[2026-02-19T23:03:46+08:00][info] 使用当前发送用户 3047 的 session_path/www/wwwroot/tdata.tgbota.top/public/uploads/admin/202602/699625adf380f/14642493566/tdata/temp_8359665343.session
[2026-02-19T23:03:48+08:00][info] 返回:{"status":true,"message":"发送完成，成功1个，失败0个[]","data":{"success":[{"group_id":3794396962,"group_link":"https:\/\/t.me\/+69dYKDni-wFmYWE0","type":"megagroup","message":"发送成功","message_id":510}],"failed":[],"debug":["处理标识符: https:\/\/t.me\/+69dYKDni-wFmYWE0, 清理后: https:\/\/t.me\/+69dYKDni-wFmYWE0, 识别为链接: True, 识别为数字ID: False"],"warning":""},"api_address":"185.165.170.142:5063"}
[2026-02-19T23:03:48+08:00][info] 消息ID缓存成功: task_id=38, group_id=https://t.me/+69dYKDni-wFmYWE0, msg_index=358, message_id=510, send_user_id=3047
[2026-02-19T23:03:48+08:00][info] 消息状态标记为已发送: task_id=38, group_id=https://t.me/+69dYKDni-wFmYWE0, msg_index=358
[2026-02-19T23:03:48+08:00][info] 任务 38 将在 87 秒后继续处理下一条消息，索引: 359, 实例ID: task_38_index_359_1771513428.6416
[2026-02-19T23:04:03+08:00][info] 开始处理队列任务: task_id=31, current_index=1639
[2026-02-19T23:04:03+08:00][info] 消息缓存初始化完成: task_id=31, groups=https://t.me/+4azhFwWhx1czMzE0
[2026-02-19T23:04:03+08:00][info] 任务 31 第 3 次循环，重置群组 https://t.me/+4azhFwWhx1czMzE0 消息状态
[2026-02-19T23:04:03+08:00][info] 使用当前发送用户 2290 的 session_path/www/wwwroot/tdata.tgbota.top/public/uploads/admin/202601/6971e94ea480a/16109567221/tdata/temp_8273478041.session
[2026-02-19T23:04:05+08:00][info] 开始处理队列任务: task_id=29, current_index=1634
[2026-02-19T23:04:05+08:00][info] 消息缓存初始化完成: task_id=29, groups=https://t.me/+WZlsKfz1W89jYjE0
[2026-02-19T23:04:05+08:00][info] 任务 29 第 3 次循环，重置群组 https://t.me/+WZlsKfz1W89jYjE0 消息状态
[2026-02-19T23:04:05+08:00][info] 使用消息配置中指定的用户 2314 的 session_path/www/wwwroot/tdata.tgbota.top/public/uploads/admin/202601/6971e94ea480a/16095962673/tdata/temp_8022478339.session
[2026-02-19T23:04:06+08:00][info] 返回:{"status":true,"message":"发送完成，成功1个，失败0个[]","data":{"success":[{"group_id":3079998653,"group_link":"https:\/\/t.me\/+4azhFwWhx1czMzE0","type":"megagroup","message":"发送成功","message_id":14492}],"failed":[],"debug":["处理标识符: https:\/\/t.me\/+4azhFwWhx1czMzE0, 清理后: https:\/\/t.me\/+4azhFwWhx1czMzE0, 识别为链接: True, 识别为数字ID: False"],"warning":""},"api_address":"185.165.170.142:5025"}
[2026-02-19T23:04:06+08:00][info] 消息ID缓存成功: task_id=31, group_id=https://t.me/+4azhFwWhx1czMzE0, msg_index=1639, message_id=14492, send_user_id=2290
[2026-02-19T23:04:06+08:00][info] 消息状态标记为已发送: task_id=31, group_id=https://t.me/+4azhFwWhx1czMzE0, msg_index=1639
[2026-02-19T23:04:06+08:00][info] 任务 31 将在 88 秒后继续处理下一条消息，索引: 1640, 实例ID: task_31_index_1640_1771513446.5251
[2026-02-19T23:04:09+08:00][info] 返回:{"status":true,"message":"发送完成，成功1个，失败0个[]","data":{"success":[{"group_id":3780502866,"group_link":"https:\/\/t.me\/+WZlsKfz1W89jYjE0","type":"megagroup","message":"发送成功","message_id":21728}],"failed":[],"debug":["处理标识符: https:\/\/t.me\/+WZlsKfz1W89jYjE0, 清理后: https:\/\/t.me\/+WZlsKfz1W89jYjE0, 识别为链接: True, 识别为数字ID: False"],"warning":""},"api_address":"185.165.170.142:5049"}
[2026-02-19T23:04:09+08:00][info] 消息ID缓存成功: task_id=29, group_id=https://t.me/+WZlsKfz1W89jYjE0, msg_index=1634, message_id=21728, send_user_id=2314
[2026-02-19T23:04:09+08:00][info] 消息状态标记为已发送: task_id=29, group_id=https://t.me/+WZlsKfz1W89jYjE0, msg_index=1634
[2026-02-19T23:04:09+08:00][info] 任务 29 将在 103 秒后继续处理下一条消息，索引: 1635, 实例ID: task_29_index_1635_1771513449.3625
[2026-02-19T23:04:17+08:00][info] 开始处理队列任务: task_id=36, current_index=1670
[2026-02-19T23:04:18+08:00][info] 消息缓存初始化完成: task_id=36, groups=https://t.me/+o12qlRNkdiViMjE0
[2026-02-19T23:04:18+08:00][info] 任务 36 第 3 次循环，重置群组 https://t.me/+o12qlRNkdiViMjE0 消息状态
[2026-02-19T23:04:18+08:00][info] 使用消息配置中指定的用户 2528 的 session_path/www/wwwroot/tdata.tgbota.top/public/uploads/admin/202602/69862ac4b6550/818011228005/tdata/temp_8235942469.session
[2026-02-19T23:04:21+08:00][info] 返回:{"status":true,"message":"发送完成，成功1个，失败0个[]","data":{"success":[{"group_id":3479387283,"group_link":"https:\/\/t.me\/+o12qlRNkdiViMjE0","type":"megagroup","message":"发送成功","message_id":10315}],"failed":[],"debug":["处理标识符: https:\/\/t.me\/+o12qlRNkdiViMjE0, 清理后: https:\/\/t.me\/+o12qlRNkdiViMjE0, 识别为链接: True, 识别为数字ID: False"],"warning":""},"api_address":"185.165.170.142:5112"}
[2026-02-19T23:04:21+08:00][info] 消息ID缓存成功: task_id=36, group_id=https://t.me/+o12qlRNkdiViMjE0, msg_index=1670, message_id=10315, send_user_id=2528
[2026-02-19T23:04:21+08:00][info] 消息状态标记为已发送: task_id=36, group_id=https://t.me/+o12qlRNkdiViMjE0, msg_index=1670
[2026-02-19T23:04:21+08:00][info] 任务 36 将在 100 秒后继续处理下一条消息，索引: 1671, 实例ID: task_36_index_1671_1771513461.6792
[2026-02-19T23:04:24+08:00][info] 开始处理队列任务: task_id=27, current_index=1602
[2026-02-19T23:04:24+08:00][info] 消息缓存初始化完成: task_id=27, groups=https://t.me/+_XaTo9Qrv0VjOTM0
[2026-02-19T23:04:24+08:00][info] 任务 27 第 3 次循环，重置群组 https://t.me/+_XaTo9Qrv0VjOTM0 消息状态
[2026-02-19T23:04:24+08:00][info] 使用feedbackType=1602的消息ID: 33215
[2026-02-19T23:04:24+08:00][info] 使用当前发送用户 1940 的 session_path/www/wwwroot/tdata.tgbota.top/public/uploads/admin/202601/6960a58a3f18c/13615209903/tdata/temp_8331591932.session
[2026-02-19T23:04:28+08:00][info] 返回:{"status":true,"message":"发送完成，成功1个，失败0个[]","data":{"success":[{"group_id":3649225144,"group_link":"https:\/\/t.me\/+_XaTo9Qrv0VjOTM0","type":"megagroup","message":"发送成功","message_id":33216}],"failed":[],"debug":["处理标识符: https:\/\/t.me\/+_XaTo9Qrv0VjOTM0, 清理后: https:\/\/t.me\/+_XaTo9Qrv0VjOTM0, 识别为链接: True, 识别为数字ID: False"],"warning":""},"api_address":"185.165.170.142:5128"}
[2026-02-19T23:04:28+08:00][info] 消息ID缓存成功: task_id=27, group_id=https://t.me/+_XaTo9Qrv0VjOTM0, msg_index=1602, message_id=33216, send_user_id=1940
[2026-02-19T23:04:28+08:00][info] 消息状态标记为已发送: task_id=27, group_id=https://t.me/+_XaTo9Qrv0VjOTM0, msg_index=1602
[2026-02-19T23:04:28+08:00][info] 任务 27 将在 102 秒后继续处理下一条消息，索引: 1603, 实例ID: task_27_index_1603_1771513468.411
[2026-02-19T23:04:30+08:00][info] 开始处理队列任务: task_id=34, current_index=1506
[2026-02-19T23:04:30+08:00][info] 消息缓存初始化完成: task_id=34, groups=https://t.me/+CUyn8iqnQwEzNDY0
[2026-02-19T23:04:30+08:00][info] 任务 34 第 2 次循环，重置群组 https://t.me/+CUyn8iqnQwEzNDY0 消息状态
[2026-02-19T23:04:30+08:00][info] 使用当前发送用户 2419 的 session_path/www/wwwroot/tdata.tgbota.top/public/uploads/admin/202602/69862ac4b6550/817044990529/tdata/temp_8401351242.session
[2026-02-19T23:04:31+08:00][info] 开始处理队列任务: task_id=35, current_index=1719
[2026-02-19T23:04:31+08:00][info] 消息缓存初始化完成: task_id=35, groups=https://t.me/+BrIuI_-gkNhhYTE0
[2026-02-19T23:04:31+08:00][info] 任务 35 第 3 次循环，重置群组 https://t.me/+BrIuI_-gkNhhYTE0 消息状态
[2026-02-19T23:04:31+08:00][info] 使用消息配置中指定的用户 2552 的 session_path/www/wwwroot/tdata.tgbota.top/public/uploads/admin/202602/69862ac4b6550/818013400332/tdata/temp_8340289619.session
[2026-02-19T23:04:32+08:00][info] 返回:{"status":true,"message":"发送完成，成功1个，失败0个[]","data":{"success":[{"group_id":3719450736,"group_link":"https:\/\/t.me\/+CUyn8iqnQwEzNDY0","type":"megagroup","message":"发送成功","message_id":10250}],"failed":[],"debug":["处理标识符: https:\/\/t.me\/+CUyn8iqnQwEzNDY0, 清理后: https:\/\/t.me\/+CUyn8iqnQwEzNDY0, 识别为链接: True, 识别为数字ID: False"],"warning":""},"api_address":"185.165.170.142:5003"}
[2026-02-19T23:04:32+08:00][info] 消息ID缓存成功: task_id=34, group_id=https://t.me/+CUyn8iqnQwEzNDY0, msg_index=1506, message_id=10250, send_user_id=2419
[2026-02-19T23:04:32+08:00][info] 消息状态标记为已发送: task_id=34, group_id=https://t.me/+CUyn8iqnQwEzNDY0, msg_index=1506
[2026-02-19T23:04:32+08:00][info] 任务 34 将在 87 秒后继续处理下一条消息，索引: 1507, 实例ID: task_34_index_1507_1771513472.7547
[2026-02-19T23:04:33+08:00][info] 开始处理队列任务: task_id=37, current_index=1706
[2026-02-19T23:04:34+08:00][info] 返回:{"status":true,"message":"发送完成，成功1个，失败0个[]","data":{"success":[{"group_id":3646934744,"group_link":"https:\/\/t.me\/+BrIuI_-gkNhhYTE0","type":"megagroup","message":"发送成功","message_id":10303}],"failed":[],"debug":["处理标识符: https:\/\/t.me\/+BrIuI_-gkNhhYTE0, 清理后: https:\/\/t.me\/+BrIuI_-gkNhhYTE0, 识别为链接: True, 识别为数字ID: False"],"warning":""},"api_address":"185.165.170.142:5136"}
[2026-02-19T23:04:34+08:00][info] 消息ID缓存成功: task_id=35, group_id=https://t.me/+BrIuI_-gkNhhYTE0, msg_index=1719, message_id=10303, send_user_id=2552
[2026-02-19T23:04:34+08:00][info] 消息状态标记为已发送: task_id=35, group_id=https://t.me/+BrIuI_-gkNhhYTE0, msg_index=1719
[2026-02-19T23:04:34+08:00][info] 任务 35 将在 90 秒后继续处理下一条消息，索引: 1720, 实例ID: task_35_index_1720_1771513474.2237
[2026-02-19T23:04:34+08:00][info] 消息缓存初始化完成: task_id=37, groups=https://t.me/+DUAGbZI5vW41NWI8
[2026-02-19T23:04:34+08:00][info] 任务 37 第 3 次循环，重置群组 https://t.me/+DUAGbZI5vW41NWI8 消息状态
[2026-02-19T23:04:34+08:00][info] 使用消息配置中指定的用户 2415 的 session_path/www/wwwroot/tdata.tgbota.top/public/uploads/admin/202602/69862ac4b6550/818011908732/tdata/temp_8532166882.session
[2026-02-19T23:04:36+08:00][info] 返回:{"status":true,"message":"发送完成，成功1个，失败0个[]","data":{"success":[{"group_id":3732578862,"group_link":"https:\/\/t.me\/+DUAGbZI5vW41NWI8","type":"megagroup","message":"发送成功","message_id":8480}],"failed":[],"debug":["处理标识符: https:\/\/t.me\/+DUAGbZI5vW41NWI8, 清理后: https:\/\/t.me\/+DUAGbZI5vW41NWI8, 识别为链接: True, 识别为数字ID: False"],"warning":""},"api_address":"185.165.170.142:5150"}
[2026-02-19T23:04:36+08:00][info] 消息ID缓存成功: task_id=37, group_id=https://t.me/+DUAGbZI5vW41NWI8, msg_index=1706, message_id=8480, send_user_id=2415
[2026-02-19T23:04:36+08:00][info] 消息状态标记为已发送: task_id=37, group_id=https://t.me/+DUAGbZI5vW41NWI8, msg_index=1706
[2026-02-19T23:04:36+08:00][info] 任务 37 将在 85 秒后继续处理下一条消息，索引: 1707, 实例ID: task_37_index_1707_1771513476.3589
[2026-02-19T23:04:41+08:00][info] 开始处理队列任务: task_id=39, current_index=358
[2026-02-19T23:04:41+08:00][info] 使用当前发送用户 3047 的 session_path/www/wwwroot/tdata.tgbota.top/public/uploads/admin/202602/699625adf380f/14642493566/tdata/temp_8359665343.session
[2026-02-19T23:04:44+08:00][info] 返回:{"status":true,"message":"发送完成，成功1个，失败0个[]","data":{"success":[{"group_id":3770869551,"group_link":"https:\/\/t.me\/+ZpSvBhFQCCEwMzdk","type":"megagroup","message":"发送成功","message_id":510}],"failed":[],"debug":["处理标识符: https:\/\/t.me\/+ZpSvBhFQCCEwMzdk, 清理后: https:\/\/t.me\/+ZpSvBhFQCCEwMzdk, 识别为链接: True, 识别为数字ID: False"],"warning":""},"api_address":"185.165.170.142:5063"}
[2026-02-19T23:04:44+08:00][info] 消息ID缓存成功: task_id=39, group_id=https://t.me/+ZpSvBhFQCCEwMzdk, msg_index=358, message_id=510, send_user_id=3047
[2026-02-19T23:04:44+08:00][info] 消息状态标记为已发送: task_id=39, group_id=https://t.me/+ZpSvBhFQCCEwMzdk, msg_index=358
[2026-02-19T23:04:44+08:00][info] 任务 39 将在 87 秒后继续处理下一条消息，索引: 359, 实例ID: task_39_index_359_1771513484.5017
[2026-02-19T23:05:05+08:00][info] 开始处理队列任务: task_id=25, current_index=1634
[2026-02-19T23:05:05+08:00][info] 消息缓存初始化完成: task_id=25, groups=https://t.me/+HZFEhfAwKjhmZDZk
[2026-02-19T23:05:05+08:00][info] 任务 25 第 3 次循环，重置群组 https://t.me/+HZFEhfAwKjhmZDZk 消息状态
[2026-02-19T23:05:05+08:00][info] 使用消息配置中指定的用户 2314 的 session_path/www/wwwroot/tdata.tgbota.top/public/uploads/admin/202601/6971e94ea480a/16095962673/tdata/temp_8022478339.session
[2026-02-19T23:05:08+08:00][info] 返回:{"status":true,"message":"发送完成，成功1个，失败0个[]","data":{"success":[{"group_id":3482989339,"group_link":"https:\/\/t.me\/+HZFEhfAwKjhmZDZk","type":"megagroup","message":"发送成功","message_id":30188}],"failed":[],"debug":["处理标识符: https:\/\/t.me\/+HZFEhfAwKjhmZDZk, 清理后: https:\/\/t.me\/+HZFEhfAwKjhmZDZk, 识别为链接: True, 识别为数字ID: False"],"warning":""},"api_address":"185.165.170.142:5049"}
[2026-02-19T23:05:08+08:00][info] 消息ID缓存成功: task_id=25, group_id=https://t.me/+HZFEhfAwKjhmZDZk, msg_index=1634, message_id=30188, send_user_id=2314
[2026-02-19T23:05:08+08:00][info] 消息状态标记为已发送: task_id=25, group_id=https://t.me/+HZFEhfAwKjhmZDZk, msg_index=1634
[2026-02-19T23:05:08+08:00][info] 任务 25 将在 103 秒后继续处理下一条消息，索引: 1635, 实例ID: task_25_index_1635_1771513508.3228
[2026-02-19T23:05:15+08:00][info] 开始处理队列任务: task_id=38, current_index=359
[2026-02-19T23:05:15+08:00][info] 使用feedbackType=359的消息ID: 510
[2026-02-19T23:05:15+08:00][info] 使用当前发送用户 3041 的 session_path/www/wwwroot/tdata.tgbota.top/public/uploads/admin/202602/699625adf380f/14707193735/tdata/temp_8262936010.session
[2026-02-19T23:05:18+08:00][info] 返回:{"status":true,"message":"发送完成，成功1个，失败0个[]","data":{"success":[{"group_id":3794396962,"group_link":"https:\/\/t.me\/+69dYKDni-wFmYWE0","type":"megagroup","message":"发送成功","message_id":511}],"failed":[],"debug":["处理标识符: https:\/\/t.me\/+69dYKDni-wFmYWE0, 清理后: https:\/\/t.me\/+69dYKDni-wFmYWE0, 识别为链接: True, 识别为数字ID: False"],"warning":""},"api_address":"185.165.170.142:5057"}
[2026-02-19T23:05:18+08:00][info] 消息ID缓存成功: task_id=38, group_id=https://t.me/+69dYKDni-wFmYWE0, msg_index=359, message_id=511, send_user_id=3041
[2026-02-19T23:05:18+08:00][info] 消息状态标记为已发送: task_id=38, group_id=https://t.me/+69dYKDni-wFmYWE0, msg_index=359
[2026-02-19T23:05:18+08:00][info] 任务 38 将在 98 秒后继续处理下一条消息，索引: 360, 实例ID: task_38_index_360_1771513518.703
[2026-02-19T23:05:19+08:00][info] 开始处理队列任务: task_id=33, current_index=1506
[2026-02-19T23:05:19+08:00][info] 消息缓存初始化完成: task_id=33, groups=https://t.me/+wcqRUxDn6zczYmM0
[2026-02-19T23:05:19+08:00][info] 任务 33 第 2 次循环，重置群组 https://t.me/+wcqRUxDn6zczYmM0 消息状态
[2026-02-19T23:05:19+08:00][info] 使用当前发送用户 2419 的 session_path/www/wwwroot/tdata.tgbota.top/public/uploads/admin/202602/69862ac4b6550/817044990529/tdata/temp_8401351242.session
[2026-02-19T23:05:21+08:00][info] 返回:{"status":true,"message":"发送完成，成功1个，失败0个[]","data":{"success":[{"group_id":3658905404,"group_link":"https:\/\/t.me\/+wcqRUxDn6zczYmM0","type":"megagroup","message":"发送成功","message_id":10089}],"failed":[],"debug":["处理标识符: https:\/\/t.me\/+wcqRUxDn6zczYmM0, 清理后: https:\/\/t.me\/+wcqRUxDn6zczYmM0, 识别为链接: True, 识别为数字ID: False"],"warning":""},"api_address":"185.165.170.142:5003"}
[2026-02-19T23:05:21+08:00][info] 消息ID缓存成功: task_id=33, group_id=https://t.me/+wcqRUxDn6zczYmM0, msg_index=1506, message_id=10089, send_user_id=2419
[2026-02-19T23:05:21+08:00][info] 消息状态标记为已发送: task_id=33, group_id=https://t.me/+wcqRUxDn6zczYmM0, msg_index=1506
[2026-02-19T23:05:21+08:00][info] 任务 33 将在 87 秒后继续处理下一条消息，索引: 1507, 实例ID: task_33_index_1507_1771513521.5844
[2026-02-19T23:05:23+08:00][info] 开始处理队列任务: task_id=28, current_index=1639
[2026-02-19T23:05:23+08:00][info] 消息缓存初始化完成: task_id=28, groups=https://t.me/+Hg62NsrbOCZmZmY8
[2026-02-19T23:05:23+08:00][info] 任务 28 第 3 次循环，重置群组 https://t.me/+Hg62NsrbOCZmZmY8 消息状态
[2026-02-19T23:05:23+08:00][info] 使用当前发送用户 2290 的 session_path/www/wwwroot/tdata.tgbota.top/public/uploads/admin/202601/6971e94ea480a/16109567221/tdata/temp_8273478041.session
[2026-02-19T23:05:26+08:00][info] 返回:{"status":true,"message":"发送完成，成功1个，失败0个[]","data":{"success":[{"group_id":3657218256,"group_link":"https:\/\/t.me\/+Hg62NsrbOCZmZmY8","type":"megagroup","message":"发送成功","message_id":21670}],"failed":[],"debug":["处理标识符: https:\/\/t.me\/+Hg62NsrbOCZmZmY8, 清理后: https:\/\/t.me\/+Hg62NsrbOCZmZmY8, 识别为链接: True, 识别为数字ID: False"],"warning":""},"api_address":"185.165.170.142:5025"}
[2026-02-19T23:05:26+08:00][info] 消息ID缓存成功: task_id=28, group_id=https://t.me/+Hg62NsrbOCZmZmY8, msg_index=1639, message_id=21670, send_user_id=2290
[2026-02-19T23:05:26+08:00][info] 消息状态标记为已发送: task_id=28, group_id=https://t.me/+Hg62NsrbOCZmZmY8, msg_index=1639
[2026-02-19T23:05:26+08:00][info] 任务 28 将在 88 秒后继续处理下一条消息，索引: 1640, 实例ID: task_28_index_1640_1771513526.242
[2026-02-19T23:05:27+08:00][info] 开始处理队列任务: task_id=40, current_index=357
[2026-02-19T23:05:27+08:00][info] 使用消息配置中指定的用户 3054 的 session_path/www/wwwroot/tdata.tgbota.top/public/uploads/admin/202602/699625adf380f/14642493499/tdata/temp_8457856345.session
[2026-02-19T23:05:30+08:00][info] 返回:{"status":true,"message":"发送完成，成功1个，失败0个[]","data":{"success":[{"group_id":3799666589,"group_link":"https:\/\/t.me\/+IfyZ_OVthdI5YzNk","type":"megagroup","message":"发送成功","message_id":510}],"failed":[],"debug":["处理标识符: https:\/\/t.me\/+IfyZ_OVthdI5YzNk, 清理后: https:\/\/t.me\/+IfyZ_OVthdI5YzNk, 识别为链接: True, 识别为数字ID: False"],"warning":""},"api_address":"185.165.170.142:5070"}
[2026-02-19T23:05:30+08:00][info] 消息ID缓存成功: task_id=40, group_id=https://t.me/+IfyZ_OVthdI5YzNk, msg_index=357, message_id=510, send_user_id=3054
[2026-02-19T23:05:30+08:00][info] 消息状态标记为已发送: task_id=40, group_id=https://t.me/+IfyZ_OVthdI5YzNk, msg_index=357
[2026-02-19T23:05:30+08:00][info] 任务 40 将在 75 秒后继续处理下一条消息，索引: 358, 实例ID: task_40_index_358_1771513530.1914
[2026-02-19T23:05:34+08:00][info] 开始处理队列任务: task_id=31, current_index=1640
[2026-02-19T23:05:35+08:00][info] 消息缓存初始化完成: task_id=31, groups=https://t.me/+4azhFwWhx1czMzE0
[2026-02-19T23:05:35+08:00][info] 任务 31 第 3 次循环，重置群组 https://t.me/+4azhFwWhx1czMzE0 消息状态
[2026-02-19T23:05:35+08:00][info] 使用消息配置中指定的用户 2284 的 session_path/www/wwwroot/tdata.tgbota.top/public/uploads/admin/202601/6971e94ea480a/16077418636/tdata/temp_8479245605.session
[2026-02-19T23:05:37+08:00][info] 返回:{"status":true,"message":"发送完成，成功1个，失败0个[]","data":{"success":[{"group_id":3079998653,"group_link":"https:\/\/t.me\/+4azhFwWhx1czMzE0","type":"megagroup","message":"发送成功","message_id":14493}],"failed":[],"debug":["处理标识符: https:\/\/t.me\/+4azhFwWhx1czMzE0, 清理后: https:\/\/t.me\/+4azhFwWhx1czMzE0, 识别为链接: True, 识别为数字ID: False"],"warning":""},"api_address":"185.165.170.142:5019"}
[2026-02-19T23:05:37+08:00][info] 消息ID缓存成功: task_id=31, group_id=https://t.me/+4azhFwWhx1czMzE0, msg_index=1640, message_id=14493, send_user_id=2284
[2026-02-19T23:05:37+08:00][info] 消息状态标记为已发送: task_id=31, group_id=https://t.me/+4azhFwWhx1czMzE0, msg_index=1640
[2026-02-19T23:05:37+08:00][info] 任务 31 将在 89 秒后继续处理下一条消息，索引: 1641, 实例ID: task_31_index_1641_1771513537.5377
[2026-02-19T23:05:52+08:00][info] 开始处理队列任务: task_id=29, current_index=1635
[2026-02-19T23:05:52+08:00][info] 消息缓存初始化完成: task_id=29, groups=https://t.me/+WZlsKfz1W89jYjE0
[2026-02-19T23:05:52+08:00][info] 任务 29 第 3 次循环，重置群组 https://t.me/+WZlsKfz1W89jYjE0 消息状态
[2026-02-19T23:05:52+08:00][info] 使用消息配置中指定的用户 2314 的 session_path/www/wwwroot/tdata.tgbota.top/public/uploads/admin/202601/6971e94ea480a/16095962673/tdata/temp_8022478339.session
[2026-02-19T23:05:55+08:00][info] 返回:{"status":true,"message":"发送完成，成功1个，失败0个[]","data":{"success":[{"group_id":3780502866,"group_link":"https:\/\/t.me\/+WZlsKfz1W89jYjE0","type":"megagroup","message":"发送成功","message_id":21729}],"failed":[],"debug":["处理标识符: https:\/\/t.me\/+WZlsKfz1W89jYjE0, 清理后: https:\/\/t.me\/+WZlsKfz1W89jYjE0, 识别为链接: True, 识别为数字ID: False"],"warning":""},"api_address":"185.165.170.142:5049"}
[2026-02-19T23:05:55+08:00][info] 消息ID缓存成功: task_id=29, group_id=https://t.me/+WZlsKfz1W89jYjE0, msg_index=1635, message_id=21729, send_user_id=2314
[2026-02-19T23:05:55+08:00][info] 消息状态标记为已发送: task_id=29, group_id=https://t.me/+WZlsKfz1W89jYjE0, msg_index=1635
[2026-02-19T23:05:55+08:00][info] 任务 29 将在 121 秒后继续处理下一条消息，索引: 1636, 实例ID: task_29_index_1636_1771513555.3257
[2026-02-19T23:05:59+08:00][info] 开始处理队列任务: task_id=34, current_index=1507
[2026-02-19T23:05:59+08:00][info] 消息缓存初始化完成: task_id=34, groups=https://t.me/+CUyn8iqnQwEzNDY0
[2026-02-19T23:05:59+08:00][info] 任务 34 第 2 次循环，重置群组 https://t.me/+CUyn8iqnQwEzNDY0 消息状态
[2026-02-19T23:05:59+08:00][info] 使用消息配置中指定的用户 2557 的 session_path/www/wwwroot/tdata.tgbota.top/public/uploads/admin/202602/69862ac4b6550/818014590093/tdata/temp_8254960010.session
[2026-02-19T23:06:01+08:00][info] 返回:{"status":true,"message":"发送完成，成功1个，失败0个[]","data":{"success":[{"group_id":3719450736,"group_link":"https:\/\/t.me\/+CUyn8iqnQwEzNDY0","type":"megagroup","message":"发送成功","message_id":10251}],"failed":[],"debug":["处理标识符: https:\/\/t.me\/+CUyn8iqnQwEzNDY0, 清理后: https:\/\/t.me\/+CUyn8iqnQwEzNDY0, 识别为链接: True, 识别为数字ID: False"],"warning":""},"api_address":"185.165.170.142:5141"}
[2026-02-19T23:06:01+08:00][info] 消息ID缓存成功: task_id=34, group_id=https://t.me/+CUyn8iqnQwEzNDY0, msg_index=1507, message_id=10251, send_user_id=2557
[2026-02-19T23:06:01+08:00][info] 消息状态标记为已发送: task_id=34, group_id=https://t.me/+CUyn8iqnQwEzNDY0, msg_index=1507
[2026-02-19T23:06:01+08:00][info] 任务 34 将在 78 秒后继续处理下一条消息，索引: 1508, 实例ID: task_34_index_1508_1771513561.3159
[2026-02-19T23:06:01+08:00][info] 开始处理队列任务: task_id=36, current_index=1671
[2026-02-19T23:06:01+08:00][info] 开始处理队列任务: task_id=37, current_index=1707
[2026-02-19T23:06:01+08:00][info] 消息缓存初始化完成: task_id=36, groups=https://t.me/+o12qlRNkdiViMjE0
[2026-02-19T23:06:01+08:00][info] 任务 36 第 3 次循环，重置群组 https://t.me/+o12qlRNkdiViMjE0 消息状态
[2026-02-19T23:06:01+08:00][info] 消息缓存初始化完成: task_id=37, groups=https://t.me/+DUAGbZI5vW41NWI8
[2026-02-19T23:06:01+08:00][info] 任务 37 第 3 次循环，重置群组 https://t.me/+DUAGbZI5vW41NWI8 消息状态
[2026-02-19T23:06:01+08:00][info] 使用feedbackType=1670的消息ID: 10314
[2026-02-19T23:06:01+08:00][info] 使用消息配置中指定的用户 2528 的 session_path/www/wwwroot/tdata.tgbota.top/public/uploads/admin/202602/69862ac4b6550/818011228005/tdata/temp_8235942469.session
[2026-02-19T23:06:01+08:00][info] 使用消息配置中指定的用户 2414 的 session_path/www/wwwroot/tdata.tgbota.top/public/uploads/admin/202602/69862ac4b6550/817026663586/tdata/temp_8594538341.session
[2026-02-19T23:06:03+08:00][info] 返回:{"status":true,"message":"发送完成，成功1个，失败0个[]","data":{"success":[{"group_id":3732578862,"group_link":"https:\/\/t.me\/+DUAGbZI5vW41NWI8","type":"megagroup","message":"发送成功","message_id":8481}],"failed":[],"debug":["处理标识符: https:\/\/t.me\/+DUAGbZI5vW41NWI8, 清理后: https:\/\/t.me\/+DUAGbZI5vW41NWI8, 识别为链接: True, 识别为数字ID: False"],"warning":""},"api_address":"185.165.170.142:5149"}
[2026-02-19T23:06:03+08:00][info] 消息ID缓存成功: task_id=37, group_id=https://t.me/+DUAGbZI5vW41NWI8, msg_index=1707, message_id=8481, send_user_id=2414
[2026-02-19T23:06:03+08:00][info] 消息状态标记为已发送: task_id=37, group_id=https://t.me/+DUAGbZI5vW41NWI8, msg_index=1707
[2026-02-19T23:06:03+08:00][info] 任务 37 将在 90 秒后继续处理下一条消息，索引: 1708, 实例ID: task_37_index_1708_1771513563.5631
[2026-02-19T23:06:03+08:00][info] 返回:{"status":true,"message":"发送完成，成功1个，失败0个[]","data":{"success":[{"group_id":3479387283,"group_link":"https:\/\/t.me\/+o12qlRNkdiViMjE0","type":"megagroup","message":"发送成功","message_id":10316}],"failed":[],"debug":["处理标识符: https:\/\/t.me\/+o12qlRNkdiViMjE0, 清理后: https:\/\/t.me\/+o12qlRNkdiViMjE0, 识别为链接: True, 识别为数字ID: False"],"warning":""},"api_address":"185.165.170.142:5112"}
[2026-02-19T23:06:03+08:00][info] 消息ID缓存成功: task_id=36, group_id=https://t.me/+o12qlRNkdiViMjE0, msg_index=1671, message_id=10316, send_user_id=2528
[2026-02-19T23:06:03+08:00][info] 消息状态标记为已发送: task_id=36, group_id=https://t.me/+o12qlRNkdiViMjE0, msg_index=1671
[2026-02-19T23:06:03+08:00][info] 任务 36 将在 118 秒后继续处理下一条消息，索引: 1672, 实例ID: task_36_index_1672_1771513563.6736
[2026-02-19T23:06:04+08:00][info] 开始处理队列任务: task_id=35, current_index=1720
[2026-02-19T23:06:05+08:00][info] 消息缓存初始化完成: task_id=35, groups=https://t.me/+BrIuI_-gkNhhYTE0
[2026-02-19T23:06:05+08:00][info] 任务 35 第 3 次循环，重置群组 https://t.me/+BrIuI_-gkNhhYTE0 消息状态
[2026-02-19T23:06:05+08:00][info] 使用feedbackType=1720的消息ID: 10303
[2026-02-19T23:06:05+08:00][info] 使用消息配置中指定的用户 2551 的 session_path/www/wwwroot/tdata.tgbota.top/public/uploads/admin/202602/69862ac4b6550/819095037355/tdata/temp_8528198306.session
[2026-02-19T23:06:07+08:00][info] 返回:{"status":true,"message":"发送完成，成功1个，失败0个[]","data":{"success":[{"group_id":3646934744,"group_link":"https:\/\/t.me\/+BrIuI_-gkNhhYTE0","type":"megagroup","message":"发送成功","message_id":10304}],"failed":[],"debug":["处理标识符: https:\/\/t.me\/+BrIuI_-gkNhhYTE0, 清理后: https:\/\/t.me\/+BrIuI_-gkNhhYTE0, 识别为链接: True, 识别为数字ID: False"],"warning":""},"api_address":"185.165.170.142:5135"}
[2026-02-19T23:06:07+08:00][info] 消息ID缓存成功: task_id=35, group_id=https://t.me/+BrIuI_-gkNhhYTE0, msg_index=1720, message_id=10304, send_user_id=2551
[2026-02-19T23:06:07+08:00][info] 消息状态标记为已发送: task_id=35, group_id=https://t.me/+BrIuI_-gkNhhYTE0, msg_index=1720
[2026-02-19T23:06:07+08:00][info] 任务 35 将在 100 秒后继续处理下一条消息，索引: 1721, 实例ID: task_35_index_1721_1771513567.9355
[2026-02-19T23:06:10+08:00][info] 开始处理队列任务: task_id=27, current_index=1603
[2026-02-19T23:06:11+08:00][info] 消息缓存初始化完成: task_id=27, groups=https://t.me/+_XaTo9Qrv0VjOTM0
[2026-02-19T23:06:11+08:00][info] 任务 27 第 3 次循环，重置群组 https://t.me/+_XaTo9Qrv0VjOTM0 消息状态
[2026-02-19T23:06:11+08:00][info] 使用当前发送用户 1884 的 session_path/www/wwwroot/tdata.tgbota.top/public/uploads/admin/202601/6960a58a3f18c/13632078448/tdata/temp_8210744763.session
[2026-02-19T23:06:11+08:00][info] 开始处理队列任务: task_id=39, current_index=359
[2026-02-19T23:06:12+08:00][info] 使用feedbackType=359的消息ID: 510
[2026-02-19T23:06:12+08:00][info] 使用当前发送用户 3041 的 session_path/www/wwwroot/tdata.tgbota.top/public/uploads/admin/202602/699625adf380f/14707193735/tdata/temp_8262936010.session
[2026-02-19T23:06:13+08:00][info] 返回:{"status":true,"message":"发送完成，成功1个，失败0个[]","data":{"success":[{"group_id":3649225144,"group_link":"https:\/\/t.me\/+_XaTo9Qrv0VjOTM0","type":"megagroup","message":"发送成功","message_id":33217}],"failed":[],"debug":["处理标识符: https:\/\/t.me\/+_XaTo9Qrv0VjOTM0, 清理后: https:\/\/t.me\/+_XaTo9Qrv0VjOTM0, 识别为链接: True, 识别为数字ID: False"],"warning":""},"api_address":"185.165.170.142:5072"}
[2026-02-19T23:06:13+08:00][info] 消息ID缓存成功: task_id=27, group_id=https://t.me/+_XaTo9Qrv0VjOTM0, msg_index=1603, message_id=33217, send_user_id=1884
[2026-02-19T23:06:13+08:00][info] 消息状态标记为已发送: task_id=27, group_id=https://t.me/+_XaTo9Qrv0VjOTM0, msg_index=1603
[2026-02-19T23:06:13+08:00][info] 任务 27 将在 78 秒后继续处理下一条消息，索引: 1604, 实例ID: task_27_index_1604_1771513573.8649
[2026-02-19T23:06:15+08:00][info] 返回:{"status":true,"message":"发送完成，成功1个，失败0个[]","data":{"success":[{"group_id":3770869551,"group_link":"https:\/\/t.me\/+ZpSvBhFQCCEwMzdk","type":"megagroup","message":"发送成功","message_id":511}],"failed":[],"debug":["处理标识符: https:\/\/t.me\/+ZpSvBhFQCCEwMzdk, 清理后: https:\/\/t.me\/+ZpSvBhFQCCEwMzdk, 识别为链接: True, 识别为数字ID: False"],"warning":""},"api_address":"185.165.170.142:5057"}
[2026-02-19T23:06:15+08:00][info] 消息ID缓存成功: task_id=39, group_id=https://t.me/+ZpSvBhFQCCEwMzdk, msg_index=359, message_id=511, send_user_id=3041
[2026-02-19T23:06:15+08:00][info] 消息状态标记为已发送: task_id=39, group_id=https://t.me/+ZpSvBhFQCCEwMzdk, msg_index=359
[2026-02-19T23:06:15+08:00][info] 任务 39 将在 98 秒后继续处理下一条消息，索引: 360, 实例ID: task_39_index_360_1771513575.688
[2026-02-19T23:06:45+08:00][info] 开始处理队列任务: task_id=40, current_index=358
[2026-02-19T23:06:45+08:00][info] 使用当前发送用户 3047 的 session_path/www/wwwroot/tdata.tgbota.top/public/uploads/admin/202602/699625adf380f/14642493566/tdata/temp_8359665343.session
[2026-02-19T23:06:47+08:00][info] 返回:{"status":true,"message":"发送完成，成功1个，失败0个[]","data":{"success":[{"group_id":3799666589,"group_link":"https:\/\/t.me\/+IfyZ_OVthdI5YzNk","type":"megagroup","message":"发送成功","message_id":511}],"failed":[],"debug":["处理标识符: https:\/\/t.me\/+IfyZ_OVthdI5YzNk, 清理后: https:\/\/t.me\/+IfyZ_OVthdI5YzNk, 识别为链接: True, 识别为数字ID: False"],"warning":""},"api_address":"185.165.170.142:5063"}
[2026-02-19T23:06:47+08:00][info] 消息ID缓存成功: task_id=40, group_id=https://t.me/+IfyZ_OVthdI5YzNk, msg_index=358, message_id=511, send_user_id=3047
[2026-02-19T23:06:47+08:00][info] 消息状态标记为已发送: task_id=40, group_id=https://t.me/+IfyZ_OVthdI5YzNk, msg_index=358
[2026-02-19T23:06:47+08:00][info] 任务 40 将在 87 秒后继续处理下一条消息，索引: 359, 实例ID: task_40_index_359_1771513607.8386
[2026-02-19T23:06:48+08:00][info] 开始处理队列任务: task_id=33, current_index=1507
[2026-02-19T23:06:48+08:00][info] 消息缓存初始化完成: task_id=33, groups=https://t.me/+wcqRUxDn6zczYmM0
[2026-02-19T23:06:48+08:00][info] 任务 33 第 2 次循环，重置群组 https://t.me/+wcqRUxDn6zczYmM0 消息状态
[2026-02-19T23:06:48+08:00][info] 使用消息配置中指定的用户 2557 的 session_path/www/wwwroot/tdata.tgbota.top/public/uploads/admin/202602/69862ac4b6550/818014590093/tdata/temp_8254960010.session
[2026-02-19T23:06:50+08:00][info] 返回:{"status":true,"message":"发送完成，成功1个，失败0个[]","data":{"success":[{"group_id":3658905404,"group_link":"https:\/\/t.me\/+wcqRUxDn6zczYmM0","type":"megagroup","message":"发送成功","message_id":10090}],"failed":[],"debug":["处理标识符: https:\/\/t.me\/+wcqRUxDn6zczYmM0, 清理后: https:\/\/t.me\/+wcqRUxDn6zczYmM0, 识别为链接: True, 识别为数字ID: False"],"warning":""},"api_address":"185.165.170.142:5141"}
[2026-02-19T23:06:50+08:00][info] 消息ID缓存成功: task_id=33, group_id=https://t.me/+wcqRUxDn6zczYmM0, msg_index=1507, message_id=10090, send_user_id=2557
[2026-02-19T23:06:50+08:00][info] 消息状态标记为已发送: task_id=33, group_id=https://t.me/+wcqRUxDn6zczYmM0, msg_index=1507
[2026-02-19T23:06:50+08:00][info] 任务 33 将在 78 秒后继续处理下一条消息，索引: 1508, 实例ID: task_33_index_1508_1771513610.6161
[2026-02-19T23:06:51+08:00][info] 开始处理队列任务: task_id=25, current_index=1635
[2026-02-19T23:06:52+08:00][info] 消息缓存初始化完成: task_id=25, groups=https://t.me/+HZFEhfAwKjhmZDZk
[2026-02-19T23:06:52+08:00][info] 任务 25 第 3 次循环，重置群组 https://t.me/+HZFEhfAwKjhmZDZk 消息状态
[2026-02-19T23:06:52+08:00][info] 使用消息配置中指定的用户 2314 的 session_path/www/wwwroot/tdata.tgbota.top/public/uploads/admin/202601/6971e94ea480a/16095962673/tdata/temp_8022478339.session
[2026-02-19T23:06:54+08:00][info] 返回:{"status":true,"message":"发送完成，成功1个，失败0个[]","data":{"success":[{"group_id":3482989339,"group_link":"https:\/\/t.me\/+HZFEhfAwKjhmZDZk","type":"megagroup","message":"发送成功","message_id":30189}],"failed":[],"debug":["处理标识符: https:\/\/t.me\/+HZFEhfAwKjhmZDZk, 清理后: https:\/\/t.me\/+HZFEhfAwKjhmZDZk, 识别为链接: True, 识别为数字ID: False"],"warning":""},"api_address":"185.165.170.142:5049"}
[2026-02-19T23:06:54+08:00][info] 消息ID缓存成功: task_id=25, group_id=https://t.me/+HZFEhfAwKjhmZDZk, msg_index=1635, message_id=30189, send_user_id=2314
[2026-02-19T23:06:54+08:00][info] 消息状态标记为已发送: task_id=25, group_id=https://t.me/+HZFEhfAwKjhmZDZk, msg_index=1635
[2026-02-19T23:06:54+08:00][info] 任务 25 将在 121 秒后继续处理下一条消息，索引: 1636, 实例ID: task_25_index_1636_1771513614.6936
[2026-02-19T23:06:54+08:00][info] 开始处理队列任务: task_id=28, current_index=1640
[2026-02-19T23:06:54+08:00][info] 消息缓存初始化完成: task_id=28, groups=https://t.me/+Hg62NsrbOCZmZmY8
[2026-02-19T23:06:54+08:00][info] 任务 28 第 3 次循环，重置群组 https://t.me/+Hg62NsrbOCZmZmY8 消息状态
[2026-02-19T23:06:55+08:00][info] 使用消息配置中指定的用户 2284 的 session_path/www/wwwroot/tdata.tgbota.top/public/uploads/admin/202601/6971e94ea480a/16077418636/tdata/temp_8479245605.session
[2026-02-19T23:06:56+08:00][info] 开始处理队列任务: task_id=38, current_index=360
[2026-02-19T23:06:56+08:00][info] 使用当前发送用户 3035 的 session_path/www/wwwroot/tdata.tgbota.top/public/uploads/admin/202602/699625adf380f/14709345338/tdata/temp_8107832337.session
[2026-02-19T23:06:57+08:00][info] 返回:{"status":true,"message":"发送完成，成功1个，失败0个[]","data":{"success":[{"group_id":3657218256,"group_link":"https:\/\/t.me\/+Hg62NsrbOCZmZmY8","type":"megagroup","message":"发送成功","message_id":21671}],"failed":[],"debug":["处理标识符: https:\/\/t.me\/+Hg62NsrbOCZmZmY8, 清理后: https:\/\/t.me\/+Hg62NsrbOCZmZmY8, 识别为链接: True, 识别为数字ID: False"],"warning":""},"api_address":"185.165.170.142:5019"}
[2026-02-19T23:06:57+08:00][info] 消息ID缓存成功: task_id=28, group_id=https://t.me/+Hg62NsrbOCZmZmY8, msg_index=1640, message_id=21671, send_user_id=2284
[2026-02-19T23:06:57+08:00][info] 消息状态标记为已发送: task_id=28, group_id=https://t.me/+Hg62NsrbOCZmZmY8, msg_index=1640
[2026-02-19T23:06:57+08:00][info] 任务 28 将在 89 秒后继续处理下一条消息，索引: 1641, 实例ID: task_28_index_1641_1771513617.6632
[2026-02-19T23:06:59+08:00][info] 返回:{"status":true,"message":"发送完成，成功1个，失败0个[]","data":{"success":[{"group_id":3794396962,"group_link":"https:\/\/t.me\/+69dYKDni-wFmYWE0","type":"megagroup","message":"发送成功","message_id":512}],"failed":[],"debug":["处理标识符: https:\/\/t.me\/+69dYKDni-wFmYWE0, 清理后: https:\/\/t.me\/+69dYKDni-wFmYWE0, 识别为链接: True, 识别为数字ID: False"],"warning":""},"api_address":"185.165.170.142:5051"}
[2026-02-19T23:06:59+08:00][info] 消息ID缓存成功: task_id=38, group_id=https://t.me/+69dYKDni-wFmYWE0, msg_index=360, message_id=512, send_user_id=3035
[2026-02-19T23:06:59+08:00][info] 消息状态标记为已发送: task_id=38, group_id=https://t.me/+69dYKDni-wFmYWE0, msg_index=360
[2026-02-19T23:06:59+08:00][info] 任务 38 将在 102 秒后继续处理下一条消息，索引: 361, 实例ID: task_38_index_361_1771513619.2735
[2026-02-19T23:07:06+08:00][info] 开始处理队列任务: task_id=31, current_index=1641
[2026-02-19T23:07:06+08:00][info] 消息缓存初始化完成: task_id=31, groups=https://t.me/+4azhFwWhx1czMzE0
[2026-02-19T23:07:06+08:00][info] 任务 31 第 3 次循环，重置群组 https://t.me/+4azhFwWhx1czMzE0 消息状态
[2026-02-19T23:07:06+08:00][info] 使用当前发送用户 2290 的 session_path/www/wwwroot/tdata.tgbota.top/public/uploads/admin/202601/6971e94ea480a/16109567221/tdata/temp_8273478041.session
[2026-02-19T23:07:09+08:00][info] 返回:{"status":true,"message":"发送完成，成功1个，失败0个[]","data":{"success":[{"group_id":3079998653,"group_link":"https:\/\/t.me\/+4azhFwWhx1czMzE0","type":"megagroup","message":"发送成功","message_id":14494}],"failed":[],"debug":["处理标识符: https:\/\/t.me\/+4azhFwWhx1czMzE0, 清理后: https:\/\/t.me\/+4azhFwWhx1czMzE0, 识别为链接: True, 识别为数字ID: False"],"warning":""},"api_address":"185.165.170.142:5025"}
[2026-02-19T23:07:09+08:00][info] 消息ID缓存成功: task_id=31, group_id=https://t.me/+4azhFwWhx1czMzE0, msg_index=1641, message_id=14494, send_user_id=2290
[2026-02-19T23:07:09+08:00][info] 消息状态标记为已发送: task_id=31, group_id=https://t.me/+4azhFwWhx1czMzE0, msg_index=1641
[2026-02-19T23:07:09+08:00][info] 任务 31 将在 76 秒后继续处理下一条消息，索引: 1642, 实例ID: task_31_index_1642_1771513629.4891
[2026-02-19T23:07:19+08:00][info] 开始处理队列任务: task_id=34, current_index=1508
[2026-02-19T23:07:20+08:00][info] 消息缓存初始化完成: task_id=34, groups=https://t.me/+CUyn8iqnQwEzNDY0
[2026-02-19T23:07:20+08:00][info] 任务 34 第 2 次循环，重置群组 https://t.me/+CUyn8iqnQwEzNDY0 消息状态
[2026-02-19T23:07:20+08:00][info] 从数据库获取用户 2557 的 session_path
[2026-02-19T23:07:21+08:00][info] 返回:{"status":true,"message":"发送完成，成功1个，失败0个[]","data":{"success":[{"group_id":3719450736,"group_link":"https:\/\/t.me\/+CUyn8iqnQwEzNDY0","type":"megagroup","message":"发送成功","message_id":10252}],"failed":[],"debug":["处理标识符: https:\/\/t.me\/+CUyn8iqnQwEzNDY0, 清理后: https:\/\/t.me\/+CUyn8iqnQwEzNDY0, 识别为链接: True, 识别为数字ID: False"],"warning":""},"api_address":"185.165.170.142:5141"}
[2026-02-19T23:07:21+08:00][info] 消息ID缓存成功: task_id=34, group_id=https://t.me/+CUyn8iqnQwEzNDY0, msg_index=1508, message_id=10252, send_user_id=2557
[2026-02-19T23:07:21+08:00][info] 消息状态标记为已发送: task_id=34, group_id=https://t.me/+CUyn8iqnQwEzNDY0, msg_index=1508
[2026-02-19T23:07:22+08:00][info] 任务 34 将在 79 秒后继续处理下一条消息，索引: 1509, 实例ID: task_34_index_1509_1771513642.0085
[2026-02-19T23:07:31+08:00][info] 开始处理队列任务: task_id=27, current_index=1604
[2026-02-19T23:07:31+08:00][info] 消息缓存初始化完成: task_id=27, groups=https://t.me/+_XaTo9Qrv0VjOTM0
[2026-02-19T23:07:31+08:00][info] 任务 27 第 3 次循环，重置群组 https://t.me/+_XaTo9Qrv0VjOTM0 消息状态
[2026-02-19T23:07:31+08:00][info] 使用当前发送用户 1860 的 session_path/www/wwwroot/tdata.tgbota.top/public/uploads/admin/202601/6960a58a3f18c/13613269953/tdata/temp_8022197853.session
[2026-02-19T23:07:33+08:00][info] 开始处理队列任务: task_id=37, current_index=1708
[2026-02-19T23:07:33+08:00][info] 返回:{"status":true,"message":"发送完成，成功1个，失败0个[]","data":{"success":[{"group_id":3649225144,"group_link":"https:\/\/t.me\/+_XaTo9Qrv0VjOTM0","type":"megagroup","message":"发送成功","message_id":33218}],"failed":[],"debug":["处理标识符: https:\/\/t.me\/+_XaTo9Qrv0VjOTM0, 清理后: https:\/\/t.me\/+_XaTo9Qrv0VjOTM0, 识别为链接: True, 识别为数字ID: False"],"warning":""},"api_address":"185.165.170.142:5001"}
[2026-02-19T23:07:33+08:00][info] 消息ID缓存成功: task_id=27, group_id=https://t.me/+_XaTo9Qrv0VjOTM0, msg_index=1604, message_id=33218, send_user_id=1860
[2026-02-19T23:07:33+08:00][info] 消息状态标记为已发送: task_id=27, group_id=https://t.me/+_XaTo9Qrv0VjOTM0, msg_index=1604
[2026-02-19T23:07:33+08:00][info] 消息缓存初始化完成: task_id=37, groups=https://t.me/+DUAGbZI5vW41NWI8
[2026-02-19T23:07:33+08:00][info] 任务 37 第 3 次循环，重置群组 https://t.me/+DUAGbZI5vW41NWI8 消息状态
[2026-02-19T23:07:33+08:00][info] 任务 27 将在 89 秒后继续处理下一条消息，索引: 1605, 实例ID: task_27_index_1605_1771513653.7914
[2026-02-19T23:07:33+08:00][info] 使用消息配置中指定的用户 2413 的 session_path/www/wwwroot/tdata.tgbota.top/public/uploads/admin/202602/69862ac4b6550/818010974456/tdata/temp_8406035094.session
[2026-02-19T23:07:35+08:00][info] 返回:{"status":true,"message":"发送完成，成功1个，失败0个[]","data":{"success":[{"group_id":3732578862,"group_link":"https:\/\/t.me\/+DUAGbZI5vW41NWI8","type":"megagroup","message":"发送成功","message_id":8482}],"failed":[],"debug":["处理标识符: https:\/\/t.me\/+DUAGbZI5vW41NWI8, 清理后: https:\/\/t.me\/+DUAGbZI5vW41NWI8, 识别为链接: True, 识别为数字ID: False"],"warning":""},"api_address":"185.165.170.142:5148"}
[2026-02-19T23:07:35+08:00][info] 消息ID缓存成功: task_id=37, group_id=https://t.me/+DUAGbZI5vW41NWI8, msg_index=1708, message_id=8482, send_user_id=2413
[2026-02-19T23:07:35+08:00][info] 消息状态标记为已发送: task_id=37, group_id=https://t.me/+DUAGbZI5vW41NWI8, msg_index=1708
[2026-02-19T23:07:35+08:00][info] 任务 37 将在 83 秒后继续处理下一条消息，索引: 1709, 实例ID: task_37_index_1709_1771513655.9384
[2026-02-19T23:07:47+08:00][info] 开始处理队列任务: task_id=35, current_index=1721
[2026-02-19T23:07:47+08:00][info] 消息缓存初始化完成: task_id=35, groups=https://t.me/+BrIuI_-gkNhhYTE0
[2026-02-19T23:07:47+08:00][info] 任务 35 第 3 次循环，重置群组 https://t.me/+BrIuI_-gkNhhYTE0 消息状态
[2026-02-19T23:07:47+08:00][info] 使用消息配置中指定的用户 2553 的 session_path/www/wwwroot/tdata.tgbota.top/public/uploads/admin/202602/69862ac4b6550/818011908355/tdata/temp_8242859598.session
[2026-02-19T23:07:49+08:00][info] 返回:{"status":true,"message":"发送完成，成功1个，失败0个[]","data":{"success":[{"group_id":3646934744,"group_link":"https:\/\/t.me\/+BrIuI_-gkNhhYTE0","type":"megagroup","message":"发送成功","message_id":10305}],"failed":[],"debug":["处理标识符: https:\/\/t.me\/+BrIuI_-gkNhhYTE0, 清理后: https:\/\/t.me\/+BrIuI_-gkNhhYTE0, 识别为链接: True, 识别为数字ID: False"],"warning":""},"api_address":"185.165.170.142:5137"}
[2026-02-19T23:07:49+08:00][info] 消息ID缓存成功: task_id=35, group_id=https://t.me/+BrIuI_-gkNhhYTE0, msg_index=1721, message_id=10305, send_user_id=2553
[2026-02-19T23:07:49+08:00][info] 消息状态标记为已发送: task_id=35, group_id=https://t.me/+BrIuI_-gkNhhYTE0, msg_index=1721
[2026-02-19T23:07:49+08:00][info] 任务 35 将在 69 秒后继续处理下一条消息，索引: 1722, 实例ID: task_35_index_1722_1771513669.2525
[2026-02-19T23:07:53+08:00][info] 开始处理队列任务: task_id=39, current_index=360
[2026-02-19T23:07:53+08:00][info] 使用当前发送用户 3035 的 session_path/www/wwwroot/tdata.tgbota.top/public/uploads/admin/202602/699625adf380f/14709345338/tdata/temp_8107832337.session
[2026-02-19T23:07:55+08:00][info] 返回:{"status":true,"message":"发送完成，成功1个，失败0个[]","data":{"success":[{"group_id":3770869551,"group_link":"https:\/\/t.me\/+ZpSvBhFQCCEwMzdk","type":"megagroup","message":"发送成功","message_id":512}],"failed":[],"debug":["处理标识符: https:\/\/t.me\/+ZpSvBhFQCCEwMzdk, 清理后: https:\/\/t.me\/+ZpSvBhFQCCEwMzdk, 识别为链接: True, 识别为数字ID: False"],"warning":""},"api_address":"185.165.170.142:5051"}
[2026-02-19T23:07:55+08:00][info] 消息ID缓存成功: task_id=39, group_id=https://t.me/+ZpSvBhFQCCEwMzdk, msg_index=360, message_id=512, send_user_id=3035
[2026-02-19T23:07:55+08:00][info] 消息状态标记为已发送: task_id=39, group_id=https://t.me/+ZpSvBhFQCCEwMzdk, msg_index=360
[2026-02-19T23:07:55+08:00][info] 任务 39 将在 102 秒后继续处理下一条消息，索引: 361, 实例ID: task_39_index_361_1771513675.6411
[2026-02-19T23:07:56+08:00][info] 开始处理队列任务: task_id=29, current_index=1636
[2026-02-19T23:07:56+08:00][info] 消息缓存初始化完成: task_id=29, groups=https://t.me/+WZlsKfz1W89jYjE0
[2026-02-19T23:07:56+08:00][info] 任务 29 第 3 次循环，重置群组 https://t.me/+WZlsKfz1W89jYjE0 消息状态
[2026-02-19T23:07:56+08:00][info] 使用feedbackType=1636的消息ID: 21729
[2026-02-19T23:07:56+08:00][info] 使用当前发送用户 2297 的 session_path/www/wwwroot/tdata.tgbota.top/public/uploads/admin/202601/6971e94ea480a/16073903254/tdata/temp_7941895315.session
[2026-02-19T23:07:59+08:00][info] 返回:{"status":true,"message":"发送完成，成功1个，失败0个[]","data":{"success":[{"group_id":3780502866,"group_link":"https:\/\/t.me\/+WZlsKfz1W89jYjE0","type":"megagroup","message":"发送成功","message_id":21730}],"failed":[],"debug":["处理标识符: https:\/\/t.me\/+WZlsKfz1W89jYjE0, 清理后: https:\/\/t.me\/+WZlsKfz1W89jYjE0, 识别为链接: True, 识别为数字ID: False"],"warning":""},"api_address":"185.165.170.142:5032"}
[2026-02-19T23:07:59+08:00][info] 消息ID缓存成功: task_id=29, group_id=https://t.me/+WZlsKfz1W89jYjE0, msg_index=1636, message_id=21730, send_user_id=2297
[2026-02-19T23:07:59+08:00][info] 消息状态标记为已发送: task_id=29, group_id=https://t.me/+WZlsKfz1W89jYjE0, msg_index=1636
[2026-02-19T23:07:59+08:00][info] 任务 29 将在 98 秒后继续处理下一条消息，索引: 1637, 实例ID: task_29_index_1637_1771513679.6065
[2026-02-19T23:08:01+08:00][info] 开始处理队列任务: task_id=36, current_index=1672
[2026-02-19T23:08:01+08:00][info] 消息缓存初始化完成: task_id=36, groups=https://t.me/+o12qlRNkdiViMjE0
[2026-02-19T23:08:01+08:00][info] 任务 36 第 3 次循环，重置群组 https://t.me/+o12qlRNkdiViMjE0 消息状态
[2026-02-19T23:08:01+08:00][info] 使用消息配置中指定的用户 2546 的 session_path/www/wwwroot/tdata.tgbota.top/public/uploads/admin/202602/69862ac4b6550/818013403185/tdata/temp_8345809150.session
[2026-02-19T23:08:03+08:00][info] 返回:{"status":true,"message":"发送完成，成功1个，失败0个[]","data":{"success":[{"group_id":3479387283,"group_link":"https:\/\/t.me\/+o12qlRNkdiViMjE0","type":"megagroup","message":"发送成功","message_id":10317}],"failed":[],"debug":["处理标识符: https:\/\/t.me\/+o12qlRNkdiViMjE0, 清理后: https:\/\/t.me\/+o12qlRNkdiViMjE0, 识别为链接: True, 识别为数字ID: False"],"warning":""},"api_address":"185.165.170.142:5130"}
[2026-02-19T23:08:03+08:00][info] 消息ID缓存成功: task_id=36, group_id=https://t.me/+o12qlRNkdiViMjE0, msg_index=1672, message_id=10317, send_user_id=2546
[2026-02-19T23:08:03+08:00][info] 消息状态标记为已发送: task_id=36, group_id=https://t.me/+o12qlRNkdiViMjE0, msg_index=1672
[2026-02-19T23:08:03+08:00][info] 任务 36 将在 82 秒后继续处理下一条消息，索引: 1673, 实例ID: task_36_index_1673_1771513683.2594
[2026-02-19T23:08:08+08:00][info] 开始处理队列任务: task_id=33, current_index=1508
[2026-02-19T23:08:08+08:00][info] 消息缓存初始化完成: task_id=33, groups=https://t.me/+wcqRUxDn6zczYmM0
[2026-02-19T23:08:08+08:00][info] 任务 33 第 2 次循环，重置群组 https://t.me/+wcqRUxDn6zczYmM0 消息状态
[2026-02-19T23:08:08+08:00][info] 使用消息配置中指定的用户 2557 的 session_path/www/wwwroot/tdata.tgbota.top/public/uploads/admin/202602/69862ac4b6550/818014590093/tdata/temp_8254960010.session
[2026-02-19T23:08:10+08:00][info] 返回:{"status":true,"message":"发送完成，成功1个，失败0个[]","data":{"success":[{"group_id":3658905404,"group_link":"https:\/\/t.me\/+wcqRUxDn6zczYmM0","type":"megagroup","message":"发送成功","message_id":10091}],"failed":[],"debug":["处理标识符: https:\/\/t.me\/+wcqRUxDn6zczYmM0, 清理后: https:\/\/t.me\/+wcqRUxDn6zczYmM0, 识别为链接: True, 识别为数字ID: False"],"warning":""},"api_address":"185.165.170.142:5141"}
[2026-02-19T23:08:10+08:00][info] 消息ID缓存成功: task_id=33, group_id=https://t.me/+wcqRUxDn6zczYmM0, msg_index=1508, message_id=10091, send_user_id=2557
[2026-02-19T23:08:10+08:00][info] 消息状态标记为已发送: task_id=33, group_id=https://t.me/+wcqRUxDn6zczYmM0, msg_index=1508
[2026-02-19T23:08:10+08:00][info] 任务 33 将在 79 秒后继续处理下一条消息，索引: 1509, 实例ID: task_33_index_1509_1771513690.696
[2026-02-19T23:08:14+08:00][info] 开始处理队列任务: task_id=40, current_index=359
[2026-02-19T23:08:14+08:00][info] 使用feedbackType=359的消息ID: 511
[2026-02-19T23:08:14+08:00][info] 使用当前发送用户 3041 的 session_path/www/wwwroot/tdata.tgbota.top/public/uploads/admin/202602/699625adf380f/14707193735/tdata/temp_8262936010.session
[2026-02-19T23:08:16+08:00][info] 返回:{"status":true,"message":"发送完成，成功1个，失败0个[]","data":{"success":[{"group_id":3799666589,"group_link":"https:\/\/t.me\/+IfyZ_OVthdI5YzNk","type":"megagroup","message":"发送成功","message_id":512}],"failed":[],"debug":["处理标识符: https:\/\/t.me\/+IfyZ_OVthdI5YzNk, 清理后: https:\/\/t.me\/+IfyZ_OVthdI5YzNk, 识别为链接: True, 识别为数字ID: False"],"warning":""},"api_address":"185.165.170.142:5057"}
[2026-02-19T23:08:16+08:00][info] 消息ID缓存成功: task_id=40, group_id=https://t.me/+IfyZ_OVthdI5YzNk, msg_index=359, message_id=512, send_user_id=3041
[2026-02-19T23:08:16+08:00][info] 消息状态标记为已发送: task_id=40, group_id=https://t.me/+IfyZ_OVthdI5YzNk, msg_index=359
[2026-02-19T23:08:17+08:00][info] 任务 40 将在 98 秒后继续处理下一条消息，索引: 360, 实例ID: task_40_index_360_1771513697.0153
[2026-02-19T23:08:25+08:00][info] 开始处理队列任务: task_id=31, current_index=1642
[2026-02-19T23:08:25+08:00][info] 消息缓存初始化完成: task_id=31, groups=https://t.me/+4azhFwWhx1czMzE0
[2026-02-19T23:08:25+08:00][info] 任务 31 第 3 次循环，重置群组 https://t.me/+4azhFwWhx1czMzE0 消息状态
[2026-02-19T23:08:25+08:00][info] 从数据库获取用户 2277 的 session_path
[2026-02-19T23:08:26+08:00][info] 开始处理队列任务: task_id=28, current_index=1641
[2026-02-19T23:08:26+08:00][info] 消息缓存初始化完成: task_id=28, groups=https://t.me/+Hg62NsrbOCZmZmY8
[2026-02-19T23:08:26+08:00][info] 任务 28 第 3 次循环，重置群组 https://t.me/+Hg62NsrbOCZmZmY8 消息状态
[2026-02-19T23:08:26+08:00][info] 使用当前发送用户 2290 的 session_path/www/wwwroot/tdata.tgbota.top/public/uploads/admin/202601/6971e94ea480a/16109567221/tdata/temp_8273478041.session
[2026-02-19T23:08:28+08:00][info] 返回:{"status":true,"message":"发送完成，成功1个，失败0个[]","data":{"success":[{"group_id":3079998653,"group_link":"https:\/\/t.me\/+4azhFwWhx1czMzE0","type":"megagroup","message":"发送成功","message_id":14495}],"failed":[],"debug":["处理标识符: https:\/\/t.me\/+4azhFwWhx1czMzE0, 清理后: https:\/\/t.me\/+4azhFwWhx1czMzE0, 识别为链接: True, 识别为数字ID: False"],"warning":""},"api_address":"185.165.170.142:5012"}
[2026-02-19T23:08:28+08:00][info] 消息ID缓存成功: task_id=31, group_id=https://t.me/+4azhFwWhx1czMzE0, msg_index=1642, message_id=14495, send_user_id=2277
[2026-02-19T23:08:28+08:00][info] 消息状态标记为已发送: task_id=31, group_id=https://t.me/+4azhFwWhx1czMzE0, msg_index=1642
[2026-02-19T23:08:28+08:00][info] 任务 31 将在 80 秒后继续处理下一条消息，索引: 1643, 实例ID: task_31_index_1643_1771513708.5854
[2026-02-19T23:08:29+08:00][info] 返回:{"status":true,"message":"发送完成，成功1个，失败0个[]","data":{"success":[{"group_id":3657218256,"group_link":"https:\/\/t.me\/+Hg62NsrbOCZmZmY8","type":"megagroup","message":"发送成功","message_id":21672}],"failed":[],"debug":["处理标识符: https:\/\/t.me\/+Hg62NsrbOCZmZmY8, 清理后: https:\/\/t.me\/+Hg62NsrbOCZmZmY8, 识别为链接: True, 识别为数字ID: False"],"warning":""},"api_address":"185.165.170.142:5025"}
[2026-02-19T23:08:29+08:00][info] 消息ID缓存成功: task_id=28, group_id=https://t.me/+Hg62NsrbOCZmZmY8, msg_index=1641, message_id=21672, send_user_id=2290
[2026-02-19T23:08:29+08:00][info] 消息状态标记为已发送: task_id=28, group_id=https://t.me/+Hg62NsrbOCZmZmY8, msg_index=1641
[2026-02-19T23:08:30+08:00][info] 任务 28 将在 76 秒后继续处理下一条消息，索引: 1642, 实例ID: task_28_index_1642_1771513710.4743
[2026-02-19T23:08:41+08:00][info] 开始处理队列任务: task_id=34, current_index=1509
[2026-02-19T23:08:42+08:00][info] 开始处理队列任务: task_id=38, current_index=361
[2026-02-19T23:08:42+08:00][info] 使用当前发送用户 3029 的 session_path/www/wwwroot/tdata.tgbota.top/public/uploads/admin/202602/699625adf380f/14632952838/tdata/temp_8232193079.session
[2026-02-19T23:08:42+08:00][info] 消息缓存初始化完成: task_id=34, groups=https://t.me/+CUyn8iqnQwEzNDY0
[2026-02-19T23:08:42+08:00][info] 任务 34 第 2 次循环，重置群组 https://t.me/+CUyn8iqnQwEzNDY0 消息状态
[2026-02-19T23:08:42+08:00][info] 使用当前发送用户 2432 的 session_path/www/wwwroot/tdata.tgbota.top/public/uploads/admin/202602/69862ac4b6550/818014391181/tdata/temp_8279336062.session
[2026-02-19T23:08:43+08:00][info] 返回:{"status":true,"message":"发送完成，成功1个，失败0个[]","data":{"success":[{"group_id":3719450736,"group_link":"https:\/\/t.me\/+CUyn8iqnQwEzNDY0","type":"megagroup","message":"发送成功","message_id":10253}],"failed":[],"debug":["处理标识符: https:\/\/t.me\/+CUyn8iqnQwEzNDY0, 清理后: https:\/\/t.me\/+CUyn8iqnQwEzNDY0, 识别为链接: True, 识别为数字ID: False"],"warning":""},"api_address":"185.165.170.142:5016"}
[2026-02-19T23:08:43+08:00][info] 消息ID缓存成功: task_id=34, group_id=https://t.me/+CUyn8iqnQwEzNDY0, msg_index=1509, message_id=10253, send_user_id=2432
[2026-02-19T23:08:43+08:00][info] 消息状态标记为已发送: task_id=34, group_id=https://t.me/+CUyn8iqnQwEzNDY0, msg_index=1509
[2026-02-19T23:08:43+08:00][info] 任务 34 将在 89 秒后继续处理下一条消息，索引: 1510, 实例ID: task_34_index_1510_1771513723.9525
[2026-02-19T23:08:44+08:00][info] 返回:{"status":true,"message":"发送完成，成功1个，失败0个[]","data":{"success":[{"group_id":3794396962,"group_link":"https:\/\/t.me\/+69dYKDni-wFmYWE0","type":"megagroup","message":"发送成功","message_id":513}],"failed":[],"debug":["处理标识符: https:\/\/t.me\/+69dYKDni-wFmYWE0, 清理后: https:\/\/t.me\/+69dYKDni-wFmYWE0, 识别为链接: True, 识别为数字ID: False"],"warning":""},"api_address":"185.165.170.142:5045"}
[2026-02-19T23:08:44+08:00][info] 消息ID缓存成功: task_id=38, group_id=https://t.me/+69dYKDni-wFmYWE0, msg_index=361, message_id=513, send_user_id=3029
[2026-02-19T23:08:44+08:00][info] 消息状态标记为已发送: task_id=38, group_id=https://t.me/+69dYKDni-wFmYWE0, msg_index=361
[2026-02-19T23:08:44+08:00][info] 任务 38 将在 115 秒后继续处理下一条消息，索引: 362, 实例ID: task_38_index_362_1771513724.5798
[2026-02-19T23:08:55+08:00][info] 开始处理队列任务: task_id=25, current_index=1636
[2026-02-19T23:08:55+08:00][info] 消息缓存初始化完成: task_id=25, groups=https://t.me/+HZFEhfAwKjhmZDZk
[2026-02-19T23:08:55+08:00][info] 任务 25 第 3 次循环，重置群组 https://t.me/+HZFEhfAwKjhmZDZk 消息状态
[2026-02-19T23:08:55+08:00][info] 使用feedbackType=1636的消息ID: 30189
[2026-02-19T23:08:55+08:00][info] 使用当前发送用户 2297 的 session_path/www/wwwroot/tdata.tgbota.top/public/uploads/admin/202601/6971e94ea480a/16073903254/tdata/temp_7941895315.session
[2026-02-19T23:08:58+08:00][info] 开始处理队列任务: task_id=35, current_index=1722
[2026-02-19T23:08:58+08:00][info] 返回:{"status":true,"message":"发送完成，成功1个，失败0个[]","data":{"success":[{"group_id":3482989339,"group_link":"https:\/\/t.me\/+HZFEhfAwKjhmZDZk","type":"megagroup","message":"发送成功","message_id":30190}],"failed":[],"debug":["处理标识符: https:\/\/t.me\/+HZFEhfAwKjhmZDZk, 清理后: https:\/\/t.me\/+HZFEhfAwKjhmZDZk, 识别为链接: True, 识别为数字ID: False"],"warning":""},"api_address":"185.165.170.142:5032"}
[2026-02-19T23:08:58+08:00][info] 消息ID缓存成功: task_id=25, group_id=https://t.me/+HZFEhfAwKjhmZDZk, msg_index=1636, message_id=30190, send_user_id=2297
[2026-02-19T23:08:58+08:00][info] 消息状态标记为已发送: task_id=25, group_id=https://t.me/+HZFEhfAwKjhmZDZk, msg_index=1636
[2026-02-19T23:08:58+08:00][info] 任务 25 将在 98 秒后继续处理下一条消息，索引: 1637, 实例ID: task_25_index_1637_1771513738.9537
[2026-02-19T23:08:58+08:00][info] 开始处理队列任务: task_id=37, current_index=1709
[2026-02-19T23:08:59+08:00][info] 消息缓存初始化完成: task_id=35, groups=https://t.me/+BrIuI_-gkNhhYTE0
[2026-02-19T23:08:59+08:00][info] 任务 35 第 3 次循环，重置群组 https://t.me/+BrIuI_-gkNhhYTE0 消息状态
[2026-02-19T23:08:59+08:00][info] 使用消息配置中指定的用户 2553 的 session_path/www/wwwroot/tdata.tgbota.top/public/uploads/admin/202602/69862ac4b6550/818011908355/tdata/temp_8242859598.session
[2026-02-19T23:08:59+08:00][info] 消息缓存初始化完成: task_id=37, groups=https://t.me/+DUAGbZI5vW41NWI8
[2026-02-19T23:08:59+08:00][info] 任务 37 第 3 次循环，重置群组 https://t.me/+DUAGbZI5vW41NWI8 消息状态
[2026-02-19T23:08:59+08:00][info] 使用feedbackType=1709的消息ID: 8482
[2026-02-19T23:08:59+08:00][info] 使用消息配置中指定的用户 2412 的 session_path/www/wwwroot/tdata.tgbota.top/public/uploads/admin/202602/69862ac4b6550/817041791529/tdata/temp_7783374937.session
[2026-02-19T23:09:01+08:00][info] 返回:{"status":true,"message":"发送完成，成功1个，失败0个[]","data":{"success":[{"group_id":3732578862,"group_link":"https:\/\/t.me\/+DUAGbZI5vW41NWI8","type":"megagroup","message":"发送成功","message_id":8483}],"failed":[],"debug":["处理标识符: https:\/\/t.me\/+DUAGbZI5vW41NWI8, 清理后: https:\/\/t.me\/+DUAGbZI5vW41NWI8, 识别为链接: True, 识别为数字ID: False"],"warning":""},"api_address":"185.165.170.142:5147"}
[2026-02-19T23:09:01+08:00][info] 消息ID缓存成功: task_id=37, group_id=https://t.me/+DUAGbZI5vW41NWI8, msg_index=1709, message_id=8483, send_user_id=2412
[2026-02-19T23:09:01+08:00][info] 消息状态标记为已发送: task_id=37, group_id=https://t.me/+DUAGbZI5vW41NWI8, msg_index=1709
[2026-02-19T23:09:01+08:00][info] 任务 37 将在 70 秒后继续处理下一条消息，索引: 1710, 实例ID: task_37_index_1710_1771513741.6098
[2026-02-19T23:09:01+08:00][info] 返回:{"status":true,"message":"发送完成，成功1个，失败0个[]","data":{"success":[{"group_id":3646934744,"group_link":"https:\/\/t.me\/+BrIuI_-gkNhhYTE0","type":"megagroup","message":"发送成功","message_id":10306}],"failed":[],"debug":["处理标识符: https:\/\/t.me\/+BrIuI_-gkNhhYTE0, 清理后: https:\/\/t.me\/+BrIuI_-gkNhhYTE0, 识别为链接: True, 识别为数字ID: False","文件1有效: \/www\/wwwroot\/tdata.tgbota.top\/public\/uploads\/admin\/202512\/693ae3bfb03c1.jpg (36563字节)","发送单个文件: \/www\/wwwroot\/tdata.tgbota.top\/public\/uploads\/admin\/202512\/693ae3bfb03c1.jpg"],"warning":""},"api_address":"185.165.170.142:5137"}
[2026-02-19T23:09:01+08:00][info] 消息ID缓存成功: task_id=35, group_id=https://t.me/+BrIuI_-gkNhhYTE0, msg_index=1722, message_id=10306, send_user_id=2553
[2026-02-19T23:09:01+08:00][info] 消息状态标记为已发送: task_id=35, group_id=https://t.me/+BrIuI_-gkNhhYTE0, msg_index=1722
[2026-02-19T23:09:01+08:00][info] 任务 35 将在 109 秒后继续处理下一条消息，索引: 1723, 实例ID: task_35_index_1723_1771513741.7243
[2026-02-19T23:09:02+08:00][info] 开始处理队列任务: task_id=27, current_index=1605
[2026-02-19T23:09:03+08:00][info] 消息缓存初始化完成: task_id=27, groups=https://t.me/+_XaTo9Qrv0VjOTM0
[2026-02-19T23:09:03+08:00][info] 任务 27 第 3 次循环，重置群组 https://t.me/+_XaTo9Qrv0VjOTM0 消息状态
[2026-02-19T23:09:03+08:00][info] 使用feedbackType=1605的消息ID: 33218
[2026-02-19T23:09:03+08:00][info] 从数据库获取用户 2371 的 session_path
[2026-02-19T23:09:06+08:00][info] 返回:{"status":true,"message":"发送完成，成功1个，失败0个[]","data":{"success":[{"group_id":3649225144,"group_link":"https:\/\/t.me\/+_XaTo9Qrv0VjOTM0","type":"megagroup","message":"发送成功","message_id":33219}],"failed":[],"debug":["处理标识符: https:\/\/t.me\/+_XaTo9Qrv0VjOTM0, 清理后: https:\/\/t.me\/+_XaTo9Qrv0VjOTM0, 识别为链接: True, 识别为数字ID: False"],"warning":""},"api_address":"185.165.170.142:5106"}
[2026-02-19T23:09:06+08:00][info] 消息ID缓存成功: task_id=27, group_id=https://t.me/+_XaTo9Qrv0VjOTM0, msg_index=1605, message_id=33219, send_user_id=2371
[2026-02-19T23:09:06+08:00][info] 消息状态标记为已发送: task_id=27, group_id=https://t.me/+_XaTo9Qrv0VjOTM0, msg_index=1605
[2026-02-19T23:09:06+08:00][info] 任务 27 将在 98 秒后继续处理下一条消息，索引: 1606, 实例ID: task_27_index_1606_1771513746.7274
[2026-02-19T23:09:25+08:00][info] 开始处理队列任务: task_id=36, current_index=1673
[2026-02-19T23:09:25+08:00][info] 消息缓存初始化完成: task_id=36, groups=https://t.me/+o12qlRNkdiViMjE0
[2026-02-19T23:09:25+08:00][info] 任务 36 第 3 次循环，重置群组 https://t.me/+o12qlRNkdiViMjE0 消息状态
[2026-02-19T23:09:25+08:00][info] 使用当前发送用户 2522 的 session_path/www/wwwroot/tdata.tgbota.top/public/uploads/admin/202602/69862ac4b6550/817026431198/tdata/temp_8570236584.session
[2026-02-19T23:09:28+08:00][info] 返回:{"status":true,"message":"发送完成，成功1个，失败0个[]","data":{"success":[{"group_id":3479387283,"group_link":"https:\/\/t.me\/+o12qlRNkdiViMjE0","type":"megagroup","message":"发送成功","message_id":10318}],"failed":[],"debug":["处理标识符: https:\/\/t.me\/+o12qlRNkdiViMjE0, 清理后: https:\/\/t.me\/+o12qlRNkdiViMjE0, 识别为链接: True, 识别为数字ID: False"],"warning":""},"api_address":"185.165.170.142:5106"}
[2026-02-19T23:09:28+08:00][info] 消息ID缓存成功: task_id=36, group_id=https://t.me/+o12qlRNkdiViMjE0, msg_index=1673, message_id=10318, send_user_id=2522
[2026-02-19T23:09:28+08:00][info] 消息状态标记为已发送: task_id=36, group_id=https://t.me/+o12qlRNkdiViMjE0, msg_index=1673
[2026-02-19T23:09:28+08:00][info] 任务 36 将在 90 秒后继续处理下一条消息，索引: 1674, 实例ID: task_36_index_1674_1771513768.451
[2026-02-19T23:09:30+08:00][info] 开始处理队列任务: task_id=33, current_index=1509
[2026-02-19T23:09:30+08:00][info] 消息缓存初始化完成: task_id=33, groups=https://t.me/+wcqRUxDn6zczYmM0
[2026-02-19T23:09:30+08:00][info] 任务 33 第 2 次循环，重置群组 https://t.me/+wcqRUxDn6zczYmM0 消息状态
[2026-02-19T23:09:30+08:00][info] 使用当前发送用户 2432 的 session_path/www/wwwroot/tdata.tgbota.top/public/uploads/admin/202602/69862ac4b6550/818014391181/tdata/temp_8279336062.session
[2026-02-19T23:09:31+08:00][info] 返回:{"status":true,"message":"发送完成，成功1个，失败0个[]","data":{"success":[{"group_id":3658905404,"group_link":"https:\/\/t.me\/+wcqRUxDn6zczYmM0","type":"megagroup","message":"发送成功","message_id":10092}],"failed":[],"debug":["处理标识符: https:\/\/t.me\/+wcqRUxDn6zczYmM0, 清理后: https:\/\/t.me\/+wcqRUxDn6zczYmM0, 识别为链接: True, 识别为数字ID: False"],"warning":""},"api_address":"185.165.170.142:5016"}
[2026-02-19T23:09:31+08:00][info] 消息ID缓存成功: task_id=33, group_id=https://t.me/+wcqRUxDn6zczYmM0, msg_index=1509, message_id=10092, send_user_id=2432
[2026-02-19T23:09:31+08:00][info] 消息状态标记为已发送: task_id=33, group_id=https://t.me/+wcqRUxDn6zczYmM0, msg_index=1509
[2026-02-19T23:09:32+08:00][info] 任务 33 将在 89 秒后继续处理下一条消息，索引: 1510, 实例ID: task_33_index_1510_1771513772.0095
[2026-02-19T23:09:37+08:00][info] 开始处理队列任务: task_id=29, current_index=1637
[2026-02-19T23:09:37+08:00][info] 消息缓存初始化完成: task_id=29, groups=https://t.me/+WZlsKfz1W89jYjE0
[2026-02-19T23:09:37+08:00][info] 任务 29 第 3 次循环，重置群组 https://t.me/+WZlsKfz1W89jYjE0 消息状态
[2026-02-19T23:09:37+08:00][info] 使用feedbackType=1637的消息ID: 21730
[2026-02-19T23:09:37+08:00][info] 使用消息配置中指定的用户 2309 的 session_path/www/wwwroot/tdata.tgbota.top/public/uploads/admin/202601/6971e94ea480a/16089418429/tdata/temp_8445235222.session
[2026-02-19T23:09:37+08:00][info] 开始处理队列任务: task_id=39, current_index=361
[2026-02-19T23:09:37+08:00][info] 使用当前发送用户 3029 的 session_path/www/wwwroot/tdata.tgbota.top/public/uploads/admin/202602/699625adf380f/14632952838/tdata/temp_8232193079.session
[2026-02-19T23:09:40+08:00][info] 返回:{"status":true,"message":"发送完成，成功1个，失败0个[]","data":{"success":[{"group_id":3770869551,"group_link":"https:\/\/t.me\/+ZpSvBhFQCCEwMzdk","type":"megagroup","message":"发送成功","message_id":513}],"failed":[],"debug":["处理标识符: https:\/\/t.me\/+ZpSvBhFQCCEwMzdk, 清理后: https:\/\/t.me\/+ZpSvBhFQCCEwMzdk, 识别为链接: True, 识别为数字ID: False"],"warning":""},"api_address":"185.165.170.142:5045"}
[2026-02-19T23:09:40+08:00][info] 消息ID缓存成功: task_id=39, group_id=https://t.me/+ZpSvBhFQCCEwMzdk, msg_index=361, message_id=513, send_user_id=3029
[2026-02-19T23:09:40+08:00][info] 消息状态标记为已发送: task_id=39, group_id=https://t.me/+ZpSvBhFQCCEwMzdk, msg_index=361
[2026-02-19T23:09:40+08:00][info] 任务 39 将在 115 秒后继续处理下一条消息，索引: 362, 实例ID: task_39_index_362_1771513780.2758
[2026-02-19T23:09:40+08:00][info] 返回:{"status":true,"message":"发送完成，成功1个，失败0个[]","data":{"success":[{"group_id":3780502866,"group_link":"https:\/\/t.me\/+WZlsKfz1W89jYjE0","type":"megagroup","message":"发送成功","message_id":21731}],"failed":[],"debug":["处理标识符: https:\/\/t.me\/+WZlsKfz1W89jYjE0, 清理后: https:\/\/t.me\/+WZlsKfz1W89jYjE0, 识别为链接: True, 识别为数字ID: False"],"warning":""},"api_address":"185.165.170.142:5044"}
[2026-02-19T23:09:40+08:00][info] 消息ID缓存成功: task_id=29, group_id=https://t.me/+WZlsKfz1W89jYjE0, msg_index=1637, message_id=21731, send_user_id=2309
[2026-02-19T23:09:40+08:00][info] 消息状态标记为已发送: task_id=29, group_id=https://t.me/+WZlsKfz1W89jYjE0, msg_index=1637
[2026-02-19T23:09:40+08:00][info] 任务 29 将在 78 秒后继续处理下一条消息，索引: 1638, 实例ID: task_29_index_1638_1771513780.7963
[2026-02-19T23:09:46+08:00][info] 开始处理队列任务: task_id=28, current_index=1642
[2026-02-19T23:09:46+08:00][info] 消息缓存初始化完成: task_id=28, groups=https://t.me/+Hg62NsrbOCZmZmY8
[2026-02-19T23:09:46+08:00][info] 任务 28 第 3 次循环，重置群组 https://t.me/+Hg62NsrbOCZmZmY8 消息状态
[2026-02-19T23:09:46+08:00][info] 使用消息配置中指定的用户 2277 的 session_path/www/wwwroot/tdata.tgbota.top/public/uploads/admin/202601/6971e94ea480a/16074866171/tdata/temp_8481399850.session
[2026-02-19T23:09:48+08:00][info] 开始处理队列任务: task_id=31, current_index=1643
[2026-02-19T23:09:48+08:00][info] 消息缓存初始化完成: task_id=31, groups=https://t.me/+4azhFwWhx1czMzE0
[2026-02-19T23:09:48+08:00][info] 任务 31 第 3 次循环，重置群组 https://t.me/+4azhFwWhx1czMzE0 消息状态
[2026-02-19T23:09:48+08:00][info] 使用消息配置中指定的用户 2012 的 session_path/www/wwwroot/tdata.tgbota.top/public/uploads/admin/202601/6960a58a3f18c/13619013618/tdata/temp_7730341893.session
[2026-02-19T23:09:49+08:00][info] 返回:{"status":true,"message":"发送完成，成功1个，失败0个[]","data":{"success":[{"group_id":3657218256,"group_link":"https:\/\/t.me\/+Hg62NsrbOCZmZmY8","type":"megagroup","message":"发送成功","message_id":21673}],"failed":[],"debug":["处理标识符: https:\/\/t.me\/+Hg62NsrbOCZmZmY8, 清理后: https:\/\/t.me\/+Hg62NsrbOCZmZmY8, 识别为链接: True, 识别为数字ID: False"],"warning":""},"api_address":"185.165.170.142:5012"}
[2026-02-19T23:09:49+08:00][info] 消息ID缓存成功: task_id=28, group_id=https://t.me/+Hg62NsrbOCZmZmY8, msg_index=1642, message_id=21673, send_user_id=2277
[2026-02-19T23:09:49+08:00][info] 消息状态标记为已发送: task_id=28, group_id=https://t.me/+Hg62NsrbOCZmZmY8, msg_index=1642
[2026-02-19T23:09:49+08:00][info] 任务 28 将在 80 秒后继续处理下一条消息，索引: 1643, 实例ID: task_28_index_1643_1771513789.1549
[2026-02-19T23:09:51+08:00][info] 返回:{"status":true,"message":"发送完成，成功1个，失败0个[]","data":{"success":[{"group_id":3079998653,"group_link":"https:\/\/t.me\/+4azhFwWhx1czMzE0","type":"megagroup","message":"发送成功","message_id":14496}],"failed":[],"debug":["处理标识符: https:\/\/t.me\/+4azhFwWhx1czMzE0, 清理后: https:\/\/t.me\/+4azhFwWhx1czMzE0, 识别为链接: True, 识别为数字ID: False"],"warning":""},"api_address":"185.165.170.142:5049"}
[2026-02-19T23:09:51+08:00][info] 消息ID缓存成功: task_id=31, group_id=https://t.me/+4azhFwWhx1czMzE0, msg_index=1643, message_id=14496, send_user_id=2012
[2026-02-19T23:09:51+08:00][info] 消息状态标记为已发送: task_id=31, group_id=https://t.me/+4azhFwWhx1czMzE0, msg_index=1643
[2026-02-19T23:09:51+08:00][info] 任务 31 将在 90 秒后继续处理下一条消息，索引: 1644, 实例ID: task_31_index_1644_1771513791.07
[2026-02-19T23:09:55+08:00][info] 开始处理队列任务: task_id=40, current_index=360
[2026-02-19T23:09:55+08:00][info] 使用当前发送用户 3035 的 session_path/www/wwwroot/tdata.tgbota.top/public/uploads/admin/202602/699625adf380f/14709345338/tdata/temp_8107832337.session
[2026-02-19T23:09:57+08:00][info] 返回:{"status":true,"message":"发送完成，成功1个，失败0个[]","data":{"success":[{"group_id":3799666589,"group_link":"https:\/\/t.me\/+IfyZ_OVthdI5YzNk","type":"megagroup","message":"发送成功","message_id":513}],"failed":[],"debug":["处理标识符: https:\/\/t.me\/+IfyZ_OVthdI5YzNk, 清理后: https:\/\/t.me\/+IfyZ_OVthdI5YzNk, 识别为链接: True, 识别为数字ID: False"],"warning":""},"api_address":"185.165.170.142:5051"}
[2026-02-19T23:09:57+08:00][info] 消息ID缓存成功: task_id=40, group_id=https://t.me/+IfyZ_OVthdI5YzNk, msg_index=360, message_id=513, send_user_id=3035
[2026-02-19T23:09:57+08:00][info] 消息状态标记为已发送: task_id=40, group_id=https://t.me/+IfyZ_OVthdI5YzNk, msg_index=360
[2026-02-19T23:09:57+08:00][info] 任务 40 将在 102 秒后继续处理下一条消息，索引: 361, 实例ID: task_40_index_361_1771513797.7122
[2026-02-19T23:10:11+08:00][info] 开始处理队列任务: task_id=37, current_index=1710
[2026-02-19T23:10:11+08:00][info] 消息缓存初始化完成: task_id=37, groups=https://t.me/+DUAGbZI5vW41NWI8
[2026-02-19T23:10:11+08:00][info] 任务 37 第 3 次循环，重置群组 https://t.me/+DUAGbZI5vW41NWI8 消息状态
[2026-02-19T23:10:11+08:00][info] 使用消息配置中指定的用户 2413 的 session_path/www/wwwroot/tdata.tgbota.top/public/uploads/admin/202602/69862ac4b6550/818010974456/tdata/temp_8406035094.session
[2026-02-19T23:10:12+08:00][info] 开始处理队列任务: task_id=34, current_index=1510
[2026-02-19T23:10:12+08:00][info] 消息缓存初始化完成: task_id=34, groups=https://t.me/+CUyn8iqnQwEzNDY0
[2026-02-19T23:10:12+08:00][info] 任务 34 第 2 次循环，重置群组 https://t.me/+CUyn8iqnQwEzNDY0 消息状态
[2026-02-19T23:10:12+08:00][info] 使用消息配置中指定的用户 2456 的 session_path/www/wwwroot/tdata.tgbota.top/public/uploads/admin/202602/69862ac4b6550/818014390577/tdata/temp_8524179915.session
[2026-02-19T23:10:13+08:00][info] 返回:{"status":true,"message":"发送完成，成功1个，失败0个[]","data":{"success":[{"group_id":3732578862,"group_link":"https:\/\/t.me\/+DUAGbZI5vW41NWI8","type":"megagroup","message":"发送成功","message_id":8484}],"failed":[],"debug":["处理标识符: https:\/\/t.me\/+DUAGbZI5vW41NWI8, 清理后: https:\/\/t.me\/+DUAGbZI5vW41NWI8, 识别为链接: True, 识别为数字ID: False"],"warning":""},"api_address":"185.165.170.142:5148"}
[2026-02-19T23:10:13+08:00][info] 消息ID缓存成功: task_id=37, group_id=https://t.me/+DUAGbZI5vW41NWI8, msg_index=1710, message_id=8484, send_user_id=2413
[2026-02-19T23:10:13+08:00][info] 消息状态标记为已发送: task_id=37, group_id=https://t.me/+DUAGbZI5vW41NWI8, msg_index=1710
[2026-02-19T23:10:13+08:00][info] 任务 37 将在 100 秒后继续处理下一条消息，索引: 1711, 实例ID: task_37_index_1711_1771513813.4138
[2026-02-19T23:10:14+08:00][info] 返回:{"status":true,"message":"发送完成，成功1个，失败0个[]","data":{"success":[{"group_id":3719450736,"group_link":"https:\/\/t.me\/+CUyn8iqnQwEzNDY0","type":"megagroup","message":"发送成功","message_id":10254}],"failed":[],"debug":["处理标识符: https:\/\/t.me\/+CUyn8iqnQwEzNDY0, 清理后: https:\/\/t.me\/+CUyn8iqnQwEzNDY0, 识别为链接: True, 识别为数字ID: False"],"warning":""},"api_address":"185.165.170.142:5040"}
[2026-02-19T23:10:14+08:00][info] 消息ID缓存成功: task_id=34, group_id=https://t.me/+CUyn8iqnQwEzNDY0, msg_index=1510, message_id=10254, send_user_id=2456
[2026-02-19T23:10:14+08:00][info] 消息状态标记为已发送: task_id=34, group_id=https://t.me/+CUyn8iqnQwEzNDY0, msg_index=1510
[2026-02-19T23:10:15+08:00][info] 任务 34 将在 65 秒后继续处理下一条消息，索引: 1511, 实例ID: task_34_index_1511_1771513815.1711
[2026-02-19T23:10:36+08:00][info] 开始处理队列任务: task_id=25, current_index=1637
[2026-02-19T23:10:36+08:00][info] 消息缓存初始化完成: task_id=25, groups=https://t.me/+HZFEhfAwKjhmZDZk
[2026-02-19T23:10:36+08:00][info] 任务 25 第 3 次循环，重置群组 https://t.me/+HZFEhfAwKjhmZDZk 消息状态
[2026-02-19T23:10:36+08:00][info] 使用feedbackType=1637的消息ID: 30190
[2026-02-19T23:10:36+08:00][info] 使用消息配置中指定的用户 2309 的 session_path/www/wwwroot/tdata.tgbota.top/public/uploads/admin/202601/6971e94ea480a/16089418429/tdata/temp_8445235222.session
[2026-02-19T23:10:39+08:00][info] 返回:{"status":true,"message":"发送完成，成功1个，失败0个[]","data":{"success":[{"group_id":3482989339,"group_link":"https:\/\/t.me\/+HZFEhfAwKjhmZDZk","type":"megagroup","message":"发送成功","message_id":30191}],"failed":[],"debug":["处理标识符: https:\/\/t.me\/+HZFEhfAwKjhmZDZk, 清理后: https:\/\/t.me\/+HZFEhfAwKjhmZDZk, 识别为链接: True, 识别为数字ID: False"],"warning":""},"api_address":"185.165.170.142:5044"}
[2026-02-19T23:10:39+08:00][info] 消息ID缓存成功: task_id=25, group_id=https://t.me/+HZFEhfAwKjhmZDZk, msg_index=1637, message_id=30191, send_user_id=2309
[2026-02-19T23:10:39+08:00][info] 消息状态标记为已发送: task_id=25, group_id=https://t.me/+HZFEhfAwKjhmZDZk, msg_index=1637
[2026-02-19T23:10:39+08:00][info] 任务 25 将在 78 秒后继续处理下一条消息，索引: 1638, 实例ID: task_25_index_1638_1771513839.5596
[2026-02-19T23:10:39+08:00][info] 开始处理队列任务: task_id=38, current_index=362
[2026-02-19T23:10:39+08:00][info] 使用当前发送用户 3023 的 session_path/www/wwwroot/tdata.tgbota.top/public/uploads/admin/202602/699625adf380f/14722169338/tdata/temp_8425993418.session
[2026-02-19T23:10:42+08:00][info] 返回:{"status":true,"message":"发送完成，成功1个，失败0个[]","data":{"success":[{"group_id":3794396962,"group_link":"https:\/\/t.me\/+69dYKDni-wFmYWE0","type":"megagroup","message":"发送成功","message_id":514}],"failed":[],"debug":["处理标识符: https:\/\/t.me\/+69dYKDni-wFmYWE0, 清理后: https:\/\/t.me\/+69dYKDni-wFmYWE0, 识别为链接: True, 识别为数字ID: False"],"warning":""},"api_address":"185.165.170.142:5039"}
[2026-02-19T23:10:42+08:00][info] 消息ID缓存成功: task_id=38, group_id=https://t.me/+69dYKDni-wFmYWE0, msg_index=362, message_id=514, send_user_id=3023
[2026-02-19T23:10:42+08:00][info] 消息状态标记为已发送: task_id=38, group_id=https://t.me/+69dYKDni-wFmYWE0, msg_index=362
[2026-02-19T23:10:42+08:00][info] 任务 38 将在 80 秒后继续处理下一条消息，索引: 363, 实例ID: task_38_index_363_1771513842.1755
[2026-02-19T23:10:44+08:00][info] 开始处理队列任务: task_id=27, current_index=1606
[2026-02-19T23:10:44+08:00][info] 消息缓存初始化完成: task_id=27, groups=https://t.me/+_XaTo9Qrv0VjOTM0
[2026-02-19T23:10:44+08:00][info] 任务 27 第 3 次循环，重置群组 https://t.me/+_XaTo9Qrv0VjOTM0 消息状态
[2026-02-19T23:10:44+08:00][info] 使用当前发送用户 2286 的 session_path/www/wwwroot/tdata.tgbota.top/public/uploads/admin/202601/6971e94ea480a/16099935062/tdata/temp_8257952643.session
[2026-02-19T23:10:46+08:00][info] 返回:{"status":true,"message":"发送完成，成功1个，失败0个[]","data":{"success":[{"group_id":3649225144,"group_link":"https:\/\/t.me\/+_XaTo9Qrv0VjOTM0","type":"megagroup","message":"发送成功","message_id":33220}],"failed":[],"debug":["处理标识符: https:\/\/t.me\/+_XaTo9Qrv0VjOTM0, 清理后: https:\/\/t.me\/+_XaTo9Qrv0VjOTM0, 识别为链接: True, 识别为数字ID: False"],"warning":""},"api_address":"185.165.170.142:5021"}
[2026-02-19T23:10:46+08:00][info] 消息ID缓存成功: task_id=27, group_id=https://t.me/+_XaTo9Qrv0VjOTM0, msg_index=1606, message_id=33220, send_user_id=2286
[2026-02-19T23:10:46+08:00][info] 消息状态标记为已发送: task_id=27, group_id=https://t.me/+_XaTo9Qrv0VjOTM0, msg_index=1606
[2026-02-19T23:10:46+08:00][info] 任务 27 将在 100 秒后继续处理下一条消息，索引: 1607, 实例ID: task_27_index_1607_1771513846.94
[2026-02-19T23:10:51+08:00][info] 开始处理队列任务: task_id=35, current_index=1723
[2026-02-19T23:10:51+08:00][info] 消息缓存初始化完成: task_id=35, groups=https://t.me/+BrIuI_-gkNhhYTE0
[2026-02-19T23:10:51+08:00][info] 任务 35 第 3 次循环，重置群组 https://t.me/+BrIuI_-gkNhhYTE0 消息状态
[2026-02-19T23:10:51+08:00][info] 使用消息配置中指定的用户 2550 的 session_path/www/wwwroot/tdata.tgbota.top/public/uploads/admin/202602/69862ac4b6550/817039605323/tdata/temp_8552019962.session
[2026-02-19T23:10:53+08:00][info] 返回:{"status":true,"message":"发送完成，成功1个，失败0个[]","data":{"success":[{"group_id":3646934744,"group_link":"https:\/\/t.me\/+BrIuI_-gkNhhYTE0","type":"megagroup","message":"发送成功","message_id":10307}],"failed":[],"debug":["处理标识符: https:\/\/t.me\/+BrIuI_-gkNhhYTE0, 清理后: https:\/\/t.me\/+BrIuI_-gkNhhYTE0, 识别为链接: True, 识别为数字ID: False"],"warning":""},"api_address":"185.165.170.142:5134"}
[2026-02-19T23:10:53+08:00][info] 消息ID缓存成功: task_id=35, group_id=https://t.me/+BrIuI_-gkNhhYTE0, msg_index=1723, message_id=10307, send_user_id=2550
[2026-02-19T23:10:53+08:00][info] 消息状态标记为已发送: task_id=35, group_id=https://t.me/+BrIuI_-gkNhhYTE0, msg_index=1723
[2026-02-19T23:10:53+08:00][info] 任务 35 将在 118 秒后继续处理下一条消息，索引: 1724, 实例ID: task_35_index_1724_1771513853.1499
[2026-02-19T23:10:58+08:00][info] 开始处理队列任务: task_id=29, current_index=1638
[2026-02-19T23:10:58+08:00][info] 消息缓存初始化完成: task_id=29, groups=https://t.me/+WZlsKfz1W89jYjE0
[2026-02-19T23:10:58+08:00][info] 任务 29 第 3 次循环，重置群组 https://t.me/+WZlsKfz1W89jYjE0 消息状态
[2026-02-19T23:10:58+08:00][info] 使用消息配置中指定的用户 2314 的 session_path/www/wwwroot/tdata.tgbota.top/public/uploads/admin/202601/6971e94ea480a/16095962673/tdata/temp_8022478339.session
[2026-02-19T23:10:58+08:00][info] 开始处理队列任务: task_id=36, current_index=1674
[2026-02-19T23:10:59+08:00][info] 消息缓存初始化完成: task_id=36, groups=https://t.me/+o12qlRNkdiViMjE0
[2026-02-19T23:10:59+08:00][info] 任务 36 第 3 次循环，重置群组 https://t.me/+o12qlRNkdiViMjE0 消息状态
[2026-02-19T23:10:59+08:00][info] 使用消息配置中指定的用户 2516 的 session_path/www/wwwroot/tdata.tgbota.top/public/uploads/admin/202602/69862ac4b6550/817043244778/tdata/temp_8005743970.session
[2026-02-19T23:11:00+08:00][info] 返回:{"status":true,"message":"发送完成，成功1个，失败0个[]","data":{"success":[{"group_id":3479387283,"group_link":"https:\/\/t.me\/+o12qlRNkdiViMjE0","type":"megagroup","message":"发送成功","message_id":10319}],"failed":[],"debug":["处理标识符: https:\/\/t.me\/+o12qlRNkdiViMjE0, 清理后: https:\/\/t.me\/+o12qlRNkdiViMjE0, 识别为链接: True, 识别为数字ID: False"],"warning":""},"api_address":"185.165.170.142:5100"}
[2026-02-19T23:11:00+08:00][info] 消息ID缓存成功: task_id=36, group_id=https://t.me/+o12qlRNkdiViMjE0, msg_index=1674, message_id=10319, send_user_id=2516
[2026-02-19T23:11:00+08:00][info] 消息状态标记为已发送: task_id=36, group_id=https://t.me/+o12qlRNkdiViMjE0, msg_index=1674
[2026-02-19T23:11:00+08:00][info] 任务 36 将在 68 秒后继续处理下一条消息，索引: 1675, 实例ID: task_36_index_1675_1771513860.7882
[2026-02-19T23:11:01+08:00][info] 返回:{"status":true,"message":"发送完成，成功1个，失败0个[]","data":{"success":[{"group_id":3780502866,"group_link":"https:\/\/t.me\/+WZlsKfz1W89jYjE0","type":"megagroup","message":"发送成功","message_id":21732}],"failed":[],"debug":["处理标识符: https:\/\/t.me\/+WZlsKfz1W89jYjE0, 清理后: https:\/\/t.me\/+WZlsKfz1W89jYjE0, 识别为链接: True, 识别为数字ID: False"],"warning":""},"api_address":"185.165.170.142:5049"}
[2026-02-19T23:11:01+08:00][info] 消息ID缓存成功: task_id=29, group_id=https://t.me/+WZlsKfz1W89jYjE0, msg_index=1638, message_id=21732, send_user_id=2314
[2026-02-19T23:11:01+08:00][info] 消息状态标记为已发送: task_id=29, group_id=https://t.me/+WZlsKfz1W89jYjE0, msg_index=1638
[2026-02-19T23:11:01+08:00][info] 任务 29 将在 100 秒后继续处理下一条消息，索引: 1639, 实例ID: task_29_index_1639_1771513861.2499
[2026-02-19T23:11:01+08:00][info] 开始处理队列任务: task_id=33, current_index=1510
[2026-02-19T23:11:01+08:00][info] 消息缓存初始化完成: task_id=33, groups=https://t.me/+wcqRUxDn6zczYmM0
[2026-02-19T23:11:01+08:00][info] 任务 33 第 2 次循环，重置群组 https://t.me/+wcqRUxDn6zczYmM0 消息状态
[2026-02-19T23:11:01+08:00][info] 使用消息配置中指定的用户 2456 的 session_path/www/wwwroot/tdata.tgbota.top/public/uploads/admin/202602/69862ac4b6550/818014390577/tdata/temp_8524179915.session
[2026-02-19T23:11:03+08:00][info] 返回:{"status":true,"message":"发送完成，成功1个，失败0个[]","data":{"success":[{"group_id":3658905404,"group_link":"https:\/\/t.me\/+wcqRUxDn6zczYmM0","type":"megagroup","message":"发送成功","message_id":10093}],"failed":[],"debug":["处理标识符: https:\/\/t.me\/+wcqRUxDn6zczYmM0, 清理后: https:\/\/t.me\/+wcqRUxDn6zczYmM0, 识别为链接: True, 识别为数字ID: False"],"warning":""},"api_address":"185.165.170.142:5040"}
[2026-02-19T23:11:03+08:00][info] 消息ID缓存成功: task_id=33, group_id=https://t.me/+wcqRUxDn6zczYmM0, msg_index=1510, message_id=10093, send_user_id=2456
[2026-02-19T23:11:03+08:00][info] 消息状态标记为已发送: task_id=33, group_id=https://t.me/+wcqRUxDn6zczYmM0, msg_index=1510
[2026-02-19T23:11:04+08:00][info] 任务 33 将在 65 秒后继续处理下一条消息，索引: 1511, 实例ID: task_33_index_1511_1771513864.3454
[2026-02-19T23:11:09+08:00][info] 开始处理队列任务: task_id=28, current_index=1643
[2026-02-19T23:11:09+08:00][info] 消息缓存初始化完成: task_id=28, groups=https://t.me/+Hg62NsrbOCZmZmY8
[2026-02-19T23:11:09+08:00][info] 任务 28 第 3 次循环，重置群组 https://t.me/+Hg62NsrbOCZmZmY8 消息状态
[2026-02-19T23:11:09+08:00][info] 使用消息配置中指定的用户 2012 的 session_path/www/wwwroot/tdata.tgbota.top/public/uploads/admin/202601/6960a58a3f18c/13619013618/tdata/temp_7730341893.session
[2026-02-19T23:11:12+08:00][info] 返回:{"status":true,"message":"发送完成，成功1个，失败0个[]","data":{"success":[{"group_id":3657218256,"group_link":"https:\/\/t.me\/+Hg62NsrbOCZmZmY8","type":"megagroup","message":"发送成功","message_id":21674}],"failed":[],"debug":["处理标识符: https:\/\/t.me\/+Hg62NsrbOCZmZmY8, 清理后: https:\/\/t.me\/+Hg62NsrbOCZmZmY8, 识别为链接: True, 识别为数字ID: False"],"warning":""},"api_address":"185.165.170.142:5049"}
[2026-02-19T23:11:12+08:00][info] 消息ID缓存成功: task_id=28, group_id=https://t.me/+Hg62NsrbOCZmZmY8, msg_index=1643, message_id=21674, send_user_id=2012
[2026-02-19T23:11:12+08:00][info] 消息状态标记为已发送: task_id=28, group_id=https://t.me/+Hg62NsrbOCZmZmY8, msg_index=1643
[2026-02-19T23:11:12+08:00][info] 任务 28 将在 90 秒后继续处理下一条消息，索引: 1644, 实例ID: task_28_index_1644_1771513872.4058
[2026-02-19T23:11:20+08:00][info] 开始处理队列任务: task_id=34, current_index=1511
[2026-02-19T23:11:20+08:00][info] 消息缓存初始化完成: task_id=34, groups=https://t.me/+CUyn8iqnQwEzNDY0
[2026-02-19T23:11:20+08:00][info] 任务 34 第 2 次循环，重置群组 https://t.me/+CUyn8iqnQwEzNDY0 消息状态
[2026-02-19T23:11:20+08:00][info] 使用消息配置中指定的用户 2468 的 session_path/www/wwwroot/tdata.tgbota.top/public/uploads/admin/202602/69862ac4b6550/818010973674/tdata/temp_8555734678.session
[2026-02-19T23:11:21+08:00][info] 开始处理队列任务: task_id=31, current_index=1644
[2026-02-19T23:11:21+08:00][info] 消息缓存初始化完成: task_id=31, groups=https://t.me/+4azhFwWhx1czMzE0
[2026-02-19T23:11:21+08:00][info] 任务 31 第 3 次循环，重置群组 https://t.me/+4azhFwWhx1czMzE0 消息状态
[2026-02-19T23:11:21+08:00][info] 使用当前发送用户 1892 的 session_path/www/wwwroot/tdata.tgbota.top/public/uploads/admin/202601/6960a58a3f18c/13613577981/tdata/temp_8196916921.session
[2026-02-19T23:11:23+08:00][info] 返回:{"status":true,"message":"发送完成，成功1个，失败0个[]","data":{"success":[{"group_id":3719450736,"group_link":"https:\/\/t.me\/+CUyn8iqnQwEzNDY0","type":"megagroup","message":"发送成功","message_id":10255}],"failed":[],"debug":["处理标识符: https:\/\/t.me\/+CUyn8iqnQwEzNDY0, 清理后: https:\/\/t.me\/+CUyn8iqnQwEzNDY0, 识别为链接: True, 识别为数字ID: False","文件1有效: \/www\/wwwroot\/tdata.tgbota.top\/public\/uploads\/admin\/202512\/693ae53f5ae7c.jpg (143014字节)","发送单个文件: \/www\/wwwroot\/tdata.tgbota.top\/public\/uploads\/admin\/202512\/693ae53f5ae7c.jpg"],"warning":""},"api_address":"185.165.170.142:5003"}
[2026-02-19T23:11:23+08:00][info] 消息ID缓存成功: task_id=34, group_id=https://t.me/+CUyn8iqnQwEzNDY0, msg_index=1511, message_id=10255, send_user_id=2468
[2026-02-19T23:11:23+08:00][info] 消息状态标记为已发送: task_id=34, group_id=https://t.me/+CUyn8iqnQwEzNDY0, msg_index=1511
[2026-02-19T23:11:23+08:00][info] 任务 34 将在 128 秒后继续处理下一条消息，索引: 1512, 实例ID: task_34_index_1512_1771513883.4966
[2026-02-19T23:11:24+08:00][info] 返回:{"status":true,"message":"发送完成，成功1个，失败0个[]","data":{"success":[{"group_id":3079998653,"group_link":"https:\/\/t.me\/+4azhFwWhx1czMzE0","type":"megagroup","message":"发送成功","message_id":14497}],"failed":[],"debug":["处理标识符: https:\/\/t.me\/+4azhFwWhx1czMzE0, 清理后: https:\/\/t.me\/+4azhFwWhx1czMzE0, 识别为链接: True, 识别为数字ID: False"],"warning":""},"api_address":"185.165.170.142:5080"}
[2026-02-19T23:11:24+08:00][info] 消息ID缓存成功: task_id=31, group_id=https://t.me/+4azhFwWhx1czMzE0, msg_index=1644, message_id=14497, send_user_id=1892
[2026-02-19T23:11:24+08:00][info] 消息状态标记为已发送: task_id=31, group_id=https://t.me/+4azhFwWhx1czMzE0, msg_index=1644
[2026-02-19T23:11:24+08:00][info] 任务 31 将在 95 秒后继续处理下一条消息，索引: 1645, 实例ID: task_31_index_1645_1771513884.8154
[2026-02-19T23:11:35+08:00][info] 开始处理队列任务: task_id=39, current_index=362
[2026-02-19T23:11:35+08:00][info] 使用当前发送用户 3023 的 session_path/www/wwwroot/tdata.tgbota.top/public/uploads/admin/202602/699625adf380f/14722169338/tdata/temp_8425993418.session
[2026-02-19T23:11:38+08:00][info] 返回:{"status":true,"message":"发送完成，成功1个，失败0个[]","data":{"success":[{"group_id":3770869551,"group_link":"https:\/\/t.me\/+ZpSvBhFQCCEwMzdk","type":"megagroup","message":"发送成功","message_id":514}],"failed":[],"debug":["处理标识符: https:\/\/t.me\/+ZpSvBhFQCCEwMzdk, 清理后: https:\/\/t.me\/+ZpSvBhFQCCEwMzdk, 识别为链接: True, 识别为数字ID: False"],"warning":""},"api_address":"185.165.170.142:5039"}
[2026-02-19T23:11:38+08:00][info] 消息ID缓存成功: task_id=39, group_id=https://t.me/+ZpSvBhFQCCEwMzdk, msg_index=362, message_id=514, send_user_id=3023
[2026-02-19T23:11:38+08:00][info] 消息状态标记为已发送: task_id=39, group_id=https://t.me/+ZpSvBhFQCCEwMzdk, msg_index=362
[2026-02-19T23:11:38+08:00][info] 任务 39 将在 80 秒后继续处理下一条消息，索引: 363, 实例ID: task_39_index_363_1771513898.1757
[2026-02-19T23:11:39+08:00][info] 开始处理队列任务: task_id=40, current_index=361
[2026-02-19T23:11:39+08:00][info] 使用当前发送用户 3029 的 session_path/www/wwwroot/tdata.tgbota.top/public/uploads/admin/202602/699625adf380f/14632952838/tdata/temp_8232193079.session
[2026-02-19T23:11:42+08:00][info] 返回:{"status":true,"message":"发送完成，成功1个，失败0个[]","data":{"success":[{"group_id":3799666589,"group_link":"https:\/\/t.me\/+IfyZ_OVthdI5YzNk","type":"megagroup","message":"发送成功","message_id":514}],"failed":[],"debug":["处理标识符: https:\/\/t.me\/+IfyZ_OVthdI5YzNk, 清理后: https:\/\/t.me\/+IfyZ_OVthdI5YzNk, 识别为链接: True, 识别为数字ID: False"],"warning":""},"api_address":"185.165.170.142:5045"}
[2026-02-19T23:11:42+08:00][info] 消息ID缓存成功: task_id=40, group_id=https://t.me/+IfyZ_OVthdI5YzNk, msg_index=361, message_id=514, send_user_id=3029
[2026-02-19T23:11:42+08:00][info] 消息状态标记为已发送: task_id=40, group_id=https://t.me/+IfyZ_OVthdI5YzNk, msg_index=361
[2026-02-19T23:11:42+08:00][info] 任务 40 将在 115 秒后继续处理下一条消息，索引: 362, 实例ID: task_40_index_362_1771513902.2866
[2026-02-19T23:11:53+08:00][info] 开始处理队列任务: task_id=37, current_index=1711
[2026-02-19T23:11:53+08:00][info] 消息缓存初始化完成: task_id=37, groups=https://t.me/+DUAGbZI5vW41NWI8
[2026-02-19T23:11:53+08:00][info] 任务 37 第 3 次循环，重置群组 https://t.me/+DUAGbZI5vW41NWI8 消息状态
[2026-02-19T23:11:53+08:00][info] 使用消息配置中指定的用户 2411 的 session_path/www/wwwroot/tdata.tgbota.top/public/uploads/admin/202602/69862ac4b6550/817028230320/tdata/temp_8540123954.session
[2026-02-19T23:11:55+08:00][info] 返回:{"status":true,"message":"发送完成，成功1个，失败0个[]","data":{"success":[{"group_id":3732578862,"group_link":"https:\/\/t.me\/+DUAGbZI5vW41NWI8","type":"megagroup","message":"发送成功","message_id":8485}],"failed":[],"debug":["处理标识符: https:\/\/t.me\/+DUAGbZI5vW41NWI8, 清理后: https:\/\/t.me\/+DUAGbZI5vW41NWI8, 识别为链接: True, 识别为数字ID: False"],"warning":""},"api_address":"185.165.170.142:5146"}
[2026-02-19T23:11:55+08:00][info] 消息ID缓存成功: task_id=37, group_id=https://t.me/+DUAGbZI5vW41NWI8, msg_index=1711, message_id=8485, send_user_id=2411
[2026-02-19T23:11:55+08:00][info] 消息状态标记为已发送: task_id=37, group_id=https://t.me/+DUAGbZI5vW41NWI8, msg_index=1711
[2026-02-19T23:11:55+08:00][info] 任务 37 将在 78 秒后继续处理下一条消息，索引: 1712, 实例ID: task_37_index_1712_1771513915.3884
[2026-02-19T23:11:57+08:00][info] 开始处理队列任务: task_id=25, current_index=1638
[2026-02-19T23:11:57+08:00][info] 消息缓存初始化完成: task_id=25, groups=https://t.me/+HZFEhfAwKjhmZDZk
[2026-02-19T23:11:57+08:00][info] 任务 25 第 3 次循环，重置群组 https://t.me/+HZFEhfAwKjhmZDZk 消息状态
[2026-02-19T23:11:57+08:00][info] 使用消息配置中指定的用户 2314 的 session_path/www/wwwroot/tdata.tgbota.top/public/uploads/admin/202601/6971e94ea480a/16095962673/tdata/temp_8022478339.session
[2026-02-19T23:12:00+08:00][info] 返回:{"status":true,"message":"发送完成，成功1个，失败0个[]","data":{"success":[{"group_id":3482989339,"group_link":"https:\/\/t.me\/+HZFEhfAwKjhmZDZk","type":"megagroup","message":"发送成功","message_id":30192}],"failed":[],"debug":["处理标识符: https:\/\/t.me\/+HZFEhfAwKjhmZDZk, 清理后: https:\/\/t.me\/+HZFEhfAwKjhmZDZk, 识别为链接: True, 识别为数字ID: False"],"warning":""},"api_address":"185.165.170.142:5049"}
[2026-02-19T23:12:00+08:00][info] 消息ID缓存成功: task_id=25, group_id=https://t.me/+HZFEhfAwKjhmZDZk, msg_index=1638, message_id=30192, send_user_id=2314
[2026-02-19T23:12:00+08:00][info] 消息状态标记为已发送: task_id=25, group_id=https://t.me/+HZFEhfAwKjhmZDZk, msg_index=1638
[2026-02-19T23:12:00+08:00][info] 任务 25 将在 100 秒后继续处理下一条消息，索引: 1639, 实例ID: task_25_index_1639_1771513920.1363
[2026-02-19T23:12:03+08:00][info] 开始处理队列任务: task_id=38, current_index=363
[2026-02-19T23:12:03+08:00][info] 使用消息配置中指定的用户 3093 的 session_path/www/wwwroot/tdata.tgbota.top/public/uploads/admin/202602/699625adf380f/14642412588/tdata/temp_8268342482.session
[2026-02-19T23:12:05+08:00][info] 返回:{"status":true,"message":"发送完成，成功1个，失败0个[]","data":{"success":[{"group_id":3794396962,"group_link":"https:\/\/t.me\/+69dYKDni-wFmYWE0","type":"megagroup","message":"发送成功","message_id":515}],"failed":[],"debug":["处理标识符: https:\/\/t.me\/+69dYKDni-wFmYWE0, 清理后: https:\/\/t.me\/+69dYKDni-wFmYWE0, 识别为链接: True, 识别为数字ID: False"],"warning":""},"api_address":"185.165.170.142:5109"}
[2026-02-19T23:12:05+08:00][info] 消息ID缓存成功: task_id=38, group_id=https://t.me/+69dYKDni-wFmYWE0, msg_index=363, message_id=515, send_user_id=3093
[2026-02-19T23:12:05+08:00][info] 消息状态标记为已发送: task_id=38, group_id=https://t.me/+69dYKDni-wFmYWE0, msg_index=363
[2026-02-19T23:12:05+08:00][info] 任务 38 将在 86 秒后继续处理下一条消息，索引: 364, 实例ID: task_38_index_364_1771513925.6785
[2026-02-19T23:12:08+08:00][info] 开始处理队列任务: task_id=36, current_index=1675
[2026-02-19T23:12:08+08:00][info] 消息缓存初始化完成: task_id=36, groups=https://t.me/+o12qlRNkdiViMjE0
[2026-02-19T23:12:08+08:00][info] 任务 36 第 3 次循环，重置群组 https://t.me/+o12qlRNkdiViMjE0 消息状态
[2026-02-19T23:12:08+08:00][info] 使用当前发送用户 2516 的 session_path/www/wwwroot/tdata.tgbota.top/public/uploads/admin/202602/69862ac4b6550/817043244778/tdata/temp_8005743970.session
[2026-02-19T23:12:09+08:00][info] 开始处理队列任务: task_id=33, current_index=1511
[2026-02-19T23:12:10+08:00][info] 消息缓存初始化完成: task_id=33, groups=https://t.me/+wcqRUxDn6zczYmM0
[2026-02-19T23:12:10+08:00][info] 任务 33 第 2 次循环，重置群组 https://t.me/+wcqRUxDn6zczYmM0 消息状态
[2026-02-19T23:12:10+08:00][info] 使用消息配置中指定的用户 2468 的 session_path/www/wwwroot/tdata.tgbota.top/public/uploads/admin/202602/69862ac4b6550/818010973674/tdata/temp_8555734678.session
[2026-02-19T23:12:10+08:00][info] 返回:{"status":true,"message":"发送完成，成功1个，失败0个[]","data":{"success":[{"group_id":3479387283,"group_link":"https:\/\/t.me\/+o12qlRNkdiViMjE0","type":"megagroup","message":"发送成功","message_id":10320}],"failed":[],"debug":["处理标识符: https:\/\/t.me\/+o12qlRNkdiViMjE0, 清理后: https:\/\/t.me\/+o12qlRNkdiViMjE0, 识别为链接: True, 识别为数字ID: False"],"warning":""},"api_address":"185.165.170.142:5100"}
[2026-02-19T23:12:10+08:00][info] 消息ID缓存成功: task_id=36, group_id=https://t.me/+o12qlRNkdiViMjE0, msg_index=1675, message_id=10320, send_user_id=2516
[2026-02-19T23:12:10+08:00][info] 消息状态标记为已发送: task_id=36, group_id=https://t.me/+o12qlRNkdiViMjE0, msg_index=1675
[2026-02-19T23:12:10+08:00][info] 任务 36 将在 88 秒后继续处理下一条消息，索引: 1676, 实例ID: task_36_index_1676_1771513930.8494
[2026-02-19T23:12:12+08:00][info] 返回:{"status":true,"message":"发送完成，成功1个，失败0个[]","data":{"success":[{"group_id":3658905404,"group_link":"https:\/\/t.me\/+wcqRUxDn6zczYmM0","type":"megagroup","message":"发送成功","message_id":10094}],"failed":[],"debug":["处理标识符: https:\/\/t.me\/+wcqRUxDn6zczYmM0, 清理后: https:\/\/t.me\/+wcqRUxDn6zczYmM0, 识别为链接: True, 识别为数字ID: False","文件1有效: \/www\/wwwroot\/tdata.tgbota.top\/public\/uploads\/admin\/202512\/693ae53f5ae7c.jpg (143014字节)","发送单个文件: \/www\/wwwroot\/tdata.tgbota.top\/public\/uploads\/admin\/202512\/693ae53f5ae7c.jpg"],"warning":""},"api_address":"185.165.170.142:5003"}
[2026-02-19T23:12:12+08:00][info] 消息ID缓存成功: task_id=33, group_id=https://t.me/+wcqRUxDn6zczYmM0, msg_index=1511, message_id=10094, send_user_id=2468
[2026-02-19T23:12:12+08:00][info] 消息状态标记为已发送: task_id=33, group_id=https://t.me/+wcqRUxDn6zczYmM0, msg_index=1511
[2026-02-19T23:12:12+08:00][info] 任务 33 将在 128 秒后继续处理下一条消息，索引: 1512, 实例ID: task_33_index_1512_1771513932.8431
[2026-02-19T23:12:27+08:00][info] 开始处理队列任务: task_id=27, current_index=1607
[2026-02-19T23:12:28+08:00][info] 消息缓存初始化完成: task_id=27, groups=https://t.me/+_XaTo9Qrv0VjOTM0
[2026-02-19T23:12:28+08:00][info] 任务 27 第 3 次循环，重置群组 https://t.me/+_XaTo9Qrv0VjOTM0 消息状态
[2026-02-19T23:12:28+08:00][info] 从数据库获取用户 2367 的 session_path
[2026-02-19T23:12:30+08:00][info] 返回:{"status":true,"message":"发送完成，成功1个，失败0个[]","data":{"success":[{"group_id":3649225144,"group_link":"https:\/\/t.me\/+_XaTo9Qrv0VjOTM0","type":"megagroup","message":"发送成功","message_id":33221}],"failed":[],"debug":["处理标识符: https:\/\/t.me\/+_XaTo9Qrv0VjOTM0, 清理后: https:\/\/t.me\/+_XaTo9Qrv0VjOTM0, 识别为链接: True, 识别为数字ID: False"],"warning":""},"api_address":"185.165.170.142:5102"}
[2026-02-19T23:12:30+08:00][info] 消息ID缓存成功: task_id=27, group_id=https://t.me/+_XaTo9Qrv0VjOTM0, msg_index=1607, message_id=33221, send_user_id=2367
[2026-02-19T23:12:30+08:00][info] 消息状态标记为已发送: task_id=27, group_id=https://t.me/+_XaTo9Qrv0VjOTM0, msg_index=1607
[2026-02-19T23:12:30+08:00][info] 任务 27 将在 85 秒后继续处理下一条消息，索引: 1608, 实例ID: task_27_index_1608_1771513950.7055
[2026-02-19T23:12:41+08:00][info] 开始处理队列任务: task_id=29, current_index=1639
[2026-02-19T23:12:41+08:00][info] 消息缓存初始化完成: task_id=29, groups=https://t.me/+WZlsKfz1W89jYjE0
[2026-02-19T23:12:41+08:00][info] 任务 29 第 3 次循环，重置群组 https://t.me/+WZlsKfz1W89jYjE0 消息状态
[2026-02-19T23:12:41+08:00][info] 使用当前发送用户 2290 的 session_path/www/wwwroot/tdata.tgbota.top/public/uploads/admin/202601/6971e94ea480a/16109567221/tdata/temp_8273478041.session
[2026-02-19T23:12:42+08:00][info] 开始处理队列任务: task_id=28, current_index=1644
[2026-02-19T23:12:42+08:00][info] 消息缓存初始化完成: task_id=28, groups=https://t.me/+Hg62NsrbOCZmZmY8
[2026-02-19T23:12:42+08:00][info] 任务 28 第 3 次循环，重置群组 https://t.me/+Hg62NsrbOCZmZmY8 消息状态
[2026-02-19T23:12:43+08:00][info] 使用当前发送用户 1892 的 session_path/www/wwwroot/tdata.tgbota.top/public/uploads/admin/202601/6960a58a3f18c/13613577981/tdata/temp_8196916921.session
[2026-02-19T23:12:44+08:00][info] 返回:{"status":true,"message":"发送完成，成功1个，失败0个[]","data":{"success":[{"group_id":3780502866,"group_link":"https:\/\/t.me\/+WZlsKfz1W89jYjE0","type":"megagroup","message":"发送成功","message_id":21733}],"failed":[],"debug":["处理标识符: https:\/\/t.me\/+WZlsKfz1W89jYjE0, 清理后: https:\/\/t.me\/+WZlsKfz1W89jYjE0, 识别为链接: True, 识别为数字ID: False"],"warning":""},"api_address":"185.165.170.142:5025"}
[2026-02-19T23:12:44+08:00][info] 消息ID缓存成功: task_id=29, group_id=https://t.me/+WZlsKfz1W89jYjE0, msg_index=1639, message_id=21733, send_user_id=2290
[2026-02-19T23:12:44+08:00][info] 消息状态标记为已发送: task_id=29, group_id=https://t.me/+WZlsKfz1W89jYjE0, msg_index=1639
[2026-02-19T23:12:44+08:00][info] 任务 29 将在 88 秒后继续处理下一条消息，索引: 1640, 实例ID: task_29_index_1640_1771513964.0273
[2026-02-19T23:12:45+08:00][info] 返回:{"status":true,"message":"发送完成，成功1个，失败0个[]","data":{"success":[{"group_id":3657218256,"group_link":"https:\/\/t.me\/+Hg62NsrbOCZmZmY8","type":"megagroup","message":"发送成功","message_id":21675}],"failed":[],"debug":["处理标识符: https:\/\/t.me\/+Hg62NsrbOCZmZmY8, 清理后: https:\/\/t.me\/+Hg62NsrbOCZmZmY8, 识别为链接: True, 识别为数字ID: False"],"warning":""},"api_address":"185.165.170.142:5080"}
[2026-02-19T23:12:45+08:00][info] 消息ID缓存成功: task_id=28, group_id=https://t.me/+Hg62NsrbOCZmZmY8, msg_index=1644, message_id=21675, send_user_id=1892
[2026-02-19T23:12:45+08:00][info] 消息状态标记为已发送: task_id=28, group_id=https://t.me/+Hg62NsrbOCZmZmY8, msg_index=1644
[2026-02-19T23:12:45+08:00][info] 任务 28 将在 95 秒后继续处理下一条消息，索引: 1645, 实例ID: task_28_index_1645_1771513965.5361
[2026-02-19T23:12:51+08:00][info] 开始处理队列任务: task_id=35, current_index=1724
[2026-02-19T23:12:51+08:00][info] 消息缓存初始化完成: task_id=35, groups=https://t.me/+BrIuI_-gkNhhYTE0
[2026-02-19T23:12:51+08:00][info] 任务 35 第 3 次循环，重置群组 https://t.me/+BrIuI_-gkNhhYTE0 消息状态
[2026-02-19T23:12:51+08:00][info] 使用消息配置中指定的用户 2547 的 session_path/www/wwwroot/tdata.tgbota.top/public/uploads/admin/202602/69862ac4b6550/818014391722/tdata/temp_8287341119.session
[2026-02-19T23:12:53+08:00][info] 返回:{"status":true,"message":"发送完成，成功1个，失败0个[]","data":{"success":[{"group_id":3646934744,"group_link":"https:\/\/t.me\/+BrIuI_-gkNhhYTE0","type":"megagroup","message":"发送成功","message_id":10308}],"failed":[],"debug":["处理标识符: https:\/\/t.me\/+BrIuI_-gkNhhYTE0, 清理后: https:\/\/t.me\/+BrIuI_-gkNhhYTE0, 识别为链接: True, 识别为数字ID: False"],"warning":""},"api_address":"185.165.170.142:5131"}
[2026-02-19T23:12:53+08:00][info] 消息ID缓存成功: task_id=35, group_id=https://t.me/+BrIuI_-gkNhhYTE0, msg_index=1724, message_id=10308, send_user_id=2547
[2026-02-19T23:12:53+08:00][info] 消息状态标记为已发送: task_id=35, group_id=https://t.me/+BrIuI_-gkNhhYTE0, msg_index=1724
[2026-02-19T23:12:53+08:00][info] 任务 35 将在 79 秒后继续处理下一条消息，索引: 1725, 实例ID: task_35_index_1725_1771513973.5879
[2026-02-19T23:12:58+08:00][info] 开始处理队列任务: task_id=39, current_index=363
[2026-02-19T23:12:58+08:00][info] 使用消息配置中指定的用户 3093 的 session_path/www/wwwroot/tdata.tgbota.top/public/uploads/admin/202602/699625adf380f/14642412588/tdata/temp_8268342482.session
[2026-02-19T23:12:59+08:00][info] 开始处理队列任务: task_id=31, current_index=1645
[2026-02-19T23:12:59+08:00][info] 消息缓存初始化完成: task_id=31, groups=https://t.me/+4azhFwWhx1czMzE0
[2026-02-19T23:12:59+08:00][info] 任务 31 第 3 次循环，重置群组 https://t.me/+4azhFwWhx1czMzE0 消息状态
[2026-02-19T23:12:59+08:00][info] 使用feedbackType=1644的消息ID: 14496
[2026-02-19T23:12:59+08:00][info] 从数据库获取用户 1967 的 session_path
[2026-02-19T23:13:00+08:00][info] 返回:{"status":true,"message":"发送完成，成功1个，失败0个[]","data":{"success":[{"group_id":3770869551,"group_link":"https:\/\/t.me\/+ZpSvBhFQCCEwMzdk","type":"megagroup","message":"发送成功","message_id":515}],"failed":[],"debug":["处理标识符: https:\/\/t.me\/+ZpSvBhFQCCEwMzdk, 清理后: https:\/\/t.me\/+ZpSvBhFQCCEwMzdk, 识别为链接: True, 识别为数字ID: False"],"warning":""},"api_address":"185.165.170.142:5109"}
[2026-02-19T23:13:00+08:00][info] 消息ID缓存成功: task_id=39, group_id=https://t.me/+ZpSvBhFQCCEwMzdk, msg_index=363, message_id=515, send_user_id=3093
[2026-02-19T23:13:00+08:00][info] 消息状态标记为已发送: task_id=39, group_id=https://t.me/+ZpSvBhFQCCEwMzdk, msg_index=363
[2026-02-19T23:13:00+08:00][info] 任务 39 将在 86 秒后继续处理下一条消息，索引: 364, 实例ID: task_39_index_364_1771513980.9749
[2026-02-19T23:13:02+08:00][info] 返回:{"status":true,"message":"发送完成，成功1个，失败0个[]","data":{"success":[{"group_id":3079998653,"group_link":"https:\/\/t.me\/+4azhFwWhx1czMzE0","type":"megagroup","message":"发送成功","message_id":14498}],"failed":[],"debug":["处理标识符: https:\/\/t.me\/+4azhFwWhx1czMzE0, 清理后: https:\/\/t.me\/+4azhFwWhx1czMzE0, 识别为链接: True, 识别为数字ID: False"],"warning":""},"api_address":"185.165.170.142:5004"}
[2026-02-19T23:13:02+08:00][info] 消息ID缓存成功: task_id=31, group_id=https://t.me/+4azhFwWhx1czMzE0, msg_index=1645, message_id=14498, send_user_id=1967
[2026-02-19T23:13:02+08:00][info] 消息状态标记为已发送: task_id=31, group_id=https://t.me/+4azhFwWhx1czMzE0, msg_index=1645
[2026-02-19T23:13:02+08:00][info] 任务 31 将在 82 秒后继续处理下一条消息，索引: 1646, 实例ID: task_31_index_1646_1771513982.3141
[2026-02-19T23:13:13+08:00][info] 开始处理队列任务: task_id=37, current_index=1712
[2026-02-19T23:13:13+08:00][info] 消息缓存初始化完成: task_id=37, groups=https://t.me/+DUAGbZI5vW41NWI8
[2026-02-19T23:13:13+08:00][info] 任务 37 第 3 次循环，重置群组 https://t.me/+DUAGbZI5vW41NWI8 消息状态
[2026-02-19T23:13:13+08:00][info] 使用消息配置中指定的用户 2409 的 session_path/www/wwwroot/tdata.tgbota.top/public/uploads/admin/202602/69862ac4b6550/817043071331/tdata/temp_8424093490.session
[2026-02-19T23:13:15+08:00][info] 返回:{"status":true,"message":"发送完成，成功1个，失败0个[]","data":{"success":[{"group_id":3732578862,"group_link":"https:\/\/t.me\/+DUAGbZI5vW41NWI8","type":"megagroup","message":"发送成功","message_id":8486}],"failed":[],"debug":["处理标识符: https:\/\/t.me\/+DUAGbZI5vW41NWI8, 清理后: https:\/\/t.me\/+DUAGbZI5vW41NWI8, 识别为链接: True, 识别为数字ID: False"],"warning":""},"api_address":"185.165.170.142:5144"}
[2026-02-19T23:13:15+08:00][info] 消息ID缓存成功: task_id=37, group_id=https://t.me/+DUAGbZI5vW41NWI8, msg_index=1712, message_id=8486, send_user_id=2409
[2026-02-19T23:13:15+08:00][info] 消息状态标记为已发送: task_id=37, group_id=https://t.me/+DUAGbZI5vW41NWI8, msg_index=1712
[2026-02-19T23:13:15+08:00][info] 任务 37 将在 79 秒后继续处理下一条消息，索引: 1713, 实例ID: task_37_index_1713_1771513995.3707
[2026-02-19T23:13:31+08:00][info] 开始处理队列任务: task_id=34, current_index=1512
[2026-02-19T23:13:31+08:00][info] 消息缓存初始化完成: task_id=34, groups=https://t.me/+CUyn8iqnQwEzNDY0
[2026-02-19T23:13:31+08:00][info] 任务 34 第 2 次循环，重置群组 https://t.me/+CUyn8iqnQwEzNDY0 消息状态
[2026-02-19T23:13:31+08:00][info] 使用消息配置中指定的用户 2444 的 session_path/www/wwwroot/tdata.tgbota.top/public/uploads/admin/202602/69862ac4b6550/817041771123/tdata/temp_8337551364.session
[2026-02-19T23:13:31+08:00][info] 开始处理队列任务: task_id=38, current_index=364
[2026-02-19T23:13:31+08:00][info] 使用feedbackType=358的消息ID: 509
[2026-02-19T23:13:31+08:00][info] 使用当前发送用户 3029 的 session_path/www/wwwroot/tdata.tgbota.top/public/uploads/admin/202602/699625adf380f/14632952838/tdata/temp_8232193079.session
[2026-02-19T23:13:33+08:00][info] 返回:{"status":true,"message":"发送完成，成功1个，失败0个[]","data":{"success":[{"group_id":3719450736,"group_link":"https:\/\/t.me\/+CUyn8iqnQwEzNDY0","type":"megagroup","message":"发送成功","message_id":10256}],"failed":[],"debug":["处理标识符: https:\/\/t.me\/+CUyn8iqnQwEzNDY0, 清理后: https:\/\/t.me\/+CUyn8iqnQwEzNDY0, 识别为链接: True, 识别为数字ID: False"],"warning":""},"api_address":"185.165.170.142:5028"}
[2026-02-19T23:13:33+08:00][info] 消息ID缓存成功: task_id=34, group_id=https://t.me/+CUyn8iqnQwEzNDY0, msg_index=1512, message_id=10256, send_user_id=2444
[2026-02-19T23:13:33+08:00][info] 消息状态标记为已发送: task_id=34, group_id=https://t.me/+CUyn8iqnQwEzNDY0, msg_index=1512
[2026-02-19T23:13:33+08:00][info] 任务 34 将在 84 秒后继续处理下一条消息，索引: 1513, 实例ID: task_34_index_1513_1771514013.0331
[2026-02-19T23:13:34+08:00][info] 返回:{"status":true,"message":"发送完成，成功1个，失败0个[]","data":{"success":[{"group_id":3794396962,"group_link":"https:\/\/t.me\/+69dYKDni-wFmYWE0","type":"megagroup","message":"发送成功","message_id":516}],"failed":[],"debug":["处理标识符: https:\/\/t.me\/+69dYKDni-wFmYWE0, 清理后: https:\/\/t.me\/+69dYKDni-wFmYWE0, 识别为链接: True, 识别为数字ID: False"],"warning":""},"api_address":"185.165.170.142:5045"}
[2026-02-19T23:13:34+08:00][info] 消息ID缓存成功: task_id=38, group_id=https://t.me/+69dYKDni-wFmYWE0, msg_index=364, message_id=516, send_user_id=3029
[2026-02-19T23:13:34+08:00][info] 消息状态标记为已发送: task_id=38, group_id=https://t.me/+69dYKDni-wFmYWE0, msg_index=364
[2026-02-19T23:13:34+08:00][info] 任务 38 将在 90 秒后继续处理下一条消息，索引: 365, 实例ID: task_38_index_365_1771514014.9071
[2026-02-19T23:13:37+08:00][info] 开始处理队列任务: task_id=40, current_index=362
[2026-02-19T23:13:38+08:00][info] 使用当前发送用户 3023 的 session_path/www/wwwroot/tdata.tgbota.top/public/uploads/admin/202602/699625adf380f/14722169338/tdata/temp_8425993418.session
[2026-02-19T23:13:38+08:00][info] 开始处理队列任务: task_id=36, current_index=1676
[2026-02-19T23:13:38+08:00][info] 消息缓存初始化完成: task_id=36, groups=https://t.me/+o12qlRNkdiViMjE0
[2026-02-19T23:13:38+08:00][info] 任务 36 第 3 次循环，重置群组 https://t.me/+o12qlRNkdiViMjE0 消息状态
[2026-02-19T23:13:38+08:00][info] 从数据库获取用户 2510 的 session_path
[2026-02-19T23:13:40+08:00][info] 返回:{"status":true,"message":"发送完成，成功1个，失败0个[]","data":{"success":[{"group_id":3479387283,"group_link":"https:\/\/t.me\/+o12qlRNkdiViMjE0","type":"megagroup","message":"发送成功","message_id":10321}],"failed":[],"debug":["处理标识符: https:\/\/t.me\/+o12qlRNkdiViMjE0, 清理后: https:\/\/t.me\/+o12qlRNkdiViMjE0, 识别为链接: True, 识别为数字ID: False"],"warning":""},"api_address":"185.165.170.142:5094"}
[2026-02-19T23:13:40+08:00][info] 消息ID缓存成功: task_id=36, group_id=https://t.me/+o12qlRNkdiViMjE0, msg_index=1676, message_id=10321, send_user_id=2510
[2026-02-19T23:13:40+08:00][info] 消息状态标记为已发送: task_id=36, group_id=https://t.me/+o12qlRNkdiViMjE0, msg_index=1676
[2026-02-19T23:13:40+08:00][info] 任务 36 将在 90 秒后继续处理下一条消息，索引: 1677, 实例ID: task_36_index_1677_1771514020.5267
[2026-02-19T23:13:40+08:00][info] 返回:{"status":true,"message":"发送完成，成功1个，失败0个[]","data":{"success":[{"group_id":3799666589,"group_link":"https:\/\/t.me\/+IfyZ_OVthdI5YzNk","type":"megagroup","message":"发送成功","message_id":515}],"failed":[],"debug":["处理标识符: https:\/\/t.me\/+IfyZ_OVthdI5YzNk, 清理后: https:\/\/t.me\/+IfyZ_OVthdI5YzNk, 识别为链接: True, 识别为数字ID: False"],"warning":""},"api_address":"185.165.170.142:5039"}
[2026-02-19T23:13:40+08:00][info] 消息ID缓存成功: task_id=40, group_id=https://t.me/+IfyZ_OVthdI5YzNk, msg_index=362, message_id=515, send_user_id=3023
[2026-02-19T23:13:40+08:00][info] 消息状态标记为已发送: task_id=40, group_id=https://t.me/+IfyZ_OVthdI5YzNk, msg_index=362
[2026-02-19T23:13:40+08:00][info] 任务 40 将在 80 秒后继续处理下一条消息，索引: 363, 实例ID: task_40_index_363_1771514020.5596
[2026-02-19T23:13:40+08:00][info] 开始处理队列任务: task_id=25, current_index=1639
[2026-02-19T23:13:40+08:00][info] 消息缓存初始化完成: task_id=25, groups=https://t.me/+HZFEhfAwKjhmZDZk
[2026-02-19T23:13:40+08:00][info] 任务 25 第 3 次循环，重置群组 https://t.me/+HZFEhfAwKjhmZDZk 消息状态
[2026-02-19T23:13:40+08:00][info] 使用当前发送用户 2290 的 session_path/www/wwwroot/tdata.tgbota.top/public/uploads/admin/202601/6971e94ea480a/16109567221/tdata/temp_8273478041.session
[2026-02-19T23:13:43+08:00][info] 返回:{"status":true,"message":"发送完成，成功1个，失败0个[]","data":{"success":[{"group_id":3482989339,"group_link":"https:\/\/t.me\/+HZFEhfAwKjhmZDZk","type":"megagroup","message":"发送成功","message_id":30193}],"failed":[],"debug":["处理标识符: https:\/\/t.me\/+HZFEhfAwKjhmZDZk, 清理后: https:\/\/t.me\/+HZFEhfAwKjhmZDZk, 识别为链接: True, 识别为数字ID: False"],"warning":""},"api_address":"185.165.170.142:5025"}
[2026-02-19T23:13:43+08:00][info] 消息ID缓存成功: task_id=25, group_id=https://t.me/+HZFEhfAwKjhmZDZk, msg_index=1639, message_id=30193, send_user_id=2290
[2026-02-19T23:13:43+08:00][info] 消息状态标记为已发送: task_id=25, group_id=https://t.me/+HZFEhfAwKjhmZDZk, msg_index=1639
[2026-02-19T23:13:43+08:00][info] 任务 25 将在 88 秒后继续处理下一条消息，索引: 1640, 实例ID: task_25_index_1640_1771514023.4239
[2026-02-19T23:13:55+08:00][info] 开始处理队列任务: task_id=27, current_index=1608
[2026-02-19T23:13:55+08:00][info] 消息缓存初始化完成: task_id=27, groups=https://t.me/+_XaTo9Qrv0VjOTM0
[2026-02-19T23:13:55+08:00][info] 任务 27 第 3 次循环，重置群组 https://t.me/+_XaTo9Qrv0VjOTM0 消息状态
[2026-02-19T23:13:55+08:00][info] 使用消息配置中指定的用户 2281 的 session_path/www/wwwroot/tdata.tgbota.top/public/uploads/admin/202601/6971e94ea480a/16156947078/tdata/temp_8226620833.session
[2026-02-19T23:13:58+08:00][info] 返回:{"status":true,"message":"发送完成，成功1个，失败0个[]","data":{"success":[{"group_id":3649225144,"group_link":"https:\/\/t.me\/+_XaTo9Qrv0VjOTM0","type":"megagroup","message":"发送成功","message_id":33222}],"failed":[],"debug":["处理标识符: https:\/\/t.me\/+_XaTo9Qrv0VjOTM0, 清理后: https:\/\/t.me\/+_XaTo9Qrv0VjOTM0, 识别为链接: True, 识别为数字ID: False"],"warning":""},"api_address":"185.165.170.142:5016"}
[2026-02-19T23:13:58+08:00][info] 消息ID缓存成功: task_id=27, group_id=https://t.me/+_XaTo9Qrv0VjOTM0, msg_index=1608, message_id=33222, send_user_id=2281
[2026-02-19T23:13:58+08:00][info] 消息状态标记为已发送: task_id=27, group_id=https://t.me/+_XaTo9Qrv0VjOTM0, msg_index=1608
[2026-02-19T23:13:58+08:00][info] 任务 27 将在 76 秒后继续处理下一条消息，索引: 1609, 实例ID: task_27_index_1609_1771514038.2361
[2026-02-19T23:14:12+08:00][info] 开始处理队列任务: task_id=29, current_index=1640
[2026-02-19T23:14:12+08:00][info] 消息缓存初始化完成: task_id=29, groups=https://t.me/+WZlsKfz1W89jYjE0
[2026-02-19T23:14:12+08:00][info] 任务 29 第 3 次循环，重置群组 https://t.me/+WZlsKfz1W89jYjE0 消息状态
[2026-02-19T23:14:12+08:00][info] 使用消息配置中指定的用户 2284 的 session_path/www/wwwroot/tdata.tgbota.top/public/uploads/admin/202601/6971e94ea480a/16077418636/tdata/temp_8479245605.session
[2026-02-19T23:14:12+08:00][info] 开始处理队列任务: task_id=35, current_index=1725
[2026-02-19T23:14:12+08:00][info] 消息缓存初始化完成: task_id=35, groups=https://t.me/+BrIuI_-gkNhhYTE0
[2026-02-19T23:14:12+08:00][info] 任务 35 第 3 次循环，重置群组 https://t.me/+BrIuI_-gkNhhYTE0 消息状态
[2026-02-19T23:14:12+08:00][info] 使用feedbackType=1725的消息ID: 10308
[2026-02-19T23:14:12+08:00][info] 使用消息配置中指定的用户 2549 的 session_path/www/wwwroot/tdata.tgbota.top/public/uploads/admin/202602/69862ac4b6550/818013978040/tdata/temp_8058992773.session
[2026-02-19T23:14:14+08:00][info] 返回:{"status":true,"message":"发送完成，成功1个，失败0个[]","data":{"success":[{"group_id":3780502866,"group_link":"https:\/\/t.me\/+WZlsKfz1W89jYjE0","type":"megagroup","message":"发送成功","message_id":21734}],"failed":[],"debug":["处理标识符: https:\/\/t.me\/+WZlsKfz1W89jYjE0, 清理后: https:\/\/t.me\/+WZlsKfz1W89jYjE0, 识别为链接: True, 识别为数字ID: False"],"warning":""},"api_address":"185.165.170.142:5019"}
[2026-02-19T23:14:14+08:00][info] 消息ID缓存成功: task_id=29, group_id=https://t.me/+WZlsKfz1W89jYjE0, msg_index=1640, message_id=21734, send_user_id=2284
[2026-02-19T23:14:14+08:00][info] 消息状态标记为已发送: task_id=29, group_id=https://t.me/+WZlsKfz1W89jYjE0, msg_index=1640
[2026-02-19T23:14:14+08:00][info] 任务 29 将在 89 秒后继续处理下一条消息，索引: 1641, 实例ID: task_29_index_1641_1771514054.8549
[2026-02-19T23:14:14+08:00][info] 返回:{"status":true,"message":"发送完成，成功1个，失败0个[]","data":{"success":[{"group_id":3646934744,"group_link":"https:\/\/t.me\/+BrIuI_-gkNhhYTE0","type":"megagroup","message":"发送成功","message_id":10309}],"failed":[],"debug":["处理标识符: https:\/\/t.me\/+BrIuI_-gkNhhYTE0, 清理后: https:\/\/t.me\/+BrIuI_-gkNhhYTE0, 识别为链接: True, 识别为数字ID: False"],"warning":""},"api_address":"185.165.170.142:5133"}
[2026-02-19T23:14:14+08:00][info] 消息ID缓存成功: task_id=35, group_id=https://t.me/+BrIuI_-gkNhhYTE0, msg_index=1725, message_id=10309, send_user_id=2549
[2026-02-19T23:14:14+08:00][info] 消息状态标记为已发送: task_id=35, group_id=https://t.me/+BrIuI_-gkNhhYTE0, msg_index=1725
[2026-02-19T23:14:14+08:00][info] 任务 35 将在 99 秒后继续处理下一条消息，索引: 1726, 实例ID: task_35_index_1726_1771514054.9206
[2026-02-19T23:14:20+08:00][info] 开始处理队列任务: task_id=28, current_index=1645
[2026-02-19T23:14:20+08:00][info] 开始处理队列任务: task_id=33, current_index=1512
[2026-02-19T23:14:20+08:00][info] 消息缓存初始化完成: task_id=28, groups=https://t.me/+Hg62NsrbOCZmZmY8
[2026-02-19T23:14:20+08:00][info] 任务 28 第 3 次循环，重置群组 https://t.me/+Hg62NsrbOCZmZmY8 消息状态
[2026-02-19T23:14:20+08:00][info] 使用feedbackType=1644的消息ID: 21674
[2026-02-19T23:14:20+08:00][info] 使用消息配置中指定的用户 1967 的 session_path/www/wwwroot/tdata.tgbota.top/public/uploads/admin/202601/6960a58a3f18c/13613396891/tdata/temp_8263863998.session
[2026-02-19T23:14:21+08:00][info] 消息缓存初始化完成: task_id=33, groups=https://t.me/+wcqRUxDn6zczYmM0
[2026-02-19T23:14:21+08:00][info] 任务 33 第 2 次循环，重置群组 https://t.me/+wcqRUxDn6zczYmM0 消息状态
[2026-02-19T23:14:21+08:00][info] 使用消息配置中指定的用户 2444 的 session_path/www/wwwroot/tdata.tgbota.top/public/uploads/admin/202602/69862ac4b6550/817041771123/tdata/temp_8337551364.session
[2026-02-19T23:14:23+08:00][info] 返回:{"status":true,"message":"发送完成，成功1个，失败0个[]","data":{"success":[{"group_id":3658905404,"group_link":"https:\/\/t.me\/+wcqRUxDn6zczYmM0","type":"megagroup","message":"发送成功","message_id":10095}],"failed":[],"debug":["处理标识符: https:\/\/t.me\/+wcqRUxDn6zczYmM0, 清理后: https:\/\/t.me\/+wcqRUxDn6zczYmM0, 识别为链接: True, 识别为数字ID: False"],"warning":""},"api_address":"185.165.170.142:5028"}
[2026-02-19T23:14:23+08:00][info] 消息ID缓存成功: task_id=33, group_id=https://t.me/+wcqRUxDn6zczYmM0, msg_index=1512, message_id=10095, send_user_id=2444
[2026-02-19T23:14:23+08:00][info] 消息状态标记为已发送: task_id=33, group_id=https://t.me/+wcqRUxDn6zczYmM0, msg_index=1512
[2026-02-19T23:14:23+08:00][info] 任务 33 将在 84 秒后继续处理下一条消息，索引: 1513, 实例ID: task_33_index_1513_1771514063.0295
[2026-02-19T23:14:23+08:00][info] 返回:{"status":true,"message":"发送完成，成功1个，失败0个[]","data":{"success":[{"group_id":3657218256,"group_link":"https:\/\/t.me\/+Hg62NsrbOCZmZmY8","type":"megagroup","message":"发送成功","message_id":21676}],"failed":[],"debug":["处理标识符: https:\/\/t.me\/+Hg62NsrbOCZmZmY8, 清理后: https:\/\/t.me\/+Hg62NsrbOCZmZmY8, 识别为链接: True, 识别为数字ID: False"],"warning":""},"api_address":"185.165.170.142:5004"}
[2026-02-19T23:14:23+08:00][info] 消息ID缓存成功: task_id=28, group_id=https://t.me/+Hg62NsrbOCZmZmY8, msg_index=1645, message_id=21676, send_user_id=1967
[2026-02-19T23:14:23+08:00][info] 消息状态标记为已发送: task_id=28, group_id=https://t.me/+Hg62NsrbOCZmZmY8, msg_index=1645
[2026-02-19T23:14:24+08:00][info] 开始处理队列任务: task_id=31, current_index=1646
[2026-02-19T23:14:25+08:00][info] 任务 28 将在 82 秒后继续处理下一条消息，索引: 1646, 实例ID: task_28_index_1646_1771514065.9152
[2026-02-19T23:14:26+08:00][info] 开始处理队列任务: task_id=39, current_index=364
[2026-02-19T23:14:26+08:00][info] 使用feedbackType=358的消息ID: 509
[2026-02-19T23:14:26+08:00][info] 使用当前发送用户 3029 的 session_path/www/wwwroot/tdata.tgbota.top/public/uploads/admin/202602/699625adf380f/14632952838/tdata/temp_8232193079.session
[2026-02-19T23:14:26+08:00][info] 消息缓存初始化完成: task_id=31, groups=https://t.me/+4azhFwWhx1czMzE0
[2026-02-19T23:14:26+08:00][info] 任务 31 第 3 次循环，重置群组 https://t.me/+4azhFwWhx1czMzE0 消息状态
[2026-02-19T23:14:26+08:00][info] 使用当前发送用户 1917 的 session_path/www/wwwroot/tdata.tgbota.top/public/uploads/admin/202601/6960a58a3f18c/13614088258/tdata/temp_8459204347.session
[2026-02-19T23:14:28+08:00][info] 返回:{"status":true,"message":"发送完成，成功1个，失败0个[]","data":{"success":[{"group_id":3079998653,"group_link":"https:\/\/t.me\/+4azhFwWhx1czMzE0","type":"megagroup","message":"发送成功","message_id":14499}],"failed":[],"debug":["处理标识符: https:\/\/t.me\/+4azhFwWhx1czMzE0, 清理后: https:\/\/t.me\/+4azhFwWhx1czMzE0, 识别为链接: True, 识别为数字ID: False"],"warning":""},"api_address":"185.165.170.142:5105"}
[2026-02-19T23:14:28+08:00][info] 消息ID缓存成功: task_id=31, group_id=https://t.me/+4azhFwWhx1czMzE0, msg_index=1646, message_id=14499, send_user_id=1917
[2026-02-19T23:14:28+08:00][info] 消息状态标记为已发送: task_id=31, group_id=https://t.me/+4azhFwWhx1czMzE0, msg_index=1646
[2026-02-19T23:14:28+08:00][info] 任务 31 将在 98 秒后继续处理下一条消息，索引: 1647, 实例ID: task_31_index_1647_1771514068.6365
[2026-02-19T23:14:29+08:00][info] 返回:{"status":true,"message":"发送完成，成功1个，失败0个[]","data":{"success":[{"group_id":3770869551,"group_link":"https:\/\/t.me\/+ZpSvBhFQCCEwMzdk","type":"megagroup","message":"发送成功","message_id":516}],"failed":[],"debug":["处理标识符: https:\/\/t.me\/+ZpSvBhFQCCEwMzdk, 清理后: https:\/\/t.me\/+ZpSvBhFQCCEwMzdk, 识别为链接: True, 识别为数字ID: False"],"warning":""},"api_address":"185.165.170.142:5045"}
[2026-02-19T23:14:29+08:00][info] 消息ID缓存成功: task_id=39, group_id=https://t.me/+ZpSvBhFQCCEwMzdk, msg_index=364, message_id=516, send_user_id=3029
[2026-02-19T23:14:29+08:00][info] 消息状态标记为已发送: task_id=39, group_id=https://t.me/+ZpSvBhFQCCEwMzdk, msg_index=364
[2026-02-19T23:14:29+08:00][info] 任务 39 将在 90 秒后继续处理下一条消息，索引: 365, 实例ID: task_39_index_365_1771514069.0897
[2026-02-19T23:14:34+08:00][info] 开始处理队列任务: task_id=37, current_index=1713
[2026-02-19T23:14:34+08:00][info] 消息缓存初始化完成: task_id=37, groups=https://t.me/+DUAGbZI5vW41NWI8
[2026-02-19T23:14:34+08:00][info] 任务 37 第 3 次循环，重置群组 https://t.me/+DUAGbZI5vW41NWI8 消息状态
[2026-02-19T23:14:34+08:00][info] 使用消息配置中指定的用户 2409 的 session_path/www/wwwroot/tdata.tgbota.top/public/uploads/admin/202602/69862ac4b6550/817043071331/tdata/temp_8424093490.session
[2026-02-19T23:14:36+08:00][info] 返回:{"status":true,"message":"发送完成，成功1个，失败0个[]","data":{"success":[{"group_id":3732578862,"group_link":"https:\/\/t.me\/+DUAGbZI5vW41NWI8","type":"megagroup","message":"发送成功","message_id":8487}],"failed":[],"debug":["处理标识符: https:\/\/t.me\/+DUAGbZI5vW41NWI8, 清理后: https:\/\/t.me\/+DUAGbZI5vW41NWI8, 识别为链接: True, 识别为数字ID: False"],"warning":""},"api_address":"185.165.170.142:5144"}
[2026-02-19T23:14:36+08:00][info] 消息ID缓存成功: task_id=37, group_id=https://t.me/+DUAGbZI5vW41NWI8, msg_index=1713, message_id=8487, send_user_id=2409
[2026-02-19T23:14:36+08:00][info] 消息状态标记为已发送: task_id=37, group_id=https://t.me/+DUAGbZI5vW41NWI8, msg_index=1713
[2026-02-19T23:14:36+08:00][info] 任务 37 将在 106 秒后继续处理下一条消息，索引: 1714, 实例ID: task_37_index_1714_1771514076.5717
[2026-02-19T23:14:57+08:00][info] 开始处理队列任务: task_id=34, current_index=1513
[2026-02-19T23:14:57+08:00][info] 消息缓存初始化完成: task_id=34, groups=https://t.me/+CUyn8iqnQwEzNDY0
[2026-02-19T23:14:57+08:00][info] 任务 34 第 2 次循环，重置群组 https://t.me/+CUyn8iqnQwEzNDY0 消息状态
[2026-02-19T23:14:57+08:00][info] 使用消息配置中指定的用户 2444 的 session_path/www/wwwroot/tdata.tgbota.top/public/uploads/admin/202602/69862ac4b6550/817041771123/tdata/temp_8337551364.session
[2026-02-19T23:14:59+08:00][info] 返回:{"status":true,"message":"发送完成，成功1个，失败0个[]","data":{"success":[{"group_id":3719450736,"group_link":"https:\/\/t.me\/+CUyn8iqnQwEzNDY0","type":"megagroup","message":"发送成功","message_id":10257}],"failed":[],"debug":["处理标识符: https:\/\/t.me\/+CUyn8iqnQwEzNDY0, 清理后: https:\/\/t.me\/+CUyn8iqnQwEzNDY0, 识别为链接: True, 识别为数字ID: False"],"warning":""},"api_address":"185.165.170.142:5028"}
[2026-02-19T23:14:59+08:00][info] 消息ID缓存成功: task_id=34, group_id=https://t.me/+CUyn8iqnQwEzNDY0, msg_index=1513, message_id=10257, send_user_id=2444
[2026-02-19T23:14:59+08:00][info] 消息状态标记为已发送: task_id=34, group_id=https://t.me/+CUyn8iqnQwEzNDY0, msg_index=1513
[2026-02-19T23:14:59+08:00][info] 任务 34 将在 92 秒后继续处理下一条消息，索引: 1514, 实例ID: task_34_index_1514_1771514099.6588
[2026-02-19T23:15:00+08:00][info] 开始处理队列任务: task_id=40, current_index=363
[2026-02-19T23:15:01+08:00][info] 使用消息配置中指定的用户 3093 的 session_path/www/wwwroot/tdata.tgbota.top/public/uploads/admin/202602/699625adf380f/14642412588/tdata/temp_8268342482.session
[2026-02-19T23:15:03+08:00][info] 返回:{"status":true,"message":"发送完成，成功1个，失败0个[]","data":{"success":[{"group_id":3799666589,"group_link":"https:\/\/t.me\/+IfyZ_OVthdI5YzNk","type":"megagroup","message":"发送成功","message_id":516}],"failed":[],"debug":["处理标识符: https:\/\/t.me\/+IfyZ_OVthdI5YzNk, 清理后: https:\/\/t.me\/+IfyZ_OVthdI5YzNk, 识别为链接: True, 识别为数字ID: False"],"warning":""},"api_address":"185.165.170.142:5109"}
[2026-02-19T23:15:03+08:00][info] 消息ID缓存成功: task_id=40, group_id=https://t.me/+IfyZ_OVthdI5YzNk, msg_index=363, message_id=516, send_user_id=3093
[2026-02-19T23:15:03+08:00][info] 消息状态标记为已发送: task_id=40, group_id=https://t.me/+IfyZ_OVthdI5YzNk, msg_index=363
[2026-02-19T23:15:03+08:00][info] 任务 40 将在 86 秒后继续处理下一条消息，索引: 364, 实例ID: task_40_index_364_1771514103.784
[2026-02-19T23:15:04+08:00][info] 开始处理队列任务: task_id=38, current_index=365
[2026-02-19T23:15:04+08:00][info] 使用消息配置中指定的用户 3014 的 session_path/www/wwwroot/tdata.tgbota.top/public/uploads/admin/202602/699625adf380f/14709345774/tdata/temp_8508296846.session
[2026-02-19T23:15:07+08:00][info] 返回:{"status":true,"message":"发送完成，成功1个，失败0个[]","data":{"success":[{"group_id":3794396962,"group_link":"https:\/\/t.me\/+69dYKDni-wFmYWE0","type":"megagroup","message":"发送成功","message_id":518}],"failed":[],"debug":["处理标识符: https:\/\/t.me\/+69dYKDni-wFmYWE0, 清理后: https:\/\/t.me\/+69dYKDni-wFmYWE0, 识别为链接: True, 识别为数字ID: False"],"warning":""},"api_address":"185.165.170.142:5030"}
[2026-02-19T23:15:07+08:00][info] 消息ID缓存成功: task_id=38, group_id=https://t.me/+69dYKDni-wFmYWE0, msg_index=365, message_id=518, send_user_id=3014
[2026-02-19T23:15:07+08:00][info] 消息状态标记为已发送: task_id=38, group_id=https://t.me/+69dYKDni-wFmYWE0, msg_index=365
[2026-02-19T23:15:07+08:00][info] 任务 38 将在 95 秒后继续处理下一条消息，索引: 366, 实例ID: task_38_index_366_1771514107.3662
[2026-02-19T23:15:10+08:00][info] 开始处理队列任务: task_id=36, current_index=1677
[2026-02-19T23:15:10+08:00][info] 消息缓存初始化完成: task_id=36, groups=https://t.me/+o12qlRNkdiViMjE0
[2026-02-19T23:15:10+08:00][info] 任务 36 第 3 次循环，重置群组 https://t.me/+o12qlRNkdiViMjE0 消息状态
[2026-02-19T23:15:10+08:00][info] 使用当前发送用户 2504 的 session_path/www/wwwroot/tdata.tgbota.top/public/uploads/admin/202602/69862ac4b6550/818015756645/tdata/temp_8347195635.session
[2026-02-19T23:15:11+08:00][info] 开始处理队列任务: task_id=25, current_index=1640
[2026-02-19T23:15:11+08:00][info] 消息缓存初始化完成: task_id=25, groups=https://t.me/+HZFEhfAwKjhmZDZk
[2026-02-19T23:15:11+08:00][info] 任务 25 第 3 次循环，重置群组 https://t.me/+HZFEhfAwKjhmZDZk 消息状态
[2026-02-19T23:15:11+08:00][info] 从数据库获取用户 2284 的 session_path
[2026-02-19T23:15:12+08:00][info] 返回:{"status":true,"message":"发送完成，成功1个，失败0个[]","data":{"success":[{"group_id":3479387283,"group_link":"https:\/\/t.me\/+o12qlRNkdiViMjE0","type":"megagroup","message":"发送成功","message_id":10322}],"failed":[],"debug":["处理标识符: https:\/\/t.me\/+o12qlRNkdiViMjE0, 清理后: https:\/\/t.me\/+o12qlRNkdiViMjE0, 识别为链接: True, 识别为数字ID: False"],"warning":""},"api_address":"185.165.170.142:5088"}
[2026-02-19T23:15:12+08:00][info] 消息ID缓存成功: task_id=36, group_id=https://t.me/+o12qlRNkdiViMjE0, msg_index=1677, message_id=10322, send_user_id=2504
[2026-02-19T23:15:12+08:00][info] 消息状态标记为已发送: task_id=36, group_id=https://t.me/+o12qlRNkdiViMjE0, msg_index=1677
[2026-02-19T23:15:12+08:00][info] 任务 36 将在 98 秒后继续处理下一条消息，索引: 1678, 实例ID: task_36_index_1678_1771514112.5994
[2026-02-19T23:15:13+08:00][info] 返回:{"status":true,"message":"发送完成，成功1个，失败0个[]","data":{"success":[{"group_id":3482989339,"group_link":"https:\/\/t.me\/+HZFEhfAwKjhmZDZk","type":"megagroup","message":"发送成功","message_id":30194}],"failed":[],"debug":["处理标识符: https:\/\/t.me\/+HZFEhfAwKjhmZDZk, 清理后: https:\/\/t.me\/+HZFEhfAwKjhmZDZk, 识别为链接: True, 识别为数字ID: False"],"warning":""},"api_address":"185.165.170.142:5019"}
[2026-02-19T23:15:13+08:00][info] 消息ID缓存成功: task_id=25, group_id=https://t.me/+HZFEhfAwKjhmZDZk, msg_index=1640, message_id=30194, send_user_id=2284
[2026-02-19T23:15:13+08:00][info] 消息状态标记为已发送: task_id=25, group_id=https://t.me/+HZFEhfAwKjhmZDZk, msg_index=1640
[2026-02-19T23:15:14+08:00][info] 任务 25 将在 89 秒后继续处理下一条消息，索引: 1641, 实例ID: task_25_index_1641_1771514114.6213
[2026-02-19T23:15:14+08:00][info] 开始处理队列任务: task_id=27, current_index=1609
[2026-02-19T23:15:15+08:00][info] 消息缓存初始化完成: task_id=27, groups=https://t.me/+_XaTo9Qrv0VjOTM0
[2026-02-19T23:15:15+08:00][info] 任务 27 第 3 次循环，重置群组 https://t.me/+_XaTo9Qrv0VjOTM0 消息状态
[2026-02-19T23:15:15+08:00][info] 从数据库获取用户 2313 的 session_path
[2026-02-19T23:15:18+08:00][info] 返回:{"status":true,"message":"发送完成，成功1个，失败0个[]","data":{"success":[{"group_id":3649225144,"group_link":"https:\/\/t.me\/+_XaTo9Qrv0VjOTM0","type":"megagroup","message":"发送成功","message_id":33223}],"failed":[],"debug":["处理标识符: https:\/\/t.me\/+_XaTo9Qrv0VjOTM0, 清理后: https:\/\/t.me\/+_XaTo9Qrv0VjOTM0, 识别为链接: True, 识别为数字ID: False","文件1有效: \/www\/wwwroot\/tdata.tgbota.top\/public\/uploads\/admin\/202512\/693ae4c14180b.jpg (23975字节)","发送单个文件: \/www\/wwwroot\/tdata.tgbota.top\/public\/uploads\/admin\/202512\/693ae4c14180b.jpg"],"warning":""},"api_address":"185.165.170.142:5002"}
[2026-02-19T23:15:18+08:00][info] 消息ID缓存成功: task_id=27, group_id=https://t.me/+_XaTo9Qrv0VjOTM0, msg_index=1609, message_id=33223, send_user_id=2313
[2026-02-19T23:15:18+08:00][info] 消息状态标记为已发送: task_id=27, group_id=https://t.me/+_XaTo9Qrv0VjOTM0, msg_index=1609
[2026-02-19T23:15:18+08:00][info] 任务 27 将在 109 秒后继续处理下一条消息，索引: 1610, 实例ID: task_27_index_1610_1771514118.9522
[2026-02-19T23:15:43+08:00][info] 开始处理队列任务: task_id=29, current_index=1641
[2026-02-19T23:15:43+08:00][info] 消息缓存初始化完成: task_id=29, groups=https://t.me/+WZlsKfz1W89jYjE0
[2026-02-19T23:15:43+08:00][info] 任务 29 第 3 次循环，重置群组 https://t.me/+WZlsKfz1W89jYjE0 消息状态
[2026-02-19T23:15:43+08:00][info] 使用当前发送用户 2290 的 session_path/www/wwwroot/tdata.tgbota.top/public/uploads/admin/202601/6971e94ea480a/16109567221/tdata/temp_8273478041.session
[2026-02-19T23:15:45+08:00][info] 返回:{"status":true,"message":"发送完成，成功1个，失败0个[]","data":{"success":[{"group_id":3780502866,"group_link":"https:\/\/t.me\/+WZlsKfz1W89jYjE0","type":"megagroup","message":"发送成功","message_id":21735}],"failed":[],"debug":["处理标识符: https:\/\/t.me\/+WZlsKfz1W89jYjE0, 清理后: https:\/\/t.me\/+WZlsKfz1W89jYjE0, 识别为链接: True, 识别为数字ID: False"],"warning":""},"api_address":"185.165.170.142:5025"}
[2026-02-19T23:15:45+08:00][info] 消息ID缓存成功: task_id=29, group_id=https://t.me/+WZlsKfz1W89jYjE0, msg_index=1641, message_id=21735, send_user_id=2290
[2026-02-19T23:15:45+08:00][info] 消息状态标记为已发送: task_id=29, group_id=https://t.me/+WZlsKfz1W89jYjE0, msg_index=1641
[2026-02-19T23:15:45+08:00][info] 任务 29 将在 76 秒后继续处理下一条消息，索引: 1642, 实例ID: task_29_index_1642_1771514145.8229
[2026-02-19T23:15:47+08:00][info] 开始处理队列任务: task_id=28, current_index=1646
[2026-02-19T23:15:47+08:00][info] 消息缓存初始化完成: task_id=28, groups=https://t.me/+Hg62NsrbOCZmZmY8
[2026-02-19T23:15:47+08:00][info] 任务 28 第 3 次循环，重置群组 https://t.me/+Hg62NsrbOCZmZmY8 消息状态
[2026-02-19T23:15:47+08:00][info] 使用当前发送用户 1917 的 session_path/www/wwwroot/tdata.tgbota.top/public/uploads/admin/202601/6960a58a3f18c/13614088258/tdata/temp_8459204347.session
[2026-02-19T23:15:47+08:00][info] 开始处理队列任务: task_id=33, current_index=1513
[2026-02-19T23:15:48+08:00][info] 消息缓存初始化完成: task_id=33, groups=https://t.me/+wcqRUxDn6zczYmM0
[2026-02-19T23:15:48+08:00][info] 任务 33 第 2 次循环，重置群组 https://t.me/+wcqRUxDn6zczYmM0 消息状态
[2026-02-19T23:15:48+08:00][info] 使用消息配置中指定的用户 2444 的 session_path/www/wwwroot/tdata.tgbota.top/public/uploads/admin/202602/69862ac4b6550/817041771123/tdata/temp_8337551364.session
[2026-02-19T23:15:50+08:00][info] 返回:{"status":true,"message":"发送完成，成功1个，失败0个[]","data":{"success":[{"group_id":3658905404,"group_link":"https:\/\/t.me\/+wcqRUxDn6zczYmM0","type":"megagroup","message":"发送成功","message_id":10096}],"failed":[],"debug":["处理标识符: https:\/\/t.me\/+wcqRUxDn6zczYmM0, 清理后: https:\/\/t.me\/+wcqRUxDn6zczYmM0, 识别为链接: True, 识别为数字ID: False"],"warning":""},"api_address":"185.165.170.142:5028"}
[2026-02-19T23:15:50+08:00][info] 消息ID缓存成功: task_id=33, group_id=https://t.me/+wcqRUxDn6zczYmM0, msg_index=1513, message_id=10096, send_user_id=2444
[2026-02-19T23:15:50+08:00][info] 消息状态标记为已发送: task_id=33, group_id=https://t.me/+wcqRUxDn6zczYmM0, msg_index=1513
[2026-02-19T23:15:50+08:00][info] 任务 33 将在 92 秒后继续处理下一条消息，索引: 1514, 实例ID: task_33_index_1514_1771514150.0859
[2026-02-19T23:15:50+08:00][info] 返回:{"status":true,"message":"发送完成，成功1个，失败0个[]","data":{"success":[{"group_id":3657218256,"group_link":"https:\/\/t.me\/+Hg62NsrbOCZmZmY8","type":"megagroup","message":"发送成功","message_id":21677}],"failed":[],"debug":["处理标识符: https:\/\/t.me\/+Hg62NsrbOCZmZmY8, 清理后: https:\/\/t.me\/+Hg62NsrbOCZmZmY8, 识别为链接: True, 识别为数字ID: False"],"warning":""},"api_address":"185.165.170.142:5105"}
[2026-02-19T23:15:50+08:00][info] 消息ID缓存成功: task_id=28, group_id=https://t.me/+Hg62NsrbOCZmZmY8, msg_index=1646, message_id=21677, send_user_id=1917
[2026-02-19T23:15:50+08:00][info] 消息状态标记为已发送: task_id=28, group_id=https://t.me/+Hg62NsrbOCZmZmY8, msg_index=1646
[2026-02-19T23:15:50+08:00][info] 任务 28 将在 98 秒后继续处理下一条消息，索引: 1647, 实例ID: task_28_index_1647_1771514150.5509
[2026-02-19T23:15:53+08:00][info] 开始处理队列任务: task_id=35, current_index=1726
[2026-02-19T23:15:53+08:00][info] 消息缓存初始化完成: task_id=35, groups=https://t.me/+BrIuI_-gkNhhYTE0
[2026-02-19T23:15:53+08:00][info] 任务 35 第 3 次循环，重置群组 https://t.me/+BrIuI_-gkNhhYTE0 消息状态
[2026-02-19T23:15:53+08:00][info] 使用消息配置中指定的用户 2546 的 session_path/www/wwwroot/tdata.tgbota.top/public/uploads/admin/202602/69862ac4b6550/818013403185/tdata/temp_8345809150.session
[2026-02-19T23:15:55+08:00][info] 返回:{"status":true,"message":"发送完成，成功1个，失败0个[]","data":{"success":[{"group_id":3646934744,"group_link":"https:\/\/t.me\/+BrIuI_-gkNhhYTE0","type":"megagroup","message":"发送成功","message_id":10310}],"failed":[],"debug":["处理标识符: https:\/\/t.me\/+BrIuI_-gkNhhYTE0, 清理后: https:\/\/t.me\/+BrIuI_-gkNhhYTE0, 识别为链接: True, 识别为数字ID: False"],"warning":""},"api_address":"185.165.170.142:5130"}
[2026-02-19T23:15:55+08:00][info] 消息ID缓存成功: task_id=35, group_id=https://t.me/+BrIuI_-gkNhhYTE0, msg_index=1726, message_id=10310, send_user_id=2546
[2026-02-19T23:15:55+08:00][info] 消息状态标记为已发送: task_id=35, group_id=https://t.me/+BrIuI_-gkNhhYTE0, msg_index=1726
[2026-02-19T23:15:55+08:00][info] 任务 35 将在 87 秒后继续处理下一条消息，索引: 1727, 实例ID: task_35_index_1727_1771514155.2181
[2026-02-19T23:15:59+08:00][info] 开始处理队列任务: task_id=39, current_index=365
[2026-02-19T23:15:59+08:00][info] 使用消息配置中指定的用户 3014 的 session_path/www/wwwroot/tdata.tgbota.top/public/uploads/admin/202602/699625adf380f/14709345774/tdata/temp_8508296846.session
[2026-02-19T23:16:02+08:00][info] 返回:{"status":true,"message":"发送完成，成功1个，失败0个[]","data":{"success":[{"group_id":3770869551,"group_link":"https:\/\/t.me\/+ZpSvBhFQCCEwMzdk","type":"megagroup","message":"发送成功","message_id":518}],"failed":[],"debug":["处理标识符: https:\/\/t.me\/+ZpSvBhFQCCEwMzdk, 清理后: https:\/\/t.me\/+ZpSvBhFQCCEwMzdk, 识别为链接: True, 识别为数字ID: False"],"warning":""},"api_address":"185.165.170.142:5030"}
[2026-02-19T23:16:02+08:00][info] 消息ID缓存成功: task_id=39, group_id=https://t.me/+ZpSvBhFQCCEwMzdk, msg_index=365, message_id=518, send_user_id=3014
[2026-02-19T23:16:02+08:00][info] 消息状态标记为已发送: task_id=39, group_id=https://t.me/+ZpSvBhFQCCEwMzdk, msg_index=365
[2026-02-19T23:16:02+08:00][info] 任务 39 将在 95 秒后继续处理下一条消息，索引: 366, 实例ID: task_39_index_366_1771514162.8563
[2026-02-19T23:16:06+08:00][info] 开始处理队列任务: task_id=31, current_index=1647
[2026-02-19T23:16:06+08:00][info] 消息缓存初始化完成: task_id=31, groups=https://t.me/+4azhFwWhx1czMzE0
[2026-02-19T23:16:06+08:00][info] 任务 31 第 3 次循环，重置群组 https://t.me/+4azhFwWhx1czMzE0 消息状态
[2026-02-19T23:16:06+08:00][info] 使用当前发送用户 1937 的 session_path/www/wwwroot/tdata.tgbota.top/public/uploads/admin/202601/6960a58a3f18c/13609686297/tdata/temp_8311295032.session
[2026-02-19T23:16:09+08:00][info] 返回:{"status":true,"message":"发送完成，成功1个，失败0个[]","data":{"success":[{"group_id":3079998653,"group_link":"https:\/\/t.me\/+4azhFwWhx1czMzE0","type":"megagroup","message":"发送成功","message_id":14500}],"failed":[],"debug":["处理标识符: https:\/\/t.me\/+4azhFwWhx1czMzE0, 清理后: https:\/\/t.me\/+4azhFwWhx1czMzE0, 识别为链接: True, 识别为数字ID: False"],"warning":""},"api_address":"185.165.170.142:5125"}
[2026-02-19T23:16:09+08:00][info] 消息ID缓存成功: task_id=31, group_id=https://t.me/+4azhFwWhx1czMzE0, msg_index=1647, message_id=14500, send_user_id=1937
[2026-02-19T23:16:09+08:00][info] 消息状态标记为已发送: task_id=31, group_id=https://t.me/+4azhFwWhx1czMzE0, msg_index=1647
[2026-02-19T23:16:09+08:00][info] 任务 31 将在 102 秒后继续处理下一条消息，索引: 1648, 实例ID: task_31_index_1648_1771514169.3964
[2026-02-19T23:16:22+08:00][info] 开始处理队列任务: task_id=37, current_index=1714
[2026-02-19T23:16:22+08:00][info] 消息缓存初始化完成: task_id=37, groups=https://t.me/+DUAGbZI5vW41NWI8
[2026-02-19T23:16:22+08:00][info] 任务 37 第 3 次循环，重置群组 https://t.me/+DUAGbZI5vW41NWI8 消息状态
[2026-02-19T23:16:22+08:00][info] 使用消息配置中指定的用户 2558 的 session_path/www/wwwroot/tdata.tgbota.top/public/uploads/admin/202602/69862ac4b6550/817026673286/tdata/temp_8381164345.session
[2026-02-19T23:16:25+08:00][info] 返回:{"status":true,"message":"发送完成，成功1个，失败0个[]","data":{"success":[{"group_id":3732578862,"group_link":"https:\/\/t.me\/+DUAGbZI5vW41NWI8","type":"megagroup","message":"发送成功","message_id":8488}],"failed":[],"debug":["处理标识符: https:\/\/t.me\/+DUAGbZI5vW41NWI8, 清理后: https:\/\/t.me\/+DUAGbZI5vW41NWI8, 识别为链接: True, 识别为数字ID: False"],"warning":""},"api_address":"185.165.170.142:5142"}
[2026-02-19T23:16:25+08:00][info] 消息ID缓存成功: task_id=37, group_id=https://t.me/+DUAGbZI5vW41NWI8, msg_index=1714, message_id=8488, send_user_id=2558
[2026-02-19T23:16:25+08:00][info] 消息状态标记为已发送: task_id=37, group_id=https://t.me/+DUAGbZI5vW41NWI8, msg_index=1714
[2026-02-19T23:16:25+08:00][info] 任务 37 将在 90 秒后继续处理下一条消息，索引: 1715, 实例ID: task_37_index_1715_1771514185.6656
[2026-02-19T23:16:29+08:00][info] 开始处理队列任务: task_id=40, current_index=364
[2026-02-19T23:16:29+08:00][info] 使用feedbackType=358的消息ID: 510
[2026-02-19T23:16:29+08:00][info] 使用当前发送用户 3029 的 session_path/www/wwwroot/tdata.tgbota.top/public/uploads/admin/202602/699625adf380f/14632952838/tdata/temp_8232193079.session
[2026-02-19T23:16:31+08:00][info] 开始处理队列任务: task_id=34, current_index=1514
[2026-02-19T23:16:31+08:00][info] 消息缓存初始化完成: task_id=34, groups=https://t.me/+CUyn8iqnQwEzNDY0
[2026-02-19T23:16:31+08:00][info] 任务 34 第 2 次循环，重置群组 https://t.me/+CUyn8iqnQwEzNDY0 消息状态
[2026-02-19T23:16:31+08:00][info] 使用消息配置中指定的用户 2484 的 session_path/www/wwwroot/tdata.tgbota.top/public/uploads/admin/202602/69862ac4b6550/817026164443/tdata/temp_8234515377.session
[2026-02-19T23:16:31+08:00][info] 返回:{"status":true,"message":"发送完成，成功1个，失败0个[]","data":{"success":[{"group_id":3799666589,"group_link":"https:\/\/t.me\/+IfyZ_OVthdI5YzNk","type":"megagroup","message":"发送成功","message_id":517}],"failed":[],"debug":["处理标识符: https:\/\/t.me\/+IfyZ_OVthdI5YzNk, 清理后: https:\/\/t.me\/+IfyZ_OVthdI5YzNk, 识别为链接: True, 识别为数字ID: False"],"warning":""},"api_address":"185.165.170.142:5045"}
[2026-02-19T23:16:31+08:00][info] 消息ID缓存成功: task_id=40, group_id=https://t.me/+IfyZ_OVthdI5YzNk, msg_index=364, message_id=517, send_user_id=3029
[2026-02-19T23:16:31+08:00][info] 消息状态标记为已发送: task_id=40, group_id=https://t.me/+IfyZ_OVthdI5YzNk, msg_index=364
[2026-02-19T23:16:32+08:00][info] 任务 40 将在 90 秒后继续处理下一条消息，索引: 365, 实例ID: task_40_index_365_1771514192.0213
[2026-02-19T23:16:34+08:00][info] 返回:{"status":true,"message":"发送完成，成功1个，失败0个[]","data":{"success":[{"group_id":3719450736,"group_link":"https:\/\/t.me\/+CUyn8iqnQwEzNDY0","type":"megagroup","message":"发送成功","message_id":10258}],"failed":[],"debug":["处理标识符: https:\/\/t.me\/+CUyn8iqnQwEzNDY0, 清理后: https:\/\/t.me\/+CUyn8iqnQwEzNDY0, 识别为链接: True, 识别为数字ID: False"],"warning":""},"api_address":"185.165.170.142:5068"}
[2026-02-19T23:16:34+08:00][info] 消息ID缓存成功: task_id=34, group_id=https://t.me/+CUyn8iqnQwEzNDY0, msg_index=1514, message_id=10258, send_user_id=2484
[2026-02-19T23:16:34+08:00][info] 消息状态标记为已发送: task_id=34, group_id=https://t.me/+CUyn8iqnQwEzNDY0, msg_index=1514
[2026-02-19T23:16:34+08:00][info] 任务 34 将在 100 秒后继续处理下一条消息，索引: 1515, 实例ID: task_34_index_1515_1771514194.1884
[2026-02-19T23:16:42+08:00][info] 开始处理队列任务: task_id=38, current_index=366
[2026-02-19T23:16:42+08:00][info] 使用当前发送用户 3083 的 session_path/www/wwwroot/tdata.tgbota.top/public/uploads/admin/202602/699625adf380f/14753831659/tdata/temp_8583054809.session
[2026-02-19T23:16:43+08:00][info] 开始处理队列任务: task_id=25, current_index=1641
[2026-02-19T23:16:43+08:00][info] 消息缓存初始化完成: task_id=25, groups=https://t.me/+HZFEhfAwKjhmZDZk
[2026-02-19T23:16:43+08:00][info] 任务 25 第 3 次循环，重置群组 https://t.me/+HZFEhfAwKjhmZDZk 消息状态
[2026-02-19T23:16:43+08:00][info] 使用当前发送用户 2290 的 session_path/www/wwwroot/tdata.tgbota.top/public/uploads/admin/202601/6971e94ea480a/16109567221/tdata/temp_8273478041.session
[2026-02-19T23:16:44+08:00][info] 返回:{"status":true,"message":"发送完成，成功1个，失败0个[]","data":{"success":[{"group_id":3794396962,"group_link":"https:\/\/t.me\/+69dYKDni-wFmYWE0","type":"megagroup","message":"发送成功","message_id":519}],"failed":[],"debug":["处理标识符: https:\/\/t.me\/+69dYKDni-wFmYWE0, 清理后: https:\/\/t.me\/+69dYKDni-wFmYWE0, 识别为链接: True, 识别为数字ID: False"],"warning":""},"api_address":"185.165.170.142:5099"}
[2026-02-19T23:16:44+08:00][info] 消息ID缓存成功: task_id=38, group_id=https://t.me/+69dYKDni-wFmYWE0, msg_index=366, message_id=519, send_user_id=3083
[2026-02-19T23:16:44+08:00][info] 消息状态标记为已发送: task_id=38, group_id=https://t.me/+69dYKDni-wFmYWE0, msg_index=366
[2026-02-19T23:16:44+08:00][info] 任务 38 将在 99 秒后继续处理下一条消息，索引: 367, 实例ID: task_38_index_367_1771514204.9982
[2026-02-19T23:16:45+08:00][info] 返回:{"status":true,"message":"发送完成，成功1个，失败0个[]","data":{"success":[{"group_id":3482989339,"group_link":"https:\/\/t.me\/+HZFEhfAwKjhmZDZk","type":"megagroup","message":"发送成功","message_id":30195}],"failed":[],"debug":["处理标识符: https:\/\/t.me\/+HZFEhfAwKjhmZDZk, 清理后: https:\/\/t.me\/+HZFEhfAwKjhmZDZk, 识别为链接: True, 识别为数字ID: False"],"warning":""},"api_address":"185.165.170.142:5025"}
[2026-02-19T23:16:45+08:00][info] 消息ID缓存成功: task_id=25, group_id=https://t.me/+HZFEhfAwKjhmZDZk, msg_index=1641, message_id=30195, send_user_id=2290
[2026-02-19T23:16:45+08:00][info] 消息状态标记为已发送: task_id=25, group_id=https://t.me/+HZFEhfAwKjhmZDZk, msg_index=1641
[2026-02-19T23:16:45+08:00][info] 任务 25 将在 76 秒后继续处理下一条消息，索引: 1642, 实例ID: task_25_index_1642_1771514205.9197
[2026-02-19T23:16:50+08:00][info] 开始处理队列任务: task_id=36, current_index=1678
[2026-02-19T23:16:50+08:00][info] 消息缓存初始化完成: task_id=36, groups=https://t.me/+o12qlRNkdiViMjE0
[2026-02-19T23:16:50+08:00][info] 任务 36 第 3 次循环，重置群组 https://t.me/+o12qlRNkdiViMjE0 消息状态
[2026-02-19T23:16:50+08:00][info] 使用feedbackType=1677的消息ID: 10321
[2026-02-19T23:16:50+08:00][info] 从数据库获取用户 2498 的 session_path
[2026-02-19T23:16:52+08:00][info] 返回:{"status":true,"message":"发送完成，成功1个，失败0个[]","data":{"success":[{"group_id":3479387283,"group_link":"https:\/\/t.me\/+o12qlRNkdiViMjE0","type":"megagroup","message":"发送成功","message_id":10323}],"failed":[],"debug":["处理标识符: https:\/\/t.me\/+o12qlRNkdiViMjE0, 清理后: https:\/\/t.me\/+o12qlRNkdiViMjE0, 识别为链接: True, 识别为数字ID: False"],"warning":""},"api_address":"185.165.170.142:5082"}
[2026-02-19T23:16:52+08:00][info] 消息ID缓存成功: task_id=36, group_id=https://t.me/+o12qlRNkdiViMjE0, msg_index=1678, message_id=10323, send_user_id=2498
[2026-02-19T23:16:52+08:00][info] 消息状态标记为已发送: task_id=36, group_id=https://t.me/+o12qlRNkdiViMjE0, msg_index=1678
[2026-02-19T23:16:52+08:00][info] 任务 36 将在 102 秒后继续处理下一条消息，索引: 1679, 实例ID: task_36_index_1679_1771514212.3519
[2026-02-19T23:17:01+08:00][info] 开始处理队列任务: task_id=29, current_index=1642
[2026-02-19T23:17:01+08:00][info] 消息缓存初始化完成: task_id=29, groups=https://t.me/+WZlsKfz1W89jYjE0
[2026-02-19T23:17:01+08:00][info] 任务 29 第 3 次循环，重置群组 https://t.me/+WZlsKfz1W89jYjE0 消息状态
[2026-02-19T23:17:01+08:00][info] 使用消息配置中指定的用户 2277 的 session_path/www/wwwroot/tdata.tgbota.top/public/uploads/admin/202601/6971e94ea480a/16074866171/tdata/temp_8481399850.session
[2026-02-19T23:17:03+08:00][info] 返回:{"status":true,"message":"发送完成，成功1个，失败0个[]","data":{"success":[{"group_id":3780502866,"group_link":"https:\/\/t.me\/+WZlsKfz1W89jYjE0","type":"megagroup","message":"发送成功","message_id":21736}],"failed":[],"debug":["处理标识符: https:\/\/t.me\/+WZlsKfz1W89jYjE0, 清理后: https:\/\/t.me\/+WZlsKfz1W89jYjE0, 识别为链接: True, 识别为数字ID: False"],"warning":""},"api_address":"185.165.170.142:5012"}
[2026-02-19T23:17:03+08:00][info] 消息ID缓存成功: task_id=29, group_id=https://t.me/+WZlsKfz1W89jYjE0, msg_index=1642, message_id=21736, send_user_id=2277
[2026-02-19T23:17:03+08:00][info] 消息状态标记为已发送: task_id=29, group_id=https://t.me/+WZlsKfz1W89jYjE0, msg_index=1642
[2026-02-19T23:17:03+08:00][info] 任务 29 将在 80 秒后继续处理下一条消息，索引: 1643, 实例ID: task_29_index_1643_1771514223.8074
[2026-02-19T23:17:07+08:00][info] 开始处理队列任务: task_id=27, current_index=1610
[2026-02-19T23:17:07+08:00][info] 消息缓存初始化完成: task_id=27, groups=https://t.me/+_XaTo9Qrv0VjOTM0
[2026-02-19T23:17:07+08:00][info] 任务 27 第 3 次循环，重置群组 https://t.me/+_XaTo9Qrv0VjOTM0 消息状态
[2026-02-19T23:17:07+08:00][info] 使用feedbackType=1610的消息ID: 33223
[2026-02-19T23:17:07+08:00][info] 使用当前发送用户 2378 的 session_path/www/wwwroot/tdata.tgbota.top/public/uploads/admin/202601/6971e94ea480a/16073953236/tdata/temp_8224097010.session
[2026-02-19T23:17:10+08:00][info] 返回:{"status":true,"message":"发送完成，成功1个，失败0个[]","data":{"success":[{"group_id":3649225144,"group_link":"https:\/\/t.me\/+_XaTo9Qrv0VjOTM0","type":"megagroup","message":"发送成功","message_id":33224}],"failed":[],"debug":["处理标识符: https:\/\/t.me\/+_XaTo9Qrv0VjOTM0, 清理后: https:\/\/t.me\/+_XaTo9Qrv0VjOTM0, 识别为链接: True, 识别为数字ID: False"],"warning":""},"api_address":"185.165.170.142:5113"}
[2026-02-19T23:17:10+08:00][info] 消息ID缓存成功: task_id=27, group_id=https://t.me/+_XaTo9Qrv0VjOTM0, msg_index=1610, message_id=33224, send_user_id=2378
[2026-02-19T23:17:10+08:00][info] 消息状态标记为已发送: task_id=27, group_id=https://t.me/+_XaTo9Qrv0VjOTM0, msg_index=1610
[2026-02-19T23:17:10+08:00][info] 任务 27 将在 98 秒后继续处理下一条消息，索引: 1611, 实例ID: task_27_index_1611_1771514230.5213
[2026-02-19T23:17:22+08:00][info] 开始处理队列任务: task_id=33, current_index=1514
[2026-02-19T23:17:22+08:00][info] 开始处理队列任务: task_id=35, current_index=1727
[2026-02-19T23:17:22+08:00][info] 消息缓存初始化完成: task_id=33, groups=https://t.me/+wcqRUxDn6zczYmM0
[2026-02-19T23:17:22+08:00][info] 任务 33 第 2 次循环，重置群组 https://t.me/+wcqRUxDn6zczYmM0 消息状态
[2026-02-19T23:17:22+08:00][info] 使用消息配置中指定的用户 2484 的 session_path/www/wwwroot/tdata.tgbota.top/public/uploads/admin/202602/69862ac4b6550/817026164443/tdata/temp_8234515377.session
[2026-02-19T23:17:22+08:00][info] 消息缓存初始化完成: task_id=35, groups=https://t.me/+BrIuI_-gkNhhYTE0
[2026-02-19T23:17:22+08:00][info] 任务 35 第 3 次循环，重置群组 https://t.me/+BrIuI_-gkNhhYTE0 消息状态
[2026-02-19T23:17:22+08:00][info] 使用消息配置中指定的用户 2548 的 session_path/www/wwwroot/tdata.tgbota.top/public/uploads/admin/202602/69862ac4b6550/818014595978/tdata/temp_8466200430.session
[2026-02-19T23:17:24+08:00][info] 返回:{"status":true,"message":"发送完成，成功1个，失败0个[]","data":{"success":[{"group_id":3658905404,"group_link":"https:\/\/t.me\/+wcqRUxDn6zczYmM0","type":"megagroup","message":"发送成功","message_id":10097}],"failed":[],"debug":["处理标识符: https:\/\/t.me\/+wcqRUxDn6zczYmM0, 清理后: https:\/\/t.me\/+wcqRUxDn6zczYmM0, 识别为链接: True, 识别为数字ID: False"],"warning":""},"api_address":"185.165.170.142:5068"}
[2026-02-19T23:17:24+08:00][info] 消息ID缓存成功: task_id=33, group_id=https://t.me/+wcqRUxDn6zczYmM0, msg_index=1514, message_id=10097, send_user_id=2484
[2026-02-19T23:17:24+08:00][info] 消息状态标记为已发送: task_id=33, group_id=https://t.me/+wcqRUxDn6zczYmM0, msg_index=1514
[2026-02-19T23:17:24+08:00][info] 返回:{"status":true,"message":"发送完成，成功1个，失败0个[]","data":{"success":[{"group_id":3646934744,"group_link":"https:\/\/t.me\/+BrIuI_-gkNhhYTE0","type":"megagroup","message":"发送成功","message_id":10311}],"failed":[],"debug":["处理标识符: https:\/\/t.me\/+BrIuI_-gkNhhYTE0, 清理后: https:\/\/t.me\/+BrIuI_-gkNhhYTE0, 识别为链接: True, 识别为数字ID: False"],"warning":""},"api_address":"185.165.170.142:5132"}
[2026-02-19T23:17:24+08:00][info] 消息ID缓存成功: task_id=35, group_id=https://t.me/+BrIuI_-gkNhhYTE0, msg_index=1727, message_id=10311, send_user_id=2548
[2026-02-19T23:17:24+08:00][info] 消息状态标记为已发送: task_id=35, group_id=https://t.me/+BrIuI_-gkNhhYTE0, msg_index=1727
[2026-02-19T23:17:24+08:00][info] 任务 33 将在 100 秒后继续处理下一条消息，索引: 1515, 实例ID: task_33_index_1515_1771514244.5775
[2026-02-19T23:17:24+08:00][info] 任务 35 将在 105 秒后继续处理下一条消息，索引: 1728, 实例ID: task_35_index_1728_1771514244.5879
[2026-02-19T23:17:28+08:00][info] 开始处理队列任务: task_id=28, current_index=1647
[2026-02-19T23:17:28+08:00][info] 消息缓存初始化完成: task_id=28, groups=https://t.me/+Hg62NsrbOCZmZmY8
[2026-02-19T23:17:28+08:00][info] 任务 28 第 3 次循环，重置群组 https://t.me/+Hg62NsrbOCZmZmY8 消息状态
[2026-02-19T23:17:28+08:00][info] 使用当前发送用户 1937 的 session_path/www/wwwroot/tdata.tgbota.top/public/uploads/admin/202601/6960a58a3f18c/13609686297/tdata/temp_8311295032.session
[2026-02-19T23:17:31+08:00][info] 返回:{"status":true,"message":"发送完成，成功1个，失败0个[]","data":{"success":[{"group_id":3657218256,"group_link":"https:\/\/t.me\/+Hg62NsrbOCZmZmY8","type":"megagroup","message":"发送成功","message_id":21678}],"failed":[],"debug":["处理标识符: https:\/\/t.me\/+Hg62NsrbOCZmZmY8, 清理后: https:\/\/t.me\/+Hg62NsrbOCZmZmY8, 识别为链接: True, 识别为数字ID: False"],"warning":""},"api_address":"185.165.170.142:5125"}
[2026-02-19T23:17:31+08:00][info] 消息ID缓存成功: task_id=28, group_id=https://t.me/+Hg62NsrbOCZmZmY8, msg_index=1647, message_id=21678, send_user_id=1937
[2026-02-19T23:17:31+08:00][info] 消息状态标记为已发送: task_id=28, group_id=https://t.me/+Hg62NsrbOCZmZmY8, msg_index=1647
[2026-02-19T23:17:31+08:00][info] 任务 28 将在 102 秒后继续处理下一条消息，索引: 1648, 实例ID: task_28_index_1648_1771514251.5117
[2026-02-19T23:17:37+08:00][info] 开始处理队列任务: task_id=39, current_index=366
[2026-02-19T23:17:37+08:00][info] 使用当前发送用户 3083 的 session_path/www/wwwroot/tdata.tgbota.top/public/uploads/admin/202602/699625adf380f/14753831659/tdata/temp_8583054809.session
[2026-02-19T23:17:40+08:00][info] 返回:{"status":true,"message":"发送完成，成功1个，失败0个[]","data":{"success":[{"group_id":3770869551,"group_link":"https:\/\/t.me\/+ZpSvBhFQCCEwMzdk","type":"megagroup","message":"发送成功","message_id":519}],"failed":[],"debug":["处理标识符: https:\/\/t.me\/+ZpSvBhFQCCEwMzdk, 清理后: https:\/\/t.me\/+ZpSvBhFQCCEwMzdk, 识别为链接: True, 识别为数字ID: False"],"warning":""},"api_address":"185.165.170.142:5099"}
[2026-02-19T23:17:40+08:00][info] 消息ID缓存成功: task_id=39, group_id=https://t.me/+ZpSvBhFQCCEwMzdk, msg_index=366, message_id=519, send_user_id=3083
[2026-02-19T23:17:40+08:00][info] 消息状态标记为已发送: task_id=39, group_id=https://t.me/+ZpSvBhFQCCEwMzdk, msg_index=366
[2026-02-19T23:17:40+08:00][info] 任务 39 将在 99 秒后继续处理下一条消息，索引: 367, 实例ID: task_39_index_367_1771514260.1709
[2026-02-19T23:17:51+08:00][info] 开始处理队列任务: task_id=31, current_index=1648
[2026-02-19T23:17:51+08:00][info] 消息缓存初始化完成: task_id=31, groups=https://t.me/+4azhFwWhx1czMzE0
[2026-02-19T23:17:51+08:00][info] 任务 31 第 3 次循环，重置群组 https://t.me/+4azhFwWhx1czMzE0 消息状态
[2026-02-19T23:17:51+08:00][info] 使用当前发送用户 1883 的 session_path/www/wwwroot/tdata.tgbota.top/public/uploads/admin/202601/6960a58a3f18c/13613138502/tdata/temp_8259534722.session
[2026-02-19T23:17:53+08:00][info] 返回:{"status":true,"message":"发送完成，成功1个，失败0个[]","data":{"success":[{"group_id":3079998653,"group_link":"https:\/\/t.me\/+4azhFwWhx1czMzE0","type":"megagroup","message":"发送成功","message_id":14501}],"failed":[],"debug":["处理标识符: https:\/\/t.me\/+4azhFwWhx1czMzE0, 清理后: https:\/\/t.me\/+4azhFwWhx1czMzE0, 识别为链接: True, 识别为数字ID: False"],"warning":""},"api_address":"185.165.170.142:5071"}
[2026-02-19T23:17:53+08:00][info] 消息ID缓存成功: task_id=31, group_id=https://t.me/+4azhFwWhx1czMzE0, msg_index=1648, message_id=14501, send_user_id=1883
[2026-02-19T23:17:53+08:00][info] 消息状态标记为已发送: task_id=31, group_id=https://t.me/+4azhFwWhx1czMzE0, msg_index=1648
[2026-02-19T23:17:53+08:00][info] 任务 31 将在 100 秒后继续处理下一条消息，索引: 1649, 实例ID: task_31_index_1649_1771514273.8762
[2026-02-19T23:17:55+08:00][info] 开始处理队列任务: task_id=37, current_index=1715
[2026-02-19T23:17:55+08:00][info] 消息缓存初始化完成: task_id=37, groups=https://t.me/+DUAGbZI5vW41NWI8
[2026-02-19T23:17:55+08:00][info] 任务 37 第 3 次循环，重置群组 https://t.me/+DUAGbZI5vW41NWI8 消息状态
[2026-02-19T23:17:55+08:00][info] 使用消息配置中指定的用户 2557 的 session_path/www/wwwroot/tdata.tgbota.top/public/uploads/admin/202602/69862ac4b6550/818014590093/tdata/temp_8254960010.session
[2026-02-19T23:17:57+08:00][info] 返回:{"status":true,"message":"发送完成，成功1个，失败0个[]","data":{"success":[{"group_id":3732578862,"group_link":"https:\/\/t.me\/+DUAGbZI5vW41NWI8","type":"megagroup","message":"发送成功","message_id":8489}],"failed":[],"debug":["处理标识符: https:\/\/t.me\/+DUAGbZI5vW41NWI8, 清理后: https:\/\/t.me\/+DUAGbZI5vW41NWI8, 识别为链接: True, 识别为数字ID: False"],"warning":""},"api_address":"185.165.170.142:5141"}
[2026-02-19T23:17:57+08:00][info] 消息ID缓存成功: task_id=37, group_id=https://t.me/+DUAGbZI5vW41NWI8, msg_index=1715, message_id=8489, send_user_id=2557
[2026-02-19T23:17:57+08:00][info] 消息状态标记为已发送: task_id=37, group_id=https://t.me/+DUAGbZI5vW41NWI8, msg_index=1715
[2026-02-19T23:17:57+08:00][info] 任务 37 将在 100 秒后继续处理下一条消息，索引: 1716, 实例ID: task_37_index_1716_1771514277.6026
[2026-02-19T23:18:01+08:00][info] 开始处理队列任务: task_id=25, current_index=1642
[2026-02-19T23:18:02+08:00][info] 消息缓存初始化完成: task_id=25, groups=https://t.me/+HZFEhfAwKjhmZDZk
[2026-02-19T23:18:02+08:00][info] 任务 25 第 3 次循环，重置群组 https://t.me/+HZFEhfAwKjhmZDZk 消息状态
[2026-02-19T23:18:02+08:00][info] 使用消息配置中指定的用户 2277 的 session_path/www/wwwroot/tdata.tgbota.top/public/uploads/admin/202601/6971e94ea480a/16074866171/tdata/temp_8481399850.session
[2026-02-19T23:18:02+08:00][info] 开始处理队列任务: task_id=40, current_index=365
[2026-02-19T23:18:02+08:00][info] 使用消息配置中指定的用户 3014 的 session_path/www/wwwroot/tdata.tgbota.top/public/uploads/admin/202602/699625adf380f/14709345774/tdata/temp_8508296846.session
[2026-02-19T23:18:05+08:00][info] 返回:{"status":true,"message":"发送完成，成功1个，失败0个[]","data":{"success":[{"group_id":3482989339,"group_link":"https:\/\/t.me\/+HZFEhfAwKjhmZDZk","type":"megagroup","message":"发送成功","message_id":30196}],"failed":[],"debug":["处理标识符: https:\/\/t.me\/+HZFEhfAwKjhmZDZk, 清理后: https:\/\/t.me\/+HZFEhfAwKjhmZDZk, 识别为链接: True, 识别为数字ID: False"],"warning":""},"api_address":"185.165.170.142:5012"}
[2026-02-19T23:18:05+08:00][info] 消息ID缓存成功: task_id=25, group_id=https://t.me/+HZFEhfAwKjhmZDZk, msg_index=1642, message_id=30196, send_user_id=2277
[2026-02-19T23:18:05+08:00][info] 消息状态标记为已发送: task_id=25, group_id=https://t.me/+HZFEhfAwKjhmZDZk, msg_index=1642
[2026-02-19T23:18:05+08:00][info] 任务 25 将在 80 秒后继续处理下一条消息，索引: 1643, 实例ID: task_25_index_1643_1771514285.1006
[2026-02-19T23:18:06+08:00][info] 返回:{"status":true,"message":"发送完成，成功1个，失败0个[]","data":{"success":[{"group_id":3799666589,"group_link":"https:\/\/t.me\/+IfyZ_OVthdI5YzNk","type":"megagroup","message":"发送成功","message_id":519}],"failed":[],"debug":["处理标识符: https:\/\/t.me\/+IfyZ_OVthdI5YzNk, 清理后: https:\/\/t.me\/+IfyZ_OVthdI5YzNk, 识别为链接: True, 识别为数字ID: False"],"warning":""},"api_address":"185.165.170.142:5030"}
[2026-02-19T23:18:06+08:00][info] 消息ID缓存成功: task_id=40, group_id=https://t.me/+IfyZ_OVthdI5YzNk, msg_index=365, message_id=519, send_user_id=3014
[2026-02-19T23:18:06+08:00][info] 消息状态标记为已发送: task_id=40, group_id=https://t.me/+IfyZ_OVthdI5YzNk, msg_index=365
[2026-02-19T23:18:06+08:00][info] 任务 40 将在 95 秒后继续处理下一条消息，索引: 366, 实例ID: task_40_index_366_1771514286.4793
[2026-02-19T23:18:14+08:00][info] 开始处理队列任务: task_id=34, current_index=1515
[2026-02-19T23:18:14+08:00][info] 消息缓存初始化完成: task_id=34, groups=https://t.me/+CUyn8iqnQwEzNDY0
[2026-02-19T23:18:14+08:00][info] 任务 34 第 2 次循环，重置群组 https://t.me/+CUyn8iqnQwEzNDY0 消息状态
[2026-02-19T23:18:14+08:00][info] 使用消息配置中指定的用户 2503 的 session_path/www/wwwroot/tdata.tgbota.top/public/uploads/admin/202602/69862ac4b6550/817026663793/tdata/temp_8580848044.session
[2026-02-19T23:18:16+08:00][info] 返回:{"status":true,"message":"发送完成，成功1个，失败0个[]","data":{"success":[{"group_id":3719450736,"group_link":"https:\/\/t.me\/+CUyn8iqnQwEzNDY0","type":"megagroup","message":"发送成功","message_id":10259}],"failed":[],"debug":["处理标识符: https:\/\/t.me\/+CUyn8iqnQwEzNDY0, 清理后: https:\/\/t.me\/+CUyn8iqnQwEzNDY0, 识别为链接: True, 识别为数字ID: False"],"warning":""},"api_address":"185.165.170.142:5087"}
[2026-02-19T23:18:16+08:00][info] 消息ID缓存成功: task_id=34, group_id=https://t.me/+CUyn8iqnQwEzNDY0, msg_index=1515, message_id=10259, send_user_id=2503
[2026-02-19T23:18:16+08:00][info] 消息状态标记为已发送: task_id=34, group_id=https://t.me/+CUyn8iqnQwEzNDY0, msg_index=1515
[2026-02-19T23:18:16+08:00][info] 任务 34 将在 101 秒后继续处理下一条消息，索引: 1516, 实例ID: task_34_index_1516_1771514296.1571
[2026-02-19T23:18:23+08:00][info] 开始处理队列任务: task_id=29, current_index=1643
[2026-02-19T23:18:24+08:00][info] 消息缓存初始化完成: task_id=29, groups=https://t.me/+WZlsKfz1W89jYjE0
[2026-02-19T23:18:24+08:00][info] 任务 29 第 3 次循环，重置群组 https://t.me/+WZlsKfz1W89jYjE0 消息状态
[2026-02-19T23:18:24+08:00][info] 使用消息配置中指定的用户 2012 的 session_path/www/wwwroot/tdata.tgbota.top/public/uploads/admin/202601/6960a58a3f18c/13619013618/tdata/temp_7730341893.session
[2026-02-19T23:18:24+08:00][info] 开始处理队列任务: task_id=38, current_index=367
[2026-02-19T23:18:24+08:00][info] 使用当前发送用户 3152 的 session_path/www/wwwroot/tdata.tgbota.top/public/uploads/admin/202602/699625adf380f/14642493884/tdata/temp_8541533752.session
[2026-02-19T23:18:26+08:00][info] 返回:{"status":true,"message":"发送完成，成功1个，失败0个[]","data":{"success":[{"group_id":3780502866,"group_link":"https:\/\/t.me\/+WZlsKfz1W89jYjE0","type":"megagroup","message":"发送成功","message_id":21737}],"failed":[],"debug":["处理标识符: https:\/\/t.me\/+WZlsKfz1W89jYjE0, 清理后: https:\/\/t.me\/+WZlsKfz1W89jYjE0, 识别为链接: True, 识别为数字ID: False"],"warning":""},"api_address":"185.165.170.142:5049"}
[2026-02-19T23:18:26+08:00][info] 消息ID缓存成功: task_id=29, group_id=https://t.me/+WZlsKfz1W89jYjE0, msg_index=1643, message_id=21737, send_user_id=2012
[2026-02-19T23:18:26+08:00][info] 消息状态标记为已发送: task_id=29, group_id=https://t.me/+WZlsKfz1W89jYjE0, msg_index=1643
[2026-02-19T23:18:26+08:00][info] 任务 29 将在 90 秒后继续处理下一条消息，索引: 1644, 实例ID: task_29_index_1644_1771514306.7239
[2026-02-19T23:18:27+08:00][info] 返回:{"status":true,"message":"发送完成，成功1个，失败0个[]","data":{"success":[{"group_id":3794396962,"group_link":"https:\/\/t.me\/+69dYKDni-wFmYWE0","type":"megagroup","message":"发送成功","message_id":520}],"failed":[],"debug":["处理标识符: https:\/\/t.me\/+69dYKDni-wFmYWE0, 清理后: https:\/\/t.me\/+69dYKDni-wFmYWE0, 识别为链接: True, 识别为数字ID: False"],"warning":""},"api_address":"185.165.170.142:5017"}
[2026-02-19T23:18:27+08:00][info] 消息ID缓存成功: task_id=38, group_id=https://t.me/+69dYKDni-wFmYWE0, msg_index=367, message_id=520, send_user_id=3152
[2026-02-19T23:18:27+08:00][info] 消息状态标记为已发送: task_id=38, group_id=https://t.me/+69dYKDni-wFmYWE0, msg_index=367
[2026-02-19T23:18:27+08:00][info] 任务 38 将在 68 秒后继续处理下一条消息，索引: 368, 实例ID: task_38_index_368_1771514307.4712
[2026-02-19T23:18:34+08:00][info] 开始处理队列任务: task_id=36, current_index=1679
[2026-02-19T23:18:34+08:00][info] 消息缓存初始化完成: task_id=36, groups=https://t.me/+o12qlRNkdiViMjE0
[2026-02-19T23:18:34+08:00][info] 任务 36 第 3 次循环，重置群组 https://t.me/+o12qlRNkdiViMjE0 消息状态
[2026-02-19T23:18:34+08:00][info] 使用消息配置中指定的用户 2492 的 session_path/www/wwwroot/tdata.tgbota.top/public/uploads/admin/202602/69862ac4b6550/817026674024/tdata/temp_8241138419.session
[2026-02-19T23:18:36+08:00][info] 返回:{"status":true,"message":"发送完成，成功1个，失败0个[]","data":{"success":[{"group_id":3479387283,"group_link":"https:\/\/t.me\/+o12qlRNkdiViMjE0","type":"megagroup","message":"发送成功","message_id":10324}],"failed":[],"debug":["处理标识符: https:\/\/t.me\/+o12qlRNkdiViMjE0, 清理后: https:\/\/t.me\/+o12qlRNkdiViMjE0, 识别为链接: True, 识别为数字ID: False"],"warning":""},"api_address":"185.165.170.142:5076"}
[2026-02-19T23:18:36+08:00][info] 消息ID缓存成功: task_id=36, group_id=https://t.me/+o12qlRNkdiViMjE0, msg_index=1679, message_id=10324, send_user_id=2492
[2026-02-19T23:18:36+08:00][info] 消息状态标记为已发送: task_id=36, group_id=https://t.me/+o12qlRNkdiViMjE0, msg_index=1679
[2026-02-19T23:18:36+08:00][info] 任务 36 将在 72 秒后继续处理下一条消息，索引: 1680, 实例ID: task_36_index_1680_1771514316.6001
[2026-02-19T23:18:48+08:00][info] 开始处理队列任务: task_id=27, current_index=1611
[2026-02-19T23:18:48+08:00][info] 消息缓存初始化完成: task_id=27, groups=https://t.me/+_XaTo9Qrv0VjOTM0
[2026-02-19T23:18:48+08:00][info] 任务 27 第 3 次循环，重置群组 https://t.me/+_XaTo9Qrv0VjOTM0 消息状态
[2026-02-19T23:18:48+08:00][info] 使用消息配置中指定的用户 2355 的 session_path/www/wwwroot/tdata.tgbota.top/public/uploads/admin/202601/6971e94ea480a/16158255129/tdata/temp_8242577430.session
[2026-02-19T23:18:51+08:00][info] 返回:{"status":true,"message":"发送完成，成功1个，失败0个[]","data":{"success":[{"group_id":3649225144,"group_link":"https:\/\/t.me\/+_XaTo9Qrv0VjOTM0","type":"megagroup","message":"发送成功","message_id":33225}],"failed":[],"debug":["处理标识符: https:\/\/t.me\/+_XaTo9Qrv0VjOTM0, 清理后: https:\/\/t.me\/+_XaTo9Qrv0VjOTM0, 识别为链接: True, 识别为数字ID: False"],"warning":""},"api_address":"185.165.170.142:5090"}
[2026-02-19T23:18:51+08:00][info] 消息ID缓存成功: task_id=27, group_id=https://t.me/+_XaTo9Qrv0VjOTM0, msg_index=1611, message_id=33225, send_user_id=2355
[2026-02-19T23:18:51+08:00][info] 消息状态标记为已发送: task_id=27, group_id=https://t.me/+_XaTo9Qrv0VjOTM0, msg_index=1611
[2026-02-19T23:18:51+08:00][info] 任务 27 将在 79 秒后继续处理下一条消息，索引: 1612, 实例ID: task_27_index_1612_1771514331.309
[2026-02-19T23:19:05+08:00][info] 开始处理队列任务: task_id=33, current_index=1515
[2026-02-19T23:19:06+08:00][info] 消息缓存初始化完成: task_id=33, groups=https://t.me/+wcqRUxDn6zczYmM0
[2026-02-19T23:19:06+08:00][info] 任务 33 第 2 次循环，重置群组 https://t.me/+wcqRUxDn6zczYmM0 消息状态
[2026-02-19T23:19:06+08:00][info] 使用消息配置中指定的用户 2503 的 session_path/www/wwwroot/tdata.tgbota.top/public/uploads/admin/202602/69862ac4b6550/817026663793/tdata/temp_8580848044.session
[2026-02-19T23:19:08+08:00][info] 返回:{"status":true,"message":"发送完成，成功1个，失败0个[]","data":{"success":[{"group_id":3658905404,"group_link":"https:\/\/t.me\/+wcqRUxDn6zczYmM0","type":"megagroup","message":"发送成功","message_id":10098}],"failed":[],"debug":["处理标识符: https:\/\/t.me\/+wcqRUxDn6zczYmM0, 清理后: https:\/\/t.me\/+wcqRUxDn6zczYmM0, 识别为链接: True, 识别为数字ID: False"],"warning":""},"api_address":"185.165.170.142:5087"}
[2026-02-19T23:19:08+08:00][info] 消息ID缓存成功: task_id=33, group_id=https://t.me/+wcqRUxDn6zczYmM0, msg_index=1515, message_id=10098, send_user_id=2503
[2026-02-19T23:19:08+08:00][info] 消息状态标记为已发送: task_id=33, group_id=https://t.me/+wcqRUxDn6zczYmM0, msg_index=1515
[2026-02-19T23:19:08+08:00][info] 任务 33 将在 101 秒后继续处理下一条消息，索引: 1516, 实例ID: task_33_index_1516_1771514348.1333
[2026-02-19T23:19:09+08:00][info] 开始处理队列任务: task_id=35, current_index=1728
[2026-02-19T23:19:09+08:00][info] 消息缓存初始化完成: task_id=35, groups=https://t.me/+BrIuI_-gkNhhYTE0
[2026-02-19T23:19:09+08:00][info] 任务 35 第 3 次循环，重置群组 https://t.me/+BrIuI_-gkNhhYTE0 消息状态
[2026-02-19T23:19:09+08:00][info] 使用feedbackType=1727的消息ID: 10310
[2026-02-19T23:19:09+08:00][info] 使用消息配置中指定的用户 2545 的 session_path/www/wwwroot/tdata.tgbota.top/public/uploads/admin/202602/69862ac4b6550/818014391149/tdata/temp_8336365622.session
[2026-02-19T23:19:11+08:00][info] 返回:{"status":true,"message":"发送完成，成功1个，失败0个[]","data":{"success":[{"group_id":3646934744,"group_link":"https:\/\/t.me\/+BrIuI_-gkNhhYTE0","type":"megagroup","message":"发送成功","message_id":10312}],"failed":[],"debug":["处理标识符: https:\/\/t.me\/+BrIuI_-gkNhhYTE0, 清理后: https:\/\/t.me\/+BrIuI_-gkNhhYTE0, 识别为链接: True, 识别为数字ID: False"],"warning":""},"api_address":"185.165.170.142:5129"}
[2026-02-19T23:19:11+08:00][info] 消息ID缓存成功: task_id=35, group_id=https://t.me/+BrIuI_-gkNhhYTE0, msg_index=1728, message_id=10312, send_user_id=2545
[2026-02-19T23:19:11+08:00][info] 消息状态标记为已发送: task_id=35, group_id=https://t.me/+BrIuI_-gkNhhYTE0, msg_index=1728
[2026-02-19T23:19:11+08:00][info] 任务 35 将在 80 秒后继续处理下一条消息，索引: 1729, 实例ID: task_35_index_1729_1771514351.9778
[2026-02-19T23:19:13+08:00][info] 开始处理队列任务: task_id=28, current_index=1648
[2026-02-19T23:19:13+08:00][info] 消息缓存初始化完成: task_id=28, groups=https://t.me/+Hg62NsrbOCZmZmY8
[2026-02-19T23:19:13+08:00][info] 任务 28 第 3 次循环，重置群组 https://t.me/+Hg62NsrbOCZmZmY8 消息状态
[2026-02-19T23:19:13+08:00][info] 使用当前发送用户 1883 的 session_path/www/wwwroot/tdata.tgbota.top/public/uploads/admin/202601/6960a58a3f18c/13613138502/tdata/temp_8259534722.session
[2026-02-19T23:19:16+08:00][info] 返回:{"status":true,"message":"发送完成，成功1个，失败0个[]","data":{"success":[{"group_id":3657218256,"group_link":"https:\/\/t.me\/+Hg62NsrbOCZmZmY8","type":"megagroup","message":"发送成功","message_id":21679}],"failed":[],"debug":["处理标识符: https:\/\/t.me\/+Hg62NsrbOCZmZmY8, 清理后: https:\/\/t.me\/+Hg62NsrbOCZmZmY8, 识别为链接: True, 识别为数字ID: False"],"warning":""},"api_address":"185.165.170.142:5071"}
[2026-02-19T23:19:16+08:00][info] 消息ID缓存成功: task_id=28, group_id=https://t.me/+Hg62NsrbOCZmZmY8, msg_index=1648, message_id=21679, send_user_id=1883
[2026-02-19T23:19:16+08:00][info] 消息状态标记为已发送: task_id=28, group_id=https://t.me/+Hg62NsrbOCZmZmY8, msg_index=1648
[2026-02-19T23:19:16+08:00][info] 任务 28 将在 100 秒后继续处理下一条消息，索引: 1649, 实例ID: task_28_index_1649_1771514356.3998
[2026-02-19T23:19:19+08:00][info] 开始处理队列任务: task_id=39, current_index=367
[2026-02-19T23:19:19+08:00][info] 使用当前发送用户 3152 的 session_path/www/wwwroot/tdata.tgbota.top/public/uploads/admin/202602/699625adf380f/14642493884/tdata/temp_8541533752.session
[2026-02-19T23:19:21+08:00][info] 返回:{"status":true,"message":"发送完成，成功1个，失败0个[]","data":{"success":[{"group_id":3770869551,"group_link":"https:\/\/t.me\/+ZpSvBhFQCCEwMzdk","type":"megagroup","message":"发送成功","message_id":520}],"failed":[],"debug":["处理标识符: https:\/\/t.me\/+ZpSvBhFQCCEwMzdk, 清理后: https:\/\/t.me\/+ZpSvBhFQCCEwMzdk, 识别为链接: True, 识别为数字ID: False"],"warning":""},"api_address":"185.165.170.142:5017"}
[2026-02-19T23:19:21+08:00][info] 消息ID缓存成功: task_id=39, group_id=https://t.me/+ZpSvBhFQCCEwMzdk, msg_index=367, message_id=520, send_user_id=3152
[2026-02-19T23:19:21+08:00][info] 消息状态标记为已发送: task_id=39, group_id=https://t.me/+ZpSvBhFQCCEwMzdk, msg_index=367
[2026-02-19T23:19:21+08:00][info] 任务 39 将在 68 秒后继续处理下一条消息，索引: 368, 实例ID: task_39_index_368_1771514361.9736
[2026-02-19T23:19:26+08:00][info] 开始处理队列任务: task_id=25, current_index=1643
[2026-02-19T23:19:26+08:00][info] 消息缓存初始化完成: task_id=25, groups=https://t.me/+HZFEhfAwKjhmZDZk
[2026-02-19T23:19:26+08:00][info] 任务 25 第 3 次循环，重置群组 https://t.me/+HZFEhfAwKjhmZDZk 消息状态
[2026-02-19T23:19:26+08:00][info] 使用消息配置中指定的用户 2012 的 session_path/www/wwwroot/tdata.tgbota.top/public/uploads/admin/202601/6960a58a3f18c/13619013618/tdata/temp_7730341893.session
[2026-02-19T23:19:28+08:00][info] 返回:{"status":true,"message":"发送完成，成功1个，失败0个[]","data":{"success":[{"group_id":3482989339,"group_link":"https:\/\/t.me\/+HZFEhfAwKjhmZDZk","type":"megagroup","message":"发送成功","message_id":30197}],"failed":[],"debug":["处理标识符: https:\/\/t.me\/+HZFEhfAwKjhmZDZk, 清理后: https:\/\/t.me\/+HZFEhfAwKjhmZDZk, 识别为链接: True, 识别为数字ID: False"],"warning":""},"api_address":"185.165.170.142:5049"}
[2026-02-19T23:19:28+08:00][info] 消息ID缓存成功: task_id=25, group_id=https://t.me/+HZFEhfAwKjhmZDZk, msg_index=1643, message_id=30197, send_user_id=2012
[2026-02-19T23:19:28+08:00][info] 消息状态标记为已发送: task_id=25, group_id=https://t.me/+HZFEhfAwKjhmZDZk, msg_index=1643
[2026-02-19T23:19:29+08:00][info] 任务 25 将在 90 秒后继续处理下一条消息，索引: 1644, 实例ID: task_25_index_1644_1771514369.0181
[2026-02-19T23:19:33+08:00][info] 开始处理队列任务: task_id=31, current_index=1649
[2026-02-19T23:19:33+08:00][info] 消息缓存初始化完成: task_id=31, groups=https://t.me/+4azhFwWhx1czMzE0
[2026-02-19T23:19:33+08:00][info] 任务 31 第 3 次循环，重置群组 https://t.me/+4azhFwWhx1czMzE0 消息状态
[2026-02-19T23:19:33+08:00][info] 使用当前发送用户 1861 的 session_path/www/wwwroot/tdata.tgbota.top/public/uploads/admin/202601/6960a58a3f18c/13613382009/tdata/temp_8301755997.session
[2026-02-19T23:19:35+08:00][info] 开始处理队列任务: task_id=38, current_index=368
[2026-02-19T23:19:35+08:00][info] 使用当前发送用户 3152 的 session_path/www/wwwroot/tdata.tgbota.top/public/uploads/admin/202602/699625adf380f/14642493884/tdata/temp_8541533752.session
[2026-02-19T23:19:35+08:00][info] 返回:{"status":true,"message":"发送完成，成功1个，失败0个[]","data":{"success":[{"group_id":3079998653,"group_link":"https:\/\/t.me\/+4azhFwWhx1czMzE0","type":"megagroup","message":"发送成功","message_id":14502}],"failed":[],"debug":["处理标识符: https:\/\/t.me\/+4azhFwWhx1czMzE0, 清理后: https:\/\/t.me\/+4azhFwWhx1czMzE0, 识别为链接: True, 识别为数字ID: False"],"warning":""},"api_address":"185.165.170.142:5049"}
[2026-02-19T23:19:35+08:00][info] 消息ID缓存成功: task_id=31, group_id=https://t.me/+4azhFwWhx1czMzE0, msg_index=1649, message_id=14502, send_user_id=1861
[2026-02-19T23:19:35+08:00][info] 消息状态标记为已发送: task_id=31, group_id=https://t.me/+4azhFwWhx1czMzE0, msg_index=1649
[2026-02-19T23:19:35+08:00][info] 任务 31 将在 90 秒后继续处理下一条消息，索引: 1650, 实例ID: task_31_index_1650_1771514375.7049
[2026-02-19T23:19:37+08:00][info] 返回:{"status":true,"message":"发送完成，成功1个，失败0个[]","data":{"success":[{"group_id":3794396962,"group_link":"https:\/\/t.me\/+69dYKDni-wFmYWE0","type":"megagroup","message":"发送成功","message_id":521}],"failed":[],"debug":["处理标识符: https:\/\/t.me\/+69dYKDni-wFmYWE0, 清理后: https:\/\/t.me\/+69dYKDni-wFmYWE0, 识别为链接: True, 识别为数字ID: False"],"warning":""},"api_address":"185.165.170.142:5017"}
[2026-02-19T23:19:37+08:00][info] 消息ID缓存成功: task_id=38, group_id=https://t.me/+69dYKDni-wFmYWE0, msg_index=368, message_id=521, send_user_id=3152
[2026-02-19T23:19:37+08:00][info] 消息状态标记为已发送: task_id=38, group_id=https://t.me/+69dYKDni-wFmYWE0, msg_index=368
[2026-02-19T23:19:37+08:00][info] 任务 38 将在 103 秒后继续处理下一条消息，索引: 369, 实例ID: task_38_index_369_1771514377.6609
[2026-02-19T23:19:37+08:00][info] 开始处理队列任务: task_id=37, current_index=1716
[2026-02-19T23:19:37+08:00][info] 消息缓存初始化完成: task_id=37, groups=https://t.me/+DUAGbZI5vW41NWI8
[2026-02-19T23:19:37+08:00][info] 任务 37 第 3 次循环，重置群组 https://t.me/+DUAGbZI5vW41NWI8 消息状态
[2026-02-19T23:19:37+08:00][info] 使用消息配置中指定的用户 2556 的 session_path/www/wwwroot/tdata.tgbota.top/public/uploads/admin/202602/69862ac4b6550/817043240237/tdata/temp_8421323701.session
[2026-02-19T23:19:39+08:00][info] 返回:{"status":true,"message":"发送完成，成功1个，失败0个[]","data":{"success":[{"group_id":3732578862,"group_link":"https:\/\/t.me\/+DUAGbZI5vW41NWI8","type":"megagroup","message":"发送成功","message_id":8490}],"failed":[],"debug":["处理标识符: https:\/\/t.me\/+DUAGbZI5vW41NWI8, 清理后: https:\/\/t.me\/+DUAGbZI5vW41NWI8, 识别为链接: True, 识别为数字ID: False"],"warning":""},"api_address":"185.165.170.142:5140"}
[2026-02-19T23:19:39+08:00][info] 消息ID缓存成功: task_id=37, group_id=https://t.me/+DUAGbZI5vW41NWI8, msg_index=1716, message_id=8490, send_user_id=2556
[2026-02-19T23:19:39+08:00][info] 消息状态标记为已发送: task_id=37, group_id=https://t.me/+DUAGbZI5vW41NWI8, msg_index=1716
[2026-02-19T23:19:39+08:00][info] 任务 37 将在 80 秒后继续处理下一条消息，索引: 1717, 实例ID: task_37_index_1717_1771514379.6727
[2026-02-19T23:19:41+08:00][info] 开始处理队列任务: task_id=40, current_index=366
[2026-02-19T23:19:41+08:00][info] 使用当前发送用户 3083 的 session_path/www/wwwroot/tdata.tgbota.top/public/uploads/admin/202602/699625adf380f/14753831659/tdata/temp_8583054809.session
[2026-02-19T23:19:46+08:00][info] 返回:{"status":true,"message":"发送完成，成功1个，失败0个[]","data":{"success":[{"group_id":3799666589,"group_link":"https:\/\/t.me\/+IfyZ_OVthdI5YzNk","type":"megagroup","message":"发送成功","message_id":520}],"failed":[],"debug":["处理标识符: https:\/\/t.me\/+IfyZ_OVthdI5YzNk, 清理后: https:\/\/t.me\/+IfyZ_OVthdI5YzNk, 识别为链接: True, 识别为数字ID: False"],"warning":""},"api_address":"185.165.170.142:5099"}
[2026-02-19T23:19:46+08:00][info] 消息ID缓存成功: task_id=40, group_id=https://t.me/+IfyZ_OVthdI5YzNk, msg_index=366, message_id=520, send_user_id=3083
[2026-02-19T23:19:46+08:00][info] 消息状态标记为已发送: task_id=40, group_id=https://t.me/+IfyZ_OVthdI5YzNk, msg_index=366
[2026-02-19T23:19:46+08:00][info] 任务 40 将在 99 秒后继续处理下一条消息，索引: 367, 实例ID: task_40_index_367_1771514386.0982
[2026-02-19T23:19:48+08:00][info] 开始处理队列任务: task_id=36, current_index=1680
[2026-02-19T23:19:48+08:00][info] 消息缓存初始化完成: task_id=36, groups=https://t.me/+o12qlRNkdiViMjE0
[2026-02-19T23:19:48+08:00][info] 任务 36 第 3 次循环，重置群组 https://t.me/+o12qlRNkdiViMjE0 消息状态
[2026-02-19T23:19:48+08:00][info] 使用消息配置中指定的用户 2492 的 session_path/www/wwwroot/tdata.tgbota.top/public/uploads/admin/202602/69862ac4b6550/817026674024/tdata/temp_8241138419.session
[2026-02-19T23:19:51+08:00][info] 返回:{"status":true,"message":"发送完成，成功1个，失败0个[]","data":{"success":[{"group_id":3479387283,"group_link":"https:\/\/t.me\/+o12qlRNkdiViMjE0","type":"megagroup","message":"发送成功","message_id":10325}],"failed":[],"debug":["处理标识符: https:\/\/t.me\/+o12qlRNkdiViMjE0, 清理后: https:\/\/t.me\/+o12qlRNkdiViMjE0, 识别为链接: True, 识别为数字ID: False","文件1有效: \/www\/wwwroot\/tdata.tgbota.top\/public\/uploads\/admin\/202512\/693ae50367232.jpg (37338字节)","发送单个文件: \/www\/wwwroot\/tdata.tgbota.top\/public\/uploads\/admin\/202512\/693ae50367232.jpg"],"warning":""},"api_address":"185.165.170.142:5076"}
[2026-02-19T23:19:51+08:00][info] 消息ID缓存成功: task_id=36, group_id=https://t.me/+o12qlRNkdiViMjE0, msg_index=1680, message_id=10325, send_user_id=2492
[2026-02-19T23:19:51+08:00][info] 消息状态标记为已发送: task_id=36, group_id=https://t.me/+o12qlRNkdiViMjE0, msg_index=1680
[2026-02-19T23:19:51+08:00][info] 任务 36 将在 109 秒后继续处理下一条消息，索引: 1681, 实例ID: task_36_index_1681_1771514391.6107
[2026-02-19T23:19:57+08:00][info] 开始处理队列任务: task_id=29, current_index=1644
[2026-02-19T23:19:57+08:00][info] 开始处理队列任务: task_id=34, current_index=1516
[2026-02-19T23:19:57+08:00][info] 消息缓存初始化完成: task_id=29, groups=https://t.me/+WZlsKfz1W89jYjE0
[2026-02-19T23:19:57+08:00][info] 任务 29 第 3 次循环，重置群组 https://t.me/+WZlsKfz1W89jYjE0 消息状态
[2026-02-19T23:19:57+08:00][info] 使用当前发送用户 1892 的 session_path/www/wwwroot/tdata.tgbota.top/public/uploads/admin/202601/6960a58a3f18c/13613577981/tdata/temp_8196916921.session
[2026-02-19T23:19:57+08:00][info] 消息缓存初始化完成: task_id=34, groups=https://t.me/+CUyn8iqnQwEzNDY0
[2026-02-19T23:19:57+08:00][info] 任务 34 第 2 次循环，重置群组 https://t.me/+CUyn8iqnQwEzNDY0 消息状态
[2026-02-19T23:19:57+08:00][info] 使用当前发送用户 2509 的 session_path/www/wwwroot/tdata.tgbota.top/public/uploads/admin/202602/69862ac4b6550/817030774749/tdata/temp_8321123815.session
[2026-02-19T23:19:59+08:00][info] 返回:{"status":true,"message":"发送完成，成功1个，失败0个[]","data":{"success":[{"group_id":3719450736,"group_link":"https:\/\/t.me\/+CUyn8iqnQwEzNDY0","type":"megagroup","message":"发送成功","message_id":10260}],"failed":[],"debug":["处理标识符: https:\/\/t.me\/+CUyn8iqnQwEzNDY0, 清理后: https:\/\/t.me\/+CUyn8iqnQwEzNDY0, 识别为链接: True, 识别为数字ID: False"],"warning":""},"api_address":"185.165.170.142:5093"}
[2026-02-19T23:19:59+08:00][info] 消息ID缓存成功: task_id=34, group_id=https://t.me/+CUyn8iqnQwEzNDY0, msg_index=1516, message_id=10260, send_user_id=2509
[2026-02-19T23:19:59+08:00][info] 消息状态标记为已发送: task_id=34, group_id=https://t.me/+CUyn8iqnQwEzNDY0, msg_index=1516
[2026-02-19T23:19:59+08:00][info] 任务 34 将在 90 秒后继续处理下一条消息，索引: 1517, 实例ID: task_34_index_1517_1771514399.5829
[2026-02-19T23:20:00+08:00][info] 返回:{"status":true,"message":"发送完成，成功1个，失败0个[]","data":{"success":[{"group_id":3780502866,"group_link":"https:\/\/t.me\/+WZlsKfz1W89jYjE0","type":"megagroup","message":"发送成功","message_id":21738}],"failed":[],"debug":["处理标识符: https:\/\/t.me\/+WZlsKfz1W89jYjE0, 清理后: https:\/\/t.me\/+WZlsKfz1W89jYjE0, 识别为链接: True, 识别为数字ID: False"],"warning":""},"api_address":"185.165.170.142:5080"}
[2026-02-19T23:20:00+08:00][info] 消息ID缓存成功: task_id=29, group_id=https://t.me/+WZlsKfz1W89jYjE0, msg_index=1644, message_id=21738, send_user_id=1892
[2026-02-19T23:20:00+08:00][info] 消息状态标记为已发送: task_id=29, group_id=https://t.me/+WZlsKfz1W89jYjE0, msg_index=1644
[2026-02-19T23:20:01+08:00][info] 任务 29 将在 95 秒后继续处理下一条消息，索引: 1645, 实例ID: task_29_index_1645_1771514401.6421
[2026-02-19T23:20:10+08:00][info] 开始处理队列任务: task_id=27, current_index=1612
[2026-02-19T23:20:10+08:00][info] 消息缓存初始化完成: task_id=27, groups=https://t.me/+_XaTo9Qrv0VjOTM0
[2026-02-19T23:20:10+08:00][info] 任务 27 第 3 次循环，重置群组 https://t.me/+_XaTo9Qrv0VjOTM0 消息状态
[2026-02-19T23:20:10+08:00][info] 使用当前发送用户 2310 的 session_path/www/wwwroot/tdata.tgbota.top/public/uploads/admin/202601/6971e94ea480a/16077063566/tdata/temp_8222202974.session
[2026-02-19T23:20:13+08:00][info] 返回:{"status":true,"message":"发送完成，成功1个，失败0个[]","data":{"success":[{"group_id":3649225144,"group_link":"https:\/\/t.me\/+_XaTo9Qrv0VjOTM0","type":"megagroup","message":"发送成功","message_id":33226}],"failed":[],"debug":["处理标识符: https:\/\/t.me\/+_XaTo9Qrv0VjOTM0, 清理后: https:\/\/t.me\/+_XaTo9Qrv0VjOTM0, 识别为链接: True, 识别为数字ID: False","文件1有效: \/www\/wwwroot\/tdata.tgbota.top\/public\/uploads\/admin\/202512\/693ae47eb24e6.jpg (23476字节)","发送单个文件: \/www\/wwwroot\/tdata.tgbota.top\/public\/uploads\/admin\/202512\/693ae47eb24e6.jpg"],"warning":""},"api_address":"185.165.170.142:5045"}
[2026-02-19T23:20:13+08:00][info] 消息ID缓存成功: task_id=27, group_id=https://t.me/+_XaTo9Qrv0VjOTM0, msg_index=1612, message_id=33226, send_user_id=2310
[2026-02-19T23:20:13+08:00][info] 消息状态标记为已发送: task_id=27, group_id=https://t.me/+_XaTo9Qrv0VjOTM0, msg_index=1612
[2026-02-19T23:20:14+08:00][info] 任务 27 将在 81 秒后继续处理下一条消息，索引: 1613, 实例ID: task_27_index_1613_1771514414.0272
[2026-02-19T23:20:29+08:00][info] 开始处理队列任务: task_id=39, current_index=368
[2026-02-19T23:20:29+08:00][info] 使用当前发送用户 3152 的 session_path/www/wwwroot/tdata.tgbota.top/public/uploads/admin/202602/699625adf380f/14642493884/tdata/temp_8541533752.session
[2026-02-19T23:20:31+08:00][info] 开始处理队列任务: task_id=35, current_index=1729
[2026-02-19T23:20:31+08:00][info] 消息缓存初始化完成: task_id=35, groups=https://t.me/+BrIuI_-gkNhhYTE0
[2026-02-19T23:20:31+08:00][info] 任务 35 第 3 次循环，重置群组 https://t.me/+BrIuI_-gkNhhYTE0 消息状态
[2026-02-19T23:20:31+08:00][info] 使用消息配置中指定的用户 2544 的 session_path/www/wwwroot/tdata.tgbota.top/public/uploads/admin/202602/69862ac4b6550/818010973975/tdata/temp_8538322227.session
[2026-02-19T23:20:31+08:00][info] 返回:{"status":true,"message":"发送完成，成功1个，失败0个[]","data":{"success":[{"group_id":3770869551,"group_link":"https:\/\/t.me\/+ZpSvBhFQCCEwMzdk","type":"megagroup","message":"发送成功","message_id":521}],"failed":[],"debug":["处理标识符: https:\/\/t.me\/+ZpSvBhFQCCEwMzdk, 清理后: https:\/\/t.me\/+ZpSvBhFQCCEwMzdk, 识别为链接: True, 识别为数字ID: False"],"warning":""},"api_address":"185.165.170.142:5017"}
[2026-02-19T23:20:31+08:00][info] 消息ID缓存成功: task_id=39, group_id=https://t.me/+ZpSvBhFQCCEwMzdk, msg_index=368, message_id=521, send_user_id=3152
[2026-02-19T23:20:31+08:00][info] 消息状态标记为已发送: task_id=39, group_id=https://t.me/+ZpSvBhFQCCEwMzdk, msg_index=368
[2026-02-19T23:20:31+08:00][info] 任务 39 将在 103 秒后继续处理下一条消息，索引: 369, 实例ID: task_39_index_369_1771514431.6703
[2026-02-19T23:20:33+08:00][info] 返回:{"status":true,"message":"发送完成，成功1个，失败0个[]","data":{"success":[{"group_id":3646934744,"group_link":"https:\/\/t.me\/+BrIuI_-gkNhhYTE0","type":"megagroup","message":"发送成功","message_id":10313}],"failed":[],"debug":["处理标识符: https:\/\/t.me\/+BrIuI_-gkNhhYTE0, 清理后: https:\/\/t.me\/+BrIuI_-gkNhhYTE0, 识别为链接: True, 识别为数字ID: False"],"warning":""},"api_address":"185.165.170.142:5009"}
[2026-02-19T23:20:33+08:00][info] 消息ID缓存成功: task_id=35, group_id=https://t.me/+BrIuI_-gkNhhYTE0, msg_index=1729, message_id=10313, send_user_id=2544
[2026-02-19T23:20:33+08:00][info] 消息状态标记为已发送: task_id=35, group_id=https://t.me/+BrIuI_-gkNhhYTE0, msg_index=1729
[2026-02-19T23:20:33+08:00][info] 任务 35 将在 76 秒后继续处理下一条消息，索引: 1730, 实例ID: task_35_index_1730_1771514433.5438
[2026-02-19T23:20:49+08:00][info] 开始处理队列任务: task_id=33, current_index=1516
[2026-02-19T23:20:49+08:00][info] 消息缓存初始化完成: task_id=33, groups=https://t.me/+wcqRUxDn6zczYmM0
[2026-02-19T23:20:49+08:00][info] 任务 33 第 2 次循环，重置群组 https://t.me/+wcqRUxDn6zczYmM0 消息状态
[2026-02-19T23:20:49+08:00][info] 使用当前发送用户 2509 的 session_path/www/wwwroot/tdata.tgbota.top/public/uploads/admin/202602/69862ac4b6550/817030774749/tdata/temp_8321123815.session
[2026-02-19T23:20:51+08:00][info] 返回:{"status":true,"message":"发送完成，成功1个，失败0个[]","data":{"success":[{"group_id":3658905404,"group_link":"https:\/\/t.me\/+wcqRUxDn6zczYmM0","type":"megagroup","message":"发送成功","message_id":10099}],"failed":[],"debug":["处理标识符: https:\/\/t.me\/+wcqRUxDn6zczYmM0, 清理后: https:\/\/t.me\/+wcqRUxDn6zczYmM0, 识别为链接: True, 识别为数字ID: False"],"warning":""},"api_address":"185.165.170.142:5093"}
[2026-02-19T23:20:51+08:00][info] 消息ID缓存成功: task_id=33, group_id=https://t.me/+wcqRUxDn6zczYmM0, msg_index=1516, message_id=10099, send_user_id=2509
[2026-02-19T23:20:51+08:00][info] 消息状态标记为已发送: task_id=33, group_id=https://t.me/+wcqRUxDn6zczYmM0, msg_index=1516
[2026-02-19T23:20:51+08:00][info] 任务 33 将在 90 秒后继续处理下一条消息，索引: 1517, 实例ID: task_33_index_1517_1771514451.7535
[2026-02-19T23:20:56+08:00][info] 开始处理队列任务: task_id=28, current_index=1649
[2026-02-19T23:20:56+08:00][info] 消息缓存初始化完成: task_id=28, groups=https://t.me/+Hg62NsrbOCZmZmY8
[2026-02-19T23:20:56+08:00][info] 任务 28 第 3 次循环，重置群组 https://t.me/+Hg62NsrbOCZmZmY8 消息状态
[2026-02-19T23:20:56+08:00][info] 使用当前发送用户 1861 的 session_path/www/wwwroot/tdata.tgbota.top/public/uploads/admin/202601/6960a58a3f18c/13613382009/tdata/temp_8301755997.session
[2026-02-19T23:20:59+08:00][info] 返回:{"status":true,"message":"发送完成，成功1个，失败0个[]","data":{"success":[{"group_id":3657218256,"group_link":"https:\/\/t.me\/+Hg62NsrbOCZmZmY8","type":"megagroup","message":"发送成功","message_id":21680}],"failed":[],"debug":["处理标识符: https:\/\/t.me\/+Hg62NsrbOCZmZmY8, 清理后: https:\/\/t.me\/+Hg62NsrbOCZmZmY8, 识别为链接: True, 识别为数字ID: False"],"warning":""},"api_address":"185.165.170.142:5049"}
[2026-02-19T23:20:59+08:00][info] 消息ID缓存成功: task_id=28, group_id=https://t.me/+Hg62NsrbOCZmZmY8, msg_index=1649, message_id=21680, send_user_id=1861
[2026-02-19T23:20:59+08:00][info] 消息状态标记为已发送: task_id=28, group_id=https://t.me/+Hg62NsrbOCZmZmY8, msg_index=1649
[2026-02-19T23:20:59+08:00][info] 任务 28 将在 90 秒后继续处理下一条消息，索引: 1650, 实例ID: task_28_index_1650_1771514459.3458
[2026-02-19T23:20:59+08:00][info] 开始处理队列任务: task_id=25, current_index=1644
[2026-02-19T23:20:59+08:00][info] 消息缓存初始化完成: task_id=25, groups=https://t.me/+HZFEhfAwKjhmZDZk
[2026-02-19T23:20:59+08:00][info] 任务 25 第 3 次循环，重置群组 https://t.me/+HZFEhfAwKjhmZDZk 消息状态
[2026-02-19T23:20:59+08:00][info] 使用当前发送用户 1892 的 session_path/www/wwwroot/tdata.tgbota.top/public/uploads/admin/202601/6960a58a3f18c/13613577981/tdata/temp_8196916921.session
[2026-02-19T23:21:00+08:00][info] 开始处理队列任务: task_id=37, current_index=1717
[2026-02-19T23:21:00+08:00][info] 消息缓存初始化完成: task_id=37, groups=https://t.me/+DUAGbZI5vW41NWI8
[2026-02-19T23:21:00+08:00][info] 任务 37 第 3 次循环，重置群组 https://t.me/+DUAGbZI5vW41NWI8 消息状态
[2026-02-19T23:21:00+08:00][info] 使用消息配置中指定的用户 2555 的 session_path/www/wwwroot/tdata.tgbota.top/public/uploads/admin/202602/69862ac4b6550/818010983828/tdata/temp_8527070981.session
[2026-02-19T23:21:02+08:00][info] 返回:{"status":true,"message":"发送完成，成功1个，失败0个[]","data":{"success":[{"group_id":3482989339,"group_link":"https:\/\/t.me\/+HZFEhfAwKjhmZDZk","type":"megagroup","message":"发送成功","message_id":30198}],"failed":[],"debug":["处理标识符: https:\/\/t.me\/+HZFEhfAwKjhmZDZk, 清理后: https:\/\/t.me\/+HZFEhfAwKjhmZDZk, 识别为链接: True, 识别为数字ID: False"],"warning":""},"api_address":"185.165.170.142:5080"}
[2026-02-19T23:21:02+08:00][info] 消息ID缓存成功: task_id=25, group_id=https://t.me/+HZFEhfAwKjhmZDZk, msg_index=1644, message_id=30198, send_user_id=1892
[2026-02-19T23:21:02+08:00][info] 消息状态标记为已发送: task_id=25, group_id=https://t.me/+HZFEhfAwKjhmZDZk, msg_index=1644
[2026-02-19T23:21:02+08:00][info] 任务 25 将在 95 秒后继续处理下一条消息，索引: 1645, 实例ID: task_25_index_1645_1771514462.2897
[2026-02-19T23:21:02+08:00][info] 返回:{"status":true,"message":"发送完成，成功1个，失败0个[]","data":{"success":[{"group_id":3732578862,"group_link":"https:\/\/t.me\/+DUAGbZI5vW41NWI8","type":"megagroup","message":"发送成功","message_id":8491}],"failed":[],"debug":["处理标识符: https:\/\/t.me\/+DUAGbZI5vW41NWI8, 清理后: https:\/\/t.me\/+DUAGbZI5vW41NWI8, 识别为链接: True, 识别为数字ID: False"],"warning":""},"api_address":"185.165.170.142:5139"}
[2026-02-19T23:21:02+08:00][info] 消息ID缓存成功: task_id=37, group_id=https://t.me/+DUAGbZI5vW41NWI8, msg_index=1717, message_id=8491, send_user_id=2555
[2026-02-19T23:21:02+08:00][info] 消息状态标记为已发送: task_id=37, group_id=https://t.me/+DUAGbZI5vW41NWI8, msg_index=1717
[2026-02-19T23:21:03+08:00][info] 任务 37 将在 90 秒后继续处理下一条消息，索引: 1718, 实例ID: task_37_index_1718_1771514463.8905
[2026-02-19T23:21:05+08:00][info] 开始处理队列任务: task_id=31, current_index=1650
[2026-02-19T23:21:05+08:00][info] 消息缓存初始化完成: task_id=31, groups=https://t.me/+4azhFwWhx1czMzE0
[2026-02-19T23:21:05+08:00][info] 任务 31 第 3 次循环，重置群组 https://t.me/+4azhFwWhx1czMzE0 消息状态
[2026-02-19T23:21:05+08:00][info] 使用feedbackType=1649的消息ID: 14501
[2026-02-19T23:21:05+08:00][info] 使用当前发送用户 1837 的 session_path/www/wwwroot/tdata.tgbota.top/public/uploads/admin/202601/6960a58a3f18c/13632069088/tdata/temp_8271528746.session
[2026-02-19T23:21:08+08:00][info] 返回:{"status":true,"message":"发送完成，成功1个，失败0个[]","data":{"success":[{"group_id":3079998653,"group_link":"https:\/\/t.me\/+4azhFwWhx1czMzE0","type":"megagroup","message":"发送成功","message_id":14503}],"failed":[],"debug":["处理标识符: https:\/\/t.me\/+4azhFwWhx1czMzE0, 清理后: https:\/\/t.me\/+4azhFwWhx1czMzE0, 识别为链接: True, 识别为数字ID: False"],"warning":""},"api_address":"185.165.170.142:5025"}
[2026-02-19T23:21:08+08:00][info] 消息ID缓存成功: task_id=31, group_id=https://t.me/+4azhFwWhx1czMzE0, msg_index=1650, message_id=14503, send_user_id=1837
[2026-02-19T23:21:08+08:00][info] 消息状态标记为已发送: task_id=31, group_id=https://t.me/+4azhFwWhx1czMzE0, msg_index=1650
[2026-02-19T23:21:08+08:00][info] 任务 31 将在 109 秒后继续处理下一条消息，索引: 1651, 实例ID: task_31_index_1651_1771514468.6018
[2026-02-19T23:21:20+08:00][info] 开始处理队列任务: task_id=38, current_index=369
[2026-02-19T23:21:20+08:00][info] 使用消息配置中指定的用户 3071 的 session_path/www/wwwroot/tdata.tgbota.top/public/uploads/admin/202602/699625adf380f/14795407983/tdata/temp_8599781545.session
[2026-02-19T23:21:23+08:00][info] 返回:{"status":true,"message":"发送完成，成功1个，失败0个[]","data":{"success":[{"group_id":3794396962,"group_link":"https:\/\/t.me\/+69dYKDni-wFmYWE0","type":"megagroup","message":"发送成功","message_id":522}],"failed":[],"debug":["处理标识符: https:\/\/t.me\/+69dYKDni-wFmYWE0, 清理后: https:\/\/t.me\/+69dYKDni-wFmYWE0, 识别为链接: True, 识别为数字ID: False"],"warning":""},"api_address":"185.165.170.142:5087"}
[2026-02-19T23:21:23+08:00][info] 消息ID缓存成功: task_id=38, group_id=https://t.me/+69dYKDni-wFmYWE0, msg_index=369, message_id=522, send_user_id=3071
[2026-02-19T23:21:23+08:00][info] 消息状态标记为已发送: task_id=38, group_id=https://t.me/+69dYKDni-wFmYWE0, msg_index=369
[2026-02-19T23:21:23+08:00][info] 任务 38 将在 77 秒后继续处理下一条消息，索引: 370, 实例ID: task_38_index_370_1771514483.1596
[2026-02-19T23:21:25+08:00][info] 开始处理队列任务: task_id=40, current_index=367
[2026-02-19T23:21:25+08:00][info] 使用当前发送用户 3152 的 session_path/www/wwwroot/tdata.tgbota.top/public/uploads/admin/202602/699625adf380f/14642493884/tdata/temp_8541533752.session
[2026-02-19T23:21:27+08:00][info] 返回:{"status":true,"message":"发送完成，成功1个，失败0个[]","data":{"success":[{"group_id":3799666589,"group_link":"https:\/\/t.me\/+IfyZ_OVthdI5YzNk","type":"megagroup","message":"发送成功","message_id":521}],"failed":[],"debug":["处理标识符: https:\/\/t.me\/+IfyZ_OVthdI5YzNk, 清理后: https:\/\/t.me\/+IfyZ_OVthdI5YzNk, 识别为链接: True, 识别为数字ID: False"],"warning":""},"api_address":"185.165.170.142:5017"}
[2026-02-19T23:21:27+08:00][info] 消息ID缓存成功: task_id=40, group_id=https://t.me/+IfyZ_OVthdI5YzNk, msg_index=367, message_id=521, send_user_id=3152
[2026-02-19T23:21:27+08:00][info] 消息状态标记为已发送: task_id=40, group_id=https://t.me/+IfyZ_OVthdI5YzNk, msg_index=367
[2026-02-19T23:21:27+08:00][info] 任务 40 将在 68 秒后继续处理下一条消息，索引: 368, 实例ID: task_40_index_368_1771514487.6433
[2026-02-19T23:21:29+08:00][info] 开始处理队列任务: task_id=34, current_index=1517
[2026-02-19T23:21:29+08:00][info] 消息缓存初始化完成: task_id=34, groups=https://t.me/+CUyn8iqnQwEzNDY0
[2026-02-19T23:21:29+08:00][info] 任务 34 第 2 次循环，重置群组 https://t.me/+CUyn8iqnQwEzNDY0 消息状态
[2026-02-19T23:21:29+08:00][info] 使用feedbackType=1516的消息ID: 10259
[2026-02-19T23:21:29+08:00][info] 使用消息配置中指定的用户 2497 的 session_path/www/wwwroot/tdata.tgbota.top/public/uploads/admin/202602/69862ac4b6550/817043082239/tdata/temp_8047681055.session
[2026-02-19T23:21:31+08:00][info] 返回:{"status":true,"message":"发送完成，成功1个，失败0个[]","data":{"success":[{"group_id":3719450736,"group_link":"https:\/\/t.me\/+CUyn8iqnQwEzNDY0","type":"megagroup","message":"发送成功","message_id":10261}],"failed":[],"debug":["处理标识符: https:\/\/t.me\/+CUyn8iqnQwEzNDY0, 清理后: https:\/\/t.me\/+CUyn8iqnQwEzNDY0, 识别为链接: True, 识别为数字ID: False"],"warning":""},"api_address":"185.165.170.142:5081"}
[2026-02-19T23:21:31+08:00][info] 消息ID缓存成功: task_id=34, group_id=https://t.me/+CUyn8iqnQwEzNDY0, msg_index=1517, message_id=10261, send_user_id=2497
[2026-02-19T23:21:31+08:00][info] 消息状态标记为已发送: task_id=34, group_id=https://t.me/+CUyn8iqnQwEzNDY0, msg_index=1517
[2026-02-19T23:21:31+08:00][info] 任务 34 将在 70 秒后继续处理下一条消息，索引: 1518, 实例ID: task_34_index_1518_1771514491.4322
[2026-02-19T23:21:36+08:00][info] 开始处理队列任务: task_id=27, current_index=1613
[2026-02-19T23:21:36+08:00][info] 开始处理队列任务: task_id=29, current_index=1645
[2026-02-19T23:21:36+08:00][info] 消息缓存初始化完成: task_id=27, groups=https://t.me/+_XaTo9Qrv0VjOTM0
[2026-02-19T23:21:36+08:00][info] 任务 27 第 3 次循环，重置群组 https://t.me/+_XaTo9Qrv0VjOTM0 消息状态
[2026-02-19T23:21:36+08:00][info] 使用当前发送用户 2310 的 session_path/www/wwwroot/tdata.tgbota.top/public/uploads/admin/202601/6971e94ea480a/16077063566/tdata/temp_8222202974.session
[2026-02-19T23:21:36+08:00][info] 消息缓存初始化完成: task_id=29, groups=https://t.me/+WZlsKfz1W89jYjE0
[2026-02-19T23:21:36+08:00][info] 任务 29 第 3 次循环，重置群组 https://t.me/+WZlsKfz1W89jYjE0 消息状态
[2026-02-19T23:21:36+08:00][info] 使用feedbackType=1644的消息ID: 21737
[2026-02-19T23:21:36+08:00][info] 使用消息配置中指定的用户 1967 的 session_path/www/wwwroot/tdata.tgbota.top/public/uploads/admin/202601/6960a58a3f18c/13613396891/tdata/temp_8263863998.session
[2026-02-19T23:21:39+08:00][info] 返回:{"status":true,"message":"发送完成，成功1个，失败0个[]","data":{"success":[{"group_id":3649225144,"group_link":"https:\/\/t.me\/+_XaTo9Qrv0VjOTM0","type":"megagroup","message":"发送成功","message_id":33227}],"failed":[],"debug":["处理标识符: https:\/\/t.me\/+_XaTo9Qrv0VjOTM0, 清理后: https:\/\/t.me\/+_XaTo9Qrv0VjOTM0, 识别为链接: True, 识别为数字ID: False"],"warning":""},"api_address":"185.165.170.142:5045"}
[2026-02-19T23:21:39+08:00][info] 消息ID缓存成功: task_id=27, group_id=https://t.me/+_XaTo9Qrv0VjOTM0, msg_index=1613, message_id=33227, send_user_id=2310
[2026-02-19T23:21:39+08:00][info] 消息状态标记为已发送: task_id=27, group_id=https://t.me/+_XaTo9Qrv0VjOTM0, msg_index=1613
[2026-02-19T23:21:39+08:00][info] 任务 27 将在 105 秒后继续处理下一条消息，索引: 1614, 实例ID: task_27_index_1614_1771514499.517
[2026-02-19T23:21:39+08:00][info] 返回:{"status":true,"message":"发送完成，成功1个，失败0个[]","data":{"success":[{"group_id":3780502866,"group_link":"https:\/\/t.me\/+WZlsKfz1W89jYjE0","type":"megagroup","message":"发送成功","message_id":21739}],"failed":[],"debug":["处理标识符: https:\/\/t.me\/+WZlsKfz1W89jYjE0, 清理后: https:\/\/t.me\/+WZlsKfz1W89jYjE0, 识别为链接: True, 识别为数字ID: False"],"warning":""},"api_address":"185.165.170.142:5004"}
[2026-02-19T23:21:39+08:00][info] 消息ID缓存成功: task_id=29, group_id=https://t.me/+WZlsKfz1W89jYjE0, msg_index=1645, message_id=21739, send_user_id=1967
[2026-02-19T23:21:39+08:00][info] 消息状态标记为已发送: task_id=29, group_id=https://t.me/+WZlsKfz1W89jYjE0, msg_index=1645
[2026-02-19T23:21:40+08:00][info] 开始处理队列任务: task_id=36, current_index=1681
[2026-02-19T23:21:40+08:00][info] 任务 29 将在 82 秒后继续处理下一条消息，索引: 1646, 实例ID: task_29_index_1646_1771514500.9
[2026-02-19T23:21:41+08:00][info] 消息缓存初始化完成: task_id=36, groups=https://t.me/+o12qlRNkdiViMjE0
[2026-02-19T23:21:41+08:00][info] 任务 36 第 3 次循环，重置群组 https://t.me/+o12qlRNkdiViMjE0 消息状态
[2026-02-19T23:21:41+08:00][info] 使用feedbackType=1678的消息ID: 10322
[2026-02-19T23:21:41+08:00][info] 使用消息配置中指定的用户 2548 的 session_path/www/wwwroot/tdata.tgbota.top/public/uploads/admin/202602/69862ac4b6550/818014595978/tdata/temp_8466200430.session
[2026-02-19T23:21:43+08:00][info] 返回:{"status":true,"message":"发送完成，成功1个，失败0个[]","data":{"success":[{"group_id":3479387283,"group_link":"https:\/\/t.me\/+o12qlRNkdiViMjE0","type":"megagroup","message":"发送成功","message_id":10326}],"failed":[],"debug":["处理标识符: https:\/\/t.me\/+o12qlRNkdiViMjE0, 清理后: https:\/\/t.me\/+o12qlRNkdiViMjE0, 识别为链接: True, 识别为数字ID: False"],"warning":""},"api_address":"185.165.170.142:5132"}
[2026-02-19T23:21:43+08:00][info] 消息ID缓存成功: task_id=36, group_id=https://t.me/+o12qlRNkdiViMjE0, msg_index=1681, message_id=10326, send_user_id=2548
[2026-02-19T23:21:43+08:00][info] 消息状态标记为已发送: task_id=36, group_id=https://t.me/+o12qlRNkdiViMjE0, msg_index=1681
[2026-02-19T23:21:43+08:00][info] 任务 36 将在 93 秒后继续处理下一条消息，索引: 1682, 实例ID: task_36_index_1682_1771514503.295
[2026-02-19T23:21:49+08:00][info] 开始处理队列任务: task_id=35, current_index=1730
[2026-02-19T23:21:49+08:00][info] 消息缓存初始化完成: task_id=35, groups=https://t.me/+BrIuI_-gkNhhYTE0
[2026-02-19T23:21:49+08:00][info] 任务 35 第 3 次循环，重置群组 https://t.me/+BrIuI_-gkNhhYTE0 消息状态
[2026-02-19T23:21:49+08:00][info] 使用消息配置中指定的用户 2542 的 session_path/www/wwwroot/tdata.tgbota.top/public/uploads/admin/202602/69862ac4b6550/817041404841/tdata/temp_8193858605.session
[2026-02-19T23:21:51+08:00][info] 返回:{"status":true,"message":"发送完成，成功1个，失败0个[]","data":{"success":[{"group_id":3646934744,"group_link":"https:\/\/t.me\/+BrIuI_-gkNhhYTE0","type":"megagroup","message":"发送成功","message_id":10314}],"failed":[],"debug":["处理标识符: https:\/\/t.me\/+BrIuI_-gkNhhYTE0, 清理后: https:\/\/t.me\/+BrIuI_-gkNhhYTE0, 识别为链接: True, 识别为数字ID: False"],"warning":""},"api_address":"185.165.170.142:5126"}
[2026-02-19T23:21:51+08:00][info] 消息ID缓存成功: task_id=35, group_id=https://t.me/+BrIuI_-gkNhhYTE0, msg_index=1730, message_id=10314, send_user_id=2542
[2026-02-19T23:21:51+08:00][info] 消息状态标记为已发送: task_id=35, group_id=https://t.me/+BrIuI_-gkNhhYTE0, msg_index=1730
[2026-02-19T23:21:51+08:00][info] 任务 35 将在 82 秒后继续处理下一条消息，索引: 1731, 实例ID: task_35_index_1731_1771514511.4071
[2026-02-19T23:22:15+08:00][info] 开始处理队列任务: task_id=39, current_index=369
[2026-02-19T23:22:15+08:00][info] 使用消息配置中指定的用户 3071 的 session_path/www/wwwroot/tdata.tgbota.top/public/uploads/admin/202602/699625adf380f/14795407983/tdata/temp_8599781545.session
[2026-02-19T23:22:19+08:00][info] 返回:{"status":true,"message":"发送完成，成功1个，失败0个[]","data":{"success":[{"group_id":3770869551,"group_link":"https:\/\/t.me\/+ZpSvBhFQCCEwMzdk","type":"megagroup","message":"发送成功","message_id":522}],"failed":[],"debug":["处理标识符: https:\/\/t.me\/+ZpSvBhFQCCEwMzdk, 清理后: https:\/\/t.me\/+ZpSvBhFQCCEwMzdk, 识别为链接: True, 识别为数字ID: False"],"warning":""},"api_address":"185.165.170.142:5087"}
[2026-02-19T23:22:19+08:00][info] 消息ID缓存成功: task_id=39, group_id=https://t.me/+ZpSvBhFQCCEwMzdk, msg_index=369, message_id=522, send_user_id=3071
[2026-02-19T23:22:19+08:00][info] 消息状态标记为已发送: task_id=39, group_id=https://t.me/+ZpSvBhFQCCEwMzdk, msg_index=369
[2026-02-19T23:22:19+08:00][info] 任务 39 将在 77 秒后继续处理下一条消息，索引: 370, 实例ID: task_39_index_370_1771514539.2075
[2026-02-19T23:22:21+08:00][info] 开始处理队列任务: task_id=33, current_index=1517
[2026-02-19T23:22:21+08:00][info] 消息缓存初始化完成: task_id=33, groups=https://t.me/+wcqRUxDn6zczYmM0
[2026-02-19T23:22:21+08:00][info] 任务 33 第 2 次循环，重置群组 https://t.me/+wcqRUxDn6zczYmM0 消息状态
[2026-02-19T23:22:21+08:00][info] 使用feedbackType=1516的消息ID: 10098
[2026-02-19T23:22:21+08:00][info] 使用消息配置中指定的用户 2497 的 session_path/www/wwwroot/tdata.tgbota.top/public/uploads/admin/202602/69862ac4b6550/817043082239/tdata/temp_8047681055.session
[2026-02-19T23:22:23+08:00][info] 返回:{"status":true,"message":"发送完成，成功1个，失败0个[]","data":{"success":[{"group_id":3658905404,"group_link":"https:\/\/t.me\/+wcqRUxDn6zczYmM0","type":"megagroup","message":"发送成功","message_id":10100}],"failed":[],"debug":["处理标识符: https:\/\/t.me\/+wcqRUxDn6zczYmM0, 清理后: https:\/\/t.me\/+wcqRUxDn6zczYmM0, 识别为链接: True, 识别为数字ID: False"],"warning":""},"api_address":"185.165.170.142:5081"}
[2026-02-19T23:22:23+08:00][info] 消息ID缓存成功: task_id=33, group_id=https://t.me/+wcqRUxDn6zczYmM0, msg_index=1517, message_id=10100, send_user_id=2497
[2026-02-19T23:22:23+08:00][info] 消息状态标记为已发送: task_id=33, group_id=https://t.me/+wcqRUxDn6zczYmM0, msg_index=1517
[2026-02-19T23:22:23+08:00][info] 任务 33 将在 70 秒后继续处理下一条消息，索引: 1518, 实例ID: task_33_index_1518_1771514543.8706
[2026-02-19T23:22:29+08:00][info] 开始处理队列任务: task_id=28, current_index=1650
[2026-02-19T23:22:30+08:00][info] 消息缓存初始化完成: task_id=28, groups=https://t.me/+Hg62NsrbOCZmZmY8
[2026-02-19T23:22:30+08:00][info] 任务 28 第 3 次循环，重置群组 https://t.me/+Hg62NsrbOCZmZmY8 消息状态
[2026-02-19T23:22:30+08:00][info] 使用feedbackType=1649的消息ID: 21679
[2026-02-19T23:22:30+08:00][info] 使用当前发送用户 1837 的 session_path/www/wwwroot/tdata.tgbota.top/public/uploads/admin/202601/6960a58a3f18c/13632069088/tdata/temp_8271528746.session
[2026-02-19T23:22:33+08:00][info] 返回:{"status":true,"message":"发送完成，成功1个，失败0个[]","data":{"success":[{"group_id":3657218256,"group_link":"https:\/\/t.me\/+Hg62NsrbOCZmZmY8","type":"megagroup","message":"发送成功","message_id":21681}],"failed":[],"debug":["处理标识符: https:\/\/t.me\/+Hg62NsrbOCZmZmY8, 清理后: https:\/\/t.me\/+Hg62NsrbOCZmZmY8, 识别为链接: True, 识别为数字ID: False"],"warning":""},"api_address":"185.165.170.142:5025"}
[2026-02-19T23:22:33+08:00][info] 消息ID缓存成功: task_id=28, group_id=https://t.me/+Hg62NsrbOCZmZmY8, msg_index=1650, message_id=21681, send_user_id=1837
[2026-02-19T23:22:33+08:00][info] 消息状态标记为已发送: task_id=28, group_id=https://t.me/+Hg62NsrbOCZmZmY8, msg_index=1650
[2026-02-19T23:22:33+08:00][info] 任务 28 将在 109 秒后继续处理下一条消息，索引: 1651, 实例ID: task_28_index_1651_1771514553.3577
[2026-02-19T23:22:33+08:00][info] 开始处理队列任务: task_id=37, current_index=1718
[2026-02-19T23:22:33+08:00][info] 消息缓存初始化完成: task_id=37, groups=https://t.me/+DUAGbZI5vW41NWI8
[2026-02-19T23:22:33+08:00][info] 任务 37 第 3 次循环，重置群组 https://t.me/+DUAGbZI5vW41NWI8 消息状态
[2026-02-19T23:22:33+08:00][info] 从数据库获取用户 2554 的 session_path
[2026-02-19T23:22:35+08:00][info] 返回:{"status":true,"message":"发送完成，成功1个，失败0个[]","data":{"success":[{"group_id":3732578862,"group_link":"https:\/\/t.me\/+DUAGbZI5vW41NWI8","type":"megagroup","message":"发送成功","message_id":8492}],"failed":[],"debug":["处理标识符: https:\/\/t.me\/+DUAGbZI5vW41NWI8, 清理后: https:\/\/t.me\/+DUAGbZI5vW41NWI8, 识别为链接: True, 识别为数字ID: False"],"warning":""},"api_address":"185.165.170.142:5138"}
[2026-02-19T23:22:35+08:00][info] 消息ID缓存成功: task_id=37, group_id=https://t.me/+DUAGbZI5vW41NWI8, msg_index=1718, message_id=8492, send_user_id=2554
[2026-02-19T23:22:35+08:00][info] 消息状态标记为已发送: task_id=37, group_id=https://t.me/+DUAGbZI5vW41NWI8, msg_index=1718
[2026-02-19T23:22:35+08:00][info] 任务 37 将在 95 秒后继续处理下一条消息，索引: 1719, 实例ID: task_37_index_1719_1771514555.4641
[2026-02-19T23:22:35+08:00][info] 开始处理队列任务: task_id=40, current_index=368
[2026-02-19T23:22:35+08:00][info] 使用当前发送用户 3152 的 session_path/www/wwwroot/tdata.tgbota.top/public/uploads/admin/202602/699625adf380f/14642493884/tdata/temp_8541533752.session
[2026-02-19T23:22:37+08:00][info] 开始处理队列任务: task_id=25, current_index=1645
[2026-02-19T23:22:37+08:00][info] 消息缓存初始化完成: task_id=25, groups=https://t.me/+HZFEhfAwKjhmZDZk
[2026-02-19T23:22:37+08:00][info] 任务 25 第 3 次循环，重置群组 https://t.me/+HZFEhfAwKjhmZDZk 消息状态
[2026-02-19T23:22:37+08:00][info] 使用feedbackType=1644的消息ID: 30197
[2026-02-19T23:22:37+08:00][info] 使用消息配置中指定的用户 1967 的 session_path/www/wwwroot/tdata.tgbota.top/public/uploads/admin/202601/6960a58a3f18c/13613396891/tdata/temp_8263863998.session
[2026-02-19T23:22:38+08:00][info] 返回:{"status":true,"message":"发送完成，成功1个，失败0个[]","data":{"success":[{"group_id":3799666589,"group_link":"https:\/\/t.me\/+IfyZ_OVthdI5YzNk","type":"megagroup","message":"发送成功","message_id":522}],"failed":[],"debug":["处理标识符: https:\/\/t.me\/+IfyZ_OVthdI5YzNk, 清理后: https:\/\/t.me\/+IfyZ_OVthdI5YzNk, 识别为链接: True, 识别为数字ID: False"],"warning":""},"api_address":"185.165.170.142:5017"}
[2026-02-19T23:22:38+08:00][info] 消息ID缓存成功: task_id=40, group_id=https://t.me/+IfyZ_OVthdI5YzNk, msg_index=368, message_id=522, send_user_id=3152
[2026-02-19T23:22:38+08:00][info] 消息状态标记为已发送: task_id=40, group_id=https://t.me/+IfyZ_OVthdI5YzNk, msg_index=368
[2026-02-19T23:22:38+08:00][info] 任务 40 将在 103 秒后继续处理下一条消息，索引: 369, 实例ID: task_40_index_369_1771514558.0704
[2026-02-19T23:22:40+08:00][info] 开始处理队列任务: task_id=38, current_index=370
[2026-02-19T23:22:40+08:00][info] 使用消息配置中指定的用户 3136 的 session_path/www/wwwroot/tdata.tgbota.top/public/uploads/admin/202602/699625adf380f/14642493983/tdata/temp_8291868899.session
[2026-02-19T23:22:40+08:00][info] 返回:{"status":true,"message":"发送完成，成功1个，失败0个[]","data":{"success":[{"group_id":3482989339,"group_link":"https:\/\/t.me\/+HZFEhfAwKjhmZDZk","type":"megagroup","message":"发送成功","message_id":30199}],"failed":[],"debug":["处理标识符: https:\/\/t.me\/+HZFEhfAwKjhmZDZk, 清理后: https:\/\/t.me\/+HZFEhfAwKjhmZDZk, 识别为链接: True, 识别为数字ID: False"],"warning":""},"api_address":"185.165.170.142:5004"}
[2026-02-19T23:22:40+08:00][info] 消息ID缓存成功: task_id=25, group_id=https://t.me/+HZFEhfAwKjhmZDZk, msg_index=1645, message_id=30199, send_user_id=1967
[2026-02-19T23:22:40+08:00][info] 消息状态标记为已发送: task_id=25, group_id=https://t.me/+HZFEhfAwKjhmZDZk, msg_index=1645
[2026-02-19T23:22:40+08:00][info] 任务 25 将在 82 秒后继续处理下一条消息，索引: 1646, 实例ID: task_25_index_1646_1771514560.5605
[2026-02-19T23:22:41+08:00][info] 开始处理队列任务: task_id=34, current_index=1518
[2026-02-19T23:22:42+08:00][info] 消息缓存初始化完成: task_id=34, groups=https://t.me/+CUyn8iqnQwEzNDY0
[2026-02-19T23:22:42+08:00][info] 任务 34 第 2 次循环，重置群组 https://t.me/+CUyn8iqnQwEzNDY0 消息状态
[2026-02-19T23:22:42+08:00][info] 使用消息配置中指定的用户 2497 的 session_path/www/wwwroot/tdata.tgbota.top/public/uploads/admin/202602/69862ac4b6550/817043082239/tdata/temp_8047681055.session
[2026-02-19T23:22:42+08:00][info] 返回:{"status":true,"message":"发送完成，成功1个，失败0个[]","data":{"success":[{"group_id":3794396962,"group_link":"https:\/\/t.me\/+69dYKDni-wFmYWE0","type":"megagroup","message":"发送成功","message_id":523}],"failed":[],"debug":["处理标识符: https:\/\/t.me\/+69dYKDni-wFmYWE0, 清理后: https:\/\/t.me\/+69dYKDni-wFmYWE0, 识别为链接: True, 识别为数字ID: False"],"warning":""},"api_address":"185.165.170.142:5001"}
[2026-02-19T23:22:42+08:00][info] 消息ID缓存成功: task_id=38, group_id=https://t.me/+69dYKDni-wFmYWE0, msg_index=370, message_id=523, send_user_id=3136
[2026-02-19T23:22:42+08:00][info] 消息状态标记为已发送: task_id=38, group_id=https://t.me/+69dYKDni-wFmYWE0, msg_index=370
[2026-02-19T23:22:43+08:00][info] 任务 38 将在 82 秒后继续处理下一条消息，索引: 371, 实例ID: task_38_index_371_1771514563.0072
[2026-02-19T23:22:44+08:00][info] 返回:{"status":true,"message":"发送完成，成功1个，失败0个[]","data":{"success":[{"group_id":3719450736,"group_link":"https:\/\/t.me\/+CUyn8iqnQwEzNDY0","type":"megagroup","message":"发送成功","message_id":10262}],"failed":[],"debug":["处理标识符: https:\/\/t.me\/+CUyn8iqnQwEzNDY0, 清理后: https:\/\/t.me\/+CUyn8iqnQwEzNDY0, 识别为链接: True, 识别为数字ID: False","文件1有效: \/www\/wwwroot\/tdata.tgbota.top\/public\/uploads\/admin\/202512\/693ae5dc56522.jpg (33006字节)","发送单个文件: \/www\/wwwroot\/tdata.tgbota.top\/public\/uploads\/admin\/202512\/693ae5dc56522.jpg"],"warning":""},"api_address":"185.165.170.142:5081"}
[2026-02-19T23:22:44+08:00][info] 消息ID缓存成功: task_id=34, group_id=https://t.me/+CUyn8iqnQwEzNDY0, msg_index=1518, message_id=10262, send_user_id=2497
[2026-02-19T23:22:44+08:00][info] 消息状态标记为已发送: task_id=34, group_id=https://t.me/+CUyn8iqnQwEzNDY0, msg_index=1518
[2026-02-19T23:22:44+08:00][info] 任务 34 将在 128 秒后继续处理下一条消息，索引: 1519, 实例ID: task_34_index_1519_1771514564.1585
[2026-02-19T23:22:57+08:00][info] 开始处理队列任务: task_id=31, current_index=1651
[2026-02-19T23:22:57+08:00][info] 消息缓存初始化完成: task_id=31, groups=https://t.me/+4azhFwWhx1czMzE0
[2026-02-19T23:22:57+08:00][info] 任务 31 第 3 次循环，重置群组 https://t.me/+4azhFwWhx1czMzE0 消息状态
[2026-02-19T23:22:58+08:00][info] 使用当前发送用户 1883 的 session_path/www/wwwroot/tdata.tgbota.top/public/uploads/admin/202601/6960a58a3f18c/13613138502/tdata/temp_8259534722.session
[2026-02-19T23:23:00+08:00][info] 返回:{"status":true,"message":"发送完成，成功1个，失败0个[]","data":{"success":[{"group_id":3079998653,"group_link":"https:\/\/t.me\/+4azhFwWhx1czMzE0","type":"megagroup","message":"发送成功","message_id":14504}],"failed":[],"debug":["处理标识符: https:\/\/t.me\/+4azhFwWhx1czMzE0, 清理后: https:\/\/t.me\/+4azhFwWhx1czMzE0, 识别为链接: True, 识别为数字ID: False"],"warning":""},"api_address":"185.165.170.142:5071"}
[2026-02-19T23:23:00+08:00][info] 消息ID缓存成功: task_id=31, group_id=https://t.me/+4azhFwWhx1czMzE0, msg_index=1651, message_id=14504, send_user_id=1883
[2026-02-19T23:23:00+08:00][info] 消息状态标记为已发送: task_id=31, group_id=https://t.me/+4azhFwWhx1czMzE0, msg_index=1651
[2026-02-19T23:23:00+08:00][info] 任务 31 将在 90 秒后继续处理下一条消息，索引: 1652, 实例ID: task_31_index_1652_1771514580.7241
[2026-02-19T23:23:02+08:00][info] 开始处理队列任务: task_id=29, current_index=1646
[2026-02-19T23:23:02+08:00][info] 消息缓存初始化完成: task_id=29, groups=https://t.me/+WZlsKfz1W89jYjE0
[2026-02-19T23:23:02+08:00][info] 任务 29 第 3 次循环，重置群组 https://t.me/+WZlsKfz1W89jYjE0 消息状态
[2026-02-19T23:23:02+08:00][info] 使用当前发送用户 1917 的 session_path/www/wwwroot/tdata.tgbota.top/public/uploads/admin/202601/6960a58a3f18c/13614088258/tdata/temp_8459204347.session
[2026-02-19T23:23:05+08:00][info] 返回:{"status":true,"message":"发送完成，成功1个，失败0个[]","data":{"success":[{"group_id":3780502866,"group_link":"https:\/\/t.me\/+WZlsKfz1W89jYjE0","type":"megagroup","message":"发送成功","message_id":21740}],"failed":[],"debug":["处理标识符: https:\/\/t.me\/+WZlsKfz1W89jYjE0, 清理后: https:\/\/t.me\/+WZlsKfz1W89jYjE0, 识别为链接: True, 识别为数字ID: False"],"warning":""},"api_address":"185.165.170.142:5105"}
[2026-02-19T23:23:05+08:00][info] 消息ID缓存成功: task_id=29, group_id=https://t.me/+WZlsKfz1W89jYjE0, msg_index=1646, message_id=21740, send_user_id=1917
[2026-02-19T23:23:05+08:00][info] 消息状态标记为已发送: task_id=29, group_id=https://t.me/+WZlsKfz1W89jYjE0, msg_index=1646
[2026-02-19T23:23:05+08:00][info] 任务 29 将在 98 秒后继续处理下一条消息，索引: 1647, 实例ID: task_29_index_1647_1771514585.0452
[2026-02-19T23:23:13+08:00][info] 开始处理队列任务: task_id=35, current_index=1731
[2026-02-19T23:23:13+08:00][info] 消息缓存初始化完成: task_id=35, groups=https://t.me/+BrIuI_-gkNhhYTE0
[2026-02-19T23:23:13+08:00][info] 任务 35 第 3 次循环，重置群组 https://t.me/+BrIuI_-gkNhhYTE0 消息状态
[2026-02-19T23:23:13+08:00][info] 使用消息配置中指定的用户 2542 的 session_path/www/wwwroot/tdata.tgbota.top/public/uploads/admin/202602/69862ac4b6550/817041404841/tdata/temp_8193858605.session
[2026-02-19T23:23:15+08:00][info] 返回:{"status":true,"message":"发送完成，成功1个，失败0个[]","data":{"success":[{"group_id":3646934744,"group_link":"https:\/\/t.me\/+BrIuI_-gkNhhYTE0","type":"megagroup","message":"发送成功","message_id":10315}],"failed":[],"debug":["处理标识符: https:\/\/t.me\/+BrIuI_-gkNhhYTE0, 清理后: https:\/\/t.me\/+BrIuI_-gkNhhYTE0, 识别为链接: True, 识别为数字ID: False"],"warning":""},"api_address":"185.165.170.142:5126"}
[2026-02-19T23:23:15+08:00][info] 消息ID缓存成功: task_id=35, group_id=https://t.me/+BrIuI_-gkNhhYTE0, msg_index=1731, message_id=10315, send_user_id=2542
[2026-02-19T23:23:15+08:00][info] 消息状态标记为已发送: task_id=35, group_id=https://t.me/+BrIuI_-gkNhhYTE0, msg_index=1731
[2026-02-19T23:23:15+08:00][info] 任务 35 将在 92 秒后继续处理下一条消息，索引: 1732, 实例ID: task_35_index_1732_1771514595.2439
[2026-02-19T23:23:16+08:00][info] 开始处理队列任务: task_id=36, current_index=1682
[2026-02-19T23:23:16+08:00][info] 消息缓存初始化完成: task_id=36, groups=https://t.me/+o12qlRNkdiViMjE0
[2026-02-19T23:23:16+08:00][info] 任务 36 第 3 次循环，重置群组 https://t.me/+o12qlRNkdiViMjE0 消息状态
[2026-02-19T23:23:16+08:00][info] 从数据库获取用户 2486 的 session_path
[2026-02-19T23:23:18+08:00][info] 返回:{"status":true,"message":"发送完成，成功1个，失败0个[]","data":{"success":[{"group_id":3479387283,"group_link":"https:\/\/t.me\/+o12qlRNkdiViMjE0","type":"megagroup","message":"发送成功","message_id":10327}],"failed":[],"debug":["处理标识符: https:\/\/t.me\/+o12qlRNkdiViMjE0, 清理后: https:\/\/t.me\/+o12qlRNkdiViMjE0, 识别为链接: True, 识别为数字ID: False"],"warning":""},"api_address":"185.165.170.142:5070"}
[2026-02-19T23:23:18+08:00][info] 消息ID缓存成功: task_id=36, group_id=https://t.me/+o12qlRNkdiViMjE0, msg_index=1682, message_id=10327, send_user_id=2486
[2026-02-19T23:23:18+08:00][info] 消息状态标记为已发送: task_id=36, group_id=https://t.me/+o12qlRNkdiViMjE0, msg_index=1682
[2026-02-19T23:23:18+08:00][info] 任务 36 将在 98 秒后继续处理下一条消息，索引: 1683, 实例ID: task_36_index_1683_1771514598.8707
[2026-02-19T23:23:24+08:00][info] 开始处理队列任务: task_id=27, current_index=1614
[2026-02-19T23:23:24+08:00][info] 消息缓存初始化完成: task_id=27, groups=https://t.me/+_XaTo9Qrv0VjOTM0
[2026-02-19T23:23:24+08:00][info] 任务 27 第 3 次循环，重置群组 https://t.me/+_XaTo9Qrv0VjOTM0 消息状态
[2026-02-19T23:23:24+08:00][info] 使用消息配置中指定的用户 2321 的 session_path/www/wwwroot/tdata.tgbota.top/public/uploads/admin/202601/6971e94ea480a/16095962724/tdata/temp_8000979247.session
[2026-02-19T23:23:28+08:00][info] 返回:{"status":true,"message":"发送完成，成功1个，失败0个[]","data":{"success":[{"group_id":3649225144,"group_link":"https:\/\/t.me\/+_XaTo9Qrv0VjOTM0","type":"megagroup","message":"发送成功","message_id":33228}],"failed":[],"debug":["处理标识符: https:\/\/t.me\/+_XaTo9Qrv0VjOTM0, 清理后: https:\/\/t.me\/+_XaTo9Qrv0VjOTM0, 识别为链接: True, 识别为数字ID: False","文件1有效: \/www\/wwwroot\/tdata.tgbota.top\/public\/uploads\/admin\/202512\/693ae4d3d3ad1.jpg (87512字节)","发送单个文件: \/www\/wwwroot\/tdata.tgbota.top\/public\/uploads\/admin\/202512\/693ae4d3d3ad1.jpg"],"warning":""},"api_address":"185.165.170.142:5056"}
[2026-02-19T23:23:28+08:00][info] 消息ID缓存成功: task_id=27, group_id=https://t.me/+_XaTo9Qrv0VjOTM0, msg_index=1614, message_id=33228, send_user_id=2321
[2026-02-19T23:23:28+08:00][info] 消息状态标记为已发送: task_id=27, group_id=https://t.me/+_XaTo9Qrv0VjOTM0, msg_index=1614
[2026-02-19T23:23:28+08:00][info] 任务 27 将在 88 秒后继续处理下一条消息，索引: 1615, 实例ID: task_27_index_1615_1771514608.1854
[2026-02-19T23:23:33+08:00][info] 开始处理队列任务: task_id=33, current_index=1518
[2026-02-19T23:23:34+08:00][info] 消息缓存初始化完成: task_id=33, groups=https://t.me/+wcqRUxDn6zczYmM0
[2026-02-19T23:23:34+08:00][info] 任务 33 第 2 次循环，重置群组 https://t.me/+wcqRUxDn6zczYmM0 消息状态
[2026-02-19T23:23:34+08:00][info] 使用消息配置中指定的用户 2497 的 session_path/www/wwwroot/tdata.tgbota.top/public/uploads/admin/202602/69862ac4b6550/817043082239/tdata/temp_8047681055.session
[2026-02-19T23:23:36+08:00][info] 返回:{"status":true,"message":"发送完成，成功1个，失败0个[]","data":{"success":[{"group_id":3658905404,"group_link":"https:\/\/t.me\/+wcqRUxDn6zczYmM0","type":"megagroup","message":"发送成功","message_id":10101}],"failed":[],"debug":["处理标识符: https:\/\/t.me\/+wcqRUxDn6zczYmM0, 清理后: https:\/\/t.me\/+wcqRUxDn6zczYmM0, 识别为链接: True, 识别为数字ID: False","文件1有效: \/www\/wwwroot\/tdata.tgbota.top\/public\/uploads\/admin\/202512\/693ae5dc56522.jpg (33006字节)","发送单个文件: \/www\/wwwroot\/tdata.tgbota.top\/public\/uploads\/admin\/202512\/693ae5dc56522.jpg"],"warning":""},"api_address":"185.165.170.142:5081"}
[2026-02-19T23:23:36+08:00][info] 消息ID缓存成功: task_id=33, group_id=https://t.me/+wcqRUxDn6zczYmM0, msg_index=1518, message_id=10101, send_user_id=2497
[2026-02-19T23:23:36+08:00][info] 消息状态标记为已发送: task_id=33, group_id=https://t.me/+wcqRUxDn6zczYmM0, msg_index=1518
[2026-02-19T23:23:36+08:00][info] 任务 33 将在 128 秒后继续处理下一条消息，索引: 1519, 实例ID: task_33_index_1519_1771514616.0251
[2026-02-19T23:23:36+08:00][info] 开始处理队列任务: task_id=39, current_index=370
[2026-02-19T23:23:36+08:00][info] 使用消息配置中指定的用户 3136 的 session_path/www/wwwroot/tdata.tgbota.top/public/uploads/admin/202602/699625adf380f/14642493983/tdata/temp_8291868899.session
[2026-02-19T23:23:38+08:00][info] 返回:{"status":true,"message":"发送完成，成功1个，失败0个[]","data":{"success":[{"group_id":3770869551,"group_link":"https:\/\/t.me\/+ZpSvBhFQCCEwMzdk","type":"megagroup","message":"发送成功","message_id":523}],"failed":[],"debug":["处理标识符: https:\/\/t.me\/+ZpSvBhFQCCEwMzdk, 清理后: https:\/\/t.me\/+ZpSvBhFQCCEwMzdk, 识别为链接: True, 识别为数字ID: False"],"warning":""},"api_address":"185.165.170.142:5001"}
[2026-02-19T23:23:38+08:00][info] 消息ID缓存成功: task_id=39, group_id=https://t.me/+ZpSvBhFQCCEwMzdk, msg_index=370, message_id=523, send_user_id=3136
[2026-02-19T23:23:38+08:00][info] 消息状态标记为已发送: task_id=39, group_id=https://t.me/+ZpSvBhFQCCEwMzdk, msg_index=370
[2026-02-19T23:23:38+08:00][info] 任务 39 将在 82 秒后继续处理下一条消息，索引: 371, 实例ID: task_39_index_371_1771514618.6755
[2026-02-19T23:24:02+08:00][info] 开始处理队列任务: task_id=25, current_index=1646
[2026-02-19T23:24:02+08:00][info] 消息缓存初始化完成: task_id=25, groups=https://t.me/+HZFEhfAwKjhmZDZk
[2026-02-19T23:24:02+08:00][info] 任务 25 第 3 次循环，重置群组 https://t.me/+HZFEhfAwKjhmZDZk 消息状态
[2026-02-19T23:24:02+08:00][info] 使用当前发送用户 1917 的 session_path/www/wwwroot/tdata.tgbota.top/public/uploads/admin/202601/6960a58a3f18c/13614088258/tdata/temp_8459204347.session
[2026-02-19T23:24:04+08:00][info] 返回:{"status":true,"message":"发送完成，成功1个，失败0个[]","data":{"success":[{"group_id":3482989339,"group_link":"https:\/\/t.me\/+HZFEhfAwKjhmZDZk","type":"megagroup","message":"发送成功","message_id":30200}],"failed":[],"debug":["处理标识符: https:\/\/t.me\/+HZFEhfAwKjhmZDZk, 清理后: https:\/\/t.me\/+HZFEhfAwKjhmZDZk, 识别为链接: True, 识别为数字ID: False"],"warning":""},"api_address":"185.165.170.142:5105"}
[2026-02-19T23:24:04+08:00][info] 消息ID缓存成功: task_id=25, group_id=https://t.me/+HZFEhfAwKjhmZDZk, msg_index=1646, message_id=30200, send_user_id=1917
[2026-02-19T23:24:04+08:00][info] 消息状态标记为已发送: task_id=25, group_id=https://t.me/+HZFEhfAwKjhmZDZk, msg_index=1646
[2026-02-19T23:24:04+08:00][info] 任务 25 将在 98 秒后继续处理下一条消息，索引: 1647, 实例ID: task_25_index_1647_1771514644.8867
[2026-02-19T23:24:05+08:00][info] 开始处理队列任务: task_id=38, current_index=371
[2026-02-19T23:24:06+08:00][info] 使用消息配置中指定的用户 3128 的 session_path/www/wwwroot/tdata.tgbota.top/public/uploads/admin/202602/699625adf380f/14642493399/tdata/temp_8148584704.session
[2026-02-19T23:24:08+08:00][info] 返回:{"status":true,"message":"发送完成，成功1个，失败0个[]","data":{"success":[{"group_id":3794396962,"group_link":"https:\/\/t.me\/+69dYKDni-wFmYWE0","type":"megagroup","message":"发送成功","message_id":524}],"failed":[],"debug":["处理标识符: https:\/\/t.me\/+69dYKDni-wFmYWE0, 清理后: https:\/\/t.me\/+69dYKDni-wFmYWE0, 识别为链接: True, 识别为数字ID: False"],"warning":""},"api_address":"185.165.170.142:5144"}
[2026-02-19T23:24:08+08:00][info] 消息ID缓存成功: task_id=38, group_id=https://t.me/+69dYKDni-wFmYWE0, msg_index=371, message_id=524, send_user_id=3128
[2026-02-19T23:24:08+08:00][info] 消息状态标记为已发送: task_id=38, group_id=https://t.me/+69dYKDni-wFmYWE0, msg_index=371
[2026-02-19T23:24:08+08:00][info] 任务 38 将在 79 秒后继续处理下一条消息，索引: 372, 实例ID: task_38_index_372_1771514648.7309
[2026-02-19T23:24:10+08:00][info] 开始处理队列任务: task_id=37, current_index=1719
[2026-02-19T23:24:10+08:00][info] 消息缓存初始化完成: task_id=37, groups=https://t.me/+DUAGbZI5vW41NWI8
[2026-02-19T23:24:10+08:00][info] 任务 37 第 3 次循环，重置群组 https://t.me/+DUAGbZI5vW41NWI8 消息状态
[2026-02-19T23:24:10+08:00][info] 使用消息配置中指定的用户 2552 的 session_path/www/wwwroot/tdata.tgbota.top/public/uploads/admin/202602/69862ac4b6550/818013400332/tdata/temp_8340289619.session
[2026-02-19T23:24:12+08:00][info] 返回:{"status":true,"message":"发送完成，成功1个，失败0个[]","data":{"success":[{"group_id":3732578862,"group_link":"https:\/\/t.me\/+DUAGbZI5vW41NWI8","type":"megagroup","message":"发送成功","message_id":8493}],"failed":[],"debug":["处理标识符: https:\/\/t.me\/+DUAGbZI5vW41NWI8, 清理后: https:\/\/t.me\/+DUAGbZI5vW41NWI8, 识别为链接: True, 识别为数字ID: False"],"warning":""},"api_address":"185.165.170.142:5136"}
[2026-02-19T23:24:12+08:00][info] 消息ID缓存成功: task_id=37, group_id=https://t.me/+DUAGbZI5vW41NWI8, msg_index=1719, message_id=8493, send_user_id=2552
[2026-02-19T23:24:12+08:00][info] 消息状态标记为已发送: task_id=37, group_id=https://t.me/+DUAGbZI5vW41NWI8, msg_index=1719
[2026-02-19T23:24:12+08:00][info] 任务 37 将在 90 秒后继续处理下一条消息，索引: 1720, 实例ID: task_37_index_1720_1771514652.259
[2026-02-19T23:24:21+08:00][info] 开始处理队列任务: task_id=40, current_index=369
[2026-02-19T23:24:21+08:00][info] 使用消息配置中指定的用户 3071 的 session_path/www/wwwroot/tdata.tgbota.top/public/uploads/admin/202602/699625adf380f/14795407983/tdata/temp_8599781545.session
[2026-02-19T23:24:22+08:00][info] 开始处理队列任务: task_id=28, current_index=1651
[2026-02-19T23:24:22+08:00][info] 消息缓存初始化完成: task_id=28, groups=https://t.me/+Hg62NsrbOCZmZmY8
[2026-02-19T23:24:22+08:00][info] 任务 28 第 3 次循环，重置群组 https://t.me/+Hg62NsrbOCZmZmY8 消息状态
[2026-02-19T23:24:22+08:00][info] 使用当前发送用户 1883 的 session_path/www/wwwroot/tdata.tgbota.top/public/uploads/admin/202601/6960a58a3f18c/13613138502/tdata/temp_8259534722.session
[2026-02-19T23:24:23+08:00][info] 返回:{"status":true,"message":"发送完成，成功1个，失败0个[]","data":{"success":[{"group_id":3799666589,"group_link":"https:\/\/t.me\/+IfyZ_OVthdI5YzNk","type":"megagroup","message":"发送成功","message_id":523}],"failed":[],"debug":["处理标识符: https:\/\/t.me\/+IfyZ_OVthdI5YzNk, 清理后: https:\/\/t.me\/+IfyZ_OVthdI5YzNk, 识别为链接: True, 识别为数字ID: False"],"warning":""},"api_address":"185.165.170.142:5087"}
[2026-02-19T23:24:23+08:00][info] 消息ID缓存成功: task_id=40, group_id=https://t.me/+IfyZ_OVthdI5YzNk, msg_index=369, message_id=523, send_user_id=3071
[2026-02-19T23:24:23+08:00][info] 消息状态标记为已发送: task_id=40, group_id=https://t.me/+IfyZ_OVthdI5YzNk, msg_index=369
[2026-02-19T23:24:23+08:00][info] 任务 40 将在 77 秒后继续处理下一条消息，索引: 370, 实例ID: task_40_index_370_1771514663.8091
[2026-02-19T23:24:24+08:00][info] 返回:{"status":true,"message":"发送完成，成功1个，失败0个[]","data":{"success":[{"group_id":3657218256,"group_link":"https:\/\/t.me\/+Hg62NsrbOCZmZmY8","type":"megagroup","message":"发送成功","message_id":21682}],"failed":[],"debug":["处理标识符: https:\/\/t.me\/+Hg62NsrbOCZmZmY8, 清理后: https:\/\/t.me\/+Hg62NsrbOCZmZmY8, 识别为链接: True, 识别为数字ID: False"],"warning":""},"api_address":"185.165.170.142:5071"}
[2026-02-19T23:24:24+08:00][info] 消息ID缓存成功: task_id=28, group_id=https://t.me/+Hg62NsrbOCZmZmY8, msg_index=1651, message_id=21682, send_user_id=1883
[2026-02-19T23:24:24+08:00][info] 消息状态标记为已发送: task_id=28, group_id=https://t.me/+Hg62NsrbOCZmZmY8, msg_index=1651
[2026-02-19T23:24:24+08:00][info] 任务 28 将在 90 秒后继续处理下一条消息，索引: 1652, 实例ID: task_28_index_1652_1771514664.9853
[2026-02-19T23:24:30+08:00][info] 开始处理队列任务: task_id=31, current_index=1652
[2026-02-19T23:24:31+08:00][info] 消息缓存初始化完成: task_id=31, groups=https://t.me/+4azhFwWhx1czMzE0
[2026-02-19T23:24:31+08:00][info] 任务 31 第 3 次循环，重置群组 https://t.me/+4azhFwWhx1czMzE0 消息状态
[2026-02-19T23:24:31+08:00][info] 使用消息配置中指定的用户 2334 的 session_path/www/wwwroot/tdata.tgbota.top/public/uploads/admin/202601/6971e94ea480a/16076990831/tdata/temp_8339029543.session
[2026-02-19T23:24:33+08:00][info] 返回:{"status":true,"message":"发送完成，成功1个，失败0个[]","data":{"success":[{"group_id":3079998653,"group_link":"https:\/\/t.me\/+4azhFwWhx1czMzE0","type":"megagroup","message":"发送成功","message_id":14505}],"failed":[],"debug":["处理标识符: https:\/\/t.me\/+4azhFwWhx1czMzE0, 清理后: https:\/\/t.me\/+4azhFwWhx1czMzE0, 识别为链接: True, 识别为数字ID: False"],"warning":""},"api_address":"185.165.170.142:5069"}
[2026-02-19T23:24:33+08:00][info] 消息ID缓存成功: task_id=31, group_id=https://t.me/+4azhFwWhx1czMzE0, msg_index=1652, message_id=14505, send_user_id=2334
[2026-02-19T23:24:33+08:00][info] 消息状态标记为已发送: task_id=31, group_id=https://t.me/+4azhFwWhx1czMzE0, msg_index=1652
[2026-02-19T23:24:33+08:00][info] 任务 31 将在 95 秒后继续处理下一条消息，索引: 1653, 实例ID: task_31_index_1653_1771514673.7682
[2026-02-19T23:24:43+08:00][info] 开始处理队列任务: task_id=29, current_index=1647
[2026-02-19T23:24:43+08:00][info] 消息缓存初始化完成: task_id=29, groups=https://t.me/+WZlsKfz1W89jYjE0
[2026-02-19T23:24:43+08:00][info] 任务 29 第 3 次循环，重置群组 https://t.me/+WZlsKfz1W89jYjE0 消息状态
[2026-02-19T23:24:43+08:00][info] 使用当前发送用户 1937 的 session_path/www/wwwroot/tdata.tgbota.top/public/uploads/admin/202601/6960a58a3f18c/13609686297/tdata/temp_8311295032.session
[2026-02-19T23:24:45+08:00][info] 返回:{"status":true,"message":"发送完成，成功1个，失败0个[]","data":{"success":[{"group_id":3780502866,"group_link":"https:\/\/t.me\/+WZlsKfz1W89jYjE0","type":"megagroup","message":"发送成功","message_id":21741}],"failed":[],"debug":["处理标识符: https:\/\/t.me\/+WZlsKfz1W89jYjE0, 清理后: https:\/\/t.me\/+WZlsKfz1W89jYjE0, 识别为链接: True, 识别为数字ID: False"],"warning":""},"api_address":"185.165.170.142:5125"}
[2026-02-19T23:24:45+08:00][info] 消息ID缓存成功: task_id=29, group_id=https://t.me/+WZlsKfz1W89jYjE0, msg_index=1647, message_id=21741, send_user_id=1937
[2026-02-19T23:24:45+08:00][info] 消息状态标记为已发送: task_id=29, group_id=https://t.me/+WZlsKfz1W89jYjE0, msg_index=1647
[2026-02-19T23:24:45+08:00][info] 任务 29 将在 102 秒后继续处理下一条消息，索引: 1648, 实例ID: task_29_index_1648_1771514685.819
[2026-02-19T23:24:47+08:00][info] 开始处理队列任务: task_id=35, current_index=1732
[2026-02-19T23:24:48+08:00][info] 消息缓存初始化完成: task_id=35, groups=https://t.me/+BrIuI_-gkNhhYTE0
[2026-02-19T23:24:48+08:00][info] 任务 35 第 3 次循环，重置群组 https://t.me/+BrIuI_-gkNhhYTE0 消息状态
[2026-02-19T23:24:48+08:00][info] 使用消息配置中指定的用户 2543 的 session_path/www/wwwroot/tdata.tgbota.top/public/uploads/admin/202602/69862ac4b6550/817044999396/tdata/temp_8280985047.session
[2026-02-19T23:24:50+08:00][info] 返回:{"status":true,"message":"发送完成，成功1个，失败0个[]","data":{"success":[{"group_id":3646934744,"group_link":"https:\/\/t.me\/+BrIuI_-gkNhhYTE0","type":"megagroup","message":"发送成功","message_id":10316}],"failed":[],"debug":["处理标识符: https:\/\/t.me\/+BrIuI_-gkNhhYTE0, 清理后: https:\/\/t.me\/+BrIuI_-gkNhhYTE0, 识别为链接: True, 识别为数字ID: False"],"warning":""},"api_address":"185.165.170.142:5127"}
[2026-02-19T23:24:50+08:00][info] 消息ID缓存成功: task_id=35, group_id=https://t.me/+BrIuI_-gkNhhYTE0, msg_index=1732, message_id=10316, send_user_id=2543
[2026-02-19T23:24:50+08:00][info] 消息状态标记为已发送: task_id=35, group_id=https://t.me/+BrIuI_-gkNhhYTE0, msg_index=1732
[2026-02-19T23:24:50+08:00][info] 任务 35 将在 102 秒后继续处理下一条消息，索引: 1733, 实例ID: task_35_index_1733_1771514690.0844
[2026-02-19T23:24:52+08:00][info] 开始处理队列任务: task_id=34, current_index=1519
[2026-02-19T23:24:52+08:00][info] 消息缓存初始化完成: task_id=34, groups=https://t.me/+CUyn8iqnQwEzNDY0
[2026-02-19T23:24:52+08:00][info] 任务 34 第 2 次循环，重置群组 https://t.me/+CUyn8iqnQwEzNDY0 消息状态
[2026-02-19T23:24:52+08:00][info] 使用消息配置中指定的用户 2542 的 session_path/www/wwwroot/tdata.tgbota.top/public/uploads/admin/202602/69862ac4b6550/817041404841/tdata/temp_8193858605.session
[2026-02-19T23:24:54+08:00][info] 返回:{"status":true,"message":"发送完成，成功1个，失败0个[]","data":{"success":[{"group_id":3719450736,"group_link":"https:\/\/t.me\/+CUyn8iqnQwEzNDY0","type":"megagroup","message":"发送成功","message_id":10263}],"failed":[],"debug":["处理标识符: https:\/\/t.me\/+CUyn8iqnQwEzNDY0, 清理后: https:\/\/t.me\/+CUyn8iqnQwEzNDY0, 识别为链接: True, 识别为数字ID: False"],"warning":""},"api_address":"185.165.170.142:5126"}
[2026-02-19T23:24:54+08:00][info] 消息ID缓存成功: task_id=34, group_id=https://t.me/+CUyn8iqnQwEzNDY0, msg_index=1519, message_id=10263, send_user_id=2542
[2026-02-19T23:24:54+08:00][info] 消息状态标记为已发送: task_id=34, group_id=https://t.me/+CUyn8iqnQwEzNDY0, msg_index=1519
[2026-02-19T23:24:54+08:00][info] 任务 34 将在 80 秒后继续处理下一条消息，索引: 1520, 实例ID: task_34_index_1520_1771514694.7814
[2026-02-19T23:24:56+08:00][info] 开始处理队列任务: task_id=27, current_index=1615
[2026-02-19T23:24:56+08:00][info] 开始处理队列任务: task_id=36, current_index=1683
[2026-02-19T23:24:56+08:00][info] 消息缓存初始化完成: task_id=27, groups=https://t.me/+_XaTo9Qrv0VjOTM0
[2026-02-19T23:24:56+08:00][info] 任务 27 第 3 次循环，重置群组 https://t.me/+_XaTo9Qrv0VjOTM0 消息状态
[2026-02-19T23:24:56+08:00][info] 消息缓存初始化完成: task_id=36, groups=https://t.me/+o12qlRNkdiViMjE0
[2026-02-19T23:24:56+08:00][info] 任务 36 第 3 次循环，重置群组 https://t.me/+o12qlRNkdiViMjE0 消息状态
[2026-02-19T23:24:56+08:00][info] 使用消息配置中指定的用户 2329 的 session_path/www/wwwroot/tdata.tgbota.top/public/uploads/admin/202601/6971e94ea480a/16156946690/tdata/temp_8306595883.session
[2026-02-19T23:24:56+08:00][info] 使用消息配置中指定的用户 2477 的 session_path/www/wwwroot/tdata.tgbota.top/public/uploads/admin/202602/69862ac4b6550/818015259576/tdata/temp_7587423688.session
[2026-02-19T23:24:58+08:00][info] 返回:{"status":true,"message":"发送完成，成功1个，失败0个[]","data":{"success":[{"group_id":3479387283,"group_link":"https:\/\/t.me\/+o12qlRNkdiViMjE0","type":"megagroup","message":"发送成功","message_id":10328}],"failed":[],"debug":["处理标识符: https:\/\/t.me\/+o12qlRNkdiViMjE0, 清理后: https:\/\/t.me\/+o12qlRNkdiViMjE0, 识别为链接: True, 识别为数字ID: False"],"warning":""},"api_address":"185.165.170.142:5061"}
[2026-02-19T23:24:58+08:00][info] 消息ID缓存成功: task_id=36, group_id=https://t.me/+o12qlRNkdiViMjE0, msg_index=1683, message_id=10328, send_user_id=2477
[2026-02-19T23:24:58+08:00][info] 消息状态标记为已发送: task_id=36, group_id=https://t.me/+o12qlRNkdiViMjE0, msg_index=1683
[2026-02-19T23:24:58+08:00][info] 任务 36 将在 108 秒后继续处理下一条消息，索引: 1684, 实例ID: task_36_index_1684_1771514698.4184
[2026-02-19T23:24:58+08:00][info] 返回:{"status":true,"message":"发送完成，成功1个，失败0个[]","data":{"success":[{"group_id":3649225144,"group_link":"https:\/\/t.me\/+_XaTo9Qrv0VjOTM0","type":"megagroup","message":"发送成功","message_id":33229}],"failed":[],"debug":["处理标识符: https:\/\/t.me\/+_XaTo9Qrv0VjOTM0, 清理后: https:\/\/t.me\/+_XaTo9Qrv0VjOTM0, 识别为链接: True, 识别为数字ID: False"],"warning":""},"api_address":"185.165.170.142:5064"}
[2026-02-19T23:24:58+08:00][info] 消息ID缓存成功: task_id=27, group_id=https://t.me/+_XaTo9Qrv0VjOTM0, msg_index=1615, message_id=33229, send_user_id=2329
[2026-02-19T23:24:58+08:00][info] 消息状态标记为已发送: task_id=27, group_id=https://t.me/+_XaTo9Qrv0VjOTM0, msg_index=1615
[2026-02-19T23:24:59+08:00][info] 任务 27 将在 108 秒后继续处理下一条消息，索引: 1616, 实例ID: task_27_index_1616_1771514699.004
[2026-02-19T23:25:00+08:00][info] 开始处理队列任务: task_id=39, current_index=371
[2026-02-19T23:25:01+08:00][info] 使用消息配置中指定的用户 3128 的 session_path/www/wwwroot/tdata.tgbota.top/public/uploads/admin/202602/699625adf380f/14642493399/tdata/temp_8148584704.session
[2026-02-19T23:25:04+08:00][info] 返回:{"status":true,"message":"发送完成，成功1个，失败0个[]","data":{"success":[{"group_id":3770869551,"group_link":"https:\/\/t.me\/+ZpSvBhFQCCEwMzdk","type":"megagroup","message":"发送成功","message_id":524}],"failed":[],"debug":["处理标识符: https:\/\/t.me\/+ZpSvBhFQCCEwMzdk, 清理后: https:\/\/t.me\/+ZpSvBhFQCCEwMzdk, 识别为链接: True, 识别为数字ID: False"],"warning":""},"api_address":"185.165.170.142:5144"}
[2026-02-19T23:25:04+08:00][info] 消息ID缓存成功: task_id=39, group_id=https://t.me/+ZpSvBhFQCCEwMzdk, msg_index=371, message_id=524, send_user_id=3128
[2026-02-19T23:25:04+08:00][info] 消息状态标记为已发送: task_id=39, group_id=https://t.me/+ZpSvBhFQCCEwMzdk, msg_index=371
[2026-02-19T23:25:04+08:00][info] 任务 39 将在 79 秒后继续处理下一条消息，索引: 372, 实例ID: task_39_index_372_1771514704.2185
[2026-02-19T23:25:27+08:00][info] 开始处理队列任务: task_id=38, current_index=372
[2026-02-19T23:25:27+08:00][info] 使用feedbackType=372的消息ID: 524
[2026-02-19T23:25:27+08:00][info] 从数据库获取用户 3062 的 session_path
[2026-02-19T23:25:30+08:00][info] 返回:{"status":true,"message":"发送完成，成功1个，失败0个[]","data":{"success":[{"group_id":3794396962,"group_link":"https:\/\/t.me\/+69dYKDni-wFmYWE0","type":"megagroup","message":"发送成功","message_id":525}],"failed":[],"debug":["处理标识符: https:\/\/t.me\/+69dYKDni-wFmYWE0, 清理后: https:\/\/t.me\/+69dYKDni-wFmYWE0, 识别为链接: True, 识别为数字ID: False"],"warning":""},"api_address":"185.165.170.142:5078"}
[2026-02-19T23:25:30+08:00][info] 消息ID缓存成功: task_id=38, group_id=https://t.me/+69dYKDni-wFmYWE0, msg_index=372, message_id=525, send_user_id=3062
[2026-02-19T23:25:30+08:00][info] 消息状态标记为已发送: task_id=38, group_id=https://t.me/+69dYKDni-wFmYWE0, msg_index=372
[2026-02-19T23:25:30+08:00][info] 任务 38 将在 89 秒后继续处理下一条消息，索引: 373, 实例ID: task_38_index_373_1771514730.7653
[2026-02-19T23:25:40+08:00][info] 开始处理队列任务: task_id=40, current_index=370
[2026-02-19T23:25:40+08:00][info] 使用消息配置中指定的用户 3136 的 session_path/www/wwwroot/tdata.tgbota.top/public/uploads/admin/202602/699625adf380f/14642493983/tdata/temp_8291868899.session
[2026-02-19T23:25:42+08:00][info] 开始处理队列任务: task_id=25, current_index=1647
[2026-02-19T23:25:42+08:00][info] 开始处理队列任务: task_id=37, current_index=1720
[2026-02-19T23:25:43+08:00][info] 消息缓存初始化完成: task_id=25, groups=https://t.me/+HZFEhfAwKjhmZDZk
[2026-02-19T23:25:43+08:00][info] 任务 25 第 3 次循环，重置群组 https://t.me/+HZFEhfAwKjhmZDZk 消息状态
[2026-02-19T23:25:43+08:00][info] 返回:{"status":true,"message":"发送完成，成功1个，失败0个[]","data":{"success":[{"group_id":3799666589,"group_link":"https:\/\/t.me\/+IfyZ_OVthdI5YzNk","type":"megagroup","message":"发送成功","message_id":524}],"failed":[],"debug":["处理标识符: https:\/\/t.me\/+IfyZ_OVthdI5YzNk, 清理后: https:\/\/t.me\/+IfyZ_OVthdI5YzNk, 识别为链接: True, 识别为数字ID: False"],"warning":""},"api_address":"185.165.170.142:5001"}
[2026-02-19T23:25:43+08:00][info] 消息ID缓存成功: task_id=40, group_id=https://t.me/+IfyZ_OVthdI5YzNk, msg_index=370, message_id=524, send_user_id=3136
[2026-02-19T23:25:43+08:00][info] 消息状态标记为已发送: task_id=40, group_id=https://t.me/+IfyZ_OVthdI5YzNk, msg_index=370
[2026-02-19T23:25:43+08:00][info] 使用当前发送用户 1937 的 session_path/www/wwwroot/tdata.tgbota.top/public/uploads/admin/202601/6960a58a3f18c/13609686297/tdata/temp_8311295032.session
[2026-02-19T23:25:43+08:00][info] 任务 40 将在 82 秒后继续处理下一条消息，索引: 371, 实例ID: task_40_index_371_1771514743.0698
[2026-02-19T23:25:43+08:00][info] 消息缓存初始化完成: task_id=37, groups=https://t.me/+DUAGbZI5vW41NWI8
[2026-02-19T23:25:43+08:00][info] 任务 37 第 3 次循环，重置群组 https://t.me/+DUAGbZI5vW41NWI8 消息状态
[2026-02-19T23:25:43+08:00][info] 使用feedbackType=1720的消息ID: 8493
[2026-02-19T23:25:43+08:00][info] 从数据库获取用户 2551 的 session_path
[2026-02-19T23:25:44+08:00][info] 开始处理队列任务: task_id=33, current_index=1519
[2026-02-19T23:25:44+08:00][info] 消息缓存初始化完成: task_id=33, groups=https://t.me/+wcqRUxDn6zczYmM0
[2026-02-19T23:25:44+08:00][info] 任务 33 第 2 次循环，重置群组 https://t.me/+wcqRUxDn6zczYmM0 消息状态
[2026-02-19T23:25:44+08:00][info] 使用消息配置中指定的用户 2542 的 session_path/www/wwwroot/tdata.tgbota.top/public/uploads/admin/202602/69862ac4b6550/817041404841/tdata/temp_8193858605.session
[2026-02-19T23:25:45+08:00][info] 返回:{"status":true,"message":"发送完成，成功1个，失败0个[]","data":{"success":[{"group_id":3732578862,"group_link":"https:\/\/t.me\/+DUAGbZI5vW41NWI8","type":"megagroup","message":"发送成功","message_id":8494}],"failed":[],"debug":["处理标识符: https:\/\/t.me\/+DUAGbZI5vW41NWI8, 清理后: https:\/\/t.me\/+DUAGbZI5vW41NWI8, 识别为链接: True, 识别为数字ID: False"],"warning":""},"api_address":"185.165.170.142:5135"}
[2026-02-19T23:25:45+08:00][info] 消息ID缓存成功: task_id=37, group_id=https://t.me/+DUAGbZI5vW41NWI8, msg_index=1720, message_id=8494, send_user_id=2551
[2026-02-19T23:25:45+08:00][info] 消息状态标记为已发送: task_id=37, group_id=https://t.me/+DUAGbZI5vW41NWI8, msg_index=1720
[2026-02-19T23:25:45+08:00][info] 任务 37 将在 100 秒后继续处理下一条消息，索引: 1721, 实例ID: task_37_index_1721_1771514745.8045
[2026-02-19T23:25:45+08:00][info] 返回:{"status":true,"message":"发送完成，成功1个，失败0个[]","data":{"success":[{"group_id":3482989339,"group_link":"https:\/\/t.me\/+HZFEhfAwKjhmZDZk","type":"megagroup","message":"发送成功","message_id":30201}],"failed":[],"debug":["处理标识符: https:\/\/t.me\/+HZFEhfAwKjhmZDZk, 清理后: https:\/\/t.me\/+HZFEhfAwKjhmZDZk, 识别为链接: True, 识别为数字ID: False"],"warning":""},"api_address":"185.165.170.142:5125"}
[2026-02-19T23:25:45+08:00][info] 消息ID缓存成功: task_id=25, group_id=https://t.me/+HZFEhfAwKjhmZDZk, msg_index=1647, message_id=30201, send_user_id=1937
[2026-02-19T23:25:45+08:00][info] 消息状态标记为已发送: task_id=25, group_id=https://t.me/+HZFEhfAwKjhmZDZk, msg_index=1647
[2026-02-19T23:25:45+08:00][info] 任务 25 将在 102 秒后继续处理下一条消息，索引: 1648, 实例ID: task_25_index_1648_1771514745.9254
[2026-02-19T23:25:46+08:00][info] 返回:{"status":true,"message":"发送完成，成功1个，失败0个[]","data":{"success":[{"group_id":3658905404,"group_link":"https:\/\/t.me\/+wcqRUxDn6zczYmM0","type":"megagroup","message":"发送成功","message_id":10102}],"failed":[],"debug":["处理标识符: https:\/\/t.me\/+wcqRUxDn6zczYmM0, 清理后: https:\/\/t.me\/+wcqRUxDn6zczYmM0, 识别为链接: True, 识别为数字ID: False"],"warning":""},"api_address":"185.165.170.142:5126"}
[2026-02-19T23:25:46+08:00][info] 消息ID缓存成功: task_id=33, group_id=https://t.me/+wcqRUxDn6zczYmM0, msg_index=1519, message_id=10102, send_user_id=2542
[2026-02-19T23:25:46+08:00][info] 消息状态标记为已发送: task_id=33, group_id=https://t.me/+wcqRUxDn6zczYmM0, msg_index=1519
[2026-02-19T23:25:46+08:00][info] 任务 33 将在 80 秒后继续处理下一条消息，索引: 1520, 实例ID: task_33_index_1520_1771514746.7029
[2026-02-19T23:25:54+08:00][info] 开始处理队列任务: task_id=28, current_index=1652
[2026-02-19T23:25:55+08:00][info] 消息缓存初始化完成: task_id=28, groups=https://t.me/+Hg62NsrbOCZmZmY8
[2026-02-19T23:25:55+08:00][info] 任务 28 第 3 次循环，重置群组 https://t.me/+Hg62NsrbOCZmZmY8 消息状态
[2026-02-19T23:25:55+08:00][info] 使用消息配置中指定的用户 2334 的 session_path/www/wwwroot/tdata.tgbota.top/public/uploads/admin/202601/6971e94ea480a/16076990831/tdata/temp_8339029543.session
[2026-02-19T23:25:57+08:00][info] 返回:{"status":true,"message":"发送完成，成功1个，失败0个[]","data":{"success":[{"group_id":3657218256,"group_link":"https:\/\/t.me\/+Hg62NsrbOCZmZmY8","type":"megagroup","message":"发送成功","message_id":21683}],"failed":[],"debug":["处理标识符: https:\/\/t.me\/+Hg62NsrbOCZmZmY8, 清理后: https:\/\/t.me\/+Hg62NsrbOCZmZmY8, 识别为链接: True, 识别为数字ID: False"],"warning":""},"api_address":"185.165.170.142:5069"}
[2026-02-19T23:25:57+08:00][info] 消息ID缓存成功: task_id=28, group_id=https://t.me/+Hg62NsrbOCZmZmY8, msg_index=1652, message_id=21683, send_user_id=2334
[2026-02-19T23:25:57+08:00][info] 消息状态标记为已发送: task_id=28, group_id=https://t.me/+Hg62NsrbOCZmZmY8, msg_index=1652
[2026-02-19T23:25:57+08:00][info] 任务 28 将在 95 秒后继续处理下一条消息，索引: 1653, 实例ID: task_28_index_1653_1771514757.6065
[2026-02-19T23:26:09+08:00][info] 开始处理队列任务: task_id=31, current_index=1653
[2026-02-19T23:26:09+08:00][info] 消息缓存初始化完成: task_id=31, groups=https://t.me/+4azhFwWhx1czMzE0
[2026-02-19T23:26:09+08:00][info] 任务 31 第 3 次循环，重置群组 https://t.me/+4azhFwWhx1czMzE0 消息状态
[2026-02-19T23:26:09+08:00][info] 使用当前发送用户 1861 的 session_path/www/wwwroot/tdata.tgbota.top/public/uploads/admin/202601/6960a58a3f18c/13613382009/tdata/temp_8301755997.session
[2026-02-19T23:26:12+08:00][info] 返回:{"status":true,"message":"发送完成，成功1个，失败0个[]","data":{"success":[{"group_id":3079998653,"group_link":"https:\/\/t.me\/+4azhFwWhx1czMzE0","type":"megagroup","message":"发送成功","message_id":14506}],"failed":[],"debug":["处理标识符: https:\/\/t.me\/+4azhFwWhx1czMzE0, 清理后: https:\/\/t.me\/+4azhFwWhx1czMzE0, 识别为链接: True, 识别为数字ID: False"],"warning":""},"api_address":"185.165.170.142:5049"}
[2026-02-19T23:26:12+08:00][info] 消息ID缓存成功: task_id=31, group_id=https://t.me/+4azhFwWhx1czMzE0, msg_index=1653, message_id=14506, send_user_id=1861
[2026-02-19T23:26:12+08:00][info] 消息状态标记为已发送: task_id=31, group_id=https://t.me/+4azhFwWhx1czMzE0, msg_index=1653
[2026-02-19T23:26:12+08:00][info] 任务 31 将在 109 秒后继续处理下一条消息，索引: 1654, 实例ID: task_31_index_1654_1771514772.4237
[2026-02-19T23:26:15+08:00][info] 开始处理队列任务: task_id=34, current_index=1520
[2026-02-19T23:26:15+08:00][info] 消息缓存初始化完成: task_id=34, groups=https://t.me/+CUyn8iqnQwEzNDY0
[2026-02-19T23:26:15+08:00][info] 任务 34 第 2 次循环，重置群组 https://t.me/+CUyn8iqnQwEzNDY0 消息状态
[2026-02-19T23:26:15+08:00][info] 使用消息配置中指定的用户 2542 的 session_path/www/wwwroot/tdata.tgbota.top/public/uploads/admin/202602/69862ac4b6550/817041404841/tdata/temp_8193858605.session
[2026-02-19T23:26:17+08:00][info] 返回:{"status":true,"message":"发送完成，成功1个，失败0个[]","data":{"success":[{"group_id":3719450736,"group_link":"https:\/\/t.me\/+CUyn8iqnQwEzNDY0","type":"megagroup","message":"发送成功","message_id":10264}],"failed":[],"debug":["处理标识符: https:\/\/t.me\/+CUyn8iqnQwEzNDY0, 清理后: https:\/\/t.me\/+CUyn8iqnQwEzNDY0, 识别为链接: True, 识别为数字ID: False"],"warning":""},"api_address":"185.165.170.142:5126"}
[2026-02-19T23:26:17+08:00][info] 消息ID缓存成功: task_id=34, group_id=https://t.me/+CUyn8iqnQwEzNDY0, msg_index=1520, message_id=10264, send_user_id=2542
[2026-02-19T23:26:17+08:00][info] 消息状态标记为已发送: task_id=34, group_id=https://t.me/+CUyn8iqnQwEzNDY0, msg_index=1520
[2026-02-19T23:26:17+08:00][info] 任务 34 将在 90 秒后继续处理下一条消息，索引: 1521, 实例ID: task_34_index_1521_1771514777.6294
[2026-02-19T23:26:23+08:00][info] 开始处理队列任务: task_id=39, current_index=372
[2026-02-19T23:26:23+08:00][info] 使用feedbackType=372的消息ID: 524
[2026-02-19T23:26:23+08:00][info] 使用消息配置中指定的用户 3062 的 session_path/www/wwwroot/tdata.tgbota.top/public/uploads/admin/202602/699625adf380f/14707317708/tdata/temp_7949247811.session
[2026-02-19T23:26:26+08:00][info] 返回:{"status":true,"message":"发送完成，成功1个，失败0个[]","data":{"success":[{"group_id":3770869551,"group_link":"https:\/\/t.me\/+ZpSvBhFQCCEwMzdk","type":"megagroup","message":"发送成功","message_id":525}],"failed":[],"debug":["处理标识符: https:\/\/t.me\/+ZpSvBhFQCCEwMzdk, 清理后: https:\/\/t.me\/+ZpSvBhFQCCEwMzdk, 识别为链接: True, 识别为数字ID: False"],"warning":""},"api_address":"185.165.170.142:5078"}
[2026-02-19T23:26:26+08:00][info] 消息ID缓存成功: task_id=39, group_id=https://t.me/+ZpSvBhFQCCEwMzdk, msg_index=372, message_id=525, send_user_id=3062
[2026-02-19T23:26:26+08:00][info] 消息状态标记为已发送: task_id=39, group_id=https://t.me/+ZpSvBhFQCCEwMzdk, msg_index=372
[2026-02-19T23:26:26+08:00][info] 任务 39 将在 89 秒后继续处理下一条消息，索引: 373, 实例ID: task_39_index_373_1771514786.692
[2026-02-19T23:26:27+08:00][info] 开始处理队列任务: task_id=29, current_index=1648
[2026-02-19T23:26:28+08:00][info] 消息缓存初始化完成: task_id=29, groups=https://t.me/+WZlsKfz1W89jYjE0
[2026-02-19T23:26:28+08:00][info] 任务 29 第 3 次循环，重置群组 https://t.me/+WZlsKfz1W89jYjE0 消息状态
[2026-02-19T23:26:28+08:00][info] 使用当前发送用户 1883 的 session_path/www/wwwroot/tdata.tgbota.top/public/uploads/admin/202601/6960a58a3f18c/13613138502/tdata/temp_8259534722.session
[2026-02-19T23:26:30+08:00][info] 返回:{"status":true,"message":"发送完成，成功1个，失败0个[]","data":{"success":[{"group_id":3780502866,"group_link":"https:\/\/t.me\/+WZlsKfz1W89jYjE0","type":"megagroup","message":"发送成功","message_id":21742}],"failed":[],"debug":["处理标识符: https:\/\/t.me\/+WZlsKfz1W89jYjE0, 清理后: https:\/\/t.me\/+WZlsKfz1W89jYjE0, 识别为链接: True, 识别为数字ID: False"],"warning":""},"api_address":"185.165.170.142:5071"}
[2026-02-19T23:26:30+08:00][info] 消息ID缓存成功: task_id=29, group_id=https://t.me/+WZlsKfz1W89jYjE0, msg_index=1648, message_id=21742, send_user_id=1883
[2026-02-19T23:26:30+08:00][info] 消息状态标记为已发送: task_id=29, group_id=https://t.me/+WZlsKfz1W89jYjE0, msg_index=1648
[2026-02-19T23:26:30+08:00][info] 任务 29 将在 100 秒后继续处理下一条消息，索引: 1649, 实例ID: task_29_index_1649_1771514790.744
[2026-02-19T23:26:32+08:00][info] 开始处理队列任务: task_id=35, current_index=1733
[2026-02-19T23:26:32+08:00][info] 消息缓存初始化完成: task_id=35, groups=https://t.me/+BrIuI_-gkNhhYTE0
[2026-02-19T23:26:32+08:00][info] 任务 35 第 3 次循环，重置群组 https://t.me/+BrIuI_-gkNhhYTE0 消息状态
[2026-02-19T23:26:32+08:00][info] 使用消息配置中指定的用户 2541 的 session_path/www/wwwroot/tdata.tgbota.top/public/uploads/admin/202602/69862ac4b6550/817026198739/tdata/temp_8599376016.session
[2026-02-19T23:26:34+08:00][info] 返回:{"status":true,"message":"发送完成，成功1个，失败0个[]","data":{"success":[{"group_id":3646934744,"group_link":"https:\/\/t.me\/+BrIuI_-gkNhhYTE0","type":"megagroup","message":"发送成功","message_id":10317}],"failed":[],"debug":["处理标识符: https:\/\/t.me\/+BrIuI_-gkNhhYTE0, 清理后: https:\/\/t.me\/+BrIuI_-gkNhhYTE0, 识别为链接: True, 识别为数字ID: False"],"warning":""},"api_address":"185.165.170.142:5125"}
[2026-02-19T23:26:34+08:00][info] 消息ID缓存成功: task_id=35, group_id=https://t.me/+BrIuI_-gkNhhYTE0, msg_index=1733, message_id=10317, send_user_id=2541
[2026-02-19T23:26:34+08:00][info] 消息状态标记为已发送: task_id=35, group_id=https://t.me/+BrIuI_-gkNhhYTE0, msg_index=1733
[2026-02-19T23:26:34+08:00][info] 任务 35 将在 97 秒后继续处理下一条消息，索引: 1734, 实例ID: task_35_index_1734_1771514794.6768
[2026-02-19T23:26:46+08:00][info] 开始处理队列任务: task_id=36, current_index=1684
[2026-02-19T23:26:46+08:00][info] 消息缓存初始化完成: task_id=36, groups=https://t.me/+o12qlRNkdiViMjE0
[2026-02-19T23:26:46+08:00][info] 任务 36 第 3 次循环，重置群组 https://t.me/+o12qlRNkdiViMjE0 消息状态
[2026-02-19T23:26:46+08:00][info] 使用消息配置中指定的用户 2472 的 session_path/www/wwwroot/tdata.tgbota.top/public/uploads/admin/202602/69862ac4b6550/818014590232/tdata/temp_8596860996.session
[2026-02-19T23:26:48+08:00][info] 返回:{"status":true,"message":"发送完成，成功1个，失败0个[]","data":{"success":[{"group_id":3479387283,"group_link":"https:\/\/t.me\/+o12qlRNkdiViMjE0","type":"megagroup","message":"发送成功","message_id":10329}],"failed":[],"debug":["处理标识符: https:\/\/t.me\/+o12qlRNkdiViMjE0, 清理后: https:\/\/t.me\/+o12qlRNkdiViMjE0, 识别为链接: True, 识别为数字ID: False"],"warning":""},"api_address":"185.165.170.142:5056"}
[2026-02-19T23:26:48+08:00][info] 消息ID缓存成功: task_id=36, group_id=https://t.me/+o12qlRNkdiViMjE0, msg_index=1684, message_id=10329, send_user_id=2472
[2026-02-19T23:26:48+08:00][info] 消息状态标记为已发送: task_id=36, group_id=https://t.me/+o12qlRNkdiViMjE0, msg_index=1684
[2026-02-19T23:26:48+08:00][info] 任务 36 将在 85 秒后继续处理下一条消息，索引: 1685, 实例ID: task_36_index_1685_1771514808.167
[2026-02-19T23:26:48+08:00][info] 开始处理队列任务: task_id=27, current_index=1616
[2026-02-19T23:26:48+08:00][info] 消息缓存初始化完成: task_id=27, groups=https://t.me/+_XaTo9Qrv0VjOTM0
[2026-02-19T23:26:48+08:00][info] 任务 27 第 3 次循环，重置群组 https://t.me/+_XaTo9Qrv0VjOTM0 消息状态
[2026-02-19T23:26:48+08:00][info] 使用消息配置中指定的用户 2329 的 session_path/www/wwwroot/tdata.tgbota.top/public/uploads/admin/202601/6971e94ea480a/16156946690/tdata/temp_8306595883.session
[2026-02-19T23:26:51+08:00][info] 返回:{"status":true,"message":"发送完成，成功1个，失败0个[]","data":{"success":[{"group_id":3649225144,"group_link":"https:\/\/t.me\/+_XaTo9Qrv0VjOTM0","type":"megagroup","message":"发送成功","message_id":33230}],"failed":[],"debug":["处理标识符: https:\/\/t.me\/+_XaTo9Qrv0VjOTM0, 清理后: https:\/\/t.me\/+_XaTo9Qrv0VjOTM0, 识别为链接: True, 识别为数字ID: False"],"warning":""},"api_address":"185.165.170.142:5064"}
[2026-02-19T23:26:51+08:00][info] 消息ID缓存成功: task_id=27, group_id=https://t.me/+_XaTo9Qrv0VjOTM0, msg_index=1616, message_id=33230, send_user_id=2329
[2026-02-19T23:26:51+08:00][info] 消息状态标记为已发送: task_id=27, group_id=https://t.me/+_XaTo9Qrv0VjOTM0, msg_index=1616
[2026-02-19T23:26:51+08:00][info] 任务 27 将在 110 秒后继续处理下一条消息，索引: 1617, 实例ID: task_27_index_1617_1771514811.9533
[2026-02-19T23:27:00+08:00][info] 开始处理队列任务: task_id=38, current_index=373
[2026-02-19T23:27:00+08:00][info] 使用消息配置中指定的用户 3111 的 session_path/www/wwwroot/tdata.tgbota.top/public/uploads/admin/202602/699625adf380f/14632939542/tdata/temp_8575836087.session
[2026-02-19T23:27:03+08:00][info] 返回:{"status":true,"message":"发送完成，成功1个，失败0个[]","data":{"success":[{"group_id":3794396962,"group_link":"https:\/\/t.me\/+69dYKDni-wFmYWE0","type":"megagroup","message":"发送成功","message_id":526}],"failed":[],"debug":["处理标识符: https:\/\/t.me\/+69dYKDni-wFmYWE0, 清理后: https:\/\/t.me\/+69dYKDni-wFmYWE0, 识别为链接: True, 识别为数字ID: False"],"warning":""},"api_address":"185.165.170.142:5127"}
[2026-02-19T23:27:03+08:00][info] 消息ID缓存成功: task_id=38, group_id=https://t.me/+69dYKDni-wFmYWE0, msg_index=373, message_id=526, send_user_id=3111
[2026-02-19T23:27:03+08:00][info] 消息状态标记为已发送: task_id=38, group_id=https://t.me/+69dYKDni-wFmYWE0, msg_index=373
[2026-02-19T23:27:03+08:00][info] 任务 38 将在 98 秒后继续处理下一条消息，索引: 374, 实例ID: task_38_index_374_1771514823.3898
[2026-02-19T23:27:06+08:00][info] 开始处理队列任务: task_id=40, current_index=371
[2026-02-19T23:27:06+08:00][info] 使用消息配置中指定的用户 3128 的 session_path/www/wwwroot/tdata.tgbota.top/public/uploads/admin/202602/699625adf380f/14642493399/tdata/temp_8148584704.session
[2026-02-19T23:27:07+08:00][info] 开始处理队列任务: task_id=33, current_index=1520
[2026-02-19T23:27:07+08:00][info] 消息缓存初始化完成: task_id=33, groups=https://t.me/+wcqRUxDn6zczYmM0
[2026-02-19T23:27:07+08:00][info] 任务 33 第 2 次循环，重置群组 https://t.me/+wcqRUxDn6zczYmM0 消息状态
[2026-02-19T23:27:07+08:00][info] 使用消息配置中指定的用户 2542 的 session_path/www/wwwroot/tdata.tgbota.top/public/uploads/admin/202602/69862ac4b6550/817041404841/tdata/temp_8193858605.session
[2026-02-19T23:27:08+08:00][info] 返回:{"status":true,"message":"发送完成，成功1个，失败0个[]","data":{"success":[{"group_id":3799666589,"group_link":"https:\/\/t.me\/+IfyZ_OVthdI5YzNk","type":"megagroup","message":"发送成功","message_id":525}],"failed":[],"debug":["处理标识符: https:\/\/t.me\/+IfyZ_OVthdI5YzNk, 清理后: https:\/\/t.me\/+IfyZ_OVthdI5YzNk, 识别为链接: True, 识别为数字ID: False"],"warning":""},"api_address":"185.165.170.142:5144"}
[2026-02-19T23:27:08+08:00][info] 消息ID缓存成功: task_id=40, group_id=https://t.me/+IfyZ_OVthdI5YzNk, msg_index=371, message_id=525, send_user_id=3128
[2026-02-19T23:27:08+08:00][info] 消息状态标记为已发送: task_id=40, group_id=https://t.me/+IfyZ_OVthdI5YzNk, msg_index=371
[2026-02-19T23:27:09+08:00][info] 任务 40 将在 79 秒后继续处理下一条消息，索引: 372, 实例ID: task_40_index_372_1771514829.0239
[2026-02-19T23:27:09+08:00][info] 返回:{"status":true,"message":"发送完成，成功1个，失败0个[]","data":{"success":[{"group_id":3658905404,"group_link":"https:\/\/t.me\/+wcqRUxDn6zczYmM0","type":"megagroup","message":"发送成功","message_id":10103}],"failed":[],"debug":["处理标识符: https:\/\/t.me\/+wcqRUxDn6zczYmM0, 清理后: https:\/\/t.me\/+wcqRUxDn6zczYmM0, 识别为链接: True, 识别为数字ID: False"],"warning":""},"api_address":"185.165.170.142:5126"}
[2026-02-19T23:27:09+08:00][info] 消息ID缓存成功: task_id=33, group_id=https://t.me/+wcqRUxDn6zczYmM0, msg_index=1520, message_id=10103, send_user_id=2542
[2026-02-19T23:27:09+08:00][info] 消息状态标记为已发送: task_id=33, group_id=https://t.me/+wcqRUxDn6zczYmM0, msg_index=1520
[2026-02-19T23:27:09+08:00][info] 任务 33 将在 90 秒后继续处理下一条消息，索引: 1521, 实例ID: task_33_index_1521_1771514829.3985
[2026-02-19T23:27:25+08:00][info] 开始处理队列任务: task_id=37, current_index=1721
[2026-02-19T23:27:25+08:00][info] 消息缓存初始化完成: task_id=37, groups=https://t.me/+DUAGbZI5vW41NWI8
[2026-02-19T23:27:25+08:00][info] 任务 37 第 3 次循环，重置群组 https://t.me/+DUAGbZI5vW41NWI8 消息状态
[2026-02-19T23:27:25+08:00][info] 使用当前发送用户 2553 的 session_path/www/wwwroot/tdata.tgbota.top/public/uploads/admin/202602/69862ac4b6550/818011908355/tdata/temp_8242859598.session
[2026-02-19T23:27:27+08:00][info] 开始处理队列任务: task_id=25, current_index=1648
[2026-02-19T23:27:27+08:00][info] 返回:{"status":true,"message":"发送完成，成功1个，失败0个[]","data":{"success":[{"group_id":3732578862,"group_link":"https:\/\/t.me\/+DUAGbZI5vW41NWI8","type":"megagroup","message":"发送成功","message_id":8495}],"failed":[],"debug":["处理标识符: https:\/\/t.me\/+DUAGbZI5vW41NWI8, 清理后: https:\/\/t.me\/+DUAGbZI5vW41NWI8, 识别为链接: True, 识别为数字ID: False"],"warning":""},"api_address":"185.165.170.142:5137"}
[2026-02-19T23:27:27+08:00][info] 消息ID缓存成功: task_id=37, group_id=https://t.me/+DUAGbZI5vW41NWI8, msg_index=1721, message_id=8495, send_user_id=2553
[2026-02-19T23:27:27+08:00][info] 消息状态标记为已发送: task_id=37, group_id=https://t.me/+DUAGbZI5vW41NWI8, msg_index=1721
[2026-02-19T23:27:27+08:00][info] 任务 37 将在 69 秒后继续处理下一条消息，索引: 1722, 实例ID: task_37_index_1722_1771514847.1986
[2026-02-19T23:27:27+08:00][info] 消息缓存初始化完成: task_id=25, groups=https://t.me/+HZFEhfAwKjhmZDZk
[2026-02-19T23:27:27+08:00][info] 任务 25 第 3 次循环，重置群组 https://t.me/+HZFEhfAwKjhmZDZk 消息状态
[2026-02-19T23:27:27+08:00][info] 使用当前发送用户 1883 的 session_path/www/wwwroot/tdata.tgbota.top/public/uploads/admin/202601/6960a58a3f18c/13613138502/tdata/temp_8259534722.session
[2026-02-19T23:27:29+08:00][info] 返回:{"status":true,"message":"发送完成，成功1个，失败0个[]","data":{"success":[{"group_id":3482989339,"group_link":"https:\/\/t.me\/+HZFEhfAwKjhmZDZk","type":"megagroup","message":"发送成功","message_id":30202}],"failed":[],"debug":["处理标识符: https:\/\/t.me\/+HZFEhfAwKjhmZDZk, 清理后: https:\/\/t.me\/+HZFEhfAwKjhmZDZk, 识别为链接: True, 识别为数字ID: False"],"warning":""},"api_address":"185.165.170.142:5071"}
[2026-02-19T23:27:29+08:00][info] 消息ID缓存成功: task_id=25, group_id=https://t.me/+HZFEhfAwKjhmZDZk, msg_index=1648, message_id=30202, send_user_id=1883
[2026-02-19T23:27:29+08:00][info] 消息状态标记为已发送: task_id=25, group_id=https://t.me/+HZFEhfAwKjhmZDZk, msg_index=1648
[2026-02-19T23:27:29+08:00][info] 任务 25 将在 100 秒后继续处理下一条消息，索引: 1649, 实例ID: task_25_index_1649_1771514849.8874
[2026-02-19T23:27:32+08:00][info] 开始处理队列任务: task_id=28, current_index=1653
[2026-02-19T23:27:33+08:00][info] 消息缓存初始化完成: task_id=28, groups=https://t.me/+Hg62NsrbOCZmZmY8
[2026-02-19T23:27:33+08:00][info] 任务 28 第 3 次循环，重置群组 https://t.me/+Hg62NsrbOCZmZmY8 消息状态
[2026-02-19T23:27:33+08:00][info] 使用当前发送用户 1861 的 session_path/www/wwwroot/tdata.tgbota.top/public/uploads/admin/202601/6960a58a3f18c/13613382009/tdata/temp_8301755997.session
[2026-02-19T23:27:35+08:00][info] 返回:{"status":true,"message":"发送完成，成功1个，失败0个[]","data":{"success":[{"group_id":3657218256,"group_link":"https:\/\/t.me\/+Hg62NsrbOCZmZmY8","type":"megagroup","message":"发送成功","message_id":21684}],"failed":[],"debug":["处理标识符: https:\/\/t.me\/+Hg62NsrbOCZmZmY8, 清理后: https:\/\/t.me\/+Hg62NsrbOCZmZmY8, 识别为链接: True, 识别为数字ID: False"],"warning":""},"api_address":"185.165.170.142:5049"}
[2026-02-19T23:27:35+08:00][info] 消息ID缓存成功: task_id=28, group_id=https://t.me/+Hg62NsrbOCZmZmY8, msg_index=1653, message_id=21684, send_user_id=1861
[2026-02-19T23:27:35+08:00][info] 消息状态标记为已发送: task_id=28, group_id=https://t.me/+Hg62NsrbOCZmZmY8, msg_index=1653
[2026-02-19T23:27:35+08:00][info] 任务 28 将在 109 秒后继续处理下一条消息，索引: 1654, 实例ID: task_28_index_1654_1771514855.6566
[2026-02-19T23:27:47+08:00][info] 开始处理队列任务: task_id=34, current_index=1521
[2026-02-19T23:27:47+08:00][info] 消息缓存初始化完成: task_id=34, groups=https://t.me/+CUyn8iqnQwEzNDY0
[2026-02-19T23:27:47+08:00][info] 任务 34 第 2 次循环，重置群组 https://t.me/+CUyn8iqnQwEzNDY0 消息状态
[2026-02-19T23:27:47+08:00][info] 使用消息配置中指定的用户 2542 的 session_path/www/wwwroot/tdata.tgbota.top/public/uploads/admin/202602/69862ac4b6550/817041404841/tdata/temp_8193858605.session
[2026-02-19T23:27:49+08:00][info] 返回:{"status":true,"message":"发送完成，成功1个，失败0个[]","data":{"success":[{"group_id":3719450736,"group_link":"https:\/\/t.me\/+CUyn8iqnQwEzNDY0","type":"megagroup","message":"发送成功","message_id":10265}],"failed":[],"debug":["处理标识符: https:\/\/t.me\/+CUyn8iqnQwEzNDY0, 清理后: https:\/\/t.me\/+CUyn8iqnQwEzNDY0, 识别为链接: True, 识别为数字ID: False"],"warning":""},"api_address":"185.165.170.142:5126"}
[2026-02-19T23:27:49+08:00][info] 消息ID缓存成功: task_id=34, group_id=https://t.me/+CUyn8iqnQwEzNDY0, msg_index=1521, message_id=10265, send_user_id=2542
[2026-02-19T23:27:49+08:00][info] 消息状态标记为已发送: task_id=34, group_id=https://t.me/+CUyn8iqnQwEzNDY0, msg_index=1521
[2026-02-19T23:27:49+08:00][info] 任务 34 将在 109 秒后继续处理下一条消息，索引: 1522, 实例ID: task_34_index_1522_1771514869.1905
[2026-02-19T23:27:55+08:00][info] 开始处理队列任务: task_id=39, current_index=373
[2026-02-19T23:27:55+08:00][info] 使用消息配置中指定的用户 3111 的 session_path/www/wwwroot/tdata.tgbota.top/public/uploads/admin/202602/699625adf380f/14632939542/tdata/temp_8575836087.session
[2026-02-19T23:27:57+08:00][info] 返回:{"status":true,"message":"发送完成，成功1个，失败0个[]","data":{"success":[{"group_id":3770869551,"group_link":"https:\/\/t.me\/+ZpSvBhFQCCEwMzdk","type":"megagroup","message":"发送成功","message_id":526}],"failed":[],"debug":["处理标识符: https:\/\/t.me\/+ZpSvBhFQCCEwMzdk, 清理后: https:\/\/t.me\/+ZpSvBhFQCCEwMzdk, 识别为链接: True, 识别为数字ID: False"],"warning":""},"api_address":"185.165.170.142:5127"}
[2026-02-19T23:27:57+08:00][info] 消息ID缓存成功: task_id=39, group_id=https://t.me/+ZpSvBhFQCCEwMzdk, msg_index=373, message_id=526, send_user_id=3111
[2026-02-19T23:27:57+08:00][info] 消息状态标记为已发送: task_id=39, group_id=https://t.me/+ZpSvBhFQCCEwMzdk, msg_index=373
[2026-02-19T23:27:57+08:00][info] 任务 39 将在 98 秒后继续处理下一条消息，索引: 374, 实例ID: task_39_index_374_1771514877.6248
[2026-02-19T23:28:01+08:00][info] 开始处理队列任务: task_id=31, current_index=1654
[2026-02-19T23:28:01+08:00][info] 消息缓存初始化完成: task_id=31, groups=https://t.me/+4azhFwWhx1czMzE0
[2026-02-19T23:28:01+08:00][info] 任务 31 第 3 次循环，重置群组 https://t.me/+4azhFwWhx1czMzE0 消息状态
[2026-02-19T23:28:01+08:00][info] 使用当前发送用户 1887 的 session_path/www/wwwroot/tdata.tgbota.top/public/uploads/admin/202601/6960a58a3f18c/13613159897/tdata/temp_8320443972.session
[2026-02-19T23:28:03+08:00][info] 返回:{"status":true,"message":"发送完成，成功1个，失败0个[]","data":{"success":[{"group_id":3079998653,"group_link":"https:\/\/t.me\/+4azhFwWhx1czMzE0","type":"megagroup","message":"发送成功","message_id":14507}],"failed":[],"debug":["处理标识符: https:\/\/t.me\/+4azhFwWhx1czMzE0, 清理后: https:\/\/t.me\/+4azhFwWhx1czMzE0, 识别为链接: True, 识别为数字ID: False"],"warning":""},"api_address":"185.165.170.142:5075"}
[2026-02-19T23:28:03+08:00][info] 消息ID缓存成功: task_id=31, group_id=https://t.me/+4azhFwWhx1czMzE0, msg_index=1654, message_id=14507, send_user_id=1887
[2026-02-19T23:28:03+08:00][info] 消息状态标记为已发送: task_id=31, group_id=https://t.me/+4azhFwWhx1czMzE0, msg_index=1654
[2026-02-19T23:28:04+08:00][info] 任务 31 将在 83 秒后继续处理下一条消息，索引: 1655, 实例ID: task_31_index_1655_1771514884.0108
[2026-02-19T23:28:10+08:00][info] 开始处理队列任务: task_id=29, current_index=1649
[2026-02-19T23:28:10+08:00][info] 消息缓存初始化完成: task_id=29, groups=https://t.me/+WZlsKfz1W89jYjE0
[2026-02-19T23:28:10+08:00][info] 任务 29 第 3 次循环，重置群组 https://t.me/+WZlsKfz1W89jYjE0 消息状态
[2026-02-19T23:28:10+08:00][info] 使用当前发送用户 1861 的 session_path/www/wwwroot/tdata.tgbota.top/public/uploads/admin/202601/6960a58a3f18c/13613382009/tdata/temp_8301755997.session
[2026-02-19T23:28:11+08:00][info] 开始处理队列任务: task_id=35, current_index=1734
[2026-02-19T23:28:11+08:00][info] 消息缓存初始化完成: task_id=35, groups=https://t.me/+BrIuI_-gkNhhYTE0
[2026-02-19T23:28:11+08:00][info] 任务 35 第 3 次循环，重置群组 https://t.me/+BrIuI_-gkNhhYTE0 消息状态
[2026-02-19T23:28:11+08:00][info] 使用消息配置中指定的用户 2540 的 session_path/www/wwwroot/tdata.tgbota.top/public/uploads/admin/202602/69862ac4b6550/817026159834/tdata/temp_8402258779.session
[2026-02-19T23:28:12+08:00][info] 返回:{"status":true,"message":"发送完成，成功1个，失败0个[]","data":{"success":[{"group_id":3780502866,"group_link":"https:\/\/t.me\/+WZlsKfz1W89jYjE0","type":"megagroup","message":"发送成功","message_id":21743}],"failed":[],"debug":["处理标识符: https:\/\/t.me\/+WZlsKfz1W89jYjE0, 清理后: https:\/\/t.me\/+WZlsKfz1W89jYjE0, 识别为链接: True, 识别为数字ID: False"],"warning":""},"api_address":"185.165.170.142:5049"}
[2026-02-19T23:28:12+08:00][info] 消息ID缓存成功: task_id=29, group_id=https://t.me/+WZlsKfz1W89jYjE0, msg_index=1649, message_id=21743, send_user_id=1861
[2026-02-19T23:28:12+08:00][info] 消息状态标记为已发送: task_id=29, group_id=https://t.me/+WZlsKfz1W89jYjE0, msg_index=1649
[2026-02-19T23:28:12+08:00][info] 任务 29 将在 90 秒后继续处理下一条消息，索引: 1650, 实例ID: task_29_index_1650_1771514892.742
[2026-02-19T23:28:13+08:00][info] 开始处理队列任务: task_id=36, current_index=1685
[2026-02-19T23:28:14+08:00][info] 返回:{"status":true,"message":"发送完成，成功1个，失败0个[]","data":{"success":[{"group_id":3646934744,"group_link":"https:\/\/t.me\/+BrIuI_-gkNhhYTE0","type":"megagroup","message":"发送成功","message_id":10318}],"failed":[],"debug":["处理标识符: https:\/\/t.me\/+BrIuI_-gkNhhYTE0, 清理后: https:\/\/t.me\/+BrIuI_-gkNhhYTE0, 识别为链接: True, 识别为数字ID: False"],"warning":""},"api_address":"185.165.170.142:5124"}
[2026-02-19T23:28:14+08:00][info] 消息ID缓存成功: task_id=35, group_id=https://t.me/+BrIuI_-gkNhhYTE0, msg_index=1734, message_id=10318, send_user_id=2540
[2026-02-19T23:28:14+08:00][info] 消息状态标记为已发送: task_id=35, group_id=https://t.me/+BrIuI_-gkNhhYTE0, msg_index=1734
[2026-02-19T23:28:14+08:00][info] 任务 35 将在 70 秒后继续处理下一条消息，索引: 1735, 实例ID: task_35_index_1735_1771514894.187
[2026-02-19T23:28:14+08:00][info] 消息缓存初始化完成: task_id=36, groups=https://t.me/+o12qlRNkdiViMjE0
[2026-02-19T23:28:14+08:00][info] 任务 36 第 3 次循环，重置群组 https://t.me/+o12qlRNkdiViMjE0 消息状态
[2026-02-19T23:28:14+08:00][info] 从数据库获取用户 2466 的 session_path
[2026-02-19T23:28:15+08:00][info] 返回:{"status":true,"message":"发送完成，成功1个，失败0个[]","data":{"success":[{"group_id":3479387283,"group_link":"https:\/\/t.me\/+o12qlRNkdiViMjE0","type":"megagroup","message":"发送成功","message_id":10330}],"failed":[],"debug":["处理标识符: https:\/\/t.me\/+o12qlRNkdiViMjE0, 清理后: https:\/\/t.me\/+o12qlRNkdiViMjE0, 识别为链接: True, 识别为数字ID: False"],"warning":""},"api_address":"185.165.170.142:5050"}
[2026-02-19T23:28:15+08:00][info] 消息ID缓存成功: task_id=36, group_id=https://t.me/+o12qlRNkdiViMjE0, msg_index=1685, message_id=10330, send_user_id=2466
[2026-02-19T23:28:15+08:00][info] 消息状态标记为已发送: task_id=36, group_id=https://t.me/+o12qlRNkdiViMjE0, msg_index=1685
[2026-02-19T23:28:15+08:00][info] 任务 36 将在 90 秒后继续处理下一条消息，索引: 1686, 实例ID: task_36_index_1686_1771514895.9857
[2026-02-19T23:28:28+08:00][info] 开始处理队列任务: task_id=40, current_index=372
[2026-02-19T23:28:28+08:00][info] 使用feedbackType=372的消息ID: 525
[2026-02-19T23:28:28+08:00][info] 使用消息配置中指定的用户 3062 的 session_path/www/wwwroot/tdata.tgbota.top/public/uploads/admin/202602/699625adf380f/14707317708/tdata/temp_7949247811.session
[2026-02-19T23:28:30+08:00][info] 返回:{"status":true,"message":"发送完成，成功1个，失败0个[]","data":{"success":[{"group_id":3799666589,"group_link":"https:\/\/t.me\/+IfyZ_OVthdI5YzNk","type":"megagroup","message":"发送成功","message_id":526}],"failed":[],"debug":["处理标识符: https:\/\/t.me\/+IfyZ_OVthdI5YzNk, 清理后: https:\/\/t.me\/+IfyZ_OVthdI5YzNk, 识别为链接: True, 识别为数字ID: False"],"warning":""},"api_address":"185.165.170.142:5078"}
[2026-02-19T23:28:30+08:00][info] 消息ID缓存成功: task_id=40, group_id=https://t.me/+IfyZ_OVthdI5YzNk, msg_index=372, message_id=526, send_user_id=3062
[2026-02-19T23:28:30+08:00][info] 消息状态标记为已发送: task_id=40, group_id=https://t.me/+IfyZ_OVthdI5YzNk, msg_index=372
[2026-02-19T23:28:30+08:00][info] 任务 40 将在 89 秒后继续处理下一条消息，索引: 373, 实例ID: task_40_index_373_1771514910.9756
[2026-02-19T23:28:36+08:00][info] 开始处理队列任务: task_id=37, current_index=1722
[2026-02-19T23:28:36+08:00][info] 消息缓存初始化完成: task_id=37, groups=https://t.me/+DUAGbZI5vW41NWI8
[2026-02-19T23:28:36+08:00][info] 任务 37 第 3 次循环，重置群组 https://t.me/+DUAGbZI5vW41NWI8 消息状态
[2026-02-19T23:28:36+08:00][info] 使用当前发送用户 2553 的 session_path/www/wwwroot/tdata.tgbota.top/public/uploads/admin/202602/69862ac4b6550/818011908355/tdata/temp_8242859598.session
[2026-02-19T23:28:39+08:00][info] 返回:{"status":true,"message":"发送完成，成功1个，失败0个[]","data":{"success":[{"group_id":3732578862,"group_link":"https:\/\/t.me\/+DUAGbZI5vW41NWI8","type":"megagroup","message":"发送成功","message_id":8496}],"failed":[],"debug":["处理标识符: https:\/\/t.me\/+DUAGbZI5vW41NWI8, 清理后: https:\/\/t.me\/+DUAGbZI5vW41NWI8, 识别为链接: True, 识别为数字ID: False","文件1有效: \/www\/wwwroot\/tdata.tgbota.top\/public\/uploads\/admin\/202512\/693ae3bfb03c1.jpg (36563字节)","发送单个文件: \/www\/wwwroot\/tdata.tgbota.top\/public\/uploads\/admin\/202512\/693ae3bfb03c1.jpg"],"warning":""},"api_address":"185.165.170.142:5137"}
[2026-02-19T23:28:39+08:00][info] 消息ID缓存成功: task_id=37, group_id=https://t.me/+DUAGbZI5vW41NWI8, msg_index=1722, message_id=8496, send_user_id=2553
[2026-02-19T23:28:39+08:00][info] 消息状态标记为已发送: task_id=37, group_id=https://t.me/+DUAGbZI5vW41NWI8, msg_index=1722
[2026-02-19T23:28:39+08:00][info] 任务 37 将在 109 秒后继续处理下一条消息，索引: 1723, 实例ID: task_37_index_1723_1771514919.2525
[2026-02-19T23:28:39+08:00][info] 开始处理队列任务: task_id=33, current_index=1521
[2026-02-19T23:28:39+08:00][info] 消息缓存初始化完成: task_id=33, groups=https://t.me/+wcqRUxDn6zczYmM0
[2026-02-19T23:28:39+08:00][info] 任务 33 第 2 次循环，重置群组 https://t.me/+wcqRUxDn6zczYmM0 消息状态
[2026-02-19T23:28:39+08:00][info] 使用消息配置中指定的用户 2542 的 session_path/www/wwwroot/tdata.tgbota.top/public/uploads/admin/202602/69862ac4b6550/817041404841/tdata/temp_8193858605.session
[2026-02-19T23:28:41+08:00][info] 开始处理队列任务: task_id=27, current_index=1617
[2026-02-19T23:28:41+08:00][info] 消息缓存初始化完成: task_id=27, groups=https://t.me/+_XaTo9Qrv0VjOTM0
[2026-02-19T23:28:41+08:00][info] 任务 27 第 3 次循环，重置群组 https://t.me/+_XaTo9Qrv0VjOTM0 消息状态
[2026-02-19T23:28:41+08:00][info] 使用feedbackType=1617的消息ID: 33230
[2026-02-19T23:28:41+08:00][info] 使用消息配置中指定的用户 2012 的 session_path/www/wwwroot/tdata.tgbota.top/public/uploads/admin/202601/6960a58a3f18c/13619013618/tdata/temp_7730341893.session
[2026-02-19T23:28:41+08:00][info] 返回:{"status":true,"message":"发送完成，成功1个，失败0个[]","data":{"success":[{"group_id":3658905404,"group_link":"https:\/\/t.me\/+wcqRUxDn6zczYmM0","type":"megagroup","message":"发送成功","message_id":10104}],"failed":[],"debug":["处理标识符: https:\/\/t.me\/+wcqRUxDn6zczYmM0, 清理后: https:\/\/t.me\/+wcqRUxDn6zczYmM0, 识别为链接: True, 识别为数字ID: False"],"warning":""},"api_address":"185.165.170.142:5126"}
[2026-02-19T23:28:41+08:00][info] 消息ID缓存成功: task_id=33, group_id=https://t.me/+wcqRUxDn6zczYmM0, msg_index=1521, message_id=10104, send_user_id=2542
[2026-02-19T23:28:41+08:00][info] 消息状态标记为已发送: task_id=33, group_id=https://t.me/+wcqRUxDn6zczYmM0, msg_index=1521
[2026-02-19T23:28:41+08:00][info] 任务 33 将在 109 秒后继续处理下一条消息，索引: 1522, 实例ID: task_33_index_1522_1771514921.5599
[2026-02-19T23:28:41+08:00][info] 开始处理队列任务: task_id=38, current_index=374
[2026-02-19T23:28:41+08:00][info] 使用当前发送用户 3020 的 session_path/www/wwwroot/tdata.tgbota.top/public/uploads/admin/202602/699625adf380f/14724440854/tdata/temp_8583372021.session
[2026-02-19T23:28:44+08:00][info] 返回:{"status":true,"message":"发送完成，成功1个，失败0个[]","data":{"success":[{"group_id":3649225144,"group_link":"https:\/\/t.me\/+_XaTo9Qrv0VjOTM0","type":"megagroup","message":"发送成功","message_id":33231}],"failed":[],"debug":["处理标识符: https:\/\/t.me\/+_XaTo9Qrv0VjOTM0, 清理后: https:\/\/t.me\/+_XaTo9Qrv0VjOTM0, 识别为链接: True, 识别为数字ID: False"],"warning":""},"api_address":"185.165.170.142:5049"}
[2026-02-19T23:28:44+08:00][info] 消息ID缓存成功: task_id=27, group_id=https://t.me/+_XaTo9Qrv0VjOTM0, msg_index=1617, message_id=33231, send_user_id=2012
[2026-02-19T23:28:44+08:00][info] 消息状态标记为已发送: task_id=27, group_id=https://t.me/+_XaTo9Qrv0VjOTM0, msg_index=1617
[2026-02-19T23:28:44+08:00][info] 任务 27 将在 101 秒后继续处理下一条消息，索引: 1618, 实例ID: task_27_index_1618_1771514924.5154
[2026-02-19T23:28:44+08:00][info] 返回:{"status":true,"message":"发送完成，成功1个，失败0个[]","data":{"success":[{"group_id":3794396962,"group_link":"https:\/\/t.me\/+69dYKDni-wFmYWE0","type":"megagroup","message":"发送成功","message_id":528}],"failed":[],"debug":["处理标识符: https:\/\/t.me\/+69dYKDni-wFmYWE0, 清理后: https:\/\/t.me\/+69dYKDni-wFmYWE0, 识别为链接: True, 识别为数字ID: False"],"warning":""},"api_address":"185.165.170.142:5036"}
[2026-02-19T23:28:44+08:00][info] 消息ID缓存成功: task_id=38, group_id=https://t.me/+69dYKDni-wFmYWE0, msg_index=374, message_id=528, send_user_id=3020
[2026-02-19T23:28:44+08:00][info] 消息状态标记为已发送: task_id=38, group_id=https://t.me/+69dYKDni-wFmYWE0, msg_index=374
[2026-02-19T23:28:44+08:00][info] 任务 38 将在 70 秒后继续处理下一条消息，索引: 375, 实例ID: task_38_index_375_1771514924.8593
[2026-02-19T23:29:09+08:00][info] 开始处理队列任务: task_id=25, current_index=1649
[2026-02-19T23:29:09+08:00][info] 消息缓存初始化完成: task_id=25, groups=https://t.me/+HZFEhfAwKjhmZDZk
[2026-02-19T23:29:09+08:00][info] 任务 25 第 3 次循环，重置群组 https://t.me/+HZFEhfAwKjhmZDZk 消息状态
[2026-02-19T23:29:09+08:00][info] 使用当前发送用户 1861 的 session_path/www/wwwroot/tdata.tgbota.top/public/uploads/admin/202601/6960a58a3f18c/13613382009/tdata/temp_8301755997.session
[2026-02-19T23:29:12+08:00][info] 返回:{"status":true,"message":"发送完成，成功1个，失败0个[]","data":{"success":[{"group_id":3482989339,"group_link":"https:\/\/t.me\/+HZFEhfAwKjhmZDZk","type":"megagroup","message":"发送成功","message_id":30203}],"failed":[],"debug":["处理标识符: https:\/\/t.me\/+HZFEhfAwKjhmZDZk, 清理后: https:\/\/t.me\/+HZFEhfAwKjhmZDZk, 识别为链接: True, 识别为数字ID: False"],"warning":""},"api_address":"185.165.170.142:5049"}
[2026-02-19T23:29:12+08:00][info] 消息ID缓存成功: task_id=25, group_id=https://t.me/+HZFEhfAwKjhmZDZk, msg_index=1649, message_id=30203, send_user_id=1861
[2026-02-19T23:29:12+08:00][info] 消息状态标记为已发送: task_id=25, group_id=https://t.me/+HZFEhfAwKjhmZDZk, msg_index=1649
[2026-02-19T23:29:12+08:00][info] 任务 25 将在 90 秒后继续处理下一条消息，索引: 1650, 实例ID: task_25_index_1650_1771514952.3116
[2026-02-19T23:29:24+08:00][info] 开始处理队列任务: task_id=28, current_index=1654
[2026-02-19T23:29:24+08:00][info] 消息缓存初始化完成: task_id=28, groups=https://t.me/+Hg62NsrbOCZmZmY8
[2026-02-19T23:29:24+08:00][info] 任务 28 第 3 次循环，重置群组 https://t.me/+Hg62NsrbOCZmZmY8 消息状态
[2026-02-19T23:29:24+08:00][info] 使用当前发送用户 1887 的 session_path/www/wwwroot/tdata.tgbota.top/public/uploads/admin/202601/6960a58a3f18c/13613159897/tdata/temp_8320443972.session
[2026-02-19T23:29:24+08:00][info] 开始处理队列任务: task_id=35, current_index=1735
[2026-02-19T23:29:24+08:00][info] 消息缓存初始化完成: task_id=35, groups=https://t.me/+BrIuI_-gkNhhYTE0
[2026-02-19T23:29:24+08:00][info] 任务 35 第 3 次循环，重置群组 https://t.me/+BrIuI_-gkNhhYTE0 消息状态
[2026-02-19T23:29:24+08:00][info] 使用消息配置中指定的用户 2540 的 session_path/www/wwwroot/tdata.tgbota.top/public/uploads/admin/202602/69862ac4b6550/817026159834/tdata/temp_8402258779.session
[2026-02-19T23:29:27+08:00][info] 返回:{"status":true,"message":"发送完成，成功1个，失败0个[]","data":{"success":[{"group_id":3646934744,"group_link":"https:\/\/t.me\/+BrIuI_-gkNhhYTE0","type":"megagroup","message":"发送成功","message_id":10319}],"failed":[],"debug":["处理标识符: https:\/\/t.me\/+BrIuI_-gkNhhYTE0, 清理后: https:\/\/t.me\/+BrIuI_-gkNhhYTE0, 识别为链接: True, 识别为数字ID: False"],"warning":""},"api_address":"185.165.170.142:5124"}
[2026-02-19T23:29:27+08:00][info] 消息ID缓存成功: task_id=35, group_id=https://t.me/+BrIuI_-gkNhhYTE0, msg_index=1735, message_id=10319, send_user_id=2540
[2026-02-19T23:29:27+08:00][info] 消息状态标记为已发送: task_id=35, group_id=https://t.me/+BrIuI_-gkNhhYTE0, msg_index=1735
[2026-02-19T23:29:27+08:00][info] 任务 35 将在 80 秒后继续处理下一条消息，索引: 1736, 实例ID: task_35_index_1736_1771514967.4707
[2026-02-19T23:29:27+08:00][info] 开始处理队列任务: task_id=31, current_index=1655
[2026-02-19T23:29:27+08:00][info] 返回:{"status":true,"message":"发送完成，成功1个，失败0个[]","data":{"success":[{"group_id":3657218256,"group_link":"https:\/\/t.me\/+Hg62NsrbOCZmZmY8","type":"megagroup","message":"发送成功","message_id":21685}],"failed":[],"debug":["处理标识符: https:\/\/t.me\/+Hg62NsrbOCZmZmY8, 清理后: https:\/\/t.me\/+Hg62NsrbOCZmZmY8, 识别为链接: True, 识别为数字ID: False"],"warning":""},"api_address":"185.165.170.142:5075"}
[2026-02-19T23:29:27+08:00][info] 消息ID缓存成功: task_id=28, group_id=https://t.me/+Hg62NsrbOCZmZmY8, msg_index=1654, message_id=21685, send_user_id=1887
[2026-02-19T23:29:27+08:00][info] 消息状态标记为已发送: task_id=28, group_id=https://t.me/+Hg62NsrbOCZmZmY8, msg_index=1654
[2026-02-19T23:29:27+08:00][info] 任务 28 将在 83 秒后继续处理下一条消息，索引: 1655, 实例ID: task_28_index_1655_1771514967.6994
[2026-02-19T23:29:27+08:00][info] 消息缓存初始化完成: task_id=31, groups=https://t.me/+4azhFwWhx1czMzE0
[2026-02-19T23:29:27+08:00][info] 任务 31 第 3 次循环，重置群组 https://t.me/+4azhFwWhx1czMzE0 消息状态
[2026-02-19T23:29:27+08:00][info] 从数据库获取用户 2322 的 session_path
[2026-02-19T23:29:30+08:00][info] 返回:{"status":true,"message":"发送完成，成功1个，失败0个[]","data":{"success":[{"group_id":3079998653,"group_link":"https:\/\/t.me\/+4azhFwWhx1czMzE0","type":"megagroup","message":"发送成功","message_id":14508}],"failed":[],"debug":["处理标识符: https:\/\/t.me\/+4azhFwWhx1czMzE0, 清理后: https:\/\/t.me\/+4azhFwWhx1czMzE0, 识别为链接: True, 识别为数字ID: False"],"warning":""},"api_address":"185.165.170.142:5057"}
[2026-02-19T23:29:30+08:00][info] 消息ID缓存成功: task_id=31, group_id=https://t.me/+4azhFwWhx1czMzE0, msg_index=1655, message_id=14508, send_user_id=2322
[2026-02-19T23:29:30+08:00][info] 消息状态标记为已发送: task_id=31, group_id=https://t.me/+4azhFwWhx1czMzE0, msg_index=1655
[2026-02-19T23:29:30+08:00][info] 任务 31 将在 90 秒后继续处理下一条消息，索引: 1656, 实例ID: task_31_index_1656_1771514970.6207
[2026-02-19T23:29:35+08:00][info] 开始处理队列任务: task_id=39, current_index=374
[2026-02-19T23:29:35+08:00][info] 使用当前发送用户 3020 的 session_path/www/wwwroot/tdata.tgbota.top/public/uploads/admin/202602/699625adf380f/14724440854/tdata/temp_8583372021.session
[2026-02-19T23:29:38+08:00][info] 返回:{"status":true,"message":"发送完成，成功1个，失败0个[]","data":{"success":[{"group_id":3770869551,"group_link":"https:\/\/t.me\/+ZpSvBhFQCCEwMzdk","type":"megagroup","message":"发送成功","message_id":528}],"failed":[],"debug":["处理标识符: https:\/\/t.me\/+ZpSvBhFQCCEwMzdk, 清理后: https:\/\/t.me\/+ZpSvBhFQCCEwMzdk, 识别为链接: True, 识别为数字ID: False"],"warning":""},"api_address":"185.165.170.142:5036"}
[2026-02-19T23:29:38+08:00][info] 消息ID缓存成功: task_id=39, group_id=https://t.me/+ZpSvBhFQCCEwMzdk, msg_index=374, message_id=528, send_user_id=3020
[2026-02-19T23:29:38+08:00][info] 消息状态标记为已发送: task_id=39, group_id=https://t.me/+ZpSvBhFQCCEwMzdk, msg_index=374
[2026-02-19T23:29:38+08:00][info] 任务 39 将在 70 秒后继续处理下一条消息，索引: 375, 实例ID: task_39_index_375_1771514978.776
[2026-02-19T23:29:38+08:00][info] 开始处理队列任务: task_id=34, current_index=1522
[2026-02-19T23:29:39+08:00][info] 消息缓存初始化完成: task_id=34, groups=https://t.me/+CUyn8iqnQwEzNDY0
[2026-02-19T23:29:39+08:00][info] 任务 34 第 2 次循环，重置群组 https://t.me/+CUyn8iqnQwEzNDY0 消息状态
[2026-02-19T23:29:39+08:00][info] 使用消息配置中指定的用户 2530 的 session_path/www/wwwroot/tdata.tgbota.top/public/uploads/admin/202602/69862ac4b6550/818014785065/tdata/temp_7986393181.session
[2026-02-19T23:29:40+08:00][info] 返回:{"status":true,"message":"发送完成，成功1个，失败0个[]","data":{"success":[{"group_id":3719450736,"group_link":"https:\/\/t.me\/+CUyn8iqnQwEzNDY0","type":"megagroup","message":"发送成功","message_id":10266}],"failed":[],"debug":["处理标识符: https:\/\/t.me\/+CUyn8iqnQwEzNDY0, 清理后: https:\/\/t.me\/+CUyn8iqnQwEzNDY0, 识别为链接: True, 识别为数字ID: False"],"warning":""},"api_address":"185.165.170.142:5114"}
[2026-02-19T23:29:40+08:00][info] 消息ID缓存成功: task_id=34, group_id=https://t.me/+CUyn8iqnQwEzNDY0, msg_index=1522, message_id=10266, send_user_id=2530
[2026-02-19T23:29:40+08:00][info] 消息状态标记为已发送: task_id=34, group_id=https://t.me/+CUyn8iqnQwEzNDY0, msg_index=1522
[2026-02-19T23:29:40+08:00][info] 任务 34 将在 115 秒后继续处理下一条消息，索引: 1523, 实例ID: task_34_index_1523_1771514980.8204
[2026-02-19T23:29:42+08:00][info] 开始处理队列任务: task_id=29, current_index=1650
[2026-02-19T23:29:42+08:00][info] 消息缓存初始化完成: task_id=29, groups=https://t.me/+WZlsKfz1W89jYjE0
[2026-02-19T23:29:42+08:00][info] 任务 29 第 3 次循环，重置群组 https://t.me/+WZlsKfz1W89jYjE0 消息状态
[2026-02-19T23:29:42+08:00][info] 使用feedbackType=1649的消息ID: 21742
[2026-02-19T23:29:42+08:00][info] 使用当前发送用户 1837 的 session_path/www/wwwroot/tdata.tgbota.top/public/uploads/admin/202601/6960a58a3f18c/13632069088/tdata/temp_8271528746.session
[2026-02-19T23:29:45+08:00][info] 开始处理队列任务: task_id=36, current_index=1686
[2026-02-19T23:29:45+08:00][info] 返回:{"status":true,"message":"发送完成，成功1个，失败0个[]","data":{"success":[{"group_id":3780502866,"group_link":"https:\/\/t.me\/+WZlsKfz1W89jYjE0","type":"megagroup","message":"发送成功","message_id":21744}],"failed":[],"debug":["处理标识符: https:\/\/t.me\/+WZlsKfz1W89jYjE0, 清理后: https:\/\/t.me\/+WZlsKfz1W89jYjE0, 识别为链接: True, 识别为数字ID: False"],"warning":""},"api_address":"185.165.170.142:5025"}
[2026-02-19T23:29:45+08:00][info] 消息ID缓存成功: task_id=29, group_id=https://t.me/+WZlsKfz1W89jYjE0, msg_index=1650, message_id=21744, send_user_id=1837
[2026-02-19T23:29:45+08:00][info] 消息状态标记为已发送: task_id=29, group_id=https://t.me/+WZlsKfz1W89jYjE0, msg_index=1650
[2026-02-19T23:29:45+08:00][info] 任务 29 将在 109 秒后继续处理下一条消息，索引: 1651, 实例ID: task_29_index_1651_1771514985.9025
[2026-02-19T23:29:46+08:00][info] 消息缓存初始化完成: task_id=36, groups=https://t.me/+o12qlRNkdiViMjE0
[2026-02-19T23:29:46+08:00][info] 任务 36 第 3 次循环，重置群组 https://t.me/+o12qlRNkdiViMjE0 消息状态
[2026-02-19T23:29:46+08:00][info] 使用消息配置中指定的用户 2460 的 session_path/www/wwwroot/tdata.tgbota.top/public/uploads/admin/202602/69862ac4b6550/818015751616/tdata/temp_8352123131.session
[2026-02-19T23:29:48+08:00][info] 返回:{"status":true,"message":"发送完成，成功1个，失败0个[]","data":{"success":[{"group_id":3479387283,"group_link":"https:\/\/t.me\/+o12qlRNkdiViMjE0","type":"megagroup","message":"发送成功","message_id":10331}],"failed":[],"debug":["处理标识符: https:\/\/t.me\/+o12qlRNkdiViMjE0, 清理后: https:\/\/t.me\/+o12qlRNkdiViMjE0, 识别为链接: True, 识别为数字ID: False"],"warning":""},"api_address":"185.165.170.142:5044"}
[2026-02-19T23:29:48+08:00][info] 消息ID缓存成功: task_id=36, group_id=https://t.me/+o12qlRNkdiViMjE0, msg_index=1686, message_id=10331, send_user_id=2460
[2026-02-19T23:29:48+08:00][info] 消息状态标记为已发送: task_id=36, group_id=https://t.me/+o12qlRNkdiViMjE0, msg_index=1686
[2026-02-19T23:29:48+08:00][info] 任务 36 将在 81 秒后继续处理下一条消息，索引: 1687, 实例ID: task_36_index_1687_1771514988.0815
[2026-02-19T23:29:54+08:00][info] 开始处理队列任务: task_id=38, current_index=375
[2026-02-19T23:29:54+08:00][info] 使用消息配置中指定的用户 3019 的 session_path/www/wwwroot/tdata.tgbota.top/public/uploads/admin/202602/699625adf380f/14707064744/tdata/temp_8591262176.session
[2026-02-19T23:29:56+08:00][info] 返回:{"status":true,"message":"发送完成，成功1个，失败0个[]","data":{"success":[{"group_id":3794396962,"group_link":"https:\/\/t.me\/+69dYKDni-wFmYWE0","type":"megagroup","message":"发送成功","message_id":529}],"failed":[],"debug":["处理标识符: https:\/\/t.me\/+69dYKDni-wFmYWE0, 清理后: https:\/\/t.me\/+69dYKDni-wFmYWE0, 识别为链接: True, 识别为数字ID: False"],"warning":""},"api_address":"185.165.170.142:5035"}
[2026-02-19T23:29:56+08:00][info] 消息ID缓存成功: task_id=38, group_id=https://t.me/+69dYKDni-wFmYWE0, msg_index=375, message_id=529, send_user_id=3019
[2026-02-19T23:29:56+08:00][info] 消息状态标记为已发送: task_id=38, group_id=https://t.me/+69dYKDni-wFmYWE0, msg_index=375
[2026-02-19T23:29:56+08:00][info] 任务 38 将在 80 秒后继续处理下一条消息，索引: 376, 实例ID: task_38_index_376_1771514996.7079
[2026-02-19T23:29:59+08:00][info] 开始处理队列任务: task_id=40, current_index=373
[2026-02-19T23:29:59+08:00][info] 使用消息配置中指定的用户 3111 的 session_path/www/wwwroot/tdata.tgbota.top/public/uploads/admin/202602/699625adf380f/14632939542/tdata/temp_8575836087.session
[2026-02-19T23:30:02+08:00][info] 返回:{"status":true,"message":"发送完成，成功1个，失败0个[]","data":{"success":[{"group_id":3799666589,"group_link":"https:\/\/t.me\/+IfyZ_OVthdI5YzNk","type":"megagroup","message":"发送成功","message_id":527}],"failed":[],"debug":["处理标识符: https:\/\/t.me\/+IfyZ_OVthdI5YzNk, 清理后: https:\/\/t.me\/+IfyZ_OVthdI5YzNk, 识别为链接: True, 识别为数字ID: False"],"warning":""},"api_address":"185.165.170.142:5127"}
[2026-02-19T23:30:02+08:00][info] 消息ID缓存成功: task_id=40, group_id=https://t.me/+IfyZ_OVthdI5YzNk, msg_index=373, message_id=527, send_user_id=3111
[2026-02-19T23:30:02+08:00][info] 消息状态标记为已发送: task_id=40, group_id=https://t.me/+IfyZ_OVthdI5YzNk, msg_index=373
[2026-02-19T23:30:02+08:00][info] 任务 40 将在 98 秒后继续处理下一条消息，索引: 374, 实例ID: task_40_index_374_1771515002.3367
[2026-02-19T23:30:25+08:00][info] 开始处理队列任务: task_id=27, current_index=1618
[2026-02-19T23:30:25+08:00][info] 消息缓存初始化完成: task_id=27, groups=https://t.me/+_XaTo9Qrv0VjOTM0
[2026-02-19T23:30:25+08:00][info] 任务 27 第 3 次循环，重置群组 https://t.me/+_XaTo9Qrv0VjOTM0 消息状态
[2026-02-19T23:30:25+08:00][info] 使用消息配置中指定的用户 1306 的 session_path/www/wwwroot/tdata.tgbota.top/public/uploads/admin/202512/695387359e84b/8615211864541/tdata/temp_8070129982.session
[2026-02-19T23:30:27+08:00][info] 返回:{"status":true,"message":"发送完成，成功1个，失败0个[]","data":{"success":[{"group_id":3649225144,"group_link":"https:\/\/t.me\/+_XaTo9Qrv0VjOTM0","type":"megagroup","message":"发送成功","message_id":33232}],"failed":[],"debug":["处理标识符: https:\/\/t.me\/+_XaTo9Qrv0VjOTM0, 清理后: https:\/\/t.me\/+_XaTo9Qrv0VjOTM0, 识别为链接: True, 识别为数字ID: False"],"warning":""},"api_address":"185.165.170.142:5098"}
[2026-02-19T23:30:27+08:00][info] 消息ID缓存成功: task_id=27, group_id=https://t.me/+_XaTo9Qrv0VjOTM0, msg_index=1618, message_id=33232, send_user_id=1306
[2026-02-19T23:30:27+08:00][info] 消息状态标记为已发送: task_id=27, group_id=https://t.me/+_XaTo9Qrv0VjOTM0, msg_index=1618
[2026-02-19T23:30:27+08:00][info] 任务 27 将在 90 秒后继续处理下一条消息，索引: 1619, 实例ID: task_27_index_1619_1771515027.1016
[2026-02-19T23:30:28+08:00][info] 开始处理队列任务: task_id=37, current_index=1723
[2026-02-19T23:30:29+08:00][info] 消息缓存初始化完成: task_id=37, groups=https://t.me/+DUAGbZI5vW41NWI8
[2026-02-19T23:30:29+08:00][info] 任务 37 第 3 次循环，重置群组 https://t.me/+DUAGbZI5vW41NWI8 消息状态
[2026-02-19T23:30:29+08:00][info] 从数据库获取用户 2550 的 session_path
[2026-02-19T23:30:30+08:00][info] 开始处理队列任务: task_id=33, current_index=1522
[2026-02-19T23:30:30+08:00][info] 消息缓存初始化完成: task_id=33, groups=https://t.me/+wcqRUxDn6zczYmM0
[2026-02-19T23:30:30+08:00][info] 任务 33 第 2 次循环，重置群组 https://t.me/+wcqRUxDn6zczYmM0 消息状态
[2026-02-19T23:30:30+08:00][info] 使用消息配置中指定的用户 2530 的 session_path/www/wwwroot/tdata.tgbota.top/public/uploads/admin/202602/69862ac4b6550/818014785065/tdata/temp_7986393181.session
[2026-02-19T23:30:30+08:00][info] 返回:{"status":true,"message":"发送完成，成功1个，失败0个[]","data":{"success":[{"group_id":3732578862,"group_link":"https:\/\/t.me\/+DUAGbZI5vW41NWI8","type":"megagroup","message":"发送成功","message_id":8497}],"failed":[],"debug":["处理标识符: https:\/\/t.me\/+DUAGbZI5vW41NWI8, 清理后: https:\/\/t.me\/+DUAGbZI5vW41NWI8, 识别为链接: True, 识别为数字ID: False"],"warning":""},"api_address":"185.165.170.142:5134"}
[2026-02-19T23:30:30+08:00][info] 消息ID缓存成功: task_id=37, group_id=https://t.me/+DUAGbZI5vW41NWI8, msg_index=1723, message_id=8497, send_user_id=2550
[2026-02-19T23:30:30+08:00][info] 消息状态标记为已发送: task_id=37, group_id=https://t.me/+DUAGbZI5vW41NWI8, msg_index=1723
[2026-02-19T23:30:30+08:00][info] 任务 37 将在 118 秒后继续处理下一条消息，索引: 1724, 实例ID: task_37_index_1724_1771515030.8884
[2026-02-19T23:30:32+08:00][info] 返回:{"status":true,"message":"发送完成，成功1个，失败0个[]","data":{"success":[{"group_id":3658905404,"group_link":"https:\/\/t.me\/+wcqRUxDn6zczYmM0","type":"megagroup","message":"发送成功","message_id":10105}],"failed":[],"debug":["处理标识符: https:\/\/t.me\/+wcqRUxDn6zczYmM0, 清理后: https:\/\/t.me\/+wcqRUxDn6zczYmM0, 识别为链接: True, 识别为数字ID: False"],"warning":""},"api_address":"185.165.170.142:5114"}
[2026-02-19T23:30:32+08:00][info] 消息ID缓存成功: task_id=33, group_id=https://t.me/+wcqRUxDn6zczYmM0, msg_index=1522, message_id=10105, send_user_id=2530
[2026-02-19T23:30:32+08:00][info] 消息状态标记为已发送: task_id=33, group_id=https://t.me/+wcqRUxDn6zczYmM0, msg_index=1522
[2026-02-19T23:30:32+08:00][info] 任务 33 将在 115 秒后继续处理下一条消息，索引: 1523, 实例ID: task_33_index_1523_1771515032.5514
[2026-02-19T23:30:42+08:00][info] 开始处理队列任务: task_id=25, current_index=1650
[2026-02-19T23:30:43+08:00][info] 消息缓存初始化完成: task_id=25, groups=https://t.me/+HZFEhfAwKjhmZDZk
[2026-02-19T23:30:43+08:00][info] 任务 25 第 3 次循环，重置群组 https://t.me/+HZFEhfAwKjhmZDZk 消息状态
[2026-02-19T23:30:43+08:00][info] 使用feedbackType=1649的消息ID: 30202
[2026-02-19T23:30:43+08:00][info] 使用当前发送用户 1837 的 session_path/www/wwwroot/tdata.tgbota.top/public/uploads/admin/202601/6960a58a3f18c/13632069088/tdata/temp_8271528746.session
[2026-02-19T23:30:46+08:00][info] 返回:{"status":true,"message":"发送完成，成功1个，失败0个[]","data":{"success":[{"group_id":3482989339,"group_link":"https:\/\/t.me\/+HZFEhfAwKjhmZDZk","type":"megagroup","message":"发送成功","message_id":30204}],"failed":[],"debug":["处理标识符: https:\/\/t.me\/+HZFEhfAwKjhmZDZk, 清理后: https:\/\/t.me\/+HZFEhfAwKjhmZDZk, 识别为链接: True, 识别为数字ID: False"],"warning":""},"api_address":"185.165.170.142:5025"}
[2026-02-19T23:30:46+08:00][info] 消息ID缓存成功: task_id=25, group_id=https://t.me/+HZFEhfAwKjhmZDZk, msg_index=1650, message_id=30204, send_user_id=1837
[2026-02-19T23:30:46+08:00][info] 消息状态标记为已发送: task_id=25, group_id=https://t.me/+HZFEhfAwKjhmZDZk, msg_index=1650
[2026-02-19T23:30:46+08:00][info] 任务 25 将在 109 秒后继续处理下一条消息，索引: 1651, 实例ID: task_25_index_1651_1771515046.282
[2026-02-19T23:30:47+08:00][info] 开始处理队列任务: task_id=35, current_index=1736
[2026-02-19T23:30:47+08:00][info] 消息缓存初始化完成: task_id=35, groups=https://t.me/+BrIuI_-gkNhhYTE0
[2026-02-19T23:30:47+08:00][info] 任务 35 第 3 次循环，重置群组 https://t.me/+BrIuI_-gkNhhYTE0 消息状态
[2026-02-19T23:30:47+08:00][info] 使用消息配置中指定的用户 2539 的 session_path/www/wwwroot/tdata.tgbota.top/public/uploads/admin/202602/69862ac4b6550/817043064795/tdata/temp_8325056509.session
[2026-02-19T23:30:48+08:00][info] 开始处理队列任务: task_id=39, current_index=375
[2026-02-19T23:30:49+08:00][info] 使用消息配置中指定的用户 3019 的 session_path/www/wwwroot/tdata.tgbota.top/public/uploads/admin/202602/699625adf380f/14707064744/tdata/temp_8591262176.session
[2026-02-19T23:30:50+08:00][info] 返回:{"status":true,"message":"发送完成，成功1个，失败0个[]","data":{"success":[{"group_id":3646934744,"group_link":"https:\/\/t.me\/+BrIuI_-gkNhhYTE0","type":"megagroup","message":"发送成功","message_id":10320}],"failed":[],"debug":["处理标识符: https:\/\/t.me\/+BrIuI_-gkNhhYTE0, 清理后: https:\/\/t.me\/+BrIuI_-gkNhhYTE0, 识别为链接: True, 识别为数字ID: False","文件1有效: \/www\/wwwroot\/tdata.tgbota.top\/public\/uploads\/admin\/202512\/693ae5dc56522.jpg (33006字节)","发送单个文件: \/www\/wwwroot\/tdata.tgbota.top\/public\/uploads\/admin\/202512\/693ae5dc56522.jpg"],"warning":""},"api_address":"185.165.170.142:5123"}
[2026-02-19T23:30:50+08:00][info] 消息ID缓存成功: task_id=35, group_id=https://t.me/+BrIuI_-gkNhhYTE0, msg_index=1736, message_id=10320, send_user_id=2539
[2026-02-19T23:30:50+08:00][info] 消息状态标记为已发送: task_id=35, group_id=https://t.me/+BrIuI_-gkNhhYTE0, msg_index=1736
[2026-02-19T23:30:50+08:00][info] 任务 35 将在 90 秒后继续处理下一条消息，索引: 1737, 实例ID: task_35_index_1737_1771515050.3432
[2026-02-19T23:30:50+08:00][info] 开始处理队列任务: task_id=28, current_index=1655
[2026-02-19T23:30:50+08:00][info] 消息缓存初始化完成: task_id=28, groups=https://t.me/+Hg62NsrbOCZmZmY8
[2026-02-19T23:30:50+08:00][info] 任务 28 第 3 次循环，重置群组 https://t.me/+Hg62NsrbOCZmZmY8 消息状态
[2026-02-19T23:30:50+08:00][info] 使用消息配置中指定的用户 2322 的 session_path/www/wwwroot/tdata.tgbota.top/public/uploads/admin/202601/6971e94ea480a/16157046447/tdata/temp_7968660997.session
[2026-02-19T23:30:51+08:00][info] 返回:{"status":true,"message":"发送完成，成功1个，失败0个[]","data":{"success":[{"group_id":3770869551,"group_link":"https:\/\/t.me\/+ZpSvBhFQCCEwMzdk","type":"megagroup","message":"发送成功","message_id":529}],"failed":[],"debug":["处理标识符: https:\/\/t.me\/+ZpSvBhFQCCEwMzdk, 清理后: https:\/\/t.me\/+ZpSvBhFQCCEwMzdk, 识别为链接: True, 识别为数字ID: False"],"warning":""},"api_address":"185.165.170.142:5035"}
[2026-02-19T23:30:51+08:00][info] 消息ID缓存成功: task_id=39, group_id=https://t.me/+ZpSvBhFQCCEwMzdk, msg_index=375, message_id=529, send_user_id=3019
[2026-02-19T23:30:51+08:00][info] 消息状态标记为已发送: task_id=39, group_id=https://t.me/+ZpSvBhFQCCEwMzdk, msg_index=375
[2026-02-19T23:30:52+08:00][info] 任务 39 将在 80 秒后继续处理下一条消息，索引: 376, 实例ID: task_39_index_376_1771515052.2081
[2026-02-19T23:30:53+08:00][info] 返回:{"status":true,"message":"发送完成，成功1个，失败0个[]","data":{"success":[{"group_id":3657218256,"group_link":"https:\/\/t.me\/+Hg62NsrbOCZmZmY8","type":"megagroup","message":"发送成功","message_id":21686}],"failed":[],"debug":["处理标识符: https:\/\/t.me\/+Hg62NsrbOCZmZmY8, 清理后: https:\/\/t.me\/+Hg62NsrbOCZmZmY8, 识别为链接: True, 识别为数字ID: False"],"warning":""},"api_address":"185.165.170.142:5057"}
[2026-02-19T23:30:53+08:00][info] 消息ID缓存成功: task_id=28, group_id=https://t.me/+Hg62NsrbOCZmZmY8, msg_index=1655, message_id=21686, send_user_id=2322
[2026-02-19T23:30:53+08:00][info] 消息状态标记为已发送: task_id=28, group_id=https://t.me/+Hg62NsrbOCZmZmY8, msg_index=1655
[2026-02-19T23:30:53+08:00][info] 任务 28 将在 90 秒后继续处理下一条消息，索引: 1656, 实例ID: task_28_index_1656_1771515053.2321
[2026-02-19T23:31:00+08:00][info] 开始处理队列任务: task_id=31, current_index=1656
[2026-02-19T23:31:01+08:00][info] 消息缓存初始化完成: task_id=31, groups=https://t.me/+4azhFwWhx1czMzE0
[2026-02-19T23:31:01+08:00][info] 任务 31 第 3 次循环，重置群组 https://t.me/+4azhFwWhx1czMzE0 消息状态
[2026-02-19T23:31:01+08:00][info] 使用消息配置中指定的用户 1312 的 session_path/www/wwwroot/tdata.tgbota.top/public/uploads/admin/202512/695387359e84b/8615211864107/tdata/temp_8175983174.session
[2026-02-19T23:31:03+08:00][info] 返回:{"status":true,"message":"发送完成，成功1个，失败0个[]","data":{"success":[{"group_id":3079998653,"group_link":"https:\/\/t.me\/+4azhFwWhx1czMzE0","type":"megagroup","message":"发送成功","message_id":14509}],"failed":[],"debug":["处理标识符: https:\/\/t.me\/+4azhFwWhx1czMzE0, 清理后: https:\/\/t.me\/+4azhFwWhx1czMzE0, 识别为链接: True, 识别为数字ID: False"],"warning":""},"api_address":"185.165.170.142:5104"}
[2026-02-19T23:31:03+08:00][info] 消息ID缓存成功: task_id=31, group_id=https://t.me/+4azhFwWhx1czMzE0, msg_index=1656, message_id=14509, send_user_id=1312
[2026-02-19T23:31:03+08:00][info] 消息状态标记为已发送: task_id=31, group_id=https://t.me/+4azhFwWhx1czMzE0, msg_index=1656
[2026-02-19T23:31:03+08:00][info] 任务 31 将在 87 秒后继续处理下一条消息，索引: 1657, 实例ID: task_31_index_1657_1771515063.2556
[2026-02-19T23:31:09+08:00][info] 开始处理队列任务: task_id=36, current_index=1687
[2026-02-19T23:31:09+08:00][info] 消息缓存初始化完成: task_id=36, groups=https://t.me/+o12qlRNkdiViMjE0
[2026-02-19T23:31:09+08:00][info] 任务 36 第 3 次循环，重置群组 https://t.me/+o12qlRNkdiViMjE0 消息状态
[2026-02-19T23:31:09+08:00][info] 使用feedbackType=1687的消息ID: 10331
[2026-02-19T23:31:09+08:00][info] 使用消息配置中指定的用户 2453 的 session_path/www/wwwroot/tdata.tgbota.top/public/uploads/admin/202602/69862ac4b6550/817043553156/tdata/temp_8399945568.session
[2026-02-19T23:31:11+08:00][info] 返回:{"status":true,"message":"发送完成，成功1个，失败0个[]","data":{"success":[{"group_id":3479387283,"group_link":"https:\/\/t.me\/+o12qlRNkdiViMjE0","type":"megagroup","message":"发送成功","message_id":10332}],"failed":[],"debug":["处理标识符: https:\/\/t.me\/+o12qlRNkdiViMjE0, 清理后: https:\/\/t.me\/+o12qlRNkdiViMjE0, 识别为链接: True, 识别为数字ID: False"],"warning":""},"api_address":"185.165.170.142:5037"}
[2026-02-19T23:31:11+08:00][info] 消息ID缓存成功: task_id=36, group_id=https://t.me/+o12qlRNkdiViMjE0, msg_index=1687, message_id=10332, send_user_id=2453
[2026-02-19T23:31:11+08:00][info] 消息状态标记为已发送: task_id=36, group_id=https://t.me/+o12qlRNkdiViMjE0, msg_index=1687
[2026-02-19T23:31:11+08:00][info] 任务 36 将在 100 秒后继续处理下一条消息，索引: 1688, 实例ID: task_36_index_1688_1771515071.8632
[2026-02-19T23:31:16+08:00][info] 开始处理队列任务: task_id=38, current_index=376
[2026-02-19T23:31:16+08:00][info] 使用消息配置中指定的用户 3018 的 session_path/www/wwwroot/tdata.tgbota.top/public/uploads/admin/202602/699625adf380f/14709705753/tdata/temp_8274865439.session
[2026-02-19T23:31:18+08:00][info] 返回:{"status":true,"message":"发送完成，成功1个，失败0个[]","data":{"success":[{"group_id":3794396962,"group_link":"https:\/\/t.me\/+69dYKDni-wFmYWE0","type":"megagroup","message":"发送成功","message_id":530}],"failed":[],"debug":["处理标识符: https:\/\/t.me\/+69dYKDni-wFmYWE0, 清理后: https:\/\/t.me\/+69dYKDni-wFmYWE0, 识别为链接: True, 识别为数字ID: False"],"warning":""},"api_address":"185.165.170.142:5034"}
[2026-02-19T23:31:18+08:00][info] 消息ID缓存成功: task_id=38, group_id=https://t.me/+69dYKDni-wFmYWE0, msg_index=376, message_id=530, send_user_id=3018
[2026-02-19T23:31:18+08:00][info] 消息状态标记为已发送: task_id=38, group_id=https://t.me/+69dYKDni-wFmYWE0, msg_index=376
[2026-02-19T23:31:18+08:00][info] 任务 38 将在 90 秒后继续处理下一条消息，索引: 377, 实例ID: task_38_index_377_1771515078.8778
[2026-02-19T23:31:34+08:00][info] 开始处理队列任务: task_id=29, current_index=1651
[2026-02-19T23:31:34+08:00][info] 消息缓存初始化完成: task_id=29, groups=https://t.me/+WZlsKfz1W89jYjE0
[2026-02-19T23:31:34+08:00][info] 任务 29 第 3 次循环，重置群组 https://t.me/+WZlsKfz1W89jYjE0 消息状态
[2026-02-19T23:31:34+08:00][info] 使用当前发送用户 1883 的 session_path/www/wwwroot/tdata.tgbota.top/public/uploads/admin/202601/6960a58a3f18c/13613138502/tdata/temp_8259534722.session
[2026-02-19T23:31:35+08:00][info] 开始处理队列任务: task_id=34, current_index=1523
[2026-02-19T23:31:35+08:00][info] 消息缓存初始化完成: task_id=34, groups=https://t.me/+CUyn8iqnQwEzNDY0
[2026-02-19T23:31:35+08:00][info] 任务 34 第 2 次循环，重置群组 https://t.me/+CUyn8iqnQwEzNDY0 消息状态
[2026-02-19T23:31:35+08:00][info] 使用feedbackType=1523的消息ID: 10266
[2026-02-19T23:31:35+08:00][info] 使用消息配置中指定的用户 2554 的 session_path/www/wwwroot/tdata.tgbota.top/public/uploads/admin/202602/69862ac4b6550/818014595083/tdata/temp_7616162343.session
[2026-02-19T23:31:37+08:00][info] 返回:{"status":true,"message":"发送完成，成功1个，失败0个[]","data":{"success":[{"group_id":3780502866,"group_link":"https:\/\/t.me\/+WZlsKfz1W89jYjE0","type":"megagroup","message":"发送成功","message_id":21745}],"failed":[],"debug":["处理标识符: https:\/\/t.me\/+WZlsKfz1W89jYjE0, 清理后: https:\/\/t.me\/+WZlsKfz1W89jYjE0, 识别为链接: True, 识别为数字ID: False"],"warning":""},"api_address":"185.165.170.142:5071"}
[2026-02-19T23:31:37+08:00][info] 消息ID缓存成功: task_id=29, group_id=https://t.me/+WZlsKfz1W89jYjE0, msg_index=1651, message_id=21745, send_user_id=1883
[2026-02-19T23:31:37+08:00][info] 消息状态标记为已发送: task_id=29, group_id=https://t.me/+WZlsKfz1W89jYjE0, msg_index=1651
[2026-02-19T23:31:37+08:00][info] 任务 29 将在 90 秒后继续处理下一条消息，索引: 1652, 实例ID: task_29_index_1652_1771515097.1395
[2026-02-19T23:31:37+08:00][info] 返回:{"status":true,"message":"发送完成，成功1个，失败0个[]","data":{"success":[{"group_id":3719450736,"group_link":"https:\/\/t.me\/+CUyn8iqnQwEzNDY0","type":"megagroup","message":"发送成功","message_id":10267}],"failed":[],"debug":["处理标识符: https:\/\/t.me\/+CUyn8iqnQwEzNDY0, 清理后: https:\/\/t.me\/+CUyn8iqnQwEzNDY0, 识别为链接: True, 识别为数字ID: False"],"warning":""},"api_address":"185.165.170.142:5138"}
[2026-02-19T23:31:37+08:00][info] 消息ID缓存成功: task_id=34, group_id=https://t.me/+CUyn8iqnQwEzNDY0, msg_index=1523, message_id=10267, send_user_id=2554
[2026-02-19T23:31:37+08:00][info] 消息状态标记为已发送: task_id=34, group_id=https://t.me/+CUyn8iqnQwEzNDY0, msg_index=1523
[2026-02-19T23:31:37+08:00][info] 任务 34 将在 95 秒后继续处理下一条消息，索引: 1524, 实例ID: task_34_index_1524_1771515097.6622
[2026-02-19T23:31:40+08:00][info] 开始处理队列任务: task_id=40, current_index=374
[2026-02-19T23:31:40+08:00][info] 使用当前发送用户 3020 的 session_path/www/wwwroot/tdata.tgbota.top/public/uploads/admin/202602/699625adf380f/14724440854/tdata/temp_8583372021.session
[2026-02-19T23:31:43+08:00][info] 返回:{"status":true,"message":"发送完成，成功1个，失败0个[]","data":{"success":[{"group_id":3799666589,"group_link":"https:\/\/t.me\/+IfyZ_OVthdI5YzNk","type":"megagroup","message":"发送成功","message_id":529}],"failed":[],"debug":["处理标识符: https:\/\/t.me\/+IfyZ_OVthdI5YzNk, 清理后: https:\/\/t.me\/+IfyZ_OVthdI5YzNk, 识别为链接: True, 识别为数字ID: False"],"warning":""},"api_address":"185.165.170.142:5036"}
[2026-02-19T23:31:43+08:00][info] 消息ID缓存成功: task_id=40, group_id=https://t.me/+IfyZ_OVthdI5YzNk, msg_index=374, message_id=529, send_user_id=3020
[2026-02-19T23:31:43+08:00][info] 消息状态标记为已发送: task_id=40, group_id=https://t.me/+IfyZ_OVthdI5YzNk, msg_index=374
[2026-02-19T23:31:43+08:00][info] 任务 40 将在 70 秒后继续处理下一条消息，索引: 375, 实例ID: task_40_index_375_1771515103.5118
[2026-02-19T23:31:57+08:00][info] 开始处理队列任务: task_id=27, current_index=1619
[2026-02-19T23:31:58+08:00][info] 消息缓存初始化完成: task_id=27, groups=https://t.me/+_XaTo9Qrv0VjOTM0
[2026-02-19T23:31:58+08:00][info] 任务 27 第 3 次循环，重置群组 https://t.me/+_XaTo9Qrv0VjOTM0 消息状态
[2026-02-19T23:31:58+08:00][info] 使用消息配置中指定的用户 1306 的 session_path/www/wwwroot/tdata.tgbota.top/public/uploads/admin/202512/695387359e84b/8615211864541/tdata/temp_8070129982.session
[2026-02-19T23:31:59+08:00][info] 返回:{"status":true,"message":"发送完成，成功1个，失败0个[]","data":{"success":[{"group_id":3649225144,"group_link":"https:\/\/t.me\/+_XaTo9Qrv0VjOTM0","type":"megagroup","message":"发送成功","message_id":33233}],"failed":[],"debug":["处理标识符: https:\/\/t.me\/+_XaTo9Qrv0VjOTM0, 清理后: https:\/\/t.me\/+_XaTo9Qrv0VjOTM0, 识别为链接: True, 识别为数字ID: False"],"warning":""},"api_address":"185.165.170.142:5098"}
[2026-02-19T23:31:59+08:00][info] 消息ID缓存成功: task_id=27, group_id=https://t.me/+_XaTo9Qrv0VjOTM0, msg_index=1619, message_id=33233, send_user_id=1306
[2026-02-19T23:31:59+08:00][info] 消息状态标记为已发送: task_id=27, group_id=https://t.me/+_XaTo9Qrv0VjOTM0, msg_index=1619
[2026-02-19T23:31:59+08:00][info] 任务 27 将在 80 秒后继续处理下一条消息，索引: 1620, 实例ID: task_27_index_1620_1771515119.8393
[2026-02-19T23:32:13+08:00][info] 开始处理队列任务: task_id=39, current_index=376
[2026-02-19T23:32:13+08:00][info] 使用消息配置中指定的用户 3018 的 session_path/www/wwwroot/tdata.tgbota.top/public/uploads/admin/202602/699625adf380f/14709705753/tdata/temp_8274865439.session
[2026-02-19T23:32:19+08:00][info] 返回:{"status":true,"message":"发送完成，成功1个，失败0个[]","data":{"success":[{"group_id":3770869551,"group_link":"https:\/\/t.me\/+ZpSvBhFQCCEwMzdk","type":"megagroup","message":"发送成功","message_id":530}],"failed":[],"debug":["处理标识符: https:\/\/t.me\/+ZpSvBhFQCCEwMzdk, 清理后: https:\/\/t.me\/+ZpSvBhFQCCEwMzdk, 识别为链接: True, 识别为数字ID: False"],"warning":""},"api_address":"185.165.170.142:5034"}
[2026-02-19T23:32:19+08:00][info] 消息ID缓存成功: task_id=39, group_id=https://t.me/+ZpSvBhFQCCEwMzdk, msg_index=376, message_id=530, send_user_id=3018
[2026-02-19T23:32:19+08:00][info] 消息状态标记为已发送: task_id=39, group_id=https://t.me/+ZpSvBhFQCCEwMzdk, msg_index=376
[2026-02-19T23:32:19+08:00][info] 任务 39 将在 90 秒后继续处理下一条消息，索引: 377, 实例ID: task_39_index_377_1771515139.7372
[2026-02-19T23:32:20+08:00][info] 开始处理队列任务: task_id=35, current_index=1737
[2026-02-19T23:32:21+08:00][info] 消息缓存初始化完成: task_id=35, groups=https://t.me/+BrIuI_-gkNhhYTE0
[2026-02-19T23:32:21+08:00][info] 任务 35 第 3 次循环，重置群组 https://t.me/+BrIuI_-gkNhhYTE0 消息状态
[2026-02-19T23:32:21+08:00][info] 使用消息配置中指定的用户 2538 的 session_path/www/wwwroot/tdata.tgbota.top/public/uploads/admin/202602/69862ac4b6550/818013400546/tdata/temp_8527955461.session
[2026-02-19T23:32:22+08:00][info] 返回:{"status":true,"message":"发送完成，成功1个，失败0个[]","data":{"success":[{"group_id":3646934744,"group_link":"https:\/\/t.me\/+BrIuI_-gkNhhYTE0","type":"megagroup","message":"发送成功","message_id":10321}],"failed":[],"debug":["处理标识符: https:\/\/t.me\/+BrIuI_-gkNhhYTE0, 清理后: https:\/\/t.me\/+BrIuI_-gkNhhYTE0, 识别为链接: True, 识别为数字ID: False"],"warning":""},"api_address":"185.165.170.142:5122"}
[2026-02-19T23:32:22+08:00][info] 消息ID缓存成功: task_id=35, group_id=https://t.me/+BrIuI_-gkNhhYTE0, msg_index=1737, message_id=10321, send_user_id=2538
[2026-02-19T23:32:22+08:00][info] 消息状态标记为已发送: task_id=35, group_id=https://t.me/+BrIuI_-gkNhhYTE0, msg_index=1737
[2026-02-19T23:32:22+08:00][info] 任务 35 将在 78 秒后继续处理下一条消息，索引: 1738, 实例ID: task_35_index_1738_1771515142.9271
[2026-02-19T23:32:23+08:00][info] 开始处理队列任务: task_id=28, current_index=1656
[2026-02-19T23:32:25+08:00][info] 消息缓存初始化完成: task_id=28, groups=https://t.me/+Hg62NsrbOCZmZmY8
[2026-02-19T23:32:25+08:00][info] 任务 28 第 3 次循环，重置群组 https://t.me/+Hg62NsrbOCZmZmY8 消息状态
[2026-02-19T23:32:25+08:00][info] 使用消息配置中指定的用户 1312 的 session_path/www/wwwroot/tdata.tgbota.top/public/uploads/admin/202512/695387359e84b/8615211864107/tdata/temp_8175983174.session
[2026-02-19T23:32:27+08:00][info] 返回:{"status":true,"message":"发送完成，成功1个，失败0个[]","data":{"success":[{"group_id":3657218256,"group_link":"https:\/\/t.me\/+Hg62NsrbOCZmZmY8","type":"megagroup","message":"发送成功","message_id":21687}],"failed":[],"debug":["处理标识符: https:\/\/t.me\/+Hg62NsrbOCZmZmY8, 清理后: https:\/\/t.me\/+Hg62NsrbOCZmZmY8, 识别为链接: True, 识别为数字ID: False"],"warning":""},"api_address":"185.165.170.142:5104"}
[2026-02-19T23:32:27+08:00][info] 消息ID缓存成功: task_id=28, group_id=https://t.me/+Hg62NsrbOCZmZmY8, msg_index=1656, message_id=21687, send_user_id=1312
[2026-02-19T23:32:27+08:00][info] 消息状态标记为已发送: task_id=28, group_id=https://t.me/+Hg62NsrbOCZmZmY8, msg_index=1656
[2026-02-19T23:32:27+08:00][info] 任务 28 将在 87 秒后继续处理下一条消息，索引: 1657, 实例ID: task_28_index_1657_1771515147.1381
[2026-02-19T23:32:27+08:00][info] 开始处理队列任务: task_id=33, current_index=1523
[2026-02-19T23:32:27+08:00][info] 消息缓存初始化完成: task_id=33, groups=https://t.me/+wcqRUxDn6zczYmM0
[2026-02-19T23:32:27+08:00][info] 任务 33 第 2 次循环，重置群组 https://t.me/+wcqRUxDn6zczYmM0 消息状态
[2026-02-19T23:32:27+08:00][info] 使用feedbackType=1523的消息ID: 10105
[2026-02-19T23:32:27+08:00][info] 使用消息配置中指定的用户 2554 的 session_path/www/wwwroot/tdata.tgbota.top/public/uploads/admin/202602/69862ac4b6550/818014595083/tdata/temp_7616162343.session
[2026-02-19T23:32:28+08:00][info] 开始处理队列任务: task_id=37, current_index=1724
[2026-02-19T23:32:28+08:00][info] 消息缓存初始化完成: task_id=37, groups=https://t.me/+DUAGbZI5vW41NWI8
[2026-02-19T23:32:28+08:00][info] 任务 37 第 3 次循环，重置群组 https://t.me/+DUAGbZI5vW41NWI8 消息状态
[2026-02-19T23:32:29+08:00][info] 使用消息配置中指定的用户 2547 的 session_path/www/wwwroot/tdata.tgbota.top/public/uploads/admin/202602/69862ac4b6550/818014391722/tdata/temp_8287341119.session
[2026-02-19T23:32:29+08:00][info] 返回:{"status":true,"message":"发送完成，成功1个，失败0个[]","data":{"success":[{"group_id":3658905404,"group_link":"https:\/\/t.me\/+wcqRUxDn6zczYmM0","type":"megagroup","message":"发送成功","message_id":10106}],"failed":[],"debug":["处理标识符: https:\/\/t.me\/+wcqRUxDn6zczYmM0, 清理后: https:\/\/t.me\/+wcqRUxDn6zczYmM0, 识别为链接: True, 识别为数字ID: False"],"warning":""},"api_address":"185.165.170.142:5138"}
[2026-02-19T23:32:29+08:00][info] 消息ID缓存成功: task_id=33, group_id=https://t.me/+wcqRUxDn6zczYmM0, msg_index=1523, message_id=10106, send_user_id=2554
[2026-02-19T23:32:29+08:00][info] 消息状态标记为已发送: task_id=33, group_id=https://t.me/+wcqRUxDn6zczYmM0, msg_index=1523
[2026-02-19T23:32:29+08:00][info] 任务 33 将在 95 秒后继续处理下一条消息，索引: 1524, 实例ID: task_33_index_1524_1771515149.4871
[2026-02-19T23:32:30+08:00][info] 返回:{"status":true,"message":"发送完成，成功1个，失败0个[]","data":{"success":[{"group_id":3732578862,"group_link":"https:\/\/t.me\/+DUAGbZI5vW41NWI8","type":"megagroup","message":"发送成功","message_id":8498}],"failed":[],"debug":["处理标识符: https:\/\/t.me\/+DUAGbZI5vW41NWI8, 清理后: https:\/\/t.me\/+DUAGbZI5vW41NWI8, 识别为链接: True, 识别为数字ID: False"],"warning":""},"api_address":"185.165.170.142:5131"}
[2026-02-19T23:32:30+08:00][info] 消息ID缓存成功: task_id=37, group_id=https://t.me/+DUAGbZI5vW41NWI8, msg_index=1724, message_id=8498, send_user_id=2547
[2026-02-19T23:32:30+08:00][info] 消息状态标记为已发送: task_id=37, group_id=https://t.me/+DUAGbZI5vW41NWI8, msg_index=1724
[2026-02-19T23:32:31+08:00][info] 任务 37 将在 79 秒后继续处理下一条消息，索引: 1725, 实例ID: task_37_index_1725_1771515151.0835
[2026-02-19T23:32:31+08:00][info] 开始处理队列任务: task_id=31, current_index=1657
[2026-02-19T23:32:31+08:00][info] 消息缓存初始化完成: task_id=31, groups=https://t.me/+4azhFwWhx1czMzE0
[2026-02-19T23:32:31+08:00][info] 任务 31 第 3 次循环，重置群组 https://t.me/+4azhFwWhx1czMzE0 消息状态
[2026-02-19T23:32:31+08:00][info] 使用当前发送用户 2293 的 session_path/www/wwwroot/tdata.tgbota.top/public/uploads/admin/202601/6971e94ea480a/16099935602/tdata/temp_8178523847.session
[2026-02-19T23:32:33+08:00][info] 返回:{"status":true,"message":"发送完成，成功1个，失败0个[]","data":{"success":[{"group_id":3079998653,"group_link":"https:\/\/t.me\/+4azhFwWhx1czMzE0","type":"megagroup","message":"发送成功","message_id":14510}],"failed":[],"debug":["处理标识符: https:\/\/t.me\/+4azhFwWhx1czMzE0, 清理后: https:\/\/t.me\/+4azhFwWhx1czMzE0, 识别为链接: True, 识别为数字ID: False"],"warning":""},"api_address":"185.165.170.142:5028"}
[2026-02-19T23:32:33+08:00][info] 消息ID缓存成功: task_id=31, group_id=https://t.me/+4azhFwWhx1czMzE0, msg_index=1657, message_id=14510, send_user_id=2293
[2026-02-19T23:32:33+08:00][info] 消息状态标记为已发送: task_id=31, group_id=https://t.me/+4azhFwWhx1czMzE0, msg_index=1657
[2026-02-19T23:32:33+08:00][info] 任务 31 将在 90 秒后继续处理下一条消息，索引: 1658, 实例ID: task_31_index_1658_1771515153.8979
[2026-02-19T23:32:35+08:00][info] 开始处理队列任务: task_id=25, current_index=1651
[2026-02-19T23:32:35+08:00][info] 消息缓存初始化完成: task_id=25, groups=https://t.me/+HZFEhfAwKjhmZDZk
[2026-02-19T23:32:35+08:00][info] 任务 25 第 3 次循环，重置群组 https://t.me/+HZFEhfAwKjhmZDZk 消息状态
[2026-02-19T23:32:35+08:00][info] 使用当前发送用户 1883 的 session_path/www/wwwroot/tdata.tgbota.top/public/uploads/admin/202601/6960a58a3f18c/13613138502/tdata/temp_8259534722.session
[2026-02-19T23:32:38+08:00][info] 返回:{"status":true,"message":"发送完成，成功1个，失败0个[]","data":{"success":[{"group_id":3482989339,"group_link":"https:\/\/t.me\/+HZFEhfAwKjhmZDZk","type":"megagroup","message":"发送成功","message_id":30205}],"failed":[],"debug":["处理标识符: https:\/\/t.me\/+HZFEhfAwKjhmZDZk, 清理后: https:\/\/t.me\/+HZFEhfAwKjhmZDZk, 识别为链接: True, 识别为数字ID: False"],"warning":""},"api_address":"185.165.170.142:5071"}
[2026-02-19T23:32:38+08:00][info] 消息ID缓存成功: task_id=25, group_id=https://t.me/+HZFEhfAwKjhmZDZk, msg_index=1651, message_id=30205, send_user_id=1883
[2026-02-19T23:32:38+08:00][info] 消息状态标记为已发送: task_id=25, group_id=https://t.me/+HZFEhfAwKjhmZDZk, msg_index=1651
[2026-02-19T23:32:38+08:00][info] 任务 25 将在 90 秒后继续处理下一条消息，索引: 1652, 实例ID: task_25_index_1652_1771515158.4882
[2026-02-19T23:32:48+08:00][info] 开始处理队列任务: task_id=38, current_index=377
[2026-02-19T23:32:49+08:00][info] 使用feedbackType=376的消息ID: 529
[2026-02-19T23:32:49+08:00][info] 使用消息配置中指定的用户 3017 的 session_path/www/wwwroot/tdata.tgbota.top/public/uploads/admin/202602/699625adf380f/14706727352/tdata/temp_8387842087.session
[2026-02-19T23:32:51+08:00][info] 返回:{"status":true,"message":"发送完成，成功1个，失败0个[]","data":{"success":[{"group_id":3794396962,"group_link":"https:\/\/t.me\/+69dYKDni-wFmYWE0","type":"megagroup","message":"发送成功","message_id":531}],"failed":[],"debug":["处理标识符: https:\/\/t.me\/+69dYKDni-wFmYWE0, 清理后: https:\/\/t.me\/+69dYKDni-wFmYWE0, 识别为链接: True, 识别为数字ID: False"],"warning":""},"api_address":"185.165.170.142:5033"}
[2026-02-19T23:32:51+08:00][info] 消息ID缓存成功: task_id=38, group_id=https://t.me/+69dYKDni-wFmYWE0, msg_index=377, message_id=531, send_user_id=3017
[2026-02-19T23:32:51+08:00][info] 消息状态标记为已发送: task_id=38, group_id=https://t.me/+69dYKDni-wFmYWE0, msg_index=377
[2026-02-19T23:32:51+08:00][info] 任务 38 将在 100 秒后继续处理下一条消息，索引: 378, 实例ID: task_38_index_378_1771515171.9679
[2026-02-19T23:32:52+08:00][info] 开始处理队列任务: task_id=36, current_index=1688
[2026-02-19T23:32:52+08:00][info] 消息缓存初始化完成: task_id=36, groups=https://t.me/+o12qlRNkdiViMjE0
[2026-02-19T23:32:52+08:00][info] 任务 36 第 3 次循环，重置群组 https://t.me/+o12qlRNkdiViMjE0 消息状态
[2026-02-19T23:32:52+08:00][info] 使用消息配置中指定的用户 2446 的 session_path/www/wwwroot/tdata.tgbota.top/public/uploads/admin/202602/69862ac4b6550/817041410104/tdata/temp_8445594347.session
[2026-02-19T23:32:53+08:00][info] 开始处理队列任务: task_id=40, current_index=375
[2026-02-19T23:32:53+08:00][info] 使用消息配置中指定的用户 3019 的 session_path/www/wwwroot/tdata.tgbota.top/public/uploads/admin/202602/699625adf380f/14707064744/tdata/temp_8591262176.session
[2026-02-19T23:32:53+08:00][info] 返回:{"status":true,"message":"发送完成，成功1个，失败0个[]","data":{"success":[{"group_id":3479387283,"group_link":"https:\/\/t.me\/+o12qlRNkdiViMjE0","type":"megagroup","message":"发送成功","message_id":10333}],"failed":[],"debug":["处理标识符: https:\/\/t.me\/+o12qlRNkdiViMjE0, 清理后: https:\/\/t.me\/+o12qlRNkdiViMjE0, 识别为链接: True, 识别为数字ID: False"],"warning":""},"api_address":"185.165.170.142:5030"}
[2026-02-19T23:32:53+08:00][info] 消息ID缓存成功: task_id=36, group_id=https://t.me/+o12qlRNkdiViMjE0, msg_index=1688, message_id=10333, send_user_id=2446
[2026-02-19T23:32:53+08:00][info] 消息状态标记为已发送: task_id=36, group_id=https://t.me/+o12qlRNkdiViMjE0, msg_index=1688
[2026-02-19T23:32:54+08:00][info] 任务 36 将在 85 秒后继续处理下一条消息，索引: 1689, 实例ID: task_36_index_1689_1771515174.0053
[2026-02-19T23:32:56+08:00][info] 返回:{"status":true,"message":"发送完成，成功1个，失败0个[]","data":{"success":[{"group_id":3799666589,"group_link":"https:\/\/t.me\/+IfyZ_OVthdI5YzNk","type":"megagroup","message":"发送成功","message_id":530}],"failed":[],"debug":["处理标识符: https:\/\/t.me\/+IfyZ_OVthdI5YzNk, 清理后: https:\/\/t.me\/+IfyZ_OVthdI5YzNk, 识别为链接: True, 识别为数字ID: False"],"warning":""},"api_address":"185.165.170.142:5035"}
[2026-02-19T23:32:56+08:00][info] 消息ID缓存成功: task_id=40, group_id=https://t.me/+IfyZ_OVthdI5YzNk, msg_index=375, message_id=530, send_user_id=3019
[2026-02-19T23:32:56+08:00][info] 消息状态标记为已发送: task_id=40, group_id=https://t.me/+IfyZ_OVthdI5YzNk, msg_index=375
[2026-02-19T23:32:56+08:00][info] 任务 40 将在 80 秒后继续处理下一条消息，索引: 376, 实例ID: task_40_index_376_1771515176.1567
[2026-02-19T23:33:07+08:00][info] 开始处理队列任务: task_id=29, current_index=1652
[2026-02-19T23:33:08+08:00][info] 消息缓存初始化完成: task_id=29, groups=https://t.me/+WZlsKfz1W89jYjE0
[2026-02-19T23:33:08+08:00][info] 任务 29 第 3 次循环，重置群组 https://t.me/+WZlsKfz1W89jYjE0 消息状态
[2026-02-19T23:33:08+08:00][info] 使用消息配置中指定的用户 2334 的 session_path/www/wwwroot/tdata.tgbota.top/public/uploads/admin/202601/6971e94ea480a/16076990831/tdata/temp_8339029543.session
[2026-02-19T23:33:10+08:00][info] 返回:{"status":true,"message":"发送完成，成功1个，失败0个[]","data":{"success":[{"group_id":3780502866,"group_link":"https:\/\/t.me\/+WZlsKfz1W89jYjE0","type":"megagroup","message":"发送成功","message_id":21746}],"failed":[],"debug":["处理标识符: https:\/\/t.me\/+WZlsKfz1W89jYjE0, 清理后: https:\/\/t.me\/+WZlsKfz1W89jYjE0, 识别为链接: True, 识别为数字ID: False"],"warning":""},"api_address":"185.165.170.142:5069"}
[2026-02-19T23:33:10+08:00][info] 消息ID缓存成功: task_id=29, group_id=https://t.me/+WZlsKfz1W89jYjE0, msg_index=1652, message_id=21746, send_user_id=2334
[2026-02-19T23:33:10+08:00][info] 消息状态标记为已发送: task_id=29, group_id=https://t.me/+WZlsKfz1W89jYjE0, msg_index=1652
[2026-02-19T23:33:10+08:00][info] 任务 29 将在 95 秒后继续处理下一条消息，索引: 1653, 实例ID: task_29_index_1653_1771515190.6373
[2026-02-19T23:33:12+08:00][info] 开始处理队列任务: task_id=34, current_index=1524
[2026-02-19T23:33:12+08:00][info] 消息缓存初始化完成: task_id=34, groups=https://t.me/+CUyn8iqnQwEzNDY0
[2026-02-19T23:33:12+08:00][info] 任务 34 第 2 次循环，重置群组 https://t.me/+CUyn8iqnQwEzNDY0 消息状态
[2026-02-19T23:33:12+08:00][info] 使用当前发送用户 2418 的 session_path/www/wwwroot/tdata.tgbota.top/public/uploads/admin/202602/69862ac4b6550/818014389488/tdata/temp_8001677536.session
[2026-02-19T23:33:14+08:00][info] 返回:{"status":true,"message":"发送完成，成功1个，失败0个[]","data":{"success":[{"group_id":3719450736,"group_link":"https:\/\/t.me\/+CUyn8iqnQwEzNDY0","type":"megagroup","message":"发送成功","message_id":10268}],"failed":[],"debug":["处理标识符: https:\/\/t.me\/+CUyn8iqnQwEzNDY0, 清理后: https:\/\/t.me\/+CUyn8iqnQwEzNDY0, 识别为链接: True, 识别为数字ID: False"],"warning":""},"api_address":"185.165.170.142:5002"}
[2026-02-19T23:33:14+08:00][info] 消息ID缓存成功: task_id=34, group_id=https://t.me/+CUyn8iqnQwEzNDY0, msg_index=1524, message_id=10268, send_user_id=2418
[2026-02-19T23:33:14+08:00][info] 消息状态标记为已发送: task_id=34, group_id=https://t.me/+CUyn8iqnQwEzNDY0, msg_index=1524
[2026-02-19T23:33:14+08:00][info] 任务 34 将在 105 秒后继续处理下一条消息，索引: 1525, 实例ID: task_34_index_1525_1771515194.1601
[2026-02-19T23:33:19+08:00][info] 开始处理队列任务: task_id=27, current_index=1620
[2026-02-19T23:33:19+08:00][info] 消息缓存初始化完成: task_id=27, groups=https://t.me/+_XaTo9Qrv0VjOTM0
[2026-02-19T23:33:19+08:00][info] 任务 27 第 3 次循环，重置群组 https://t.me/+_XaTo9Qrv0VjOTM0 消息状态
[2026-02-19T23:33:19+08:00][info] 使用消息配置中指定的用户 2329 的 session_path/www/wwwroot/tdata.tgbota.top/public/uploads/admin/202601/6971e94ea480a/16156946690/tdata/temp_8306595883.session
[2026-02-19T23:33:22+08:00][info] 返回:{"status":true,"message":"发送完成，成功1个，失败0个[]","data":{"success":[{"group_id":3649225144,"group_link":"https:\/\/t.me\/+_XaTo9Qrv0VjOTM0","type":"megagroup","message":"发送成功","message_id":33234}],"failed":[],"debug":["处理标识符: https:\/\/t.me\/+_XaTo9Qrv0VjOTM0, 清理后: https:\/\/t.me\/+_XaTo9Qrv0VjOTM0, 识别为链接: True, 识别为数字ID: False"],"warning":""},"api_address":"185.165.170.142:5064"}
[2026-02-19T23:33:22+08:00][info] 消息ID缓存成功: task_id=27, group_id=https://t.me/+_XaTo9Qrv0VjOTM0, msg_index=1620, message_id=33234, send_user_id=2329
[2026-02-19T23:33:22+08:00][info] 消息状态标记为已发送: task_id=27, group_id=https://t.me/+_XaTo9Qrv0VjOTM0, msg_index=1620
[2026-02-19T23:33:22+08:00][info] 任务 27 将在 95 秒后继续处理下一条消息，索引: 1621, 实例ID: task_27_index_1621_1771515202.4331
[2026-02-19T23:33:40+08:00][info] 开始处理队列任务: task_id=35, current_index=1738
[2026-02-19T23:33:40+08:00][info] 消息缓存初始化完成: task_id=35, groups=https://t.me/+BrIuI_-gkNhhYTE0
[2026-02-19T23:33:40+08:00][info] 任务 35 第 3 次循环，重置群组 https://t.me/+BrIuI_-gkNhhYTE0 消息状态
[2026-02-19T23:33:40+08:00][info] 使用feedbackType=1738的消息ID: 10321
[2026-02-19T23:33:40+08:00][info] 使用消息配置中指定的用户 2536 的 session_path/www/wwwroot/tdata.tgbota.top/public/uploads/admin/202602/69862ac4b6550/817044453819/tdata/temp_8437626552.session
[2026-02-19T23:33:43+08:00][info] 返回:{"status":true,"message":"发送完成，成功1个，失败0个[]","data":{"success":[{"group_id":3646934744,"group_link":"https:\/\/t.me\/+BrIuI_-gkNhhYTE0","type":"megagroup","message":"发送成功","message_id":10322}],"failed":[],"debug":["处理标识符: https:\/\/t.me\/+BrIuI_-gkNhhYTE0, 清理后: https:\/\/t.me\/+BrIuI_-gkNhhYTE0, 识别为链接: True, 识别为数字ID: False"],"warning":""},"api_address":"185.165.170.142:5120"}
[2026-02-19T23:33:43+08:00][info] 消息ID缓存成功: task_id=35, group_id=https://t.me/+BrIuI_-gkNhhYTE0, msg_index=1738, message_id=10322, send_user_id=2536
[2026-02-19T23:33:43+08:00][info] 消息状态标记为已发送: task_id=35, group_id=https://t.me/+BrIuI_-gkNhhYTE0, msg_index=1738
[2026-02-19T23:33:43+08:00][info] 任务 35 将在 98 秒后继续处理下一条消息，索引: 1739, 实例ID: task_35_index_1739_1771515223.1087
[2026-02-19T23:33:49+08:00][info] 开始处理队列任务: task_id=39, current_index=377
[2026-02-19T23:33:49+08:00][info] 使用feedbackType=376的消息ID: 529
[2026-02-19T23:33:49+08:00][info] 使用消息配置中指定的用户 3017 的 session_path/www/wwwroot/tdata.tgbota.top/public/uploads/admin/202602/699625adf380f/14706727352/tdata/temp_8387842087.session
[2026-02-19T23:33:50+08:00][info] 开始处理队列任务: task_id=37, current_index=1725
[2026-02-19T23:33:50+08:00][info] 消息缓存初始化完成: task_id=37, groups=https://t.me/+DUAGbZI5vW41NWI8
[2026-02-19T23:33:50+08:00][info] 任务 37 第 3 次循环，重置群组 https://t.me/+DUAGbZI5vW41NWI8 消息状态
[2026-02-19T23:33:50+08:00][info] 使用feedbackType=1725的消息ID: 8498
[2026-02-19T23:33:50+08:00][info] 使用消息配置中指定的用户 2549 的 session_path/www/wwwroot/tdata.tgbota.top/public/uploads/admin/202602/69862ac4b6550/818013978040/tdata/temp_8058992773.session
[2026-02-19T23:33:52+08:00][info] 返回:{"status":true,"message":"发送完成，成功1个，失败0个[]","data":{"success":[{"group_id":3770869551,"group_link":"https:\/\/t.me\/+ZpSvBhFQCCEwMzdk","type":"megagroup","message":"发送成功","message_id":531}],"failed":[],"debug":["处理标识符: https:\/\/t.me\/+ZpSvBhFQCCEwMzdk, 清理后: https:\/\/t.me\/+ZpSvBhFQCCEwMzdk, 识别为链接: True, 识别为数字ID: False"],"warning":""},"api_address":"185.165.170.142:5033"}
[2026-02-19T23:33:52+08:00][info] 消息ID缓存成功: task_id=39, group_id=https://t.me/+ZpSvBhFQCCEwMzdk, msg_index=377, message_id=531, send_user_id=3017
[2026-02-19T23:33:52+08:00][info] 消息状态标记为已发送: task_id=39, group_id=https://t.me/+ZpSvBhFQCCEwMzdk, msg_index=377
[2026-02-19T23:33:52+08:00][info] 任务 39 将在 100 秒后继续处理下一条消息，索引: 378, 实例ID: task_39_index_378_1771515232.3913
[2026-02-19T23:33:52+08:00][info] 返回:{"status":true,"message":"发送完成，成功1个，失败0个[]","data":{"success":[{"group_id":3732578862,"group_link":"https:\/\/t.me\/+DUAGbZI5vW41NWI8","type":"megagroup","message":"发送成功","message_id":8499}],"failed":[],"debug":["处理标识符: https:\/\/t.me\/+DUAGbZI5vW41NWI8, 清理后: https:\/\/t.me\/+DUAGbZI5vW41NWI8, 识别为链接: True, 识别为数字ID: False"],"warning":""},"api_address":"185.165.170.142:5133"}
[2026-02-19T23:33:52+08:00][info] 消息ID缓存成功: task_id=37, group_id=https://t.me/+DUAGbZI5vW41NWI8, msg_index=1725, message_id=8499, send_user_id=2549
[2026-02-19T23:33:52+08:00][info] 消息状态标记为已发送: task_id=37, group_id=https://t.me/+DUAGbZI5vW41NWI8, msg_index=1725
[2026-02-19T23:33:52+08:00][info] 任务 37 将在 99 秒后继续处理下一条消息，索引: 1726, 实例ID: task_37_index_1726_1771515232.5544
[2026-02-19T23:33:54+08:00][info] 开始处理队列任务: task_id=28, current_index=1657
[2026-02-19T23:33:54+08:00][info] 消息缓存初始化完成: task_id=28, groups=https://t.me/+Hg62NsrbOCZmZmY8
[2026-02-19T23:33:54+08:00][info] 任务 28 第 3 次循环，重置群组 https://t.me/+Hg62NsrbOCZmZmY8 消息状态
[2026-02-19T23:33:54+08:00][info] 使用当前发送用户 2293 的 session_path/www/wwwroot/tdata.tgbota.top/public/uploads/admin/202601/6971e94ea480a/16099935602/tdata/temp_8178523847.session
[2026-02-19T23:33:57+08:00][info] 返回:{"status":true,"message":"发送完成，成功1个，失败0个[]","data":{"success":[{"group_id":3657218256,"group_link":"https:\/\/t.me\/+Hg62NsrbOCZmZmY8","type":"megagroup","message":"发送成功","message_id":21688}],"failed":[],"debug":["处理标识符: https:\/\/t.me\/+Hg62NsrbOCZmZmY8, 清理后: https:\/\/t.me\/+Hg62NsrbOCZmZmY8, 识别为链接: True, 识别为数字ID: False"],"warning":""},"api_address":"185.165.170.142:5028"}
[2026-02-19T23:33:57+08:00][info] 消息ID缓存成功: task_id=28, group_id=https://t.me/+Hg62NsrbOCZmZmY8, msg_index=1657, message_id=21688, send_user_id=2293
[2026-02-19T23:33:57+08:00][info] 消息状态标记为已发送: task_id=28, group_id=https://t.me/+Hg62NsrbOCZmZmY8, msg_index=1657
[2026-02-19T23:33:57+08:00][info] 任务 28 将在 90 秒后继续处理下一条消息，索引: 1658, 实例ID: task_28_index_1658_1771515237.0865
[2026-02-19T23:34:03+08:00][info] 开始处理队列任务: task_id=31, current_index=1658
[2026-02-19T23:34:03+08:00][info] 消息缓存初始化完成: task_id=31, groups=https://t.me/+4azhFwWhx1czMzE0
[2026-02-19T23:34:03+08:00][info] 任务 31 第 3 次循环，重置群组 https://t.me/+4azhFwWhx1czMzE0 消息状态
[2026-02-19T23:34:03+08:00][info] 使用消息配置中指定的用户 2353 的 session_path/www/wwwroot/tdata.tgbota.top/public/uploads/admin/202601/6971e94ea480a/16109567456/tdata/temp_8438570224.session
[2026-02-19T23:34:04+08:00][info] 开始处理队列任务: task_id=33, current_index=1524
[2026-02-19T23:34:04+08:00][info] 消息缓存初始化完成: task_id=33, groups=https://t.me/+wcqRUxDn6zczYmM0
[2026-02-19T23:34:04+08:00][info] 任务 33 第 2 次循环，重置群组 https://t.me/+wcqRUxDn6zczYmM0 消息状态
[2026-02-19T23:34:04+08:00][info] 使用当前发送用户 2418 的 session_path/www/wwwroot/tdata.tgbota.top/public/uploads/admin/202602/69862ac4b6550/818014389488/tdata/temp_8001677536.session
[2026-02-19T23:34:05+08:00][info] 返回:{"status":true,"message":"发送完成，成功1个，失败0个[]","data":{"success":[{"group_id":3079998653,"group_link":"https:\/\/t.me\/+4azhFwWhx1czMzE0","type":"megagroup","message":"发送成功","message_id":14511}],"failed":[],"debug":["处理标识符: https:\/\/t.me\/+4azhFwWhx1czMzE0, 清理后: https:\/\/t.me\/+4azhFwWhx1czMzE0, 识别为链接: True, 识别为数字ID: False"],"warning":""},"api_address":"185.165.170.142:5088"}
[2026-02-19T23:34:05+08:00][info] 消息ID缓存成功: task_id=31, group_id=https://t.me/+4azhFwWhx1czMzE0, msg_index=1658, message_id=14511, send_user_id=2353
[2026-02-19T23:34:05+08:00][info] 消息状态标记为已发送: task_id=31, group_id=https://t.me/+4azhFwWhx1czMzE0, msg_index=1658
[2026-02-19T23:34:05+08:00][info] 任务 31 将在 78 秒后继续处理下一条消息，索引: 1659, 实例ID: task_31_index_1659_1771515245.9112
[2026-02-19T23:34:06+08:00][info] 返回:{"status":true,"message":"发送完成，成功1个，失败0个[]","data":{"success":[{"group_id":3658905404,"group_link":"https:\/\/t.me\/+wcqRUxDn6zczYmM0","type":"megagroup","message":"发送成功","message_id":10107}],"failed":[],"debug":["处理标识符: https:\/\/t.me\/+wcqRUxDn6zczYmM0, 清理后: https:\/\/t.me\/+wcqRUxDn6zczYmM0, 识别为链接: True, 识别为数字ID: False"],"warning":""},"api_address":"185.165.170.142:5002"}
[2026-02-19T23:34:06+08:00][info] 消息ID缓存成功: task_id=33, group_id=https://t.me/+wcqRUxDn6zczYmM0, msg_index=1524, message_id=10107, send_user_id=2418
[2026-02-19T23:34:06+08:00][info] 消息状态标记为已发送: task_id=33, group_id=https://t.me/+wcqRUxDn6zczYmM0, msg_index=1524
[2026-02-19T23:34:06+08:00][info] 任务 33 将在 105 秒后继续处理下一条消息，索引: 1525, 实例ID: task_33_index_1525_1771515246.6164
[2026-02-19T23:34:08+08:00][info] 开始处理队列任务: task_id=25, current_index=1652
[2026-02-19T23:34:08+08:00][info] 消息缓存初始化完成: task_id=25, groups=https://t.me/+HZFEhfAwKjhmZDZk
[2026-02-19T23:34:08+08:00][info] 任务 25 第 3 次循环，重置群组 https://t.me/+HZFEhfAwKjhmZDZk 消息状态
[2026-02-19T23:34:09+08:00][info] 使用消息配置中指定的用户 2334 的 session_path/www/wwwroot/tdata.tgbota.top/public/uploads/admin/202601/6971e94ea480a/16076990831/tdata/temp_8339029543.session
[2026-02-19T23:34:11+08:00][info] 返回:{"status":true,"message":"发送完成，成功1个，失败0个[]","data":{"success":[{"group_id":3482989339,"group_link":"https:\/\/t.me\/+HZFEhfAwKjhmZDZk","type":"megagroup","message":"发送成功","message_id":30206}],"failed":[],"debug":["处理标识符: https:\/\/t.me\/+HZFEhfAwKjhmZDZk, 清理后: https:\/\/t.me\/+HZFEhfAwKjhmZDZk, 识别为链接: True, 识别为数字ID: False"],"warning":""},"api_address":"185.165.170.142:5069"}
[2026-02-19T23:34:11+08:00][info] 消息ID缓存成功: task_id=25, group_id=https://t.me/+HZFEhfAwKjhmZDZk, msg_index=1652, message_id=30206, send_user_id=2334
[2026-02-19T23:34:11+08:00][info] 消息状态标记为已发送: task_id=25, group_id=https://t.me/+HZFEhfAwKjhmZDZk, msg_index=1652
[2026-02-19T23:34:11+08:00][info] 任务 25 将在 95 秒后继续处理下一条消息，索引: 1653, 实例ID: task_25_index_1653_1771515251.4686
[2026-02-19T23:34:16+08:00][info] 开始处理队列任务: task_id=40, current_index=376
[2026-02-19T23:34:16+08:00][info] 使用消息配置中指定的用户 3018 的 session_path/www/wwwroot/tdata.tgbota.top/public/uploads/admin/202602/699625adf380f/14709705753/tdata/temp_8274865439.session
[2026-02-19T23:34:19+08:00][info] 返回:{"status":true,"message":"发送完成，成功1个，失败0个[]","data":{"success":[{"group_id":3799666589,"group_link":"https:\/\/t.me\/+IfyZ_OVthdI5YzNk","type":"megagroup","message":"发送成功","message_id":531}],"failed":[],"debug":["处理标识符: https:\/\/t.me\/+IfyZ_OVthdI5YzNk, 清理后: https:\/\/t.me\/+IfyZ_OVthdI5YzNk, 识别为链接: True, 识别为数字ID: False"],"warning":""},"api_address":"185.165.170.142:5034"}
[2026-02-19T23:34:19+08:00][info] 消息ID缓存成功: task_id=40, group_id=https://t.me/+IfyZ_OVthdI5YzNk, msg_index=376, message_id=531, send_user_id=3018
[2026-02-19T23:34:19+08:00][info] 消息状态标记为已发送: task_id=40, group_id=https://t.me/+IfyZ_OVthdI5YzNk, msg_index=376
[2026-02-19T23:34:19+08:00][info] 任务 40 将在 90 秒后继续处理下一条消息，索引: 377, 实例ID: task_40_index_377_1771515259.1895
[2026-02-19T23:34:19+08:00][info] 开始处理队列任务: task_id=36, current_index=1689
[2026-02-19T23:34:19+08:00][info] 消息缓存初始化完成: task_id=36, groups=https://t.me/+o12qlRNkdiViMjE0
[2026-02-19T23:34:19+08:00][info] 任务 36 第 3 次循环，重置群组 https://t.me/+o12qlRNkdiViMjE0 消息状态
[2026-02-19T23:34:19+08:00][info] 使用当前发送用户 2440 的 session_path/www/wwwroot/tdata.tgbota.top/public/uploads/admin/202602/69862ac4b6550/818015756668/tdata/temp_7975156354.session
[2026-02-19T23:34:21+08:00][info] 返回:{"status":true,"message":"发送完成，成功1个，失败0个[]","data":{"success":[{"group_id":3479387283,"group_link":"https:\/\/t.me\/+o12qlRNkdiViMjE0","type":"megagroup","message":"发送成功","message_id":10334}],"failed":[],"debug":["处理标识符: https:\/\/t.me\/+o12qlRNkdiViMjE0, 清理后: https:\/\/t.me\/+o12qlRNkdiViMjE0, 识别为链接: True, 识别为数字ID: False"],"warning":""},"api_address":"185.165.170.142:5024"}
[2026-02-19T23:34:21+08:00][info] 消息ID缓存成功: task_id=36, group_id=https://t.me/+o12qlRNkdiViMjE0, msg_index=1689, message_id=10334, send_user_id=2440
[2026-02-19T23:34:21+08:00][info] 消息状态标记为已发送: task_id=36, group_id=https://t.me/+o12qlRNkdiViMjE0, msg_index=1689
[2026-02-19T23:34:21+08:00][info] 任务 36 将在 95 秒后继续处理下一条消息，索引: 1690, 实例ID: task_36_index_1690_1771515261.1755
[2026-02-19T23:34:31+08:00][info] 开始处理队列任务: task_id=38, current_index=378
[2026-02-19T23:34:31+08:00][info] 使用消息配置中指定的用户 3016 的 session_path/www/wwwroot/tdata.tgbota.top/public/uploads/admin/202602/699625adf380f/14793988031/tdata/temp_8543071566.session
[2026-02-19T23:34:35+08:00][info] 返回:{"status":true,"message":"发送完成，成功1个，失败0个[]","data":{"success":[{"group_id":3794396962,"group_link":"https:\/\/t.me\/+69dYKDni-wFmYWE0","type":"megagroup","message":"发送成功","message_id":533}],"failed":[],"debug":["处理标识符: https:\/\/t.me\/+69dYKDni-wFmYWE0, 清理后: https:\/\/t.me\/+69dYKDni-wFmYWE0, 识别为链接: True, 识别为数字ID: False"],"warning":""},"api_address":"185.165.170.142:5032"}
[2026-02-19T23:34:35+08:00][info] 消息ID缓存成功: task_id=38, group_id=https://t.me/+69dYKDni-wFmYWE0, msg_index=378, message_id=533, send_user_id=3016
[2026-02-19T23:34:35+08:00][info] 消息状态标记为已发送: task_id=38, group_id=https://t.me/+69dYKDni-wFmYWE0, msg_index=378
[2026-02-19T23:34:35+08:00][info] 任务 38 将在 109 秒后继续处理下一条消息，索引: 379, 实例ID: task_38_index_379_1771515275.6616
[2026-02-19T23:34:45+08:00][info] 开始处理队列任务: task_id=29, current_index=1653
[2026-02-19T23:34:45+08:00][info] 消息缓存初始化完成: task_id=29, groups=https://t.me/+WZlsKfz1W89jYjE0
[2026-02-19T23:34:45+08:00][info] 任务 29 第 3 次循环，重置群组 https://t.me/+WZlsKfz1W89jYjE0 消息状态
[2026-02-19T23:34:45+08:00][info] 使用当前发送用户 1861 的 session_path/www/wwwroot/tdata.tgbota.top/public/uploads/admin/202601/6960a58a3f18c/13613382009/tdata/temp_8301755997.session
[2026-02-19T23:34:48+08:00][info] 返回:{"status":true,"message":"发送完成，成功1个，失败0个[]","data":{"success":[{"group_id":3780502866,"group_link":"https:\/\/t.me\/+WZlsKfz1W89jYjE0","type":"megagroup","message":"发送成功","message_id":21747}],"failed":[],"debug":["处理标识符: https:\/\/t.me\/+WZlsKfz1W89jYjE0, 清理后: https:\/\/t.me\/+WZlsKfz1W89jYjE0, 识别为链接: True, 识别为数字ID: False"],"warning":""},"api_address":"185.165.170.142:5049"}
[2026-02-19T23:34:48+08:00][info] 消息ID缓存成功: task_id=29, group_id=https://t.me/+WZlsKfz1W89jYjE0, msg_index=1653, message_id=21747, send_user_id=1861
[2026-02-19T23:34:48+08:00][info] 消息状态标记为已发送: task_id=29, group_id=https://t.me/+WZlsKfz1W89jYjE0, msg_index=1653
[2026-02-19T23:34:48+08:00][info] 任务 29 将在 109 秒后继续处理下一条消息，索引: 1654, 实例ID: task_29_index_1654_1771515288.2019
[2026-02-19T23:34:57+08:00][info] 开始处理队列任务: task_id=27, current_index=1621
[2026-02-19T23:34:57+08:00][info] 消息缓存初始化完成: task_id=27, groups=https://t.me/+_XaTo9Qrv0VjOTM0
[2026-02-19T23:34:57+08:00][info] 任务 27 第 3 次循环，重置群组 https://t.me/+_XaTo9Qrv0VjOTM0 消息状态
[2026-02-19T23:34:57+08:00][info] 使用消息配置中指定的用户 2381 的 session_path/www/wwwroot/tdata.tgbota.top/public/uploads/admin/202601/6971e94ea480a/16106025633/tdata/temp_8165837042.session
[2026-02-19T23:34:59+08:00][info] 开始处理队列任务: task_id=34, current_index=1525
[2026-02-19T23:34:59+08:00][info] 消息缓存初始化完成: task_id=34, groups=https://t.me/+CUyn8iqnQwEzNDY0
[2026-02-19T23:34:59+08:00][info] 任务 34 第 2 次循环，重置群组 https://t.me/+CUyn8iqnQwEzNDY0 消息状态
[2026-02-19T23:34:59+08:00][info] 使用当前发送用户 2431 的 session_path/www/wwwroot/tdata.tgbota.top/public/uploads/admin/202602/69862ac4b6550/818014595657/tdata/temp_8596807726.session
[2026-02-19T23:34:59+08:00][info] 返回:{"status":true,"message":"发送完成，成功1个，失败0个[]","data":{"success":[{"group_id":3649225144,"group_link":"https:\/\/t.me\/+_XaTo9Qrv0VjOTM0","type":"megagroup","message":"发送成功","message_id":33235}],"failed":[],"debug":["处理标识符: https:\/\/t.me\/+_XaTo9Qrv0VjOTM0, 清理后: https:\/\/t.me\/+_XaTo9Qrv0VjOTM0, 识别为链接: True, 识别为数字ID: False"],"warning":""},"api_address":"185.165.170.142:5116"}
[2026-02-19T23:34:59+08:00][info] 消息ID缓存成功: task_id=27, group_id=https://t.me/+_XaTo9Qrv0VjOTM0, msg_index=1621, message_id=33235, send_user_id=2381
[2026-02-19T23:34:59+08:00][info] 消息状态标记为已发送: task_id=27, group_id=https://t.me/+_XaTo9Qrv0VjOTM0, msg_index=1621
[2026-02-19T23:34:59+08:00][info] 任务 27 将在 87 秒后继续处理下一条消息，索引: 1622, 实例ID: task_27_index_1622_1771515299.976
[2026-02-19T23:35:00+08:00][info] 返回:{"status":true,"message":"发送完成，成功1个，失败0个[]","data":{"success":[{"group_id":3719450736,"group_link":"https:\/\/t.me\/+CUyn8iqnQwEzNDY0","type":"megagroup","message":"发送成功","message_id":10269}],"failed":[],"debug":["处理标识符: https:\/\/t.me\/+CUyn8iqnQwEzNDY0, 清理后: https:\/\/t.me\/+CUyn8iqnQwEzNDY0, 识别为链接: True, 识别为数字ID: False"],"warning":""},"api_address":"185.165.170.142:5015"}
[2026-02-19T23:35:00+08:00][info] 消息ID缓存成功: task_id=34, group_id=https://t.me/+CUyn8iqnQwEzNDY0, msg_index=1525, message_id=10269, send_user_id=2431
[2026-02-19T23:35:00+08:00][info] 消息状态标记为已发送: task_id=34, group_id=https://t.me/+CUyn8iqnQwEzNDY0, msg_index=1525
[2026-02-19T23:35:02+08:00][info] 任务 34 将在 87 秒后继续处理下一条消息，索引: 1526, 实例ID: task_34_index_1526_1771515302.0876
[2026-02-19T23:35:21+08:00][info] 开始处理队列任务: task_id=35, current_index=1739
[2026-02-19T23:35:21+08:00][info] 消息缓存初始化完成: task_id=35, groups=https://t.me/+BrIuI_-gkNhhYTE0
[2026-02-19T23:35:21+08:00][info] 任务 35 第 3 次循环，重置群组 https://t.me/+BrIuI_-gkNhhYTE0 消息状态
[2026-02-19T23:35:21+08:00][info] 使用消息配置中指定的用户 2535 的 session_path/www/wwwroot/tdata.tgbota.top/public/uploads/admin/202602/69862ac4b6550/818014590235/tdata/temp_8336493850.session
[2026-02-19T23:35:23+08:00][info] 返回:{"status":true,"message":"发送完成，成功1个，失败0个[]","data":{"success":[{"group_id":3646934744,"group_link":"https:\/\/t.me\/+BrIuI_-gkNhhYTE0","type":"megagroup","message":"发送成功","message_id":10323}],"failed":[],"debug":["处理标识符: https:\/\/t.me\/+BrIuI_-gkNhhYTE0, 清理后: https:\/\/t.me\/+BrIuI_-gkNhhYTE0, 识别为链接: True, 识别为数字ID: False"],"warning":""},"api_address":"185.165.170.142:5119"}
[2026-02-19T23:35:23+08:00][info] 消息ID缓存成功: task_id=35, group_id=https://t.me/+BrIuI_-gkNhhYTE0, msg_index=1739, message_id=10323, send_user_id=2535
[2026-02-19T23:35:23+08:00][info] 消息状态标记为已发送: task_id=35, group_id=https://t.me/+BrIuI_-gkNhhYTE0, msg_index=1739
[2026-02-19T23:35:23+08:00][info] 任务 35 将在 100 秒后继续处理下一条消息，索引: 1740, 实例ID: task_35_index_1740_1771515323.0489
[2026-02-19T23:35:23+08:00][info] 开始处理队列任务: task_id=31, current_index=1659
[2026-02-19T23:35:23+08:00][info] 消息缓存初始化完成: task_id=31, groups=https://t.me/+4azhFwWhx1czMzE0
[2026-02-19T23:35:23+08:00][info] 任务 31 第 3 次循环，重置群组 https://t.me/+4azhFwWhx1czMzE0 消息状态
[2026-02-19T23:35:23+08:00][info] 使用当前发送用户 2294 的 session_path/www/wwwroot/tdata.tgbota.top/public/uploads/admin/202601/6971e94ea480a/16099816963/tdata/temp_8420199898.session
[2026-02-19T23:35:25+08:00][info] 返回:{"status":true,"message":"发送完成，成功1个，失败0个[]","data":{"success":[{"group_id":3079998653,"group_link":"https:\/\/t.me\/+4azhFwWhx1czMzE0","type":"megagroup","message":"发送成功","message_id":14512}],"failed":[],"debug":["处理标识符: https:\/\/t.me\/+4azhFwWhx1czMzE0, 清理后: https:\/\/t.me\/+4azhFwWhx1czMzE0, 识别为链接: True, 识别为数字ID: False"],"warning":""},"api_address":"185.165.170.142:5029"}
[2026-02-19T23:35:25+08:00][info] 消息ID缓存成功: task_id=31, group_id=https://t.me/+4azhFwWhx1czMzE0, msg_index=1659, message_id=14512, send_user_id=2294
[2026-02-19T23:35:25+08:00][info] 消息状态标记为已发送: task_id=31, group_id=https://t.me/+4azhFwWhx1czMzE0, msg_index=1659
[2026-02-19T23:35:25+08:00][info] 任务 31 将在 88 秒后继续处理下一条消息，索引: 1660, 实例ID: task_31_index_1660_1771515325.8073
[2026-02-19T23:35:27+08:00][info] 开始处理队列任务: task_id=28, current_index=1658
[2026-02-19T23:35:27+08:00][info] 消息缓存初始化完成: task_id=28, groups=https://t.me/+Hg62NsrbOCZmZmY8
[2026-02-19T23:35:27+08:00][info] 任务 28 第 3 次循环，重置群组 https://t.me/+Hg62NsrbOCZmZmY8 消息状态
[2026-02-19T23:35:27+08:00][info] 使用消息配置中指定的用户 2353 的 session_path/www/wwwroot/tdata.tgbota.top/public/uploads/admin/202601/6971e94ea480a/16109567456/tdata/temp_8438570224.session
[2026-02-19T23:35:30+08:00][info] 返回:{"status":true,"message":"发送完成，成功1个，失败0个[]","data":{"success":[{"group_id":3657218256,"group_link":"https:\/\/t.me\/+Hg62NsrbOCZmZmY8","type":"megagroup","message":"发送成功","message_id":21689}],"failed":[],"debug":["处理标识符: https:\/\/t.me\/+Hg62NsrbOCZmZmY8, 清理后: https:\/\/t.me\/+Hg62NsrbOCZmZmY8, 识别为链接: True, 识别为数字ID: False"],"warning":""},"api_address":"185.165.170.142:5088"}
[2026-02-19T23:35:30+08:00][info] 消息ID缓存成功: task_id=28, group_id=https://t.me/+Hg62NsrbOCZmZmY8, msg_index=1658, message_id=21689, send_user_id=2353
[2026-02-19T23:35:30+08:00][info] 消息状态标记为已发送: task_id=28, group_id=https://t.me/+Hg62NsrbOCZmZmY8, msg_index=1658
[2026-02-19T23:35:30+08:00][info] 任务 28 将在 78 秒后继续处理下一条消息，索引: 1659, 实例ID: task_28_index_1659_1771515330.4971
[2026-02-19T23:35:31+08:00][info] 开始处理队列任务: task_id=37, current_index=1726
[2026-02-19T23:35:32+08:00][info] 消息缓存初始化完成: task_id=37, groups=https://t.me/+DUAGbZI5vW41NWI8
[2026-02-19T23:35:32+08:00][info] 任务 37 第 3 次循环，重置群组 https://t.me/+DUAGbZI5vW41NWI8 消息状态
[2026-02-19T23:35:32+08:00][info] 使用消息配置中指定的用户 2546 的 session_path/www/wwwroot/tdata.tgbota.top/public/uploads/admin/202602/69862ac4b6550/818013403185/tdata/temp_8345809150.session
[2026-02-19T23:35:32+08:00][info] 开始处理队列任务: task_id=39, current_index=378
[2026-02-19T23:35:32+08:00][info] 使用消息配置中指定的用户 3016 的 session_path/www/wwwroot/tdata.tgbota.top/public/uploads/admin/202602/699625adf380f/14793988031/tdata/temp_8543071566.session
[2026-02-19T23:35:33+08:00][info] 返回:{"status":true,"message":"发送完成，成功1个，失败0个[]","data":{"success":[{"group_id":3732578862,"group_link":"https:\/\/t.me\/+DUAGbZI5vW41NWI8","type":"megagroup","message":"发送成功","message_id":8500}],"failed":[],"debug":["处理标识符: https:\/\/t.me\/+DUAGbZI5vW41NWI8, 清理后: https:\/\/t.me\/+DUAGbZI5vW41NWI8, 识别为链接: True, 识别为数字ID: False"],"warning":""},"api_address":"185.165.170.142:5130"}
[2026-02-19T23:35:33+08:00][info] 消息ID缓存成功: task_id=37, group_id=https://t.me/+DUAGbZI5vW41NWI8, msg_index=1726, message_id=8500, send_user_id=2546
[2026-02-19T23:35:33+08:00][info] 消息状态标记为已发送: task_id=37, group_id=https://t.me/+DUAGbZI5vW41NWI8, msg_index=1726
[2026-02-19T23:35:33+08:00][info] 任务 37 将在 87 秒后继续处理下一条消息，索引: 1727, 实例ID: task_37_index_1727_1771515333.9509
[2026-02-19T23:35:35+08:00][info] 返回:{"status":true,"message":"发送完成，成功1个，失败0个[]","data":{"success":[{"group_id":3770869551,"group_link":"https:\/\/t.me\/+ZpSvBhFQCCEwMzdk","type":"megagroup","message":"发送成功","message_id":533}],"failed":[],"debug":["处理标识符: https:\/\/t.me\/+ZpSvBhFQCCEwMzdk, 清理后: https:\/\/t.me\/+ZpSvBhFQCCEwMzdk, 识别为链接: True, 识别为数字ID: False"],"warning":""},"api_address":"185.165.170.142:5032"}
[2026-02-19T23:35:35+08:00][info] 消息ID缓存成功: task_id=39, group_id=https://t.me/+ZpSvBhFQCCEwMzdk, msg_index=378, message_id=533, send_user_id=3016
[2026-02-19T23:35:35+08:00][info] 消息状态标记为已发送: task_id=39, group_id=https://t.me/+ZpSvBhFQCCEwMzdk, msg_index=378
[2026-02-19T23:35:35+08:00][info] 任务 39 将在 109 秒后继续处理下一条消息，索引: 379, 实例ID: task_39_index_379_1771515335.9287
[2026-02-19T23:35:46+08:00][info] 开始处理队列任务: task_id=25, current_index=1653
[2026-02-19T23:35:47+08:00][info] 消息缓存初始化完成: task_id=25, groups=https://t.me/+HZFEhfAwKjhmZDZk
[2026-02-19T23:35:47+08:00][info] 任务 25 第 3 次循环，重置群组 https://t.me/+HZFEhfAwKjhmZDZk 消息状态
[2026-02-19T23:35:47+08:00][info] 使用当前发送用户 1861 的 session_path/www/wwwroot/tdata.tgbota.top/public/uploads/admin/202601/6960a58a3f18c/13613382009/tdata/temp_8301755997.session
[2026-02-19T23:35:50+08:00][info] 开始处理队列任务: task_id=40, current_index=377
[2026-02-19T23:35:50+08:00][info] 返回:{"status":true,"message":"发送完成，成功1个，失败0个[]","data":{"success":[{"group_id":3482989339,"group_link":"https:\/\/t.me\/+HZFEhfAwKjhmZDZk","type":"megagroup","message":"发送成功","message_id":30207}],"failed":[],"debug":["处理标识符: https:\/\/t.me\/+HZFEhfAwKjhmZDZk, 清理后: https:\/\/t.me\/+HZFEhfAwKjhmZDZk, 识别为链接: True, 识别为数字ID: False"],"warning":""},"api_address":"185.165.170.142:5049"}
[2026-02-19T23:35:50+08:00][info] 消息ID缓存成功: task_id=25, group_id=https://t.me/+HZFEhfAwKjhmZDZk, msg_index=1653, message_id=30207, send_user_id=1861
[2026-02-19T23:35:50+08:00][info] 消息状态标记为已发送: task_id=25, group_id=https://t.me/+HZFEhfAwKjhmZDZk, msg_index=1653
[2026-02-19T23:35:50+08:00][info] 任务 25 将在 109 秒后继续处理下一条消息，索引: 1654, 实例ID: task_25_index_1654_1771515350.0766
[2026-02-19T23:35:50+08:00][info] 使用feedbackType=376的消息ID: 530
[2026-02-19T23:35:50+08:00][info] 使用消息配置中指定的用户 3017 的 session_path/www/wwwroot/tdata.tgbota.top/public/uploads/admin/202602/699625adf380f/14706727352/tdata/temp_8387842087.session
[2026-02-19T23:35:51+08:00][info] 开始处理队列任务: task_id=33, current_index=1525
[2026-02-19T23:35:51+08:00][info] 消息缓存初始化完成: task_id=33, groups=https://t.me/+wcqRUxDn6zczYmM0
[2026-02-19T23:35:51+08:00][info] 任务 33 第 2 次循环，重置群组 https://t.me/+wcqRUxDn6zczYmM0 消息状态
[2026-02-19T23:35:51+08:00][info] 使用当前发送用户 2431 的 session_path/www/wwwroot/tdata.tgbota.top/public/uploads/admin/202602/69862ac4b6550/818014595657/tdata/temp_8596807726.session
[2026-02-19T23:35:53+08:00][info] 返回:{"status":true,"message":"发送完成，成功1个，失败0个[]","data":{"success":[{"group_id":3799666589,"group_link":"https:\/\/t.me\/+IfyZ_OVthdI5YzNk","type":"megagroup","message":"发送成功","message_id":532}],"failed":[],"debug":["处理标识符: https:\/\/t.me\/+IfyZ_OVthdI5YzNk, 清理后: https:\/\/t.me\/+IfyZ_OVthdI5YzNk, 识别为链接: True, 识别为数字ID: False"],"warning":""},"api_address":"185.165.170.142:5033"}
[2026-02-19T23:35:53+08:00][info] 消息ID缓存成功: task_id=40, group_id=https://t.me/+IfyZ_OVthdI5YzNk, msg_index=377, message_id=532, send_user_id=3017
[2026-02-19T23:35:53+08:00][info] 消息状态标记为已发送: task_id=40, group_id=https://t.me/+IfyZ_OVthdI5YzNk, msg_index=377
[2026-02-19T23:35:53+08:00][info] 任务 40 将在 100 秒后继续处理下一条消息，索引: 378, 实例ID: task_40_index_378_1771515353.0982
[2026-02-19T23:35:53+08:00][info] 返回:{"status":true,"message":"发送完成，成功1个，失败0个[]","data":{"success":[{"group_id":3658905404,"group_link":"https:\/\/t.me\/+wcqRUxDn6zczYmM0","type":"megagroup","message":"发送成功","message_id":10108}],"failed":[],"debug":["处理标识符: https:\/\/t.me\/+wcqRUxDn6zczYmM0, 清理后: https:\/\/t.me\/+wcqRUxDn6zczYmM0, 识别为链接: True, 识别为数字ID: False"],"warning":""},"api_address":"185.165.170.142:5015"}
[2026-02-19T23:35:53+08:00][info] 消息ID缓存成功: task_id=33, group_id=https://t.me/+wcqRUxDn6zczYmM0, msg_index=1525, message_id=10108, send_user_id=2431
[2026-02-19T23:35:53+08:00][info] 消息状态标记为已发送: task_id=33, group_id=https://t.me/+wcqRUxDn6zczYmM0, msg_index=1525
[2026-02-19T23:35:53+08:00][info] 任务 33 将在 87 秒后继续处理下一条消息，索引: 1526, 实例ID: task_33_index_1526_1771515353.6016
[2026-02-19T23:35:56+08:00][info] 开始处理队列任务: task_id=36, current_index=1690
[2026-02-19T23:35:56+08:00][info] 消息缓存初始化完成: task_id=36, groups=https://t.me/+o12qlRNkdiViMjE0
[2026-02-19T23:35:56+08:00][info] 任务 36 第 3 次循环，重置群组 https://t.me/+o12qlRNkdiViMjE0 消息状态
[2026-02-19T23:35:56+08:00][info] 使用当前发送用户 2434 的 session_path/www/wwwroot/tdata.tgbota.top/public/uploads/admin/202602/69862ac4b6550/818014795167/tdata/temp_8467923272.session
[2026-02-19T23:35:58+08:00][info] 返回:{"status":true,"message":"发送完成，成功1个，失败0个[]","data":{"success":[{"group_id":3479387283,"group_link":"https:\/\/t.me\/+o12qlRNkdiViMjE0","type":"megagroup","message":"发送成功","message_id":10335}],"failed":[],"debug":["处理标识符: https:\/\/t.me\/+o12qlRNkdiViMjE0, 清理后: https:\/\/t.me\/+o12qlRNkdiViMjE0, 识别为链接: True, 识别为数字ID: False"],"warning":""},"api_address":"185.165.170.142:5018"}
[2026-02-19T23:35:58+08:00][info] 消息ID缓存成功: task_id=36, group_id=https://t.me/+o12qlRNkdiViMjE0, msg_index=1690, message_id=10335, send_user_id=2434
[2026-02-19T23:35:58+08:00][info] 消息状态标记为已发送: task_id=36, group_id=https://t.me/+o12qlRNkdiViMjE0, msg_index=1690
[2026-02-19T23:35:58+08:00][info] 任务 36 将在 93 秒后继续处理下一条消息，索引: 1691, 实例ID: task_36_index_1691_1771515358.0666
[2026-02-19T23:36:24+08:00][info] 开始处理队列任务: task_id=38, current_index=379
[2026-02-19T23:36:24+08:00][info] 使用消息配置中指定的用户 3017 的 session_path/www/wwwroot/tdata.tgbota.top/public/uploads/admin/202602/699625adf380f/14706727352/tdata/temp_8387842087.session
[2026-02-19T23:36:26+08:00][info] 开始处理队列任务: task_id=27, current_index=1622
[2026-02-19T23:36:26+08:00][info] 消息缓存初始化完成: task_id=27, groups=https://t.me/+_XaTo9Qrv0VjOTM0
[2026-02-19T23:36:26+08:00][info] 任务 27 第 3 次循环，重置群组 https://t.me/+_XaTo9Qrv0VjOTM0 消息状态
[2026-02-19T23:36:26+08:00][info] 从数据库获取用户 2373 的 session_path
[2026-02-19T23:36:26+08:00][info] 返回:{"status":true,"message":"发送完成，成功1个，失败0个[]","data":{"success":[{"group_id":3794396962,"group_link":"https:\/\/t.me\/+69dYKDni-wFmYWE0","type":"megagroup","message":"发送成功","message_id":534}],"failed":[],"debug":["处理标识符: https:\/\/t.me\/+69dYKDni-wFmYWE0, 清理后: https:\/\/t.me\/+69dYKDni-wFmYWE0, 识别为链接: True, 识别为数字ID: False"],"warning":""},"api_address":"185.165.170.142:5033"}
[2026-02-19T23:36:26+08:00][info] 消息ID缓存成功: task_id=38, group_id=https://t.me/+69dYKDni-wFmYWE0, msg_index=379, message_id=534, send_user_id=3017
[2026-02-19T23:36:26+08:00][info] 消息状态标记为已发送: task_id=38, group_id=https://t.me/+69dYKDni-wFmYWE0, msg_index=379
[2026-02-19T23:36:26+08:00][info] 任务 38 将在 118 秒后继续处理下一条消息，索引: 380, 实例ID: task_38_index_380_1771515386.623
[2026-02-19T23:36:29+08:00][info] 返回:{"status":true,"message":"发送完成，成功1个，失败0个[]","data":{"success":[{"group_id":3649225144,"group_link":"https:\/\/t.me\/+_XaTo9Qrv0VjOTM0","type":"megagroup","message":"发送成功","message_id":33236}],"failed":[],"debug":["处理标识符: https:\/\/t.me\/+_XaTo9Qrv0VjOTM0, 清理后: https:\/\/t.me\/+_XaTo9Qrv0VjOTM0, 识别为链接: True, 识别为数字ID: False"],"warning":""},"api_address":"185.165.170.142:5108"}
[2026-02-19T23:36:29+08:00][info] 消息ID缓存成功: task_id=27, group_id=https://t.me/+_XaTo9Qrv0VjOTM0, msg_index=1622, message_id=33236, send_user_id=2373
[2026-02-19T23:36:29+08:00][info] 消息状态标记为已发送: task_id=27, group_id=https://t.me/+_XaTo9Qrv0VjOTM0, msg_index=1622
[2026-02-19T23:36:29+08:00][info] 任务 27 将在 92 秒后继续处理下一条消息，索引: 1623, 实例ID: task_27_index_1623_1771515389.0341
[2026-02-19T23:36:29+08:00][info] 开始处理队列任务: task_id=34, current_index=1526
[2026-02-19T23:36:29+08:00][info] 消息缓存初始化完成: task_id=34, groups=https://t.me/+CUyn8iqnQwEzNDY0
[2026-02-19T23:36:29+08:00][info] 任务 34 第 2 次循环，重置群组 https://t.me/+CUyn8iqnQwEzNDY0 消息状态
[2026-02-19T23:36:29+08:00][info] 使用当前发送用户 2442 的 session_path/www/wwwroot/tdata.tgbota.top/public/uploads/admin/202602/69862ac4b6550/818015758756/tdata/temp_8491973332.session
[2026-02-19T23:36:31+08:00][info] 返回:{"status":true,"message":"发送完成，成功1个，失败0个[]","data":{"success":[{"group_id":3719450736,"group_link":"https:\/\/t.me\/+CUyn8iqnQwEzNDY0","type":"megagroup","message":"发送成功","message_id":10270}],"failed":[],"debug":["处理标识符: https:\/\/t.me\/+CUyn8iqnQwEzNDY0, 清理后: https:\/\/t.me\/+CUyn8iqnQwEzNDY0, 识别为链接: True, 识别为数字ID: False"],"warning":""},"api_address":"185.165.170.142:5026"}
[2026-02-19T23:36:31+08:00][info] 消息ID缓存成功: task_id=34, group_id=https://t.me/+CUyn8iqnQwEzNDY0, msg_index=1526, message_id=10270, send_user_id=2442
[2026-02-19T23:36:31+08:00][info] 消息状态标记为已发送: task_id=34, group_id=https://t.me/+CUyn8iqnQwEzNDY0, msg_index=1526
[2026-02-19T23:36:31+08:00][info] 任务 34 将在 76 秒后继续处理下一条消息，索引: 1527, 实例ID: task_34_index_1527_1771515391.3197
[2026-02-19T23:36:37+08:00][info] 开始处理队列任务: task_id=29, current_index=1654
[2026-02-19T23:36:37+08:00][info] 消息缓存初始化完成: task_id=29, groups=https://t.me/+WZlsKfz1W89jYjE0
[2026-02-19T23:36:37+08:00][info] 任务 29 第 3 次循环，重置群组 https://t.me/+WZlsKfz1W89jYjE0 消息状态
[2026-02-19T23:36:37+08:00][info] 使用当前发送用户 1887 的 session_path/www/wwwroot/tdata.tgbota.top/public/uploads/admin/202601/6960a58a3f18c/13613159897/tdata/temp_8320443972.session
[2026-02-19T23:36:39+08:00][info] 返回:{"status":true,"message":"发送完成，成功1个，失败0个[]","data":{"success":[{"group_id":3780502866,"group_link":"https:\/\/t.me\/+WZlsKfz1W89jYjE0","type":"megagroup","message":"发送成功","message_id":21748}],"failed":[],"debug":["处理标识符: https:\/\/t.me\/+WZlsKfz1W89jYjE0, 清理后: https:\/\/t.me\/+WZlsKfz1W89jYjE0, 识别为链接: True, 识别为数字ID: False"],"warning":""},"api_address":"185.165.170.142:5075"}
[2026-02-19T23:36:39+08:00][info] 消息ID缓存成功: task_id=29, group_id=https://t.me/+WZlsKfz1W89jYjE0, msg_index=1654, message_id=21748, send_user_id=1887
[2026-02-19T23:36:39+08:00][info] 消息状态标记为已发送: task_id=29, group_id=https://t.me/+WZlsKfz1W89jYjE0, msg_index=1654
[2026-02-19T23:36:39+08:00][info] 任务 29 将在 83 秒后继续处理下一条消息，索引: 1655, 实例ID: task_29_index_1655_1771515399.894
[2026-02-19T23:36:48+08:00][info] 开始处理队列任务: task_id=28, current_index=1659
[2026-02-19T23:36:49+08:00][info] 消息缓存初始化完成: task_id=28, groups=https://t.me/+Hg62NsrbOCZmZmY8
[2026-02-19T23:36:49+08:00][info] 任务 28 第 3 次循环，重置群组 https://t.me/+Hg62NsrbOCZmZmY8 消息状态
[2026-02-19T23:36:49+08:00][info] 使用当前发送用户 2294 的 session_path/www/wwwroot/tdata.tgbota.top/public/uploads/admin/202601/6971e94ea480a/16099816963/tdata/temp_8420199898.session
[2026-02-19T23:36:51+08:00][info] 返回:{"status":true,"message":"发送完成，成功1个，失败0个[]","data":{"success":[{"group_id":3657218256,"group_link":"https:\/\/t.me\/+Hg62NsrbOCZmZmY8","type":"megagroup","message":"发送成功","message_id":21690}],"failed":[],"debug":["处理标识符: https:\/\/t.me\/+Hg62NsrbOCZmZmY8, 清理后: https:\/\/t.me\/+Hg62NsrbOCZmZmY8, 识别为链接: True, 识别为数字ID: False"],"warning":""},"api_address":"185.165.170.142:5029"}
[2026-02-19T23:36:51+08:00][info] 消息ID缓存成功: task_id=28, group_id=https://t.me/+Hg62NsrbOCZmZmY8, msg_index=1659, message_id=21690, send_user_id=2294
[2026-02-19T23:36:51+08:00][info] 消息状态标记为已发送: task_id=28, group_id=https://t.me/+Hg62NsrbOCZmZmY8, msg_index=1659
[2026-02-19T23:36:51+08:00][info] 任务 28 将在 88 秒后继续处理下一条消息，索引: 1660, 实例ID: task_28_index_1660_1771515411.742
[2026-02-19T23:36:53+08:00][info] 开始处理队列任务: task_id=31, current_index=1660
[2026-02-19T23:36:53+08:00][info] 消息缓存初始化完成: task_id=31, groups=https://t.me/+4azhFwWhx1czMzE0
[2026-02-19T23:36:53+08:00][info] 任务 31 第 3 次循环，重置群组 https://t.me/+4azhFwWhx1czMzE0 消息状态
[2026-02-19T23:36:53+08:00][info] 使用当前发送用户 1887 的 session_path/www/wwwroot/tdata.tgbota.top/public/uploads/admin/202601/6960a58a3f18c/13613159897/tdata/temp_8320443972.session
[2026-02-19T23:36:56+08:00][info] 返回:{"status":true,"message":"发送完成，成功1个，失败0个[]","data":{"success":[{"group_id":3079998653,"group_link":"https:\/\/t.me\/+4azhFwWhx1czMzE0","type":"megagroup","message":"发送成功","message_id":14513}],"failed":[],"debug":["处理标识符: https:\/\/t.me\/+4azhFwWhx1czMzE0, 清理后: https:\/\/t.me\/+4azhFwWhx1czMzE0, 识别为链接: True, 识别为数字ID: False"],"warning":""},"api_address":"185.165.170.142:5075"}
[2026-02-19T23:36:56+08:00][info] 消息ID缓存成功: task_id=31, group_id=https://t.me/+4azhFwWhx1czMzE0, msg_index=1660, message_id=14513, send_user_id=1887
[2026-02-19T23:36:56+08:00][info] 消息状态标记为已发送: task_id=31, group_id=https://t.me/+4azhFwWhx1czMzE0, msg_index=1660
[2026-02-19T23:36:56+08:00][info] 任务 31 将在 108 秒后继续处理下一条消息，索引: 1661, 实例ID: task_31_index_1661_1771515416.1927
[2026-02-19T23:37:00+08:00][info] 开始处理队列任务: task_id=37, current_index=1727
[2026-02-19T23:37:00+08:00][info] 消息缓存初始化完成: task_id=37, groups=https://t.me/+DUAGbZI5vW41NWI8
[2026-02-19T23:37:00+08:00][info] 任务 37 第 3 次循环，重置群组 https://t.me/+DUAGbZI5vW41NWI8 消息状态
[2026-02-19T23:37:00+08:00][info] 从数据库获取用户 2548 的 session_path
[2026-02-19T23:37:02+08:00][info] 返回:{"status":true,"message":"发送完成，成功1个，失败0个[]","data":{"success":[{"group_id":3732578862,"group_link":"https:\/\/t.me\/+DUAGbZI5vW41NWI8","type":"megagroup","message":"发送成功","message_id":8501}],"failed":[],"debug":["处理标识符: https:\/\/t.me\/+DUAGbZI5vW41NWI8, 清理后: https:\/\/t.me\/+DUAGbZI5vW41NWI8, 识别为链接: True, 识别为数字ID: False"],"warning":""},"api_address":"185.165.170.142:5132"}
[2026-02-19T23:37:02+08:00][info] 消息ID缓存成功: task_id=37, group_id=https://t.me/+DUAGbZI5vW41NWI8, msg_index=1727, message_id=8501, send_user_id=2548
[2026-02-19T23:37:02+08:00][info] 消息状态标记为已发送: task_id=37, group_id=https://t.me/+DUAGbZI5vW41NWI8, msg_index=1727
[2026-02-19T23:37:02+08:00][info] 任务 37 将在 105 秒后继续处理下一条消息，索引: 1728, 实例ID: task_37_index_1728_1771515422.3221
[2026-02-19T23:37:03+08:00][info] 开始处理队列任务: task_id=35, current_index=1740
[2026-02-19T23:37:04+08:00][info] 消息缓存初始化完成: task_id=35, groups=https://t.me/+BrIuI_-gkNhhYTE0
[2026-02-19T23:37:04+08:00][info] 任务 35 第 3 次循环，重置群组 https://t.me/+BrIuI_-gkNhhYTE0 消息状态
[2026-02-19T23:37:04+08:00][info] 使用消息配置中指定的用户 2535 的 session_path/www/wwwroot/tdata.tgbota.top/public/uploads/admin/202602/69862ac4b6550/818014590235/tdata/temp_8336493850.session
[2026-02-19T23:37:06+08:00][info] 返回:{"status":true,"message":"发送完成，成功1个，失败0个[]","data":{"success":[{"group_id":3646934744,"group_link":"https:\/\/t.me\/+BrIuI_-gkNhhYTE0","type":"megagroup","message":"发送成功","message_id":10324}],"failed":[],"debug":["处理标识符: https:\/\/t.me\/+BrIuI_-gkNhhYTE0, 清理后: https:\/\/t.me\/+BrIuI_-gkNhhYTE0, 识别为链接: True, 识别为数字ID: False"],"warning":""},"api_address":"185.165.170.142:5119"}
[2026-02-19T23:37:06+08:00][info] 消息ID缓存成功: task_id=35, group_id=https://t.me/+BrIuI_-gkNhhYTE0, msg_index=1740, message_id=10324, send_user_id=2535
[2026-02-19T23:37:06+08:00][info] 消息状态标记为已发送: task_id=35, group_id=https://t.me/+BrIuI_-gkNhhYTE0, msg_index=1740
[2026-02-19T23:37:06+08:00][info] 任务 35 将在 110 秒后继续处理下一条消息，索引: 1741, 实例ID: task_35_index_1741_1771515426.0453
[2026-02-19T23:37:20+08:00][info] 开始处理队列任务: task_id=33, current_index=1526
[2026-02-19T23:37:20+08:00][info] 消息缓存初始化完成: task_id=33, groups=https://t.me/+wcqRUxDn6zczYmM0
[2026-02-19T23:37:20+08:00][info] 任务 33 第 2 次循环，重置群组 https://t.me/+wcqRUxDn6zczYmM0 消息状态
[2026-02-19T23:37:20+08:00][info] 使用当前发送用户 2442 的 session_path/www/wwwroot/tdata.tgbota.top/public/uploads/admin/202602/69862ac4b6550/818015758756/tdata/temp_8491973332.session
[2026-02-19T23:37:22+08:00][info] 返回:{"status":true,"message":"发送完成，成功1个，失败0个[]","data":{"success":[{"group_id":3658905404,"group_link":"https:\/\/t.me\/+wcqRUxDn6zczYmM0","type":"megagroup","message":"发送成功","message_id":10109}],"failed":[],"debug":["处理标识符: https:\/\/t.me\/+wcqRUxDn6zczYmM0, 清理后: https:\/\/t.me\/+wcqRUxDn6zczYmM0, 识别为链接: True, 识别为数字ID: False"],"warning":""},"api_address":"185.165.170.142:5026"}
[2026-02-19T23:37:22+08:00][info] 消息ID缓存成功: task_id=33, group_id=https://t.me/+wcqRUxDn6zczYmM0, msg_index=1526, message_id=10109, send_user_id=2442
[2026-02-19T23:37:22+08:00][info] 消息状态标记为已发送: task_id=33, group_id=https://t.me/+wcqRUxDn6zczYmM0, msg_index=1526
[2026-02-19T23:37:22+08:00][info] 任务 33 将在 76 秒后继续处理下一条消息，索引: 1527, 实例ID: task_33_index_1527_1771515442.4369
[2026-02-19T23:37:24+08:00][info] 开始处理队列任务: task_id=39, current_index=379
[2026-02-19T23:37:24+08:00][info] 使用消息配置中指定的用户 3017 的 session_path/www/wwwroot/tdata.tgbota.top/public/uploads/admin/202602/699625adf380f/14706727352/tdata/temp_8387842087.session
[2026-02-19T23:37:26+08:00][info] 返回:{"status":true,"message":"发送完成，成功1个，失败0个[]","data":{"success":[{"group_id":3770869551,"group_link":"https:\/\/t.me\/+ZpSvBhFQCCEwMzdk","type":"megagroup","message":"发送成功","message_id":534}],"failed":[],"debug":["处理标识符: https:\/\/t.me\/+ZpSvBhFQCCEwMzdk, 清理后: https:\/\/t.me\/+ZpSvBhFQCCEwMzdk, 识别为链接: True, 识别为数字ID: False"],"warning":""},"api_address":"185.165.170.142:5033"}
[2026-02-19T23:37:26+08:00][info] 消息ID缓存成功: task_id=39, group_id=https://t.me/+ZpSvBhFQCCEwMzdk, msg_index=379, message_id=534, send_user_id=3017
[2026-02-19T23:37:26+08:00][info] 消息状态标记为已发送: task_id=39, group_id=https://t.me/+ZpSvBhFQCCEwMzdk, msg_index=379
[2026-02-19T23:37:26+08:00][info] 任务 39 将在 118 秒后继续处理下一条消息，索引: 380, 实例ID: task_39_index_380_1771515446.6884
[2026-02-19T23:37:31+08:00][info] 开始处理队列任务: task_id=36, current_index=1691
[2026-02-19T23:37:31+08:00][info] 消息缓存初始化完成: task_id=36, groups=https://t.me/+o12qlRNkdiViMjE0
[2026-02-19T23:37:31+08:00][info] 任务 36 第 3 次循环，重置群组 https://t.me/+o12qlRNkdiViMjE0 消息状态
[2026-02-19T23:37:31+08:00][info] 使用当前发送用户 2428 的 session_path/www/wwwroot/tdata.tgbota.top/public/uploads/admin/202602/69862ac4b6550/818010988368/tdata/temp_8297606235.session
[2026-02-19T23:37:32+08:00][info] 返回:{"status":true,"message":"发送完成，成功1个，失败0个[]","data":{"success":[{"group_id":3479387283,"group_link":"https:\/\/t.me\/+o12qlRNkdiViMjE0","type":"megagroup","message":"发送成功","message_id":10336}],"failed":[],"debug":["处理标识符: https:\/\/t.me\/+o12qlRNkdiViMjE0, 清理后: https:\/\/t.me\/+o12qlRNkdiViMjE0, 识别为链接: True, 识别为数字ID: False"],"warning":""},"api_address":"185.165.170.142:5012"}
[2026-02-19T23:37:32+08:00][info] 消息ID缓存成功: task_id=36, group_id=https://t.me/+o12qlRNkdiViMjE0, msg_index=1691, message_id=10336, send_user_id=2428
[2026-02-19T23:37:32+08:00][info] 消息状态标记为已发送: task_id=36, group_id=https://t.me/+o12qlRNkdiViMjE0, msg_index=1691
[2026-02-19T23:37:33+08:00][info] 任务 36 将在 87 秒后继续处理下一条消息，索引: 1692, 实例ID: task_36_index_1692_1771515453.0047
[2026-02-19T23:37:33+08:00][info] 开始处理队列任务: task_id=40, current_index=378
[2026-02-19T23:37:33+08:00][info] 使用消息配置中指定的用户 3016 的 session_path/www/wwwroot/tdata.tgbota.top/public/uploads/admin/202602/699625adf380f/14793988031/tdata/temp_8543071566.session
[2026-02-19T23:37:36+08:00][info] 返回:{"status":true,"message":"发送完成，成功1个，失败0个[]","data":{"success":[{"group_id":3799666589,"group_link":"https:\/\/t.me\/+IfyZ_OVthdI5YzNk","type":"megagroup","message":"发送成功","message_id":534}],"failed":[],"debug":["处理标识符: https:\/\/t.me\/+IfyZ_OVthdI5YzNk, 清理后: https:\/\/t.me\/+IfyZ_OVthdI5YzNk, 识别为链接: True, 识别为数字ID: False"],"warning":""},"api_address":"185.165.170.142:5032"}
[2026-02-19T23:37:36+08:00][info] 消息ID缓存成功: task_id=40, group_id=https://t.me/+IfyZ_OVthdI5YzNk, msg_index=378, message_id=534, send_user_id=3016
[2026-02-19T23:37:36+08:00][info] 消息状态标记为已发送: task_id=40, group_id=https://t.me/+IfyZ_OVthdI5YzNk, msg_index=378
[2026-02-19T23:37:36+08:00][info] 任务 40 将在 109 秒后继续处理下一条消息，索引: 379, 实例ID: task_40_index_379_1771515456.5561
[2026-02-19T23:37:39+08:00][info] 开始处理队列任务: task_id=25, current_index=1654
[2026-02-19T23:37:39+08:00][info] 消息缓存初始化完成: task_id=25, groups=https://t.me/+HZFEhfAwKjhmZDZk
[2026-02-19T23:37:39+08:00][info] 任务 25 第 3 次循环，重置群组 https://t.me/+HZFEhfAwKjhmZDZk 消息状态
[2026-02-19T23:37:39+08:00][info] 使用当前发送用户 1887 的 session_path/www/wwwroot/tdata.tgbota.top/public/uploads/admin/202601/6960a58a3f18c/13613159897/tdata/temp_8320443972.session
[2026-02-19T23:37:41+08:00][info] 返回:{"status":true,"message":"发送完成，成功1个，失败0个[]","data":{"success":[{"group_id":3482989339,"group_link":"https:\/\/t.me\/+HZFEhfAwKjhmZDZk","type":"megagroup","message":"发送成功","message_id":30208}],"failed":[],"debug":["处理标识符: https:\/\/t.me\/+HZFEhfAwKjhmZDZk, 清理后: https:\/\/t.me\/+HZFEhfAwKjhmZDZk, 识别为链接: True, 识别为数字ID: False"],"warning":""},"api_address":"185.165.170.142:5075"}
[2026-02-19T23:37:41+08:00][info] 消息ID缓存成功: task_id=25, group_id=https://t.me/+HZFEhfAwKjhmZDZk, msg_index=1654, message_id=30208, send_user_id=1887
[2026-02-19T23:37:41+08:00][info] 消息状态标记为已发送: task_id=25, group_id=https://t.me/+HZFEhfAwKjhmZDZk, msg_index=1654
[2026-02-19T23:37:41+08:00][info] 任务 25 将在 83 秒后继续处理下一条消息，索引: 1655, 实例ID: task_25_index_1655_1771515461.8698
[2026-02-19T23:37:47+08:00][info] 开始处理队列任务: task_id=34, current_index=1527
[2026-02-19T23:37:47+08:00][info] 消息缓存初始化完成: task_id=34, groups=https://t.me/+CUyn8iqnQwEzNDY0
[2026-02-19T23:37:47+08:00][info] 任务 34 第 2 次循环，重置群组 https://t.me/+CUyn8iqnQwEzNDY0 消息状态
[2026-02-19T23:37:47+08:00][info] 使用消息配置中指定的用户 2451 的 session_path/www/wwwroot/tdata.tgbota.top/public/uploads/admin/202602/69862ac4b6550/818010974988/tdata/temp_8412540572.session
[2026-02-19T23:37:49+08:00][info] 返回:{"status":true,"message":"发送完成，成功1个，失败0个[]","data":{"success":[{"group_id":3719450736,"group_link":"https:\/\/t.me\/+CUyn8iqnQwEzNDY0","type":"megagroup","message":"发送成功","message_id":10271}],"failed":[],"debug":["处理标识符: https:\/\/t.me\/+CUyn8iqnQwEzNDY0, 清理后: https:\/\/t.me\/+CUyn8iqnQwEzNDY0, 识别为链接: True, 识别为数字ID: False"],"warning":""},"api_address":"185.165.170.142:5035"}
[2026-02-19T23:37:49+08:00][info] 消息ID缓存成功: task_id=34, group_id=https://t.me/+CUyn8iqnQwEzNDY0, msg_index=1527, message_id=10271, send_user_id=2451
[2026-02-19T23:37:49+08:00][info] 消息状态标记为已发送: task_id=34, group_id=https://t.me/+CUyn8iqnQwEzNDY0, msg_index=1527
[2026-02-19T23:37:49+08:00][info] 任务 34 将在 102 秒后继续处理下一条消息，索引: 1528, 实例ID: task_34_index_1528_1771515469.6623
[2026-02-19T23:38:01+08:00][info] 开始处理队列任务: task_id=27, current_index=1623
[2026-02-19T23:38:01+08:00][info] 消息缓存初始化完成: task_id=27, groups=https://t.me/+_XaTo9Qrv0VjOTM0
[2026-02-19T23:38:01+08:00][info] 任务 27 第 3 次循环，重置群组 https://t.me/+_XaTo9Qrv0VjOTM0 消息状态
[2026-02-19T23:38:01+08:00][info] 使用当前发送用户 2366 的 session_path/www/wwwroot/tdata.tgbota.top/public/uploads/admin/202601/6971e94ea480a/16079442631/tdata/temp_8415393991.session
[2026-02-19T23:38:02+08:00][info] 开始处理队列任务: task_id=29, current_index=1655
[2026-02-19T23:38:02+08:00][info] 消息缓存初始化完成: task_id=29, groups=https://t.me/+WZlsKfz1W89jYjE0
[2026-02-19T23:38:02+08:00][info] 任务 29 第 3 次循环，重置群组 https://t.me/+WZlsKfz1W89jYjE0 消息状态
[2026-02-19T23:38:02+08:00][info] 使用消息配置中指定的用户 2322 的 session_path/www/wwwroot/tdata.tgbota.top/public/uploads/admin/202601/6971e94ea480a/16157046447/tdata/temp_7968660997.session
[2026-02-19T23:38:04+08:00][info] 返回:{"status":true,"message":"发送完成，成功1个，失败0个[]","data":{"success":[{"group_id":3649225144,"group_link":"https:\/\/t.me\/+_XaTo9Qrv0VjOTM0","type":"megagroup","message":"发送成功","message_id":33237}],"failed":[],"debug":["处理标识符: https:\/\/t.me\/+_XaTo9Qrv0VjOTM0, 清理后: https:\/\/t.me\/+_XaTo9Qrv0VjOTM0, 识别为链接: True, 识别为数字ID: False"],"warning":""},"api_address":"185.165.170.142:5101"}
[2026-02-19T23:38:04+08:00][info] 消息ID缓存成功: task_id=27, group_id=https://t.me/+_XaTo9Qrv0VjOTM0, msg_index=1623, message_id=33237, send_user_id=2366
[2026-02-19T23:38:04+08:00][info] 消息状态标记为已发送: task_id=27, group_id=https://t.me/+_XaTo9Qrv0VjOTM0, msg_index=1623
[2026-02-19T23:38:04+08:00][info] 任务 27 将在 76 秒后继续处理下一条消息，索引: 1624, 实例ID: task_27_index_1624_1771515484.1894
[2026-02-19T23:38:05+08:00][info] 返回:{"status":true,"message":"发送完成，成功1个，失败0个[]","data":{"success":[{"group_id":3780502866,"group_link":"https:\/\/t.me\/+WZlsKfz1W89jYjE0","type":"megagroup","message":"发送成功","message_id":21749}],"failed":[],"debug":["处理标识符: https:\/\/t.me\/+WZlsKfz1W89jYjE0, 清理后: https:\/\/t.me\/+WZlsKfz1W89jYjE0, 识别为链接: True, 识别为数字ID: False"],"warning":""},"api_address":"185.165.170.142:5057"}
[2026-02-19T23:38:05+08:00][info] 消息ID缓存成功: task_id=29, group_id=https://t.me/+WZlsKfz1W89jYjE0, msg_index=1655, message_id=21749, send_user_id=2322
[2026-02-19T23:38:05+08:00][info] 消息状态标记为已发送: task_id=29, group_id=https://t.me/+WZlsKfz1W89jYjE0, msg_index=1655
[2026-02-19T23:38:05+08:00][info] 任务 29 将在 90 秒后继续处理下一条消息，索引: 1656, 实例ID: task_29_index_1656_1771515485.7128
[2026-02-19T23:38:19+08:00][info] 开始处理队列任务: task_id=28, current_index=1660
[2026-02-19T23:38:19+08:00][info] 消息缓存初始化完成: task_id=28, groups=https://t.me/+Hg62NsrbOCZmZmY8
[2026-02-19T23:38:19+08:00][info] 任务 28 第 3 次循环，重置群组 https://t.me/+Hg62NsrbOCZmZmY8 消息状态
[2026-02-19T23:38:19+08:00][info] 使用当前发送用户 1887 的 session_path/www/wwwroot/tdata.tgbota.top/public/uploads/admin/202601/6960a58a3f18c/13613159897/tdata/temp_8320443972.session
[2026-02-19T23:38:21+08:00][info] 返回:{"status":true,"message":"发送完成，成功1个，失败0个[]","data":{"success":[{"group_id":3657218256,"group_link":"https:\/\/t.me\/+Hg62NsrbOCZmZmY8","type":"megagroup","message":"发送成功","message_id":21691}],"failed":[],"debug":["处理标识符: https:\/\/t.me\/+Hg62NsrbOCZmZmY8, 清理后: https:\/\/t.me\/+Hg62NsrbOCZmZmY8, 识别为链接: True, 识别为数字ID: False"],"warning":""},"api_address":"185.165.170.142:5075"}
[2026-02-19T23:38:21+08:00][info] 消息ID缓存成功: task_id=28, group_id=https://t.me/+Hg62NsrbOCZmZmY8, msg_index=1660, message_id=21691, send_user_id=1887
[2026-02-19T23:38:21+08:00][info] 消息状态标记为已发送: task_id=28, group_id=https://t.me/+Hg62NsrbOCZmZmY8, msg_index=1660
[2026-02-19T23:38:22+08:00][info] 任务 28 将在 108 秒后继续处理下一条消息，索引: 1661, 实例ID: task_28_index_1661_1771515502.0102
[2026-02-19T23:38:24+08:00][info] 开始处理队列任务: task_id=38, current_index=380
[2026-02-19T23:38:24+08:00][info] 使用消息配置中指定的用户 3015 的 session_path/www/wwwroot/tdata.tgbota.top/public/uploads/admin/202602/699625adf380f/14795464657/tdata/temp_7907809976.session
[2026-02-19T23:38:27+08:00][info] 返回:{"status":true,"message":"发送完成，成功1个，失败0个[]","data":{"success":[{"group_id":3794396962,"group_link":"https:\/\/t.me\/+69dYKDni-wFmYWE0","type":"megagroup","message":"发送成功","message_id":535}],"failed":[],"debug":["处理标识符: https:\/\/t.me\/+69dYKDni-wFmYWE0, 清理后: https:\/\/t.me\/+69dYKDni-wFmYWE0, 识别为链接: True, 识别为数字ID: False"],"warning":""},"api_address":"185.165.170.142:5031"}
[2026-02-19T23:38:27+08:00][info] 消息ID缓存成功: task_id=38, group_id=https://t.me/+69dYKDni-wFmYWE0, msg_index=380, message_id=535, send_user_id=3015
[2026-02-19T23:38:27+08:00][info] 消息状态标记为已发送: task_id=38, group_id=https://t.me/+69dYKDni-wFmYWE0, msg_index=380
[2026-02-19T23:38:27+08:00][info] 任务 38 将在 73 秒后继续处理下一条消息，索引: 381, 实例ID: task_38_index_381_1771515507.1974
[2026-02-19T23:38:38+08:00][info] 开始处理队列任务: task_id=33, current_index=1527
[2026-02-19T23:38:38+08:00][info] 消息缓存初始化完成: task_id=33, groups=https://t.me/+wcqRUxDn6zczYmM0
[2026-02-19T23:38:38+08:00][info] 任务 33 第 2 次循环，重置群组 https://t.me/+wcqRUxDn6zczYmM0 消息状态
[2026-02-19T23:38:38+08:00][info] 使用消息配置中指定的用户 2451 的 session_path/www/wwwroot/tdata.tgbota.top/public/uploads/admin/202602/69862ac4b6550/818010974988/tdata/temp_8412540572.session
[2026-02-19T23:38:40+08:00][info] 返回:{"status":true,"message":"发送完成，成功1个，失败0个[]","data":{"success":[{"group_id":3658905404,"group_link":"https:\/\/t.me\/+wcqRUxDn6zczYmM0","type":"megagroup","message":"发送成功","message_id":10110}],"failed":[],"debug":["处理标识符: https:\/\/t.me\/+wcqRUxDn6zczYmM0, 清理后: https:\/\/t.me\/+wcqRUxDn6zczYmM0, 识别为链接: True, 识别为数字ID: False"],"warning":""},"api_address":"185.165.170.142:5035"}
[2026-02-19T23:38:40+08:00][info] 消息ID缓存成功: task_id=33, group_id=https://t.me/+wcqRUxDn6zczYmM0, msg_index=1527, message_id=10110, send_user_id=2451
[2026-02-19T23:38:40+08:00][info] 消息状态标记为已发送: task_id=33, group_id=https://t.me/+wcqRUxDn6zczYmM0, msg_index=1527
[2026-02-19T23:38:40+08:00][info] 任务 33 将在 102 秒后继续处理下一条消息，索引: 1528, 实例ID: task_33_index_1528_1771515520.5922
[2026-02-19T23:38:44+08:00][info] 开始处理队列任务: task_id=31, current_index=1661
[2026-02-19T23:38:44+08:00][info] 消息缓存初始化完成: task_id=31, groups=https://t.me/+4azhFwWhx1czMzE0
[2026-02-19T23:38:44+08:00][info] 任务 31 第 3 次循环，重置群组 https://t.me/+4azhFwWhx1czMzE0 消息状态
[2026-02-19T23:38:44+08:00][info] 使用feedbackType=1659的消息ID: 14511
[2026-02-19T23:38:44+08:00][info] 使用消息配置中指定的用户 2360 的 session_path/www/wwwroot/tdata.tgbota.top/public/uploads/admin/202601/6971e94ea480a/16156376660/tdata/temp_8369662723.session
[2026-02-19T23:38:47+08:00][info] 开始处理队列任务: task_id=37, current_index=1728
[2026-02-19T23:38:47+08:00][info] 返回:{"status":true,"message":"发送完成，成功1个，失败0个[]","data":{"success":[{"group_id":3079998653,"group_link":"https:\/\/t.me\/+4azhFwWhx1czMzE0","type":"megagroup","message":"发送成功","message_id":14514}],"failed":[],"debug":["处理标识符: https:\/\/t.me\/+4azhFwWhx1czMzE0, 清理后: https:\/\/t.me\/+4azhFwWhx1czMzE0, 识别为链接: True, 识别为数字ID: False"],"warning":""},"api_address":"185.165.170.142:5095"}
[2026-02-19T23:38:47+08:00][info] 消息ID缓存成功: task_id=31, group_id=https://t.me/+4azhFwWhx1czMzE0, msg_index=1661, message_id=14514, send_user_id=2360
[2026-02-19T23:38:47+08:00][info] 消息状态标记为已发送: task_id=31, group_id=https://t.me/+4azhFwWhx1czMzE0, msg_index=1661
[2026-02-19T23:38:47+08:00][info] 任务 31 将在 118 秒后继续处理下一条消息，索引: 1662, 实例ID: task_31_index_1662_1771515527.9615
[2026-02-19T23:38:48+08:00][info] 消息缓存初始化完成: task_id=37, groups=https://t.me/+DUAGbZI5vW41NWI8
[2026-02-19T23:38:48+08:00][info] 任务 37 第 3 次循环，重置群组 https://t.me/+DUAGbZI5vW41NWI8 消息状态
[2026-02-19T23:38:48+08:00][info] 使用feedbackType=1727的消息ID: 8500
[2026-02-19T23:38:48+08:00][info] 使用消息配置中指定的用户 2545 的 session_path/www/wwwroot/tdata.tgbota.top/public/uploads/admin/202602/69862ac4b6550/818014391149/tdata/temp_8336365622.session
[2026-02-19T23:38:50+08:00][info] 返回:{"status":true,"message":"发送完成，成功1个，失败0个[]","data":{"success":[{"group_id":3732578862,"group_link":"https:\/\/t.me\/+DUAGbZI5vW41NWI8","type":"megagroup","message":"发送成功","message_id":8502}],"failed":[],"debug":["处理标识符: https:\/\/t.me\/+DUAGbZI5vW41NWI8, 清理后: https:\/\/t.me\/+DUAGbZI5vW41NWI8, 识别为链接: True, 识别为数字ID: False"],"warning":""},"api_address":"185.165.170.142:5129"}
[2026-02-19T23:38:50+08:00][info] 消息ID缓存成功: task_id=37, group_id=https://t.me/+DUAGbZI5vW41NWI8, msg_index=1728, message_id=8502, send_user_id=2545
[2026-02-19T23:38:50+08:00][info] 消息状态标记为已发送: task_id=37, group_id=https://t.me/+DUAGbZI5vW41NWI8, msg_index=1728
[2026-02-19T23:38:50+08:00][info] 任务 37 将在 80 秒后继续处理下一条消息，索引: 1729, 实例ID: task_37_index_1729_1771515530.2181
[2026-02-19T23:38:56+08:00][info] 开始处理队列任务: task_id=35, current_index=1741
[2026-02-19T23:38:56+08:00][info] 消息缓存初始化完成: task_id=35, groups=https://t.me/+BrIuI_-gkNhhYTE0
[2026-02-19T23:38:56+08:00][info] 任务 35 第 3 次循环，重置群组 https://t.me/+BrIuI_-gkNhhYTE0 消息状态
[2026-02-19T23:38:56+08:00][info] 使用消息配置中指定的用户 2534 的 session_path/www/wwwroot/tdata.tgbota.top/public/uploads/admin/202602/69862ac4b6550/818015758772/tdata/temp_8380455324.session
[2026-02-19T23:38:58+08:00][info] 返回:{"status":true,"message":"发送完成，成功1个，失败0个[]","data":{"success":[{"group_id":3646934744,"group_link":"https:\/\/t.me\/+BrIuI_-gkNhhYTE0","type":"megagroup","message":"发送成功","message_id":10325}],"failed":[],"debug":["处理标识符: https:\/\/t.me\/+BrIuI_-gkNhhYTE0, 清理后: https:\/\/t.me\/+BrIuI_-gkNhhYTE0, 识别为链接: True, 识别为数字ID: False"],"warning":""},"api_address":"185.165.170.142:5118"}
[2026-02-19T23:38:58+08:00][info] 消息ID缓存成功: task_id=35, group_id=https://t.me/+BrIuI_-gkNhhYTE0, msg_index=1741, message_id=10325, send_user_id=2534
[2026-02-19T23:38:58+08:00][info] 消息状态标记为已发送: task_id=35, group_id=https://t.me/+BrIuI_-gkNhhYTE0, msg_index=1741
[2026-02-19T23:38:58+08:00][info] 任务 35 将在 84 秒后继续处理下一条消息，索引: 1742, 实例ID: task_35_index_1742_1771515538.2017
[2026-02-19T23:39:00+08:00][info] 开始处理队列任务: task_id=36, current_index=1692
[2026-02-19T23:39:00+08:00][info] 消息缓存初始化完成: task_id=36, groups=https://t.me/+o12qlRNkdiViMjE0
[2026-02-19T23:39:00+08:00][info] 任务 36 第 3 次循环，重置群组 https://t.me/+o12qlRNkdiViMjE0 消息状态
[2026-02-19T23:39:00+08:00][info] 使用当前发送用户 2422 的 session_path/www/wwwroot/tdata.tgbota.top/public/uploads/admin/202602/69862ac4b6550/817039604182/tdata/temp_7972385542.session
[2026-02-19T23:39:02+08:00][info] 返回:{"status":true,"message":"发送完成，成功1个，失败0个[]","data":{"success":[{"group_id":3479387283,"group_link":"https:\/\/t.me\/+o12qlRNkdiViMjE0","type":"megagroup","message":"发送成功","message_id":10337}],"failed":[],"debug":["处理标识符: https:\/\/t.me\/+o12qlRNkdiViMjE0, 清理后: https:\/\/t.me\/+o12qlRNkdiViMjE0, 识别为链接: True, 识别为数字ID: False"],"warning":""},"api_address":"185.165.170.142:5006"}
[2026-02-19T23:39:02+08:00][info] 消息ID缓存成功: task_id=36, group_id=https://t.me/+o12qlRNkdiViMjE0, msg_index=1692, message_id=10337, send_user_id=2422
[2026-02-19T23:39:02+08:00][info] 消息状态标记为已发送: task_id=36, group_id=https://t.me/+o12qlRNkdiViMjE0, msg_index=1692
[2026-02-19T23:39:02+08:00][info] 任务 36 将在 79 秒后继续处理下一条消息，索引: 1693, 实例ID: task_36_index_1693_1771515542.2146
[2026-02-19T23:39:04+08:00][info] 开始处理队列任务: task_id=25, current_index=1655
[2026-02-19T23:39:04+08:00][info] 消息缓存初始化完成: task_id=25, groups=https://t.me/+HZFEhfAwKjhmZDZk
[2026-02-19T23:39:04+08:00][info] 任务 25 第 3 次循环，重置群组 https://t.me/+HZFEhfAwKjhmZDZk 消息状态
[2026-02-19T23:39:04+08:00][info] 使用消息配置中指定的用户 2322 的 session_path/www/wwwroot/tdata.tgbota.top/public/uploads/admin/202601/6971e94ea480a/16157046447/tdata/temp_7968660997.session
[2026-02-19T23:39:06+08:00][info] 返回:{"status":true,"message":"发送完成，成功1个，失败0个[]","data":{"success":[{"group_id":3482989339,"group_link":"https:\/\/t.me\/+HZFEhfAwKjhmZDZk","type":"megagroup","message":"发送成功","message_id":30209}],"failed":[],"debug":["处理标识符: https:\/\/t.me\/+HZFEhfAwKjhmZDZk, 清理后: https:\/\/t.me\/+HZFEhfAwKjhmZDZk, 识别为链接: True, 识别为数字ID: False"],"warning":""},"api_address":"185.165.170.142:5057"}
[2026-02-19T23:39:06+08:00][info] 消息ID缓存成功: task_id=25, group_id=https://t.me/+HZFEhfAwKjhmZDZk, msg_index=1655, message_id=30209, send_user_id=2322
[2026-02-19T23:39:06+08:00][info] 消息状态标记为已发送: task_id=25, group_id=https://t.me/+HZFEhfAwKjhmZDZk, msg_index=1655
[2026-02-19T23:39:06+08:00][info] 任务 25 将在 90 秒后继续处理下一条消息，索引: 1656, 实例ID: task_25_index_1656_1771515546.873
[2026-02-19T23:39:20+08:00][info] 开始处理队列任务: task_id=27, current_index=1624
[2026-02-19T23:39:20+08:00][info] 消息缓存初始化完成: task_id=27, groups=https://t.me/+_XaTo9Qrv0VjOTM0
[2026-02-19T23:39:20+08:00][info] 任务 27 第 3 次循环，重置群组 https://t.me/+_XaTo9Qrv0VjOTM0 消息状态
[2026-02-19T23:39:20+08:00][info] 使用消息配置中指定的用户 2359 的 session_path/www/wwwroot/tdata.tgbota.top/public/uploads/admin/202601/6971e94ea480a/16096922406/tdata/temp_7666213322.session
[2026-02-19T23:39:23+08:00][info] 返回:{"status":true,"message":"发送完成，成功1个，失败0个[]","data":{"success":[{"group_id":3649225144,"group_link":"https:\/\/t.me\/+_XaTo9Qrv0VjOTM0","type":"megagroup","message":"发送成功","message_id":33238}],"failed":[],"debug":["处理标识符: https:\/\/t.me\/+_XaTo9Qrv0VjOTM0, 清理后: https:\/\/t.me\/+_XaTo9Qrv0VjOTM0, 识别为链接: True, 识别为数字ID: False"],"warning":""},"api_address":"185.165.170.142:5094"}
[2026-02-19T23:39:23+08:00][info] 消息ID缓存成功: task_id=27, group_id=https://t.me/+_XaTo9Qrv0VjOTM0, msg_index=1624, message_id=33238, send_user_id=2359
[2026-02-19T23:39:23+08:00][info] 消息状态标记为已发送: task_id=27, group_id=https://t.me/+_XaTo9Qrv0VjOTM0, msg_index=1624
[2026-02-19T23:39:23+08:00][info] 任务 27 将在 85 秒后继续处理下一条消息，索引: 1625, 实例ID: task_27_index_1625_1771515563.0301
[2026-02-19T23:39:24+08:00][info] 开始处理队列任务: task_id=39, current_index=380
[2026-02-19T23:39:24+08:00][info] 使用消息配置中指定的用户 3015 的 session_path/www/wwwroot/tdata.tgbota.top/public/uploads/admin/202602/699625adf380f/14795464657/tdata/temp_7907809976.session
[2026-02-19T23:39:25+08:00][info] 开始处理队列任务: task_id=40, current_index=379
[2026-02-19T23:39:25+08:00][info] 使用消息配置中指定的用户 3017 的 session_path/www/wwwroot/tdata.tgbota.top/public/uploads/admin/202602/699625adf380f/14706727352/tdata/temp_8387842087.session
[2026-02-19T23:39:27+08:00][info] 返回:{"status":true,"message":"发送完成，成功1个，失败0个[]","data":{"success":[{"group_id":3770869551,"group_link":"https:\/\/t.me\/+ZpSvBhFQCCEwMzdk","type":"megagroup","message":"发送成功","message_id":535}],"failed":[],"debug":["处理标识符: https:\/\/t.me\/+ZpSvBhFQCCEwMzdk, 清理后: https:\/\/t.me\/+ZpSvBhFQCCEwMzdk, 识别为链接: True, 识别为数字ID: False"],"warning":""},"api_address":"185.165.170.142:5031"}
[2026-02-19T23:39:27+08:00][info] 消息ID缓存成功: task_id=39, group_id=https://t.me/+ZpSvBhFQCCEwMzdk, msg_index=380, message_id=535, send_user_id=3015
[2026-02-19T23:39:27+08:00][info] 消息状态标记为已发送: task_id=39, group_id=https://t.me/+ZpSvBhFQCCEwMzdk, msg_index=380
[2026-02-19T23:39:27+08:00][info] 任务 39 将在 73 秒后继续处理下一条消息，索引: 381, 实例ID: task_39_index_381_1771515567.5032
[2026-02-19T23:39:27+08:00][info] 返回:{"status":true,"message":"发送完成，成功1个，失败0个[]","data":{"success":[{"group_id":3799666589,"group_link":"https:\/\/t.me\/+IfyZ_OVthdI5YzNk","type":"megagroup","message":"发送成功","message_id":535}],"failed":[],"debug":["处理标识符: https:\/\/t.me\/+IfyZ_OVthdI5YzNk, 清理后: https:\/\/t.me\/+IfyZ_OVthdI5YzNk, 识别为链接: True, 识别为数字ID: False"],"warning":""},"api_address":"185.165.170.142:5033"}
[2026-02-19T23:39:27+08:00][info] 消息ID缓存成功: task_id=40, group_id=https://t.me/+IfyZ_OVthdI5YzNk, msg_index=379, message_id=535, send_user_id=3017
[2026-02-19T23:39:27+08:00][info] 消息状态标记为已发送: task_id=40, group_id=https://t.me/+IfyZ_OVthdI5YzNk, msg_index=379
[2026-02-19T23:39:27+08:00][info] 任务 40 将在 118 秒后继续处理下一条消息，索引: 380, 实例ID: task_40_index_380_1771515567.8422
[2026-02-19T23:39:31+08:00][info] 开始处理队列任务: task_id=34, current_index=1528
[2026-02-19T23:39:31+08:00][info] 消息缓存初始化完成: task_id=34, groups=https://t.me/+CUyn8iqnQwEzNDY0
[2026-02-19T23:39:31+08:00][info] 任务 34 第 2 次循环，重置群组 https://t.me/+CUyn8iqnQwEzNDY0 消息状态
[2026-02-19T23:39:31+08:00][info] 使用当前发送用户 2431 的 session_path/www/wwwroot/tdata.tgbota.top/public/uploads/admin/202602/69862ac4b6550/818014595657/tdata/temp_8596807726.session
[2026-02-19T23:39:33+08:00][info] 返回:{"status":true,"message":"发送完成，成功1个，失败0个[]","data":{"success":[{"group_id":3719450736,"group_link":"https:\/\/t.me\/+CUyn8iqnQwEzNDY0","type":"megagroup","message":"发送成功","message_id":10272}],"failed":[],"debug":["处理标识符: https:\/\/t.me\/+CUyn8iqnQwEzNDY0, 清理后: https:\/\/t.me\/+CUyn8iqnQwEzNDY0, 识别为链接: True, 识别为数字ID: False"],"warning":""},"api_address":"185.165.170.142:5015"}
[2026-02-19T23:39:33+08:00][info] 消息ID缓存成功: task_id=34, group_id=https://t.me/+CUyn8iqnQwEzNDY0, msg_index=1528, message_id=10272, send_user_id=2431
[2026-02-19T23:39:33+08:00][info] 消息状态标记为已发送: task_id=34, group_id=https://t.me/+CUyn8iqnQwEzNDY0, msg_index=1528
[2026-02-19T23:39:33+08:00][info] 任务 34 将在 80 秒后继续处理下一条消息，索引: 1529, 实例ID: task_34_index_1529_1771515573.4257
[2026-02-19T23:39:35+08:00][info] 开始处理队列任务: task_id=29, current_index=1656
[2026-02-19T23:39:35+08:00][info] 消息缓存初始化完成: task_id=29, groups=https://t.me/+WZlsKfz1W89jYjE0
[2026-02-19T23:39:35+08:00][info] 任务 29 第 3 次循环，重置群组 https://t.me/+WZlsKfz1W89jYjE0 消息状态
[2026-02-19T23:39:35+08:00][info] 使用消息配置中指定的用户 1312 的 session_path/www/wwwroot/tdata.tgbota.top/public/uploads/admin/202512/695387359e84b/8615211864107/tdata/temp_8175983174.session
[2026-02-19T23:39:37+08:00][info] 返回:{"status":true,"message":"发送完成，成功1个，失败0个[]","data":{"success":[{"group_id":3780502866,"group_link":"https:\/\/t.me\/+WZlsKfz1W89jYjE0","type":"megagroup","message":"发送成功","message_id":21750}],"failed":[],"debug":["处理标识符: https:\/\/t.me\/+WZlsKfz1W89jYjE0, 清理后: https:\/\/t.me\/+WZlsKfz1W89jYjE0, 识别为链接: True, 识别为数字ID: False"],"warning":""},"api_address":"185.165.170.142:5104"}
[2026-02-19T23:39:37+08:00][info] 消息ID缓存成功: task_id=29, group_id=https://t.me/+WZlsKfz1W89jYjE0, msg_index=1656, message_id=21750, send_user_id=1312
[2026-02-19T23:39:37+08:00][info] 消息状态标记为已发送: task_id=29, group_id=https://t.me/+WZlsKfz1W89jYjE0, msg_index=1656
[2026-02-19T23:39:37+08:00][info] 任务 29 将在 87 秒后继续处理下一条消息，索引: 1657, 实例ID: task_29_index_1657_1771515577.2893
[2026-02-19T23:39:40+08:00][info] 开始处理队列任务: task_id=38, current_index=381
[2026-02-19T23:39:40+08:00][info] 使用消息配置中指定的用户 3014 的 session_path/www/wwwroot/tdata.tgbota.top/public/uploads/admin/202602/699625adf380f/14709345774/tdata/temp_8508296846.session
[2026-02-19T23:39:42+08:00][info] 返回:{"status":true,"message":"发送完成，成功1个，失败0个[]","data":{"success":[{"group_id":3794396962,"group_link":"https:\/\/t.me\/+69dYKDni-wFmYWE0","type":"megagroup","message":"发送成功","message_id":536}],"failed":[],"debug":["处理标识符: https:\/\/t.me\/+69dYKDni-wFmYWE0, 清理后: https:\/\/t.me\/+69dYKDni-wFmYWE0, 识别为链接: True, 识别为数字ID: False"],"warning":""},"api_address":"185.165.170.142:5030"}
[2026-02-19T23:39:42+08:00][info] 消息ID缓存成功: task_id=38, group_id=https://t.me/+69dYKDni-wFmYWE0, msg_index=381, message_id=536, send_user_id=3014
[2026-02-19T23:39:42+08:00][info] 消息状态标记为已发送: task_id=38, group_id=https://t.me/+69dYKDni-wFmYWE0, msg_index=381
[2026-02-19T23:39:42+08:00][info] 任务 38 将在 70 秒后继续处理下一条消息，索引: 382, 实例ID: task_38_index_382_1771515582.9537
[2026-02-19T23:40:10+08:00][info] 开始处理队列任务: task_id=28, current_index=1661
[2026-02-19T23:40:10+08:00][info] 开始处理队列任务: task_id=37, current_index=1729
[2026-02-19T23:40:10+08:00][info] 消息缓存初始化完成: task_id=28, groups=https://t.me/+Hg62NsrbOCZmZmY8
[2026-02-19T23:40:10+08:00][info] 任务 28 第 3 次循环，重置群组 https://t.me/+Hg62NsrbOCZmZmY8 消息状态
[2026-02-19T23:40:10+08:00][info] 使用feedbackType=1659的消息ID: 21689
[2026-02-19T23:40:10+08:00][info] 使用消息配置中指定的用户 2360 的 session_path/www/wwwroot/tdata.tgbota.top/public/uploads/admin/202601/6971e94ea480a/16156376660/tdata/temp_8369662723.session
[2026-02-19T23:40:10+08:00][info] 消息缓存初始化完成: task_id=37, groups=https://t.me/+DUAGbZI5vW41NWI8
[2026-02-19T23:40:10+08:00][info] 任务 37 第 3 次循环，重置群组 https://t.me/+DUAGbZI5vW41NWI8 消息状态
[2026-02-19T23:40:10+08:00][info] 使用消息配置中指定的用户 2544 的 session_path/www/wwwroot/tdata.tgbota.top/public/uploads/admin/202602/69862ac4b6550/818010973975/tdata/temp_8538322227.session
[2026-02-19T23:40:13+08:00][info] 返回:{"status":true,"message":"发送完成，成功1个，失败0个[]","data":{"success":[{"group_id":3732578862,"group_link":"https:\/\/t.me\/+DUAGbZI5vW41NWI8","type":"megagroup","message":"发送成功","message_id":8503}],"failed":[],"debug":["处理标识符: https:\/\/t.me\/+DUAGbZI5vW41NWI8, 清理后: https:\/\/t.me\/+DUAGbZI5vW41NWI8, 识别为链接: True, 识别为数字ID: False"],"warning":""},"api_address":"185.165.170.142:5009"}
[2026-02-19T23:40:13+08:00][info] 消息ID缓存成功: task_id=37, group_id=https://t.me/+DUAGbZI5vW41NWI8, msg_index=1729, message_id=8503, send_user_id=2544
[2026-02-19T23:40:13+08:00][info] 消息状态标记为已发送: task_id=37, group_id=https://t.me/+DUAGbZI5vW41NWI8, msg_index=1729
[2026-02-19T23:40:13+08:00][info] 任务 37 将在 76 秒后继续处理下一条消息，索引: 1730, 实例ID: task_37_index_1730_1771515613.076
[2026-02-19T23:40:14+08:00][info] 返回:{"status":true,"message":"发送完成，成功1个，失败0个[]","data":{"success":[{"group_id":3657218256,"group_link":"https:\/\/t.me\/+Hg62NsrbOCZmZmY8","type":"megagroup","message":"发送成功","message_id":21692}],"failed":[],"debug":["处理标识符: https:\/\/t.me\/+Hg62NsrbOCZmZmY8, 清理后: https:\/\/t.me\/+Hg62NsrbOCZmZmY8, 识别为链接: True, 识别为数字ID: False"],"warning":""},"api_address":"185.165.170.142:5095"}
[2026-02-19T23:40:14+08:00][info] 消息ID缓存成功: task_id=28, group_id=https://t.me/+Hg62NsrbOCZmZmY8, msg_index=1661, message_id=21692, send_user_id=2360
[2026-02-19T23:40:14+08:00][info] 消息状态标记为已发送: task_id=28, group_id=https://t.me/+Hg62NsrbOCZmZmY8, msg_index=1661
[2026-02-19T23:40:14+08:00][info] 任务 28 将在 118 秒后继续处理下一条消息，索引: 1662, 实例ID: task_28_index_1662_1771515614.7781
[2026-02-19T23:40:21+08:00][info] 开始处理队列任务: task_id=36, current_index=1693
[2026-02-19T23:40:21+08:00][info] 消息缓存初始化完成: task_id=36, groups=https://t.me/+o12qlRNkdiViMjE0
[2026-02-19T23:40:21+08:00][info] 任务 36 第 3 次循环，重置群组 https://t.me/+o12qlRNkdiViMjE0 消息状态
[2026-02-19T23:40:21+08:00][info] 使用消息配置中指定的用户 2535 的 session_path/www/wwwroot/tdata.tgbota.top/public/uploads/admin/202602/69862ac4b6550/818014590235/tdata/temp_8336493850.session
[2026-02-19T23:40:22+08:00][info] 开始处理队列任务: task_id=33, current_index=1528
[2026-02-19T23:40:22+08:00][info] 消息缓存初始化完成: task_id=33, groups=https://t.me/+wcqRUxDn6zczYmM0
[2026-02-19T23:40:22+08:00][info] 任务 33 第 2 次循环，重置群组 https://t.me/+wcqRUxDn6zczYmM0 消息状态
[2026-02-19T23:40:22+08:00][info] 使用当前发送用户 2431 的 session_path/www/wwwroot/tdata.tgbota.top/public/uploads/admin/202602/69862ac4b6550/818014595657/tdata/temp_8596807726.session
[2026-02-19T23:40:22+08:00][info] 返回:{"status":true,"message":"发送完成，成功1个，失败0个[]","data":{"success":[{"group_id":3479387283,"group_link":"https:\/\/t.me\/+o12qlRNkdiViMjE0","type":"megagroup","message":"发送成功","message_id":10338}],"failed":[],"debug":["处理标识符: https:\/\/t.me\/+o12qlRNkdiViMjE0, 清理后: https:\/\/t.me\/+o12qlRNkdiViMjE0, 识别为链接: True, 识别为数字ID: False"],"warning":""},"api_address":"185.165.170.142:5119"}
[2026-02-19T23:40:22+08:00][info] 消息ID缓存成功: task_id=36, group_id=https://t.me/+o12qlRNkdiViMjE0, msg_index=1693, message_id=10338, send_user_id=2535
[2026-02-19T23:40:22+08:00][info] 消息状态标记为已发送: task_id=36, group_id=https://t.me/+o12qlRNkdiViMjE0, msg_index=1693
[2026-02-19T23:40:23+08:00][info] 任务 36 将在 86 秒后继续处理下一条消息，索引: 1694, 实例ID: task_36_index_1694_1771515623.0139
[2026-02-19T23:40:23+08:00][info] 开始处理队列任务: task_id=35, current_index=1742
[2026-02-19T23:40:23+08:00][info] 消息缓存初始化完成: task_id=35, groups=https://t.me/+BrIuI_-gkNhhYTE0
[2026-02-19T23:40:23+08:00][info] 任务 35 第 3 次循环，重置群组 https://t.me/+BrIuI_-gkNhhYTE0 消息状态
[2026-02-19T23:40:23+08:00][info] 使用消息配置中指定的用户 2533 的 session_path/www/wwwroot/tdata.tgbota.top/public/uploads/admin/202602/69862ac4b6550/818015751336/tdata/temp_8575624125.session
[2026-02-19T23:40:24+08:00][info] 返回:{"status":true,"message":"发送完成，成功1个，失败0个[]","data":{"success":[{"group_id":3658905404,"group_link":"https:\/\/t.me\/+wcqRUxDn6zczYmM0","type":"megagroup","message":"发送成功","message_id":10111}],"failed":[],"debug":["处理标识符: https:\/\/t.me\/+wcqRUxDn6zczYmM0, 清理后: https:\/\/t.me\/+wcqRUxDn6zczYmM0, 识别为链接: True, 识别为数字ID: False"],"warning":""},"api_address":"185.165.170.142:5015"}
[2026-02-19T23:40:24+08:00][info] 消息ID缓存成功: task_id=33, group_id=https://t.me/+wcqRUxDn6zczYmM0, msg_index=1528, message_id=10111, send_user_id=2431
[2026-02-19T23:40:24+08:00][info] 消息状态标记为已发送: task_id=33, group_id=https://t.me/+wcqRUxDn6zczYmM0, msg_index=1528
[2026-02-19T23:40:24+08:00][info] 任务 33 将在 80 秒后继续处理下一条消息，索引: 1529, 实例ID: task_33_index_1529_1771515624.5117
[2026-02-19T23:40:25+08:00][info] 返回:{"status":true,"message":"发送完成，成功1个，失败0个[]","data":{"success":[{"group_id":3646934744,"group_link":"https:\/\/t.me\/+BrIuI_-gkNhhYTE0","type":"megagroup","message":"发送成功","message_id":10326}],"failed":[],"debug":["处理标识符: https:\/\/t.me\/+BrIuI_-gkNhhYTE0, 清理后: https:\/\/t.me\/+BrIuI_-gkNhhYTE0, 识别为链接: True, 识别为数字ID: False","文件1有效: \/www\/wwwroot\/tdata.tgbota.top\/public\/uploads\/admin\/202512\/693ae3b54e7e6.jpg (27281字节)","发送单个文件: \/www\/wwwroot\/tdata.tgbota.top\/public\/uploads\/admin\/202512\/693ae3b54e7e6.jpg"],"warning":""},"api_address":"185.165.170.142:5117"}
[2026-02-19T23:40:25+08:00][info] 消息ID缓存成功: task_id=35, group_id=https://t.me/+BrIuI_-gkNhhYTE0, msg_index=1742, message_id=10326, send_user_id=2533
[2026-02-19T23:40:25+08:00][info] 消息状态标记为已发送: task_id=35, group_id=https://t.me/+BrIuI_-gkNhhYTE0, msg_index=1742
[2026-02-19T23:40:25+08:00][info] 任务 35 将在 90 秒后继续处理下一条消息，索引: 1743, 实例ID: task_35_index_1743_1771515625.9709
[2026-02-19T23:40:36+08:00][info] 开始处理队列任务: task_id=25, current_index=1656
[2026-02-19T23:40:36+08:00][info] 消息缓存初始化完成: task_id=25, groups=https://t.me/+HZFEhfAwKjhmZDZk
[2026-02-19T23:40:36+08:00][info] 任务 25 第 3 次循环，重置群组 https://t.me/+HZFEhfAwKjhmZDZk 消息状态
[2026-02-19T23:40:36+08:00][info] 使用消息配置中指定的用户 1312 的 session_path/www/wwwroot/tdata.tgbota.top/public/uploads/admin/202512/695387359e84b/8615211864107/tdata/temp_8175983174.session
[2026-02-19T23:40:38+08:00][info] 返回:{"status":true,"message":"发送完成，成功1个，失败0个[]","data":{"success":[{"group_id":3482989339,"group_link":"https:\/\/t.me\/+HZFEhfAwKjhmZDZk","type":"megagroup","message":"发送成功","message_id":30210}],"failed":[],"debug":["处理标识符: https:\/\/t.me\/+HZFEhfAwKjhmZDZk, 清理后: https:\/\/t.me\/+HZFEhfAwKjhmZDZk, 识别为链接: True, 识别为数字ID: False"],"warning":""},"api_address":"185.165.170.142:5104"}
[2026-02-19T23:40:38+08:00][info] 消息ID缓存成功: task_id=25, group_id=https://t.me/+HZFEhfAwKjhmZDZk, msg_index=1656, message_id=30210, send_user_id=1312
[2026-02-19T23:40:38+08:00][info] 消息状态标记为已发送: task_id=25, group_id=https://t.me/+HZFEhfAwKjhmZDZk, msg_index=1656
[2026-02-19T23:40:39+08:00][info] 任务 25 将在 87 秒后继续处理下一条消息，索引: 1657, 实例ID: task_25_index_1657_1771515639.0419
[2026-02-19T23:40:41+08:00][info] 开始处理队列任务: task_id=39, current_index=381
[2026-02-19T23:40:41+08:00][info] 使用消息配置中指定的用户 3014 的 session_path/www/wwwroot/tdata.tgbota.top/public/uploads/admin/202602/699625adf380f/14709345774/tdata/temp_8508296846.session
[2026-02-19T23:40:43+08:00][info] 返回:{"status":true,"message":"发送完成，成功1个，失败0个[]","data":{"success":[{"group_id":3770869551,"group_link":"https:\/\/t.me\/+ZpSvBhFQCCEwMzdk","type":"megagroup","message":"发送成功","message_id":536}],"failed":[],"debug":["处理标识符: https:\/\/t.me\/+ZpSvBhFQCCEwMzdk, 清理后: https:\/\/t.me\/+ZpSvBhFQCCEwMzdk, 识别为链接: True, 识别为数字ID: False"],"warning":""},"api_address":"185.165.170.142:5030"}
[2026-02-19T23:40:43+08:00][info] 消息ID缓存成功: task_id=39, group_id=https://t.me/+ZpSvBhFQCCEwMzdk, msg_index=381, message_id=536, send_user_id=3014
[2026-02-19T23:40:43+08:00][info] 消息状态标记为已发送: task_id=39, group_id=https://t.me/+ZpSvBhFQCCEwMzdk, msg_index=381
[2026-02-19T23:40:43+08:00][info] 任务 39 将在 70 秒后继续处理下一条消息，索引: 382, 实例ID: task_39_index_382_1771515643.5933
[2026-02-19T23:40:45+08:00][info] 开始处理队列任务: task_id=31, current_index=1662
[2026-02-19T23:40:45+08:00][info] 消息缓存初始化完成: task_id=31, groups=https://t.me/+4azhFwWhx1czMzE0
[2026-02-19T23:40:45+08:00][info] 任务 31 第 3 次循环，重置群组 https://t.me/+4azhFwWhx1czMzE0 消息状态
[2026-02-19T23:40:45+08:00][info] 从数据库获取用户 2285 的 session_path
[2026-02-19T23:40:48+08:00][info] 开始处理队列任务: task_id=27, current_index=1625
[2026-02-19T23:40:48+08:00][info] 消息缓存初始化完成: task_id=27, groups=https://t.me/+_XaTo9Qrv0VjOTM0
[2026-02-19T23:40:48+08:00][info] 任务 27 第 3 次循环，重置群组 https://t.me/+_XaTo9Qrv0VjOTM0 消息状态
[2026-02-19T23:40:48+08:00][info] 使用消息配置中指定的用户 2352 的 session_path/www/wwwroot/tdata.tgbota.top/public/uploads/admin/202601/6971e94ea480a/16109567157/tdata/temp_8192937996.session
[2026-02-19T23:40:49+08:00][info] 返回:{"status":true,"message":"发送完成，成功1个，失败0个[]","data":{"success":[{"group_id":3079998653,"group_link":"https:\/\/t.me\/+4azhFwWhx1czMzE0","type":"megagroup","message":"发送成功","message_id":14515}],"failed":[],"debug":["处理标识符: https:\/\/t.me\/+4azhFwWhx1czMzE0, 清理后: https:\/\/t.me\/+4azhFwWhx1czMzE0, 识别为链接: True, 识别为数字ID: False","文件1有效: \/www\/wwwroot\/tdata.tgbota.top\/public\/uploads\/admin\/202512\/693ae5dc56522.jpg (33006字节)","发送单个文件: \/www\/wwwroot\/tdata.tgbota.top\/public\/uploads\/admin\/202512\/693ae5dc56522.jpg"],"warning":""},"api_address":"185.165.170.142:5020"}
[2026-02-19T23:40:49+08:00][info] 消息ID缓存成功: task_id=31, group_id=https://t.me/+4azhFwWhx1czMzE0, msg_index=1662, message_id=14515, send_user_id=2285
[2026-02-19T23:40:49+08:00][info] 消息状态标记为已发送: task_id=31, group_id=https://t.me/+4azhFwWhx1czMzE0, msg_index=1662
[2026-02-19T23:40:49+08:00][info] 任务 31 将在 78 秒后继续处理下一条消息，索引: 1663, 实例ID: task_31_index_1663_1771515649.3345
[2026-02-19T23:40:51+08:00][info] 返回:{"status":true,"message":"发送完成，成功1个，失败0个[]","data":{"success":[{"group_id":3649225144,"group_link":"https:\/\/t.me\/+_XaTo9Qrv0VjOTM0","type":"megagroup","message":"发送成功","message_id":33239}],"failed":[],"debug":["处理标识符: https:\/\/t.me\/+_XaTo9Qrv0VjOTM0, 清理后: https:\/\/t.me\/+_XaTo9Qrv0VjOTM0, 识别为链接: True, 识别为数字ID: False"],"warning":""},"api_address":"185.165.170.142:5087"}
[2026-02-19T23:40:51+08:00][info] 消息ID缓存成功: task_id=27, group_id=https://t.me/+_XaTo9Qrv0VjOTM0, msg_index=1625, message_id=33239, send_user_id=2352
[2026-02-19T23:40:51+08:00][info] 消息状态标记为已发送: task_id=27, group_id=https://t.me/+_XaTo9Qrv0VjOTM0, msg_index=1625
[2026-02-19T23:40:51+08:00][info] 任务 27 将在 87 秒后继续处理下一条消息，索引: 1626, 实例ID: task_27_index_1626_1771515651.3243
[2026-02-19T23:40:52+08:00][info] 开始处理队列任务: task_id=38, current_index=382
[2026-02-19T23:40:52+08:00][info] 使用消息配置中指定的用户 3014 的 session_path/www/wwwroot/tdata.tgbota.top/public/uploads/admin/202602/699625adf380f/14709345774/tdata/temp_8508296846.session
[2026-02-19T23:40:53+08:00][info] 开始处理队列任务: task_id=34, current_index=1529
[2026-02-19T23:40:54+08:00][info] 消息缓存初始化完成: task_id=34, groups=https://t.me/+CUyn8iqnQwEzNDY0
[2026-02-19T23:40:54+08:00][info] 任务 34 第 2 次循环，重置群组 https://t.me/+CUyn8iqnQwEzNDY0 消息状态
[2026-02-19T23:40:54+08:00][info] 从数据库获取用户 2463 的 session_path
[2026-02-19T23:40:54+08:00][info] 返回:{"status":true,"message":"发送完成，成功1个，失败0个[]","data":{"success":[{"group_id":3794396962,"group_link":"https:\/\/t.me\/+69dYKDni-wFmYWE0","type":"megagroup","message":"发送成功","message_id":537}],"failed":[],"debug":["处理标识符: https:\/\/t.me\/+69dYKDni-wFmYWE0, 清理后: https:\/\/t.me\/+69dYKDni-wFmYWE0, 识别为链接: True, 识别为数字ID: False"],"warning":""},"api_address":"185.165.170.142:5030"}
[2026-02-19T23:40:54+08:00][info] 消息ID缓存成功: task_id=38, group_id=https://t.me/+69dYKDni-wFmYWE0, msg_index=382, message_id=537, send_user_id=3014
[2026-02-19T23:40:54+08:00][info] 消息状态标记为已发送: task_id=38, group_id=https://t.me/+69dYKDni-wFmYWE0, msg_index=382
[2026-02-19T23:40:54+08:00][info] 任务 38 将在 85 秒后继续处理下一条消息，索引: 383, 实例ID: task_38_index_383_1771515654.6641
[2026-02-19T23:40:55+08:00][info] 返回:{"status":true,"message":"发送完成，成功1个，失败0个[]","data":{"success":[{"group_id":3719450736,"group_link":"https:\/\/t.me\/+CUyn8iqnQwEzNDY0","type":"megagroup","message":"发送成功","message_id":10273}],"failed":[],"debug":["处理标识符: https:\/\/t.me\/+CUyn8iqnQwEzNDY0, 清理后: https:\/\/t.me\/+CUyn8iqnQwEzNDY0, 识别为链接: True, 识别为数字ID: False"],"warning":""},"api_address":"185.165.170.142:5047"}
[2026-02-19T23:40:55+08:00][info] 消息ID缓存成功: task_id=34, group_id=https://t.me/+CUyn8iqnQwEzNDY0, msg_index=1529, message_id=10273, send_user_id=2463
[2026-02-19T23:40:55+08:00][info] 消息状态标记为已发送: task_id=34, group_id=https://t.me/+CUyn8iqnQwEzNDY0, msg_index=1529
[2026-02-19T23:40:55+08:00][info] 任务 34 将在 90 秒后继续处理下一条消息，索引: 1530, 实例ID: task_34_index_1530_1771515655.7758
[2026-02-19T23:41:04+08:00][info] 开始处理队列任务: task_id=29, current_index=1657
[2026-02-19T23:41:04+08:00][info] 消息缓存初始化完成: task_id=29, groups=https://t.me/+WZlsKfz1W89jYjE0
[2026-02-19T23:41:04+08:00][info] 任务 29 第 3 次循环，重置群组 https://t.me/+WZlsKfz1W89jYjE0 消息状态
[2026-02-19T23:41:04+08:00][info] 使用当前发送用户 2293 的 session_path/www/wwwroot/tdata.tgbota.top/public/uploads/admin/202601/6971e94ea480a/16099935602/tdata/temp_8178523847.session
[2026-02-19T23:41:07+08:00][info] 返回:{"status":true,"message":"发送完成，成功1个，失败0个[]","data":{"success":[{"group_id":3780502866,"group_link":"https:\/\/t.me\/+WZlsKfz1W89jYjE0","type":"megagroup","message":"发送成功","message_id":21751}],"failed":[],"debug":["处理标识符: https:\/\/t.me\/+WZlsKfz1W89jYjE0, 清理后: https:\/\/t.me\/+WZlsKfz1W89jYjE0, 识别为链接: True, 识别为数字ID: False"],"warning":""},"api_address":"185.165.170.142:5028"}
[2026-02-19T23:41:07+08:00][info] 消息ID缓存成功: task_id=29, group_id=https://t.me/+WZlsKfz1W89jYjE0, msg_index=1657, message_id=21751, send_user_id=2293
[2026-02-19T23:41:07+08:00][info] 消息状态标记为已发送: task_id=29, group_id=https://t.me/+WZlsKfz1W89jYjE0, msg_index=1657
[2026-02-19T23:41:07+08:00][info] 任务 29 将在 90 秒后继续处理下一条消息，索引: 1658, 实例ID: task_29_index_1658_1771515667.1881
[2026-02-19T23:41:25+08:00][info] 开始处理队列任务: task_id=40, current_index=380
[2026-02-19T23:41:25+08:00][info] 使用消息配置中指定的用户 3015 的 session_path/www/wwwroot/tdata.tgbota.top/public/uploads/admin/202602/699625adf380f/14795464657/tdata/temp_7907809976.session
[2026-02-19T23:41:27+08:00][info] 返回:{"status":true,"message":"发送完成，成功1个，失败0个[]","data":{"success":[{"group_id":3799666589,"group_link":"https:\/\/t.me\/+IfyZ_OVthdI5YzNk","type":"megagroup","message":"发送成功","message_id":536}],"failed":[],"debug":["处理标识符: https:\/\/t.me\/+IfyZ_OVthdI5YzNk, 清理后: https:\/\/t.me\/+IfyZ_OVthdI5YzNk, 识别为链接: True, 识别为数字ID: False"],"warning":""},"api_address":"185.165.170.142:5031"}
[2026-02-19T23:41:27+08:00][info] 消息ID缓存成功: task_id=40, group_id=https://t.me/+IfyZ_OVthdI5YzNk, msg_index=380, message_id=536, send_user_id=3015
[2026-02-19T23:41:27+08:00][info] 消息状态标记为已发送: task_id=40, group_id=https://t.me/+IfyZ_OVthdI5YzNk, msg_index=380
[2026-02-19T23:41:27+08:00][info] 任务 40 将在 73 秒后继续处理下一条消息，索引: 381, 实例ID: task_40_index_381_1771515687.831
[2026-02-19T23:41:29+08:00][info] 开始处理队列任务: task_id=37, current_index=1730
[2026-02-19T23:41:30+08:00][info] 消息缓存初始化完成: task_id=37, groups=https://t.me/+DUAGbZI5vW41NWI8
[2026-02-19T23:41:30+08:00][info] 任务 37 第 3 次循环，重置群组 https://t.me/+DUAGbZI5vW41NWI8 消息状态
[2026-02-19T23:41:30+08:00][info] 使用消息配置中指定的用户 2542 的 session_path/www/wwwroot/tdata.tgbota.top/public/uploads/admin/202602/69862ac4b6550/817041404841/tdata/temp_8193858605.session
[2026-02-19T23:41:32+08:00][info] 返回:{"status":true,"message":"发送完成，成功1个，失败0个[]","data":{"success":[{"group_id":3732578862,"group_link":"https:\/\/t.me\/+DUAGbZI5vW41NWI8","type":"megagroup","message":"发送成功","message_id":8504}],"failed":[],"debug":["处理标识符: https:\/\/t.me\/+DUAGbZI5vW41NWI8, 清理后: https:\/\/t.me\/+DUAGbZI5vW41NWI8, 识别为链接: True, 识别为数字ID: False"],"warning":""},"api_address":"185.165.170.142:5126"}
[2026-02-19T23:41:32+08:00][info] 消息ID缓存成功: task_id=37, group_id=https://t.me/+DUAGbZI5vW41NWI8, msg_index=1730, message_id=8504, send_user_id=2542
[2026-02-19T23:41:32+08:00][info] 消息状态标记为已发送: task_id=37, group_id=https://t.me/+DUAGbZI5vW41NWI8, msg_index=1730
[2026-02-19T23:41:32+08:00][info] 任务 37 将在 82 秒后继续处理下一条消息，索引: 1731, 实例ID: task_37_index_1731_1771515692.0797
[2026-02-19T23:41:44+08:00][info] 开始处理队列任务: task_id=33, current_index=1529
[2026-02-19T23:41:44+08:00][info] 消息缓存初始化完成: task_id=33, groups=https://t.me/+wcqRUxDn6zczYmM0
[2026-02-19T23:41:44+08:00][info] 任务 33 第 2 次循环，重置群组 https://t.me/+wcqRUxDn6zczYmM0 消息状态
[2026-02-19T23:41:44+08:00][info] 使用消息配置中指定的用户 2463 的 session_path/www/wwwroot/tdata.tgbota.top/public/uploads/admin/202602/69862ac4b6550/818010982574/tdata/temp_8371459024.session
[2026-02-19T23:41:46+08:00][info] 返回:{"status":true,"message":"发送完成，成功1个，失败0个[]","data":{"success":[{"group_id":3658905404,"group_link":"https:\/\/t.me\/+wcqRUxDn6zczYmM0","type":"megagroup","message":"发送成功","message_id":10112}],"failed":[],"debug":["处理标识符: https:\/\/t.me\/+wcqRUxDn6zczYmM0, 清理后: https:\/\/t.me\/+wcqRUxDn6zczYmM0, 识别为链接: True, 识别为数字ID: False"],"warning":""},"api_address":"185.165.170.142:5047"}
[2026-02-19T23:41:46+08:00][info] 消息ID缓存成功: task_id=33, group_id=https://t.me/+wcqRUxDn6zczYmM0, msg_index=1529, message_id=10112, send_user_id=2463
[2026-02-19T23:41:46+08:00][info] 消息状态标记为已发送: task_id=33, group_id=https://t.me/+wcqRUxDn6zczYmM0, msg_index=1529
[2026-02-19T23:41:46+08:00][info] 任务 33 将在 90 秒后继续处理下一条消息，索引: 1530, 实例ID: task_33_index_1530_1771515706.0368
[2026-02-19T23:41:49+08:00][info] 开始处理队列任务: task_id=36, current_index=1694
[2026-02-19T23:41:49+08:00][info] 消息缓存初始化完成: task_id=36, groups=https://t.me/+o12qlRNkdiViMjE0
[2026-02-19T23:41:49+08:00][info] 任务 36 第 3 次循环，重置群组 https://t.me/+o12qlRNkdiViMjE0 消息状态
[2026-02-19T23:41:49+08:00][info] 使用feedbackType=1693的消息ID: 10337
[2026-02-19T23:41:49+08:00][info] 使用消息配置中指定的用户 2454 的 session_path/www/wwwroot/tdata.tgbota.top/public/uploads/admin/202602/69862ac4b6550/817026635165/tdata/temp_8572953022.session
[2026-02-19T23:41:51+08:00][info] 返回:{"status":true,"message":"发送完成，成功1个，失败0个[]","data":{"success":[{"group_id":3479387283,"group_link":"https:\/\/t.me\/+o12qlRNkdiViMjE0","type":"megagroup","message":"发送成功","message_id":10339}],"failed":[],"debug":["处理标识符: https:\/\/t.me\/+o12qlRNkdiViMjE0, 清理后: https:\/\/t.me\/+o12qlRNkdiViMjE0, 识别为链接: True, 识别为数字ID: False"],"warning":""},"api_address":"185.165.170.142:5038"}
[2026-02-19T23:41:51+08:00][info] 消息ID缓存成功: task_id=36, group_id=https://t.me/+o12qlRNkdiViMjE0, msg_index=1694, message_id=10339, send_user_id=2454
[2026-02-19T23:41:51+08:00][info] 消息状态标记为已发送: task_id=36, group_id=https://t.me/+o12qlRNkdiViMjE0, msg_index=1694
[2026-02-19T23:41:51+08:00][info] 任务 36 将在 92 秒后继续处理下一条消息，索引: 1695, 实例ID: task_36_index_1695_1771515711.7033
[2026-02-19T23:41:53+08:00][info] 开始处理队列任务: task_id=39, current_index=382
[2026-02-19T23:41:53+08:00][info] 使用消息配置中指定的用户 3014 的 session_path/www/wwwroot/tdata.tgbota.top/public/uploads/admin/202602/699625adf380f/14709345774/tdata/temp_8508296846.session
[2026-02-19T23:41:55+08:00][info] 开始处理队列任务: task_id=35, current_index=1743
[2026-02-19T23:41:55+08:00][info] 消息缓存初始化完成: task_id=35, groups=https://t.me/+BrIuI_-gkNhhYTE0
[2026-02-19T23:41:55+08:00][info] 任务 35 第 3 次循环，重置群组 https://t.me/+BrIuI_-gkNhhYTE0 消息状态
[2026-02-19T23:41:55+08:00][info] 使用消息配置中指定的用户 2532 的 session_path/www/wwwroot/tdata.tgbota.top/public/uploads/admin/202602/69862ac4b6550/817026443294/tdata/temp_8347455919.session
[2026-02-19T23:41:56+08:00][info] 返回:{"status":true,"message":"发送完成，成功1个，失败0个[]","data":{"success":[{"group_id":3770869551,"group_link":"https:\/\/t.me\/+ZpSvBhFQCCEwMzdk","type":"megagroup","message":"发送成功","message_id":537}],"failed":[],"debug":["处理标识符: https:\/\/t.me\/+ZpSvBhFQCCEwMzdk, 清理后: https:\/\/t.me\/+ZpSvBhFQCCEwMzdk, 识别为链接: True, 识别为数字ID: False"],"warning":""},"api_address":"185.165.170.142:5030"}
[2026-02-19T23:41:56+08:00][info] 消息ID缓存成功: task_id=39, group_id=https://t.me/+ZpSvBhFQCCEwMzdk, msg_index=382, message_id=537, send_user_id=3014
[2026-02-19T23:41:56+08:00][info] 消息状态标记为已发送: task_id=39, group_id=https://t.me/+ZpSvBhFQCCEwMzdk, msg_index=382
[2026-02-19T23:41:56+08:00][info] 任务 39 将在 85 秒后继续处理下一条消息，索引: 383, 实例ID: task_39_index_383_1771515716.5283
[2026-02-19T23:41:57+08:00][info] 返回:{"status":true,"message":"发送完成，成功1个，失败0个[]","data":{"success":[{"group_id":3646934744,"group_link":"https:\/\/t.me\/+BrIuI_-gkNhhYTE0","type":"megagroup","message":"发送成功","message_id":10327}],"failed":[],"debug":["处理标识符: https:\/\/t.me\/+BrIuI_-gkNhhYTE0, 清理后: https:\/\/t.me\/+BrIuI_-gkNhhYTE0, 识别为链接: True, 识别为数字ID: False"],"warning":""},"api_address":"185.165.170.142:5116"}
[2026-02-19T23:41:57+08:00][info] 消息ID缓存成功: task_id=35, group_id=https://t.me/+BrIuI_-gkNhhYTE0, msg_index=1743, message_id=10327, send_user_id=2532
[2026-02-19T23:41:57+08:00][info] 消息状态标记为已发送: task_id=35, group_id=https://t.me/+BrIuI_-gkNhhYTE0, msg_index=1743
[2026-02-19T23:41:57+08:00][info] 任务 35 将在 100 秒后继续处理下一条消息，索引: 1744, 实例ID: task_35_index_1744_1771515717.5747
[2026-02-19T23:42:06+08:00][info] 开始处理队列任务: task_id=25, current_index=1657
[2026-02-19T23:42:06+08:00][info] 消息缓存初始化完成: task_id=25, groups=https://t.me/+HZFEhfAwKjhmZDZk
[2026-02-19T23:42:06+08:00][info] 任务 25 第 3 次循环，重置群组 https://t.me/+HZFEhfAwKjhmZDZk 消息状态
[2026-02-19T23:42:06+08:00][info] 使用当前发送用户 2293 的 session_path/www/wwwroot/tdata.tgbota.top/public/uploads/admin/202601/6971e94ea480a/16099935602/tdata/temp_8178523847.session
[2026-02-19T23:42:07+08:00][info] 开始处理队列任务: task_id=31, current_index=1663
[2026-02-19T23:42:08+08:00][info] 消息缓存初始化完成: task_id=31, groups=https://t.me/+4azhFwWhx1czMzE0
[2026-02-19T23:42:08+08:00][info] 任务 31 第 3 次循环，重置群组 https://t.me/+4azhFwWhx1czMzE0 消息状态
[2026-02-19T23:42:08+08:00][info] 使用消息配置中指定的用户 1316 的 session_path/www/wwwroot/tdata.tgbota.top/public/uploads/admin/202512/695387359e84b/8615211853935/tdata/temp_8104939574.session
[2026-02-19T23:42:09+08:00][info] 返回:{"status":true,"message":"发送完成，成功1个，失败0个[]","data":{"success":[{"group_id":3482989339,"group_link":"https:\/\/t.me\/+HZFEhfAwKjhmZDZk","type":"megagroup","message":"发送成功","message_id":30211}],"failed":[],"debug":["处理标识符: https:\/\/t.me\/+HZFEhfAwKjhmZDZk, 清理后: https:\/\/t.me\/+HZFEhfAwKjhmZDZk, 识别为链接: True, 识别为数字ID: False"],"warning":""},"api_address":"185.165.170.142:5028"}
[2026-02-19T23:42:09+08:00][info] 消息ID缓存成功: task_id=25, group_id=https://t.me/+HZFEhfAwKjhmZDZk, msg_index=1657, message_id=30211, send_user_id=2293
[2026-02-19T23:42:09+08:00][info] 消息状态标记为已发送: task_id=25, group_id=https://t.me/+HZFEhfAwKjhmZDZk, msg_index=1657
[2026-02-19T23:42:09+08:00][info] 任务 25 将在 90 秒后继续处理下一条消息，索引: 1658, 实例ID: task_25_index_1658_1771515729.3574
[2026-02-19T23:42:09+08:00][info] 返回:{"status":true,"message":"发送完成，成功1个，失败0个[]","data":{"success":[{"group_id":3079998653,"group_link":"https:\/\/t.me\/+4azhFwWhx1czMzE0","type":"megagroup","message":"发送成功","message_id":14516}],"failed":[],"debug":["处理标识符: https:\/\/t.me\/+4azhFwWhx1czMzE0, 清理后: https:\/\/t.me\/+4azhFwWhx1czMzE0, 识别为链接: True, 识别为数字ID: False"],"warning":""},"api_address":"185.165.170.142:5108"}
[2026-02-19T23:42:09+08:00][info] 消息ID缓存成功: task_id=31, group_id=https://t.me/+4azhFwWhx1czMzE0, msg_index=1663, message_id=14516, send_user_id=1316
[2026-02-19T23:42:09+08:00][info] 消息状态标记为已发送: task_id=31, group_id=https://t.me/+4azhFwWhx1czMzE0, msg_index=1663
[2026-02-19T23:42:10+08:00][info] 任务 31 将在 88 秒后继续处理下一条消息，索引: 1664, 实例ID: task_31_index_1664_1771515730.092
[2026-02-19T23:42:12+08:00][info] 开始处理队列任务: task_id=28, current_index=1662
[2026-02-19T23:42:12+08:00][info] 消息缓存初始化完成: task_id=28, groups=https://t.me/+Hg62NsrbOCZmZmY8
[2026-02-19T23:42:12+08:00][info] 任务 28 第 3 次循环，重置群组 https://t.me/+Hg62NsrbOCZmZmY8 消息状态
[2026-02-19T23:42:12+08:00][info] 使用消息配置中指定的用户 2285 的 session_path/www/wwwroot/tdata.tgbota.top/public/uploads/admin/202601/6971e94ea480a/16108171893/tdata/temp_8285980414.session
[2026-02-19T23:42:16+08:00][info] 返回:{"status":true,"message":"发送完成，成功1个，失败0个[]","data":{"success":[{"group_id":3657218256,"group_link":"https:\/\/t.me\/+Hg62NsrbOCZmZmY8","type":"megagroup","message":"发送成功","message_id":21693}],"failed":[],"debug":["处理标识符: https:\/\/t.me\/+Hg62NsrbOCZmZmY8, 清理后: https:\/\/t.me\/+Hg62NsrbOCZmZmY8, 识别为链接: True, 识别为数字ID: False","文件1有效: \/www\/wwwroot\/tdata.tgbota.top\/public\/uploads\/admin\/202512\/693ae5dc56522.jpg (33006字节)","发送单个文件: \/www\/wwwroot\/tdata.tgbota.top\/public\/uploads\/admin\/202512\/693ae5dc56522.jpg"],"warning":""},"api_address":"185.165.170.142:5020"}
[2026-02-19T23:42:16+08:00][info] 消息ID缓存成功: task_id=28, group_id=https://t.me/+Hg62NsrbOCZmZmY8, msg_index=1662, message_id=21693, send_user_id=2285
[2026-02-19T23:42:16+08:00][info] 消息状态标记为已发送: task_id=28, group_id=https://t.me/+Hg62NsrbOCZmZmY8, msg_index=1662
[2026-02-19T23:42:16+08:00][info] 任务 28 将在 78 秒后继续处理下一条消息，索引: 1663, 实例ID: task_28_index_1663_1771515736.3895
[2026-02-19T23:42:18+08:00][info] 开始处理队列任务: task_id=27, current_index=1626
[2026-02-19T23:42:18+08:00][info] 消息缓存初始化完成: task_id=27, groups=https://t.me/+_XaTo9Qrv0VjOTM0
[2026-02-19T23:42:18+08:00][info] 任务 27 第 3 次循环，重置群组 https://t.me/+_XaTo9Qrv0VjOTM0 消息状态
[2026-02-19T23:42:18+08:00][info] 使用消息配置中指定的用户 2346 的 session_path/www/wwwroot/tdata.tgbota.top/public/uploads/admin/202601/6971e94ea480a/16156397771/tdata/temp_8341524335.session
[2026-02-19T23:42:19+08:00][info] 开始处理队列任务: task_id=38, current_index=383
[2026-02-19T23:42:19+08:00][info] 使用消息配置中指定的用户 3013 的 session_path/www/wwwroot/tdata.tgbota.top/public/uploads/admin/202602/699625adf380f/14697278550/tdata/temp_8185375187.session
[2026-02-19T23:42:22+08:00][info] 返回:{"status":true,"message":"发送完成，成功1个，失败0个[]","data":{"success":[{"group_id":3649225144,"group_link":"https:\/\/t.me\/+_XaTo9Qrv0VjOTM0","type":"megagroup","message":"发送成功","message_id":33240}],"failed":[],"debug":["处理标识符: https:\/\/t.me\/+_XaTo9Qrv0VjOTM0, 清理后: https:\/\/t.me\/+_XaTo9Qrv0VjOTM0, 识别为链接: True, 识别为数字ID: False","文件1有效: \/www\/wwwroot\/tdata.tgbota.top\/public\/uploads\/admin\/202512\/693ae46969ada.jpg (87512字节)","发送单个文件: \/www\/wwwroot\/tdata.tgbota.top\/public\/uploads\/admin\/202512\/693ae46969ada.jpg"],"warning":""},"api_address":"185.165.170.142:5081"}
[2026-02-19T23:42:22+08:00][info] 消息ID缓存成功: task_id=27, group_id=https://t.me/+_XaTo9Qrv0VjOTM0, msg_index=1626, message_id=33240, send_user_id=2346
[2026-02-19T23:42:22+08:00][info] 消息状态标记为已发送: task_id=27, group_id=https://t.me/+_XaTo9Qrv0VjOTM0, msg_index=1626
[2026-02-19T23:42:22+08:00][info] 任务 27 将在 70 秒后继续处理下一条消息，索引: 1627, 实例ID: task_27_index_1627_1771515742.3821
[2026-02-19T23:42:22+08:00][info] 返回:{"status":true,"message":"发送完成，成功1个，失败0个[]","data":{"success":[{"group_id":3794396962,"group_link":"https:\/\/t.me\/+69dYKDni-wFmYWE0","type":"megagroup","message":"发送成功","message_id":539}],"failed":[],"debug":["处理标识符: https:\/\/t.me\/+69dYKDni-wFmYWE0, 清理后: https:\/\/t.me\/+69dYKDni-wFmYWE0, 识别为链接: True, 识别为数字ID: False"],"warning":""},"api_address":"185.165.170.142:5029"}
[2026-02-19T23:42:22+08:00][info] 消息ID缓存成功: task_id=38, group_id=https://t.me/+69dYKDni-wFmYWE0, msg_index=383, message_id=539, send_user_id=3013
[2026-02-19T23:42:22+08:00][info] 消息状态标记为已发送: task_id=38, group_id=https://t.me/+69dYKDni-wFmYWE0, msg_index=383
[2026-02-19T23:42:22+08:00][info] 任务 38 将在 90 秒后继续处理下一条消息，索引: 384, 实例ID: task_38_index_384_1771515742.4936
[2026-02-19T23:42:25+08:00][info] 开始处理队列任务: task_id=34, current_index=1530
[2026-02-19T23:42:25+08:00][info] 消息缓存初始化完成: task_id=34, groups=https://t.me/+CUyn8iqnQwEzNDY0
[2026-02-19T23:42:25+08:00][info] 任务 34 第 2 次循环，重置群组 https://t.me/+CUyn8iqnQwEzNDY0 消息状态
[2026-02-19T23:42:25+08:00][info] 使用消息配置中指定的用户 2474 的 session_path/www/wwwroot/tdata.tgbota.top/public/uploads/admin/202602/69862ac4b6550/817039604873/tdata/temp_8593867136.session
[2026-02-19T23:42:27+08:00][info] 返回:{"status":true,"message":"发送完成，成功1个，失败0个[]","data":{"success":[{"group_id":3719450736,"group_link":"https:\/\/t.me\/+CUyn8iqnQwEzNDY0","type":"megagroup","message":"发送成功","message_id":10274}],"failed":[],"debug":["处理标识符: https:\/\/t.me\/+CUyn8iqnQwEzNDY0, 清理后: https:\/\/t.me\/+CUyn8iqnQwEzNDY0, 识别为链接: True, 识别为数字ID: False"],"warning":""},"api_address":"185.165.170.142:5058"}
[2026-02-19T23:42:27+08:00][info] 消息ID缓存成功: task_id=34, group_id=https://t.me/+CUyn8iqnQwEzNDY0, msg_index=1530, message_id=10274, send_user_id=2474
[2026-02-19T23:42:27+08:00][info] 消息状态标记为已发送: task_id=34, group_id=https://t.me/+CUyn8iqnQwEzNDY0, msg_index=1530
[2026-02-19T23:42:27+08:00][info] 任务 34 将在 79 秒后继续处理下一条消息，索引: 1531, 实例ID: task_34_index_1531_1771515747.4115
[2026-02-19T23:42:37+08:00][info] 开始处理队列任务: task_id=29, current_index=1658
[2026-02-19T23:42:37+08:00][info] 消息缓存初始化完成: task_id=29, groups=https://t.me/+WZlsKfz1W89jYjE0
[2026-02-19T23:42:37+08:00][info] 任务 29 第 3 次循环，重置群组 https://t.me/+WZlsKfz1W89jYjE0 消息状态
[2026-02-19T23:42:37+08:00][info] 使用消息配置中指定的用户 2353 的 session_path/www/wwwroot/tdata.tgbota.top/public/uploads/admin/202601/6971e94ea480a/16109567456/tdata/temp_8438570224.session
[2026-02-19T23:42:40+08:00][info] 返回:{"status":true,"message":"发送完成，成功1个，失败0个[]","data":{"success":[{"group_id":3780502866,"group_link":"https:\/\/t.me\/+WZlsKfz1W89jYjE0","type":"megagroup","message":"发送成功","message_id":21752}],"failed":[],"debug":["处理标识符: https:\/\/t.me\/+WZlsKfz1W89jYjE0, 清理后: https:\/\/t.me\/+WZlsKfz1W89jYjE0, 识别为链接: True, 识别为数字ID: False"],"warning":""},"api_address":"185.165.170.142:5088"}
[2026-02-19T23:42:40+08:00][info] 消息ID缓存成功: task_id=29, group_id=https://t.me/+WZlsKfz1W89jYjE0, msg_index=1658, message_id=21752, send_user_id=2353
[2026-02-19T23:42:40+08:00][info] 消息状态标记为已发送: task_id=29, group_id=https://t.me/+WZlsKfz1W89jYjE0, msg_index=1658
[2026-02-19T23:42:40+08:00][info] 任务 29 将在 78 秒后继续处理下一条消息，索引: 1659, 实例ID: task_29_index_1659_1771515760.1839
[2026-02-19T23:42:40+08:00][info] 开始处理队列任务: task_id=40, current_index=381
[2026-02-19T23:42:40+08:00][info] 使用消息配置中指定的用户 3014 的 session_path/www/wwwroot/tdata.tgbota.top/public/uploads/admin/202602/699625adf380f/14709345774/tdata/temp_8508296846.session
[2026-02-19T23:42:42+08:00][info] 返回:{"status":true,"message":"发送完成，成功1个，失败0个[]","data":{"success":[{"group_id":3799666589,"group_link":"https:\/\/t.me\/+IfyZ_OVthdI5YzNk","type":"megagroup","message":"发送成功","message_id":537}],"failed":[],"debug":["处理标识符: https:\/\/t.me\/+IfyZ_OVthdI5YzNk, 清理后: https:\/\/t.me\/+IfyZ_OVthdI5YzNk, 识别为链接: True, 识别为数字ID: False"],"warning":""},"api_address":"185.165.170.142:5030"}
[2026-02-19T23:42:42+08:00][info] 消息ID缓存成功: task_id=40, group_id=https://t.me/+IfyZ_OVthdI5YzNk, msg_index=381, message_id=537, send_user_id=3014
[2026-02-19T23:42:42+08:00][info] 消息状态标记为已发送: task_id=40, group_id=https://t.me/+IfyZ_OVthdI5YzNk, msg_index=381
[2026-02-19T23:42:42+08:00][info] 任务 40 将在 70 秒后继续处理下一条消息，索引: 382, 实例ID: task_40_index_382_1771515762.8757
[2026-02-19T23:42:54+08:00][info] 开始处理队列任务: task_id=37, current_index=1731
[2026-02-19T23:42:54+08:00][info] 消息缓存初始化完成: task_id=37, groups=https://t.me/+DUAGbZI5vW41NWI8
[2026-02-19T23:42:54+08:00][info] 任务 37 第 3 次循环，重置群组 https://t.me/+DUAGbZI5vW41NWI8 消息状态
[2026-02-19T23:42:54+08:00][info] 使用消息配置中指定的用户 2542 的 session_path/www/wwwroot/tdata.tgbota.top/public/uploads/admin/202602/69862ac4b6550/817041404841/tdata/temp_8193858605.session
[2026-02-19T23:42:56+08:00][info] 返回:{"status":true,"message":"发送完成，成功1个，失败0个[]","data":{"success":[{"group_id":3732578862,"group_link":"https:\/\/t.me\/+DUAGbZI5vW41NWI8","type":"megagroup","message":"发送成功","message_id":8505}],"failed":[],"debug":["处理标识符: https:\/\/t.me\/+DUAGbZI5vW41NWI8, 清理后: https:\/\/t.me\/+DUAGbZI5vW41NWI8, 识别为链接: True, 识别为数字ID: False"],"warning":""},"api_address":"185.165.170.142:5126"}
[2026-02-19T23:42:56+08:00][info] 消息ID缓存成功: task_id=37, group_id=https://t.me/+DUAGbZI5vW41NWI8, msg_index=1731, message_id=8505, send_user_id=2542
[2026-02-19T23:42:56+08:00][info] 消息状态标记为已发送: task_id=37, group_id=https://t.me/+DUAGbZI5vW41NWI8, msg_index=1731
[2026-02-19T23:42:56+08:00][info] 任务 37 将在 92 秒后继续处理下一条消息，索引: 1732, 实例ID: task_37_index_1732_1771515776.4396
[2026-02-19T23:43:16+08:00][info] 开始处理队列任务: task_id=33, current_index=1530
[2026-02-19T23:43:16+08:00][info] 消息缓存初始化完成: task_id=33, groups=https://t.me/+wcqRUxDn6zczYmM0
[2026-02-19T23:43:16+08:00][info] 任务 33 第 2 次循环，重置群组 https://t.me/+wcqRUxDn6zczYmM0 消息状态
[2026-02-19T23:43:16+08:00][info] 使用消息配置中指定的用户 2474 的 session_path/www/wwwroot/tdata.tgbota.top/public/uploads/admin/202602/69862ac4b6550/817039604873/tdata/temp_8593867136.session
[2026-02-19T23:43:18+08:00][info] 返回:{"status":true,"message":"发送完成，成功1个，失败0个[]","data":{"success":[{"group_id":3658905404,"group_link":"https:\/\/t.me\/+wcqRUxDn6zczYmM0","type":"megagroup","message":"发送成功","message_id":10113}],"failed":[],"debug":["处理标识符: https:\/\/t.me\/+wcqRUxDn6zczYmM0, 清理后: https:\/\/t.me\/+wcqRUxDn6zczYmM0, 识别为链接: True, 识别为数字ID: False"],"warning":""},"api_address":"185.165.170.142:5058"}
[2026-02-19T23:43:18+08:00][info] 消息ID缓存成功: task_id=33, group_id=https://t.me/+wcqRUxDn6zczYmM0, msg_index=1530, message_id=10113, send_user_id=2474
[2026-02-19T23:43:18+08:00][info] 消息状态标记为已发送: task_id=33, group_id=https://t.me/+wcqRUxDn6zczYmM0, msg_index=1530
[2026-02-19T23:43:18+08:00][info] 任务 33 将在 79 秒后继续处理下一条消息，索引: 1531, 实例ID: task_33_index_1531_1771515798.5539
[2026-02-19T23:43:21+08:00][info] 开始处理队列任务: task_id=39, current_index=383
[2026-02-19T23:43:21+08:00][info] 使用消息配置中指定的用户 3013 的 session_path/www/wwwroot/tdata.tgbota.top/public/uploads/admin/202602/699625adf380f/14697278550/tdata/temp_8185375187.session
[2026-02-19T23:43:23+08:00][info] 开始处理队列任务: task_id=36, current_index=1695
[2026-02-19T23:43:23+08:00][info] 消息缓存初始化完成: task_id=36, groups=https://t.me/+o12qlRNkdiViMjE0
[2026-02-19T23:43:23+08:00][info] 任务 36 第 3 次循环，重置群组 https://t.me/+o12qlRNkdiViMjE0 消息状态
[2026-02-19T23:43:23+08:00][info] 使用当前发送用户 2519 的 session_path/www/wwwroot/tdata.tgbota.top/public/uploads/admin/202602/69862ac4b6550/818015756356/tdata/temp_8513741349.session
[2026-02-19T23:43:24+08:00][info] 返回:{"status":true,"message":"发送完成，成功1个，失败0个[]","data":{"success":[{"group_id":3770869551,"group_link":"https:\/\/t.me\/+ZpSvBhFQCCEwMzdk","type":"megagroup","message":"发送成功","message_id":539}],"failed":[],"debug":["处理标识符: https:\/\/t.me\/+ZpSvBhFQCCEwMzdk, 清理后: https:\/\/t.me\/+ZpSvBhFQCCEwMzdk, 识别为链接: True, 识别为数字ID: False"],"warning":""},"api_address":"185.165.170.142:5029"}
[2026-02-19T23:43:24+08:00][info] 消息ID缓存成功: task_id=39, group_id=https://t.me/+ZpSvBhFQCCEwMzdk, msg_index=383, message_id=539, send_user_id=3013
[2026-02-19T23:43:24+08:00][info] 消息状态标记为已发送: task_id=39, group_id=https://t.me/+ZpSvBhFQCCEwMzdk, msg_index=383
[2026-02-19T23:43:24+08:00][info] 任务 39 将在 90 秒后继续处理下一条消息，索引: 384, 实例ID: task_39_index_384_1771515804.9113
[2026-02-19T23:43:25+08:00][info] 返回:{"status":true,"message":"发送完成，成功1个，失败0个[]","data":{"success":[{"group_id":3479387283,"group_link":"https:\/\/t.me\/+o12qlRNkdiViMjE0","type":"megagroup","message":"发送成功","message_id":10340}],"failed":[],"debug":["处理标识符: https:\/\/t.me\/+o12qlRNkdiViMjE0, 清理后: https:\/\/t.me\/+o12qlRNkdiViMjE0, 识别为链接: True, 识别为数字ID: False"],"warning":""},"api_address":"185.165.170.142:5103"}
[2026-02-19T23:43:25+08:00][info] 消息ID缓存成功: task_id=36, group_id=https://t.me/+o12qlRNkdiViMjE0, msg_index=1695, message_id=10340, send_user_id=2519
[2026-02-19T23:43:25+08:00][info] 消息状态标记为已发送: task_id=36, group_id=https://t.me/+o12qlRNkdiViMjE0, msg_index=1695
[2026-02-19T23:43:25+08:00][info] 任务 36 将在 103 秒后继续处理下一条消息，索引: 1696, 实例ID: task_36_index_1696_1771515805.3666
[2026-02-19T23:43:32+08:00][info] 开始处理队列任务: task_id=27, current_index=1627
[2026-02-19T23:43:32+08:00][info] 消息缓存初始化完成: task_id=27, groups=https://t.me/+_XaTo9Qrv0VjOTM0
[2026-02-19T23:43:32+08:00][info] 任务 27 第 3 次循环，重置群组 https://t.me/+_XaTo9Qrv0VjOTM0 消息状态
[2026-02-19T23:43:32+08:00][info] 使用消息配置中指定的用户 2346 的 session_path/www/wwwroot/tdata.tgbota.top/public/uploads/admin/202601/6971e94ea480a/16156397771/tdata/temp_8341524335.session
[2026-02-19T23:43:34+08:00][info] 开始处理队列任务: task_id=28, current_index=1663
[2026-02-19T23:43:34+08:00][info] 消息缓存初始化完成: task_id=28, groups=https://t.me/+Hg62NsrbOCZmZmY8
[2026-02-19T23:43:34+08:00][info] 任务 28 第 3 次循环，重置群组 https://t.me/+Hg62NsrbOCZmZmY8 消息状态
[2026-02-19T23:43:34+08:00][info] 使用当前发送用户 1316 的 session_path/www/wwwroot/tdata.tgbota.top/public/uploads/admin/202512/695387359e84b/8615211853935/tdata/temp_8104939574.session
[2026-02-19T23:43:35+08:00][info] 返回:{"status":true,"message":"发送完成，成功1个，失败0个[]","data":{"success":[{"group_id":3649225144,"group_link":"https:\/\/t.me\/+_XaTo9Qrv0VjOTM0","type":"megagroup","message":"发送成功","message_id":33241}],"failed":[],"debug":["处理标识符: https:\/\/t.me\/+_XaTo9Qrv0VjOTM0, 清理后: https:\/\/t.me\/+_XaTo9Qrv0VjOTM0, 识别为链接: True, 识别为数字ID: False"],"warning":""},"api_address":"185.165.170.142:5081"}
[2026-02-19T23:43:35+08:00][info] 消息ID缓存成功: task_id=27, group_id=https://t.me/+_XaTo9Qrv0VjOTM0, msg_index=1627, message_id=33241, send_user_id=2346
[2026-02-19T23:43:35+08:00][info] 消息状态标记为已发送: task_id=27, group_id=https://t.me/+_XaTo9Qrv0VjOTM0, msg_index=1627
[2026-02-19T23:43:35+08:00][info] 任务 27 将在 98 秒后继续处理下一条消息，索引: 1628, 实例ID: task_27_index_1628_1771515815.1812
[2026-02-19T23:43:36+08:00][info] 返回:{"status":true,"message":"发送完成，成功1个，失败0个[]","data":{"success":[{"group_id":3657218256,"group_link":"https:\/\/t.me\/+Hg62NsrbOCZmZmY8","type":"megagroup","message":"发送成功","message_id":21694}],"failed":[],"debug":["处理标识符: https:\/\/t.me\/+Hg62NsrbOCZmZmY8, 清理后: https:\/\/t.me\/+Hg62NsrbOCZmZmY8, 识别为链接: True, 识别为数字ID: False"],"warning":""},"api_address":"185.165.170.142:5108"}
[2026-02-19T23:43:36+08:00][info] 消息ID缓存成功: task_id=28, group_id=https://t.me/+Hg62NsrbOCZmZmY8, msg_index=1663, message_id=21694, send_user_id=1316
[2026-02-19T23:43:36+08:00][info] 消息状态标记为已发送: task_id=28, group_id=https://t.me/+Hg62NsrbOCZmZmY8, msg_index=1663
[2026-02-19T23:43:36+08:00][info] 任务 28 将在 88 秒后继续处理下一条消息，索引: 1664, 实例ID: task_28_index_1664_1771515816.57
[2026-02-19T23:43:38+08:00][info] 开始处理队列任务: task_id=35, current_index=1744
[2026-02-19T23:43:38+08:00][info] 消息缓存初始化完成: task_id=35, groups=https://t.me/+BrIuI_-gkNhhYTE0
[2026-02-19T23:43:38+08:00][info] 任务 35 第 3 次循环，重置群组 https://t.me/+BrIuI_-gkNhhYTE0 消息状态
[2026-02-19T23:43:38+08:00][info] 使用消息配置中指定的用户 2531 的 session_path/www/wwwroot/tdata.tgbota.top/public/uploads/admin/202602/69862ac4b6550/818013577417/tdata/temp_8366706935.session
[2026-02-19T23:43:38+08:00][info] 开始处理队列任务: task_id=31, current_index=1664
[2026-02-19T23:43:38+08:00][info] 消息缓存初始化完成: task_id=31, groups=https://t.me/+4azhFwWhx1czMzE0
[2026-02-19T23:43:38+08:00][info] 任务 31 第 3 次循环，重置群组 https://t.me/+4azhFwWhx1czMzE0 消息状态
[2026-02-19T23:43:38+08:00][info] 使用消息配置中指定的用户 2385 的 session_path/www/wwwroot/tdata.tgbota.top/public/uploads/admin/202601/6971e94ea480a/16087065323/tdata/temp_8279366479.session
[2026-02-19T23:43:39+08:00][info] 开始处理队列任务: task_id=25, current_index=1658
[2026-02-19T23:43:39+08:00][info] 消息缓存初始化完成: task_id=25, groups=https://t.me/+HZFEhfAwKjhmZDZk
[2026-02-19T23:43:39+08:00][info] 任务 25 第 3 次循环，重置群组 https://t.me/+HZFEhfAwKjhmZDZk 消息状态
[2026-02-19T23:43:39+08:00][info] 使用消息配置中指定的用户 2353 的 session_path/www/wwwroot/tdata.tgbota.top/public/uploads/admin/202601/6971e94ea480a/16109567456/tdata/temp_8438570224.session
[2026-02-19T23:43:40+08:00][info] 返回:{"status":true,"message":"发送完成，成功1个，失败0个[]","data":{"success":[{"group_id":3646934744,"group_link":"https:\/\/t.me\/+BrIuI_-gkNhhYTE0","type":"megagroup","message":"发送成功","message_id":10328}],"failed":[],"debug":["处理标识符: https:\/\/t.me\/+BrIuI_-gkNhhYTE0, 清理后: https:\/\/t.me\/+BrIuI_-gkNhhYTE0, 识别为链接: True, 识别为数字ID: False"],"warning":""},"api_address":"185.165.170.142:5115"}
[2026-02-19T23:43:40+08:00][info] 消息ID缓存成功: task_id=35, group_id=https://t.me/+BrIuI_-gkNhhYTE0, msg_index=1744, message_id=10328, send_user_id=2531
[2026-02-19T23:43:40+08:00][info] 消息状态标记为已发送: task_id=35, group_id=https://t.me/+BrIuI_-gkNhhYTE0, msg_index=1744
[2026-02-19T23:43:40+08:00][info] 任务 35 将在 103 秒后继续处理下一条消息，索引: 1745, 实例ID: task_35_index_1745_1771515820.4154
[2026-02-19T23:43:41+08:00][info] 返回:{"status":true,"message":"发送完成，成功1个，失败0个[]","data":{"success":[{"group_id":3079998653,"group_link":"https:\/\/t.me\/+4azhFwWhx1czMzE0","type":"megagroup","message":"发送成功","message_id":14517}],"failed":[],"debug":["处理标识符: https:\/\/t.me\/+4azhFwWhx1czMzE0, 清理后: https:\/\/t.me\/+4azhFwWhx1czMzE0, 识别为链接: True, 识别为数字ID: False"],"warning":""},"api_address":"185.165.170.142:5120"}
[2026-02-19T23:43:41+08:00][info] 消息ID缓存成功: task_id=31, group_id=https://t.me/+4azhFwWhx1czMzE0, msg_index=1664, message_id=14517, send_user_id=2385
[2026-02-19T23:43:41+08:00][info] 消息状态标记为已发送: task_id=31, group_id=https://t.me/+4azhFwWhx1czMzE0, msg_index=1664
[2026-02-19T23:43:42+08:00][info] 任务 31 将在 100 秒后继续处理下一条消息，索引: 1665, 实例ID: task_31_index_1665_1771515822.1291
[2026-02-19T23:43:42+08:00][info] 返回:{"status":true,"message":"发送完成，成功1个，失败0个[]","data":{"success":[{"group_id":3482989339,"group_link":"https:\/\/t.me\/+HZFEhfAwKjhmZDZk","type":"megagroup","message":"发送成功","message_id":30212}],"failed":[],"debug":["处理标识符: https:\/\/t.me\/+HZFEhfAwKjhmZDZk, 清理后: https:\/\/t.me\/+HZFEhfAwKjhmZDZk, 识别为链接: True, 识别为数字ID: False"],"warning":""},"api_address":"185.165.170.142:5088"}
[2026-02-19T23:43:42+08:00][info] 消息ID缓存成功: task_id=25, group_id=https://t.me/+HZFEhfAwKjhmZDZk, msg_index=1658, message_id=30212, send_user_id=2353
[2026-02-19T23:43:42+08:00][info] 消息状态标记为已发送: task_id=25, group_id=https://t.me/+HZFEhfAwKjhmZDZk, msg_index=1658
[2026-02-19T23:43:43+08:00][info] 任务 25 将在 78 秒后继续处理下一条消息，索引: 1659, 实例ID: task_25_index_1659_1771515823.2669
[2026-02-19T23:43:46+08:00][info] 开始处理队列任务: task_id=34, current_index=1531
[2026-02-19T23:43:46+08:00][info] 消息缓存初始化完成: task_id=34, groups=https://t.me/+CUyn8iqnQwEzNDY0
[2026-02-19T23:43:46+08:00][info] 任务 34 第 2 次循环，重置群组 https://t.me/+CUyn8iqnQwEzNDY0 消息状态
[2026-02-19T23:43:46+08:00][info] 使用消息配置中指定的用户 2486 的 session_path/www/wwwroot/tdata.tgbota.top/public/uploads/admin/202602/69862ac4b6550/817026365082/tdata/temp_8507584961.session
[2026-02-19T23:43:48+08:00][info] 返回:{"status":true,"message":"发送完成，成功1个，失败0个[]","data":{"success":[{"group_id":3719450736,"group_link":"https:\/\/t.me\/+CUyn8iqnQwEzNDY0","type":"megagroup","message":"发送成功","message_id":10275}],"failed":[],"debug":["处理标识符: https:\/\/t.me\/+CUyn8iqnQwEzNDY0, 清理后: https:\/\/t.me\/+CUyn8iqnQwEzNDY0, 识别为链接: True, 识别为数字ID: False"],"warning":""},"api_address":"185.165.170.142:5070"}
[2026-02-19T23:43:48+08:00][info] 消息ID缓存成功: task_id=34, group_id=https://t.me/+CUyn8iqnQwEzNDY0, msg_index=1531, message_id=10275, send_user_id=2486
[2026-02-19T23:43:48+08:00][info] 消息状态标记为已发送: task_id=34, group_id=https://t.me/+CUyn8iqnQwEzNDY0, msg_index=1531
[2026-02-19T23:43:48+08:00][info] 任务 34 将在 85 秒后继续处理下一条消息，索引: 1532, 实例ID: task_34_index_1532_1771515828.2473
[2026-02-19T23:43:52+08:00][info] 开始处理队列任务: task_id=38, current_index=384
[2026-02-19T23:43:52+08:00][info] 使用消息配置中指定的用户 3162 的 session_path/www/wwwroot/tdata.tgbota.top/public/uploads/admin/202602/699625adf380f/14708262396/tdata/temp_8533806777.session
[2026-02-19T23:43:54+08:00][info] 开始处理队列任务: task_id=40, current_index=382
[2026-02-19T23:43:54+08:00][info] 使用消息配置中指定的用户 3014 的 session_path/www/wwwroot/tdata.tgbota.top/public/uploads/admin/202602/699625adf380f/14709345774/tdata/temp_8508296846.session
[2026-02-19T23:43:55+08:00][info] 返回:{"status":true,"message":"发送完成，成功1个，失败0个[]","data":{"success":[{"group_id":3794396962,"group_link":"https:\/\/t.me\/+69dYKDni-wFmYWE0","type":"megagroup","message":"发送成功","message_id":540}],"failed":[],"debug":["处理标识符: https:\/\/t.me\/+69dYKDni-wFmYWE0, 清理后: https:\/\/t.me\/+69dYKDni-wFmYWE0, 识别为链接: True, 识别为数字ID: False","文件1有效: \/www\/wwwroot\/tdata.tgbota.top\/public\/uploads\/admin\/202512\/693ae41d05686.jpg (23476字节)","发送单个文件: \/www\/wwwroot\/tdata.tgbota.top\/public\/uploads\/admin\/202512\/693ae41d05686.jpg"],"warning":""},"api_address":"185.165.170.142:5027"}
[2026-02-19T23:43:55+08:00][info] 消息ID缓存成功: task_id=38, group_id=https://t.me/+69dYKDni-wFmYWE0, msg_index=384, message_id=540, send_user_id=3162
[2026-02-19T23:43:55+08:00][info] 消息状态标记为已发送: task_id=38, group_id=https://t.me/+69dYKDni-wFmYWE0, msg_index=384
[2026-02-19T23:43:55+08:00][info] 任务 38 将在 93 秒后继续处理下一条消息，索引: 385, 实例ID: task_38_index_385_1771515835.7548
[2026-02-19T23:43:56+08:00][info] 返回:{"status":true,"message":"发送完成，成功1个，失败0个[]","data":{"success":[{"group_id":3799666589,"group_link":"https:\/\/t.me\/+IfyZ_OVthdI5YzNk","type":"megagroup","message":"发送成功","message_id":538}],"failed":[],"debug":["处理标识符: https:\/\/t.me\/+IfyZ_OVthdI5YzNk, 清理后: https:\/\/t.me\/+IfyZ_OVthdI5YzNk, 识别为链接: True, 识别为数字ID: False"],"warning":""},"api_address":"185.165.170.142:5030"}
[2026-02-19T23:43:56+08:00][info] 消息ID缓存成功: task_id=40, group_id=https://t.me/+IfyZ_OVthdI5YzNk, msg_index=382, message_id=538, send_user_id=3014
[2026-02-19T23:43:56+08:00][info] 消息状态标记为已发送: task_id=40, group_id=https://t.me/+IfyZ_OVthdI5YzNk, msg_index=382
[2026-02-19T23:43:56+08:00][info] 任务 40 将在 85 秒后继续处理下一条消息，索引: 383, 实例ID: task_40_index_383_1771515836.74
[2026-02-19T23:43:58+08:00][info] 开始处理队列任务: task_id=29, current_index=1659
[2026-02-19T23:43:59+08:00][info] 消息缓存初始化完成: task_id=29, groups=https://t.me/+WZlsKfz1W89jYjE0
[2026-02-19T23:43:59+08:00][info] 任务 29 第 3 次循环，重置群组 https://t.me/+WZlsKfz1W89jYjE0 消息状态
[2026-02-19T23:43:59+08:00][info] 使用当前发送用户 2294 的 session_path/www/wwwroot/tdata.tgbota.top/public/uploads/admin/202601/6971e94ea480a/16099816963/tdata/temp_8420199898.session
[2026-02-19T23:44:01+08:00][info] 返回:{"status":true,"message":"发送完成，成功1个，失败0个[]","data":{"success":[{"group_id":3780502866,"group_link":"https:\/\/t.me\/+WZlsKfz1W89jYjE0","type":"megagroup","message":"发送成功","message_id":21753}],"failed":[],"debug":["处理标识符: https:\/\/t.me\/+WZlsKfz1W89jYjE0, 清理后: https:\/\/t.me\/+WZlsKfz1W89jYjE0, 识别为链接: True, 识别为数字ID: False"],"warning":""},"api_address":"185.165.170.142:5029"}
[2026-02-19T23:44:01+08:00][info] 消息ID缓存成功: task_id=29, group_id=https://t.me/+WZlsKfz1W89jYjE0, msg_index=1659, message_id=21753, send_user_id=2294
[2026-02-19T23:44:01+08:00][info] 消息状态标记为已发送: task_id=29, group_id=https://t.me/+WZlsKfz1W89jYjE0, msg_index=1659
[2026-02-19T23:44:01+08:00][info] 任务 29 将在 88 秒后继续处理下一条消息，索引: 1660, 实例ID: task_29_index_1660_1771515841.5424
[2026-02-19T23:44:28+08:00][info] 开始处理队列任务: task_id=37, current_index=1732
[2026-02-19T23:44:28+08:00][info] 消息缓存初始化完成: task_id=37, groups=https://t.me/+DUAGbZI5vW41NWI8
[2026-02-19T23:44:28+08:00][info] 任务 37 第 3 次循环，重置群组 https://t.me/+DUAGbZI5vW41NWI8 消息状态
[2026-02-19T23:44:28+08:00][info] 使用消息配置中指定的用户 2543 的 session_path/www/wwwroot/tdata.tgbota.top/public/uploads/admin/202602/69862ac4b6550/817044999396/tdata/temp_8280985047.session
[2026-02-19T23:44:30+08:00][info] 返回:{"status":true,"message":"发送完成，成功1个，失败0个[]","data":{"success":[{"group_id":3732578862,"group_link":"https:\/\/t.me\/+DUAGbZI5vW41NWI8","type":"megagroup","message":"发送成功","message_id":8506}],"failed":[],"debug":["处理标识符: https:\/\/t.me\/+DUAGbZI5vW41NWI8, 清理后: https:\/\/t.me\/+DUAGbZI5vW41NWI8, 识别为链接: True, 识别为数字ID: False"],"warning":""},"api_address":"185.165.170.142:5127"}
[2026-02-19T23:44:30+08:00][info] 消息ID缓存成功: task_id=37, group_id=https://t.me/+DUAGbZI5vW41NWI8, msg_index=1732, message_id=8506, send_user_id=2543
[2026-02-19T23:44:30+08:00][info] 消息状态标记为已发送: task_id=37, group_id=https://t.me/+DUAGbZI5vW41NWI8, msg_index=1732
[2026-02-19T23:44:30+08:00][info] 任务 37 将在 102 秒后继续处理下一条消息，索引: 1733, 实例ID: task_37_index_1733_1771515870.5869
[2026-02-19T23:44:37+08:00][info] 开始处理队列任务: task_id=33, current_index=1531
[2026-02-19T23:44:37+08:00][info] 消息缓存初始化完成: task_id=33, groups=https://t.me/+wcqRUxDn6zczYmM0
[2026-02-19T23:44:37+08:00][info] 任务 33 第 2 次循环，重置群组 https://t.me/+wcqRUxDn6zczYmM0 消息状态
[2026-02-19T23:44:37+08:00][info] 使用消息配置中指定的用户 2486 的 session_path/www/wwwroot/tdata.tgbota.top/public/uploads/admin/202602/69862ac4b6550/817026365082/tdata/temp_8507584961.session
[2026-02-19T23:44:38+08:00][info] 返回:{"status":true,"message":"发送完成，成功1个，失败0个[]","data":{"success":[{"group_id":3658905404,"group_link":"https:\/\/t.me\/+wcqRUxDn6zczYmM0","type":"megagroup","message":"发送成功","message_id":10114}],"failed":[],"debug":["处理标识符: https:\/\/t.me\/+wcqRUxDn6zczYmM0, 清理后: https:\/\/t.me\/+wcqRUxDn6zczYmM0, 识别为链接: True, 识别为数字ID: False"],"warning":""},"api_address":"185.165.170.142:5070"}
[2026-02-19T23:44:38+08:00][info] 消息ID缓存成功: task_id=33, group_id=https://t.me/+wcqRUxDn6zczYmM0, msg_index=1531, message_id=10114, send_user_id=2486
[2026-02-19T23:44:38+08:00][info] 消息状态标记为已发送: task_id=33, group_id=https://t.me/+wcqRUxDn6zczYmM0, msg_index=1531
[2026-02-19T23:44:39+08:00][info] 任务 33 将在 85 秒后继续处理下一条消息，索引: 1532, 实例ID: task_33_index_1532_1771515879.0044
[2026-02-19T23:44:54+08:00][info] 开始处理队列任务: task_id=39, current_index=384
[2026-02-19T23:44:54+08:00][info] 使用消息配置中指定的用户 3162 的 session_path/www/wwwroot/tdata.tgbota.top/public/uploads/admin/202602/699625adf380f/14708262396/tdata/temp_8533806777.session
[2026-02-19T23:44:57+08:00][info] 返回:{"status":true,"message":"发送完成，成功1个，失败0个[]","data":{"success":[{"group_id":3770869551,"group_link":"https:\/\/t.me\/+ZpSvBhFQCCEwMzdk","type":"megagroup","message":"发送成功","message_id":540}],"failed":[],"debug":["处理标识符: https:\/\/t.me\/+ZpSvBhFQCCEwMzdk, 清理后: https:\/\/t.me\/+ZpSvBhFQCCEwMzdk, 识别为链接: True, 识别为数字ID: False","文件1有效: \/www\/wwwroot\/tdata.tgbota.top\/public\/uploads\/admin\/202512\/693ae41d05686.jpg (23476字节)","发送单个文件: \/www\/wwwroot\/tdata.tgbota.top\/public\/uploads\/admin\/202512\/693ae41d05686.jpg"],"warning":""},"api_address":"185.165.170.142:5027"}
[2026-02-19T23:44:57+08:00][info] 消息ID缓存成功: task_id=39, group_id=https://t.me/+ZpSvBhFQCCEwMzdk, msg_index=384, message_id=540, send_user_id=3162
[2026-02-19T23:44:57+08:00][info] 消息状态标记为已发送: task_id=39, group_id=https://t.me/+ZpSvBhFQCCEwMzdk, msg_index=384
[2026-02-19T23:44:57+08:00][info] 任务 39 将在 93 秒后继续处理下一条消息，索引: 385, 实例ID: task_39_index_385_1771515897.3062
[2026-02-19T23:45:02+08:00][info] 开始处理队列任务: task_id=25, current_index=1659
[2026-02-19T23:45:03+08:00][info] 消息缓存初始化完成: task_id=25, groups=https://t.me/+HZFEhfAwKjhmZDZk
[2026-02-19T23:45:03+08:00][info] 任务 25 第 3 次循环，重置群组 https://t.me/+HZFEhfAwKjhmZDZk 消息状态
[2026-02-19T23:45:03+08:00][info] 使用当前发送用户 2294 的 session_path/www/wwwroot/tdata.tgbota.top/public/uploads/admin/202601/6971e94ea480a/16099816963/tdata/temp_8420199898.session
[2026-02-19T23:45:05+08:00][info] 返回:{"status":true,"message":"发送完成，成功1个，失败0个[]","data":{"success":[{"group_id":3482989339,"group_link":"https:\/\/t.me\/+HZFEhfAwKjhmZDZk","type":"megagroup","message":"发送成功","message_id":30213}],"failed":[],"debug":["处理标识符: https:\/\/t.me\/+HZFEhfAwKjhmZDZk, 清理后: https:\/\/t.me\/+HZFEhfAwKjhmZDZk, 识别为链接: True, 识别为数字ID: False"],"warning":""},"api_address":"185.165.170.142:5029"}
[2026-02-19T23:45:05+08:00][info] 消息ID缓存成功: task_id=25, group_id=https://t.me/+HZFEhfAwKjhmZDZk, msg_index=1659, message_id=30213, send_user_id=2294
[2026-02-19T23:45:05+08:00][info] 消息状态标记为已发送: task_id=25, group_id=https://t.me/+HZFEhfAwKjhmZDZk, msg_index=1659
[2026-02-19T23:45:05+08:00][info] 任务 25 将在 88 秒后继续处理下一条消息，索引: 1660, 实例ID: task_25_index_1660_1771515905.5345
[2026-02-19T23:45:05+08:00][info] 开始处理队列任务: task_id=28, current_index=1664
[2026-02-19T23:45:05+08:00][info] 消息缓存初始化完成: task_id=28, groups=https://t.me/+Hg62NsrbOCZmZmY8
[2026-02-19T23:45:05+08:00][info] 任务 28 第 3 次循环，重置群组 https://t.me/+Hg62NsrbOCZmZmY8 消息状态
[2026-02-19T23:45:05+08:00][info] 使用消息配置中指定的用户 2385 的 session_path/www/wwwroot/tdata.tgbota.top/public/uploads/admin/202601/6971e94ea480a/16087065323/tdata/temp_8279366479.session
[2026-02-19T23:45:08+08:00][info] 返回:{"status":true,"message":"发送完成，成功1个，失败0个[]","data":{"success":[{"group_id":3657218256,"group_link":"https:\/\/t.me\/+Hg62NsrbOCZmZmY8","type":"megagroup","message":"发送成功","message_id":21695}],"failed":[],"debug":["处理标识符: https:\/\/t.me\/+Hg62NsrbOCZmZmY8, 清理后: https:\/\/t.me\/+Hg62NsrbOCZmZmY8, 识别为链接: True, 识别为数字ID: False"],"warning":""},"api_address":"185.165.170.142:5120"}
[2026-02-19T23:45:08+08:00][info] 消息ID缓存成功: task_id=28, group_id=https://t.me/+Hg62NsrbOCZmZmY8, msg_index=1664, message_id=21695, send_user_id=2385
[2026-02-19T23:45:08+08:00][info] 消息状态标记为已发送: task_id=28, group_id=https://t.me/+Hg62NsrbOCZmZmY8, msg_index=1664
[2026-02-19T23:45:08+08:00][info] 任务 28 将在 100 秒后继续处理下一条消息，索引: 1665, 实例ID: task_28_index_1665_1771515908.358
[2026-02-19T23:45:08+08:00][info] 开始处理队列任务: task_id=36, current_index=1696
[2026-02-19T23:45:08+08:00][info] 消息缓存初始化完成: task_id=36, groups=https://t.me/+o12qlRNkdiViMjE0
[2026-02-19T23:45:08+08:00][info] 任务 36 第 3 次循环，重置群组 https://t.me/+o12qlRNkdiViMjE0 消息状态
[2026-02-19T23:45:08+08:00][info] 使用当前发送用户 2441 的 session_path/www/wwwroot/tdata.tgbota.top/public/uploads/admin/202602/69862ac4b6550/817026673177/tdata/temp_8398091588.session
[2026-02-19T23:45:10+08:00][info] 返回:{"status":true,"message":"发送完成，成功1个，失败0个[]","data":{"success":[{"group_id":3479387283,"group_link":"https:\/\/t.me\/+o12qlRNkdiViMjE0","type":"megagroup","message":"发送成功","message_id":10341}],"failed":[],"debug":["处理标识符: https:\/\/t.me\/+o12qlRNkdiViMjE0, 清理后: https:\/\/t.me\/+o12qlRNkdiViMjE0, 识别为链接: True, 识别为数字ID: False"],"warning":""},"api_address":"185.165.170.142:5025"}
[2026-02-19T23:45:10+08:00][info] 消息ID缓存成功: task_id=36, group_id=https://t.me/+o12qlRNkdiViMjE0, msg_index=1696, message_id=10341, send_user_id=2441
[2026-02-19T23:45:10+08:00][info] 消息状态标记为已发送: task_id=36, group_id=https://t.me/+o12qlRNkdiViMjE0, msg_index=1696
[2026-02-19T23:45:10+08:00][info] 任务 36 将在 85 秒后继续处理下一条消息，索引: 1697, 实例ID: task_36_index_1697_1771515910.7185
[2026-02-19T23:45:13+08:00][info] 开始处理队列任务: task_id=27, current_index=1628
[2026-02-19T23:45:13+08:00][info] 消息缓存初始化完成: task_id=27, groups=https://t.me/+_XaTo9Qrv0VjOTM0
[2026-02-19T23:45:13+08:00][info] 任务 27 第 3 次循环，重置群组 https://t.me/+_XaTo9Qrv0VjOTM0 消息状态
[2026-02-19T23:45:14+08:00][info] 使用消息配置中指定的用户 2339 的 session_path/www/wwwroot/tdata.tgbota.top/public/uploads/admin/202601/6971e94ea480a/16097192911/tdata/temp_8236102931.session
[2026-02-19T23:45:15+08:00][info] 开始处理队列任务: task_id=34, current_index=1532
[2026-02-19T23:45:15+08:00][info] 消息缓存初始化完成: task_id=34, groups=https://t.me/+CUyn8iqnQwEzNDY0
[2026-02-19T23:45:15+08:00][info] 任务 34 第 2 次循环，重置群组 https://t.me/+CUyn8iqnQwEzNDY0 消息状态
[2026-02-19T23:45:15+08:00][info] 使用消息配置中指定的用户 2497 的 session_path/www/wwwroot/tdata.tgbota.top/public/uploads/admin/202602/69862ac4b6550/817043082239/tdata/temp_8047681055.session
[2026-02-19T23:45:16+08:00][info] 返回:{"status":true,"message":"发送完成，成功1个，失败0个[]","data":{"success":[{"group_id":3649225144,"group_link":"https:\/\/t.me\/+_XaTo9Qrv0VjOTM0","type":"megagroup","message":"发送成功","message_id":33242}],"failed":[],"debug":["处理标识符: https:\/\/t.me\/+_XaTo9Qrv0VjOTM0, 清理后: https:\/\/t.me\/+_XaTo9Qrv0VjOTM0, 识别为链接: True, 识别为数字ID: False"],"warning":""},"api_address":"185.165.170.142:5074"}
[2026-02-19T23:45:16+08:00][info] 消息ID缓存成功: task_id=27, group_id=https://t.me/+_XaTo9Qrv0VjOTM0, msg_index=1628, message_id=33242, send_user_id=2339
[2026-02-19T23:45:16+08:00][info] 消息状态标记为已发送: task_id=27, group_id=https://t.me/+_XaTo9Qrv0VjOTM0, msg_index=1628
[2026-02-19T23:45:16+08:00][info] 任务 27 将在 102 秒后继续处理下一条消息，索引: 1629, 实例ID: task_27_index_1629_1771515916.5699
[2026-02-19T23:45:17+08:00][info] 返回:{"status":true,"message":"发送完成，成功1个，失败0个[]","data":{"success":[{"group_id":3719450736,"group_link":"https:\/\/t.me\/+CUyn8iqnQwEzNDY0","type":"megagroup","message":"发送成功","message_id":10276}],"failed":[],"debug":["处理标识符: https:\/\/t.me\/+CUyn8iqnQwEzNDY0, 清理后: https:\/\/t.me\/+CUyn8iqnQwEzNDY0, 识别为链接: True, 识别为数字ID: False"],"warning":""},"api_address":"185.165.170.142:5081"}
[2026-02-19T23:45:17+08:00][info] 消息ID缓存成功: task_id=34, group_id=https://t.me/+CUyn8iqnQwEzNDY0, msg_index=1532, message_id=10276, send_user_id=2497
[2026-02-19T23:45:17+08:00][info] 消息状态标记为已发送: task_id=34, group_id=https://t.me/+CUyn8iqnQwEzNDY0, msg_index=1532
[2026-02-19T23:45:17+08:00][info] 任务 34 将在 87 秒后继续处理下一条消息，索引: 1533, 实例ID: task_34_index_1533_1771515917.2659
[2026-02-19T23:45:21+08:00][info] 开始处理队列任务: task_id=40, current_index=383
[2026-02-19T23:45:21+08:00][info] 使用消息配置中指定的用户 3013 的 session_path/www/wwwroot/tdata.tgbota.top/public/uploads/admin/202602/699625adf380f/14697278550/tdata/temp_8185375187.session
[2026-02-19T23:45:22+08:00][info] 开始处理队列任务: task_id=31, current_index=1665
[2026-02-19T23:45:22+08:00][info] 消息缓存初始化完成: task_id=31, groups=https://t.me/+4azhFwWhx1czMzE0
[2026-02-19T23:45:22+08:00][info] 任务 31 第 3 次循环，重置群组 https://t.me/+4azhFwWhx1czMzE0 消息状态
[2026-02-19T23:45:22+08:00][info] 使用消息配置中指定的用户 2378 的 session_path/www/wwwroot/tdata.tgbota.top/public/uploads/admin/202601/6971e94ea480a/16073953236/tdata/temp_8224097010.session
[2026-02-19T23:45:23+08:00][info] 开始处理队列任务: task_id=35, current_index=1745
[2026-02-19T23:45:23+08:00][info] 消息缓存初始化完成: task_id=35, groups=https://t.me/+BrIuI_-gkNhhYTE0
[2026-02-19T23:45:23+08:00][info] 任务 35 第 3 次循环，重置群组 https://t.me/+BrIuI_-gkNhhYTE0 消息状态
[2026-02-19T23:45:23+08:00][info] 使用消息配置中指定的用户 2530 的 session_path/www/wwwroot/tdata.tgbota.top/public/uploads/admin/202602/69862ac4b6550/818014785065/tdata/temp_7986393181.session
[2026-02-19T23:45:24+08:00][info] 返回:{"status":true,"message":"发送完成，成功1个，失败0个[]","data":{"success":[{"group_id":3799666589,"group_link":"https:\/\/t.me\/+IfyZ_OVthdI5YzNk","type":"megagroup","message":"发送成功","message_id":540}],"failed":[],"debug":["处理标识符: https:\/\/t.me\/+IfyZ_OVthdI5YzNk, 清理后: https:\/\/t.me\/+IfyZ_OVthdI5YzNk, 识别为链接: True, 识别为数字ID: False"],"warning":""},"api_address":"185.165.170.142:5029"}
[2026-02-19T23:45:24+08:00][info] 消息ID缓存成功: task_id=40, group_id=https://t.me/+IfyZ_OVthdI5YzNk, msg_index=383, message_id=540, send_user_id=3013
[2026-02-19T23:45:24+08:00][info] 消息状态标记为已发送: task_id=40, group_id=https://t.me/+IfyZ_OVthdI5YzNk, msg_index=383
[2026-02-19T23:45:24+08:00][info] 任务 40 将在 90 秒后继续处理下一条消息，索引: 384, 实例ID: task_40_index_384_1771515924.5766
[2026-02-19T23:45:25+08:00][info] 返回:{"status":true,"message":"发送完成，成功1个，失败0个[]","data":{"success":[{"group_id":3646934744,"group_link":"https:\/\/t.me\/+BrIuI_-gkNhhYTE0","type":"megagroup","message":"发送成功","message_id":10329}],"failed":[],"debug":["处理标识符: https:\/\/t.me\/+BrIuI_-gkNhhYTE0, 清理后: https:\/\/t.me\/+BrIuI_-gkNhhYTE0, 识别为链接: True, 识别为数字ID: False"],"warning":""},"api_address":"185.165.170.142:5114"}
[2026-02-19T23:45:25+08:00][info] 消息ID缓存成功: task_id=35, group_id=https://t.me/+BrIuI_-gkNhhYTE0, msg_index=1745, message_id=10329, send_user_id=2530
[2026-02-19T23:45:25+08:00][info] 消息状态标记为已发送: task_id=35, group_id=https://t.me/+BrIuI_-gkNhhYTE0, msg_index=1745
[2026-02-19T23:45:25+08:00][info] 任务 35 将在 90 秒后继续处理下一条消息，索引: 1746, 实例ID: task_35_index_1746_1771515925.2522
[2026-02-19T23:45:25+08:00][info] 返回:{"status":true,"message":"发送完成，成功1个，失败0个[]","data":{"success":[{"group_id":3079998653,"group_link":"https:\/\/t.me\/+4azhFwWhx1czMzE0","type":"megagroup","message":"发送成功","message_id":14518}],"failed":[],"debug":["处理标识符: https:\/\/t.me\/+4azhFwWhx1czMzE0, 清理后: https:\/\/t.me\/+4azhFwWhx1czMzE0, 识别为链接: True, 识别为数字ID: False"],"warning":""},"api_address":"185.165.170.142:5113"}
[2026-02-19T23:45:25+08:00][info] 消息ID缓存成功: task_id=31, group_id=https://t.me/+4azhFwWhx1czMzE0, msg_index=1665, message_id=14518, send_user_id=2378
[2026-02-19T23:45:25+08:00][info] 消息状态标记为已发送: task_id=31, group_id=https://t.me/+4azhFwWhx1czMzE0, msg_index=1665
[2026-02-19T23:45:25+08:00][info] 任务 31 将在 88 秒后继续处理下一条消息，索引: 1666, 实例ID: task_31_index_1666_1771515925.3899
[2026-02-19T23:45:28+08:00][info] 开始处理队列任务: task_id=38, current_index=385
[2026-02-19T23:45:28+08:00][info] 使用feedbackType=385的消息ID: 540
[2026-02-19T23:45:28+08:00][info] 使用消息配置中指定的用户 3161 的 session_path/www/wwwroot/tdata.tgbota.top/public/uploads/admin/202602/699625adf380f/14704802675/tdata/temp_8255526223.session
[2026-02-19T23:45:30+08:00][info] 开始处理队列任务: task_id=29, current_index=1660
[2026-02-19T23:45:30+08:00][info] 消息缓存初始化完成: task_id=29, groups=https://t.me/+WZlsKfz1W89jYjE0
[2026-02-19T23:45:30+08:00][info] 任务 29 第 3 次循环，重置群组 https://t.me/+WZlsKfz1W89jYjE0 消息状态
[2026-02-19T23:45:30+08:00][info] 使用当前发送用户 1887 的 session_path/www/wwwroot/tdata.tgbota.top/public/uploads/admin/202601/6960a58a3f18c/13613159897/tdata/temp_8320443972.session
[2026-02-19T23:45:31+08:00][info] 返回:{"status":true,"message":"发送完成，成功1个，失败0个[]","data":{"success":[{"group_id":3794396962,"group_link":"https:\/\/t.me\/+69dYKDni-wFmYWE0","type":"megagroup","message":"发送成功","message_id":541}],"failed":[],"debug":["处理标识符: https:\/\/t.me\/+69dYKDni-wFmYWE0, 清理后: https:\/\/t.me\/+69dYKDni-wFmYWE0, 识别为链接: True, 识别为数字ID: False"],"warning":""},"api_address":"185.165.170.142:5026"}
[2026-02-19T23:45:31+08:00][info] 消息ID缓存成功: task_id=38, group_id=https://t.me/+69dYKDni-wFmYWE0, msg_index=385, message_id=541, send_user_id=3161
[2026-02-19T23:45:31+08:00][info] 消息状态标记为已发送: task_id=38, group_id=https://t.me/+69dYKDni-wFmYWE0, msg_index=385
[2026-02-19T23:45:31+08:00][info] 任务 38 将在 95 秒后继续处理下一条消息，索引: 386, 实例ID: task_38_index_386_1771515931.3927
[2026-02-19T23:45:33+08:00][info] 返回:{"status":true,"message":"发送完成，成功1个，失败0个[]","data":{"success":[{"group_id":3780502866,"group_link":"https:\/\/t.me\/+WZlsKfz1W89jYjE0","type":"megagroup","message":"发送成功","message_id":21754}],"failed":[],"debug":["处理标识符: https:\/\/t.me\/+WZlsKfz1W89jYjE0, 清理后: https:\/\/t.me\/+WZlsKfz1W89jYjE0, 识别为链接: True, 识别为数字ID: False"],"warning":""},"api_address":"185.165.170.142:5075"}
[2026-02-19T23:45:33+08:00][info] 消息ID缓存成功: task_id=29, group_id=https://t.me/+WZlsKfz1W89jYjE0, msg_index=1660, message_id=21754, send_user_id=1887
[2026-02-19T23:45:33+08:00][info] 消息状态标记为已发送: task_id=29, group_id=https://t.me/+WZlsKfz1W89jYjE0, msg_index=1660
[2026-02-19T23:45:33+08:00][info] 任务 29 将在 108 秒后继续处理下一条消息，索引: 1661, 实例ID: task_29_index_1661_1771515933.4116
[2026-02-19T23:46:04+08:00][info] 开始处理队列任务: task_id=33, current_index=1532
[2026-02-19T23:46:04+08:00][info] 消息缓存初始化完成: task_id=33, groups=https://t.me/+wcqRUxDn6zczYmM0
[2026-02-19T23:46:04+08:00][info] 任务 33 第 2 次循环，重置群组 https://t.me/+wcqRUxDn6zczYmM0 消息状态
[2026-02-19T23:46:04+08:00][info] 使用消息配置中指定的用户 2497 的 session_path/www/wwwroot/tdata.tgbota.top/public/uploads/admin/202602/69862ac4b6550/817043082239/tdata/temp_8047681055.session
[2026-02-19T23:46:05+08:00][info] 返回:{"status":true,"message":"发送完成，成功1个，失败0个[]","data":{"success":[{"group_id":3658905404,"group_link":"https:\/\/t.me\/+wcqRUxDn6zczYmM0","type":"megagroup","message":"发送成功","message_id":10115}],"failed":[],"debug":["处理标识符: https:\/\/t.me\/+wcqRUxDn6zczYmM0, 清理后: https:\/\/t.me\/+wcqRUxDn6zczYmM0, 识别为链接: True, 识别为数字ID: False"],"warning":""},"api_address":"185.165.170.142:5081"}
[2026-02-19T23:46:05+08:00][info] 消息ID缓存成功: task_id=33, group_id=https://t.me/+wcqRUxDn6zczYmM0, msg_index=1532, message_id=10115, send_user_id=2497
[2026-02-19T23:46:05+08:00][info] 消息状态标记为已发送: task_id=33, group_id=https://t.me/+wcqRUxDn6zczYmM0, msg_index=1532
[2026-02-19T23:46:05+08:00][info] 任务 33 将在 87 秒后继续处理下一条消息，索引: 1533, 实例ID: task_33_index_1533_1771515965.9641
[2026-02-19T23:46:12+08:00][info] 开始处理队列任务: task_id=37, current_index=1733
[2026-02-19T23:46:12+08:00][info] 消息缓存初始化完成: task_id=37, groups=https://t.me/+DUAGbZI5vW41NWI8
[2026-02-19T23:46:12+08:00][info] 任务 37 第 3 次循环，重置群组 https://t.me/+DUAGbZI5vW41NWI8 消息状态
[2026-02-19T23:46:12+08:00][info] 使用消息配置中指定的用户 2541 的 session_path/www/wwwroot/tdata.tgbota.top/public/uploads/admin/202602/69862ac4b6550/817026198739/tdata/temp_8599376016.session
[2026-02-19T23:46:14+08:00][info] 返回:{"status":true,"message":"发送完成，成功1个，失败0个[]","data":{"success":[{"group_id":3732578862,"group_link":"https:\/\/t.me\/+DUAGbZI5vW41NWI8","type":"megagroup","message":"发送成功","message_id":8507}],"failed":[],"debug":["处理标识符: https:\/\/t.me\/+DUAGbZI5vW41NWI8, 清理后: https:\/\/t.me\/+DUAGbZI5vW41NWI8, 识别为链接: True, 识别为数字ID: False"],"warning":""},"api_address":"185.165.170.142:5125"}
[2026-02-19T23:46:14+08:00][info] 消息ID缓存成功: task_id=37, group_id=https://t.me/+DUAGbZI5vW41NWI8, msg_index=1733, message_id=8507, send_user_id=2541
[2026-02-19T23:46:14+08:00][info] 消息状态标记为已发送: task_id=37, group_id=https://t.me/+DUAGbZI5vW41NWI8, msg_index=1733
[2026-02-19T23:46:14+08:00][info] 任务 37 将在 97 秒后继续处理下一条消息，索引: 1734, 实例ID: task_37_index_1734_1771515974.4669
[2026-02-19T23:46:30+08:00][info] 开始处理队列任务: task_id=39, current_index=385
[2026-02-19T23:46:30+08:00][info] 使用feedbackType=385的消息ID: 540
[2026-02-19T23:46:30+08:00][info] 使用消息配置中指定的用户 3161 的 session_path/www/wwwroot/tdata.tgbota.top/public/uploads/admin/202602/699625adf380f/14704802675/tdata/temp_8255526223.session
[2026-02-19T23:46:33+08:00][info] 返回:{"status":true,"message":"发送完成，成功1个，失败0个[]","data":{"success":[{"group_id":3770869551,"group_link":"https:\/\/t.me\/+ZpSvBhFQCCEwMzdk","type":"megagroup","message":"发送成功","message_id":541}],"failed":[],"debug":["处理标识符: https:\/\/t.me\/+ZpSvBhFQCCEwMzdk, 清理后: https:\/\/t.me\/+ZpSvBhFQCCEwMzdk, 识别为链接: True, 识别为数字ID: False"],"warning":""},"api_address":"185.165.170.142:5026"}
[2026-02-19T23:46:33+08:00][info] 消息ID缓存成功: task_id=39, group_id=https://t.me/+ZpSvBhFQCCEwMzdk, msg_index=385, message_id=541, send_user_id=3161
[2026-02-19T23:46:33+08:00][info] 消息状态标记为已发送: task_id=39, group_id=https://t.me/+ZpSvBhFQCCEwMzdk, msg_index=385
[2026-02-19T23:46:33+08:00][info] 任务 39 将在 95 秒后继续处理下一条消息，索引: 386, 实例ID: task_39_index_386_1771515993.6972
[2026-02-19T23:46:33+08:00][info] 开始处理队列任务: task_id=25, current_index=1660
[2026-02-19T23:46:34+08:00][info] 消息缓存初始化完成: task_id=25, groups=https://t.me/+HZFEhfAwKjhmZDZk
[2026-02-19T23:46:34+08:00][info] 任务 25 第 3 次循环，重置群组 https://t.me/+HZFEhfAwKjhmZDZk 消息状态
[2026-02-19T23:46:34+08:00][info] 使用当前发送用户 1887 的 session_path/www/wwwroot/tdata.tgbota.top/public/uploads/admin/202601/6960a58a3f18c/13613159897/tdata/temp_8320443972.session
[2026-02-19T23:46:35+08:00][info] 开始处理队列任务: task_id=36, current_index=1697
[2026-02-19T23:46:35+08:00][info] 消息缓存初始化完成: task_id=36, groups=https://t.me/+o12qlRNkdiViMjE0
[2026-02-19T23:46:35+08:00][info] 任务 36 第 3 次循环，重置群组 https://t.me/+o12qlRNkdiViMjE0 消息状态
[2026-02-19T23:46:35+08:00][info] 使用当前发送用户 2508 的 session_path/www/wwwroot/tdata.tgbota.top/public/uploads/admin/202602/69862ac4b6550/818014391182/tdata/temp_8311875735.session
[2026-02-19T23:46:36+08:00][info] 返回:{"status":true,"message":"发送完成，成功1个，失败0个[]","data":{"success":[{"group_id":3482989339,"group_link":"https:\/\/t.me\/+HZFEhfAwKjhmZDZk","type":"megagroup","message":"发送成功","message_id":30214}],"failed":[],"debug":["处理标识符: https:\/\/t.me\/+HZFEhfAwKjhmZDZk, 清理后: https:\/\/t.me\/+HZFEhfAwKjhmZDZk, 识别为链接: True, 识别为数字ID: False"],"warning":""},"api_address":"185.165.170.142:5075"}
[2026-02-19T23:46:36+08:00][info] 消息ID缓存成功: task_id=25, group_id=https://t.me/+HZFEhfAwKjhmZDZk, msg_index=1660, message_id=30214, send_user_id=1887
[2026-02-19T23:46:36+08:00][info] 消息状态标记为已发送: task_id=25, group_id=https://t.me/+HZFEhfAwKjhmZDZk, msg_index=1660
[2026-02-19T23:46:36+08:00][info] 任务 25 将在 108 秒后继续处理下一条消息，索引: 1661, 实例ID: task_25_index_1661_1771515996.5662
[2026-02-19T23:46:37+08:00][info] 返回:{"status":true,"message":"发送完成，成功1个，失败0个[]","data":{"success":[{"group_id":3479387283,"group_link":"https:\/\/t.me\/+o12qlRNkdiViMjE0","type":"megagroup","message":"发送成功","message_id":10342}],"failed":[],"debug":["处理标识符: https:\/\/t.me\/+o12qlRNkdiViMjE0, 清理后: https:\/\/t.me\/+o12qlRNkdiViMjE0, 识别为链接: True, 识别为数字ID: False"],"warning":""},"api_address":"185.165.170.142:5092"}
[2026-02-19T23:46:37+08:00][info] 消息ID缓存成功: task_id=36, group_id=https://t.me/+o12qlRNkdiViMjE0, msg_index=1697, message_id=10342, send_user_id=2508
[2026-02-19T23:46:37+08:00][info] 消息状态标记为已发送: task_id=36, group_id=https://t.me/+o12qlRNkdiViMjE0, msg_index=1697
[2026-02-19T23:46:37+08:00][info] 任务 36 将在 92 秒后继续处理下一条消息，索引: 1698, 实例ID: task_36_index_1698_1771515997.8584
[2026-02-19T23:46:45+08:00][info] 开始处理队列任务: task_id=34, current_index=1533
[2026-02-19T23:46:45+08:00][info] 消息缓存初始化完成: task_id=34, groups=https://t.me/+CUyn8iqnQwEzNDY0
[2026-02-19T23:46:45+08:00][info] 任务 34 第 2 次循环，重置群组 https://t.me/+CUyn8iqnQwEzNDY0 消息状态
[2026-02-19T23:46:45+08:00][info] 使用feedbackType=1533的消息ID: 10276
[2026-02-19T23:46:45+08:00][info] 使用当前发送用户 2509 的 session_path/www/wwwroot/tdata.tgbota.top/public/uploads/admin/202602/69862ac4b6550/817030774749/tdata/temp_8321123815.session
[2026-02-19T23:46:47+08:00][info] 返回:{"status":true,"message":"发送完成，成功1个，失败0个[]","data":{"success":[{"group_id":3719450736,"group_link":"https:\/\/t.me\/+CUyn8iqnQwEzNDY0","type":"megagroup","message":"发送成功","message_id":10277}],"failed":[],"debug":["处理标识符: https:\/\/t.me\/+CUyn8iqnQwEzNDY0, 清理后: https:\/\/t.me\/+CUyn8iqnQwEzNDY0, 识别为链接: True, 识别为数字ID: False"],"warning":""},"api_address":"185.165.170.142:5093"}
[2026-02-19T23:46:47+08:00][info] 消息ID缓存成功: task_id=34, group_id=https://t.me/+CUyn8iqnQwEzNDY0, msg_index=1533, message_id=10277, send_user_id=2509
[2026-02-19T23:46:47+08:00][info] 消息状态标记为已发送: task_id=34, group_id=https://t.me/+CUyn8iqnQwEzNDY0, msg_index=1533
[2026-02-19T23:46:47+08:00][info] 任务 34 将在 95 秒后继续处理下一条消息，索引: 1534, 实例ID: task_34_index_1534_1771516007.3411
[2026-02-19T23:46:48+08:00][info] 开始处理队列任务: task_id=28, current_index=1665
[2026-02-19T23:46:49+08:00][info] 消息缓存初始化完成: task_id=28, groups=https://t.me/+Hg62NsrbOCZmZmY8
[2026-02-19T23:46:49+08:00][info] 任务 28 第 3 次循环，重置群组 https://t.me/+Hg62NsrbOCZmZmY8 消息状态
[2026-02-19T23:46:49+08:00][info] 使用消息配置中指定的用户 2378 的 session_path/www/wwwroot/tdata.tgbota.top/public/uploads/admin/202601/6971e94ea480a/16073953236/tdata/temp_8224097010.session
[2026-02-19T23:46:52+08:00][info] 返回:{"status":true,"message":"发送完成，成功1个，失败0个[]","data":{"success":[{"group_id":3657218256,"group_link":"https:\/\/t.me\/+Hg62NsrbOCZmZmY8","type":"megagroup","message":"发送成功","message_id":21696}],"failed":[],"debug":["处理标识符: https:\/\/t.me\/+Hg62NsrbOCZmZmY8, 清理后: https:\/\/t.me\/+Hg62NsrbOCZmZmY8, 识别为链接: True, 识别为数字ID: False"],"warning":""},"api_address":"185.165.170.142:5113"}
[2026-02-19T23:46:52+08:00][info] 消息ID缓存成功: task_id=28, group_id=https://t.me/+Hg62NsrbOCZmZmY8, msg_index=1665, message_id=21696, send_user_id=2378
[2026-02-19T23:46:52+08:00][info] 消息状态标记为已发送: task_id=28, group_id=https://t.me/+Hg62NsrbOCZmZmY8, msg_index=1665
[2026-02-19T23:46:52+08:00][info] 任务 28 将在 88 秒后继续处理下一条消息，索引: 1666, 实例ID: task_28_index_1666_1771516012.2816
[2026-02-19T23:46:53+08:00][info] 开始处理队列任务: task_id=31, current_index=1666
[2026-02-19T23:46:53+08:00][info] 消息缓存初始化完成: task_id=31, groups=https://t.me/+4azhFwWhx1czMzE0
[2026-02-19T23:46:53+08:00][info] 任务 31 第 3 次循环，重置群组 https://t.me/+4azhFwWhx1czMzE0 消息状态
[2026-02-19T23:46:53+08:00][info] 使用当前发送用户 2372 的 session_path/www/wwwroot/tdata.tgbota.top/public/uploads/admin/202601/6971e94ea480a/16077062896/tdata/temp_8463172201.session
[2026-02-19T23:46:54+08:00][info] 开始处理队列任务: task_id=40, current_index=384
[2026-02-19T23:46:54+08:00][info] 使用消息配置中指定的用户 3162 的 session_path/www/wwwroot/tdata.tgbota.top/public/uploads/admin/202602/699625adf380f/14708262396/tdata/temp_8533806777.session
[2026-02-19T23:46:55+08:00][info] 开始处理队列任务: task_id=35, current_index=1746
[2026-02-19T23:46:55+08:00][info] 消息缓存初始化完成: task_id=35, groups=https://t.me/+BrIuI_-gkNhhYTE0
[2026-02-19T23:46:55+08:00][info] 任务 35 第 3 次循环，重置群组 https://t.me/+BrIuI_-gkNhhYTE0 消息状态
[2026-02-19T23:46:55+08:00][info] 使用消息配置中指定的用户 2529 的 session_path/www/wwwroot/tdata.tgbota.top/public/uploads/admin/202602/69862ac4b6550/817026159464/tdata/temp_8585809589.session
[2026-02-19T23:46:57+08:00][info] 返回:{"status":true,"message":"发送完成，成功1个，失败0个[]","data":{"success":[{"group_id":3079998653,"group_link":"https:\/\/t.me\/+4azhFwWhx1czMzE0","type":"megagroup","message":"发送成功","message_id":14519}],"failed":[],"debug":["处理标识符: https:\/\/t.me\/+4azhFwWhx1czMzE0, 清理后: https:\/\/t.me\/+4azhFwWhx1czMzE0, 识别为链接: True, 识别为数字ID: False","文件1有效: \/www\/wwwroot\/tdata.tgbota.top\/public\/uploads\/admin\/202512\/693ae4c14180b.jpg (23975字节)","发送单个文件: \/www\/wwwroot\/tdata.tgbota.top\/public\/uploads\/admin\/202512\/693ae4c14180b.jpg"],"warning":""},"api_address":"185.165.170.142:5107"}
[2026-02-19T23:46:57+08:00][info] 消息ID缓存成功: task_id=31, group_id=https://t.me/+4azhFwWhx1czMzE0, msg_index=1666, message_id=14519, send_user_id=2372
[2026-02-19T23:46:57+08:00][info] 消息状态标记为已发送: task_id=31, group_id=https://t.me/+4azhFwWhx1czMzE0, msg_index=1666
[2026-02-19T23:46:57+08:00][info] 任务 31 将在 91 秒后继续处理下一条消息，索引: 1667, 实例ID: task_31_index_1667_1771516017.089
[2026-02-19T23:46:57+08:00][info] 返回:{"status":true,"message":"发送完成，成功1个，失败0个[]","data":{"success":[{"group_id":3646934744,"group_link":"https:\/\/t.me\/+BrIuI_-gkNhhYTE0","type":"megagroup","message":"发送成功","message_id":10330}],"failed":[],"debug":["处理标识符: https:\/\/t.me\/+BrIuI_-gkNhhYTE0, 清理后: https:\/\/t.me\/+BrIuI_-gkNhhYTE0, 识别为链接: True, 识别为数字ID: False"],"warning":""},"api_address":"185.165.170.142:5113"}
[2026-02-19T23:46:57+08:00][info] 消息ID缓存成功: task_id=35, group_id=https://t.me/+BrIuI_-gkNhhYTE0, msg_index=1746, message_id=10330, send_user_id=2529
[2026-02-19T23:46:57+08:00][info] 消息状态标记为已发送: task_id=35, group_id=https://t.me/+BrIuI_-gkNhhYTE0, msg_index=1746
[2026-02-19T23:46:57+08:00][info] 任务 35 将在 80 秒后继续处理下一条消息，索引: 1747, 实例ID: task_35_index_1747_1771516017.2642
[2026-02-19T23:46:57+08:00][info] 返回:{"status":true,"message":"发送完成，成功1个，失败0个[]","data":{"success":[{"group_id":3799666589,"group_link":"https:\/\/t.me\/+IfyZ_OVthdI5YzNk","type":"megagroup","message":"发送成功","message_id":541}],"failed":[],"debug":["处理标识符: https:\/\/t.me\/+IfyZ_OVthdI5YzNk, 清理后: https:\/\/t.me\/+IfyZ_OVthdI5YzNk, 识别为链接: True, 识别为数字ID: False","文件1有效: \/www\/wwwroot\/tdata.tgbota.top\/public\/uploads\/admin\/202512\/693ae41d05686.jpg (23476字节)","发送单个文件: \/www\/wwwroot\/tdata.tgbota.top\/public\/uploads\/admin\/202512\/693ae41d05686.jpg"],"warning":""},"api_address":"185.165.170.142:5027"}
[2026-02-19T23:46:57+08:00][info] 消息ID缓存成功: task_id=40, group_id=https://t.me/+IfyZ_OVthdI5YzNk, msg_index=384, message_id=541, send_user_id=3162
[2026-02-19T23:46:57+08:00][info] 消息状态标记为已发送: task_id=40, group_id=https://t.me/+IfyZ_OVthdI5YzNk, msg_index=384
[2026-02-19T23:46:58+08:00][info] 开始处理队列任务: task_id=27, current_index=1629
[2026-02-19T23:46:58+08:00][info] 任务 40 将在 93 秒后继续处理下一条消息，索引: 385, 实例ID: task_40_index_385_1771516018.4748
[2026-02-19T23:46:58+08:00][info] 消息缓存初始化完成: task_id=27, groups=https://t.me/+_XaTo9Qrv0VjOTM0
[2026-02-19T23:46:58+08:00][info] 任务 27 第 3 次循环，重置群组 https://t.me/+_XaTo9Qrv0VjOTM0 消息状态
[2026-02-19T23:46:58+08:00][info] 使用消息配置中指定的用户 2333 的 session_path/www/wwwroot/tdata.tgbota.top/public/uploads/admin/202601/6971e94ea480a/16099937945/tdata/temp_8413937240.session
[2026-02-19T23:47:01+08:00][info] 返回:{"status":true,"message":"发送完成，成功1个，失败0个[]","data":{"success":[{"group_id":3649225144,"group_link":"https:\/\/t.me\/+_XaTo9Qrv0VjOTM0","type":"megagroup","message":"发送成功","message_id":33243}],"failed":[],"debug":["处理标识符: https:\/\/t.me\/+_XaTo9Qrv0VjOTM0, 清理后: https:\/\/t.me\/+_XaTo9Qrv0VjOTM0, 识别为链接: True, 识别为数字ID: False"],"warning":""},"api_address":"185.165.170.142:5068"}
[2026-02-19T23:47:01+08:00][info] 消息ID缓存成功: task_id=27, group_id=https://t.me/+_XaTo9Qrv0VjOTM0, msg_index=1629, message_id=33243, send_user_id=2333
[2026-02-19T23:47:01+08:00][info] 消息状态标记为已发送: task_id=27, group_id=https://t.me/+_XaTo9Qrv0VjOTM0, msg_index=1629
[2026-02-19T23:47:01+08:00][info] 任务 27 将在 81 秒后继续处理下一条消息，索引: 1630, 实例ID: task_27_index_1630_1771516021.1526
[2026-02-19T23:47:06+08:00][info] 开始处理队列任务: task_id=38, current_index=386
[2026-02-19T23:47:06+08:00][info] 使用消息配置中指定的用户 3160 的 session_path/www/wwwroot/tdata.tgbota.top/public/uploads/admin/202602/699625adf380f/14642412572/tdata/temp_8513808515.session
[2026-02-19T23:47:08+08:00][info] 返回:{"status":true,"message":"发送完成，成功1个，失败0个[]","data":{"success":[{"group_id":3794396962,"group_link":"https:\/\/t.me\/+69dYKDni-wFmYWE0","type":"megagroup","message":"发送成功","message_id":542}],"failed":[],"debug":["处理标识符: https:\/\/t.me\/+69dYKDni-wFmYWE0, 清理后: https:\/\/t.me\/+69dYKDni-wFmYWE0, 识别为链接: True, 识别为数字ID: False"],"warning":""},"api_address":"185.165.170.142:5025"}
[2026-02-19T23:47:08+08:00][info] 消息ID缓存成功: task_id=38, group_id=https://t.me/+69dYKDni-wFmYWE0, msg_index=386, message_id=542, send_user_id=3160
[2026-02-19T23:47:08+08:00][info] 消息状态标记为已发送: task_id=38, group_id=https://t.me/+69dYKDni-wFmYWE0, msg_index=386
[2026-02-19T23:47:08+08:00][info] 任务 38 将在 99 秒后继续处理下一条消息，索引: 387, 实例ID: task_38_index_387_1771516028.732
[2026-02-19T23:47:21+08:00][info] 开始处理队列任务: task_id=29, current_index=1661
[2026-02-19T23:47:21+08:00][info] 消息缓存初始化完成: task_id=29, groups=https://t.me/+WZlsKfz1W89jYjE0
[2026-02-19T23:47:21+08:00][info] 任务 29 第 3 次循环，重置群组 https://t.me/+WZlsKfz1W89jYjE0 消息状态
[2026-02-19T23:47:21+08:00][info] 使用feedbackType=1659的消息ID: 21752
[2026-02-19T23:47:21+08:00][info] 使用消息配置中指定的用户 2360 的 session_path/www/wwwroot/tdata.tgbota.top/public/uploads/admin/202601/6971e94ea480a/16156376660/tdata/temp_8369662723.session
[2026-02-19T23:47:24+08:00][info] 返回:{"status":true,"message":"发送完成，成功1个，失败0个[]","data":{"success":[{"group_id":3780502866,"group_link":"https:\/\/t.me\/+WZlsKfz1W89jYjE0","type":"megagroup","message":"发送成功","message_id":21755}],"failed":[],"debug":["处理标识符: https:\/\/t.me\/+WZlsKfz1W89jYjE0, 清理后: https:\/\/t.me\/+WZlsKfz1W89jYjE0, 识别为链接: True, 识别为数字ID: False"],"warning":""},"api_address":"185.165.170.142:5095"}
[2026-02-19T23:47:24+08:00][info] 消息ID缓存成功: task_id=29, group_id=https://t.me/+WZlsKfz1W89jYjE0, msg_index=1661, message_id=21755, send_user_id=2360
[2026-02-19T23:47:24+08:00][info] 消息状态标记为已发送: task_id=29, group_id=https://t.me/+WZlsKfz1W89jYjE0, msg_index=1661
[2026-02-19T23:47:24+08:00][info] 任务 29 将在 118 秒后继续处理下一条消息，索引: 1662, 实例ID: task_29_index_1662_1771516044.5189
[2026-02-19T23:47:32+08:00][info] 开始处理队列任务: task_id=33, current_index=1533
[2026-02-19T23:47:32+08:00][info] 消息缓存初始化完成: task_id=33, groups=https://t.me/+wcqRUxDn6zczYmM0
[2026-02-19T23:47:32+08:00][info] 任务 33 第 2 次循环，重置群组 https://t.me/+wcqRUxDn6zczYmM0 消息状态
[2026-02-19T23:47:33+08:00][info] 使用feedbackType=1533的消息ID: 10115
[2026-02-19T23:47:33+08:00][info] 使用当前发送用户 2509 的 session_path/www/wwwroot/tdata.tgbota.top/public/uploads/admin/202602/69862ac4b6550/817030774749/tdata/temp_8321123815.session
[2026-02-19T23:47:35+08:00][info] 返回:{"status":true,"message":"发送完成，成功1个，失败0个[]","data":{"success":[{"group_id":3658905404,"group_link":"https:\/\/t.me\/+wcqRUxDn6zczYmM0","type":"megagroup","message":"发送成功","message_id":10116}],"failed":[],"debug":["处理标识符: https:\/\/t.me\/+wcqRUxDn6zczYmM0, 清理后: https:\/\/t.me\/+wcqRUxDn6zczYmM0, 识别为链接: True, 识别为数字ID: False"],"warning":""},"api_address":"185.165.170.142:5093"}
[2026-02-19T23:47:35+08:00][info] 消息ID缓存成功: task_id=33, group_id=https://t.me/+wcqRUxDn6zczYmM0, msg_index=1533, message_id=10116, send_user_id=2509
[2026-02-19T23:47:35+08:00][info] 消息状态标记为已发送: task_id=33, group_id=https://t.me/+wcqRUxDn6zczYmM0, msg_index=1533
[2026-02-19T23:47:35+08:00][info] 任务 33 将在 95 秒后继续处理下一条消息，索引: 1534, 实例ID: task_33_index_1534_1771516055.0794
[2026-02-19T23:47:51+08:00][info] 开始处理队列任务: task_id=37, current_index=1734
[2026-02-19T23:47:51+08:00][info] 消息缓存初始化完成: task_id=37, groups=https://t.me/+DUAGbZI5vW41NWI8
[2026-02-19T23:47:51+08:00][info] 任务 37 第 3 次循环，重置群组 https://t.me/+DUAGbZI5vW41NWI8 消息状态
[2026-02-19T23:47:51+08:00][info] 使用消息配置中指定的用户 2540 的 session_path/www/wwwroot/tdata.tgbota.top/public/uploads/admin/202602/69862ac4b6550/817026159834/tdata/temp_8402258779.session
[2026-02-19T23:47:53+08:00][info] 返回:{"status":true,"message":"发送完成，成功1个，失败0个[]","data":{"success":[{"group_id":3732578862,"group_link":"https:\/\/t.me\/+DUAGbZI5vW41NWI8","type":"megagroup","message":"发送成功","message_id":8508}],"failed":[],"debug":["处理标识符: https:\/\/t.me\/+DUAGbZI5vW41NWI8, 清理后: https:\/\/t.me\/+DUAGbZI5vW41NWI8, 识别为链接: True, 识别为数字ID: False"],"warning":""},"api_address":"185.165.170.142:5124"}
[2026-02-19T23:47:53+08:00][info] 消息ID缓存成功: task_id=37, group_id=https://t.me/+DUAGbZI5vW41NWI8, msg_index=1734, message_id=8508, send_user_id=2540
[2026-02-19T23:47:53+08:00][info] 消息状态标记为已发送: task_id=37, group_id=https://t.me/+DUAGbZI5vW41NWI8, msg_index=1734
[2026-02-19T23:47:53+08:00][info] 任务 37 将在 70 秒后继续处理下一条消息，索引: 1735, 实例ID: task_37_index_1735_1771516073.7277
[2026-02-19T23:48:08+08:00][info] 开始处理队列任务: task_id=39, current_index=386
[2026-02-19T23:48:08+08:00][info] 使用消息配置中指定的用户 3160 的 session_path/www/wwwroot/tdata.tgbota.top/public/uploads/admin/202602/699625adf380f/14642412572/tdata/temp_8513808515.session
[2026-02-19T23:48:09+08:00][info] 开始处理队列任务: task_id=36, current_index=1698
[2026-02-19T23:48:10+08:00][info] 消息缓存初始化完成: task_id=36, groups=https://t.me/+o12qlRNkdiViMjE0
[2026-02-19T23:48:10+08:00][info] 任务 36 第 3 次循环，重置群组 https://t.me/+o12qlRNkdiViMjE0 消息状态
[2026-02-19T23:48:10+08:00][info] 使用当前发送用户 2508 的 session_path/www/wwwroot/tdata.tgbota.top/public/uploads/admin/202602/69862ac4b6550/818014391182/tdata/temp_8311875735.session
[2026-02-19T23:48:10+08:00][info] 返回:{"status":true,"message":"发送完成，成功1个，失败0个[]","data":{"success":[{"group_id":3770869551,"group_link":"https:\/\/t.me\/+ZpSvBhFQCCEwMzdk","type":"megagroup","message":"发送成功","message_id":542}],"failed":[],"debug":["处理标识符: https:\/\/t.me\/+ZpSvBhFQCCEwMzdk, 清理后: https:\/\/t.me\/+ZpSvBhFQCCEwMzdk, 识别为链接: True, 识别为数字ID: False"],"warning":""},"api_address":"185.165.170.142:5025"}
[2026-02-19T23:48:10+08:00][info] 消息ID缓存成功: task_id=39, group_id=https://t.me/+ZpSvBhFQCCEwMzdk, msg_index=386, message_id=542, send_user_id=3160
[2026-02-19T23:48:10+08:00][info] 消息状态标记为已发送: task_id=39, group_id=https://t.me/+ZpSvBhFQCCEwMzdk, msg_index=386
[2026-02-19T23:48:10+08:00][info] 任务 39 将在 99 秒后继续处理下一条消息，索引: 387, 实例ID: task_39_index_387_1771516090.6814
[2026-02-19T23:48:11+08:00][info] 返回:{"status":true,"message":"发送完成，成功1个，失败0个[]","data":{"success":[{"group_id":3479387283,"group_link":"https:\/\/t.me\/+o12qlRNkdiViMjE0","type":"megagroup","message":"发送成功","message_id":10343}],"failed":[],"debug":["处理标识符: https:\/\/t.me\/+o12qlRNkdiViMjE0, 清理后: https:\/\/t.me\/+o12qlRNkdiViMjE0, 识别为链接: True, 识别为数字ID: False"],"warning":""},"api_address":"185.165.170.142:5092"}
[2026-02-19T23:48:11+08:00][info] 消息ID缓存成功: task_id=36, group_id=https://t.me/+o12qlRNkdiViMjE0, msg_index=1698, message_id=10343, send_user_id=2508
[2026-02-19T23:48:11+08:00][info] 消息状态标记为已发送: task_id=36, group_id=https://t.me/+o12qlRNkdiViMjE0, msg_index=1698
[2026-02-19T23:48:11+08:00][info] 任务 36 将在 103 秒后继续处理下一条消息，索引: 1699, 实例ID: task_36_index_1699_1771516091.8836
[2026-02-19T23:48:17+08:00][info] 开始处理队列任务: task_id=35, current_index=1747
[2026-02-19T23:48:18+08:00][info] 消息缓存初始化完成: task_id=35, groups=https://t.me/+BrIuI_-gkNhhYTE0
[2026-02-19T23:48:18+08:00][info] 任务 35 第 3 次循环，重置群组 https://t.me/+BrIuI_-gkNhhYTE0 消息状态
[2026-02-19T23:48:18+08:00][info] 使用feedbackType=1747的消息ID: 10330
[2026-02-19T23:48:18+08:00][info] 使用消息配置中指定的用户 2527 的 session_path/www/wwwroot/tdata.tgbota.top/public/uploads/admin/202602/69862ac4b6550/817026445562/tdata/temp_8449313682.session
[2026-02-19T23:48:20+08:00][info] 返回:{"status":true,"message":"发送完成，成功1个，失败0个[]","data":{"success":[{"group_id":3646934744,"group_link":"https:\/\/t.me\/+BrIuI_-gkNhhYTE0","type":"megagroup","message":"发送成功","message_id":10331}],"failed":[],"debug":["处理标识符: https:\/\/t.me\/+BrIuI_-gkNhhYTE0, 清理后: https:\/\/t.me\/+BrIuI_-gkNhhYTE0, 识别为链接: True, 识别为数字ID: False"],"warning":""},"api_address":"185.165.170.142:5111"}
[2026-02-19T23:48:20+08:00][info] 消息ID缓存成功: task_id=35, group_id=https://t.me/+BrIuI_-gkNhhYTE0, msg_index=1747, message_id=10331, send_user_id=2527
[2026-02-19T23:48:20+08:00][info] 消息状态标记为已发送: task_id=35, group_id=https://t.me/+BrIuI_-gkNhhYTE0, msg_index=1747
[2026-02-19T23:48:20+08:00][info] 任务 35 将在 100 秒后继续处理下一条消息，索引: 1748, 实例ID: task_35_index_1748_1771516100.0614
[2026-02-19T23:48:20+08:00][info] 开始处理队列任务: task_id=28, current_index=1666
[2026-02-19T23:48:20+08:00][info] 消息缓存初始化完成: task_id=28, groups=https://t.me/+Hg62NsrbOCZmZmY8
[2026-02-19T23:48:20+08:00][info] 任务 28 第 3 次循环，重置群组 https://t.me/+Hg62NsrbOCZmZmY8 消息状态
[2026-02-19T23:48:20+08:00][info] 使用当前发送用户 2372 的 session_path/www/wwwroot/tdata.tgbota.top/public/uploads/admin/202601/6971e94ea480a/16077062896/tdata/temp_8463172201.session
[2026-02-19T23:48:22+08:00][info] 开始处理队列任务: task_id=27, current_index=1630
[2026-02-19T23:48:22+08:00][info] 开始处理队列任务: task_id=34, current_index=1534
[2026-02-19T23:48:22+08:00][info] 消息缓存初始化完成: task_id=27, groups=https://t.me/+_XaTo9Qrv0VjOTM0
[2026-02-19T23:48:22+08:00][info] 任务 27 第 3 次循环，重置群组 https://t.me/+_XaTo9Qrv0VjOTM0 消息状态
[2026-02-19T23:48:22+08:00][info] 使用feedbackType=1630的消息ID: 33243
[2026-02-19T23:48:22+08:00][info] 使用消息配置中指定的用户 2327 的 session_path/www/wwwroot/tdata.tgbota.top/public/uploads/admin/202601/6971e94ea480a/16067161806/tdata/temp_8083842765.session
[2026-02-19T23:48:22+08:00][info] 消息缓存初始化完成: task_id=34, groups=https://t.me/+CUyn8iqnQwEzNDY0
[2026-02-19T23:48:22+08:00][info] 任务 34 第 2 次循环，重置群组 https://t.me/+CUyn8iqnQwEzNDY0 消息状态
[2026-02-19T23:48:22+08:00][info] 使用当前发送用户 2519 的 session_path/www/wwwroot/tdata.tgbota.top/public/uploads/admin/202602/69862ac4b6550/818015756356/tdata/temp_8513741349.session
[2026-02-19T23:48:23+08:00][info] 返回:{"status":true,"message":"发送完成，成功1个，失败0个[]","data":{"success":[{"group_id":3657218256,"group_link":"https:\/\/t.me\/+Hg62NsrbOCZmZmY8","type":"megagroup","message":"发送成功","message_id":21697}],"failed":[],"debug":["处理标识符: https:\/\/t.me\/+Hg62NsrbOCZmZmY8, 清理后: https:\/\/t.me\/+Hg62NsrbOCZmZmY8, 识别为链接: True, 识别为数字ID: False","文件1有效: \/www\/wwwroot\/tdata.tgbota.top\/public\/uploads\/admin\/202512\/693ae4c14180b.jpg (23975字节)","发送单个文件: \/www\/wwwroot\/tdata.tgbota.top\/public\/uploads\/admin\/202512\/693ae4c14180b.jpg"],"warning":""},"api_address":"185.165.170.142:5107"}
[2026-02-19T23:48:23+08:00][info] 消息ID缓存成功: task_id=28, group_id=https://t.me/+Hg62NsrbOCZmZmY8, msg_index=1666, message_id=21697, send_user_id=2372
[2026-02-19T23:48:23+08:00][info] 消息状态标记为已发送: task_id=28, group_id=https://t.me/+Hg62NsrbOCZmZmY8, msg_index=1666
[2026-02-19T23:48:23+08:00][info] 任务 28 将在 91 秒后继续处理下一条消息，索引: 1667, 实例ID: task_28_index_1667_1771516103.5406
[2026-02-19T23:48:24+08:00][info] 返回:{"status":true,"message":"发送完成，成功1个，失败0个[]","data":{"success":[{"group_id":3719450736,"group_link":"https:\/\/t.me\/+CUyn8iqnQwEzNDY0","type":"megagroup","message":"发送成功","message_id":10278}],"failed":[],"debug":["处理标识符: https:\/\/t.me\/+CUyn8iqnQwEzNDY0, 清理后: https:\/\/t.me\/+CUyn8iqnQwEzNDY0, 识别为链接: True, 识别为数字ID: False"],"warning":""},"api_address":"185.165.170.142:5103"}
[2026-02-19T23:48:24+08:00][info] 消息ID缓存成功: task_id=34, group_id=https://t.me/+CUyn8iqnQwEzNDY0, msg_index=1534, message_id=10278, send_user_id=2519
[2026-02-19T23:48:24+08:00][info] 消息状态标记为已发送: task_id=34, group_id=https://t.me/+CUyn8iqnQwEzNDY0, msg_index=1534
[2026-02-19T23:48:24+08:00][info] 开始处理队列任务: task_id=25, current_index=1661
[2026-02-19T23:48:25+08:00][info] 返回:{"status":true,"message":"发送完成，成功1个，失败0个[]","data":{"success":[{"group_id":3649225144,"group_link":"https:\/\/t.me\/+_XaTo9Qrv0VjOTM0","type":"megagroup","message":"发送成功","message_id":33244}],"failed":[],"debug":["处理标识符: https:\/\/t.me\/+_XaTo9Qrv0VjOTM0, 清理后: https:\/\/t.me\/+_XaTo9Qrv0VjOTM0, 识别为链接: True, 识别为数字ID: False"],"warning":""},"api_address":"185.165.170.142:5062"}
[2026-02-19T23:48:25+08:00][info] 消息ID缓存成功: task_id=27, group_id=https://t.me/+_XaTo9Qrv0VjOTM0, msg_index=1630, message_id=33244, send_user_id=2327
[2026-02-19T23:48:25+08:00][info] 消息状态标记为已发送: task_id=27, group_id=https://t.me/+_XaTo9Qrv0VjOTM0, msg_index=1630
[2026-02-19T23:48:26+08:00][info] 任务 34 将在 102 秒后继续处理下一条消息，索引: 1535, 实例ID: task_34_index_1535_1771516106.272
[2026-02-19T23:48:26+08:00][info] 任务 27 将在 98 秒后继续处理下一条消息，索引: 1631, 实例ID: task_27_index_1631_1771516106.2893
[2026-02-19T23:48:26+08:00][info] 消息缓存初始化完成: task_id=25, groups=https://t.me/+HZFEhfAwKjhmZDZk
[2026-02-19T23:48:26+08:00][info] 任务 25 第 3 次循环，重置群组 https://t.me/+HZFEhfAwKjhmZDZk 消息状态
[2026-02-19T23:48:26+08:00][info] 使用feedbackType=1659的消息ID: 30212
[2026-02-19T23:48:26+08:00][info] 使用消息配置中指定的用户 2360 的 session_path/www/wwwroot/tdata.tgbota.top/public/uploads/admin/202601/6971e94ea480a/16156376660/tdata/temp_8369662723.session
[2026-02-19T23:48:28+08:00][info] 开始处理队列任务: task_id=31, current_index=1667
[2026-02-19T23:48:28+08:00][info] 消息缓存初始化完成: task_id=31, groups=https://t.me/+4azhFwWhx1czMzE0
[2026-02-19T23:48:28+08:00][info] 任务 31 第 3 次循环，重置群组 https://t.me/+4azhFwWhx1czMzE0 消息状态
[2026-02-19T23:48:28+08:00][info] 使用消息配置中指定的用户 2366 的 session_path/www/wwwroot/tdata.tgbota.top/public/uploads/admin/202601/6971e94ea480a/16079442631/tdata/temp_8415393991.session
[2026-02-19T23:48:30+08:00][info] 返回:{"status":true,"message":"发送完成，成功1个，失败0个[]","data":{"success":[{"group_id":3482989339,"group_link":"https:\/\/t.me\/+HZFEhfAwKjhmZDZk","type":"megagroup","message":"发送成功","message_id":30215}],"failed":[],"debug":["处理标识符: https:\/\/t.me\/+HZFEhfAwKjhmZDZk, 清理后: https:\/\/t.me\/+HZFEhfAwKjhmZDZk, 识别为链接: True, 识别为数字ID: False"],"warning":""},"api_address":"185.165.170.142:5095"}
[2026-02-19T23:48:30+08:00][info] 消息ID缓存成功: task_id=25, group_id=https://t.me/+HZFEhfAwKjhmZDZk, msg_index=1661, message_id=30215, send_user_id=2360
[2026-02-19T23:48:30+08:00][info] 消息状态标记为已发送: task_id=25, group_id=https://t.me/+HZFEhfAwKjhmZDZk, msg_index=1661
[2026-02-19T23:48:30+08:00][info] 任务 25 将在 118 秒后继续处理下一条消息，索引: 1662, 实例ID: task_25_index_1662_1771516110.0895
[2026-02-19T23:48:31+08:00][info] 返回:{"status":true,"message":"发送完成，成功1个，失败0个[]","data":{"success":[{"group_id":3079998653,"group_link":"https:\/\/t.me\/+4azhFwWhx1czMzE0","type":"megagroup","message":"发送成功","message_id":14520}],"failed":[],"debug":["处理标识符: https:\/\/t.me\/+4azhFwWhx1czMzE0, 清理后: https:\/\/t.me\/+4azhFwWhx1czMzE0, 识别为链接: True, 识别为数字ID: False"],"warning":""},"api_address":"185.165.170.142:5101"}
[2026-02-19T23:48:31+08:00][info] 消息ID缓存成功: task_id=31, group_id=https://t.me/+4azhFwWhx1czMzE0, msg_index=1667, message_id=14520, send_user_id=2366
[2026-02-19T23:48:31+08:00][info] 消息状态标记为已发送: task_id=31, group_id=https://t.me/+4azhFwWhx1czMzE0, msg_index=1667
[2026-02-19T23:48:31+08:00][info] 任务 31 将在 81 秒后继续处理下一条消息，索引: 1668, 实例ID: task_31_index_1668_1771516111.3723
[2026-02-19T23:48:31+08:00][info] 开始处理队列任务: task_id=40, current_index=385
[2026-02-19T23:48:31+08:00][info] 使用feedbackType=385的消息ID: 541
[2026-02-19T23:48:31+08:00][info] 使用消息配置中指定的用户 3161 的 session_path/www/wwwroot/tdata.tgbota.top/public/uploads/admin/202602/699625adf380f/14704802675/tdata/temp_8255526223.session
[2026-02-19T23:48:34+08:00][info] 返回:{"status":true,"message":"发送完成，成功1个，失败0个[]","data":{"success":[{"group_id":3799666589,"group_link":"https:\/\/t.me\/+IfyZ_OVthdI5YzNk","type":"megagroup","message":"发送成功","message_id":542}],"failed":[],"debug":["处理标识符: https:\/\/t.me\/+IfyZ_OVthdI5YzNk, 清理后: https:\/\/t.me\/+IfyZ_OVthdI5YzNk, 识别为链接: True, 识别为数字ID: False"],"warning":""},"api_address":"185.165.170.142:5026"}
[2026-02-19T23:48:34+08:00][info] 消息ID缓存成功: task_id=40, group_id=https://t.me/+IfyZ_OVthdI5YzNk, msg_index=385, message_id=542, send_user_id=3161
[2026-02-19T23:48:34+08:00][info] 消息状态标记为已发送: task_id=40, group_id=https://t.me/+IfyZ_OVthdI5YzNk, msg_index=385
[2026-02-19T23:48:34+08:00][info] 任务 40 将在 95 秒后继续处理下一条消息，索引: 386, 实例ID: task_40_index_386_1771516114.4886
[2026-02-19T23:48:47+08:00][info] 开始处理队列任务: task_id=38, current_index=387
[2026-02-19T23:48:47+08:00][info] 使用消息配置中指定的用户 3162 的 session_path/www/wwwroot/tdata.tgbota.top/public/uploads/admin/202602/699625adf380f/14708262396/tdata/temp_8533806777.session
[2026-02-19T23:48:49+08:00][info] 返回:{"status":true,"message":"发送完成，成功1个，失败0个[]","data":{"success":[{"group_id":3794396962,"group_link":"https:\/\/t.me\/+69dYKDni-wFmYWE0","type":"megagroup","message":"发送成功","message_id":543}],"failed":[],"debug":["处理标识符: https:\/\/t.me\/+69dYKDni-wFmYWE0, 清理后: https:\/\/t.me\/+69dYKDni-wFmYWE0, 识别为链接: True, 识别为数字ID: False"],"warning":""},"api_address":"185.165.170.142:5027"}
[2026-02-19T23:48:49+08:00][info] 消息ID缓存成功: task_id=38, group_id=https://t.me/+69dYKDni-wFmYWE0, msg_index=387, message_id=543, send_user_id=3162
[2026-02-19T23:48:49+08:00][info] 消息状态标记为已发送: task_id=38, group_id=https://t.me/+69dYKDni-wFmYWE0, msg_index=387
[2026-02-19T23:48:49+08:00][info] 任务 38 将在 80 秒后继续处理下一条消息，索引: 388, 实例ID: task_38_index_388_1771516129.8722
[2026-02-19T23:49:03+08:00][info] 开始处理队列任务: task_id=37, current_index=1735
[2026-02-19T23:49:03+08:00][info] 消息缓存初始化完成: task_id=37, groups=https://t.me/+DUAGbZI5vW41NWI8
[2026-02-19T23:49:03+08:00][info] 任务 37 第 3 次循环，重置群组 https://t.me/+DUAGbZI5vW41NWI8 消息状态
[2026-02-19T23:49:03+08:00][info] 使用消息配置中指定的用户 2540 的 session_path/www/wwwroot/tdata.tgbota.top/public/uploads/admin/202602/69862ac4b6550/817026159834/tdata/temp_8402258779.session
[2026-02-19T23:49:05+08:00][info] 返回:{"status":true,"message":"发送完成，成功1个，失败0个[]","data":{"success":[{"group_id":3732578862,"group_link":"https:\/\/t.me\/+DUAGbZI5vW41NWI8","type":"megagroup","message":"发送成功","message_id":8509}],"failed":[],"debug":["处理标识符: https:\/\/t.me\/+DUAGbZI5vW41NWI8, 清理后: https:\/\/t.me\/+DUAGbZI5vW41NWI8, 识别为链接: True, 识别为数字ID: False"],"warning":""},"api_address":"185.165.170.142:5124"}
[2026-02-19T23:49:05+08:00][info] 消息ID缓存成功: task_id=37, group_id=https://t.me/+DUAGbZI5vW41NWI8, msg_index=1735, message_id=8509, send_user_id=2540
[2026-02-19T23:49:05+08:00][info] 消息状态标记为已发送: task_id=37, group_id=https://t.me/+DUAGbZI5vW41NWI8, msg_index=1735
[2026-02-19T23:49:05+08:00][info] 任务 37 将在 80 秒后继续处理下一条消息，索引: 1736, 实例ID: task_37_index_1736_1771516145.4471
[2026-02-19T23:49:10+08:00][info] 开始处理队列任务: task_id=33, current_index=1534
[2026-02-19T23:49:10+08:00][info] 消息缓存初始化完成: task_id=33, groups=https://t.me/+wcqRUxDn6zczYmM0
[2026-02-19T23:49:10+08:00][info] 任务 33 第 2 次循环，重置群组 https://t.me/+wcqRUxDn6zczYmM0 消息状态
[2026-02-19T23:49:10+08:00][info] 使用当前发送用户 2519 的 session_path/www/wwwroot/tdata.tgbota.top/public/uploads/admin/202602/69862ac4b6550/818015756356/tdata/temp_8513741349.session
[2026-02-19T23:49:12+08:00][info] 返回:{"status":true,"message":"发送完成，成功1个，失败0个[]","data":{"success":[{"group_id":3658905404,"group_link":"https:\/\/t.me\/+wcqRUxDn6zczYmM0","type":"megagroup","message":"发送成功","message_id":10117}],"failed":[],"debug":["处理标识符: https:\/\/t.me\/+wcqRUxDn6zczYmM0, 清理后: https:\/\/t.me\/+wcqRUxDn6zczYmM0, 识别为链接: True, 识别为数字ID: False"],"warning":""},"api_address":"185.165.170.142:5103"}
[2026-02-19T23:49:12+08:00][info] 消息ID缓存成功: task_id=33, group_id=https://t.me/+wcqRUxDn6zczYmM0, msg_index=1534, message_id=10117, send_user_id=2519
[2026-02-19T23:49:12+08:00][info] 消息状态标记为已发送: task_id=33, group_id=https://t.me/+wcqRUxDn6zczYmM0, msg_index=1534
[2026-02-19T23:49:12+08:00][info] 任务 33 将在 102 秒后继续处理下一条消息，索引: 1535, 实例ID: task_33_index_1535_1771516152.5494
[2026-02-19T23:49:22+08:00][info] 开始处理队列任务: task_id=29, current_index=1662
[2026-02-19T23:49:22+08:00][info] 消息缓存初始化完成: task_id=29, groups=https://t.me/+WZlsKfz1W89jYjE0
[2026-02-19T23:49:22+08:00][info] 任务 29 第 3 次循环，重置群组 https://t.me/+WZlsKfz1W89jYjE0 消息状态
[2026-02-19T23:49:22+08:00][info] 使用消息配置中指定的用户 2285 的 session_path/www/wwwroot/tdata.tgbota.top/public/uploads/admin/202601/6971e94ea480a/16108171893/tdata/temp_8285980414.session
[2026-02-19T23:49:26+08:00][info] 返回:{"status":true,"message":"发送完成，成功1个，失败0个[]","data":{"success":[{"group_id":3780502866,"group_link":"https:\/\/t.me\/+WZlsKfz1W89jYjE0","type":"megagroup","message":"发送成功","message_id":21756}],"failed":[],"debug":["处理标识符: https:\/\/t.me\/+WZlsKfz1W89jYjE0, 清理后: https:\/\/t.me\/+WZlsKfz1W89jYjE0, 识别为链接: True, 识别为数字ID: False","文件1有效: \/www\/wwwroot\/tdata.tgbota.top\/public\/uploads\/admin\/202512\/693ae5dc56522.jpg (33006字节)","发送单个文件: \/www\/wwwroot\/tdata.tgbota.top\/public\/uploads\/admin\/202512\/693ae5dc56522.jpg"],"warning":""},"api_address":"185.165.170.142:5020"}
[2026-02-19T23:49:26+08:00][info] 消息ID缓存成功: task_id=29, group_id=https://t.me/+WZlsKfz1W89jYjE0, msg_index=1662, message_id=21756, send_user_id=2285
[2026-02-19T23:49:26+08:00][info] 消息状态标记为已发送: task_id=29, group_id=https://t.me/+WZlsKfz1W89jYjE0, msg_index=1662
[2026-02-19T23:49:26+08:00][info] 任务 29 将在 78 秒后继续处理下一条消息，索引: 1663, 实例ID: task_29_index_1663_1771516166.3057
[2026-02-19T23:49:49+08:00][info] 开始处理队列任务: task_id=39, current_index=387
[2026-02-19T23:49:49+08:00][info] 使用消息配置中指定的用户 3162 的 session_path/www/wwwroot/tdata.tgbota.top/public/uploads/admin/202602/699625adf380f/14708262396/tdata/temp_8533806777.session
[2026-02-19T23:49:52+08:00][info] 返回:{"status":true,"message":"发送完成，成功1个，失败0个[]","data":{"success":[{"group_id":3770869551,"group_link":"https:\/\/t.me\/+ZpSvBhFQCCEwMzdk","type":"megagroup","message":"发送成功","message_id":543}],"failed":[],"debug":["处理标识符: https:\/\/t.me\/+ZpSvBhFQCCEwMzdk, 清理后: https:\/\/t.me\/+ZpSvBhFQCCEwMzdk, 识别为链接: True, 识别为数字ID: False"],"warning":""},"api_address":"185.165.170.142:5027"}
[2026-02-19T23:49:52+08:00][info] 消息ID缓存成功: task_id=39, group_id=https://t.me/+ZpSvBhFQCCEwMzdk, msg_index=387, message_id=543, send_user_id=3162
[2026-02-19T23:49:52+08:00][info] 消息状态标记为已发送: task_id=39, group_id=https://t.me/+ZpSvBhFQCCEwMzdk, msg_index=387
[2026-02-19T23:49:52+08:00][info] 任务 39 将在 80 秒后继续处理下一条消息，索引: 388, 实例ID: task_39_index_388_1771516192.2151
[2026-02-19T23:49:52+08:00][info] 开始处理队列任务: task_id=31, current_index=1668
[2026-02-19T23:49:52+08:00][info] 消息缓存初始化完成: task_id=31, groups=https://t.me/+4azhFwWhx1czMzE0
[2026-02-19T23:49:52+08:00][info] 任务 31 第 3 次循环，重置群组 https://t.me/+4azhFwWhx1czMzE0 消息状态
[2026-02-19T23:49:52+08:00][info] 使用当前发送用户 2372 的 session_path/www/wwwroot/tdata.tgbota.top/public/uploads/admin/202601/6971e94ea480a/16077062896/tdata/temp_8463172201.session
[2026-02-19T23:49:54+08:00][info] 开始处理队列任务: task_id=28, current_index=1667
[2026-02-19T23:49:54+08:00][info] 消息缓存初始化完成: task_id=28, groups=https://t.me/+Hg62NsrbOCZmZmY8
[2026-02-19T23:49:54+08:00][info] 任务 28 第 3 次循环，重置群组 https://t.me/+Hg62NsrbOCZmZmY8 消息状态
[2026-02-19T23:49:54+08:00][info] 使用消息配置中指定的用户 2366 的 session_path/www/wwwroot/tdata.tgbota.top/public/uploads/admin/202601/6971e94ea480a/16079442631/tdata/temp_8415393991.session
[2026-02-19T23:49:55+08:00][info] 返回:{"status":true,"message":"发送完成，成功1个，失败0个[]","data":{"success":[{"group_id":3079998653,"group_link":"https:\/\/t.me\/+4azhFwWhx1czMzE0","type":"megagroup","message":"发送成功","message_id":14521}],"failed":[],"debug":["处理标识符: https:\/\/t.me\/+4azhFwWhx1czMzE0, 清理后: https:\/\/t.me\/+4azhFwWhx1czMzE0, 识别为链接: True, 识别为数字ID: False"],"warning":""},"api_address":"185.165.170.142:5107"}
[2026-02-19T23:49:55+08:00][info] 消息ID缓存成功: task_id=31, group_id=https://t.me/+4azhFwWhx1czMzE0, msg_index=1668, message_id=14521, send_user_id=2372
[2026-02-19T23:49:55+08:00][info] 消息状态标记为已发送: task_id=31, group_id=https://t.me/+4azhFwWhx1czMzE0, msg_index=1668
[2026-02-19T23:49:55+08:00][info] 任务 31 将在 65 秒后继续处理下一条消息，索引: 1669, 实例ID: task_31_index_1669_1771516195.0333
[2026-02-19T23:49:55+08:00][info] 开始处理队列任务: task_id=36, current_index=1699
[2026-02-19T23:49:55+08:00][info] 消息缓存初始化完成: task_id=36, groups=https://t.me/+o12qlRNkdiViMjE0
[2026-02-19T23:49:55+08:00][info] 任务 36 第 3 次循环，重置群组 https://t.me/+o12qlRNkdiViMjE0 消息状态
[2026-02-19T23:49:55+08:00][info] 使用当前发送用户 2433 的 session_path/www/wwwroot/tdata.tgbota.top/public/uploads/admin/202602/69862ac4b6550/817039684559/tdata/temp_8407127233.session
[2026-02-19T23:49:57+08:00][info] 返回:{"status":true,"message":"发送完成，成功1个，失败0个[]","data":{"success":[{"group_id":3479387283,"group_link":"https:\/\/t.me\/+o12qlRNkdiViMjE0","type":"megagroup","message":"发送成功","message_id":10344}],"failed":[],"debug":["处理标识符: https:\/\/t.me\/+o12qlRNkdiViMjE0, 清理后: https:\/\/t.me\/+o12qlRNkdiViMjE0, 识别为链接: True, 识别为数字ID: False"],"warning":""},"api_address":"185.165.170.142:5017"}
[2026-02-19T23:49:57+08:00][info] 消息ID缓存成功: task_id=36, group_id=https://t.me/+o12qlRNkdiViMjE0, msg_index=1699, message_id=10344, send_user_id=2433
[2026-02-19T23:49:57+08:00][info] 消息状态标记为已发送: task_id=36, group_id=https://t.me/+o12qlRNkdiViMjE0, msg_index=1699
[2026-02-19T23:49:57+08:00][info] 任务 36 将在 76 秒后继续处理下一条消息，索引: 1700, 实例ID: task_36_index_1700_1771516197.1013
[2026-02-19T23:49:57+08:00][info] 返回:{"status":true,"message":"发送完成，成功1个，失败0个[]","data":{"success":[{"group_id":3657218256,"group_link":"https:\/\/t.me\/+Hg62NsrbOCZmZmY8","type":"megagroup","message":"发送成功","message_id":21698}],"failed":[],"debug":["处理标识符: https:\/\/t.me\/+Hg62NsrbOCZmZmY8, 清理后: https:\/\/t.me\/+Hg62NsrbOCZmZmY8, 识别为链接: True, 识别为数字ID: False"],"warning":""},"api_address":"185.165.170.142:5101"}
[2026-02-19T23:49:57+08:00][info] 消息ID缓存成功: task_id=28, group_id=https://t.me/+Hg62NsrbOCZmZmY8, msg_index=1667, message_id=21698, send_user_id=2366
[2026-02-19T23:49:57+08:00][info] 消息状态标记为已发送: task_id=28, group_id=https://t.me/+Hg62NsrbOCZmZmY8, msg_index=1667
[2026-02-19T23:49:57+08:00][info] 任务 28 将在 81 秒后继续处理下一条消息，索引: 1668, 实例ID: task_28_index_1668_1771516197.4198
[2026-02-19T23:50:00+08:00][info] 开始处理队列任务: task_id=35, current_index=1748
[2026-02-19T23:50:00+08:00][info] 消息缓存初始化完成: task_id=35, groups=https://t.me/+BrIuI_-gkNhhYTE0
[2026-02-19T23:50:00+08:00][info] 任务 35 第 3 次循环，重置群组 https://t.me/+BrIuI_-gkNhhYTE0 消息状态
[2026-02-19T23:50:00+08:00][info] 使用消息配置中指定的用户 2528 的 session_path/www/wwwroot/tdata.tgbota.top/public/uploads/admin/202602/69862ac4b6550/818011228005/tdata/temp_8235942469.session
[2026-02-19T23:50:02+08:00][info] 返回:{"status":true,"message":"发送完成，成功1个，失败0个[]","data":{"success":[{"group_id":3646934744,"group_link":"https:\/\/t.me\/+BrIuI_-gkNhhYTE0","type":"megagroup","message":"发送成功","message_id":10332}],"failed":[],"debug":["处理标识符: https:\/\/t.me\/+BrIuI_-gkNhhYTE0, 清理后: https:\/\/t.me\/+BrIuI_-gkNhhYTE0, 识别为链接: True, 识别为数字ID: False"],"warning":""},"api_address":"185.165.170.142:5112"}
[2026-02-19T23:50:02+08:00][info] 消息ID缓存成功: task_id=35, group_id=https://t.me/+BrIuI_-gkNhhYTE0, msg_index=1748, message_id=10332, send_user_id=2528
[2026-02-19T23:50:02+08:00][info] 消息状态标记为已发送: task_id=35, group_id=https://t.me/+BrIuI_-gkNhhYTE0, msg_index=1748
[2026-02-19T23:50:02+08:00][info] 任务 35 将在 85 秒后继续处理下一条消息，索引: 1749, 实例ID: task_35_index_1749_1771516202.6516
[2026-02-19T23:50:04+08:00][info] 开始处理队列任务: task_id=27, current_index=1631
[2026-02-19T23:50:05+08:00][info] 消息缓存初始化完成: task_id=27, groups=https://t.me/+_XaTo9Qrv0VjOTM0
[2026-02-19T23:50:05+08:00][info] 任务 27 第 3 次循环，重置群组 https://t.me/+_XaTo9Qrv0VjOTM0 消息状态
[2026-02-19T23:50:05+08:00][info] 使用消息配置中指定的用户 2346 的 session_path/www/wwwroot/tdata.tgbota.top/public/uploads/admin/202601/6971e94ea480a/16156397771/tdata/temp_8341524335.session
[2026-02-19T23:50:07+08:00][info] 返回:{"status":true,"message":"发送完成，成功1个，失败0个[]","data":{"success":[{"group_id":3649225144,"group_link":"https:\/\/t.me\/+_XaTo9Qrv0VjOTM0","type":"megagroup","message":"发送成功","message_id":33245}],"failed":[],"debug":["处理标识符: https:\/\/t.me\/+_XaTo9Qrv0VjOTM0, 清理后: https:\/\/t.me\/+_XaTo9Qrv0VjOTM0, 识别为链接: True, 识别为数字ID: False"],"warning":""},"api_address":"185.165.170.142:5081"}
[2026-02-19T23:50:07+08:00][info] 消息ID缓存成功: task_id=27, group_id=https://t.me/+_XaTo9Qrv0VjOTM0, msg_index=1631, message_id=33245, send_user_id=2346
[2026-02-19T23:50:07+08:00][info] 消息状态标记为已发送: task_id=27, group_id=https://t.me/+_XaTo9Qrv0VjOTM0, msg_index=1631
[2026-02-19T23:50:07+08:00][info] 任务 27 将在 100 秒后继续处理下一条消息，索引: 1632, 实例ID: task_27_index_1632_1771516207.7177
[2026-02-19T23:50:08+08:00][info] 开始处理队列任务: task_id=34, current_index=1535
[2026-02-19T23:50:09+08:00][info] 消息缓存初始化完成: task_id=34, groups=https://t.me/+CUyn8iqnQwEzNDY0
[2026-02-19T23:50:09+08:00][info] 任务 34 第 2 次循环，重置群组 https://t.me/+CUyn8iqnQwEzNDY0 消息状态
[2026-02-19T23:50:09+08:00][info] 使用当前发送用户 2519 的 session_path/www/wwwroot/tdata.tgbota.top/public/uploads/admin/202602/69862ac4b6550/818015756356/tdata/temp_8513741349.session
[2026-02-19T23:50:09+08:00][info] 开始处理队列任务: task_id=38, current_index=388
[2026-02-19T23:50:09+08:00][info] 使用消息配置中指定的用户 3162 的 session_path/www/wwwroot/tdata.tgbota.top/public/uploads/admin/202602/699625adf380f/14708262396/tdata/temp_8533806777.session
[2026-02-19T23:50:10+08:00][info] 开始处理队列任务: task_id=40, current_index=386
[2026-02-19T23:50:10+08:00][info] 使用消息配置中指定的用户 3160 的 session_path/www/wwwroot/tdata.tgbota.top/public/uploads/admin/202602/699625adf380f/14642412572/tdata/temp_8513808515.session
[2026-02-19T23:50:10+08:00][info] 返回:{"status":true,"message":"发送完成，成功1个，失败0个[]","data":{"success":[{"group_id":3719450736,"group_link":"https:\/\/t.me\/+CUyn8iqnQwEzNDY0","type":"megagroup","message":"发送成功","message_id":10279}],"failed":[],"debug":["处理标识符: https:\/\/t.me\/+CUyn8iqnQwEzNDY0, 清理后: https:\/\/t.me\/+CUyn8iqnQwEzNDY0, 识别为链接: True, 识别为数字ID: False"],"warning":""},"api_address":"185.165.170.142:5103"}
[2026-02-19T23:50:10+08:00][info] 消息ID缓存成功: task_id=34, group_id=https://t.me/+CUyn8iqnQwEzNDY0, msg_index=1535, message_id=10279, send_user_id=2519
[2026-02-19T23:50:10+08:00][info] 消息状态标记为已发送: task_id=34, group_id=https://t.me/+CUyn8iqnQwEzNDY0, msg_index=1535
[2026-02-19T23:50:10+08:00][info] 任务 34 将在 79 秒后继续处理下一条消息，索引: 1536, 实例ID: task_34_index_1536_1771516210.9044
[2026-02-19T23:50:12+08:00][info] 返回:{"status":true,"message":"发送完成，成功1个，失败0个[]","data":{"success":[{"group_id":3794396962,"group_link":"https:\/\/t.me\/+69dYKDni-wFmYWE0","type":"megagroup","message":"发送成功","message_id":544}],"failed":[],"debug":["处理标识符: https:\/\/t.me\/+69dYKDni-wFmYWE0, 清理后: https:\/\/t.me\/+69dYKDni-wFmYWE0, 识别为链接: True, 识别为数字ID: False"],"warning":""},"api_address":"185.165.170.142:5027"}
[2026-02-19T23:50:12+08:00][info] 消息ID缓存成功: task_id=38, group_id=https://t.me/+69dYKDni-wFmYWE0, msg_index=388, message_id=544, send_user_id=3162
[2026-02-19T23:50:12+08:00][info] 消息状态标记为已发送: task_id=38, group_id=https://t.me/+69dYKDni-wFmYWE0, msg_index=388
[2026-02-19T23:50:12+08:00][info] 任务 38 将在 85 秒后继续处理下一条消息，索引: 389, 实例ID: task_38_index_389_1771516212.5593
[2026-02-19T23:50:13+08:00][info] 返回:{"status":true,"message":"发送完成，成功1个，失败0个[]","data":{"success":[{"group_id":3799666589,"group_link":"https:\/\/t.me\/+IfyZ_OVthdI5YzNk","type":"megagroup","message":"发送成功","message_id":543}],"failed":[],"debug":["处理标识符: https:\/\/t.me\/+IfyZ_OVthdI5YzNk, 清理后: https:\/\/t.me\/+IfyZ_OVthdI5YzNk, 识别为链接: True, 识别为数字ID: False"],"warning":""},"api_address":"185.165.170.142:5025"}
[2026-02-19T23:50:13+08:00][info] 消息ID缓存成功: task_id=40, group_id=https://t.me/+IfyZ_OVthdI5YzNk, msg_index=386, message_id=543, send_user_id=3160
[2026-02-19T23:50:13+08:00][info] 消息状态标记为已发送: task_id=40, group_id=https://t.me/+IfyZ_OVthdI5YzNk, msg_index=386
[2026-02-19T23:50:13+08:00][info] 任务 40 将在 99 秒后继续处理下一条消息，索引: 387, 实例ID: task_40_index_387_1771516213.3075
[2026-02-19T23:50:25+08:00][info] 开始处理队列任务: task_id=37, current_index=1736
[2026-02-19T23:50:25+08:00][info] 消息缓存初始化完成: task_id=37, groups=https://t.me/+DUAGbZI5vW41NWI8
[2026-02-19T23:50:25+08:00][info] 任务 37 第 3 次循环，重置群组 https://t.me/+DUAGbZI5vW41NWI8 消息状态
[2026-02-19T23:50:25+08:00][info] 使用消息配置中指定的用户 2539 的 session_path/www/wwwroot/tdata.tgbota.top/public/uploads/admin/202602/69862ac4b6550/817043064795/tdata/temp_8325056509.session
[2026-02-19T23:50:27+08:00][info] 返回:{"status":true,"message":"发送完成，成功1个，失败0个[]","data":{"success":[{"group_id":3732578862,"group_link":"https:\/\/t.me\/+DUAGbZI5vW41NWI8","type":"megagroup","message":"发送成功","message_id":8510}],"failed":[],"debug":["处理标识符: https:\/\/t.me\/+DUAGbZI5vW41NWI8, 清理后: https:\/\/t.me\/+DUAGbZI5vW41NWI8, 识别为链接: True, 识别为数字ID: False","文件1有效: \/www\/wwwroot\/tdata.tgbota.top\/public\/uploads\/admin\/202512\/693ae5dc56522.jpg (33006字节)","发送单个文件: \/www\/wwwroot\/tdata.tgbota.top\/public\/uploads\/admin\/202512\/693ae5dc56522.jpg"],"warning":""},"api_address":"185.165.170.142:5123"}
[2026-02-19T23:50:27+08:00][info] 消息ID缓存成功: task_id=37, group_id=https://t.me/+DUAGbZI5vW41NWI8, msg_index=1736, message_id=8510, send_user_id=2539
[2026-02-19T23:50:27+08:00][info] 消息状态标记为已发送: task_id=37, group_id=https://t.me/+DUAGbZI5vW41NWI8, msg_index=1736
[2026-02-19T23:50:27+08:00][info] 任务 37 将在 90 秒后继续处理下一条消息，索引: 1737, 实例ID: task_37_index_1737_1771516227.9894
[2026-02-19T23:50:28+08:00][info] 开始处理队列任务: task_id=25, current_index=1662
[2026-02-19T23:50:28+08:00][info] 消息缓存初始化完成: task_id=25, groups=https://t.me/+HZFEhfAwKjhmZDZk
[2026-02-19T23:50:28+08:00][info] 任务 25 第 3 次循环，重置群组 https://t.me/+HZFEhfAwKjhmZDZk 消息状态
[2026-02-19T23:50:28+08:00][info] 使用消息配置中指定的用户 2285 的 session_path/www/wwwroot/tdata.tgbota.top/public/uploads/admin/202601/6971e94ea480a/16108171893/tdata/temp_8285980414.session
[2026-02-19T23:50:31+08:00][info] 返回:{"status":true,"message":"发送完成，成功1个，失败0个[]","data":{"success":[{"group_id":3482989339,"group_link":"https:\/\/t.me\/+HZFEhfAwKjhmZDZk","type":"megagroup","message":"发送成功","message_id":30216}],"failed":[],"debug":["处理标识符: https:\/\/t.me\/+HZFEhfAwKjhmZDZk, 清理后: https:\/\/t.me\/+HZFEhfAwKjhmZDZk, 识别为链接: True, 识别为数字ID: False","文件1有效: \/www\/wwwroot\/tdata.tgbota.top\/public\/uploads\/admin\/202512\/693ae5dc56522.jpg (33006字节)","发送单个文件: \/www\/wwwroot\/tdata.tgbota.top\/public\/uploads\/admin\/202512\/693ae5dc56522.jpg"],"warning":""},"api_address":"185.165.170.142:5020"}
[2026-02-19T23:50:31+08:00][info] 消息ID缓存成功: task_id=25, group_id=https://t.me/+HZFEhfAwKjhmZDZk, msg_index=1662, message_id=30216, send_user_id=2285
[2026-02-19T23:50:31+08:00][info] 消息状态标记为已发送: task_id=25, group_id=https://t.me/+HZFEhfAwKjhmZDZk, msg_index=1662
[2026-02-19T23:50:31+08:00][info] 任务 25 将在 78 秒后继续处理下一条消息，索引: 1663, 实例ID: task_25_index_1663_1771516231.9203
[2026-02-19T23:50:44+08:00][info] 开始处理队列任务: task_id=29, current_index=1663
[2026-02-19T23:50:44+08:00][info] 消息缓存初始化完成: task_id=29, groups=https://t.me/+WZlsKfz1W89jYjE0
[2026-02-19T23:50:44+08:00][info] 任务 29 第 3 次循环，重置群组 https://t.me/+WZlsKfz1W89jYjE0 消息状态
[2026-02-19T23:50:44+08:00][info] 使用当前发送用户 1316 的 session_path/www/wwwroot/tdata.tgbota.top/public/uploads/admin/202512/695387359e84b/8615211853935/tdata/temp_8104939574.session
[2026-02-19T23:50:46+08:00][info] 返回:{"status":true,"message":"发送完成，成功1个，失败0个[]","data":{"success":[{"group_id":3780502866,"group_link":"https:\/\/t.me\/+WZlsKfz1W89jYjE0","type":"megagroup","message":"发送成功","message_id":21757}],"failed":[],"debug":["处理标识符: https:\/\/t.me\/+WZlsKfz1W89jYjE0, 清理后: https:\/\/t.me\/+WZlsKfz1W89jYjE0, 识别为链接: True, 识别为数字ID: False"],"warning":""},"api_address":"185.165.170.142:5108"}
[2026-02-19T23:50:46+08:00][info] 消息ID缓存成功: task_id=29, group_id=https://t.me/+WZlsKfz1W89jYjE0, msg_index=1663, message_id=21757, send_user_id=1316
[2026-02-19T23:50:46+08:00][info] 消息状态标记为已发送: task_id=29, group_id=https://t.me/+WZlsKfz1W89jYjE0, msg_index=1663
[2026-02-19T23:50:46+08:00][info] 任务 29 将在 88 秒后继续处理下一条消息，索引: 1664, 实例ID: task_29_index_1664_1771516246.8114
[2026-02-19T23:50:54+08:00][info] 开始处理队列任务: task_id=33, current_index=1535
[2026-02-19T23:50:54+08:00][info] 消息缓存初始化完成: task_id=33, groups=https://t.me/+wcqRUxDn6zczYmM0
[2026-02-19T23:50:54+08:00][info] 任务 33 第 2 次循环，重置群组 https://t.me/+wcqRUxDn6zczYmM0 消息状态
[2026-02-19T23:50:54+08:00][info] 使用当前发送用户 2519 的 session_path/www/wwwroot/tdata.tgbota.top/public/uploads/admin/202602/69862ac4b6550/818015756356/tdata/temp_8513741349.session
[2026-02-19T23:50:56+08:00][info] 返回:{"status":true,"message":"发送完成，成功1个，失败0个[]","data":{"success":[{"group_id":3658905404,"group_link":"https:\/\/t.me\/+wcqRUxDn6zczYmM0","type":"megagroup","message":"发送成功","message_id":10118}],"failed":[],"debug":["处理标识符: https:\/\/t.me\/+wcqRUxDn6zczYmM0, 清理后: https:\/\/t.me\/+wcqRUxDn6zczYmM0, 识别为链接: True, 识别为数字ID: False"],"warning":""},"api_address":"185.165.170.142:5103"}
[2026-02-19T23:50:56+08:00][info] 消息ID缓存成功: task_id=33, group_id=https://t.me/+wcqRUxDn6zczYmM0, msg_index=1535, message_id=10118, send_user_id=2519
[2026-02-19T23:50:56+08:00][info] 消息状态标记为已发送: task_id=33, group_id=https://t.me/+wcqRUxDn6zczYmM0, msg_index=1535
[2026-02-19T23:50:56+08:00][info] 任务 33 将在 79 秒后继续处理下一条消息，索引: 1536, 实例ID: task_33_index_1536_1771516256.6308
[2026-02-19T23:51:01+08:00][info] 开始处理队列任务: task_id=31, current_index=1669
[2026-02-19T23:51:02+08:00][info] 消息缓存初始化完成: task_id=31, groups=https://t.me/+4azhFwWhx1czMzE0
[2026-02-19T23:51:02+08:00][info] 任务 31 第 3 次循环，重置群组 https://t.me/+4azhFwWhx1czMzE0 消息状态
[2026-02-19T23:51:02+08:00][info] 使用当前发送用户 2372 的 session_path/www/wwwroot/tdata.tgbota.top/public/uploads/admin/202601/6971e94ea480a/16077062896/tdata/temp_8463172201.session
[2026-02-19T23:51:05+08:00][info] 返回:{"status":true,"message":"发送完成，成功1个，失败0个[]","data":{"success":[{"group_id":3079998653,"group_link":"https:\/\/t.me\/+4azhFwWhx1czMzE0","type":"megagroup","message":"发送成功","message_id":14522}],"failed":[],"debug":["处理标识符: https:\/\/t.me\/+4azhFwWhx1czMzE0, 清理后: https:\/\/t.me\/+4azhFwWhx1czMzE0, 识别为链接: True, 识别为数字ID: False"],"warning":""},"api_address":"185.165.170.142:5107"}
[2026-02-19T23:51:05+08:00][info] 消息ID缓存成功: task_id=31, group_id=https://t.me/+4azhFwWhx1czMzE0, msg_index=1669, message_id=14522, send_user_id=2372
[2026-02-19T23:51:05+08:00][info] 消息状态标记为已发送: task_id=31, group_id=https://t.me/+4azhFwWhx1czMzE0, msg_index=1669
[2026-02-19T23:51:05+08:00][info] 任务 31 将在 88 秒后继续处理下一条消息，索引: 1670, 实例ID: task_31_index_1670_1771516265.3552
[2026-02-19T23:51:13+08:00][info] 开始处理队列任务: task_id=39, current_index=388
[2026-02-19T23:51:13+08:00][info] 开始处理队列任务: task_id=36, current_index=1700
[2026-02-19T23:51:14+08:00][info] 使用消息配置中指定的用户 3162 的 session_path/www/wwwroot/tdata.tgbota.top/public/uploads/admin/202602/699625adf380f/14708262396/tdata/temp_8533806777.session
[2026-02-19T23:51:14+08:00][info] 消息缓存初始化完成: task_id=36, groups=https://t.me/+o12qlRNkdiViMjE0
[2026-02-19T23:51:14+08:00][info] 任务 36 第 3 次循环，重置群组 https://t.me/+o12qlRNkdiViMjE0 消息状态
[2026-02-19T23:51:14+08:00][info] 使用消息配置中指定的用户 2494 的 session_path/www/wwwroot/tdata.tgbota.top/public/uploads/admin/202602/69862ac4b6550/818015259108/tdata/temp_8419390491.session
[2026-02-19T23:51:16+08:00][info] 返回:{"status":true,"message":"发送完成，成功1个，失败0个[]","data":{"success":[{"group_id":3479387283,"group_link":"https:\/\/t.me\/+o12qlRNkdiViMjE0","type":"megagroup","message":"发送成功","message_id":10345}],"failed":[],"debug":["处理标识符: https:\/\/t.me\/+o12qlRNkdiViMjE0, 清理后: https:\/\/t.me\/+o12qlRNkdiViMjE0, 识别为链接: True, 识别为数字ID: False"],"warning":""},"api_address":"185.165.170.142:5078"}
[2026-02-19T23:51:16+08:00][info] 消息ID缓存成功: task_id=36, group_id=https://t.me/+o12qlRNkdiViMjE0, msg_index=1700, message_id=10345, send_user_id=2494
[2026-02-19T23:51:16+08:00][info] 消息状态标记为已发送: task_id=36, group_id=https://t.me/+o12qlRNkdiViMjE0, msg_index=1700
[2026-02-19T23:51:16+08:00][info] 任务 36 将在 107 秒后继续处理下一条消息，索引: 1701, 实例ID: task_36_index_1701_1771516276.2522
[2026-02-19T23:51:16+08:00][info] 返回:{"status":true,"message":"发送完成，成功1个，失败0个[]","data":{"success":[{"group_id":3770869551,"group_link":"https:\/\/t.me\/+ZpSvBhFQCCEwMzdk","type":"megagroup","message":"发送成功","message_id":544}],"failed":[],"debug":["处理标识符: https:\/\/t.me\/+ZpSvBhFQCCEwMzdk, 清理后: https:\/\/t.me\/+ZpSvBhFQCCEwMzdk, 识别为链接: True, 识别为数字ID: False"],"warning":""},"api_address":"185.165.170.142:5027"}
[2026-02-19T23:51:16+08:00][info] 消息ID缓存成功: task_id=39, group_id=https://t.me/+ZpSvBhFQCCEwMzdk, msg_index=388, message_id=544, send_user_id=3162
[2026-02-19T23:51:16+08:00][info] 消息状态标记为已发送: task_id=39, group_id=https://t.me/+ZpSvBhFQCCEwMzdk, msg_index=388
[2026-02-19T23:51:17+08:00][info] 任务 39 将在 85 秒后继续处理下一条消息，索引: 389, 实例ID: task_39_index_389_1771516277.8534
[2026-02-19T23:51:19+08:00][info] 开始处理队列任务: task_id=28, current_index=1668
[2026-02-19T23:51:19+08:00][info] 消息缓存初始化完成: task_id=28, groups=https://t.me/+Hg62NsrbOCZmZmY8
[2026-02-19T23:51:19+08:00][info] 任务 28 第 3 次循环，重置群组 https://t.me/+Hg62NsrbOCZmZmY8 消息状态
[2026-02-19T23:51:19+08:00][info] 使用当前发送用户 2372 的 session_path/www/wwwroot/tdata.tgbota.top/public/uploads/admin/202601/6971e94ea480a/16077062896/tdata/temp_8463172201.session
[2026-02-19T23:51:22+08:00][info] 返回:{"status":true,"message":"发送完成，成功1个，失败0个[]","data":{"success":[{"group_id":3657218256,"group_link":"https:\/\/t.me\/+Hg62NsrbOCZmZmY8","type":"megagroup","message":"发送成功","message_id":21699}],"failed":[],"debug":["处理标识符: https:\/\/t.me\/+Hg62NsrbOCZmZmY8, 清理后: https:\/\/t.me\/+Hg62NsrbOCZmZmY8, 识别为链接: True, 识别为数字ID: False"],"warning":""},"api_address":"185.165.170.142:5107"}
[2026-02-19T23:51:22+08:00][info] 消息ID缓存成功: task_id=28, group_id=https://t.me/+Hg62NsrbOCZmZmY8, msg_index=1668, message_id=21699, send_user_id=2372
[2026-02-19T23:51:22+08:00][info] 消息状态标记为已发送: task_id=28, group_id=https://t.me/+Hg62NsrbOCZmZmY8, msg_index=1668
[2026-02-19T23:51:22+08:00][info] 任务 28 将在 65 秒后继续处理下一条消息，索引: 1669, 实例ID: task_28_index_1669_1771516282.0522
[2026-02-19T23:51:28+08:00][info] 开始处理队列任务: task_id=35, current_index=1749
[2026-02-19T23:51:28+08:00][info] 消息缓存初始化完成: task_id=35, groups=https://t.me/+BrIuI_-gkNhhYTE0
[2026-02-19T23:51:28+08:00][info] 任务 35 第 3 次循环，重置群组 https://t.me/+BrIuI_-gkNhhYTE0 消息状态
[2026-02-19T23:51:28+08:00][info] 使用消息配置中指定的用户 2526 的 session_path/www/wwwroot/tdata.tgbota.top/public/uploads/admin/202602/69862ac4b6550/818015751985/tdata/temp_8202737758.session
[2026-02-19T23:51:29+08:00][info] 开始处理队列任务: task_id=34, current_index=1536
[2026-02-19T23:51:29+08:00][info] 消息缓存初始化完成: task_id=34, groups=https://t.me/+CUyn8iqnQwEzNDY0
[2026-02-19T23:51:29+08:00][info] 任务 34 第 2 次循环，重置群组 https://t.me/+CUyn8iqnQwEzNDY0 消息状态
[2026-02-19T23:51:29+08:00][info] 使用消息配置中指定的用户 2530 的 session_path/www/wwwroot/tdata.tgbota.top/public/uploads/admin/202602/69862ac4b6550/818014785065/tdata/temp_7986393181.session
[2026-02-19T23:51:30+08:00][info] 返回:{"status":true,"message":"发送完成，成功1个，失败0个[]","data":{"success":[{"group_id":3646934744,"group_link":"https:\/\/t.me\/+BrIuI_-gkNhhYTE0","type":"megagroup","message":"发送成功","message_id":10333}],"failed":[],"debug":["处理标识符: https:\/\/t.me\/+BrIuI_-gkNhhYTE0, 清理后: https:\/\/t.me\/+BrIuI_-gkNhhYTE0, 识别为链接: True, 识别为数字ID: False"],"warning":""},"api_address":"185.165.170.142:5110"}
[2026-02-19T23:51:30+08:00][info] 消息ID缓存成功: task_id=35, group_id=https://t.me/+BrIuI_-gkNhhYTE0, msg_index=1749, message_id=10333, send_user_id=2526
[2026-02-19T23:51:30+08:00][info] 消息状态标记为已发送: task_id=35, group_id=https://t.me/+BrIuI_-gkNhhYTE0, msg_index=1749
[2026-02-19T23:51:30+08:00][info] 任务 35 将在 95 秒后继续处理下一条消息，索引: 1750, 实例ID: task_35_index_1750_1771516290.2816
[2026-02-19T23:51:31+08:00][info] 返回:{"status":true,"message":"发送完成，成功1个，失败0个[]","data":{"success":[{"group_id":3719450736,"group_link":"https:\/\/t.me\/+CUyn8iqnQwEzNDY0","type":"megagroup","message":"发送成功","message_id":10280}],"failed":[],"debug":["处理标识符: https:\/\/t.me\/+CUyn8iqnQwEzNDY0, 清理后: https:\/\/t.me\/+CUyn8iqnQwEzNDY0, 识别为链接: True, 识别为数字ID: False"],"warning":""},"api_address":"185.165.170.142:5114"}
[2026-02-19T23:51:31+08:00][info] 消息ID缓存成功: task_id=34, group_id=https://t.me/+CUyn8iqnQwEzNDY0, msg_index=1536, message_id=10280, send_user_id=2530
[2026-02-19T23:51:31+08:00][info] 消息状态标记为已发送: task_id=34, group_id=https://t.me/+CUyn8iqnQwEzNDY0, msg_index=1536
[2026-02-19T23:51:32+08:00][info] 任务 34 将在 89 秒后继续处理下一条消息，索引: 1537, 实例ID: task_34_index_1537_1771516292.4443
[2026-02-19T23:51:37+08:00][info] 开始处理队列任务: task_id=38, current_index=389
[2026-02-19T23:51:38+08:00][info] 使用消息配置中指定的用户 3159 的 session_path/www/wwwroot/tdata.tgbota.top/public/uploads/admin/202602/699625adf380f/14708738651/tdata/temp_8520822693.session
[2026-02-19T23:51:40+08:00][info] 返回:{"status":true,"message":"发送完成，成功1个，失败0个[]","data":{"success":[{"group_id":3794396962,"group_link":"https:\/\/t.me\/+69dYKDni-wFmYWE0","type":"megagroup","message":"发送成功","message_id":545}],"failed":[],"debug":["处理标识符: https:\/\/t.me\/+69dYKDni-wFmYWE0, 清理后: https:\/\/t.me\/+69dYKDni-wFmYWE0, 识别为链接: True, 识别为数字ID: False"],"warning":""},"api_address":"185.165.170.142:5024"}
[2026-02-19T23:51:40+08:00][info] 消息ID缓存成功: task_id=38, group_id=https://t.me/+69dYKDni-wFmYWE0, msg_index=389, message_id=545, send_user_id=3159
[2026-02-19T23:51:40+08:00][info] 消息状态标记为已发送: task_id=38, group_id=https://t.me/+69dYKDni-wFmYWE0, msg_index=389
[2026-02-19T23:51:40+08:00][info] 任务 38 将在 89 秒后继续处理下一条消息，索引: 390, 实例ID: task_38_index_390_1771516300.5199
[2026-02-19T23:51:47+08:00][info] 开始处理队列任务: task_id=27, current_index=1632
[2026-02-19T23:51:47+08:00][info] 消息缓存初始化完成: task_id=27, groups=https://t.me/+_XaTo9Qrv0VjOTM0
[2026-02-19T23:51:47+08:00][info] 任务 27 第 3 次循环，重置群组 https://t.me/+_XaTo9Qrv0VjOTM0 消息状态
[2026-02-19T23:51:47+08:00][info] 使用消息配置中指定的用户 2333 的 session_path/www/wwwroot/tdata.tgbota.top/public/uploads/admin/202601/6971e94ea480a/16099937945/tdata/temp_8413937240.session
[2026-02-19T23:51:49+08:00][info] 开始处理队列任务: task_id=25, current_index=1663
[2026-02-19T23:51:49+08:00][info] 消息缓存初始化完成: task_id=25, groups=https://t.me/+HZFEhfAwKjhmZDZk
[2026-02-19T23:51:49+08:00][info] 任务 25 第 3 次循环，重置群组 https://t.me/+HZFEhfAwKjhmZDZk 消息状态
[2026-02-19T23:51:49+08:00][info] 使用当前发送用户 1316 的 session_path/www/wwwroot/tdata.tgbota.top/public/uploads/admin/202512/695387359e84b/8615211853935/tdata/temp_8104939574.session
[2026-02-19T23:51:50+08:00][info] 返回:{"status":true,"message":"发送完成，成功1个，失败0个[]","data":{"success":[{"group_id":3649225144,"group_link":"https:\/\/t.me\/+_XaTo9Qrv0VjOTM0","type":"megagroup","message":"发送成功","message_id":33246}],"failed":[],"debug":["处理标识符: https:\/\/t.me\/+_XaTo9Qrv0VjOTM0, 清理后: https:\/\/t.me\/+_XaTo9Qrv0VjOTM0, 识别为链接: True, 识别为数字ID: False"],"warning":""},"api_address":"185.165.170.142:5068"}
[2026-02-19T23:51:50+08:00][info] 消息ID缓存成功: task_id=27, group_id=https://t.me/+_XaTo9Qrv0VjOTM0, msg_index=1632, message_id=33246, send_user_id=2333
[2026-02-19T23:51:50+08:00][info] 消息状态标记为已发送: task_id=27, group_id=https://t.me/+_XaTo9Qrv0VjOTM0, msg_index=1632
[2026-02-19T23:51:50+08:00][info] 任务 27 将在 90 秒后继续处理下一条消息，索引: 1633, 实例ID: task_27_index_1633_1771516310.3301
[2026-02-19T23:51:51+08:00][info] 返回:{"status":true,"message":"发送完成，成功1个，失败0个[]","data":{"success":[{"group_id":3482989339,"group_link":"https:\/\/t.me\/+HZFEhfAwKjhmZDZk","type":"megagroup","message":"发送成功","message_id":30217}],"failed":[],"debug":["处理标识符: https:\/\/t.me\/+HZFEhfAwKjhmZDZk, 清理后: https:\/\/t.me\/+HZFEhfAwKjhmZDZk, 识别为链接: True, 识别为数字ID: False"],"warning":""},"api_address":"185.165.170.142:5108"}
[2026-02-19T23:51:51+08:00][info] 消息ID缓存成功: task_id=25, group_id=https://t.me/+HZFEhfAwKjhmZDZk, msg_index=1663, message_id=30217, send_user_id=1316
[2026-02-19T23:51:51+08:00][info] 消息状态标记为已发送: task_id=25, group_id=https://t.me/+HZFEhfAwKjhmZDZk, msg_index=1663
[2026-02-19T23:51:51+08:00][info] 任务 25 将在 88 秒后继续处理下一条消息，索引: 1664, 实例ID: task_25_index_1664_1771516311.6522
[2026-02-19T23:51:53+08:00][info] 开始处理队列任务: task_id=40, current_index=387
[2026-02-19T23:51:53+08:00][info] 使用消息配置中指定的用户 3162 的 session_path/www/wwwroot/tdata.tgbota.top/public/uploads/admin/202602/699625adf380f/14708262396/tdata/temp_8533806777.session
[2026-02-19T23:51:55+08:00][info] 返回:{"status":true,"message":"发送完成，成功1个，失败0个[]","data":{"success":[{"group_id":3799666589,"group_link":"https:\/\/t.me\/+IfyZ_OVthdI5YzNk","type":"megagroup","message":"发送成功","message_id":544}],"failed":[],"debug":["处理标识符: https:\/\/t.me\/+IfyZ_OVthdI5YzNk, 清理后: https:\/\/t.me\/+IfyZ_OVthdI5YzNk, 识别为链接: True, 识别为数字ID: False"],"warning":""},"api_address":"185.165.170.142:5027"}
[2026-02-19T23:51:55+08:00][info] 消息ID缓存成功: task_id=40, group_id=https://t.me/+IfyZ_OVthdI5YzNk, msg_index=387, message_id=544, send_user_id=3162
[2026-02-19T23:51:55+08:00][info] 消息状态标记为已发送: task_id=40, group_id=https://t.me/+IfyZ_OVthdI5YzNk, msg_index=387
[2026-02-19T23:51:55+08:00][info] 任务 40 将在 80 秒后继续处理下一条消息，索引: 388, 实例ID: task_40_index_388_1771516315.9298
[2026-02-19T23:51:57+08:00][info] 开始处理队列任务: task_id=37, current_index=1737
[2026-02-19T23:51:57+08:00][info] 消息缓存初始化完成: task_id=37, groups=https://t.me/+DUAGbZI5vW41NWI8
[2026-02-19T23:51:57+08:00][info] 任务 37 第 3 次循环，重置群组 https://t.me/+DUAGbZI5vW41NWI8 消息状态
[2026-02-19T23:51:57+08:00][info] 使用消息配置中指定的用户 2538 的 session_path/www/wwwroot/tdata.tgbota.top/public/uploads/admin/202602/69862ac4b6550/818013400546/tdata/temp_8527955461.session
[2026-02-19T23:51:59+08:00][info] 返回:{"status":true,"message":"发送完成，成功1个，失败0个[]","data":{"success":[{"group_id":3732578862,"group_link":"https:\/\/t.me\/+DUAGbZI5vW41NWI8","type":"megagroup","message":"发送成功","message_id":8511}],"failed":[],"debug":["处理标识符: https:\/\/t.me\/+DUAGbZI5vW41NWI8, 清理后: https:\/\/t.me\/+DUAGbZI5vW41NWI8, 识别为链接: True, 识别为数字ID: False"],"warning":""},"api_address":"185.165.170.142:5122"}
[2026-02-19T23:51:59+08:00][info] 消息ID缓存成功: task_id=37, group_id=https://t.me/+DUAGbZI5vW41NWI8, msg_index=1737, message_id=8511, send_user_id=2538
[2026-02-19T23:51:59+08:00][info] 消息状态标记为已发送: task_id=37, group_id=https://t.me/+DUAGbZI5vW41NWI8, msg_index=1737
[2026-02-19T23:51:59+08:00][info] 任务 37 将在 78 秒后继续处理下一条消息，索引: 1738, 实例ID: task_37_index_1738_1771516319.2632
[2026-02-19T23:52:14+08:00][info] 开始处理队列任务: task_id=29, current_index=1664
[2026-02-19T23:52:14+08:00][info] 消息缓存初始化完成: task_id=29, groups=https://t.me/+WZlsKfz1W89jYjE0
[2026-02-19T23:52:14+08:00][info] 任务 29 第 3 次循环，重置群组 https://t.me/+WZlsKfz1W89jYjE0 消息状态
[2026-02-19T23:52:14+08:00][info] 使用消息配置中指定的用户 2385 的 session_path/www/wwwroot/tdata.tgbota.top/public/uploads/admin/202601/6971e94ea480a/16087065323/tdata/temp_8279366479.session
[2026-02-19T23:52:15+08:00][info] 开始处理队列任务: task_id=33, current_index=1536
[2026-02-19T23:52:15+08:00][info] 消息缓存初始化完成: task_id=33, groups=https://t.me/+wcqRUxDn6zczYmM0
[2026-02-19T23:52:15+08:00][info] 任务 33 第 2 次循环，重置群组 https://t.me/+wcqRUxDn6zczYmM0 消息状态
[2026-02-19T23:52:15+08:00][info] 使用消息配置中指定的用户 2530 的 session_path/www/wwwroot/tdata.tgbota.top/public/uploads/admin/202602/69862ac4b6550/818014785065/tdata/temp_7986393181.session
[2026-02-19T23:52:17+08:00][info] 返回:{"status":true,"message":"发送完成，成功1个，失败0个[]","data":{"success":[{"group_id":3780502866,"group_link":"https:\/\/t.me\/+WZlsKfz1W89jYjE0","type":"megagroup","message":"发送成功","message_id":21758}],"failed":[],"debug":["处理标识符: https:\/\/t.me\/+WZlsKfz1W89jYjE0, 清理后: https:\/\/t.me\/+WZlsKfz1W89jYjE0, 识别为链接: True, 识别为数字ID: False"],"warning":""},"api_address":"185.165.170.142:5120"}
[2026-02-19T23:52:17+08:00][info] 消息ID缓存成功: task_id=29, group_id=https://t.me/+WZlsKfz1W89jYjE0, msg_index=1664, message_id=21758, send_user_id=2385
[2026-02-19T23:52:17+08:00][info] 消息状态标记为已发送: task_id=29, group_id=https://t.me/+WZlsKfz1W89jYjE0, msg_index=1664
[2026-02-19T23:52:17+08:00][info] 任务 29 将在 100 秒后继续处理下一条消息，索引: 1665, 实例ID: task_29_index_1665_1771516337.0546
[2026-02-19T23:52:17+08:00][info] 返回:{"status":true,"message":"发送完成，成功1个，失败0个[]","data":{"success":[{"group_id":3658905404,"group_link":"https:\/\/t.me\/+wcqRUxDn6zczYmM0","type":"megagroup","message":"发送成功","message_id":10119}],"failed":[],"debug":["处理标识符: https:\/\/t.me\/+wcqRUxDn6zczYmM0, 清理后: https:\/\/t.me\/+wcqRUxDn6zczYmM0, 识别为链接: True, 识别为数字ID: False"],"warning":""},"api_address":"185.165.170.142:5114"}
[2026-02-19T23:52:17+08:00][info] 消息ID缓存成功: task_id=33, group_id=https://t.me/+wcqRUxDn6zczYmM0, msg_index=1536, message_id=10119, send_user_id=2530
[2026-02-19T23:52:17+08:00][info] 消息状态标记为已发送: task_id=33, group_id=https://t.me/+wcqRUxDn6zczYmM0, msg_index=1536
[2026-02-19T23:52:17+08:00][info] 任务 33 将在 89 秒后继续处理下一条消息，索引: 1537, 实例ID: task_33_index_1537_1771516337.7484
[2026-02-19T23:52:27+08:00][info] 开始处理队列任务: task_id=28, current_index=1669
[2026-02-19T23:52:27+08:00][info] 消息缓存初始化完成: task_id=28, groups=https://t.me/+Hg62NsrbOCZmZmY8
[2026-02-19T23:52:27+08:00][info] 任务 28 第 3 次循环，重置群组 https://t.me/+Hg62NsrbOCZmZmY8 消息状态
[2026-02-19T23:52:27+08:00][info] 使用当前发送用户 2372 的 session_path/www/wwwroot/tdata.tgbota.top/public/uploads/admin/202601/6971e94ea480a/16077062896/tdata/temp_8463172201.session
[2026-02-19T23:52:30+08:00][info] 返回:{"status":true,"message":"发送完成，成功1个，失败0个[]","data":{"success":[{"group_id":3657218256,"group_link":"https:\/\/t.me\/+Hg62NsrbOCZmZmY8","type":"megagroup","message":"发送成功","message_id":21700}],"failed":[],"debug":["处理标识符: https:\/\/t.me\/+Hg62NsrbOCZmZmY8, 清理后: https:\/\/t.me\/+Hg62NsrbOCZmZmY8, 识别为链接: True, 识别为数字ID: False"],"warning":""},"api_address":"185.165.170.142:5107"}
[2026-02-19T23:52:30+08:00][info] 消息ID缓存成功: task_id=28, group_id=https://t.me/+Hg62NsrbOCZmZmY8, msg_index=1669, message_id=21700, send_user_id=2372
[2026-02-19T23:52:30+08:00][info] 消息状态标记为已发送: task_id=28, group_id=https://t.me/+Hg62NsrbOCZmZmY8, msg_index=1669
[2026-02-19T23:52:30+08:00][info] 任务 28 将在 88 秒后继续处理下一条消息，索引: 1670, 实例ID: task_28_index_1670_1771516350.4706
[2026-02-19T23:52:33+08:00][info] 开始处理队列任务: task_id=31, current_index=1670
[2026-02-19T23:52:33+08:00][info] 消息缓存初始化完成: task_id=31, groups=https://t.me/+4azhFwWhx1czMzE0
[2026-02-19T23:52:33+08:00][info] 任务 31 第 3 次循环，重置群组 https://t.me/+4azhFwWhx1czMzE0 消息状态
[2026-02-19T23:52:33+08:00][info] 从数据库获取用户 2354 的 session_path
[2026-02-19T23:52:36+08:00][info] 返回:{"status":true,"message":"发送完成，成功1个，失败0个[]","data":{"success":[{"group_id":3079998653,"group_link":"https:\/\/t.me\/+4azhFwWhx1czMzE0","type":"megagroup","message":"发送成功","message_id":14523}],"failed":[],"debug":["处理标识符: https:\/\/t.me\/+4azhFwWhx1czMzE0, 清理后: https:\/\/t.me\/+4azhFwWhx1czMzE0, 识别为链接: True, 识别为数字ID: False"],"warning":""},"api_address":"185.165.170.142:5089"}
[2026-02-19T23:52:36+08:00][info] 消息ID缓存成功: task_id=31, group_id=https://t.me/+4azhFwWhx1czMzE0, msg_index=1670, message_id=14523, send_user_id=2354
[2026-02-19T23:52:36+08:00][info] 消息状态标记为已发送: task_id=31, group_id=https://t.me/+4azhFwWhx1czMzE0, msg_index=1670
[2026-02-19T23:52:36+08:00][info] 任务 31 将在 100 秒后继续处理下一条消息，索引: 1671, 实例ID: task_31_index_1671_1771516356.8265
[2026-02-19T23:52:42+08:00][info] 开始处理队列任务: task_id=39, current_index=389
[2026-02-19T23:52:42+08:00][info] 使用消息配置中指定的用户 3159 的 session_path/www/wwwroot/tdata.tgbota.top/public/uploads/admin/202602/699625adf380f/14708738651/tdata/temp_8520822693.session
[2026-02-19T23:52:45+08:00][info] 返回:{"status":true,"message":"发送完成，成功1个，失败0个[]","data":{"success":[{"group_id":3770869551,"group_link":"https:\/\/t.me\/+ZpSvBhFQCCEwMzdk","type":"megagroup","message":"发送成功","message_id":545}],"failed":[],"debug":["处理标识符: https:\/\/t.me\/+ZpSvBhFQCCEwMzdk, 清理后: https:\/\/t.me\/+ZpSvBhFQCCEwMzdk, 识别为链接: True, 识别为数字ID: False"],"warning":""},"api_address":"185.165.170.142:5024"}
[2026-02-19T23:52:45+08:00][info] 消息ID缓存成功: task_id=39, group_id=https://t.me/+ZpSvBhFQCCEwMzdk, msg_index=389, message_id=545, send_user_id=3159
[2026-02-19T23:52:45+08:00][info] 消息状态标记为已发送: task_id=39, group_id=https://t.me/+ZpSvBhFQCCEwMzdk, msg_index=389
[2026-02-19T23:52:45+08:00][info] 任务 39 将在 89 秒后继续处理下一条消息，索引: 390, 实例ID: task_39_index_390_1771516365.3901
[2026-02-19T23:53:01+08:00][info] 开始处理队列任务: task_id=34, current_index=1537
[2026-02-19T23:53:02+08:00][info] 消息缓存初始化完成: task_id=34, groups=https://t.me/+CUyn8iqnQwEzNDY0
[2026-02-19T23:53:02+08:00][info] 任务 34 第 2 次循环，重置群组 https://t.me/+CUyn8iqnQwEzNDY0 消息状态
[2026-02-19T23:53:02+08:00][info] 使用消息配置中指定的用户 2543 的 session_path/www/wwwroot/tdata.tgbota.top/public/uploads/admin/202602/69862ac4b6550/817044999396/tdata/temp_8280985047.session
[2026-02-19T23:53:03+08:00][info] 开始处理队列任务: task_id=36, current_index=1701
[2026-02-19T23:53:03+08:00][info] 消息缓存初始化完成: task_id=36, groups=https://t.me/+o12qlRNkdiViMjE0
[2026-02-19T23:53:03+08:00][info] 任务 36 第 3 次循环，重置群组 https://t.me/+o12qlRNkdiViMjE0 消息状态
[2026-02-19T23:53:03+08:00][info] 使用消息配置中指定的用户 2413 的 session_path/www/wwwroot/tdata.tgbota.top/public/uploads/admin/202602/69862ac4b6550/818010974456/tdata/temp_8406035094.session
[2026-02-19T23:53:04+08:00][info] 返回:{"status":true,"message":"发送完成，成功1个，失败0个[]","data":{"success":[{"group_id":3719450736,"group_link":"https:\/\/t.me\/+CUyn8iqnQwEzNDY0","type":"megagroup","message":"发送成功","message_id":10281}],"failed":[],"debug":["处理标识符: https:\/\/t.me\/+CUyn8iqnQwEzNDY0, 清理后: https:\/\/t.me\/+CUyn8iqnQwEzNDY0, 识别为链接: True, 识别为数字ID: False"],"warning":""},"api_address":"185.165.170.142:5127"}
[2026-02-19T23:53:04+08:00][info] 消息ID缓存成功: task_id=34, group_id=https://t.me/+CUyn8iqnQwEzNDY0, msg_index=1537, message_id=10281, send_user_id=2543
[2026-02-19T23:53:04+08:00][info] 消息状态标记为已发送: task_id=34, group_id=https://t.me/+CUyn8iqnQwEzNDY0, msg_index=1537
[2026-02-19T23:53:04+08:00][info] 任务 34 将在 99 秒后继续处理下一条消息，索引: 1538, 实例ID: task_34_index_1538_1771516384.0695
[2026-02-19T23:53:05+08:00][info] 开始处理队列任务: task_id=35, current_index=1750
[2026-02-19T23:53:05+08:00][info] 返回:{"status":true,"message":"发送完成，成功1个，失败0个[]","data":{"success":[{"group_id":3479387283,"group_link":"https:\/\/t.me\/+o12qlRNkdiViMjE0","type":"megagroup","message":"发送成功","message_id":10346}],"failed":[],"debug":["处理标识符: https:\/\/t.me\/+o12qlRNkdiViMjE0, 清理后: https:\/\/t.me\/+o12qlRNkdiViMjE0, 识别为链接: True, 识别为数字ID: False"],"warning":""},"api_address":"185.165.170.142:5148"}
[2026-02-19T23:53:05+08:00][info] 消息ID缓存成功: task_id=36, group_id=https://t.me/+o12qlRNkdiViMjE0, msg_index=1701, message_id=10346, send_user_id=2413
[2026-02-19T23:53:05+08:00][info] 消息状态标记为已发送: task_id=36, group_id=https://t.me/+o12qlRNkdiViMjE0, msg_index=1701
[2026-02-19T23:53:05+08:00][info] 消息缓存初始化完成: task_id=35, groups=https://t.me/+BrIuI_-gkNhhYTE0
[2026-02-19T23:53:05+08:00][info] 任务 35 第 3 次循环，重置群组 https://t.me/+BrIuI_-gkNhhYTE0 消息状态
[2026-02-19T23:53:05+08:00][info] 使用消息配置中指定的用户 2525 的 session_path/www/wwwroot/tdata.tgbota.top/public/uploads/admin/202602/69862ac4b6550/818011908239/tdata/temp_8427866126.session
[2026-02-19T23:53:06+08:00][info] 任务 36 将在 88 秒后继续处理下一条消息，索引: 1702, 实例ID: task_36_index_1702_1771516386.0939
[2026-02-19T23:53:08+08:00][info] 返回:{"status":true,"message":"发送完成，成功1个，失败0个[]","data":{"success":[{"group_id":3646934744,"group_link":"https:\/\/t.me\/+BrIuI_-gkNhhYTE0","type":"megagroup","message":"发送成功","message_id":10334}],"failed":[],"debug":["处理标识符: https:\/\/t.me\/+BrIuI_-gkNhhYTE0, 清理后: https:\/\/t.me\/+BrIuI_-gkNhhYTE0, 识别为链接: True, 识别为数字ID: False"],"warning":""},"api_address":"185.165.170.142:5008"}
[2026-02-19T23:53:08+08:00][info] 消息ID缓存成功: task_id=35, group_id=https://t.me/+BrIuI_-gkNhhYTE0, msg_index=1750, message_id=10334, send_user_id=2525
[2026-02-19T23:53:08+08:00][info] 消息状态标记为已发送: task_id=35, group_id=https://t.me/+BrIuI_-gkNhhYTE0, msg_index=1750
[2026-02-19T23:53:08+08:00][info] 任务 35 将在 70 秒后继续处理下一条消息，索引: 1751, 实例ID: task_35_index_1751_1771516388.0593
[2026-02-19T23:53:09+08:00][info] 开始处理队列任务: task_id=38, current_index=390
[2026-02-19T23:53:09+08:00][info] 使用消息配置中指定的用户 3158 的 session_path/www/wwwroot/tdata.tgbota.top/public/uploads/admin/202602/699625adf380f/14642493583/tdata/temp_8526062660.session
[2026-02-19T23:53:12+08:00][info] 返回:{"status":true,"message":"发送完成，成功1个，失败0个[]","data":{"success":[{"group_id":3794396962,"group_link":"https:\/\/t.me\/+69dYKDni-wFmYWE0","type":"megagroup","message":"发送成功","message_id":546}],"failed":[],"debug":["处理标识符: https:\/\/t.me\/+69dYKDni-wFmYWE0, 清理后: https:\/\/t.me\/+69dYKDni-wFmYWE0, 识别为链接: True, 识别为数字ID: False"],"warning":""},"api_address":"185.165.170.142:5023"}
[2026-02-19T23:53:12+08:00][info] 消息ID缓存成功: task_id=38, group_id=https://t.me/+69dYKDni-wFmYWE0, msg_index=390, message_id=546, send_user_id=3158
[2026-02-19T23:53:12+08:00][info] 消息状态标记为已发送: task_id=38, group_id=https://t.me/+69dYKDni-wFmYWE0, msg_index=390
[2026-02-19T23:53:12+08:00][info] 任务 38 将在 92 秒后继续处理下一条消息，索引: 391, 实例ID: task_38_index_391_1771516392.1878
[2026-02-19T23:53:15+08:00][info] 开始处理队列任务: task_id=40, current_index=388
[2026-02-19T23:53:15+08:00][info] 使用消息配置中指定的用户 3162 的 session_path/www/wwwroot/tdata.tgbota.top/public/uploads/admin/202602/699625adf380f/14708262396/tdata/temp_8533806777.session
[2026-02-19T23:53:17+08:00][info] 开始处理队列任务: task_id=37, current_index=1738
[2026-02-19T23:53:17+08:00][info] 消息缓存初始化完成: task_id=37, groups=https://t.me/+DUAGbZI5vW41NWI8
[2026-02-19T23:53:17+08:00][info] 任务 37 第 3 次循环，重置群组 https://t.me/+DUAGbZI5vW41NWI8 消息状态
[2026-02-19T23:53:17+08:00][info] 使用feedbackType=1738的消息ID: 8511
[2026-02-19T23:53:17+08:00][info] 使用消息配置中指定的用户 2536 的 session_path/www/wwwroot/tdata.tgbota.top/public/uploads/admin/202602/69862ac4b6550/817044453819/tdata/temp_8437626552.session
[2026-02-19T23:53:17+08:00][info] 返回:{"status":true,"message":"发送完成，成功1个，失败0个[]","data":{"success":[{"group_id":3799666589,"group_link":"https:\/\/t.me\/+IfyZ_OVthdI5YzNk","type":"megagroup","message":"发送成功","message_id":545}],"failed":[],"debug":["处理标识符: https:\/\/t.me\/+IfyZ_OVthdI5YzNk, 清理后: https:\/\/t.me\/+IfyZ_OVthdI5YzNk, 识别为链接: True, 识别为数字ID: False"],"warning":""},"api_address":"185.165.170.142:5027"}
[2026-02-19T23:53:17+08:00][info] 消息ID缓存成功: task_id=40, group_id=https://t.me/+IfyZ_OVthdI5YzNk, msg_index=388, message_id=545, send_user_id=3162
[2026-02-19T23:53:17+08:00][info] 消息状态标记为已发送: task_id=40, group_id=https://t.me/+IfyZ_OVthdI5YzNk, msg_index=388
[2026-02-19T23:53:17+08:00][info] 任务 40 将在 85 秒后继续处理下一条消息，索引: 389, 实例ID: task_40_index_389_1771516397.7896
[2026-02-19T23:53:19+08:00][info] 开始处理队列任务: task_id=25, current_index=1664
[2026-02-19T23:53:19+08:00][info] 消息缓存初始化完成: task_id=25, groups=https://t.me/+HZFEhfAwKjhmZDZk
[2026-02-19T23:53:19+08:00][info] 任务 25 第 3 次循环，重置群组 https://t.me/+HZFEhfAwKjhmZDZk 消息状态
[2026-02-19T23:53:19+08:00][info] 使用消息配置中指定的用户 2385 的 session_path/www/wwwroot/tdata.tgbota.top/public/uploads/admin/202601/6971e94ea480a/16087065323/tdata/temp_8279366479.session
[2026-02-19T23:53:19+08:00][info] 返回:{"status":true,"message":"发送完成，成功1个，失败0个[]","data":{"success":[{"group_id":3732578862,"group_link":"https:\/\/t.me\/+DUAGbZI5vW41NWI8","type":"megagroup","message":"发送成功","message_id":8512}],"failed":[],"debug":["处理标识符: https:\/\/t.me\/+DUAGbZI5vW41NWI8, 清理后: https:\/\/t.me\/+DUAGbZI5vW41NWI8, 识别为链接: True, 识别为数字ID: False"],"warning":""},"api_address":"185.165.170.142:5120"}
[2026-02-19T23:53:19+08:00][info] 消息ID缓存成功: task_id=37, group_id=https://t.me/+DUAGbZI5vW41NWI8, msg_index=1738, message_id=8512, send_user_id=2536
[2026-02-19T23:53:19+08:00][info] 消息状态标记为已发送: task_id=37, group_id=https://t.me/+DUAGbZI5vW41NWI8, msg_index=1738
[2026-02-19T23:53:19+08:00][info] 任务 37 将在 98 秒后继续处理下一条消息，索引: 1739, 实例ID: task_37_index_1739_1771516399.6463
[2026-02-19T23:53:20+08:00][info] 开始处理队列任务: task_id=27, current_index=1633
[2026-02-19T23:53:21+08:00][info] 消息缓存初始化完成: task_id=27, groups=https://t.me/+_XaTo9Qrv0VjOTM0
[2026-02-19T23:53:21+08:00][info] 任务 27 第 3 次循环，重置群组 https://t.me/+_XaTo9Qrv0VjOTM0 消息状态
[2026-02-19T23:53:21+08:00][info] 使用消息配置中指定的用户 2321 的 session_path/www/wwwroot/tdata.tgbota.top/public/uploads/admin/202601/6971e94ea480a/16095962724/tdata/temp_8000979247.session
[2026-02-19T23:53:21+08:00][info] 返回:{"status":true,"message":"发送完成，成功1个，失败0个[]","data":{"success":[{"group_id":3482989339,"group_link":"https:\/\/t.me\/+HZFEhfAwKjhmZDZk","type":"megagroup","message":"发送成功","message_id":30218}],"failed":[],"debug":["处理标识符: https:\/\/t.me\/+HZFEhfAwKjhmZDZk, 清理后: https:\/\/t.me\/+HZFEhfAwKjhmZDZk, 识别为链接: True, 识别为数字ID: False"],"warning":""},"api_address":"185.165.170.142:5120"}
[2026-02-19T23:53:21+08:00][info] 消息ID缓存成功: task_id=25, group_id=https://t.me/+HZFEhfAwKjhmZDZk, msg_index=1664, message_id=30218, send_user_id=2385
[2026-02-19T23:53:21+08:00][info] 消息状态标记为已发送: task_id=25, group_id=https://t.me/+HZFEhfAwKjhmZDZk, msg_index=1664
[2026-02-19T23:53:21+08:00][info] 任务 25 将在 100 秒后继续处理下一条消息，索引: 1665, 实例ID: task_25_index_1665_1771516401.8226
[2026-02-19T23:53:24+08:00][info] 返回:{"status":true,"message":"发送完成，成功1个，失败0个[]","data":{"success":[{"group_id":3649225144,"group_link":"https:\/\/t.me\/+_XaTo9Qrv0VjOTM0","type":"megagroup","message":"发送成功","message_id":33247}],"failed":[],"debug":["处理标识符: https:\/\/t.me\/+_XaTo9Qrv0VjOTM0, 清理后: https:\/\/t.me\/+_XaTo9Qrv0VjOTM0, 识别为链接: True, 识别为数字ID: False"],"warning":""},"api_address":"185.165.170.142:5056"}
[2026-02-19T23:53:24+08:00][info] 消息ID缓存成功: task_id=27, group_id=https://t.me/+_XaTo9Qrv0VjOTM0, msg_index=1633, message_id=33247, send_user_id=2321
[2026-02-19T23:53:24+08:00][info] 消息状态标记为已发送: task_id=27, group_id=https://t.me/+_XaTo9Qrv0VjOTM0, msg_index=1633
[2026-02-19T23:53:24+08:00][info] 任务 27 将在 91 秒后继续处理下一条消息，索引: 1634, 实例ID: task_27_index_1634_1771516404.1644
[2026-02-19T23:53:46+08:00][info] 开始处理队列任务: task_id=33, current_index=1537
[2026-02-19T23:53:47+08:00][info] 消息缓存初始化完成: task_id=33, groups=https://t.me/+wcqRUxDn6zczYmM0
[2026-02-19T23:53:47+08:00][info] 任务 33 第 2 次循环，重置群组 https://t.me/+wcqRUxDn6zczYmM0 消息状态
[2026-02-19T23:53:47+08:00][info] 使用消息配置中指定的用户 2543 的 session_path/www/wwwroot/tdata.tgbota.top/public/uploads/admin/202602/69862ac4b6550/817044999396/tdata/temp_8280985047.session
[2026-02-19T23:53:48+08:00][info] 返回:{"status":true,"message":"发送完成，成功1个，失败0个[]","data":{"success":[{"group_id":3658905404,"group_link":"https:\/\/t.me\/+wcqRUxDn6zczYmM0","type":"megagroup","message":"发送成功","message_id":10120}],"failed":[],"debug":["处理标识符: https:\/\/t.me\/+wcqRUxDn6zczYmM0, 清理后: https:\/\/t.me\/+wcqRUxDn6zczYmM0, 识别为链接: True, 识别为数字ID: False"],"warning":""},"api_address":"185.165.170.142:5127"}
[2026-02-19T23:53:48+08:00][info] 消息ID缓存成功: task_id=33, group_id=https://t.me/+wcqRUxDn6zczYmM0, msg_index=1537, message_id=10120, send_user_id=2543
[2026-02-19T23:53:48+08:00][info] 消息状态标记为已发送: task_id=33, group_id=https://t.me/+wcqRUxDn6zczYmM0, msg_index=1537
[2026-02-19T23:53:48+08:00][info] 任务 33 将在 99 秒后继续处理下一条消息，索引: 1538, 实例ID: task_33_index_1538_1771516428.712
[2026-02-19T23:53:57+08:00][info] 开始处理队列任务: task_id=29, current_index=1665
[2026-02-19T23:53:57+08:00][info] 消息缓存初始化完成: task_id=29, groups=https://t.me/+WZlsKfz1W89jYjE0
[2026-02-19T23:53:57+08:00][info] 任务 29 第 3 次循环，重置群组 https://t.me/+WZlsKfz1W89jYjE0 消息状态
[2026-02-19T23:53:57+08:00][info] 使用消息配置中指定的用户 2378 的 session_path/www/wwwroot/tdata.tgbota.top/public/uploads/admin/202601/6971e94ea480a/16073953236/tdata/temp_8224097010.session
[2026-02-19T23:53:59+08:00][info] 开始处理队列任务: task_id=28, current_index=1670
[2026-02-19T23:53:59+08:00][info] 消息缓存初始化完成: task_id=28, groups=https://t.me/+Hg62NsrbOCZmZmY8
[2026-02-19T23:53:59+08:00][info] 任务 28 第 3 次循环，重置群组 https://t.me/+Hg62NsrbOCZmZmY8 消息状态
[2026-02-19T23:53:59+08:00][info] 使用消息配置中指定的用户 2354 的 session_path/www/wwwroot/tdata.tgbota.top/public/uploads/admin/202601/6971e94ea480a/16107448394/tdata/temp_8339026636.session
[2026-02-19T23:54:00+08:00][info] 返回:{"status":true,"message":"发送完成，成功1个，失败0个[]","data":{"success":[{"group_id":3780502866,"group_link":"https:\/\/t.me\/+WZlsKfz1W89jYjE0","type":"megagroup","message":"发送成功","message_id":21759}],"failed":[],"debug":["处理标识符: https:\/\/t.me\/+WZlsKfz1W89jYjE0, 清理后: https:\/\/t.me\/+WZlsKfz1W89jYjE0, 识别为链接: True, 识别为数字ID: False"],"warning":""},"api_address":"185.165.170.142:5113"}
[2026-02-19T23:54:00+08:00][info] 消息ID缓存成功: task_id=29, group_id=https://t.me/+WZlsKfz1W89jYjE0, msg_index=1665, message_id=21759, send_user_id=2378
[2026-02-19T23:54:00+08:00][info] 消息状态标记为已发送: task_id=29, group_id=https://t.me/+WZlsKfz1W89jYjE0, msg_index=1665
[2026-02-19T23:54:00+08:00][info] 任务 29 将在 88 秒后继续处理下一条消息，索引: 1666, 实例ID: task_29_index_1666_1771516440.0322
[2026-02-19T23:54:02+08:00][info] 返回:{"status":true,"message":"发送完成，成功1个，失败0个[]","data":{"success":[{"group_id":3657218256,"group_link":"https:\/\/t.me\/+Hg62NsrbOCZmZmY8","type":"megagroup","message":"发送成功","message_id":21701}],"failed":[],"debug":["处理标识符: https:\/\/t.me\/+Hg62NsrbOCZmZmY8, 清理后: https:\/\/t.me\/+Hg62NsrbOCZmZmY8, 识别为链接: True, 识别为数字ID: False"],"warning":""},"api_address":"185.165.170.142:5089"}
[2026-02-19T23:54:02+08:00][info] 消息ID缓存成功: task_id=28, group_id=https://t.me/+Hg62NsrbOCZmZmY8, msg_index=1670, message_id=21701, send_user_id=2354
[2026-02-19T23:54:02+08:00][info] 消息状态标记为已发送: task_id=28, group_id=https://t.me/+Hg62NsrbOCZmZmY8, msg_index=1670
[2026-02-19T23:54:02+08:00][info] 任务 28 将在 100 秒后继续处理下一条消息，索引: 1671, 实例ID: task_28_index_1671_1771516442.459
[2026-02-19T23:54:14+08:00][info] 开始处理队列任务: task_id=39, current_index=390
[2026-02-19T23:54:14+08:00][info] 使用消息配置中指定的用户 3158 的 session_path/www/wwwroot/tdata.tgbota.top/public/uploads/admin/202602/699625adf380f/14642493583/tdata/temp_8526062660.session
[2026-02-19T23:54:17+08:00][info] 返回:{"status":true,"message":"发送完成，成功1个，失败0个[]","data":{"success":[{"group_id":3770869551,"group_link":"https:\/\/t.me\/+ZpSvBhFQCCEwMzdk","type":"megagroup","message":"发送成功","message_id":546}],"failed":[],"debug":["处理标识符: https:\/\/t.me\/+ZpSvBhFQCCEwMzdk, 清理后: https:\/\/t.me\/+ZpSvBhFQCCEwMzdk, 识别为链接: True, 识别为数字ID: False"],"warning":""},"api_address":"185.165.170.142:5023"}
[2026-02-19T23:54:17+08:00][info] 消息ID缓存成功: task_id=39, group_id=https://t.me/+ZpSvBhFQCCEwMzdk, msg_index=390, message_id=546, send_user_id=3158
[2026-02-19T23:54:17+08:00][info] 消息状态标记为已发送: task_id=39, group_id=https://t.me/+ZpSvBhFQCCEwMzdk, msg_index=390
[2026-02-19T23:54:17+08:00][info] 任务 39 将在 92 秒后继续处理下一条消息，索引: 391, 实例ID: task_39_index_391_1771516457.1191
[2026-02-19T23:54:17+08:00][info] 开始处理队列任务: task_id=31, current_index=1671
[2026-02-19T23:54:17+08:00][info] 消息缓存初始化完成: task_id=31, groups=https://t.me/+4azhFwWhx1czMzE0
[2026-02-19T23:54:17+08:00][info] 任务 31 第 3 次循环，重置群组 https://t.me/+4azhFwWhx1czMzE0 消息状态
[2026-02-19T23:54:17+08:00][info] 使用feedbackType=1670的消息ID: 14522
[2026-02-19T23:54:17+08:00][info] 使用消息配置中指定的用户 2354 的 session_path/www/wwwroot/tdata.tgbota.top/public/uploads/admin/202601/6971e94ea480a/16107448394/tdata/temp_8339026636.session
[2026-02-19T23:54:18+08:00][info] 开始处理队列任务: task_id=35, current_index=1751
[2026-02-19T23:54:18+08:00][info] 消息缓存初始化完成: task_id=35, groups=https://t.me/+BrIuI_-gkNhhYTE0
[2026-02-19T23:54:18+08:00][info] 任务 35 第 3 次循环，重置群组 https://t.me/+BrIuI_-gkNhhYTE0 消息状态
[2026-02-19T23:54:18+08:00][info] 使用feedbackType=1751的消息ID: 10334
[2026-02-19T23:54:18+08:00][info] 使用消息配置中指定的用户 2524 的 session_path/www/wwwroot/tdata.tgbota.top/public/uploads/admin/202602/69862ac4b6550/818015750902/tdata/temp_8303087524.session
[2026-02-19T23:54:20+08:00][info] 返回:{"status":true,"message":"发送完成，成功1个，失败0个[]","data":{"success":[{"group_id":3646934744,"group_link":"https:\/\/t.me\/+BrIuI_-gkNhhYTE0","type":"megagroup","message":"发送成功","message_id":10335}],"failed":[],"debug":["处理标识符: https:\/\/t.me\/+BrIuI_-gkNhhYTE0, 清理后: https:\/\/t.me\/+BrIuI_-gkNhhYTE0, 识别为链接: True, 识别为数字ID: False"],"warning":""},"api_address":"185.165.170.142:5007"}
[2026-02-19T23:54:20+08:00][info] 返回:{"status":true,"message":"发送完成，成功1个，失败0个[]","data":{"success":[{"group_id":3079998653,"group_link":"https:\/\/t.me\/+4azhFwWhx1czMzE0","type":"megagroup","message":"发送成功","message_id":14524}],"failed":[],"debug":["处理标识符: https:\/\/t.me\/+4azhFwWhx1czMzE0, 清理后: https:\/\/t.me\/+4azhFwWhx1czMzE0, 识别为链接: True, 识别为数字ID: False"],"warning":""},"api_address":"185.165.170.142:5089"}
[2026-02-19T23:54:20+08:00][info] 消息ID缓存成功: task_id=35, group_id=https://t.me/+BrIuI_-gkNhhYTE0, msg_index=1751, message_id=10335, send_user_id=2524
[2026-02-19T23:54:20+08:00][info] 消息状态标记为已发送: task_id=35, group_id=https://t.me/+BrIuI_-gkNhhYTE0, msg_index=1751
[2026-02-19T23:54:20+08:00][info] 消息ID缓存成功: task_id=31, group_id=https://t.me/+4azhFwWhx1czMzE0, msg_index=1671, message_id=14524, send_user_id=2354
[2026-02-19T23:54:20+08:00][info] 消息状态标记为已发送: task_id=31, group_id=https://t.me/+4azhFwWhx1czMzE0, msg_index=1671
[2026-02-19T23:54:20+08:00][info] 任务 31 将在 118 秒后继续处理下一条消息，索引: 1672, 实例ID: task_31_index_1672_1771516460.4751
[2026-02-19T23:54:20+08:00][info] 任务 35 将在 80 秒后继续处理下一条消息，索引: 1752, 实例ID: task_35_index_1752_1771516460.4785
[2026-02-19T23:54:35+08:00][info] 开始处理队列任务: task_id=36, current_index=1702
[2026-02-19T23:54:35+08:00][info] 消息缓存初始化完成: task_id=36, groups=https://t.me/+o12qlRNkdiViMjE0
[2026-02-19T23:54:35+08:00][info] 任务 36 第 3 次循环，重置群组 https://t.me/+o12qlRNkdiViMjE0 消息状态
[2026-02-19T23:54:35+08:00][info] 使用消息配置中指定的用户 2413 的 session_path/www/wwwroot/tdata.tgbota.top/public/uploads/admin/202602/69862ac4b6550/818010974456/tdata/temp_8406035094.session
[2026-02-19T23:54:37+08:00][info] 返回:{"status":true,"message":"发送完成，成功1个，失败0个[]","data":{"success":[{"group_id":3479387283,"group_link":"https:\/\/t.me\/+o12qlRNkdiViMjE0","type":"megagroup","message":"发送成功","message_id":10347}],"failed":[],"debug":["处理标识符: https:\/\/t.me\/+o12qlRNkdiViMjE0, 清理后: https:\/\/t.me\/+o12qlRNkdiViMjE0, 识别为链接: True, 识别为数字ID: False"],"warning":""},"api_address":"185.165.170.142:5148"}
[2026-02-19T23:54:37+08:00][info] 消息ID缓存成功: task_id=36, group_id=https://t.me/+o12qlRNkdiViMjE0, msg_index=1702, message_id=10347, send_user_id=2413
[2026-02-19T23:54:37+08:00][info] 消息状态标记为已发送: task_id=36, group_id=https://t.me/+o12qlRNkdiViMjE0, msg_index=1702
[2026-02-19T23:54:37+08:00][info] 任务 36 将在 80 秒后继续处理下一条消息，索引: 1703, 实例ID: task_36_index_1703_1771516477.7114
[2026-02-19T23:54:42+08:00][info] 开始处理队列任务: task_id=40, current_index=389
[2026-02-19T23:54:42+08:00][info] 使用消息配置中指定的用户 3159 的 session_path/www/wwwroot/tdata.tgbota.top/public/uploads/admin/202602/699625adf380f/14708738651/tdata/temp_8520822693.session
[2026-02-19T23:54:43+08:00][info] 开始处理队列任务: task_id=34, current_index=1538
[2026-02-19T23:54:43+08:00][info] 消息缓存初始化完成: task_id=34, groups=https://t.me/+CUyn8iqnQwEzNDY0
[2026-02-19T23:54:43+08:00][info] 任务 34 第 2 次循环，重置群组 https://t.me/+CUyn8iqnQwEzNDY0 消息状态
[2026-02-19T23:54:44+08:00][info] 使用feedbackType=1537的消息ID: 10280
[2026-02-19T23:54:44+08:00][info] 使用消息配置中指定的用户 2553 的 session_path/www/wwwroot/tdata.tgbota.top/public/uploads/admin/202602/69862ac4b6550/818011908355/tdata/temp_8242859598.session
[2026-02-19T23:54:44+08:00][info] 开始处理队列任务: task_id=38, current_index=391
[2026-02-19T23:54:44+08:00][info] 使用feedbackType=391的消息ID: 546
[2026-02-19T23:54:44+08:00][info] 使用消息配置中指定的用户 3157 的 session_path/www/wwwroot/tdata.tgbota.top/public/uploads/admin/202602/699625adf380f/14696352311/tdata/temp_8581681678.session
[2026-02-19T23:54:45+08:00][info] 返回:{"status":true,"message":"发送完成，成功1个，失败0个[]","data":{"success":[{"group_id":3799666589,"group_link":"https:\/\/t.me\/+IfyZ_OVthdI5YzNk","type":"megagroup","message":"发送成功","message_id":546}],"failed":[],"debug":["处理标识符: https:\/\/t.me\/+IfyZ_OVthdI5YzNk, 清理后: https:\/\/t.me\/+IfyZ_OVthdI5YzNk, 识别为链接: True, 识别为数字ID: False"],"warning":""},"api_address":"185.165.170.142:5024"}
[2026-02-19T23:54:45+08:00][info] 消息ID缓存成功: task_id=40, group_id=https://t.me/+IfyZ_OVthdI5YzNk, msg_index=389, message_id=546, send_user_id=3159
[2026-02-19T23:54:45+08:00][info] 消息状态标记为已发送: task_id=40, group_id=https://t.me/+IfyZ_OVthdI5YzNk, msg_index=389
[2026-02-19T23:54:45+08:00][info] 任务 40 将在 89 秒后继续处理下一条消息，索引: 390, 实例ID: task_40_index_390_1771516485.3554
[2026-02-19T23:54:47+08:00][info] 返回:{"status":true,"message":"发送完成，成功1个，失败0个[]","data":{"success":[{"group_id":3794396962,"group_link":"https:\/\/t.me\/+69dYKDni-wFmYWE0","type":"megagroup","message":"发送成功","message_id":547}],"failed":[],"debug":["处理标识符: https:\/\/t.me\/+69dYKDni-wFmYWE0, 清理后: https:\/\/t.me\/+69dYKDni-wFmYWE0, 识别为链接: True, 识别为数字ID: False"],"warning":""},"api_address":"185.165.170.142:5022"}
[2026-02-19T23:54:47+08:00][info] 消息ID缓存成功: task_id=38, group_id=https://t.me/+69dYKDni-wFmYWE0, msg_index=391, message_id=547, send_user_id=3157
[2026-02-19T23:54:47+08:00][info] 消息状态标记为已发送: task_id=38, group_id=https://t.me/+69dYKDni-wFmYWE0, msg_index=391
[2026-02-19T23:54:47+08:00][info] 任务 38 将在 103 秒后继续处理下一条消息，索引: 392, 实例ID: task_38_index_392_1771516487.5159
[2026-02-19T23:54:48+08:00][info] 返回:{"status":true,"message":"发送完成，成功1个，失败0个[]","data":{"success":[{"group_id":3719450736,"group_link":"https:\/\/t.me\/+CUyn8iqnQwEzNDY0","type":"megagroup","message":"发送成功","message_id":10282}],"failed":[],"debug":["处理标识符: https:\/\/t.me\/+CUyn8iqnQwEzNDY0, 清理后: https:\/\/t.me\/+CUyn8iqnQwEzNDY0, 识别为链接: True, 识别为数字ID: False"],"warning":""},"api_address":"185.165.170.142:5137"}
[2026-02-19T23:54:48+08:00][info] 消息ID缓存成功: task_id=34, group_id=https://t.me/+CUyn8iqnQwEzNDY0, msg_index=1538, message_id=10282, send_user_id=2553
[2026-02-19T23:54:48+08:00][info] 消息状态标记为已发送: task_id=34, group_id=https://t.me/+CUyn8iqnQwEzNDY0, msg_index=1538
[2026-02-19T23:54:49+08:00][info] 任务 34 将在 103 秒后继续处理下一条消息，索引: 1539, 实例ID: task_34_index_1539_1771516489.001
[2026-02-19T23:54:55+08:00][info] 开始处理队列任务: task_id=27, current_index=1634
[2026-02-19T23:54:55+08:00][info] 消息缓存初始化完成: task_id=27, groups=https://t.me/+_XaTo9Qrv0VjOTM0
[2026-02-19T23:54:55+08:00][info] 任务 27 第 3 次循环，重置群组 https://t.me/+_XaTo9Qrv0VjOTM0 消息状态
[2026-02-19T23:54:55+08:00][info] 使用消息配置中指定的用户 2314 的 session_path/www/wwwroot/tdata.tgbota.top/public/uploads/admin/202601/6971e94ea480a/16095962673/tdata/temp_8022478339.session
[2026-02-19T23:54:57+08:00][info] 开始处理队列任务: task_id=37, current_index=1739
[2026-02-19T23:54:57+08:00][info] 消息缓存初始化完成: task_id=37, groups=https://t.me/+DUAGbZI5vW41NWI8
[2026-02-19T23:54:57+08:00][info] 任务 37 第 3 次循环，重置群组 https://t.me/+DUAGbZI5vW41NWI8 消息状态
[2026-02-19T23:54:57+08:00][info] 使用消息配置中指定的用户 2535 的 session_path/www/wwwroot/tdata.tgbota.top/public/uploads/admin/202602/69862ac4b6550/818014590235/tdata/temp_8336493850.session
[2026-02-19T23:54:58+08:00][info] 返回:{"status":true,"message":"发送完成，成功1个，失败0个[]","data":{"success":[{"group_id":3649225144,"group_link":"https:\/\/t.me\/+_XaTo9Qrv0VjOTM0","type":"megagroup","message":"发送成功","message_id":33248}],"failed":[],"debug":["处理标识符: https:\/\/t.me\/+_XaTo9Qrv0VjOTM0, 清理后: https:\/\/t.me\/+_XaTo9Qrv0VjOTM0, 识别为链接: True, 识别为数字ID: False"],"warning":""},"api_address":"185.165.170.142:5049"}
[2026-02-19T23:54:58+08:00][info] 消息ID缓存成功: task_id=27, group_id=https://t.me/+_XaTo9Qrv0VjOTM0, msg_index=1634, message_id=33248, send_user_id=2314
[2026-02-19T23:54:58+08:00][info] 消息状态标记为已发送: task_id=27, group_id=https://t.me/+_XaTo9Qrv0VjOTM0, msg_index=1634
[2026-02-19T23:54:58+08:00][info] 任务 27 将在 103 秒后继续处理下一条消息，索引: 1635, 实例ID: task_27_index_1635_1771516498.2679
[2026-02-19T23:55:00+08:00][info] 返回:{"status":true,"message":"发送完成，成功1个，失败0个[]","data":{"success":[{"group_id":3732578862,"group_link":"https:\/\/t.me\/+DUAGbZI5vW41NWI8","type":"megagroup","message":"发送成功","message_id":8513}],"failed":[],"debug":["处理标识符: https:\/\/t.me\/+DUAGbZI5vW41NWI8, 清理后: https:\/\/t.me\/+DUAGbZI5vW41NWI8, 识别为链接: True, 识别为数字ID: False"],"warning":""},"api_address":"185.165.170.142:5119"}
[2026-02-19T23:55:00+08:00][info] 消息ID缓存成功: task_id=37, group_id=https://t.me/+DUAGbZI5vW41NWI8, msg_index=1739, message_id=8513, send_user_id=2535
[2026-02-19T23:55:00+08:00][info] 消息状态标记为已发送: task_id=37, group_id=https://t.me/+DUAGbZI5vW41NWI8, msg_index=1739
[2026-02-19T23:55:00+08:00][info] 任务 37 将在 100 秒后继续处理下一条消息，索引: 1740, 实例ID: task_37_index_1740_1771516500.303
[2026-02-19T23:55:01+08:00][info] 开始处理队列任务: task_id=25, current_index=1665
[2026-02-19T23:55:01+08:00][info] 消息缓存初始化完成: task_id=25, groups=https://t.me/+HZFEhfAwKjhmZDZk
[2026-02-19T23:55:01+08:00][info] 任务 25 第 3 次循环，重置群组 https://t.me/+HZFEhfAwKjhmZDZk 消息状态
[2026-02-19T23:55:01+08:00][info] 使用消息配置中指定的用户 2378 的 session_path/www/wwwroot/tdata.tgbota.top/public/uploads/admin/202601/6971e94ea480a/16073953236/tdata/temp_8224097010.session
[2026-02-19T23:55:05+08:00][info] 返回:{"status":true,"message":"发送完成，成功1个，失败0个[]","data":{"success":[{"group_id":3482989339,"group_link":"https:\/\/t.me\/+HZFEhfAwKjhmZDZk","type":"megagroup","message":"发送成功","message_id":30219}],"failed":[],"debug":["处理标识符: https:\/\/t.me\/+HZFEhfAwKjhmZDZk, 清理后: https:\/\/t.me\/+HZFEhfAwKjhmZDZk, 识别为链接: True, 识别为数字ID: False"],"warning":""},"api_address":"185.165.170.142:5113"}
[2026-02-19T23:55:05+08:00][info] 消息ID缓存成功: task_id=25, group_id=https://t.me/+HZFEhfAwKjhmZDZk, msg_index=1665, message_id=30219, send_user_id=2378
[2026-02-19T23:55:05+08:00][info] 消息状态标记为已发送: task_id=25, group_id=https://t.me/+HZFEhfAwKjhmZDZk, msg_index=1665
[2026-02-19T23:55:06+08:00][info] 任务 25 将在 88 秒后继续处理下一条消息，索引: 1666, 实例ID: task_25_index_1666_1771516506.0244
[2026-02-19T23:55:27+08:00][info] 开始处理队列任务: task_id=33, current_index=1538
[2026-02-19T23:55:27+08:00][info] 消息缓存初始化完成: task_id=33, groups=https://t.me/+wcqRUxDn6zczYmM0
[2026-02-19T23:55:27+08:00][info] 任务 33 第 2 次循环，重置群组 https://t.me/+wcqRUxDn6zczYmM0 消息状态
[2026-02-19T23:55:27+08:00][info] 使用feedbackType=1537的消息ID: 10119
[2026-02-19T23:55:27+08:00][info] 使用消息配置中指定的用户 2553 的 session_path/www/wwwroot/tdata.tgbota.top/public/uploads/admin/202602/69862ac4b6550/818011908355/tdata/temp_8242859598.session
[2026-02-19T23:55:29+08:00][info] 返回:{"status":true,"message":"发送完成，成功1个，失败0个[]","data":{"success":[{"group_id":3658905404,"group_link":"https:\/\/t.me\/+wcqRUxDn6zczYmM0","type":"megagroup","message":"发送成功","message_id":10121}],"failed":[],"debug":["处理标识符: https:\/\/t.me\/+wcqRUxDn6zczYmM0, 清理后: https:\/\/t.me\/+wcqRUxDn6zczYmM0, 识别为链接: True, 识别为数字ID: False"],"warning":""},"api_address":"185.165.170.142:5137"}
[2026-02-19T23:55:29+08:00][info] 消息ID缓存成功: task_id=33, group_id=https://t.me/+wcqRUxDn6zczYmM0, msg_index=1538, message_id=10121, send_user_id=2553
[2026-02-19T23:55:29+08:00][info] 消息状态标记为已发送: task_id=33, group_id=https://t.me/+wcqRUxDn6zczYmM0, msg_index=1538
[2026-02-19T23:55:29+08:00][info] 任务 33 将在 103 秒后继续处理下一条消息，索引: 1539, 实例ID: task_33_index_1539_1771516529.4974
[2026-02-19T23:55:29+08:00][info] 开始处理队列任务: task_id=29, current_index=1666
[2026-02-19T23:55:29+08:00][info] 消息缓存初始化完成: task_id=29, groups=https://t.me/+WZlsKfz1W89jYjE0
[2026-02-19T23:55:29+08:00][info] 任务 29 第 3 次循环，重置群组 https://t.me/+WZlsKfz1W89jYjE0 消息状态
[2026-02-19T23:55:29+08:00][info] 使用当前发送用户 2372 的 session_path/www/wwwroot/tdata.tgbota.top/public/uploads/admin/202601/6971e94ea480a/16077062896/tdata/temp_8463172201.session
[2026-02-19T23:55:33+08:00][info] 返回:{"status":true,"message":"发送完成，成功1个，失败0个[]","data":{"success":[{"group_id":3780502866,"group_link":"https:\/\/t.me\/+WZlsKfz1W89jYjE0","type":"megagroup","message":"发送成功","message_id":21760}],"failed":[],"debug":["处理标识符: https:\/\/t.me\/+WZlsKfz1W89jYjE0, 清理后: https:\/\/t.me\/+WZlsKfz1W89jYjE0, 识别为链接: True, 识别为数字ID: False","文件1有效: \/www\/wwwroot\/tdata.tgbota.top\/public\/uploads\/admin\/202512\/693ae4c14180b.jpg (23975字节)","发送单个文件: \/www\/wwwroot\/tdata.tgbota.top\/public\/uploads\/admin\/202512\/693ae4c14180b.jpg"],"warning":""},"api_address":"185.165.170.142:5107"}
[2026-02-19T23:55:33+08:00][info] 消息ID缓存成功: task_id=29, group_id=https://t.me/+WZlsKfz1W89jYjE0, msg_index=1666, message_id=21760, send_user_id=2372
[2026-02-19T23:55:33+08:00][info] 消息状态标记为已发送: task_id=29, group_id=https://t.me/+WZlsKfz1W89jYjE0, msg_index=1666
[2026-02-19T23:55:33+08:00][info] 任务 29 将在 91 秒后继续处理下一条消息，索引: 1667, 实例ID: task_29_index_1667_1771516533.2341
[2026-02-19T23:55:41+08:00][info] 开始处理队列任务: task_id=35, current_index=1752
[2026-02-19T23:55:41+08:00][info] 消息缓存初始化完成: task_id=35, groups=https://t.me/+BrIuI_-gkNhhYTE0
[2026-02-19T23:55:41+08:00][info] 任务 35 第 3 次循环，重置群组 https://t.me/+BrIuI_-gkNhhYTE0 消息状态
[2026-02-19T23:55:41+08:00][info] 使用消息配置中指定的用户 2523 的 session_path/www/wwwroot/tdata.tgbota.top/public/uploads/admin/202602/69862ac4b6550/818015257565/tdata/temp_8520963028.session
[2026-02-19T23:55:42+08:00][info] 开始处理队列任务: task_id=28, current_index=1671
[2026-02-19T23:55:42+08:00][info] 消息缓存初始化完成: task_id=28, groups=https://t.me/+Hg62NsrbOCZmZmY8
[2026-02-19T23:55:42+08:00][info] 任务 28 第 3 次循环，重置群组 https://t.me/+Hg62NsrbOCZmZmY8 消息状态
[2026-02-19T23:55:42+08:00][info] 使用feedbackType=1670的消息ID: 21700
[2026-02-19T23:55:42+08:00][info] 使用消息配置中指定的用户 2354 的 session_path/www/wwwroot/tdata.tgbota.top/public/uploads/admin/202601/6971e94ea480a/16107448394/tdata/temp_8339026636.session
[2026-02-19T23:55:43+08:00][info] 返回:{"status":true,"message":"发送完成，成功1个，失败0个[]","data":{"success":[{"group_id":3646934744,"group_link":"https:\/\/t.me\/+BrIuI_-gkNhhYTE0","type":"megagroup","message":"发送成功","message_id":10336}],"failed":[],"debug":["处理标识符: https:\/\/t.me\/+BrIuI_-gkNhhYTE0, 清理后: https:\/\/t.me\/+BrIuI_-gkNhhYTE0, 识别为链接: True, 识别为数字ID: False"],"warning":""},"api_address":"185.165.170.142:5107"}
[2026-02-19T23:55:43+08:00][info] 消息ID缓存成功: task_id=35, group_id=https://t.me/+BrIuI_-gkNhhYTE0, msg_index=1752, message_id=10336, send_user_id=2523
[2026-02-19T23:55:43+08:00][info] 消息状态标记为已发送: task_id=35, group_id=https://t.me/+BrIuI_-gkNhhYTE0, msg_index=1752
[2026-02-19T23:55:43+08:00][info] 任务 35 将在 90 秒后继续处理下一条消息，索引: 1753, 实例ID: task_35_index_1753_1771516543.8006
[2026-02-19T23:55:45+08:00][info] 返回:{"status":true,"message":"发送完成，成功1个，失败0个[]","data":{"success":[{"group_id":3657218256,"group_link":"https:\/\/t.me\/+Hg62NsrbOCZmZmY8","type":"megagroup","message":"发送成功","message_id":21702}],"failed":[],"debug":["处理标识符: https:\/\/t.me\/+Hg62NsrbOCZmZmY8, 清理后: https:\/\/t.me\/+Hg62NsrbOCZmZmY8, 识别为链接: True, 识别为数字ID: False"],"warning":""},"api_address":"185.165.170.142:5089"}
[2026-02-19T23:55:45+08:00][info] 消息ID缓存成功: task_id=28, group_id=https://t.me/+Hg62NsrbOCZmZmY8, msg_index=1671, message_id=21702, send_user_id=2354
[2026-02-19T23:55:45+08:00][info] 消息状态标记为已发送: task_id=28, group_id=https://t.me/+Hg62NsrbOCZmZmY8, msg_index=1671
[2026-02-19T23:55:45+08:00][info] 任务 28 将在 118 秒后继续处理下一条消息，索引: 1672, 实例ID: task_28_index_1672_1771516545.4926
[2026-02-19T23:55:49+08:00][info] 开始处理队列任务: task_id=39, current_index=391
[2026-02-19T23:55:49+08:00][info] 使用feedbackType=391的消息ID: 546
[2026-02-19T23:55:49+08:00][info] 使用消息配置中指定的用户 3157 的 session_path/www/wwwroot/tdata.tgbota.top/public/uploads/admin/202602/699625adf380f/14696352311/tdata/temp_8581681678.session
[2026-02-19T23:55:52+08:00][info] 返回:{"status":true,"message":"发送完成，成功1个，失败0个[]","data":{"success":[{"group_id":3770869551,"group_link":"https:\/\/t.me\/+ZpSvBhFQCCEwMzdk","type":"megagroup","message":"发送成功","message_id":547}],"failed":[],"debug":["处理标识符: https:\/\/t.me\/+ZpSvBhFQCCEwMzdk, 清理后: https:\/\/t.me\/+ZpSvBhFQCCEwMzdk, 识别为链接: True, 识别为数字ID: False"],"warning":""},"api_address":"185.165.170.142:5022"}
[2026-02-19T23:55:52+08:00][info] 消息ID缓存成功: task_id=39, group_id=https://t.me/+ZpSvBhFQCCEwMzdk, msg_index=391, message_id=547, send_user_id=3157
[2026-02-19T23:55:52+08:00][info] 消息状态标记为已发送: task_id=39, group_id=https://t.me/+ZpSvBhFQCCEwMzdk, msg_index=391
[2026-02-19T23:55:52+08:00][info] 任务 39 将在 103 秒后继续处理下一条消息，索引: 392, 实例ID: task_39_index_392_1771516552.9128
[2026-02-19T23:55:57+08:00][info] 开始处理队列任务: task_id=36, current_index=1703
[2026-02-19T23:55:57+08:00][info] 消息缓存初始化完成: task_id=36, groups=https://t.me/+o12qlRNkdiViMjE0
[2026-02-19T23:55:57+08:00][info] 任务 36 第 3 次循环，重置群组 https://t.me/+o12qlRNkdiViMjE0 消息状态
[2026-02-19T23:55:57+08:00][info] 使用当前发送用户 2430 的 session_path/www/wwwroot/tdata.tgbota.top/public/uploads/admin/202602/69862ac4b6550/818014390605/tdata/temp_8368623564.session
[2026-02-19T23:55:59+08:00][info] 返回:{"status":true,"message":"发送完成，成功1个，失败0个[]","data":{"success":[{"group_id":3479387283,"group_link":"https:\/\/t.me\/+o12qlRNkdiViMjE0","type":"megagroup","message":"发送成功","message_id":10348}],"failed":[],"debug":["处理标识符: https:\/\/t.me\/+o12qlRNkdiViMjE0, 清理后: https:\/\/t.me\/+o12qlRNkdiViMjE0, 识别为链接: True, 识别为数字ID: False"],"warning":""},"api_address":"185.165.170.142:5014"}
[2026-02-19T23:55:59+08:00][info] 消息ID缓存成功: task_id=36, group_id=https://t.me/+o12qlRNkdiViMjE0, msg_index=1703, message_id=10348, send_user_id=2430
[2026-02-19T23:55:59+08:00][info] 消息状态标记为已发送: task_id=36, group_id=https://t.me/+o12qlRNkdiViMjE0, msg_index=1703
[2026-02-19T23:55:59+08:00][info] 任务 36 将在 100 秒后继续处理下一条消息，索引: 1704, 实例ID: task_36_index_1704_1771516559.253
[2026-02-19T23:56:14+08:00][info] 开始处理队列任务: task_id=40, current_index=390
[2026-02-19T23:56:14+08:00][info] 使用消息配置中指定的用户 3158 的 session_path/www/wwwroot/tdata.tgbota.top/public/uploads/admin/202602/699625adf380f/14642493583/tdata/temp_8526062660.session
[2026-02-19T23:56:16+08:00][info] 返回:{"status":true,"message":"发送完成，成功1个，失败0个[]","data":{"success":[{"group_id":3799666589,"group_link":"https:\/\/t.me\/+IfyZ_OVthdI5YzNk","type":"megagroup","message":"发送成功","message_id":547}],"failed":[],"debug":["处理标识符: https:\/\/t.me\/+IfyZ_OVthdI5YzNk, 清理后: https:\/\/t.me\/+IfyZ_OVthdI5YzNk, 识别为链接: True, 识别为数字ID: False"],"warning":""},"api_address":"185.165.170.142:5023"}
[2026-02-19T23:56:16+08:00][info] 消息ID缓存成功: task_id=40, group_id=https://t.me/+IfyZ_OVthdI5YzNk, msg_index=390, message_id=547, send_user_id=3158
[2026-02-19T23:56:16+08:00][info] 消息状态标记为已发送: task_id=40, group_id=https://t.me/+IfyZ_OVthdI5YzNk, msg_index=390
[2026-02-19T23:56:16+08:00][info] 任务 40 将在 92 秒后继续处理下一条消息，索引: 391, 实例ID: task_40_index_391_1771516576.8684
[2026-02-19T23:56:18+08:00][info] 开始处理队列任务: task_id=31, current_index=1672
[2026-02-19T23:56:18+08:00][info] 消息缓存初始化完成: task_id=31, groups=https://t.me/+4azhFwWhx1czMzE0
[2026-02-19T23:56:18+08:00][info] 任务 31 第 3 次循环，重置群组 https://t.me/+4azhFwWhx1czMzE0 消息状态
[2026-02-19T23:56:18+08:00][info] 使用当前发送用户 2372 的 session_path/www/wwwroot/tdata.tgbota.top/public/uploads/admin/202601/6971e94ea480a/16077062896/tdata/temp_8463172201.session
[2026-02-19T23:56:21+08:00][info] 返回:{"status":true,"message":"发送完成，成功1个，失败0个[]","data":{"success":[{"group_id":3079998653,"group_link":"https:\/\/t.me\/+4azhFwWhx1czMzE0","type":"megagroup","message":"发送成功","message_id":14525}],"failed":[],"debug":["处理标识符: https:\/\/t.me\/+4azhFwWhx1czMzE0, 清理后: https:\/\/t.me\/+4azhFwWhx1czMzE0, 识别为链接: True, 识别为数字ID: False"],"warning":""},"api_address":"185.165.170.142:5107"}
[2026-02-19T23:56:21+08:00][info] 消息ID缓存成功: task_id=31, group_id=https://t.me/+4azhFwWhx1czMzE0, msg_index=1672, message_id=14525, send_user_id=2372
[2026-02-19T23:56:21+08:00][info] 消息状态标记为已发送: task_id=31, group_id=https://t.me/+4azhFwWhx1czMzE0, msg_index=1672
[2026-02-19T23:56:21+08:00][info] 任务 31 将在 82 秒后继续处理下一条消息，索引: 1673, 实例ID: task_31_index_1673_1771516581.1614
[2026-02-19T23:56:30+08:00][info] 开始处理队列任务: task_id=38, current_index=392
[2026-02-19T23:56:30+08:00][info] 使用消息配置中指定的用户 3156 的 session_path/www/wwwroot/tdata.tgbota.top/public/uploads/admin/202602/699625adf380f/14797799667/tdata/temp_8482324361.session
[2026-02-19T23:56:32+08:00][info] 返回:{"status":true,"message":"发送完成，成功1个，失败0个[]","data":{"success":[{"group_id":3794396962,"group_link":"https:\/\/t.me\/+69dYKDni-wFmYWE0","type":"megagroup","message":"发送成功","message_id":548}],"failed":[],"debug":["处理标识符: https:\/\/t.me\/+69dYKDni-wFmYWE0, 清理后: https:\/\/t.me\/+69dYKDni-wFmYWE0, 识别为链接: True, 识别为数字ID: False"],"warning":""},"api_address":"185.165.170.142:5021"}
[2026-02-19T23:56:32+08:00][info] 消息ID缓存成功: task_id=38, group_id=https://t.me/+69dYKDni-wFmYWE0, msg_index=392, message_id=548, send_user_id=3156
[2026-02-19T23:56:32+08:00][info] 消息状态标记为已发送: task_id=38, group_id=https://t.me/+69dYKDni-wFmYWE0, msg_index=392
[2026-02-19T23:56:32+08:00][info] 任务 38 将在 90 秒后继续处理下一条消息，索引: 393, 实例ID: task_38_index_393_1771516592.7802
[2026-02-19T23:56:32+08:00][info] 开始处理队列任务: task_id=34, current_index=1539
[2026-02-19T23:56:33+08:00][info] 消息缓存初始化完成: task_id=34, groups=https://t.me/+CUyn8iqnQwEzNDY0
[2026-02-19T23:56:33+08:00][info] 任务 34 第 2 次循环，重置群组 https://t.me/+CUyn8iqnQwEzNDY0 消息状态
[2026-02-19T23:56:33+08:00][info] 使用消息配置中指定的用户 2414 的 session_path/www/wwwroot/tdata.tgbota.top/public/uploads/admin/202602/69862ac4b6550/817026663586/tdata/temp_8594538341.session
[2026-02-19T23:56:34+08:00][info] 返回:{"status":true,"message":"发送完成，成功1个，失败0个[]","data":{"success":[{"group_id":3719450736,"group_link":"https:\/\/t.me\/+CUyn8iqnQwEzNDY0","type":"megagroup","message":"发送成功","message_id":10283}],"failed":[],"debug":["处理标识符: https:\/\/t.me\/+CUyn8iqnQwEzNDY0, 清理后: https:\/\/t.me\/+CUyn8iqnQwEzNDY0, 识别为链接: True, 识别为数字ID: False"],"warning":""},"api_address":"185.165.170.142:5149"}
[2026-02-19T23:56:34+08:00][info] 消息ID缓存成功: task_id=34, group_id=https://t.me/+CUyn8iqnQwEzNDY0, msg_index=1539, message_id=10283, send_user_id=2414
[2026-02-19T23:56:34+08:00][info] 消息状态标记为已发送: task_id=34, group_id=https://t.me/+CUyn8iqnQwEzNDY0, msg_index=1539
[2026-02-19T23:56:34+08:00][info] 开始处理队列任务: task_id=25, current_index=1666
[2026-02-19T23:56:34+08:00][info] 任务 34 将在 109 秒后继续处理下一条消息，索引: 1540, 实例ID: task_34_index_1540_1771516594.9399
[2026-02-19T23:56:35+08:00][info] 消息缓存初始化完成: task_id=25, groups=https://t.me/+HZFEhfAwKjhmZDZk
[2026-02-19T23:56:35+08:00][info] 任务 25 第 3 次循环，重置群组 https://t.me/+HZFEhfAwKjhmZDZk 消息状态
[2026-02-19T23:56:35+08:00][info] 使用当前发送用户 2372 的 session_path/www/wwwroot/tdata.tgbota.top/public/uploads/admin/202601/6971e94ea480a/16077062896/tdata/temp_8463172201.session
[2026-02-19T23:56:38+08:00][info] 返回:{"status":true,"message":"发送完成，成功1个，失败0个[]","data":{"success":[{"group_id":3482989339,"group_link":"https:\/\/t.me\/+HZFEhfAwKjhmZDZk","type":"megagroup","message":"发送成功","message_id":30220}],"failed":[],"debug":["处理标识符: https:\/\/t.me\/+HZFEhfAwKjhmZDZk, 清理后: https:\/\/t.me\/+HZFEhfAwKjhmZDZk, 识别为链接: True, 识别为数字ID: False","文件1有效: \/www\/wwwroot\/tdata.tgbota.top\/public\/uploads\/admin\/202512\/693ae4c14180b.jpg (23975字节)","发送单个文件: \/www\/wwwroot\/tdata.tgbota.top\/public\/uploads\/admin\/202512\/693ae4c14180b.jpg"],"warning":""},"api_address":"185.165.170.142:5107"}
[2026-02-19T23:56:38+08:00][info] 消息ID缓存成功: task_id=25, group_id=https://t.me/+HZFEhfAwKjhmZDZk, msg_index=1666, message_id=30220, send_user_id=2372
[2026-02-19T23:56:38+08:00][info] 消息状态标记为已发送: task_id=25, group_id=https://t.me/+HZFEhfAwKjhmZDZk, msg_index=1666
[2026-02-19T23:56:38+08:00][info] 任务 25 将在 91 秒后继续处理下一条消息，索引: 1667, 实例ID: task_25_index_1667_1771516598.5404
[2026-02-19T23:56:40+08:00][info] 开始处理队列任务: task_id=37, current_index=1740
[2026-02-19T23:56:41+08:00][info] 消息缓存初始化完成: task_id=37, groups=https://t.me/+DUAGbZI5vW41NWI8
[2026-02-19T23:56:41+08:00][info] 任务 37 第 3 次循环，重置群组 https://t.me/+DUAGbZI5vW41NWI8 消息状态
[2026-02-19T23:56:41+08:00][info] 使用消息配置中指定的用户 2535 的 session_path/www/wwwroot/tdata.tgbota.top/public/uploads/admin/202602/69862ac4b6550/818014590235/tdata/temp_8336493850.session
[2026-02-19T23:56:41+08:00][info] 开始处理队列任务: task_id=27, current_index=1635
[2026-02-19T23:56:41+08:00][info] 消息缓存初始化完成: task_id=27, groups=https://t.me/+_XaTo9Qrv0VjOTM0
[2026-02-19T23:56:41+08:00][info] 任务 27 第 3 次循环，重置群组 https://t.me/+_XaTo9Qrv0VjOTM0 消息状态
[2026-02-19T23:56:41+08:00][info] 使用消息配置中指定的用户 2314 的 session_path/www/wwwroot/tdata.tgbota.top/public/uploads/admin/202601/6971e94ea480a/16095962673/tdata/temp_8022478339.session
[2026-02-19T23:56:43+08:00][info] 返回:{"status":true,"message":"发送完成，成功1个，失败0个[]","data":{"success":[{"group_id":3732578862,"group_link":"https:\/\/t.me\/+DUAGbZI5vW41NWI8","type":"megagroup","message":"发送成功","message_id":8514}],"failed":[],"debug":["处理标识符: https:\/\/t.me\/+DUAGbZI5vW41NWI8, 清理后: https:\/\/t.me\/+DUAGbZI5vW41NWI8, 识别为链接: True, 识别为数字ID: False"],"warning":""},"api_address":"185.165.170.142:5119"}
[2026-02-19T23:56:43+08:00][info] 消息ID缓存成功: task_id=37, group_id=https://t.me/+DUAGbZI5vW41NWI8, msg_index=1740, message_id=8514, send_user_id=2535
[2026-02-19T23:56:43+08:00][info] 消息状态标记为已发送: task_id=37, group_id=https://t.me/+DUAGbZI5vW41NWI8, msg_index=1740
[2026-02-19T23:56:43+08:00][info] 任务 37 将在 110 秒后继续处理下一条消息，索引: 1741, 实例ID: task_37_index_1741_1771516603.1999
[2026-02-19T23:56:44+08:00][info] 返回:{"status":true,"message":"发送完成，成功1个，失败0个[]","data":{"success":[{"group_id":3649225144,"group_link":"https:\/\/t.me\/+_XaTo9Qrv0VjOTM0","type":"megagroup","message":"发送成功","message_id":33249}],"failed":[],"debug":["处理标识符: https:\/\/t.me\/+_XaTo9Qrv0VjOTM0, 清理后: https:\/\/t.me\/+_XaTo9Qrv0VjOTM0, 识别为链接: True, 识别为数字ID: False"],"warning":""},"api_address":"185.165.170.142:5049"}
[2026-02-19T23:56:44+08:00][info] 消息ID缓存成功: task_id=27, group_id=https://t.me/+_XaTo9Qrv0VjOTM0, msg_index=1635, message_id=33249, send_user_id=2314
[2026-02-19T23:56:44+08:00][info] 消息状态标记为已发送: task_id=27, group_id=https://t.me/+_XaTo9Qrv0VjOTM0, msg_index=1635
[2026-02-19T23:56:45+08:00][info] 任务 27 将在 121 秒后继续处理下一条消息，索引: 1636, 实例ID: task_27_index_1636_1771516605.9968
[2026-02-19T23:57:04+08:00][info] 开始处理队列任务: task_id=29, current_index=1667
[2026-02-19T23:57:04+08:00][info] 消息缓存初始化完成: task_id=29, groups=https://t.me/+WZlsKfz1W89jYjE0
[2026-02-19T23:57:04+08:00][info] 任务 29 第 3 次循环，重置群组 https://t.me/+WZlsKfz1W89jYjE0 消息状态
[2026-02-19T23:57:04+08:00][info] 使用消息配置中指定的用户 2366 的 session_path/www/wwwroot/tdata.tgbota.top/public/uploads/admin/202601/6971e94ea480a/16079442631/tdata/temp_8415393991.session
[2026-02-19T23:57:06+08:00][info] 返回:{"status":true,"message":"发送完成，成功1个，失败0个[]","data":{"success":[{"group_id":3780502866,"group_link":"https:\/\/t.me\/+WZlsKfz1W89jYjE0","type":"megagroup","message":"发送成功","message_id":21761}],"failed":[],"debug":["处理标识符: https:\/\/t.me\/+WZlsKfz1W89jYjE0, 清理后: https:\/\/t.me\/+WZlsKfz1W89jYjE0, 识别为链接: True, 识别为数字ID: False"],"warning":""},"api_address":"185.165.170.142:5101"}
[2026-02-19T23:57:06+08:00][info] 消息ID缓存成功: task_id=29, group_id=https://t.me/+WZlsKfz1W89jYjE0, msg_index=1667, message_id=21761, send_user_id=2366
[2026-02-19T23:57:06+08:00][info] 消息状态标记为已发送: task_id=29, group_id=https://t.me/+WZlsKfz1W89jYjE0, msg_index=1667
[2026-02-19T23:57:06+08:00][info] 任务 29 将在 81 秒后继续处理下一条消息，索引: 1668, 实例ID: task_29_index_1668_1771516626.9382
[2026-02-19T23:57:12+08:00][info] 开始处理队列任务: task_id=33, current_index=1539
[2026-02-19T23:57:12+08:00][info] 消息缓存初始化完成: task_id=33, groups=https://t.me/+wcqRUxDn6zczYmM0
[2026-02-19T23:57:12+08:00][info] 任务 33 第 2 次循环，重置群组 https://t.me/+wcqRUxDn6zczYmM0 消息状态
[2026-02-19T23:57:12+08:00][info] 使用消息配置中指定的用户 2414 的 session_path/www/wwwroot/tdata.tgbota.top/public/uploads/admin/202602/69862ac4b6550/817026663586/tdata/temp_8594538341.session
[2026-02-19T23:57:13+08:00][info] 开始处理队列任务: task_id=35, current_index=1753
[2026-02-19T23:57:13+08:00][info] 消息缓存初始化完成: task_id=35, groups=https://t.me/+BrIuI_-gkNhhYTE0
[2026-02-19T23:57:13+08:00][info] 任务 35 第 3 次循环，重置群组 https://t.me/+BrIuI_-gkNhhYTE0 消息状态
[2026-02-19T23:57:13+08:00][info] 使用消息配置中指定的用户 2525 的 session_path/www/wwwroot/tdata.tgbota.top/public/uploads/admin/202602/69862ac4b6550/818011908239/tdata/temp_8427866126.session
[2026-02-19T23:57:14+08:00][info] 返回:{"status":true,"message":"发送完成，成功1个，失败0个[]","data":{"success":[{"group_id":3658905404,"group_link":"https:\/\/t.me\/+wcqRUxDn6zczYmM0","type":"megagroup","message":"发送成功","message_id":10122}],"failed":[],"debug":["处理标识符: https:\/\/t.me\/+wcqRUxDn6zczYmM0, 清理后: https:\/\/t.me\/+wcqRUxDn6zczYmM0, 识别为链接: True, 识别为数字ID: False"],"warning":""},"api_address":"185.165.170.142:5149"}
[2026-02-19T23:57:14+08:00][info] 消息ID缓存成功: task_id=33, group_id=https://t.me/+wcqRUxDn6zczYmM0, msg_index=1539, message_id=10122, send_user_id=2414
[2026-02-19T23:57:14+08:00][info] 消息状态标记为已发送: task_id=33, group_id=https://t.me/+wcqRUxDn6zczYmM0, msg_index=1539
[2026-02-19T23:57:14+08:00][info] 任务 33 将在 109 秒后继续处理下一条消息，索引: 1540, 实例ID: task_33_index_1540_1771516634.7529
[2026-02-19T23:57:15+08:00][info] 返回:{"status":true,"message":"发送完成，成功1个，失败0个[]","data":{"success":[{"group_id":3646934744,"group_link":"https:\/\/t.me\/+BrIuI_-gkNhhYTE0","type":"megagroup","message":"发送成功","message_id":10337}],"failed":[],"debug":["处理标识符: https:\/\/t.me\/+BrIuI_-gkNhhYTE0, 清理后: https:\/\/t.me\/+BrIuI_-gkNhhYTE0, 识别为链接: True, 识别为数字ID: False"],"warning":""},"api_address":"185.165.170.142:5008"}
[2026-02-19T23:57:15+08:00][info] 消息ID缓存成功: task_id=35, group_id=https://t.me/+BrIuI_-gkNhhYTE0, msg_index=1753, message_id=10337, send_user_id=2525
[2026-02-19T23:57:15+08:00][info] 消息状态标记为已发送: task_id=35, group_id=https://t.me/+BrIuI_-gkNhhYTE0, msg_index=1753
[2026-02-19T23:57:16+08:00][info] 任务 35 将在 110 秒后继续处理下一条消息，索引: 1754, 实例ID: task_35_index_1754_1771516636.2859
[2026-02-19T23:57:35+08:00][info] 开始处理队列任务: task_id=39, current_index=392
[2026-02-19T23:57:35+08:00][info] 使用消息配置中指定的用户 3156 的 session_path/www/wwwroot/tdata.tgbota.top/public/uploads/admin/202602/699625adf380f/14797799667/tdata/temp_8482324361.session
[2026-02-19T23:57:38+08:00][info] 返回:{"status":true,"message":"发送完成，成功1个，失败0个[]","data":{"success":[{"group_id":3770869551,"group_link":"https:\/\/t.me\/+ZpSvBhFQCCEwMzdk","type":"megagroup","message":"发送成功","message_id":548}],"failed":[],"debug":["处理标识符: https:\/\/t.me\/+ZpSvBhFQCCEwMzdk, 清理后: https:\/\/t.me\/+ZpSvBhFQCCEwMzdk, 识别为链接: True, 识别为数字ID: False"],"warning":""},"api_address":"185.165.170.142:5021"}
[2026-02-19T23:57:38+08:00][info] 消息ID缓存成功: task_id=39, group_id=https://t.me/+ZpSvBhFQCCEwMzdk, msg_index=392, message_id=548, send_user_id=3156
[2026-02-19T23:57:38+08:00][info] 消息状态标记为已发送: task_id=39, group_id=https://t.me/+ZpSvBhFQCCEwMzdk, msg_index=392
[2026-02-19T23:57:38+08:00][info] 任务 39 将在 90 秒后继续处理下一条消息，索引: 393, 实例ID: task_39_index_393_1771516658.3352
[2026-02-19T23:57:39+08:00][info] 开始处理队列任务: task_id=36, current_index=1704
[2026-02-19T23:57:40+08:00][info] 消息缓存初始化完成: task_id=36, groups=https://t.me/+o12qlRNkdiViMjE0
[2026-02-19T23:57:40+08:00][info] 任务 36 第 3 次循环，重置群组 https://t.me/+o12qlRNkdiViMjE0 消息状态
[2026-02-19T23:57:40+08:00][info] 使用feedbackType=1702的消息ID: 10346
[2026-02-19T23:57:40+08:00][info] 使用当前发送用户 2474 的 session_path/www/wwwroot/tdata.tgbota.top/public/uploads/admin/202602/69862ac4b6550/817039604873/tdata/temp_8593867136.session
[2026-02-19T23:57:43+08:00][info] 返回:{"status":true,"message":"发送完成，成功1个，失败0个[]","data":{"success":[{"group_id":3479387283,"group_link":"https:\/\/t.me\/+o12qlRNkdiViMjE0","type":"megagroup","message":"发送成功","message_id":10349}],"failed":[],"debug":["处理标识符: https:\/\/t.me\/+o12qlRNkdiViMjE0, 清理后: https:\/\/t.me\/+o12qlRNkdiViMjE0, 识别为链接: True, 识别为数字ID: False","文件1有效: \/www\/wwwroot\/tdata.tgbota.top\/public\/uploads\/admin\/202512\/693ae3bfb03c1.jpg (36563字节)","发送单个文件: \/www\/wwwroot\/tdata.tgbota.top\/public\/uploads\/admin\/202512\/693ae3bfb03c1.jpg"],"warning":""},"api_address":"185.165.170.142:5058"}
[2026-02-19T23:57:43+08:00][info] 消息ID缓存成功: task_id=36, group_id=https://t.me/+o12qlRNkdiViMjE0, msg_index=1704, message_id=10349, send_user_id=2474
[2026-02-19T23:57:43+08:00][info] 消息状态标记为已发送: task_id=36, group_id=https://t.me/+o12qlRNkdiViMjE0, msg_index=1704
[2026-02-19T23:57:43+08:00][info] 任务 36 将在 108 秒后继续处理下一条消息，索引: 1705, 实例ID: task_36_index_1705_1771516663.2321
[2026-02-19T23:57:43+08:00][info] 开始处理队列任务: task_id=28, current_index=1672
[2026-02-19T23:57:43+08:00][info] 开始处理队列任务: task_id=31, current_index=1673
[2026-02-19T23:57:43+08:00][info] 消息缓存初始化完成: task_id=28, groups=https://t.me/+Hg62NsrbOCZmZmY8
[2026-02-19T23:57:43+08:00][info] 任务 28 第 3 次循环，重置群组 https://t.me/+Hg62NsrbOCZmZmY8 消息状态
[2026-02-19T23:57:43+08:00][info] 使用当前发送用户 2372 的 session_path/www/wwwroot/tdata.tgbota.top/public/uploads/admin/202601/6971e94ea480a/16077062896/tdata/temp_8463172201.session
[2026-02-19T23:57:43+08:00][info] 消息缓存初始化完成: task_id=31, groups=https://t.me/+4azhFwWhx1czMzE0
[2026-02-19T23:57:43+08:00][info] 任务 31 第 3 次循环，重置群组 https://t.me/+4azhFwWhx1czMzE0 消息状态
[2026-02-19T23:57:43+08:00][info] 使用消息配置中指定的用户 2348 的 session_path/www/wwwroot/tdata.tgbota.top/public/uploads/admin/202601/6971e94ea480a/16157046032/tdata/temp_8207085704.session
[2026-02-19T23:57:45+08:00][info] 返回:{"status":true,"message":"发送完成，成功1个，失败0个[]","data":{"success":[{"group_id":3657218256,"group_link":"https:\/\/t.me\/+Hg62NsrbOCZmZmY8","type":"megagroup","message":"发送成功","message_id":21703}],"failed":[],"debug":["处理标识符: https:\/\/t.me\/+Hg62NsrbOCZmZmY8, 清理后: https:\/\/t.me\/+Hg62NsrbOCZmZmY8, 识别为链接: True, 识别为数字ID: False"],"warning":""},"api_address":"185.165.170.142:5107"}
[2026-02-19T23:57:45+08:00][info] 消息ID缓存成功: task_id=28, group_id=https://t.me/+Hg62NsrbOCZmZmY8, msg_index=1672, message_id=21703, send_user_id=2372
[2026-02-19T23:57:45+08:00][info] 消息状态标记为已发送: task_id=28, group_id=https://t.me/+Hg62NsrbOCZmZmY8, msg_index=1672
[2026-02-19T23:57:45+08:00][info] 任务 28 将在 82 秒后继续处理下一条消息，索引: 1673, 实例ID: task_28_index_1673_1771516665.9907
[2026-02-19T23:57:46+08:00][info] 返回:{"status":true,"message":"发送完成，成功1个，失败0个[]","data":{"success":[{"group_id":3079998653,"group_link":"https:\/\/t.me\/+4azhFwWhx1czMzE0","type":"megagroup","message":"发送成功","message_id":14526}],"failed":[],"debug":["处理标识符: https:\/\/t.me\/+4azhFwWhx1czMzE0, 清理后: https:\/\/t.me\/+4azhFwWhx1czMzE0, 识别为链接: True, 识别为数字ID: False"],"warning":""},"api_address":"185.165.170.142:5083"}
[2026-02-19T23:57:46+08:00][info] 消息ID缓存成功: task_id=31, group_id=https://t.me/+4azhFwWhx1czMzE0, msg_index=1673, message_id=14526, send_user_id=2348
[2026-02-19T23:57:46+08:00][info] 消息状态标记为已发送: task_id=31, group_id=https://t.me/+4azhFwWhx1czMzE0, msg_index=1673
[2026-02-19T23:57:46+08:00][info] 任务 31 将在 90 秒后继续处理下一条消息，索引: 1674, 实例ID: task_31_index_1674_1771516666.0918
[2026-02-19T23:57:48+08:00][info] 开始处理队列任务: task_id=40, current_index=391
[2026-02-19T23:57:49+08:00][info] 使用feedbackType=391的消息ID: 547
[2026-02-19T23:57:49+08:00][info] 使用消息配置中指定的用户 3157 的 session_path/www/wwwroot/tdata.tgbota.top/public/uploads/admin/202602/699625adf380f/14696352311/tdata/temp_8581681678.session
[2026-02-19T23:57:52+08:00][info] 返回:{"status":true,"message":"发送完成，成功1个，失败0个[]","data":{"success":[{"group_id":3799666589,"group_link":"https:\/\/t.me\/+IfyZ_OVthdI5YzNk","type":"megagroup","message":"发送成功","message_id":548}],"failed":[],"debug":["处理标识符: https:\/\/t.me\/+IfyZ_OVthdI5YzNk, 清理后: https:\/\/t.me\/+IfyZ_OVthdI5YzNk, 识别为链接: True, 识别为数字ID: False"],"warning":""},"api_address":"185.165.170.142:5022"}
[2026-02-19T23:57:52+08:00][info] 消息ID缓存成功: task_id=40, group_id=https://t.me/+IfyZ_OVthdI5YzNk, msg_index=391, message_id=548, send_user_id=3157
[2026-02-19T23:57:52+08:00][info] 消息状态标记为已发送: task_id=40, group_id=https://t.me/+IfyZ_OVthdI5YzNk, msg_index=391
[2026-02-19T23:57:52+08:00][info] 任务 40 将在 103 秒后继续处理下一条消息，索引: 392, 实例ID: task_40_index_392_1771516672.4049
[2026-02-19T23:58:02+08:00][info] 开始处理队列任务: task_id=38, current_index=393
[2026-02-19T23:58:02+08:00][info] 使用消息配置中指定的用户 3155 的 session_path/www/wwwroot/tdata.tgbota.top/public/uploads/admin/202602/699625adf380f/14632757494/tdata/temp_8555070828.session
[2026-02-19T23:58:04+08:00][info] 返回:{"status":true,"message":"发送完成，成功1个，失败0个[]","data":{"success":[{"group_id":3794396962,"group_link":"https:\/\/t.me\/+69dYKDni-wFmYWE0","type":"megagroup","message":"发送成功","message_id":549}],"failed":[],"debug":["处理标识符: https:\/\/t.me\/+69dYKDni-wFmYWE0, 清理后: https:\/\/t.me\/+69dYKDni-wFmYWE0, 识别为链接: True, 识别为数字ID: False"],"warning":""},"api_address":"185.165.170.142:5020"}
[2026-02-19T23:58:04+08:00][info] 消息ID缓存成功: task_id=38, group_id=https://t.me/+69dYKDni-wFmYWE0, msg_index=393, message_id=549, send_user_id=3155
[2026-02-19T23:58:04+08:00][info] 消息状态标记为已发送: task_id=38, group_id=https://t.me/+69dYKDni-wFmYWE0, msg_index=393
[2026-02-19T23:58:04+08:00][info] 任务 38 将在 96 秒后继续处理下一条消息，索引: 394, 实例ID: task_38_index_394_1771516684.6574
[2026-02-19T23:58:10+08:00][info] 开始处理队列任务: task_id=25, current_index=1667
[2026-02-19T23:58:10+08:00][info] 消息缓存初始化完成: task_id=25, groups=https://t.me/+HZFEhfAwKjhmZDZk
[2026-02-19T23:58:10+08:00][info] 任务 25 第 3 次循环，重置群组 https://t.me/+HZFEhfAwKjhmZDZk 消息状态
[2026-02-19T23:58:10+08:00][info] 使用消息配置中指定的用户 2366 的 session_path/www/wwwroot/tdata.tgbota.top/public/uploads/admin/202601/6971e94ea480a/16079442631/tdata/temp_8415393991.session
[2026-02-19T23:58:12+08:00][info] 返回:{"status":true,"message":"发送完成，成功1个，失败0个[]","data":{"success":[{"group_id":3482989339,"group_link":"https:\/\/t.me\/+HZFEhfAwKjhmZDZk","type":"megagroup","message":"发送成功","message_id":30221}],"failed":[],"debug":["处理标识符: https:\/\/t.me\/+HZFEhfAwKjhmZDZk, 清理后: https:\/\/t.me\/+HZFEhfAwKjhmZDZk, 识别为链接: True, 识别为数字ID: False"],"warning":""},"api_address":"185.165.170.142:5101"}
[2026-02-19T23:58:12+08:00][info] 消息ID缓存成功: task_id=25, group_id=https://t.me/+HZFEhfAwKjhmZDZk, msg_index=1667, message_id=30221, send_user_id=2366
[2026-02-19T23:58:12+08:00][info] 消息状态标记为已发送: task_id=25, group_id=https://t.me/+HZFEhfAwKjhmZDZk, msg_index=1667
[2026-02-19T23:58:12+08:00][info] 任务 25 将在 81 秒后继续处理下一条消息，索引: 1668, 实例ID: task_25_index_1668_1771516692.747
[2026-02-19T23:58:23+08:00][info] 开始处理队列任务: task_id=34, current_index=1540
[2026-02-19T23:58:23+08:00][info] 消息缓存初始化完成: task_id=34, groups=https://t.me/+CUyn8iqnQwEzNDY0
[2026-02-19T23:58:23+08:00][info] 任务 34 第 2 次循环，重置群组 https://t.me/+CUyn8iqnQwEzNDY0 消息状态
[2026-02-19T23:58:23+08:00][info] 使用当前发送用户 2424 的 session_path/www/wwwroot/tdata.tgbota.top/public/uploads/admin/202602/69862ac4b6550/818015751850/tdata/temp_8456369347.session
[2026-02-19T23:58:25+08:00][info] 返回:{"status":true,"message":"发送完成，成功1个，失败0个[]","data":{"success":[{"group_id":3719450736,"group_link":"https:\/\/t.me\/+CUyn8iqnQwEzNDY0","type":"megagroup","message":"发送成功","message_id":10284}],"failed":[],"debug":["处理标识符: https:\/\/t.me\/+CUyn8iqnQwEzNDY0, 清理后: https:\/\/t.me\/+CUyn8iqnQwEzNDY0, 识别为链接: True, 识别为数字ID: False"],"warning":""},"api_address":"185.165.170.142:5008"}
[2026-02-19T23:58:25+08:00][info] 消息ID缓存成功: task_id=34, group_id=https://t.me/+CUyn8iqnQwEzNDY0, msg_index=1540, message_id=10284, send_user_id=2424
[2026-02-19T23:58:25+08:00][info] 消息状态标记为已发送: task_id=34, group_id=https://t.me/+CUyn8iqnQwEzNDY0, msg_index=1540
[2026-02-19T23:58:25+08:00][info] 任务 34 将在 88 秒后继续处理下一条消息，索引: 1541, 实例ID: task_34_index_1541_1771516705.4973
[2026-02-19T23:58:27+08:00][info] 开始处理队列任务: task_id=29, current_index=1668
[2026-02-19T23:58:28+08:00][info] 消息缓存初始化完成: task_id=29, groups=https://t.me/+WZlsKfz1W89jYjE0
[2026-02-19T23:58:28+08:00][info] 任务 29 第 3 次循环，重置群组 https://t.me/+WZlsKfz1W89jYjE0 消息状态
[2026-02-19T23:58:28+08:00][info] 使用当前发送用户 2372 的 session_path/www/wwwroot/tdata.tgbota.top/public/uploads/admin/202601/6971e94ea480a/16077062896/tdata/temp_8463172201.session
[2026-02-19T23:58:30+08:00][info] 返回:{"status":true,"message":"发送完成，成功1个，失败0个[]","data":{"success":[{"group_id":3780502866,"group_link":"https:\/\/t.me\/+WZlsKfz1W89jYjE0","type":"megagroup","message":"发送成功","message_id":21762}],"failed":[],"debug":["处理标识符: https:\/\/t.me\/+WZlsKfz1W89jYjE0, 清理后: https:\/\/t.me\/+WZlsKfz1W89jYjE0, 识别为链接: True, 识别为数字ID: False"],"warning":""},"api_address":"185.165.170.142:5107"}
[2026-02-19T23:58:30+08:00][info] 消息ID缓存成功: task_id=29, group_id=https://t.me/+WZlsKfz1W89jYjE0, msg_index=1668, message_id=21762, send_user_id=2372
[2026-02-19T23:58:30+08:00][info] 消息状态标记为已发送: task_id=29, group_id=https://t.me/+WZlsKfz1W89jYjE0, msg_index=1668
[2026-02-19T23:58:30+08:00][info] 任务 29 将在 65 秒后继续处理下一条消息，索引: 1669, 实例ID: task_29_index_1669_1771516710.5765
[2026-02-19T23:58:33+08:00][info] 开始处理队列任务: task_id=37, current_index=1741
[2026-02-19T23:58:33+08:00][info] 消息缓存初始化完成: task_id=37, groups=https://t.me/+DUAGbZI5vW41NWI8
[2026-02-19T23:58:33+08:00][info] 任务 37 第 3 次循环，重置群组 https://t.me/+DUAGbZI5vW41NWI8 消息状态
[2026-02-19T23:58:33+08:00][info] 使用消息配置中指定的用户 2534 的 session_path/www/wwwroot/tdata.tgbota.top/public/uploads/admin/202602/69862ac4b6550/818015758772/tdata/temp_8380455324.session
[2026-02-19T23:58:35+08:00][info] 返回:{"status":true,"message":"发送完成，成功1个，失败0个[]","data":{"success":[{"group_id":3732578862,"group_link":"https:\/\/t.me\/+DUAGbZI5vW41NWI8","type":"megagroup","message":"发送成功","message_id":8515}],"failed":[],"debug":["处理标识符: https:\/\/t.me\/+DUAGbZI5vW41NWI8, 清理后: https:\/\/t.me\/+DUAGbZI5vW41NWI8, 识别为链接: True, 识别为数字ID: False"],"warning":""},"api_address":"185.165.170.142:5118"}
[2026-02-19T23:58:35+08:00][info] 消息ID缓存成功: task_id=37, group_id=https://t.me/+DUAGbZI5vW41NWI8, msg_index=1741, message_id=8515, send_user_id=2534
[2026-02-19T23:58:35+08:00][info] 消息状态标记为已发送: task_id=37, group_id=https://t.me/+DUAGbZI5vW41NWI8, msg_index=1741
[2026-02-19T23:58:35+08:00][info] 任务 37 将在 84 秒后继续处理下一条消息，索引: 1742, 实例ID: task_37_index_1742_1771516715.5446
[2026-02-19T23:58:47+08:00][info] 开始处理队列任务: task_id=27, current_index=1636
[2026-02-19T23:58:47+08:00][info] 消息缓存初始化完成: task_id=27, groups=https://t.me/+_XaTo9Qrv0VjOTM0
[2026-02-19T23:58:47+08:00][info] 任务 27 第 3 次循环，重置群组 https://t.me/+_XaTo9Qrv0VjOTM0 消息状态
[2026-02-19T23:58:47+08:00][info] 使用feedbackType=1636的消息ID: 33249
[2026-02-19T23:58:47+08:00][info] 使用当前发送用户 2297 的 session_path/www/wwwroot/tdata.tgbota.top/public/uploads/admin/202601/6971e94ea480a/16073903254/tdata/temp_7941895315.session
[2026-02-19T23:58:51+08:00][info] 返回:{"status":true,"message":"发送完成，成功1个，失败0个[]","data":{"success":[{"group_id":3649225144,"group_link":"https:\/\/t.me\/+_XaTo9Qrv0VjOTM0","type":"megagroup","message":"发送成功","message_id":33250}],"failed":[],"debug":["处理标识符: https:\/\/t.me\/+_XaTo9Qrv0VjOTM0, 清理后: https:\/\/t.me\/+_XaTo9Qrv0VjOTM0, 识别为链接: True, 识别为数字ID: False"],"warning":""},"api_address":"185.165.170.142:5032"}
[2026-02-19T23:58:51+08:00][info] 消息ID缓存成功: task_id=27, group_id=https://t.me/+_XaTo9Qrv0VjOTM0, msg_index=1636, message_id=33250, send_user_id=2297
[2026-02-19T23:58:51+08:00][info] 消息状态标记为已发送: task_id=27, group_id=https://t.me/+_XaTo9Qrv0VjOTM0, msg_index=1636
[2026-02-19T23:58:51+08:00][info] 任务 27 将在 98 秒后继续处理下一条消息，索引: 1637, 实例ID: task_27_index_1637_1771516731.0549
[2026-02-19T23:59:03+08:00][info] 开始处理队列任务: task_id=33, current_index=1540
[2026-02-19T23:59:03+08:00][info] 消息缓存初始化完成: task_id=33, groups=https://t.me/+wcqRUxDn6zczYmM0
[2026-02-19T23:59:03+08:00][info] 任务 33 第 2 次循环，重置群组 https://t.me/+wcqRUxDn6zczYmM0 消息状态
[2026-02-19T23:59:03+08:00][info] 使用当前发送用户 2424 的 session_path/www/wwwroot/tdata.tgbota.top/public/uploads/admin/202602/69862ac4b6550/818015751850/tdata/temp_8456369347.session
[2026-02-19T23:59:05+08:00][info] 返回:{"status":true,"message":"发送完成，成功1个，失败0个[]","data":{"success":[{"group_id":3658905404,"group_link":"https:\/\/t.me\/+wcqRUxDn6zczYmM0","type":"megagroup","message":"发送成功","message_id":10123}],"failed":[],"debug":["处理标识符: https:\/\/t.me\/+wcqRUxDn6zczYmM0, 清理后: https:\/\/t.me\/+wcqRUxDn6zczYmM0, 识别为链接: True, 识别为数字ID: False"],"warning":""},"api_address":"185.165.170.142:5008"}
[2026-02-19T23:59:05+08:00][info] 消息ID缓存成功: task_id=33, group_id=https://t.me/+wcqRUxDn6zczYmM0, msg_index=1540, message_id=10123, send_user_id=2424
[2026-02-19T23:59:05+08:00][info] 消息状态标记为已发送: task_id=33, group_id=https://t.me/+wcqRUxDn6zczYmM0, msg_index=1540
[2026-02-19T23:59:05+08:00][info] 任务 33 将在 88 秒后继续处理下一条消息，索引: 1541, 实例ID: task_33_index_1541_1771516745.1356
[2026-02-19T23:59:07+08:00][info] 开始处理队列任务: task_id=35, current_index=1754
[2026-02-19T23:59:07+08:00][info] 消息缓存初始化完成: task_id=35, groups=https://t.me/+BrIuI_-gkNhhYTE0
[2026-02-19T23:59:07+08:00][info] 任务 35 第 3 次循环，重置群组 https://t.me/+BrIuI_-gkNhhYTE0 消息状态
[2026-02-19T23:59:07+08:00][info] 使用消息配置中指定的用户 2522 的 session_path/www/wwwroot/tdata.tgbota.top/public/uploads/admin/202602/69862ac4b6550/817026431198/tdata/temp_8570236584.session
[2026-02-19T23:59:07+08:00][info] 开始处理队列任务: task_id=28, current_index=1673
[2026-02-19T23:59:07+08:00][info] 消息缓存初始化完成: task_id=28, groups=https://t.me/+Hg62NsrbOCZmZmY8
[2026-02-19T23:59:07+08:00][info] 任务 28 第 3 次循环，重置群组 https://t.me/+Hg62NsrbOCZmZmY8 消息状态
[2026-02-19T23:59:07+08:00][info] 使用消息配置中指定的用户 2348 的 session_path/www/wwwroot/tdata.tgbota.top/public/uploads/admin/202601/6971e94ea480a/16157046032/tdata/temp_8207085704.session
[2026-02-19T23:59:08+08:00][info] 开始处理队列任务: task_id=39, current_index=393
[2026-02-19T23:59:08+08:00][info] 使用消息配置中指定的用户 3155 的 session_path/www/wwwroot/tdata.tgbota.top/public/uploads/admin/202602/699625adf380f/14632757494/tdata/temp_8555070828.session
[2026-02-19T23:59:09+08:00][info] 返回:{"status":true,"message":"发送完成，成功1个，失败0个[]","data":{"success":[{"group_id":3646934744,"group_link":"https:\/\/t.me\/+BrIuI_-gkNhhYTE0","type":"megagroup","message":"发送成功","message_id":10338}],"failed":[],"debug":["处理标识符: https:\/\/t.me\/+BrIuI_-gkNhhYTE0, 清理后: https:\/\/t.me\/+BrIuI_-gkNhhYTE0, 识别为链接: True, 识别为数字ID: False"],"warning":""},"api_address":"185.165.170.142:5106"}
[2026-02-19T23:59:09+08:00][info] 消息ID缓存成功: task_id=35, group_id=https://t.me/+BrIuI_-gkNhhYTE0, msg_index=1754, message_id=10338, send_user_id=2522
[2026-02-19T23:59:09+08:00][info] 消息状态标记为已发送: task_id=35, group_id=https://t.me/+BrIuI_-gkNhhYTE0, msg_index=1754
[2026-02-19T23:59:09+08:00][info] 任务 35 将在 84 秒后继续处理下一条消息，索引: 1755, 实例ID: task_35_index_1755_1771516749.2342
[2026-02-19T23:59:10+08:00][info] 返回:{"status":true,"message":"发送完成，成功1个，失败0个[]","data":{"success":[{"group_id":3657218256,"group_link":"https:\/\/t.me\/+Hg62NsrbOCZmZmY8","type":"megagroup","message":"发送成功","message_id":21704}],"failed":[],"debug":["处理标识符: https:\/\/t.me\/+Hg62NsrbOCZmZmY8, 清理后: https:\/\/t.me\/+Hg62NsrbOCZmZmY8, 识别为链接: True, 识别为数字ID: False"],"warning":""},"api_address":"185.165.170.142:5083"}
[2026-02-19T23:59:10+08:00][info] 消息ID缓存成功: task_id=28, group_id=https://t.me/+Hg62NsrbOCZmZmY8, msg_index=1673, message_id=21704, send_user_id=2348
[2026-02-19T23:59:10+08:00][info] 消息状态标记为已发送: task_id=28, group_id=https://t.me/+Hg62NsrbOCZmZmY8, msg_index=1673
[2026-02-19T23:59:10+08:00][info] 返回:{"status":true,"message":"发送完成，成功1个，失败0个[]","data":{"success":[{"group_id":3770869551,"group_link":"https:\/\/t.me\/+ZpSvBhFQCCEwMzdk","type":"megagroup","message":"发送成功","message_id":549}],"failed":[],"debug":["处理标识符: https:\/\/t.me\/+ZpSvBhFQCCEwMzdk, 清理后: https:\/\/t.me\/+ZpSvBhFQCCEwMzdk, 识别为链接: True, 识别为数字ID: False"],"warning":""},"api_address":"185.165.170.142:5020"}
[2026-02-19T23:59:10+08:00][info] 消息ID缓存成功: task_id=39, group_id=https://t.me/+ZpSvBhFQCCEwMzdk, msg_index=393, message_id=549, send_user_id=3155
[2026-02-19T23:59:10+08:00][info] 消息状态标记为已发送: task_id=39, group_id=https://t.me/+ZpSvBhFQCCEwMzdk, msg_index=393
[2026-02-19T23:59:12+08:00][info] 任务 39 将在 96 秒后继续处理下一条消息，索引: 394, 实例ID: task_39_index_394_1771516752.0822
[2026-02-19T23:59:12+08:00][info] 任务 28 将在 90 秒后继续处理下一条消息，索引: 1674, 实例ID: task_28_index_1674_1771516752.0832
[2026-02-19T23:59:16+08:00][info] 开始处理队列任务: task_id=31, current_index=1674
[2026-02-19T23:59:16+08:00][info] 消息缓存初始化完成: task_id=31, groups=https://t.me/+4azhFwWhx1czMzE0
[2026-02-19T23:59:16+08:00][info] 任务 31 第 3 次循环，重置群组 https://t.me/+4azhFwWhx1czMzE0 消息状态
[2026-02-19T23:59:16+08:00][info] 使用消息配置中指定的用户 2342 的 session_path/www/wwwroot/tdata.tgbota.top/public/uploads/admin/202601/6971e94ea480a/16099937875/tdata/temp_8332236344.session
[2026-02-19T23:59:19+08:00][info] 返回:{"status":true,"message":"发送完成，成功1个，失败0个[]","data":{"success":[{"group_id":3079998653,"group_link":"https:\/\/t.me\/+4azhFwWhx1czMzE0","type":"megagroup","message":"发送成功","message_id":14527}],"failed":[],"debug":["处理标识符: https:\/\/t.me\/+4azhFwWhx1czMzE0, 清理后: https:\/\/t.me\/+4azhFwWhx1czMzE0, 识别为链接: True, 识别为数字ID: False"],"warning":""},"api_address":"185.165.170.142:5077"}
[2026-02-19T23:59:19+08:00][info] 消息ID缓存成功: task_id=31, group_id=https://t.me/+4azhFwWhx1czMzE0, msg_index=1674, message_id=14527, send_user_id=2342
[2026-02-19T23:59:19+08:00][info] 消息状态标记为已发送: task_id=31, group_id=https://t.me/+4azhFwWhx1czMzE0, msg_index=1674
[2026-02-19T23:59:19+08:00][info] 任务 31 将在 68 秒后继续处理下一条消息，索引: 1675, 实例ID: task_31_index_1675_1771516759.3158
[2026-02-19T23:59:31+08:00][info] 开始处理队列任务: task_id=36, current_index=1705
[2026-02-19T23:59:31+08:00][info] 消息缓存初始化完成: task_id=36, groups=https://t.me/+o12qlRNkdiViMjE0
[2026-02-19T23:59:31+08:00][info] 任务 36 第 3 次循环，重置群组 https://t.me/+o12qlRNkdiViMjE0 消息状态
[2026-02-19T23:59:31+08:00][info] 使用当前发送用户 2416 的 session_path/www/wwwroot/tdata.tgbota.top/public/uploads/admin/202602/69862ac4b6550/817026445311/tdata/temp_8246945843.session
[2026-02-19T23:59:33+08:00][info] 开始处理队列任务: task_id=25, current_index=1668
[2026-02-19T23:59:33+08:00][info] 返回:{"status":true,"message":"发送完成，成功1个，失败0个[]","data":{"success":[{"group_id":3479387283,"group_link":"https:\/\/t.me\/+o12qlRNkdiViMjE0","type":"megagroup","message":"发送成功","message_id":10350}],"failed":[],"debug":["处理标识符: https:\/\/t.me\/+o12qlRNkdiViMjE0, 清理后: https:\/\/t.me\/+o12qlRNkdiViMjE0, 识别为链接: True, 识别为数字ID: False"],"warning":""},"api_address":"185.165.170.142:5000"}
[2026-02-19T23:59:33+08:00][info] 消息ID缓存成功: task_id=36, group_id=https://t.me/+o12qlRNkdiViMjE0, msg_index=1705, message_id=10350, send_user_id=2416
[2026-02-19T23:59:33+08:00][info] 消息状态标记为已发送: task_id=36, group_id=https://t.me/+o12qlRNkdiViMjE0, msg_index=1705
[2026-02-19T23:59:33+08:00][info] 任务 36 将在 95 秒后继续处理下一条消息，索引: 1706, 实例ID: task_36_index_1706_1771516773.3123
[2026-02-19T23:59:33+08:00][info] 消息缓存初始化完成: task_id=25, groups=https://t.me/+HZFEhfAwKjhmZDZk
[2026-02-19T23:59:33+08:00][info] 任务 25 第 3 次循环，重置群组 https://t.me/+HZFEhfAwKjhmZDZk 消息状态
[2026-02-19T23:59:33+08:00][info] 使用当前发送用户 2372 的 session_path/www/wwwroot/tdata.tgbota.top/public/uploads/admin/202601/6971e94ea480a/16077062896/tdata/temp_8463172201.session
[2026-02-19T23:59:35+08:00][info] 开始处理队列任务: task_id=29, current_index=1669
[2026-02-19T23:59:35+08:00][info] 开始处理队列任务: task_id=40, current_index=392
[2026-02-19T23:59:35+08:00][info] 返回:{"status":true,"message":"发送完成，成功1个，失败0个[]","data":{"success":[{"group_id":3482989339,"group_link":"https:\/\/t.me\/+HZFEhfAwKjhmZDZk","type":"megagroup","message":"发送成功","message_id":30222}],"failed":[],"debug":["处理标识符: https:\/\/t.me\/+HZFEhfAwKjhmZDZk, 清理后: https:\/\/t.me\/+HZFEhfAwKjhmZDZk, 识别为链接: True, 识别为数字ID: False"],"warning":""},"api_address":"185.165.170.142:5107"}
[2026-02-19T23:59:35+08:00][info] 消息ID缓存成功: task_id=25, group_id=https://t.me/+HZFEhfAwKjhmZDZk, msg_index=1668, message_id=30222, send_user_id=2372
[2026-02-19T23:59:35+08:00][info] 消息状态标记为已发送: task_id=25, group_id=https://t.me/+HZFEhfAwKjhmZDZk, msg_index=1668
[2026-02-19T23:59:35+08:00][info] 使用消息配置中指定的用户 3156 的 session_path/www/wwwroot/tdata.tgbota.top/public/uploads/admin/202602/699625adf380f/14797799667/tdata/temp_8482324361.session
[2026-02-19T23:59:36+08:00][info] 任务 25 将在 65 秒后继续处理下一条消息，索引: 1669, 实例ID: task_25_index_1669_1771516776.0197
[2026-02-19T23:59:36+08:00][info] 消息缓存初始化完成: task_id=29, groups=https://t.me/+WZlsKfz1W89jYjE0
[2026-02-19T23:59:36+08:00][info] 任务 29 第 3 次循环，重置群组 https://t.me/+WZlsKfz1W89jYjE0 消息状态
[2026-02-19T23:59:36+08:00][info] 使用当前发送用户 2372 的 session_path/www/wwwroot/tdata.tgbota.top/public/uploads/admin/202601/6971e94ea480a/16077062896/tdata/temp_8463172201.session
[2026-02-19T23:59:38+08:00][info] 返回:{"status":true,"message":"发送完成，成功1个，失败0个[]","data":{"success":[{"group_id":3799666589,"group_link":"https:\/\/t.me\/+IfyZ_OVthdI5YzNk","type":"megagroup","message":"发送成功","message_id":549}],"failed":[],"debug":["处理标识符: https:\/\/t.me\/+IfyZ_OVthdI5YzNk, 清理后: https:\/\/t.me\/+IfyZ_OVthdI5YzNk, 识别为链接: True, 识别为数字ID: False"],"warning":""},"api_address":"185.165.170.142:5021"}
[2026-02-19T23:59:38+08:00][info] 消息ID缓存成功: task_id=40, group_id=https://t.me/+IfyZ_OVthdI5YzNk, msg_index=392, message_id=549, send_user_id=3156
[2026-02-19T23:59:38+08:00][info] 消息状态标记为已发送: task_id=40, group_id=https://t.me/+IfyZ_OVthdI5YzNk, msg_index=392
[2026-02-19T23:59:38+08:00][info] 任务 40 将在 90 秒后继续处理下一条消息，索引: 393, 实例ID: task_40_index_393_1771516778.5077
[2026-02-19T23:59:39+08:00][info] 返回:{"status":true,"message":"发送完成，成功1个，失败0个[]","data":{"success":[{"group_id":3780502866,"group_link":"https:\/\/t.me\/+WZlsKfz1W89jYjE0","type":"megagroup","message":"发送成功","message_id":21763}],"failed":[],"debug":["处理标识符: https:\/\/t.me\/+WZlsKfz1W89jYjE0, 清理后: https:\/\/t.me\/+WZlsKfz1W89jYjE0, 识别为链接: True, 识别为数字ID: False"],"warning":""},"api_address":"185.165.170.142:5107"}
[2026-02-19T23:59:39+08:00][info] 消息ID缓存成功: task_id=29, group_id=https://t.me/+WZlsKfz1W89jYjE0, msg_index=1669, message_id=21763, send_user_id=2372
[2026-02-19T23:59:39+08:00][info] 消息状态标记为已发送: task_id=29, group_id=https://t.me/+WZlsKfz1W89jYjE0, msg_index=1669
[2026-02-19T23:59:39+08:00][info] 任务 29 将在 88 秒后继续处理下一条消息，索引: 1670, 实例ID: task_29_index_1670_1771516779.0601
[2026-02-19T23:59:40+08:00][info] 开始处理队列任务: task_id=38, current_index=394
[2026-02-19T23:59:40+08:00][info] 使用feedbackType=393的消息ID: 548
[2026-02-19T23:59:40+08:00][info] 使用消息配置中指定的用户 3154 的 session_path/www/wwwroot/tdata.tgbota.top/public/uploads/admin/202602/699625adf380f/14709432508/tdata/temp_8592555199.session
[2026-02-19T23:59:43+08:00][info] 返回:{"status":true,"message":"发送完成，成功1个，失败0个[]","data":{"success":[{"group_id":3794396962,"group_link":"https:\/\/t.me\/+69dYKDni-wFmYWE0","type":"megagroup","message":"发送成功","message_id":550}],"failed":[],"debug":["处理标识符: https:\/\/t.me\/+69dYKDni-wFmYWE0, 清理后: https:\/\/t.me\/+69dYKDni-wFmYWE0, 识别为链接: True, 识别为数字ID: False"],"warning":""},"api_address":"185.165.170.142:5019"}
[2026-02-19T23:59:43+08:00][info] 消息ID缓存成功: task_id=38, group_id=https://t.me/+69dYKDni-wFmYWE0, msg_index=394, message_id=550, send_user_id=3154
[2026-02-19T23:59:43+08:00][info] 消息状态标记为已发送: task_id=38, group_id=https://t.me/+69dYKDni-wFmYWE0, msg_index=394
[2026-02-19T23:59:43+08:00][info] 任务 38 将在 100 秒后继续处理下一条消息，索引: 395, 实例ID: task_38_index_395_1771516783.7092
[2026-02-19T23:59:53+08:00][info] 开始处理队列任务: task_id=34, current_index=1541
[2026-02-19T23:59:53+08:00][info] 消息缓存初始化完成: task_id=34, groups=https://t.me/+CUyn8iqnQwEzNDY0
[2026-02-19T23:59:53+08:00][info] 任务 34 第 2 次循环，重置群组 https://t.me/+CUyn8iqnQwEzNDY0 消息状态
[2026-02-19T23:59:53+08:00][info] 使用当前发送用户 2424 的 session_path/www/wwwroot/tdata.tgbota.top/public/uploads/admin/202602/69862ac4b6550/818015751850/tdata/temp_8456369347.session
[2026-02-19T23:59:55+08:00][info] 返回:{"status":true,"message":"发送完成，成功1个，失败0个[]","data":{"success":[{"group_id":3719450736,"group_link":"https:\/\/t.me\/+CUyn8iqnQwEzNDY0","type":"megagroup","message":"发送成功","message_id":10285}],"failed":[],"debug":["处理标识符: https:\/\/t.me\/+CUyn8iqnQwEzNDY0, 清理后: https:\/\/t.me\/+CUyn8iqnQwEzNDY0, 识别为链接: True, 识别为数字ID: False"],"warning":""},"api_address":"185.165.170.142:5008"}
[2026-02-19T23:59:55+08:00][info] 消息ID缓存成功: task_id=34, group_id=https://t.me/+CUyn8iqnQwEzNDY0, msg_index=1541, message_id=10285, send_user_id=2424
[2026-02-19T23:59:55+08:00][info] 消息状态标记为已发送: task_id=34, group_id=https://t.me/+CUyn8iqnQwEzNDY0, msg_index=1541
[2026-02-19T23:59:55+08:00][info] 任务 34 将在 98 秒后继续处理下一条消息，索引: 1542, 实例ID: task_34_index_1542_1771516795.5005
[2026-02-19T23:59:59+08:00][info] 开始处理队列任务: task_id=37, current_index=1742
