2026-03-17 13:41:12 [ERROR] [monitor] 处理聊天动作事件失败: 'NoneType' object has no attribute 'id'
Traceback (most recent call last):
  File "/www/wwwroot/tdata.tgbota.top/pythons/monitor.py", line 849, in _handle_chat_action
    user_id=user.id,
            ^^^^^^^
AttributeError: 'NoneType' object has no attribute 'id'
2026-03-18 14:58:49 [ERROR] [monitor] 处理聊天动作事件失败: 'NoneType' object has no attribute 'id'
Traceback (most recent call last):
  File "/www/wwwroot/tdata.tgbota.top/pythons/monitor.py", line 849, in _handle_chat_action
    user_id=user.id,
            ^^^^^^^
AttributeError: 'NoneType' object has no attribute 'id'
2026-03-18 17:38:41 [ERROR] [telethon.network.connection.connection] Unexpected exception in the receive loop
Traceback (most recent call last):
  File "/www/server/pyporject_evn/versions/3.11.14/lib/python3.11/site-packages/telethon/network/connection/connection.py", line 341, in _recv_loop
    data = await self._recv()
           ^^^^^^^^^^^^^^^^^^
  File "/www/server/pyporject_evn/versions/3.11.14/lib/python3.11/site-packages/telethon/network/connection/connection.py", line 406, in _recv
    return await self._codec.read_packet(self._obfuscation)
           ^^^^^^^^^^^^^^^^^^^^^^^^^^^^^^^^^^^^^^^^^^^^^^^^
  File "/www/server/pyporject_evn/versions/3.11.14/lib/python3.11/site-packages/telethon/network/connection/tcpabridged.py", line 19, in read_packet
    length = struct.unpack('<B', await reader.readexactly(1))[0]
                                 ^^^^^^^^^^^^^^^^^^^^^^^^^^^
  File "/www/server/pyporject_evn/versions/3.11.14/lib/python3.11/site-packages/telethon/network/connection/tcpobfuscated.py", line 48, in readexactly
    return self._decrypt.encrypt(await self._reader.readexactly(n))
                                 ^^^^^^^^^^^^^^^^^^^^^^^^^^^^^^^^^
  File "/www/server/pyporject_evn/versions/3.11.14/lib/python3.11/asyncio/streams.py", line 750, in readexactly
    await self._wait_for_data('readexactly')
  File "/www/server/pyporject_evn/versions/3.11.14/lib/python3.11/asyncio/streams.py", line 529, in _wait_for_data
    raise RuntimeError(
RuntimeError: readexactly() called while another coroutine is already waiting for incoming data
2026-03-18 17:38:42 [ERROR] [telethon.network.mtprotosender] Unhandled error while receiving data
Traceback (most recent call last):
  File "/www/server/pyporject_evn/versions/3.11.14/lib/python3.11/site-packages/telethon/network/mtprotosender.py", line 513, in _recv_loop
    body = await self._connection.recv()
           ^^^^^^^^^^^^^^^^^^^^^^^^^^^^^
  File "/www/server/pyporject_evn/versions/3.11.14/lib/python3.11/site-packages/telethon/network/connection/connection.py", line 310, in recv
    raise err
  File "/www/server/pyporject_evn/versions/3.11.14/lib/python3.11/site-packages/telethon/network/connection/connection.py", line 341, in _recv_loop
    data = await self._recv()
           ^^^^^^^^^^^^^^^^^^
  File "/www/server/pyporject_evn/versions/3.11.14/lib/python3.11/site-packages/telethon/network/connection/connection.py", line 406, in _recv
    return await self._codec.read_packet(self._obfuscation)
           ^^^^^^^^^^^^^^^^^^^^^^^^^^^^^^^^^^^^^^^^^^^^^^^^
  File "/www/server/pyporject_evn/versions/3.11.14/lib/python3.11/site-packages/telethon/network/connection/tcpabridged.py", line 19, in read_packet
    length = struct.unpack('<B', await reader.readexactly(1))[0]
                                 ^^^^^^^^^^^^^^^^^^^^^^^^^^^
  File "/www/server/pyporject_evn/versions/3.11.14/lib/python3.11/site-packages/telethon/network/connection/tcpobfuscated.py", line 48, in readexactly
    return self._decrypt.encrypt(await self._reader.readexactly(n))
                                 ^^^^^^^^^^^^^^^^^^^^^^^^^^^^^^^^^
  File "/www/server/pyporject_evn/versions/3.11.14/lib/python3.11/asyncio/streams.py", line 750, in readexactly
    await self._wait_for_data('readexactly')
  File "/www/server/pyporject_evn/versions/3.11.14/lib/python3.11/asyncio/streams.py", line 529, in _wait_for_data
    raise RuntimeError(
RuntimeError: readexactly() called while another coroutine is already waiting for incoming data
2026-03-18 17:38:42 [ERROR] [telethon.network.connection.connection] Unexpected exception in the receive loop
Traceback (most recent call last):
  File "/www/server/pyporject_evn/versions/3.11.14/lib/python3.11/site-packages/telethon/network/connection/connection.py", line 341, in _recv_loop
    data = await self._recv()
           ^^^^^^^^^^^^^^^^^^
  File "/www/server/pyporject_evn/versions/3.11.14/lib/python3.11/site-packages/telethon/network/connection/connection.py", line 406, in _recv
    return await self._codec.read_packet(self._obfuscation)
           ^^^^^^^^^^^^^^^^^^^^^^^^^^^^^^^^^^^^^^^^^^^^^^^^
  File "/www/server/pyporject_evn/versions/3.11.14/lib/python3.11/site-packages/telethon/network/connection/tcpabridged.py", line 19, in read_packet
    length = struct.unpack('<B', await reader.readexactly(1))[0]
                                 ^^^^^^^^^^^^^^^^^^^^^^^^^^^
  File "/www/server/pyporject_evn/versions/3.11.14/lib/python3.11/site-packages/telethon/network/connection/tcpobfuscated.py", line 48, in readexactly
    return self._decrypt.encrypt(await self._reader.readexactly(n))
                                 ^^^^^^^^^^^^^^^^^^^^^^^^^^^^^^^^^
  File "/www/server/pyporject_evn/versions/3.11.14/lib/python3.11/asyncio/streams.py", line 750, in readexactly
    await self._wait_for_data('readexactly')
  File "/www/server/pyporject_evn/versions/3.11.14/lib/python3.11/asyncio/streams.py", line 529, in _wait_for_data
    raise RuntimeError(
RuntimeError: readexactly() called while another coroutine is already waiting for incoming data
2026-03-18 17:38:44 [ERROR] [telethon.network.mtprotosender] Unhandled error while receiving data
Traceback (most recent call last):
  File "/www/server/pyporject_evn/versions/3.11.14/lib/python3.11/site-packages/telethon/network/mtprotosender.py", line 513, in _recv_loop
    body = await self._connection.recv()
           ^^^^^^^^^^^^^^^^^^^^^^^^^^^^^
  File "/www/server/pyporject_evn/versions/3.11.14/lib/python3.11/site-packages/telethon/network/connection/connection.py", line 310, in recv
    raise err
  File "/www/server/pyporject_evn/versions/3.11.14/lib/python3.11/site-packages/telethon/network/connection/connection.py", line 341, in _recv_loop
    data = await self._recv()
           ^^^^^^^^^^^^^^^^^^
  File "/www/server/pyporject_evn/versions/3.11.14/lib/python3.11/site-packages/telethon/network/connection/connection.py", line 406, in _recv
    return await self._codec.read_packet(self._obfuscation)
           ^^^^^^^^^^^^^^^^^^^^^^^^^^^^^^^^^^^^^^^^^^^^^^^^
  File "/www/server/pyporject_evn/versions/3.11.14/lib/python3.11/site-packages/telethon/network/connection/tcpabridged.py", line 19, in read_packet
    length = struct.unpack('<B', await reader.readexactly(1))[0]
                                 ^^^^^^^^^^^^^^^^^^^^^^^^^^^
  File "/www/server/pyporject_evn/versions/3.11.14/lib/python3.11/site-packages/telethon/network/connection/tcpobfuscated.py", line 48, in readexactly
    return self._decrypt.encrypt(await self._reader.readexactly(n))
                                 ^^^^^^^^^^^^^^^^^^^^^^^^^^^^^^^^^
  File "/www/server/pyporject_evn/versions/3.11.14/lib/python3.11/asyncio/streams.py", line 750, in readexactly
    await self._wait_for_data('readexactly')
  File "/www/server/pyporject_evn/versions/3.11.14/lib/python3.11/asyncio/streams.py", line 529, in _wait_for_data
    raise RuntimeError(
RuntimeError: readexactly() called while another coroutine is already waiting for incoming data
2026-03-18 17:38:44 [ERROR] [telethon.network.connection.connection] Unexpected exception in the receive loop
Traceback (most recent call last):
  File "/www/server/pyporject_evn/versions/3.11.14/lib/python3.11/site-packages/telethon/network/connection/connection.py", line 341, in _recv_loop
    data = await self._recv()
           ^^^^^^^^^^^^^^^^^^
  File "/www/server/pyporject_evn/versions/3.11.14/lib/python3.11/site-packages/telethon/network/connection/connection.py", line 406, in _recv
    return await self._codec.read_packet(self._obfuscation)
           ^^^^^^^^^^^^^^^^^^^^^^^^^^^^^^^^^^^^^^^^^^^^^^^^
  File "/www/server/pyporject_evn/versions/3.11.14/lib/python3.11/site-packages/telethon/network/connection/tcpabridged.py", line 19, in read_packet
    length = struct.unpack('<B', await reader.readexactly(1))[0]
                                 ^^^^^^^^^^^^^^^^^^^^^^^^^^^
  File "/www/server/pyporject_evn/versions/3.11.14/lib/python3.11/site-packages/telethon/network/connection/tcpobfuscated.py", line 48, in readexactly
    return self._decrypt.encrypt(await self._reader.readexactly(n))
                                 ^^^^^^^^^^^^^^^^^^^^^^^^^^^^^^^^^
  File "/www/server/pyporject_evn/versions/3.11.14/lib/python3.11/asyncio/streams.py", line 750, in readexactly
    await self._wait_for_data('readexactly')
  File "/www/server/pyporject_evn/versions/3.11.14/lib/python3.11/asyncio/streams.py", line 529, in _wait_for_data
    raise RuntimeError(
RuntimeError: readexactly() called while another coroutine is already waiting for incoming data
2026-03-18 17:38:45 [ERROR] [telethon.network.mtprotosender] Unhandled error while receiving data
Traceback (most recent call last):
  File "/www/server/pyporject_evn/versions/3.11.14/lib/python3.11/site-packages/telethon/network/mtprotosender.py", line 513, in _recv_loop
    body = await self._connection.recv()
           ^^^^^^^^^^^^^^^^^^^^^^^^^^^^^
  File "/www/server/pyporject_evn/versions/3.11.14/lib/python3.11/site-packages/telethon/network/connection/connection.py", line 310, in recv
    raise err
  File "/www/server/pyporject_evn/versions/3.11.14/lib/python3.11/site-packages/telethon/network/connection/connection.py", line 341, in _recv_loop
    data = await self._recv()
           ^^^^^^^^^^^^^^^^^^
  File "/www/server/pyporject_evn/versions/3.11.14/lib/python3.11/site-packages/telethon/network/connection/connection.py", line 406, in _recv
    return await self._codec.read_packet(self._obfuscation)
           ^^^^^^^^^^^^^^^^^^^^^^^^^^^^^^^^^^^^^^^^^^^^^^^^
  File "/www/server/pyporject_evn/versions/3.11.14/lib/python3.11/site-packages/telethon/network/connection/tcpabridged.py", line 19, in read_packet
    length = struct.unpack('<B', await reader.readexactly(1))[0]
                                 ^^^^^^^^^^^^^^^^^^^^^^^^^^^
  File "/www/server/pyporject_evn/versions/3.11.14/lib/python3.11/site-packages/telethon/network/connection/tcpobfuscated.py", line 48, in readexactly
    return self._decrypt.encrypt(await self._reader.readexactly(n))
                                 ^^^^^^^^^^^^^^^^^^^^^^^^^^^^^^^^^
  File "/www/server/pyporject_evn/versions/3.11.14/lib/python3.11/asyncio/streams.py", line 750, in readexactly
    await self._wait_for_data('readexactly')
  File "/www/server/pyporject_evn/versions/3.11.14/lib/python3.11/asyncio/streams.py", line 529, in _wait_for_data
    raise RuntimeError(
RuntimeError: readexactly() called while another coroutine is already waiting for incoming data
2026-03-18 17:38:46 [ERROR] [telethon.network.connection.connection] Unexpected exception in the receive loop
Traceback (most recent call last):
  File "/www/server/pyporject_evn/versions/3.11.14/lib/python3.11/site-packages/telethon/network/connection/connection.py", line 341, in _recv_loop
    data = await self._recv()
           ^^^^^^^^^^^^^^^^^^
  File "/www/server/pyporject_evn/versions/3.11.14/lib/python3.11/site-packages/telethon/network/connection/connection.py", line 406, in _recv
    return await self._codec.read_packet(self._obfuscation)
           ^^^^^^^^^^^^^^^^^^^^^^^^^^^^^^^^^^^^^^^^^^^^^^^^
  File "/www/server/pyporject_evn/versions/3.11.14/lib/python3.11/site-packages/telethon/network/connection/tcpabridged.py", line 19, in read_packet
    length = struct.unpack('<B', await reader.readexactly(1))[0]
                                 ^^^^^^^^^^^^^^^^^^^^^^^^^^^
  File "/www/server/pyporject_evn/versions/3.11.14/lib/python3.11/site-packages/telethon/network/connection/tcpobfuscated.py", line 48, in readexactly
    return self._decrypt.encrypt(await self._reader.readexactly(n))
                                 ^^^^^^^^^^^^^^^^^^^^^^^^^^^^^^^^^
  File "/www/server/pyporject_evn/versions/3.11.14/lib/python3.11/asyncio/streams.py", line 750, in readexactly
    await self._wait_for_data('readexactly')
  File "/www/server/pyporject_evn/versions/3.11.14/lib/python3.11/asyncio/streams.py", line 529, in _wait_for_data
    raise RuntimeError(
RuntimeError: readexactly() called while another coroutine is already waiting for incoming data
2026-03-18 17:38:47 [ERROR] [telethon.network.mtprotosender] Unhandled error while receiving data
Traceback (most recent call last):
  File "/www/server/pyporject_evn/versions/3.11.14/lib/python3.11/site-packages/telethon/network/mtprotosender.py", line 513, in _recv_loop
    body = await self._connection.recv()
           ^^^^^^^^^^^^^^^^^^^^^^^^^^^^^
  File "/www/server/pyporject_evn/versions/3.11.14/lib/python3.11/site-packages/telethon/network/connection/connection.py", line 310, in recv
    raise err
  File "/www/server/pyporject_evn/versions/3.11.14/lib/python3.11/site-packages/telethon/network/connection/connection.py", line 341, in _recv_loop
    data = await self._recv()
           ^^^^^^^^^^^^^^^^^^
  File "/www/server/pyporject_evn/versions/3.11.14/lib/python3.11/site-packages/telethon/network/connection/connection.py", line 406, in _recv
    return await self._codec.read_packet(self._obfuscation)
           ^^^^^^^^^^^^^^^^^^^^^^^^^^^^^^^^^^^^^^^^^^^^^^^^
  File "/www/server/pyporject_evn/versions/3.11.14/lib/python3.11/site-packages/telethon/network/connection/tcpabridged.py", line 19, in read_packet
    length = struct.unpack('<B', await reader.readexactly(1))[0]
                                 ^^^^^^^^^^^^^^^^^^^^^^^^^^^
  File "/www/server/pyporject_evn/versions/3.11.14/lib/python3.11/site-packages/telethon/network/connection/tcpobfuscated.py", line 48, in readexactly
    return self._decrypt.encrypt(await self._reader.readexactly(n))
                                 ^^^^^^^^^^^^^^^^^^^^^^^^^^^^^^^^^
  File "/www/server/pyporject_evn/versions/3.11.14/lib/python3.11/asyncio/streams.py", line 750, in readexactly
    await self._wait_for_data('readexactly')
  File "/www/server/pyporject_evn/versions/3.11.14/lib/python3.11/asyncio/streams.py", line 529, in _wait_for_data
    raise RuntimeError(
RuntimeError: readexactly() called while another coroutine is already waiting for incoming data
2026-03-18 18:15:16 [ERROR] [telethon.network.connection.connection] Unexpected exception in the receive loop
Traceback (most recent call last):
  File "/www/server/pyporject_evn/versions/3.11.14/lib/python3.11/site-packages/telethon/network/connection/connection.py", line 341, in _recv_loop
    data = await self._recv()
           ^^^^^^^^^^^^^^^^^^
  File "/www/server/pyporject_evn/versions/3.11.14/lib/python3.11/site-packages/telethon/network/connection/connection.py", line 406, in _recv
    return await self._codec.read_packet(self._obfuscation)
           ^^^^^^^^^^^^^^^^^^^^^^^^^^^^^^^^^^^^^^^^^^^^^^^^
  File "/www/server/pyporject_evn/versions/3.11.14/lib/python3.11/site-packages/telethon/network/connection/tcpabridged.py", line 19, in read_packet
    length = struct.unpack('<B', await reader.readexactly(1))[0]
                                 ^^^^^^^^^^^^^^^^^^^^^^^^^^^
  File "/www/server/pyporject_evn/versions/3.11.14/lib/python3.11/site-packages/telethon/network/connection/tcpobfuscated.py", line 48, in readexactly
    return self._decrypt.encrypt(await self._reader.readexactly(n))
                                 ^^^^^^^^^^^^^^^^^^^^^^^^^^^^^^^^^
  File "/www/server/pyporject_evn/versions/3.11.14/lib/python3.11/asyncio/streams.py", line 750, in readexactly
    await self._wait_for_data('readexactly')
  File "/www/server/pyporject_evn/versions/3.11.14/lib/python3.11/asyncio/streams.py", line 529, in _wait_for_data
    raise RuntimeError(
RuntimeError: readexactly() called while another coroutine is already waiting for incoming data
2026-03-18 18:15:17 [ERROR] [telethon.network.mtprotosender] Unhandled error while receiving data
Traceback (most recent call last):
  File "/www/server/pyporject_evn/versions/3.11.14/lib/python3.11/site-packages/telethon/network/mtprotosender.py", line 513, in _recv_loop
    body = await self._connection.recv()
           ^^^^^^^^^^^^^^^^^^^^^^^^^^^^^
  File "/www/server/pyporject_evn/versions/3.11.14/lib/python3.11/site-packages/telethon/network/connection/connection.py", line 310, in recv
    raise err
  File "/www/server/pyporject_evn/versions/3.11.14/lib/python3.11/site-packages/telethon/network/connection/connection.py", line 341, in _recv_loop
    data = await self._recv()
           ^^^^^^^^^^^^^^^^^^
  File "/www/server/pyporject_evn/versions/3.11.14/lib/python3.11/site-packages/telethon/network/connection/connection.py", line 406, in _recv
    return await self._codec.read_packet(self._obfuscation)
           ^^^^^^^^^^^^^^^^^^^^^^^^^^^^^^^^^^^^^^^^^^^^^^^^
  File "/www/server/pyporject_evn/versions/3.11.14/lib/python3.11/site-packages/telethon/network/connection/tcpabridged.py", line 19, in read_packet
    length = struct.unpack('<B', await reader.readexactly(1))[0]
                                 ^^^^^^^^^^^^^^^^^^^^^^^^^^^
  File "/www/server/pyporject_evn/versions/3.11.14/lib/python3.11/site-packages/telethon/network/connection/tcpobfuscated.py", line 48, in readexactly
    return self._decrypt.encrypt(await self._reader.readexactly(n))
                                 ^^^^^^^^^^^^^^^^^^^^^^^^^^^^^^^^^
  File "/www/server/pyporject_evn/versions/3.11.14/lib/python3.11/asyncio/streams.py", line 750, in readexactly
    await self._wait_for_data('readexactly')
  File "/www/server/pyporject_evn/versions/3.11.14/lib/python3.11/asyncio/streams.py", line 529, in _wait_for_data
    raise RuntimeError(
RuntimeError: readexactly() called while another coroutine is already waiting for incoming data
2026-03-18 18:15:32 [ERROR] [monitor] 处理聊天动作事件失败: 'NoneType' object has no attribute 'id'
Traceback (most recent call last):
  File "/www/wwwroot/tdata.tgbota.top/pythons/monitor.py", line 849, in _handle_chat_action
    user_id=user.id,
            ^^^^^^^
AttributeError: 'NoneType' object has no attribute 'id'
2026-03-18 18:15:32 [ERROR] [telethon.network.connection.connection] Unexpected exception in the receive loop
Traceback (most recent call last):
  File "/www/server/pyporject_evn/versions/3.11.14/lib/python3.11/site-packages/telethon/network/connection/connection.py", line 341, in _recv_loop
    data = await self._recv()
           ^^^^^^^^^^^^^^^^^^
  File "/www/server/pyporject_evn/versions/3.11.14/lib/python3.11/site-packages/telethon/network/connection/connection.py", line 406, in _recv
    return await self._codec.read_packet(self._obfuscation)
           ^^^^^^^^^^^^^^^^^^^^^^^^^^^^^^^^^^^^^^^^^^^^^^^^
  File "/www/server/pyporject_evn/versions/3.11.14/lib/python3.11/site-packages/telethon/network/connection/tcpabridged.py", line 19, in read_packet
    length = struct.unpack('<B', await reader.readexactly(1))[0]
                                 ^^^^^^^^^^^^^^^^^^^^^^^^^^^
  File "/www/server/pyporject_evn/versions/3.11.14/lib/python3.11/site-packages/telethon/network/connection/tcpobfuscated.py", line 48, in readexactly
    return self._decrypt.encrypt(await self._reader.readexactly(n))
                                 ^^^^^^^^^^^^^^^^^^^^^^^^^^^^^^^^^
  File "/www/server/pyporject_evn/versions/3.11.14/lib/python3.11/asyncio/streams.py", line 750, in readexactly
    await self._wait_for_data('readexactly')
  File "/www/server/pyporject_evn/versions/3.11.14/lib/python3.11/asyncio/streams.py", line 529, in _wait_for_data
    raise RuntimeError(
RuntimeError: readexactly() called while another coroutine is already waiting for incoming data
2026-03-18 18:15:33 [ERROR] [telethon.network.mtprotosender] Unhandled error while receiving data
Traceback (most recent call last):
  File "/www/server/pyporject_evn/versions/3.11.14/lib/python3.11/site-packages/telethon/network/mtprotosender.py", line 513, in _recv_loop
    body = await self._connection.recv()
           ^^^^^^^^^^^^^^^^^^^^^^^^^^^^^
  File "/www/server/pyporject_evn/versions/3.11.14/lib/python3.11/site-packages/telethon/network/connection/connection.py", line 310, in recv
    raise err
  File "/www/server/pyporject_evn/versions/3.11.14/lib/python3.11/site-packages/telethon/network/connection/connection.py", line 341, in _recv_loop
    data = await self._recv()
           ^^^^^^^^^^^^^^^^^^
  File "/www/server/pyporject_evn/versions/3.11.14/lib/python3.11/site-packages/telethon/network/connection/connection.py", line 406, in _recv
    return await self._codec.read_packet(self._obfuscation)
           ^^^^^^^^^^^^^^^^^^^^^^^^^^^^^^^^^^^^^^^^^^^^^^^^
  File "/www/server/pyporject_evn/versions/3.11.14/lib/python3.11/site-packages/telethon/network/connection/tcpabridged.py", line 19, in read_packet
    length = struct.unpack('<B', await reader.readexactly(1))[0]
                                 ^^^^^^^^^^^^^^^^^^^^^^^^^^^
  File "/www/server/pyporject_evn/versions/3.11.14/lib/python3.11/site-packages/telethon/network/connection/tcpobfuscated.py", line 48, in readexactly
    return self._decrypt.encrypt(await self._reader.readexactly(n))
                                 ^^^^^^^^^^^^^^^^^^^^^^^^^^^^^^^^^
  File "/www/server/pyporject_evn/versions/3.11.14/lib/python3.11/asyncio/streams.py", line 750, in readexactly
    await self._wait_for_data('readexactly')
  File "/www/server/pyporject_evn/versions/3.11.14/lib/python3.11/asyncio/streams.py", line 529, in _wait_for_data
    raise RuntimeError(
RuntimeError: readexactly() called while another coroutine is already waiting for incoming data
2026-03-18 18:15:38 [ERROR] [telethon.network.connection.connection] Unexpected exception in the receive loop
Traceback (most recent call last):
  File "/www/server/pyporject_evn/versions/3.11.14/lib/python3.11/site-packages/telethon/network/connection/connection.py", line 341, in _recv_loop
    data = await self._recv()
           ^^^^^^^^^^^^^^^^^^
  File "/www/server/pyporject_evn/versions/3.11.14/lib/python3.11/site-packages/telethon/network/connection/connection.py", line 406, in _recv
    return await self._codec.read_packet(self._obfuscation)
           ^^^^^^^^^^^^^^^^^^^^^^^^^^^^^^^^^^^^^^^^^^^^^^^^
  File "/www/server/pyporject_evn/versions/3.11.14/lib/python3.11/site-packages/telethon/network/connection/tcpabridged.py", line 19, in read_packet
    length = struct.unpack('<B', await reader.readexactly(1))[0]
                                 ^^^^^^^^^^^^^^^^^^^^^^^^^^^
  File "/www/server/pyporject_evn/versions/3.11.14/lib/python3.11/site-packages/telethon/network/connection/tcpobfuscated.py", line 48, in readexactly
    return self._decrypt.encrypt(await self._reader.readexactly(n))
                                 ^^^^^^^^^^^^^^^^^^^^^^^^^^^^^^^^^
  File "/www/server/pyporject_evn/versions/3.11.14/lib/python3.11/asyncio/streams.py", line 750, in readexactly
    await self._wait_for_data('readexactly')
  File "/www/server/pyporject_evn/versions/3.11.14/lib/python3.11/asyncio/streams.py", line 529, in _wait_for_data
    raise RuntimeError(
RuntimeError: readexactly() called while another coroutine is already waiting for incoming data
2026-03-18 18:15:39 [ERROR] [telethon.network.mtprotosender] Unhandled error while receiving data
Traceback (most recent call last):
  File "/www/server/pyporject_evn/versions/3.11.14/lib/python3.11/site-packages/telethon/network/mtprotosender.py", line 513, in _recv_loop
    body = await self._connection.recv()
           ^^^^^^^^^^^^^^^^^^^^^^^^^^^^^
  File "/www/server/pyporject_evn/versions/3.11.14/lib/python3.11/site-packages/telethon/network/connection/connection.py", line 310, in recv
    raise err
  File "/www/server/pyporject_evn/versions/3.11.14/lib/python3.11/site-packages/telethon/network/connection/connection.py", line 341, in _recv_loop
    data = await self._recv()
           ^^^^^^^^^^^^^^^^^^
  File "/www/server/pyporject_evn/versions/3.11.14/lib/python3.11/site-packages/telethon/network/connection/connection.py", line 406, in _recv
    return await self._codec.read_packet(self._obfuscation)
           ^^^^^^^^^^^^^^^^^^^^^^^^^^^^^^^^^^^^^^^^^^^^^^^^
  File "/www/server/pyporject_evn/versions/3.11.14/lib/python3.11/site-packages/telethon/network/connection/tcpabridged.py", line 19, in read_packet
    length = struct.unpack('<B', await reader.readexactly(1))[0]
                                 ^^^^^^^^^^^^^^^^^^^^^^^^^^^
  File "/www/server/pyporject_evn/versions/3.11.14/lib/python3.11/site-packages/telethon/network/connection/tcpobfuscated.py", line 48, in readexactly
    return self._decrypt.encrypt(await self._reader.readexactly(n))
                                 ^^^^^^^^^^^^^^^^^^^^^^^^^^^^^^^^^
  File "/www/server/pyporject_evn/versions/3.11.14/lib/python3.11/asyncio/streams.py", line 750, in readexactly
    await self._wait_for_data('readexactly')
  File "/www/server/pyporject_evn/versions/3.11.14/lib/python3.11/asyncio/streams.py", line 529, in _wait_for_data
    raise RuntimeError(
RuntimeError: readexactly() called while another coroutine is already waiting for incoming data
2026-03-18 18:16:27 [ERROR] [telethon.network.connection.connection] Unexpected exception in the receive loop
Traceback (most recent call last):
  File "/www/server/pyporject_evn/versions/3.11.14/lib/python3.11/site-packages/telethon/network/connection/connection.py", line 341, in _recv_loop
    data = await self._recv()
           ^^^^^^^^^^^^^^^^^^
  File "/www/server/pyporject_evn/versions/3.11.14/lib/python3.11/site-packages/telethon/network/connection/connection.py", line 406, in _recv
    return await self._codec.read_packet(self._obfuscation)
           ^^^^^^^^^^^^^^^^^^^^^^^^^^^^^^^^^^^^^^^^^^^^^^^^
  File "/www/server/pyporject_evn/versions/3.11.14/lib/python3.11/site-packages/telethon/network/connection/tcpabridged.py", line 19, in read_packet
    length = struct.unpack('<B', await reader.readexactly(1))[0]
                                 ^^^^^^^^^^^^^^^^^^^^^^^^^^^
  File "/www/server/pyporject_evn/versions/3.11.14/lib/python3.11/site-packages/telethon/network/connection/tcpobfuscated.py", line 48, in readexactly
    return self._decrypt.encrypt(await self._reader.readexactly(n))
                                 ^^^^^^^^^^^^^^^^^^^^^^^^^^^^^^^^^
  File "/www/server/pyporject_evn/versions/3.11.14/lib/python3.11/asyncio/streams.py", line 750, in readexactly
    await self._wait_for_data('readexactly')
  File "/www/server/pyporject_evn/versions/3.11.14/lib/python3.11/asyncio/streams.py", line 529, in _wait_for_data
    raise RuntimeError(
RuntimeError: readexactly() called while another coroutine is already waiting for incoming data
2026-03-18 18:16:28 [ERROR] [telethon.network.connection.connection] Unexpected exception in the receive loop
Traceback (most recent call last):
  File "/www/server/pyporject_evn/versions/3.11.14/lib/python3.11/site-packages/telethon/network/connection/connection.py", line 341, in _recv_loop
    data = await self._recv()
           ^^^^^^^^^^^^^^^^^^
  File "/www/server/pyporject_evn/versions/3.11.14/lib/python3.11/site-packages/telethon/network/connection/connection.py", line 406, in _recv
    return await self._codec.read_packet(self._obfuscation)
           ^^^^^^^^^^^^^^^^^^^^^^^^^^^^^^^^^^^^^^^^^^^^^^^^
  File "/www/server/pyporject_evn/versions/3.11.14/lib/python3.11/site-packages/telethon/network/connection/tcpabridged.py", line 19, in read_packet
    length = struct.unpack('<B', await reader.readexactly(1))[0]
                                 ^^^^^^^^^^^^^^^^^^^^^^^^^^^
  File "/www/server/pyporject_evn/versions/3.11.14/lib/python3.11/site-packages/telethon/network/connection/tcpobfuscated.py", line 48, in readexactly
    return self._decrypt.encrypt(await self._reader.readexactly(n))
                                 ^^^^^^^^^^^^^^^^^^^^^^^^^^^^^^^^^
  File "/www/server/pyporject_evn/versions/3.11.14/lib/python3.11/asyncio/streams.py", line 750, in readexactly
    await self._wait_for_data('readexactly')
  File "/www/server/pyporject_evn/versions/3.11.14/lib/python3.11/asyncio/streams.py", line 529, in _wait_for_data
    raise RuntimeError(
RuntimeError: readexactly() called while another coroutine is already waiting for incoming data
2026-03-18 18:16:28 [ERROR] [telethon.network.mtprotosender] Unhandled error while receiving data
Traceback (most recent call last):
  File "/www/server/pyporject_evn/versions/3.11.14/lib/python3.11/site-packages/telethon/network/mtprotosender.py", line 513, in _recv_loop
    body = await self._connection.recv()
           ^^^^^^^^^^^^^^^^^^^^^^^^^^^^^
  File "/www/server/pyporject_evn/versions/3.11.14/lib/python3.11/site-packages/telethon/network/connection/connection.py", line 310, in recv
    raise err
  File "/www/server/pyporject_evn/versions/3.11.14/lib/python3.11/site-packages/telethon/network/connection/connection.py", line 341, in _recv_loop
    data = await self._recv()
           ^^^^^^^^^^^^^^^^^^
  File "/www/server/pyporject_evn/versions/3.11.14/lib/python3.11/site-packages/telethon/network/connection/connection.py", line 406, in _recv
    return await self._codec.read_packet(self._obfuscation)
           ^^^^^^^^^^^^^^^^^^^^^^^^^^^^^^^^^^^^^^^^^^^^^^^^
  File "/www/server/pyporject_evn/versions/3.11.14/lib/python3.11/site-packages/telethon/network/connection/tcpabridged.py", line 19, in read_packet
    length = struct.unpack('<B', await reader.readexactly(1))[0]
                                 ^^^^^^^^^^^^^^^^^^^^^^^^^^^
  File "/www/server/pyporject_evn/versions/3.11.14/lib/python3.11/site-packages/telethon/network/connection/tcpobfuscated.py", line 48, in readexactly
    return self._decrypt.encrypt(await self._reader.readexactly(n))
                                 ^^^^^^^^^^^^^^^^^^^^^^^^^^^^^^^^^
  File "/www/server/pyporject_evn/versions/3.11.14/lib/python3.11/asyncio/streams.py", line 750, in readexactly
    await self._wait_for_data('readexactly')
  File "/www/server/pyporject_evn/versions/3.11.14/lib/python3.11/asyncio/streams.py", line 529, in _wait_for_data
    raise RuntimeError(
RuntimeError: readexactly() called while another coroutine is already waiting for incoming data
2026-03-18 18:16:33 [ERROR] [telethon.network.connection.connection] Unexpected exception in the receive loop
Traceback (most recent call last):
  File "/www/server/pyporject_evn/versions/3.11.14/lib/python3.11/site-packages/telethon/network/connection/connection.py", line 341, in _recv_loop
    data = await self._recv()
           ^^^^^^^^^^^^^^^^^^
  File "/www/server/pyporject_evn/versions/3.11.14/lib/python3.11/site-packages/telethon/network/connection/connection.py", line 406, in _recv
    return await self._codec.read_packet(self._obfuscation)
           ^^^^^^^^^^^^^^^^^^^^^^^^^^^^^^^^^^^^^^^^^^^^^^^^
  File "/www/server/pyporject_evn/versions/3.11.14/lib/python3.11/site-packages/telethon/network/connection/tcpabridged.py", line 19, in read_packet
    length = struct.unpack('<B', await reader.readexactly(1))[0]
                                 ^^^^^^^^^^^^^^^^^^^^^^^^^^^
  File "/www/server/pyporject_evn/versions/3.11.14/lib/python3.11/site-packages/telethon/network/connection/tcpobfuscated.py", line 48, in readexactly
    return self._decrypt.encrypt(await self._reader.readexactly(n))
                                 ^^^^^^^^^^^^^^^^^^^^^^^^^^^^^^^^^
  File "/www/server/pyporject_evn/versions/3.11.14/lib/python3.11/asyncio/streams.py", line 750, in readexactly
    await self._wait_for_data('readexactly')
  File "/www/server/pyporject_evn/versions/3.11.14/lib/python3.11/asyncio/streams.py", line 529, in _wait_for_data
    raise RuntimeError(
RuntimeError: readexactly() called while another coroutine is already waiting for incoming data
2026-03-18 18:16:34 [ERROR] [telethon.network.connection.connection] Unexpected exception in the receive loop
Traceback (most recent call last):
  File "/www/server/pyporject_evn/versions/3.11.14/lib/python3.11/site-packages/telethon/network/connection/connection.py", line 341, in _recv_loop
    data = await self._recv()
           ^^^^^^^^^^^^^^^^^^
  File "/www/server/pyporject_evn/versions/3.11.14/lib/python3.11/site-packages/telethon/network/connection/connection.py", line 406, in _recv
    return await self._codec.read_packet(self._obfuscation)
           ^^^^^^^^^^^^^^^^^^^^^^^^^^^^^^^^^^^^^^^^^^^^^^^^
  File "/www/server/pyporject_evn/versions/3.11.14/lib/python3.11/site-packages/telethon/network/connection/tcpabridged.py", line 19, in read_packet
    length = struct.unpack('<B', await reader.readexactly(1))[0]
                                 ^^^^^^^^^^^^^^^^^^^^^^^^^^^
  File "/www/server/pyporject_evn/versions/3.11.14/lib/python3.11/site-packages/telethon/network/connection/tcpobfuscated.py", line 48, in readexactly
    return self._decrypt.encrypt(await self._reader.readexactly(n))
                                 ^^^^^^^^^^^^^^^^^^^^^^^^^^^^^^^^^
  File "/www/server/pyporject_evn/versions/3.11.14/lib/python3.11/asyncio/streams.py", line 750, in readexactly
    await self._wait_for_data('readexactly')
  File "/www/server/pyporject_evn/versions/3.11.14/lib/python3.11/asyncio/streams.py", line 529, in _wait_for_data
    raise RuntimeError(
RuntimeError: readexactly() called while another coroutine is already waiting for incoming data
2026-03-18 18:16:34 [ERROR] [telethon.network.mtprotosender] Unhandled error while receiving data
Traceback (most recent call last):
  File "/www/server/pyporject_evn/versions/3.11.14/lib/python3.11/site-packages/telethon/network/mtprotosender.py", line 513, in _recv_loop
    body = await self._connection.recv()
           ^^^^^^^^^^^^^^^^^^^^^^^^^^^^^
  File "/www/server/pyporject_evn/versions/3.11.14/lib/python3.11/site-packages/telethon/network/connection/connection.py", line 310, in recv
    raise err
  File "/www/server/pyporject_evn/versions/3.11.14/lib/python3.11/site-packages/telethon/network/connection/connection.py", line 341, in _recv_loop
    data = await self._recv()
           ^^^^^^^^^^^^^^^^^^
  File "/www/server/pyporject_evn/versions/3.11.14/lib/python3.11/site-packages/telethon/network/connection/connection.py", line 406, in _recv
    return await self._codec.read_packet(self._obfuscation)
           ^^^^^^^^^^^^^^^^^^^^^^^^^^^^^^^^^^^^^^^^^^^^^^^^
  File "/www/server/pyporject_evn/versions/3.11.14/lib/python3.11/site-packages/telethon/network/connection/tcpabridged.py", line 19, in read_packet
    length = struct.unpack('<B', await reader.readexactly(1))[0]
                                 ^^^^^^^^^^^^^^^^^^^^^^^^^^^
  File "/www/server/pyporject_evn/versions/3.11.14/lib/python3.11/site-packages/telethon/network/connection/tcpobfuscated.py", line 48, in readexactly
    return self._decrypt.encrypt(await self._reader.readexactly(n))
                                 ^^^^^^^^^^^^^^^^^^^^^^^^^^^^^^^^^
  File "/www/server/pyporject_evn/versions/3.11.14/lib/python3.11/asyncio/streams.py", line 750, in readexactly
    await self._wait_for_data('readexactly')
  File "/www/server/pyporject_evn/versions/3.11.14/lib/python3.11/asyncio/streams.py", line 529, in _wait_for_data
    raise RuntimeError(
RuntimeError: readexactly() called while another coroutine is already waiting for incoming data
2026-03-18 18:34:08 [ERROR] [telethon.client.telegrambaseclient] Unhandled exception from keepalive_handle after cancelling <class '_asyncio.Task'> (<Task finished name='Task-438' coro=<UpdateMethods._keepalive_loop() done, defined at /www/server/pyporject_evn/versions/3.11.14/lib/python3.11/site-packages/telethon/client/updates.py:485> exception=OperationalError('database is locked')>)
Traceback (most recent call last):
  File "/www/server/pyporject_evn/versions/3.11.14/lib/python3.11/site-packages/telethon/helpers.py", line 176, in _cancel
    await task
  File "/www/server/pyporject_evn/versions/3.11.14/lib/python3.11/site-packages/telethon/client/updates.py", line 521, in _keepalive_loop
    await self._save_states_and_entities()
  File "/www/server/pyporject_evn/versions/3.11.14/lib/python3.11/site-packages/telethon/client/telegrambaseclient.py", line 701, in _save_states_and_entities
    self.session.process_entities(
  File "/www/server/pyporject_evn/versions/3.11.14/lib/python3.11/site-packages/telethon/sessions/sqlite.py", line 301, in process_entities
    c.executemany(
sqlite3.OperationalError: database is locked
2026-03-18 18:34:13 [ERROR] [asyncio] Task exception was never retrieved
future: <Task finished name='Task-533' coro=<TelegramBaseClient._disconnect_coro() done, defined at /www/server/pyporject_evn/versions/3.11.14/lib/python3.11/site-packages/telethon/client/telegrambaseclient.py:716> exception=OperationalError('database is locked')>
Traceback (most recent call last):
  File "/www/server/pyporject_evn/versions/3.11.14/lib/python3.11/site-packages/telethon/client/telegrambaseclient.py", line 746, in _disconnect_coro
    await self._save_states_and_entities()
  File "/www/server/pyporject_evn/versions/3.11.14/lib/python3.11/site-packages/telethon/client/telegrambaseclient.py", line 701, in _save_states_and_entities
    self.session.process_entities(
  File "/www/server/pyporject_evn/versions/3.11.14/lib/python3.11/site-packages/telethon/sessions/sqlite.py", line 301, in process_entities
    c.executemany(
sqlite3.OperationalError: database is locked
2026-03-18 19:06:28 [ERROR] [telethon.client.telegrambaseclient] Unhandled exception from keepalive_handle after cancelling <class '_asyncio.Task'> (<Task finished name='Task-440' coro=<UpdateMethods._keepalive_loop() done, defined at /www/server/pyporject_evn/versions/3.11.14/lib/python3.11/site-packages/telethon/client/updates.py:485> exception=OperationalError('database is locked')>)
Traceback (most recent call last):
  File "/www/server/pyporject_evn/versions/3.11.14/lib/python3.11/site-packages/telethon/helpers.py", line 176, in _cancel
    await task
  File "/www/server/pyporject_evn/versions/3.11.14/lib/python3.11/site-packages/telethon/client/updates.py", line 521, in _keepalive_loop
    await self._save_states_and_entities()
  File "/www/server/pyporject_evn/versions/3.11.14/lib/python3.11/site-packages/telethon/client/telegrambaseclient.py", line 701, in _save_states_and_entities
    self.session.process_entities(
  File "/www/server/pyporject_evn/versions/3.11.14/lib/python3.11/site-packages/telethon/sessions/sqlite.py", line 301, in process_entities
    c.executemany(
sqlite3.OperationalError: database is locked
2026-03-18 19:06:33 [ERROR] [asyncio] Task exception was never retrieved
future: <Task finished name='Task-588' coro=<TelegramBaseClient._disconnect_coro() done, defined at /www/server/pyporject_evn/versions/3.11.14/lib/python3.11/site-packages/telethon/client/telegrambaseclient.py:716> exception=OperationalError('database is locked')>
Traceback (most recent call last):
  File "/www/server/pyporject_evn/versions/3.11.14/lib/python3.11/site-packages/telethon/client/telegrambaseclient.py", line 746, in _disconnect_coro
    await self._save_states_and_entities()
  File "/www/server/pyporject_evn/versions/3.11.14/lib/python3.11/site-packages/telethon/client/telegrambaseclient.py", line 701, in _save_states_and_entities
    self.session.process_entities(
  File "/www/server/pyporject_evn/versions/3.11.14/lib/python3.11/site-packages/telethon/sessions/sqlite.py", line 301, in process_entities
    c.executemany(
sqlite3.OperationalError: database is locked
2026-03-18 19:06:54 [ERROR] [telethon.client.telegrambaseclient] Unhandled exception from keepalive_handle after cancelling <class '_asyncio.Task'> (<Task finished name='Task-10096' coro=<UpdateMethods._keepalive_loop() done, defined at /www/server/pyporject_evn/versions/3.11.14/lib/python3.11/site-packages/telethon/client/updates.py:485> exception=OperationalError('database is locked')>)
Traceback (most recent call last):
  File "/www/server/pyporject_evn/versions/3.11.14/lib/python3.11/site-packages/telethon/helpers.py", line 176, in _cancel
    await task
  File "/www/server/pyporject_evn/versions/3.11.14/lib/python3.11/site-packages/telethon/client/updates.py", line 521, in _keepalive_loop
    await self._save_states_and_entities()
  File "/www/server/pyporject_evn/versions/3.11.14/lib/python3.11/site-packages/telethon/client/telegrambaseclient.py", line 701, in _save_states_and_entities
    self.session.process_entities(
  File "/www/server/pyporject_evn/versions/3.11.14/lib/python3.11/site-packages/telethon/sessions/sqlite.py", line 301, in process_entities
    c.executemany(
sqlite3.OperationalError: database is locked
2026-03-18 19:29:46 [ERROR] [telethon.client.updates] Fatal error handling updates (this is a bug in Telethon v1.42.0, please report it)
Traceback (most recent call last):
  File "/www/server/pyporject_evn/versions/3.11.14/lib/python3.11/site-packages/telethon/client/updates.py", line 467, in _update_loop
    _preprocess_updates = await self._preprocess_updates(processed, users, chats)
                          ^^^^^^^^^^^^^^^^^^^^^^^^^^^^^^^^^^^^^^^^^^^^^^^^^^^^^^^
  File "/www/server/pyporject_evn/versions/3.11.14/lib/python3.11/site-packages/telethon/client/updates.py", line 478, in _preprocess_updates
    await utils.maybe_async(self.session.process_entities(types.contacts.ResolvedPeer(None, users, chats)))
                            ^^^^^^^^^^^^^^^^^^^^^^^^^^^^^^^^^^^^^^^^^^^^^^^^^^^^^^^^^^^^^^^^^^^^^^^^^^^^^^
  File "/www/server/pyporject_evn/versions/3.11.14/lib/python3.11/site-packages/telethon/sessions/sqlite.py", line 301, in process_entities
    c.executemany(
sqlite3.OperationalError: database is locked
2026-03-18 19:29:46 [ERROR] [telethon.client.telegrambaseclient] Unhandled exception from keepalive_handle after cancelling <class '_asyncio.Task'> (<Task finished name='Task-160' coro=<UpdateMethods._keepalive_loop() done, defined at /www/server/pyporject_evn/versions/3.11.14/lib/python3.11/site-packages/telethon/client/updates.py:485> exception=OperationalError('database is locked')>)
Traceback (most recent call last):
  File "/www/server/pyporject_evn/versions/3.11.14/lib/python3.11/site-packages/telethon/helpers.py", line 176, in _cancel
    await task
  File "/www/server/pyporject_evn/versions/3.11.14/lib/python3.11/site-packages/telethon/client/updates.py", line 521, in _keepalive_loop
    await self._save_states_and_entities()
  File "/www/server/pyporject_evn/versions/3.11.14/lib/python3.11/site-packages/telethon/client/telegrambaseclient.py", line 701, in _save_states_and_entities
    self.session.process_entities(
  File "/www/server/pyporject_evn/versions/3.11.14/lib/python3.11/site-packages/telethon/sessions/sqlite.py", line 301, in process_entities
    c.executemany(
sqlite3.OperationalError: database is locked
2026-03-18 19:29:51 [ERROR] [asyncio] Task exception was never retrieved
future: <Task finished name='Task-551' coro=<TelegramBaseClient._disconnect_coro() done, defined at /www/server/pyporject_evn/versions/3.11.14/lib/python3.11/site-packages/telethon/client/telegrambaseclient.py:716> exception=OperationalError('database is locked')>
Traceback (most recent call last):
  File "/www/server/pyporject_evn/versions/3.11.14/lib/python3.11/site-packages/telethon/client/telegrambaseclient.py", line 746, in _disconnect_coro
    await self._save_states_and_entities()
  File "/www/server/pyporject_evn/versions/3.11.14/lib/python3.11/site-packages/telethon/client/telegrambaseclient.py", line 701, in _save_states_and_entities
    self.session.process_entities(
  File "/www/server/pyporject_evn/versions/3.11.14/lib/python3.11/site-packages/telethon/sessions/sqlite.py", line 301, in process_entities
    c.executemany(
sqlite3.OperationalError: database is locked
2026-03-18 19:30:16 [ERROR] [telethon.client.telegrambaseclient] Unhandled exception from keepalive_handle after cancelling <class '_asyncio.Task'> (<Task finished name='Task-148' coro=<UpdateMethods._keepalive_loop() done, defined at /www/server/pyporject_evn/versions/3.11.14/lib/python3.11/site-packages/telethon/client/updates.py:485> exception=OperationalError('database is locked')>)
Traceback (most recent call last):
  File "/www/server/pyporject_evn/versions/3.11.14/lib/python3.11/site-packages/telethon/helpers.py", line 176, in _cancel
    await task
  File "/www/server/pyporject_evn/versions/3.11.14/lib/python3.11/site-packages/telethon/client/updates.py", line 521, in _keepalive_loop
    await self._save_states_and_entities()
  File "/www/server/pyporject_evn/versions/3.11.14/lib/python3.11/site-packages/telethon/client/telegrambaseclient.py", line 701, in _save_states_and_entities
    self.session.process_entities(
  File "/www/server/pyporject_evn/versions/3.11.14/lib/python3.11/site-packages/telethon/sessions/sqlite.py", line 301, in process_entities
    c.executemany(
sqlite3.OperationalError: database is locked
2026-03-18 19:30:21 [ERROR] [asyncio] Task exception was never retrieved
future: <Task finished name='Task-732' coro=<TelegramBaseClient._disconnect_coro() done, defined at /www/server/pyporject_evn/versions/3.11.14/lib/python3.11/site-packages/telethon/client/telegrambaseclient.py:716> exception=OperationalError('database is locked')>
Traceback (most recent call last):
  File "/www/server/pyporject_evn/versions/3.11.14/lib/python3.11/site-packages/telethon/client/telegrambaseclient.py", line 746, in _disconnect_coro
    await self._save_states_and_entities()
  File "/www/server/pyporject_evn/versions/3.11.14/lib/python3.11/site-packages/telethon/client/telegrambaseclient.py", line 701, in _save_states_and_entities
    self.session.process_entities(
  File "/www/server/pyporject_evn/versions/3.11.14/lib/python3.11/site-packages/telethon/sessions/sqlite.py", line 301, in process_entities
    c.executemany(
sqlite3.OperationalError: database is locked
2026-03-18 19:31:07 [ERROR] [telethon.client.updates] Fatal error handling updates (this is a bug in Telethon v1.42.0, please report it)
Traceback (most recent call last):
  File "/www/server/pyporject_evn/versions/3.11.14/lib/python3.11/site-packages/telethon/client/updates.py", line 467, in _update_loop
    _preprocess_updates = await self._preprocess_updates(processed, users, chats)
                          ^^^^^^^^^^^^^^^^^^^^^^^^^^^^^^^^^^^^^^^^^^^^^^^^^^^^^^^
  File "/www/server/pyporject_evn/versions/3.11.14/lib/python3.11/site-packages/telethon/client/updates.py", line 478, in _preprocess_updates
    await utils.maybe_async(self.session.process_entities(types.contacts.ResolvedPeer(None, users, chats)))
                            ^^^^^^^^^^^^^^^^^^^^^^^^^^^^^^^^^^^^^^^^^^^^^^^^^^^^^^^^^^^^^^^^^^^^^^^^^^^^^^
  File "/www/server/pyporject_evn/versions/3.11.14/lib/python3.11/site-packages/telethon/sessions/sqlite.py", line 301, in process_entities
    c.executemany(
sqlite3.OperationalError: database is locked
2026-03-18 19:31:12 [ERROR] [asyncio] Task exception was never retrieved
future: <Task finished name='Task-476' coro=<TelegramBaseClient._disconnect_coro() done, defined at /www/server/pyporject_evn/versions/3.11.14/lib/python3.11/site-packages/telethon/client/telegrambaseclient.py:716> exception=OperationalError('database is locked')>
Traceback (most recent call last):
  File "/www/server/pyporject_evn/versions/3.11.14/lib/python3.11/site-packages/telethon/client/telegrambaseclient.py", line 746, in _disconnect_coro
    await self._save_states_and_entities()
  File "/www/server/pyporject_evn/versions/3.11.14/lib/python3.11/site-packages/telethon/client/telegrambaseclient.py", line 701, in _save_states_and_entities
    self.session.process_entities(
  File "/www/server/pyporject_evn/versions/3.11.14/lib/python3.11/site-packages/telethon/sessions/sqlite.py", line 301, in process_entities
    c.executemany(
sqlite3.OperationalError: database is locked
2026-03-18 19:31:37 [ERROR] [telethon.client.updates] Fatal error handling updates (this is a bug in Telethon v1.42.0, please report it)
Traceback (most recent call last):
  File "/www/server/pyporject_evn/versions/3.11.14/lib/python3.11/site-packages/telethon/client/updates.py", line 467, in _update_loop
    _preprocess_updates = await self._preprocess_updates(processed, users, chats)
                          ^^^^^^^^^^^^^^^^^^^^^^^^^^^^^^^^^^^^^^^^^^^^^^^^^^^^^^^
  File "/www/server/pyporject_evn/versions/3.11.14/lib/python3.11/site-packages/telethon/client/updates.py", line 478, in _preprocess_updates
    await utils.maybe_async(self.session.process_entities(types.contacts.ResolvedPeer(None, users, chats)))
                            ^^^^^^^^^^^^^^^^^^^^^^^^^^^^^^^^^^^^^^^^^^^^^^^^^^^^^^^^^^^^^^^^^^^^^^^^^^^^^^
  File "/www/server/pyporject_evn/versions/3.11.14/lib/python3.11/site-packages/telethon/sessions/sqlite.py", line 301, in process_entities
    c.executemany(
sqlite3.OperationalError: database is locked
2026-03-18 19:31:37 [ERROR] [telethon.client.telegrambaseclient] Unhandled exception from keepalive_handle after cancelling <class '_asyncio.Task'> (<Task finished name='Task-151' coro=<UpdateMethods._keepalive_loop() done, defined at /www/server/pyporject_evn/versions/3.11.14/lib/python3.11/site-packages/telethon/client/updates.py:485> exception=OperationalError('database is locked')>)
Traceback (most recent call last):
  File "/www/server/pyporject_evn/versions/3.11.14/lib/python3.11/site-packages/telethon/helpers.py", line 176, in _cancel
    await task
  File "/www/server/pyporject_evn/versions/3.11.14/lib/python3.11/site-packages/telethon/client/updates.py", line 521, in _keepalive_loop
    await self._save_states_and_entities()
  File "/www/server/pyporject_evn/versions/3.11.14/lib/python3.11/site-packages/telethon/client/telegrambaseclient.py", line 701, in _save_states_and_entities
    self.session.process_entities(
  File "/www/server/pyporject_evn/versions/3.11.14/lib/python3.11/site-packages/telethon/sessions/sqlite.py", line 301, in process_entities
    c.executemany(
sqlite3.OperationalError: database is locked
2026-03-18 19:31:42 [ERROR] [asyncio] Task exception was never retrieved
future: <Task finished name='Task-553' coro=<TelegramBaseClient._disconnect_coro() done, defined at /www/server/pyporject_evn/versions/3.11.14/lib/python3.11/site-packages/telethon/client/telegrambaseclient.py:716> exception=OperationalError('database is locked')>
Traceback (most recent call last):
  File "/www/server/pyporject_evn/versions/3.11.14/lib/python3.11/site-packages/telethon/client/telegrambaseclient.py", line 746, in _disconnect_coro
    await self._save_states_and_entities()
  File "/www/server/pyporject_evn/versions/3.11.14/lib/python3.11/site-packages/telethon/client/telegrambaseclient.py", line 701, in _save_states_and_entities
    self.session.process_entities(
  File "/www/server/pyporject_evn/versions/3.11.14/lib/python3.11/site-packages/telethon/sessions/sqlite.py", line 301, in process_entities
    c.executemany(
sqlite3.OperationalError: database is locked
2026-03-18 19:32:07 [ERROR] [asyncio] Task was destroyed but it is pending!
task: <Task pending name='Task-634' coro=<Connection._send_loop() done, defined at /www/server/pyporject_evn/versions/3.11.14/lib/python3.11/site-packages/telethon/network/connection/connection.py:316> wait_for=<Future cancelled>>
2026-03-18 19:32:07 [ERROR] [asyncio] Task was destroyed but it is pending!
task: <Task pending name='Task-635' coro=<Connection._recv_loop() running at /www/server/pyporject_evn/versions/3.11.14/lib/python3.11/site-packages/telethon/network/connection/connection.py:361> wait_for=<Future pending cb=[Task.task_wakeup()]>>
2026-03-18 19:32:07 [ERROR] [asyncio] Task was destroyed but it is pending!
task: <Task pending name='Task-636' coro=<MTProtoSender._send_loop() done, defined at /www/server/pyporject_evn/versions/3.11.14/lib/python3.11/site-packages/telethon/network/mtprotosender.py:452> wait_for=<Future pending cb=[Task.task_wakeup()]>>
2026-03-18 19:32:07 [ERROR] [asyncio] Task was destroyed but it is pending!
task: <Task pending name='Task-637' coro=<MTProtoSender._recv_loop() done, defined at /www/server/pyporject_evn/versions/3.11.14/lib/python3.11/site-packages/telethon/network/mtprotosender.py:503> wait_for=<Future cancelled>>
2026-03-18 19:37:06 [ERROR] [telethon.client.telegrambaseclient] Unhandled exception from keepalive_handle after cancelling <class '_asyncio.Task'> (<Task finished name='Task-154' coro=<UpdateMethods._keepalive_loop() done, defined at /www/server/pyporject_evn/versions/3.11.14/lib/python3.11/site-packages/telethon/client/updates.py:485> exception=OperationalError('database is locked')>)
Traceback (most recent call last):
  File "/www/server/pyporject_evn/versions/3.11.14/lib/python3.11/site-packages/telethon/helpers.py", line 176, in _cancel
    await task
  File "/www/server/pyporject_evn/versions/3.11.14/lib/python3.11/site-packages/telethon/client/updates.py", line 521, in _keepalive_loop
    await self._save_states_and_entities()
  File "/www/server/pyporject_evn/versions/3.11.14/lib/python3.11/site-packages/telethon/client/telegrambaseclient.py", line 701, in _save_states_and_entities
    self.session.process_entities(
  File "/www/server/pyporject_evn/versions/3.11.14/lib/python3.11/site-packages/telethon/sessions/sqlite.py", line 301, in process_entities
    c.executemany(
sqlite3.OperationalError: database is locked
2026-03-18 19:37:10 [ERROR] [telethon.client.telegrambaseclient] Unhandled exception from keepalive_handle after cancelling <class '_asyncio.Task'> (<Task finished name='Task-151' coro=<UpdateMethods._keepalive_loop() done, defined at /www/server/pyporject_evn/versions/3.11.14/lib/python3.11/site-packages/telethon/client/updates.py:485> exception=OperationalError('database is locked')>)
Traceback (most recent call last):
  File "/www/server/pyporject_evn/versions/3.11.14/lib/python3.11/site-packages/telethon/helpers.py", line 176, in _cancel
    await task
  File "/www/server/pyporject_evn/versions/3.11.14/lib/python3.11/site-packages/telethon/client/updates.py", line 521, in _keepalive_loop
    await self._save_states_and_entities()
  File "/www/server/pyporject_evn/versions/3.11.14/lib/python3.11/site-packages/telethon/client/telegrambaseclient.py", line 701, in _save_states_and_entities
    self.session.process_entities(
  File "/www/server/pyporject_evn/versions/3.11.14/lib/python3.11/site-packages/telethon/sessions/sqlite.py", line 301, in process_entities
    c.executemany(
sqlite3.OperationalError: database is locked
2026-03-18 19:37:11 [ERROR] [asyncio] Task exception was never retrieved
future: <Task finished name='Task-745' coro=<TelegramBaseClient._disconnect_coro() done, defined at /www/server/pyporject_evn/versions/3.11.14/lib/python3.11/site-packages/telethon/client/telegrambaseclient.py:716> exception=OperationalError('database is locked')>
Traceback (most recent call last):
  File "/www/server/pyporject_evn/versions/3.11.14/lib/python3.11/site-packages/telethon/client/telegrambaseclient.py", line 746, in _disconnect_coro
    await self._save_states_and_entities()
  File "/www/server/pyporject_evn/versions/3.11.14/lib/python3.11/site-packages/telethon/client/telegrambaseclient.py", line 701, in _save_states_and_entities
    self.session.process_entities(
  File "/www/server/pyporject_evn/versions/3.11.14/lib/python3.11/site-packages/telethon/sessions/sqlite.py", line 301, in process_entities
    c.executemany(
sqlite3.OperationalError: database is locked
2026-03-18 19:37:11 [ERROR] [telethon.client.telegrambaseclient] Unhandled exception from keepalive_handle after cancelling <class '_asyncio.Task'> (<Task finished name='Task-160' coro=<UpdateMethods._keepalive_loop() done, defined at /www/server/pyporject_evn/versions/3.11.14/lib/python3.11/site-packages/telethon/client/updates.py:485> exception=OperationalError('database is locked')>)
Traceback (most recent call last):
  File "/www/server/pyporject_evn/versions/3.11.14/lib/python3.11/site-packages/telethon/helpers.py", line 176, in _cancel
    await task
  File "/www/server/pyporject_evn/versions/3.11.14/lib/python3.11/site-packages/telethon/client/updates.py", line 521, in _keepalive_loop
    await self._save_states_and_entities()
  File "/www/server/pyporject_evn/versions/3.11.14/lib/python3.11/site-packages/telethon/client/telegrambaseclient.py", line 701, in _save_states_and_entities
    self.session.process_entities(
  File "/www/server/pyporject_evn/versions/3.11.14/lib/python3.11/site-packages/telethon/sessions/sqlite.py", line 301, in process_entities
    c.executemany(
sqlite3.OperationalError: database is locked
2026-03-18 19:37:18 [ERROR] [telethon.client.telegrambaseclient] Unhandled exception from keepalive_handle after cancelling <class '_asyncio.Task'> (<Task finished name='Task-160' coro=<UpdateMethods._keepalive_loop() done, defined at /www/server/pyporject_evn/versions/3.11.14/lib/python3.11/site-packages/telethon/client/updates.py:485> exception=OperationalError('database is locked')>)
Traceback (most recent call last):
  File "/www/server/pyporject_evn/versions/3.11.14/lib/python3.11/site-packages/telethon/helpers.py", line 176, in _cancel
    await task
  File "/www/server/pyporject_evn/versions/3.11.14/lib/python3.11/site-packages/telethon/client/updates.py", line 521, in _keepalive_loop
    await self._save_states_and_entities()
  File "/www/server/pyporject_evn/versions/3.11.14/lib/python3.11/site-packages/telethon/client/telegrambaseclient.py", line 701, in _save_states_and_entities
    self.session.process_entities(
  File "/www/server/pyporject_evn/versions/3.11.14/lib/python3.11/site-packages/telethon/sessions/sqlite.py", line 301, in process_entities
    c.executemany(
sqlite3.OperationalError: database is locked
2026-03-18 19:37:21 [ERROR] [asyncio] Task exception was never retrieved
future: <Task finished name='Task-770' coro=<TelegramBaseClient._disconnect_coro() done, defined at /www/server/pyporject_evn/versions/3.11.14/lib/python3.11/site-packages/telethon/client/telegrambaseclient.py:716> exception=OperationalError('database is locked')>
Traceback (most recent call last):
  File "/www/server/pyporject_evn/versions/3.11.14/lib/python3.11/site-packages/telethon/client/telegrambaseclient.py", line 746, in _disconnect_coro
    await self._save_states_and_entities()
  File "/www/server/pyporject_evn/versions/3.11.14/lib/python3.11/site-packages/telethon/client/telegrambaseclient.py", line 701, in _save_states_and_entities
    self.session.process_entities(
  File "/www/server/pyporject_evn/versions/3.11.14/lib/python3.11/site-packages/telethon/sessions/sqlite.py", line 301, in process_entities
    c.executemany(
sqlite3.OperationalError: database is locked
2026-03-18 19:37:23 [ERROR] [asyncio] Task exception was never retrieved
future: <Task finished name='Task-597' coro=<TelegramBaseClient._disconnect_coro() done, defined at /www/server/pyporject_evn/versions/3.11.14/lib/python3.11/site-packages/telethon/client/telegrambaseclient.py:716> exception=OperationalError('database is locked')>
Traceback (most recent call last):
  File "/www/server/pyporject_evn/versions/3.11.14/lib/python3.11/site-packages/telethon/client/telegrambaseclient.py", line 746, in _disconnect_coro
    await self._save_states_and_entities()
  File "/www/server/pyporject_evn/versions/3.11.14/lib/python3.11/site-packages/telethon/client/telegrambaseclient.py", line 701, in _save_states_and_entities
    self.session.process_entities(
  File "/www/server/pyporject_evn/versions/3.11.14/lib/python3.11/site-packages/telethon/sessions/sqlite.py", line 301, in process_entities
    c.executemany(
sqlite3.OperationalError: database is locked
2026-03-18 19:38:19 [ERROR] [telethon.client.telegrambaseclient] Unhandled exception from keepalive_handle after cancelling <class '_asyncio.Task'> (<Task finished name='Task-520' coro=<UpdateMethods._keepalive_loop() done, defined at /www/server/pyporject_evn/versions/3.11.14/lib/python3.11/site-packages/telethon/client/updates.py:485> exception=OperationalError('database is locked')>)
Traceback (most recent call last):
  File "/www/server/pyporject_evn/versions/3.11.14/lib/python3.11/site-packages/telethon/helpers.py", line 176, in _cancel
    await task
  File "/www/server/pyporject_evn/versions/3.11.14/lib/python3.11/site-packages/telethon/client/updates.py", line 521, in _keepalive_loop
    await self._save_states_and_entities()
  File "/www/server/pyporject_evn/versions/3.11.14/lib/python3.11/site-packages/telethon/client/telegrambaseclient.py", line 701, in _save_states_and_entities
    self.session.process_entities(
  File "/www/server/pyporject_evn/versions/3.11.14/lib/python3.11/site-packages/telethon/sessions/sqlite.py", line 301, in process_entities
    c.executemany(
sqlite3.OperationalError: database is locked
2026-03-18 19:38:24 [ERROR] [asyncio] Task exception was never retrieved
future: <Task finished name='Task-652' coro=<TelegramBaseClient._disconnect_coro() done, defined at /www/server/pyporject_evn/versions/3.11.14/lib/python3.11/site-packages/telethon/client/telegrambaseclient.py:716> exception=OperationalError('database is locked')>
Traceback (most recent call last):
  File "/www/server/pyporject_evn/versions/3.11.14/lib/python3.11/site-packages/telethon/client/telegrambaseclient.py", line 746, in _disconnect_coro
    await self._save_states_and_entities()
  File "/www/server/pyporject_evn/versions/3.11.14/lib/python3.11/site-packages/telethon/client/telegrambaseclient.py", line 701, in _save_states_and_entities
    self.session.process_entities(
  File "/www/server/pyporject_evn/versions/3.11.14/lib/python3.11/site-packages/telethon/sessions/sqlite.py", line 301, in process_entities
    c.executemany(
sqlite3.OperationalError: database is locked
2026-03-18 19:39:12 [ERROR] [telethon.client.updates] Fatal error handling updates (this is a bug in Telethon v1.42.0, please report it)
Traceback (most recent call last):
  File "/www/server/pyporject_evn/versions/3.11.14/lib/python3.11/site-packages/telethon/client/updates.py", line 467, in _update_loop
    _preprocess_updates = await self._preprocess_updates(processed, users, chats)
                          ^^^^^^^^^^^^^^^^^^^^^^^^^^^^^^^^^^^^^^^^^^^^^^^^^^^^^^^
  File "/www/server/pyporject_evn/versions/3.11.14/lib/python3.11/site-packages/telethon/client/updates.py", line 478, in _preprocess_updates
    await utils.maybe_async(self.session.process_entities(types.contacts.ResolvedPeer(None, users, chats)))
                            ^^^^^^^^^^^^^^^^^^^^^^^^^^^^^^^^^^^^^^^^^^^^^^^^^^^^^^^^^^^^^^^^^^^^^^^^^^^^^^
  File "/www/server/pyporject_evn/versions/3.11.14/lib/python3.11/site-packages/telethon/sessions/sqlite.py", line 301, in process_entities
    c.executemany(
sqlite3.OperationalError: database is locked
2026-03-18 19:39:17 [ERROR] [asyncio] Task exception was never retrieved
future: <Task finished name='Task-800' coro=<TelegramBaseClient._disconnect_coro() done, defined at /www/server/pyporject_evn/versions/3.11.14/lib/python3.11/site-packages/telethon/client/telegrambaseclient.py:716> exception=OperationalError('database is locked')>
Traceback (most recent call last):
  File "/www/server/pyporject_evn/versions/3.11.14/lib/python3.11/site-packages/telethon/client/telegrambaseclient.py", line 746, in _disconnect_coro
    await self._save_states_and_entities()
  File "/www/server/pyporject_evn/versions/3.11.14/lib/python3.11/site-packages/telethon/client/telegrambaseclient.py", line 701, in _save_states_and_entities
    self.session.process_entities(
  File "/www/server/pyporject_evn/versions/3.11.14/lib/python3.11/site-packages/telethon/sessions/sqlite.py", line 301, in process_entities
    c.executemany(
sqlite3.OperationalError: database is locked
2026-03-18 19:39:24 [ERROR] [telethon.client.telegrambaseclient] Unhandled exception from keepalive_handle after cancelling <class '_asyncio.Task'> (<Task finished name='Task-555' coro=<UpdateMethods._keepalive_loop() done, defined at /www/server/pyporject_evn/versions/3.11.14/lib/python3.11/site-packages/telethon/client/updates.py:485> exception=OperationalError('database is locked')>)
Traceback (most recent call last):
  File "/www/server/pyporject_evn/versions/3.11.14/lib/python3.11/site-packages/telethon/helpers.py", line 176, in _cancel
    await task
  File "/www/server/pyporject_evn/versions/3.11.14/lib/python3.11/site-packages/telethon/client/updates.py", line 521, in _keepalive_loop
    await self._save_states_and_entities()
  File "/www/server/pyporject_evn/versions/3.11.14/lib/python3.11/site-packages/telethon/client/telegrambaseclient.py", line 701, in _save_states_and_entities
    self.session.process_entities(
  File "/www/server/pyporject_evn/versions/3.11.14/lib/python3.11/site-packages/telethon/sessions/sqlite.py", line 301, in process_entities
    c.executemany(
sqlite3.OperationalError: database is locked
2026-03-18 19:39:29 [ERROR] [asyncio] Task exception was never retrieved
future: <Task finished name='Task-659' coro=<TelegramBaseClient._disconnect_coro() done, defined at /www/server/pyporject_evn/versions/3.11.14/lib/python3.11/site-packages/telethon/client/telegrambaseclient.py:716> exception=OperationalError('database is locked')>
Traceback (most recent call last):
  File "/www/server/pyporject_evn/versions/3.11.14/lib/python3.11/site-packages/telethon/client/telegrambaseclient.py", line 746, in _disconnect_coro
    await self._save_states_and_entities()
  File "/www/server/pyporject_evn/versions/3.11.14/lib/python3.11/site-packages/telethon/client/telegrambaseclient.py", line 701, in _save_states_and_entities
    self.session.process_entities(
  File "/www/server/pyporject_evn/versions/3.11.14/lib/python3.11/site-packages/telethon/sessions/sqlite.py", line 301, in process_entities
    c.executemany(
sqlite3.OperationalError: database is locked
2026-03-18 19:42:40 [ERROR] [telethon.client.telegrambaseclient] Unhandled exception from keepalive_handle after cancelling <class '_asyncio.Task'> (<Task finished name='Task-442' coro=<UpdateMethods._keepalive_loop() done, defined at /www/server/pyporject_evn/versions/3.11.14/lib/python3.11/site-packages/telethon/client/updates.py:485> exception=OperationalError('database is locked')>)
Traceback (most recent call last):
  File "/www/server/pyporject_evn/versions/3.11.14/lib/python3.11/site-packages/telethon/helpers.py", line 176, in _cancel
    await task
  File "/www/server/pyporject_evn/versions/3.11.14/lib/python3.11/site-packages/telethon/client/updates.py", line 521, in _keepalive_loop
    await self._save_states_and_entities()
  File "/www/server/pyporject_evn/versions/3.11.14/lib/python3.11/site-packages/telethon/client/telegrambaseclient.py", line 701, in _save_states_and_entities
    self.session.process_entities(
  File "/www/server/pyporject_evn/versions/3.11.14/lib/python3.11/site-packages/telethon/sessions/sqlite.py", line 301, in process_entities
    c.executemany(
sqlite3.OperationalError: database is locked
2026-03-18 19:42:45 [ERROR] [asyncio] Task exception was never retrieved
future: <Task finished name='Task-527' coro=<TelegramBaseClient._disconnect_coro() done, defined at /www/server/pyporject_evn/versions/3.11.14/lib/python3.11/site-packages/telethon/client/telegrambaseclient.py:716> exception=OperationalError('database is locked')>
Traceback (most recent call last):
  File "/www/server/pyporject_evn/versions/3.11.14/lib/python3.11/site-packages/telethon/client/telegrambaseclient.py", line 746, in _disconnect_coro
    await self._save_states_and_entities()
  File "/www/server/pyporject_evn/versions/3.11.14/lib/python3.11/site-packages/telethon/client/telegrambaseclient.py", line 701, in _save_states_and_entities
    self.session.process_entities(
  File "/www/server/pyporject_evn/versions/3.11.14/lib/python3.11/site-packages/telethon/sessions/sqlite.py", line 301, in process_entities
    c.executemany(
sqlite3.OperationalError: database is locked
2026-03-18 19:44:16 [ERROR] [telethon.client.telegrambaseclient] Unhandled exception from keepalive_handle after cancelling <class '_asyncio.Task'> (<Task finished name='Task-148' coro=<UpdateMethods._keepalive_loop() done, defined at /www/server/pyporject_evn/versions/3.11.14/lib/python3.11/site-packages/telethon/client/updates.py:485> exception=OperationalError('database is locked')>)
Traceback (most recent call last):
  File "/www/server/pyporject_evn/versions/3.11.14/lib/python3.11/site-packages/telethon/helpers.py", line 176, in _cancel
    await task
  File "/www/server/pyporject_evn/versions/3.11.14/lib/python3.11/site-packages/telethon/client/updates.py", line 521, in _keepalive_loop
    await self._save_states_and_entities()
  File "/www/server/pyporject_evn/versions/3.11.14/lib/python3.11/site-packages/telethon/client/telegrambaseclient.py", line 701, in _save_states_and_entities
    self.session.process_entities(
  File "/www/server/pyporject_evn/versions/3.11.14/lib/python3.11/site-packages/telethon/sessions/sqlite.py", line 301, in process_entities
    c.executemany(
sqlite3.OperationalError: database is locked
2026-03-18 19:45:43 [ERROR] [telethon.client.telegrambaseclient] Unhandled exception from keepalive_handle after cancelling <class '_asyncio.Task'> (<Task finished name='Task-154' coro=<UpdateMethods._keepalive_loop() done, defined at /www/server/pyporject_evn/versions/3.11.14/lib/python3.11/site-packages/telethon/client/updates.py:485> exception=OperationalError('database is locked')>)
Traceback (most recent call last):
  File "/www/server/pyporject_evn/versions/3.11.14/lib/python3.11/site-packages/telethon/helpers.py", line 176, in _cancel
    await task
  File "/www/server/pyporject_evn/versions/3.11.14/lib/python3.11/site-packages/telethon/client/updates.py", line 521, in _keepalive_loop
    await self._save_states_and_entities()
  File "/www/server/pyporject_evn/versions/3.11.14/lib/python3.11/site-packages/telethon/client/telegrambaseclient.py", line 701, in _save_states_and_entities
    self.session.process_entities(
  File "/www/server/pyporject_evn/versions/3.11.14/lib/python3.11/site-packages/telethon/sessions/sqlite.py", line 301, in process_entities
    c.executemany(
sqlite3.OperationalError: database is locked
2026-03-18 19:46:37 [ERROR] [telethon.client.telegrambaseclient] Unhandled exception from keepalive_handle after cancelling <class '_asyncio.Task'> (<Task finished name='Task-169' coro=<UpdateMethods._keepalive_loop() done, defined at /www/server/pyporject_evn/versions/3.11.14/lib/python3.11/site-packages/telethon/client/updates.py:485> exception=OperationalError('database is locked')>)
Traceback (most recent call last):
  File "/www/server/pyporject_evn/versions/3.11.14/lib/python3.11/site-packages/telethon/helpers.py", line 176, in _cancel
    await task
  File "/www/server/pyporject_evn/versions/3.11.14/lib/python3.11/site-packages/telethon/client/updates.py", line 521, in _keepalive_loop
    await self._save_states_and_entities()
  File "/www/server/pyporject_evn/versions/3.11.14/lib/python3.11/site-packages/telethon/client/telegrambaseclient.py", line 701, in _save_states_and_entities
    self.session.process_entities(
  File "/www/server/pyporject_evn/versions/3.11.14/lib/python3.11/site-packages/telethon/sessions/sqlite.py", line 301, in process_entities
    c.executemany(
sqlite3.OperationalError: database is locked
2026-03-18 19:46:50 [ERROR] [telethon.client.telegrambaseclient] Unhandled exception from keepalive_handle after cancelling <class '_asyncio.Task'> (<Task finished name='Task-149' coro=<UpdateMethods._keepalive_loop() done, defined at /www/server/pyporject_evn/versions/3.11.14/lib/python3.11/site-packages/telethon/client/updates.py:485> exception=OperationalError('database is locked')>)
Traceback (most recent call last):
  File "/www/server/pyporject_evn/versions/3.11.14/lib/python3.11/site-packages/telethon/helpers.py", line 176, in _cancel
    await task
  File "/www/server/pyporject_evn/versions/3.11.14/lib/python3.11/site-packages/telethon/client/updates.py", line 521, in _keepalive_loop
    await self._save_states_and_entities()
  File "/www/server/pyporject_evn/versions/3.11.14/lib/python3.11/site-packages/telethon/client/telegrambaseclient.py", line 701, in _save_states_and_entities
    self.session.process_entities(
  File "/www/server/pyporject_evn/versions/3.11.14/lib/python3.11/site-packages/telethon/sessions/sqlite.py", line 301, in process_entities
    c.executemany(
sqlite3.OperationalError: database is locked
2026-03-18 19:47:20 [ERROR] [telethon.client.telegrambaseclient] Unhandled exception from keepalive_handle after cancelling <class '_asyncio.Task'> (<Task finished name='Task-650' coro=<UpdateMethods._keepalive_loop() done, defined at /www/server/pyporject_evn/versions/3.11.14/lib/python3.11/site-packages/telethon/client/updates.py:485> exception=OperationalError('database is locked')>)
Traceback (most recent call last):
  File "/www/server/pyporject_evn/versions/3.11.14/lib/python3.11/site-packages/telethon/helpers.py", line 176, in _cancel
    await task
  File "/www/server/pyporject_evn/versions/3.11.14/lib/python3.11/site-packages/telethon/client/updates.py", line 521, in _keepalive_loop
    await self._save_states_and_entities()
  File "/www/server/pyporject_evn/versions/3.11.14/lib/python3.11/site-packages/telethon/client/telegrambaseclient.py", line 701, in _save_states_and_entities
    self.session.process_entities(
  File "/www/server/pyporject_evn/versions/3.11.14/lib/python3.11/site-packages/telethon/sessions/sqlite.py", line 301, in process_entities
    c.executemany(
sqlite3.OperationalError: database is locked
2026-03-18 19:47:25 [ERROR] [asyncio] Task exception was never retrieved
future: <Task finished name='Task-859' coro=<TelegramBaseClient._disconnect_coro() done, defined at /www/server/pyporject_evn/versions/3.11.14/lib/python3.11/site-packages/telethon/client/telegrambaseclient.py:716> exception=OperationalError('database is locked')>
Traceback (most recent call last):
  File "/www/server/pyporject_evn/versions/3.11.14/lib/python3.11/site-packages/telethon/client/telegrambaseclient.py", line 746, in _disconnect_coro
    await self._save_states_and_entities()
  File "/www/server/pyporject_evn/versions/3.11.14/lib/python3.11/site-packages/telethon/client/telegrambaseclient.py", line 701, in _save_states_and_entities
    self.session.process_entities(
  File "/www/server/pyporject_evn/versions/3.11.14/lib/python3.11/site-packages/telethon/sessions/sqlite.py", line 301, in process_entities
    c.executemany(
sqlite3.OperationalError: database is locked
2026-03-18 19:50:27 [ERROR] [telethon.client.telegrambaseclient] Unhandled exception from keepalive_handle after cancelling <class '_asyncio.Task'> (<Task finished name='Task-380' coro=<UpdateMethods._keepalive_loop() done, defined at /www/server/pyporject_evn/versions/3.11.14/lib/python3.11/site-packages/telethon/client/updates.py:485> exception=OperationalError('database is locked')>)
Traceback (most recent call last):
  File "/www/server/pyporject_evn/versions/3.11.14/lib/python3.11/site-packages/telethon/helpers.py", line 176, in _cancel
    await task
  File "/www/server/pyporject_evn/versions/3.11.14/lib/python3.11/site-packages/telethon/client/updates.py", line 521, in _keepalive_loop
    await self._save_states_and_entities()
  File "/www/server/pyporject_evn/versions/3.11.14/lib/python3.11/site-packages/telethon/client/telegrambaseclient.py", line 701, in _save_states_and_entities
    self.session.process_entities(
  File "/www/server/pyporject_evn/versions/3.11.14/lib/python3.11/site-packages/telethon/sessions/sqlite.py", line 301, in process_entities
    c.executemany(
sqlite3.OperationalError: database is locked
2026-03-18 19:50:32 [ERROR] [asyncio] Task exception was never retrieved
future: <Task finished name='Task-469' coro=<TelegramBaseClient._disconnect_coro() done, defined at /www/server/pyporject_evn/versions/3.11.14/lib/python3.11/site-packages/telethon/client/telegrambaseclient.py:716> exception=OperationalError('database is locked')>
Traceback (most recent call last):
  File "/www/server/pyporject_evn/versions/3.11.14/lib/python3.11/site-packages/telethon/client/telegrambaseclient.py", line 746, in _disconnect_coro
    await self._save_states_and_entities()
  File "/www/server/pyporject_evn/versions/3.11.14/lib/python3.11/site-packages/telethon/client/telegrambaseclient.py", line 701, in _save_states_and_entities
    self.session.process_entities(
  File "/www/server/pyporject_evn/versions/3.11.14/lib/python3.11/site-packages/telethon/sessions/sqlite.py", line 301, in process_entities
    c.executemany(
sqlite3.OperationalError: database is locked
2026-03-18 19:51:59 [ERROR] [telethon.client.telegrambaseclient] Unhandled exception from keepalive_handle after cancelling <class '_asyncio.Task'> (<Task finished name='Task-8483' coro=<UpdateMethods._keepalive_loop() done, defined at /www/server/pyporject_evn/versions/3.11.14/lib/python3.11/site-packages/telethon/client/updates.py:485> exception=OperationalError('database is locked')>)
Traceback (most recent call last):
  File "/www/server/pyporject_evn/versions/3.11.14/lib/python3.11/site-packages/telethon/helpers.py", line 176, in _cancel
    await task
  File "/www/server/pyporject_evn/versions/3.11.14/lib/python3.11/site-packages/telethon/client/updates.py", line 521, in _keepalive_loop
    await self._save_states_and_entities()
  File "/www/server/pyporject_evn/versions/3.11.14/lib/python3.11/site-packages/telethon/client/telegrambaseclient.py", line 701, in _save_states_and_entities
    self.session.process_entities(
  File "/www/server/pyporject_evn/versions/3.11.14/lib/python3.11/site-packages/telethon/sessions/sqlite.py", line 301, in process_entities
    c.executemany(
sqlite3.OperationalError: database is locked
2026-03-18 19:52:02 [ERROR] [telethon.client.telegrambaseclient] Unhandled exception from keepalive_handle after cancelling <class '_asyncio.Task'> (<Task finished name='Task-151' coro=<UpdateMethods._keepalive_loop() done, defined at /www/server/pyporject_evn/versions/3.11.14/lib/python3.11/site-packages/telethon/client/updates.py:485> exception=OperationalError('database is locked')>)
Traceback (most recent call last):
  File "/www/server/pyporject_evn/versions/3.11.14/lib/python3.11/site-packages/telethon/helpers.py", line 176, in _cancel
    await task
  File "/www/server/pyporject_evn/versions/3.11.14/lib/python3.11/site-packages/telethon/client/updates.py", line 521, in _keepalive_loop
    await self._save_states_and_entities()
  File "/www/server/pyporject_evn/versions/3.11.14/lib/python3.11/site-packages/telethon/client/telegrambaseclient.py", line 701, in _save_states_and_entities
    self.session.process_entities(
  File "/www/server/pyporject_evn/versions/3.11.14/lib/python3.11/site-packages/telethon/sessions/sqlite.py", line 301, in process_entities
    c.executemany(
sqlite3.OperationalError: database is locked
2026-03-18 19:52:02 [ERROR] [telethon.client.telegrambaseclient] Unhandled exception from keepalive_handle after cancelling <class '_asyncio.Task'> (<Task finished name='Task-157' coro=<UpdateMethods._keepalive_loop() done, defined at /www/server/pyporject_evn/versions/3.11.14/lib/python3.11/site-packages/telethon/client/updates.py:485> exception=OperationalError('database is locked')>)
Traceback (most recent call last):
  File "/www/server/pyporject_evn/versions/3.11.14/lib/python3.11/site-packages/telethon/helpers.py", line 176, in _cancel
    await task
  File "/www/server/pyporject_evn/versions/3.11.14/lib/python3.11/site-packages/telethon/client/updates.py", line 521, in _keepalive_loop
    await self._save_states_and_entities()
  File "/www/server/pyporject_evn/versions/3.11.14/lib/python3.11/site-packages/telethon/client/telegrambaseclient.py", line 701, in _save_states_and_entities
    self.session.process_entities(
  File "/www/server/pyporject_evn/versions/3.11.14/lib/python3.11/site-packages/telethon/sessions/sqlite.py", line 301, in process_entities
    c.executemany(
sqlite3.OperationalError: database is locked
2026-03-18 19:52:02 [ERROR] [telethon.client.telegrambaseclient] Unhandled exception from keepalive_handle after cancelling <class '_asyncio.Task'> (<Task finished name='Task-154' coro=<UpdateMethods._keepalive_loop() done, defined at /www/server/pyporject_evn/versions/3.11.14/lib/python3.11/site-packages/telethon/client/updates.py:485> exception=OperationalError('database is locked')>)
Traceback (most recent call last):
  File "/www/server/pyporject_evn/versions/3.11.14/lib/python3.11/site-packages/telethon/helpers.py", line 176, in _cancel
    await task
  File "/www/server/pyporject_evn/versions/3.11.14/lib/python3.11/site-packages/telethon/client/updates.py", line 521, in _keepalive_loop
    await self._save_states_and_entities()
  File "/www/server/pyporject_evn/versions/3.11.14/lib/python3.11/site-packages/telethon/client/telegrambaseclient.py", line 701, in _save_states_and_entities
    self.session.process_entities(
  File "/www/server/pyporject_evn/versions/3.11.14/lib/python3.11/site-packages/telethon/sessions/sqlite.py", line 301, in process_entities
    c.executemany(
sqlite3.OperationalError: database is locked
2026-03-18 19:52:02 [ERROR] [telethon.client.telegrambaseclient] Unhandled exception from keepalive_handle after cancelling <class '_asyncio.Task'> (<Task finished name='Task-148' coro=<UpdateMethods._keepalive_loop() done, defined at /www/server/pyporject_evn/versions/3.11.14/lib/python3.11/site-packages/telethon/client/updates.py:485> exception=OperationalError('database is locked')>)
Traceback (most recent call last):
  File "/www/server/pyporject_evn/versions/3.11.14/lib/python3.11/site-packages/telethon/helpers.py", line 176, in _cancel
    await task
  File "/www/server/pyporject_evn/versions/3.11.14/lib/python3.11/site-packages/telethon/client/updates.py", line 521, in _keepalive_loop
    await self._save_states_and_entities()
  File "/www/server/pyporject_evn/versions/3.11.14/lib/python3.11/site-packages/telethon/client/telegrambaseclient.py", line 701, in _save_states_and_entities
    self.session.process_entities(
  File "/www/server/pyporject_evn/versions/3.11.14/lib/python3.11/site-packages/telethon/sessions/sqlite.py", line 301, in process_entities
    c.executemany(
sqlite3.OperationalError: database is locked
2026-03-18 19:52:02 [ERROR] [telethon.client.telegrambaseclient] Unhandled exception from keepalive_handle after cancelling <class '_asyncio.Task'> (<Task finished name='Task-146' coro=<UpdateMethods._keepalive_loop() done, defined at /www/server/pyporject_evn/versions/3.11.14/lib/python3.11/site-packages/telethon/client/updates.py:485> exception=OperationalError('database is locked')>)
Traceback (most recent call last):
  File "/www/server/pyporject_evn/versions/3.11.14/lib/python3.11/site-packages/telethon/helpers.py", line 176, in _cancel
    await task
  File "/www/server/pyporject_evn/versions/3.11.14/lib/python3.11/site-packages/telethon/client/updates.py", line 521, in _keepalive_loop
    await self._save_states_and_entities()
  File "/www/server/pyporject_evn/versions/3.11.14/lib/python3.11/site-packages/telethon/client/telegrambaseclient.py", line 701, in _save_states_and_entities
    self.session.process_entities(
  File "/www/server/pyporject_evn/versions/3.11.14/lib/python3.11/site-packages/telethon/sessions/sqlite.py", line 301, in process_entities
    c.executemany(
sqlite3.OperationalError: database is locked
2026-03-18 19:52:13 [ERROR] [telethon.client.telegrambaseclient] Unhandled exception from keepalive_handle after cancelling <class '_asyncio.Task'> (<Task finished name='Task-148' coro=<UpdateMethods._keepalive_loop() done, defined at /www/server/pyporject_evn/versions/3.11.14/lib/python3.11/site-packages/telethon/client/updates.py:485> exception=OperationalError('database is locked')>)
Traceback (most recent call last):
  File "/www/server/pyporject_evn/versions/3.11.14/lib/python3.11/site-packages/telethon/helpers.py", line 176, in _cancel
    await task
  File "/www/server/pyporject_evn/versions/3.11.14/lib/python3.11/site-packages/telethon/client/updates.py", line 521, in _keepalive_loop
    await self._save_states_and_entities()
  File "/www/server/pyporject_evn/versions/3.11.14/lib/python3.11/site-packages/telethon/client/telegrambaseclient.py", line 701, in _save_states_and_entities
    self.session.process_entities(
  File "/www/server/pyporject_evn/versions/3.11.14/lib/python3.11/site-packages/telethon/sessions/sqlite.py", line 301, in process_entities
    c.executemany(
sqlite3.OperationalError: database is locked
2026-03-18 19:56:57 [ERROR] [asyncio] Task was destroyed but it is pending!
task: <Task pending name='Task-966' coro=<Connection._send_loop() done, defined at /www/server/pyporject_evn/versions/3.11.14/lib/python3.11/site-packages/telethon/network/connection/connection.py:316> wait_for=<Future cancelled>>
2026-03-18 19:56:57 [ERROR] [asyncio] Task was destroyed but it is pending!
task: <Task pending name='Task-967' coro=<Connection._recv_loop() running at /www/server/pyporject_evn/versions/3.11.14/lib/python3.11/site-packages/telethon/network/connection/connection.py:361> wait_for=<Future pending cb=[Task.task_wakeup()]>>
2026-03-18 19:56:57 [ERROR] [asyncio] Task was destroyed but it is pending!
task: <Task pending name='Task-968' coro=<MTProtoSender._send_loop() done, defined at /www/server/pyporject_evn/versions/3.11.14/lib/python3.11/site-packages/telethon/network/mtprotosender.py:452> wait_for=<Future pending cb=[Task.task_wakeup()]>>
2026-03-18 19:56:57 [ERROR] [asyncio] Task was destroyed but it is pending!
task: <Task pending name='Task-969' coro=<MTProtoSender._recv_loop() done, defined at /www/server/pyporject_evn/versions/3.11.14/lib/python3.11/site-packages/telethon/network/mtprotosender.py:503> wait_for=<Future cancelled>>
2026-03-18 20:00:47 [ERROR] [telethon.client.telegrambaseclient] Unhandled exception from keepalive_handle after cancelling <class '_asyncio.Task'> (<Task finished name='Task-460' coro=<UpdateMethods._keepalive_loop() done, defined at /www/server/pyporject_evn/versions/3.11.14/lib/python3.11/site-packages/telethon/client/updates.py:485> exception=OperationalError('database is locked')>)
Traceback (most recent call last):
  File "/www/server/pyporject_evn/versions/3.11.14/lib/python3.11/site-packages/telethon/helpers.py", line 176, in _cancel
    await task
  File "/www/server/pyporject_evn/versions/3.11.14/lib/python3.11/site-packages/telethon/client/updates.py", line 521, in _keepalive_loop
    await self._save_states_and_entities()
  File "/www/server/pyporject_evn/versions/3.11.14/lib/python3.11/site-packages/telethon/client/telegrambaseclient.py", line 701, in _save_states_and_entities
    self.session.process_entities(
  File "/www/server/pyporject_evn/versions/3.11.14/lib/python3.11/site-packages/telethon/sessions/sqlite.py", line 301, in process_entities
    c.executemany(
sqlite3.OperationalError: database is locked
2026-03-18 20:00:52 [ERROR] [asyncio] Task exception was never retrieved
future: <Task finished name='Task-578' coro=<TelegramBaseClient._disconnect_coro() done, defined at /www/server/pyporject_evn/versions/3.11.14/lib/python3.11/site-packages/telethon/client/telegrambaseclient.py:716> exception=OperationalError('database is locked')>
Traceback (most recent call last):
  File "/www/server/pyporject_evn/versions/3.11.14/lib/python3.11/site-packages/telethon/client/telegrambaseclient.py", line 746, in _disconnect_coro
    await self._save_states_and_entities()
  File "/www/server/pyporject_evn/versions/3.11.14/lib/python3.11/site-packages/telethon/client/telegrambaseclient.py", line 701, in _save_states_and_entities
    self.session.process_entities(
  File "/www/server/pyporject_evn/versions/3.11.14/lib/python3.11/site-packages/telethon/sessions/sqlite.py", line 301, in process_entities
    c.executemany(
sqlite3.OperationalError: database is locked
2026-03-18 20:04:01 [ERROR] [telethon.client.telegrambaseclient] Unhandled exception from keepalive_handle after cancelling <class '_asyncio.Task'> (<Task finished name='Task-10619' coro=<UpdateMethods._keepalive_loop() done, defined at /www/server/pyporject_evn/versions/3.11.14/lib/python3.11/site-packages/telethon/client/updates.py:485> exception=OperationalError('database is locked')>)
Traceback (most recent call last):
  File "/www/server/pyporject_evn/versions/3.11.14/lib/python3.11/site-packages/telethon/helpers.py", line 176, in _cancel
    await task
  File "/www/server/pyporject_evn/versions/3.11.14/lib/python3.11/site-packages/telethon/client/updates.py", line 521, in _keepalive_loop
    await self._save_states_and_entities()
  File "/www/server/pyporject_evn/versions/3.11.14/lib/python3.11/site-packages/telethon/client/telegrambaseclient.py", line 701, in _save_states_and_entities
    self.session.process_entities(
  File "/www/server/pyporject_evn/versions/3.11.14/lib/python3.11/site-packages/telethon/sessions/sqlite.py", line 301, in process_entities
    c.executemany(
sqlite3.OperationalError: database is locked
2026-03-18 20:04:06 [ERROR] [asyncio] Task exception was never retrieved
future: <Task finished name='Task-10650' coro=<TelegramBaseClient._disconnect_coro() done, defined at /www/server/pyporject_evn/versions/3.11.14/lib/python3.11/site-packages/telethon/client/telegrambaseclient.py:716> exception=OperationalError('database is locked')>
Traceback (most recent call last):
  File "/www/server/pyporject_evn/versions/3.11.14/lib/python3.11/site-packages/telethon/client/telegrambaseclient.py", line 746, in _disconnect_coro
    await self._save_states_and_entities()
  File "/www/server/pyporject_evn/versions/3.11.14/lib/python3.11/site-packages/telethon/client/telegrambaseclient.py", line 701, in _save_states_and_entities
    self.session.process_entities(
  File "/www/server/pyporject_evn/versions/3.11.14/lib/python3.11/site-packages/telethon/sessions/sqlite.py", line 301, in process_entities
    c.executemany(
sqlite3.OperationalError: database is locked
2026-03-18 20:04:46 [ERROR] [telethon.client.telegrambaseclient] Unhandled exception from keepalive_handle after cancelling <class '_asyncio.Task'> (<Task finished name='Task-2064' coro=<UpdateMethods._keepalive_loop() done, defined at /www/server/pyporject_evn/versions/3.11.14/lib/python3.11/site-packages/telethon/client/updates.py:485> exception=OperationalError('database is locked')>)
Traceback (most recent call last):
  File "/www/server/pyporject_evn/versions/3.11.14/lib/python3.11/site-packages/telethon/helpers.py", line 176, in _cancel
    await task
  File "/www/server/pyporject_evn/versions/3.11.14/lib/python3.11/site-packages/telethon/client/updates.py", line 521, in _keepalive_loop
    await self._save_states_and_entities()
  File "/www/server/pyporject_evn/versions/3.11.14/lib/python3.11/site-packages/telethon/client/telegrambaseclient.py", line 701, in _save_states_and_entities
    self.session.process_entities(
  File "/www/server/pyporject_evn/versions/3.11.14/lib/python3.11/site-packages/telethon/sessions/sqlite.py", line 301, in process_entities
    c.executemany(
sqlite3.OperationalError: database is locked
2026-03-18 20:04:51 [ERROR] [telethon.client.telegrambaseclient] Unhandled exception from keepalive_handle after cancelling <class '_asyncio.Task'> (<Task finished name='Task-841' coro=<UpdateMethods._keepalive_loop() done, defined at /www/server/pyporject_evn/versions/3.11.14/lib/python3.11/site-packages/telethon/client/updates.py:485> exception=OperationalError('database is locked')>)
Traceback (most recent call last):
  File "/www/server/pyporject_evn/versions/3.11.14/lib/python3.11/site-packages/telethon/helpers.py", line 176, in _cancel
    await task
  File "/www/server/pyporject_evn/versions/3.11.14/lib/python3.11/site-packages/telethon/client/updates.py", line 521, in _keepalive_loop
    await self._save_states_and_entities()
  File "/www/server/pyporject_evn/versions/3.11.14/lib/python3.11/site-packages/telethon/client/telegrambaseclient.py", line 701, in _save_states_and_entities
    self.session.process_entities(
  File "/www/server/pyporject_evn/versions/3.11.14/lib/python3.11/site-packages/telethon/sessions/sqlite.py", line 301, in process_entities
    c.executemany(
sqlite3.OperationalError: database is locked
2026-03-18 20:04:51 [ERROR] [asyncio] Task exception was never retrieved
future: <Task finished name='Task-2133' coro=<TelegramBaseClient._disconnect_coro() done, defined at /www/server/pyporject_evn/versions/3.11.14/lib/python3.11/site-packages/telethon/client/telegrambaseclient.py:716> exception=OperationalError('database is locked')>
Traceback (most recent call last):
  File "/www/server/pyporject_evn/versions/3.11.14/lib/python3.11/site-packages/telethon/client/telegrambaseclient.py", line 746, in _disconnect_coro
    await self._save_states_and_entities()
  File "/www/server/pyporject_evn/versions/3.11.14/lib/python3.11/site-packages/telethon/client/telegrambaseclient.py", line 701, in _save_states_and_entities
    self.session.process_entities(
  File "/www/server/pyporject_evn/versions/3.11.14/lib/python3.11/site-packages/telethon/sessions/sqlite.py", line 301, in process_entities
    c.executemany(
sqlite3.OperationalError: database is locked
2026-03-18 20:04:56 [ERROR] [asyncio] Task exception was never retrieved
future: <Task finished name='Task-877' coro=<TelegramBaseClient._disconnect_coro() done, defined at /www/server/pyporject_evn/versions/3.11.14/lib/python3.11/site-packages/telethon/client/telegrambaseclient.py:716> exception=OperationalError('database is locked')>
Traceback (most recent call last):
  File "/www/server/pyporject_evn/versions/3.11.14/lib/python3.11/site-packages/telethon/client/telegrambaseclient.py", line 746, in _disconnect_coro
    await self._save_states_and_entities()
  File "/www/server/pyporject_evn/versions/3.11.14/lib/python3.11/site-packages/telethon/client/telegrambaseclient.py", line 701, in _save_states_and_entities
    self.session.process_entities(
  File "/www/server/pyporject_evn/versions/3.11.14/lib/python3.11/site-packages/telethon/sessions/sqlite.py", line 301, in process_entities
    c.executemany(
sqlite3.OperationalError: database is locked
2026-03-18 20:06:55 [ERROR] [telethon.client.telegrambaseclient] Unhandled exception from keepalive_handle after cancelling <class '_asyncio.Task'> (<Task finished name='Task-100' coro=<UpdateMethods._keepalive_loop() done, defined at /www/server/pyporject_evn/versions/3.11.14/lib/python3.11/site-packages/telethon/client/updates.py:485> exception=OperationalError('database is locked')>)
Traceback (most recent call last):
  File "/www/server/pyporject_evn/versions/3.11.14/lib/python3.11/site-packages/telethon/helpers.py", line 176, in _cancel
    await task
  File "/www/server/pyporject_evn/versions/3.11.14/lib/python3.11/site-packages/telethon/client/updates.py", line 521, in _keepalive_loop
    await self._save_states_and_entities()
  File "/www/server/pyporject_evn/versions/3.11.14/lib/python3.11/site-packages/telethon/client/telegrambaseclient.py", line 701, in _save_states_and_entities
    self.session.process_entities(
  File "/www/server/pyporject_evn/versions/3.11.14/lib/python3.11/site-packages/telethon/sessions/sqlite.py", line 301, in process_entities
    c.executemany(
sqlite3.OperationalError: database is locked
2026-03-18 20:07:02 [ERROR] [telethon.client.telegrambaseclient] Unhandled exception from keepalive_handle after cancelling <class '_asyncio.Task'> (<Task finished name='Task-10277' coro=<UpdateMethods._keepalive_loop() done, defined at /www/server/pyporject_evn/versions/3.11.14/lib/python3.11/site-packages/telethon/client/updates.py:485> exception=OperationalError('database is locked')>)
Traceback (most recent call last):
  File "/www/server/pyporject_evn/versions/3.11.14/lib/python3.11/site-packages/telethon/helpers.py", line 176, in _cancel
    await task
  File "/www/server/pyporject_evn/versions/3.11.14/lib/python3.11/site-packages/telethon/client/updates.py", line 521, in _keepalive_loop
    await self._save_states_and_entities()
  File "/www/server/pyporject_evn/versions/3.11.14/lib/python3.11/site-packages/telethon/client/telegrambaseclient.py", line 701, in _save_states_and_entities
    self.session.process_entities(
  File "/www/server/pyporject_evn/versions/3.11.14/lib/python3.11/site-packages/telethon/sessions/sqlite.py", line 301, in process_entities
    c.executemany(
sqlite3.OperationalError: database is locked
2026-03-18 20:07:03 [ERROR] [telethon.client.telegrambaseclient] Unhandled exception from keepalive_handle after cancelling <class '_asyncio.Task'> (<Task finished name='Task-152' coro=<UpdateMethods._keepalive_loop() done, defined at /www/server/pyporject_evn/versions/3.11.14/lib/python3.11/site-packages/telethon/client/updates.py:485> exception=OperationalError('database is locked')>)
Traceback (most recent call last):
  File "/www/server/pyporject_evn/versions/3.11.14/lib/python3.11/site-packages/telethon/helpers.py", line 176, in _cancel
    await task
  File "/www/server/pyporject_evn/versions/3.11.14/lib/python3.11/site-packages/telethon/client/updates.py", line 521, in _keepalive_loop
    await self._save_states_and_entities()
  File "/www/server/pyporject_evn/versions/3.11.14/lib/python3.11/site-packages/telethon/client/telegrambaseclient.py", line 701, in _save_states_and_entities
    self.session.process_entities(
  File "/www/server/pyporject_evn/versions/3.11.14/lib/python3.11/site-packages/telethon/sessions/sqlite.py", line 301, in process_entities
    c.executemany(
sqlite3.OperationalError: database is locked
2026-03-18 20:14:47 [ERROR] [telethon.client.telegrambaseclient] Unhandled exception from keepalive_handle after cancelling <class '_asyncio.Task'> (<Task finished name='Task-1570' coro=<UpdateMethods._keepalive_loop() done, defined at /www/server/pyporject_evn/versions/3.11.14/lib/python3.11/site-packages/telethon/client/updates.py:485> exception=OperationalError('database is locked')>)
Traceback (most recent call last):
  File "/www/server/pyporject_evn/versions/3.11.14/lib/python3.11/site-packages/telethon/helpers.py", line 176, in _cancel
    await task
  File "/www/server/pyporject_evn/versions/3.11.14/lib/python3.11/site-packages/telethon/client/updates.py", line 521, in _keepalive_loop
    await self._save_states_and_entities()
  File "/www/server/pyporject_evn/versions/3.11.14/lib/python3.11/site-packages/telethon/client/telegrambaseclient.py", line 701, in _save_states_and_entities
    self.session.process_entities(
  File "/www/server/pyporject_evn/versions/3.11.14/lib/python3.11/site-packages/telethon/sessions/sqlite.py", line 301, in process_entities
    c.executemany(
sqlite3.OperationalError: database is locked
2026-03-18 20:14:52 [ERROR] [asyncio] Task exception was never retrieved
future: <Task finished name='Task-1620' coro=<TelegramBaseClient._disconnect_coro() done, defined at /www/server/pyporject_evn/versions/3.11.14/lib/python3.11/site-packages/telethon/client/telegrambaseclient.py:716> exception=OperationalError('database is locked')>
Traceback (most recent call last):
  File "/www/server/pyporject_evn/versions/3.11.14/lib/python3.11/site-packages/telethon/client/telegrambaseclient.py", line 746, in _disconnect_coro
    await self._save_states_and_entities()
  File "/www/server/pyporject_evn/versions/3.11.14/lib/python3.11/site-packages/telethon/client/telegrambaseclient.py", line 701, in _save_states_and_entities
    self.session.process_entities(
  File "/www/server/pyporject_evn/versions/3.11.14/lib/python3.11/site-packages/telethon/sessions/sqlite.py", line 301, in process_entities
    c.executemany(
sqlite3.OperationalError: database is locked
2026-03-18 20:21:53 [ERROR] [telethon.client.telegrambaseclient] Unhandled exception from keepalive_handle after cancelling <class '_asyncio.Task'> (<Task finished name='Task-10545' coro=<UpdateMethods._keepalive_loop() done, defined at /www/server/pyporject_evn/versions/3.11.14/lib/python3.11/site-packages/telethon/client/updates.py:485> exception=OperationalError('database is locked')>)
Traceback (most recent call last):
  File "/www/server/pyporject_evn/versions/3.11.14/lib/python3.11/site-packages/telethon/helpers.py", line 176, in _cancel
    await task
  File "/www/server/pyporject_evn/versions/3.11.14/lib/python3.11/site-packages/telethon/client/updates.py", line 521, in _keepalive_loop
    await self._save_states_and_entities()
  File "/www/server/pyporject_evn/versions/3.11.14/lib/python3.11/site-packages/telethon/client/telegrambaseclient.py", line 701, in _save_states_and_entities
    self.session.process_entities(
  File "/www/server/pyporject_evn/versions/3.11.14/lib/python3.11/site-packages/telethon/sessions/sqlite.py", line 301, in process_entities
    c.executemany(
sqlite3.OperationalError: database is locked
2026-03-18 21:16:20 [ERROR] [telethon.client.telegrambaseclient] Unhandled exception from keepalive_handle after cancelling <class '_asyncio.Task'> (<Task finished name='Task-21820' coro=<UpdateMethods._keepalive_loop() done, defined at /www/server/pyporject_evn/versions/3.11.14/lib/python3.11/site-packages/telethon/client/updates.py:485> exception=OperationalError('database is locked')>)
Traceback (most recent call last):
  File "/www/server/pyporject_evn/versions/3.11.14/lib/python3.11/site-packages/telethon/helpers.py", line 176, in _cancel
    await task
  File "/www/server/pyporject_evn/versions/3.11.14/lib/python3.11/site-packages/telethon/client/updates.py", line 521, in _keepalive_loop
    await self._save_states_and_entities()
  File "/www/server/pyporject_evn/versions/3.11.14/lib/python3.11/site-packages/telethon/client/telegrambaseclient.py", line 701, in _save_states_and_entities
    self.session.process_entities(
  File "/www/server/pyporject_evn/versions/3.11.14/lib/python3.11/site-packages/telethon/sessions/sqlite.py", line 301, in process_entities
    c.executemany(
sqlite3.OperationalError: database is locked
2026-03-18 21:19:10 [ERROR] [telethon.client.telegrambaseclient] Unhandled exception from keepalive_handle after cancelling <class '_asyncio.Task'> (<Task finished name='Task-233' coro=<UpdateMethods._keepalive_loop() done, defined at /www/server/pyporject_evn/versions/3.11.14/lib/python3.11/site-packages/telethon/client/updates.py:485> exception=OperationalError('database is locked')>)
Traceback (most recent call last):
  File "/www/server/pyporject_evn/versions/3.11.14/lib/python3.11/site-packages/telethon/helpers.py", line 176, in _cancel
    await task
  File "/www/server/pyporject_evn/versions/3.11.14/lib/python3.11/site-packages/telethon/client/updates.py", line 521, in _keepalive_loop
    await self._save_states_and_entities()
  File "/www/server/pyporject_evn/versions/3.11.14/lib/python3.11/site-packages/telethon/client/telegrambaseclient.py", line 701, in _save_states_and_entities
    self.session.process_entities(
  File "/www/server/pyporject_evn/versions/3.11.14/lib/python3.11/site-packages/telethon/sessions/sqlite.py", line 301, in process_entities
    c.executemany(
sqlite3.OperationalError: database is locked
2026-03-18 21:19:10 [ERROR] [telethon.client.telegrambaseclient] Unhandled exception from keepalive_handle after cancelling <class '_asyncio.Task'> (<Task finished name='Task-489' coro=<UpdateMethods._keepalive_loop() done, defined at /www/server/pyporject_evn/versions/3.11.14/lib/python3.11/site-packages/telethon/client/updates.py:485> exception=OperationalError('database is locked')>)
Traceback (most recent call last):
  File "/www/server/pyporject_evn/versions/3.11.14/lib/python3.11/site-packages/telethon/helpers.py", line 176, in _cancel
    await task
  File "/www/server/pyporject_evn/versions/3.11.14/lib/python3.11/site-packages/telethon/client/updates.py", line 521, in _keepalive_loop
    await self._save_states_and_entities()
  File "/www/server/pyporject_evn/versions/3.11.14/lib/python3.11/site-packages/telethon/client/telegrambaseclient.py", line 701, in _save_states_and_entities
    self.session.process_entities(
  File "/www/server/pyporject_evn/versions/3.11.14/lib/python3.11/site-packages/telethon/sessions/sqlite.py", line 301, in process_entities
    c.executemany(
sqlite3.OperationalError: database is locked
2026-03-18 21:19:10 [ERROR] [telethon.client.telegrambaseclient] Unhandled exception from keepalive_handle after cancelling <class '_asyncio.Task'> (<Task finished name='Task-237' coro=<UpdateMethods._keepalive_loop() done, defined at /www/server/pyporject_evn/versions/3.11.14/lib/python3.11/site-packages/telethon/client/updates.py:485> exception=OperationalError('database is locked')>)
Traceback (most recent call last):
  File "/www/server/pyporject_evn/versions/3.11.14/lib/python3.11/site-packages/telethon/helpers.py", line 176, in _cancel
    await task
  File "/www/server/pyporject_evn/versions/3.11.14/lib/python3.11/site-packages/telethon/client/updates.py", line 521, in _keepalive_loop
    await self._save_states_and_entities()
  File "/www/server/pyporject_evn/versions/3.11.14/lib/python3.11/site-packages/telethon/client/telegrambaseclient.py", line 701, in _save_states_and_entities
    self.session.process_entities(
  File "/www/server/pyporject_evn/versions/3.11.14/lib/python3.11/site-packages/telethon/sessions/sqlite.py", line 301, in process_entities
    c.executemany(
sqlite3.OperationalError: database is locked
2026-03-18 21:19:10 [ERROR] [telethon.client.telegrambaseclient] Unhandled exception from keepalive_handle after cancelling <class '_asyncio.Task'> (<Task finished name='Task-274' coro=<UpdateMethods._keepalive_loop() done, defined at /www/server/pyporject_evn/versions/3.11.14/lib/python3.11/site-packages/telethon/client/updates.py:485> exception=OperationalError('database is locked')>)
Traceback (most recent call last):
  File "/www/server/pyporject_evn/versions/3.11.14/lib/python3.11/site-packages/telethon/helpers.py", line 176, in _cancel
    await task
  File "/www/server/pyporject_evn/versions/3.11.14/lib/python3.11/site-packages/telethon/client/updates.py", line 521, in _keepalive_loop
    await self._save_states_and_entities()
  File "/www/server/pyporject_evn/versions/3.11.14/lib/python3.11/site-packages/telethon/client/telegrambaseclient.py", line 701, in _save_states_and_entities
    self.session.process_entities(
  File "/www/server/pyporject_evn/versions/3.11.14/lib/python3.11/site-packages/telethon/sessions/sqlite.py", line 301, in process_entities
    c.executemany(
sqlite3.OperationalError: database is locked
2026-03-18 21:19:10 [ERROR] [telethon.client.telegrambaseclient] Unhandled exception from keepalive_handle after cancelling <class '_asyncio.Task'> (<Task finished name='Task-225' coro=<UpdateMethods._keepalive_loop() done, defined at /www/server/pyporject_evn/versions/3.11.14/lib/python3.11/site-packages/telethon/client/updates.py:485> exception=OperationalError('database is locked')>)
Traceback (most recent call last):
  File "/www/server/pyporject_evn/versions/3.11.14/lib/python3.11/site-packages/telethon/helpers.py", line 176, in _cancel
    await task
  File "/www/server/pyporject_evn/versions/3.11.14/lib/python3.11/site-packages/telethon/client/updates.py", line 521, in _keepalive_loop
    await self._save_states_and_entities()
  File "/www/server/pyporject_evn/versions/3.11.14/lib/python3.11/site-packages/telethon/client/telegrambaseclient.py", line 701, in _save_states_and_entities
    self.session.process_entities(
  File "/www/server/pyporject_evn/versions/3.11.14/lib/python3.11/site-packages/telethon/sessions/sqlite.py", line 301, in process_entities
    c.executemany(
sqlite3.OperationalError: database is locked
2026-03-18 21:19:10 [ERROR] [telethon.client.telegrambaseclient] Unhandled exception from keepalive_handle after cancelling <class '_asyncio.Task'> (<Task finished name='Task-327' coro=<UpdateMethods._keepalive_loop() done, defined at /www/server/pyporject_evn/versions/3.11.14/lib/python3.11/site-packages/telethon/client/updates.py:485> exception=OperationalError('database is locked')>)
Traceback (most recent call last):
  File "/www/server/pyporject_evn/versions/3.11.14/lib/python3.11/site-packages/telethon/helpers.py", line 176, in _cancel
    await task
  File "/www/server/pyporject_evn/versions/3.11.14/lib/python3.11/site-packages/telethon/client/updates.py", line 521, in _keepalive_loop
    await self._save_states_and_entities()
  File "/www/server/pyporject_evn/versions/3.11.14/lib/python3.11/site-packages/telethon/client/telegrambaseclient.py", line 701, in _save_states_and_entities
    self.session.process_entities(
  File "/www/server/pyporject_evn/versions/3.11.14/lib/python3.11/site-packages/telethon/sessions/sqlite.py", line 301, in process_entities
    c.executemany(
sqlite3.OperationalError: database is locked
2026-03-18 21:19:10 [ERROR] [telethon.client.telegrambaseclient] Unhandled exception from keepalive_handle after cancelling <class '_asyncio.Task'> (<Task finished name='Task-502' coro=<UpdateMethods._keepalive_loop() done, defined at /www/server/pyporject_evn/versions/3.11.14/lib/python3.11/site-packages/telethon/client/updates.py:485> exception=OperationalError('database is locked')>)
Traceback (most recent call last):
  File "/www/server/pyporject_evn/versions/3.11.14/lib/python3.11/site-packages/telethon/helpers.py", line 176, in _cancel
    await task
  File "/www/server/pyporject_evn/versions/3.11.14/lib/python3.11/site-packages/telethon/client/updates.py", line 521, in _keepalive_loop
    await self._save_states_and_entities()
  File "/www/server/pyporject_evn/versions/3.11.14/lib/python3.11/site-packages/telethon/client/telegrambaseclient.py", line 701, in _save_states_and_entities
    self.session.process_entities(
  File "/www/server/pyporject_evn/versions/3.11.14/lib/python3.11/site-packages/telethon/sessions/sqlite.py", line 301, in process_entities
    c.executemany(
sqlite3.OperationalError: database is locked
2026-03-18 21:19:10 [ERROR] [telethon.client.telegrambaseclient] Unhandled exception from keepalive_handle after cancelling <class '_asyncio.Task'> (<Task finished name='Task-378' coro=<UpdateMethods._keepalive_loop() done, defined at /www/server/pyporject_evn/versions/3.11.14/lib/python3.11/site-packages/telethon/client/updates.py:485> exception=OperationalError('database is locked')>)
Traceback (most recent call last):
  File "/www/server/pyporject_evn/versions/3.11.14/lib/python3.11/site-packages/telethon/helpers.py", line 176, in _cancel
    await task
  File "/www/server/pyporject_evn/versions/3.11.14/lib/python3.11/site-packages/telethon/client/updates.py", line 521, in _keepalive_loop
    await self._save_states_and_entities()
  File "/www/server/pyporject_evn/versions/3.11.14/lib/python3.11/site-packages/telethon/client/telegrambaseclient.py", line 701, in _save_states_and_entities
    self.session.process_entities(
  File "/www/server/pyporject_evn/versions/3.11.14/lib/python3.11/site-packages/telethon/sessions/sqlite.py", line 301, in process_entities
    c.executemany(
sqlite3.OperationalError: database is locked
2026-03-18 21:19:10 [ERROR] [telethon.client.telegrambaseclient] Unhandled exception from keepalive_handle after cancelling <class '_asyncio.Task'> (<Task finished name='Task-485' coro=<UpdateMethods._keepalive_loop() done, defined at /www/server/pyporject_evn/versions/3.11.14/lib/python3.11/site-packages/telethon/client/updates.py:485> exception=OperationalError('database is locked')>)
Traceback (most recent call last):
  File "/www/server/pyporject_evn/versions/3.11.14/lib/python3.11/site-packages/telethon/helpers.py", line 176, in _cancel
    await task
  File "/www/server/pyporject_evn/versions/3.11.14/lib/python3.11/site-packages/telethon/client/updates.py", line 521, in _keepalive_loop
    await self._save_states_and_entities()
  File "/www/server/pyporject_evn/versions/3.11.14/lib/python3.11/site-packages/telethon/client/telegrambaseclient.py", line 701, in _save_states_and_entities
    self.session.process_entities(
  File "/www/server/pyporject_evn/versions/3.11.14/lib/python3.11/site-packages/telethon/sessions/sqlite.py", line 301, in process_entities
    c.executemany(
sqlite3.OperationalError: database is locked
2026-03-18 21:19:10 [ERROR] [telethon.client.telegrambaseclient] Unhandled exception from keepalive_handle after cancelling <class '_asyncio.Task'> (<Task finished name='Task-450' coro=<UpdateMethods._keepalive_loop() done, defined at /www/server/pyporject_evn/versions/3.11.14/lib/python3.11/site-packages/telethon/client/updates.py:485> exception=OperationalError('database is locked')>)
Traceback (most recent call last):
  File "/www/server/pyporject_evn/versions/3.11.14/lib/python3.11/site-packages/telethon/helpers.py", line 176, in _cancel
    await task
  File "/www/server/pyporject_evn/versions/3.11.14/lib/python3.11/site-packages/telethon/client/updates.py", line 521, in _keepalive_loop
    await self._save_states_and_entities()
  File "/www/server/pyporject_evn/versions/3.11.14/lib/python3.11/site-packages/telethon/client/telegrambaseclient.py", line 701, in _save_states_and_entities
    self.session.process_entities(
  File "/www/server/pyporject_evn/versions/3.11.14/lib/python3.11/site-packages/telethon/sessions/sqlite.py", line 301, in process_entities
    c.executemany(
sqlite3.OperationalError: database is locked
2026-03-18 21:19:10 [ERROR] [telethon.client.telegrambaseclient] Unhandled exception from keepalive_handle after cancelling <class '_asyncio.Task'> (<Task finished name='Task-292' coro=<UpdateMethods._keepalive_loop() done, defined at /www/server/pyporject_evn/versions/3.11.14/lib/python3.11/site-packages/telethon/client/updates.py:485> exception=OperationalError('database is locked')>)
Traceback (most recent call last):
  File "/www/server/pyporject_evn/versions/3.11.14/lib/python3.11/site-packages/telethon/helpers.py", line 176, in _cancel
    await task
  File "/www/server/pyporject_evn/versions/3.11.14/lib/python3.11/site-packages/telethon/client/updates.py", line 521, in _keepalive_loop
    await self._save_states_and_entities()
  File "/www/server/pyporject_evn/versions/3.11.14/lib/python3.11/site-packages/telethon/client/telegrambaseclient.py", line 701, in _save_states_and_entities
    self.session.process_entities(
  File "/www/server/pyporject_evn/versions/3.11.14/lib/python3.11/site-packages/telethon/sessions/sqlite.py", line 301, in process_entities
    c.executemany(
sqlite3.OperationalError: database is locked
2026-03-18 21:19:10 [ERROR] [telethon.client.telegrambaseclient] Unhandled exception from keepalive_handle after cancelling <class '_asyncio.Task'> (<Task finished name='Task-290' coro=<UpdateMethods._keepalive_loop() done, defined at /www/server/pyporject_evn/versions/3.11.14/lib/python3.11/site-packages/telethon/client/updates.py:485> exception=OperationalError('database is locked')>)
Traceback (most recent call last):
  File "/www/server/pyporject_evn/versions/3.11.14/lib/python3.11/site-packages/telethon/helpers.py", line 176, in _cancel
    await task
  File "/www/server/pyporject_evn/versions/3.11.14/lib/python3.11/site-packages/telethon/client/updates.py", line 521, in _keepalive_loop
    await self._save_states_and_entities()
  File "/www/server/pyporject_evn/versions/3.11.14/lib/python3.11/site-packages/telethon/client/telegrambaseclient.py", line 701, in _save_states_and_entities
    self.session.process_entities(
  File "/www/server/pyporject_evn/versions/3.11.14/lib/python3.11/site-packages/telethon/sessions/sqlite.py", line 301, in process_entities
    c.executemany(
sqlite3.OperationalError: database is locked
2026-03-18 21:19:10 [ERROR] [telethon.client.telegrambaseclient] Unhandled exception from keepalive_handle after cancelling <class '_asyncio.Task'> (<Task finished name='Task-253' coro=<UpdateMethods._keepalive_loop() done, defined at /www/server/pyporject_evn/versions/3.11.14/lib/python3.11/site-packages/telethon/client/updates.py:485> exception=OperationalError('database is locked')>)
Traceback (most recent call last):
  File "/www/server/pyporject_evn/versions/3.11.14/lib/python3.11/site-packages/telethon/helpers.py", line 176, in _cancel
    await task
  File "/www/server/pyporject_evn/versions/3.11.14/lib/python3.11/site-packages/telethon/client/updates.py", line 521, in _keepalive_loop
    await self._save_states_and_entities()
  File "/www/server/pyporject_evn/versions/3.11.14/lib/python3.11/site-packages/telethon/client/telegrambaseclient.py", line 701, in _save_states_and_entities
    self.session.process_entities(
  File "/www/server/pyporject_evn/versions/3.11.14/lib/python3.11/site-packages/telethon/sessions/sqlite.py", line 301, in process_entities
    c.executemany(
sqlite3.OperationalError: database is locked
2026-03-18 21:19:10 [ERROR] [telethon.client.telegrambaseclient] Unhandled exception from keepalive_handle after cancelling <class '_asyncio.Task'> (<Task finished name='Task-325' coro=<UpdateMethods._keepalive_loop() done, defined at /www/server/pyporject_evn/versions/3.11.14/lib/python3.11/site-packages/telethon/client/updates.py:485> exception=OperationalError('database is locked')>)
Traceback (most recent call last):
  File "/www/server/pyporject_evn/versions/3.11.14/lib/python3.11/site-packages/telethon/helpers.py", line 176, in _cancel
    await task
  File "/www/server/pyporject_evn/versions/3.11.14/lib/python3.11/site-packages/telethon/client/updates.py", line 521, in _keepalive_loop
    await self._save_states_and_entities()
  File "/www/server/pyporject_evn/versions/3.11.14/lib/python3.11/site-packages/telethon/client/telegrambaseclient.py", line 701, in _save_states_and_entities
    self.session.process_entities(
  File "/www/server/pyporject_evn/versions/3.11.14/lib/python3.11/site-packages/telethon/sessions/sqlite.py", line 301, in process_entities
    c.executemany(
sqlite3.OperationalError: database is locked
2026-03-18 21:19:10 [ERROR] [telethon.client.telegrambaseclient] Unhandled exception from keepalive_handle after cancelling <class '_asyncio.Task'> (<Task finished name='Task-518' coro=<UpdateMethods._keepalive_loop() done, defined at /www/server/pyporject_evn/versions/3.11.14/lib/python3.11/site-packages/telethon/client/updates.py:485> exception=OperationalError('database is locked')>)
Traceback (most recent call last):
  File "/www/server/pyporject_evn/versions/3.11.14/lib/python3.11/site-packages/telethon/helpers.py", line 176, in _cancel
    await task
  File "/www/server/pyporject_evn/versions/3.11.14/lib/python3.11/site-packages/telethon/client/updates.py", line 521, in _keepalive_loop
    await self._save_states_and_entities()
  File "/www/server/pyporject_evn/versions/3.11.14/lib/python3.11/site-packages/telethon/client/telegrambaseclient.py", line 701, in _save_states_and_entities
    self.session.process_entities(
  File "/www/server/pyporject_evn/versions/3.11.14/lib/python3.11/site-packages/telethon/sessions/sqlite.py", line 301, in process_entities
    c.executemany(
sqlite3.OperationalError: database is locked
2026-03-18 21:19:10 [ERROR] [telethon.client.telegrambaseclient] Unhandled exception from keepalive_handle after cancelling <class '_asyncio.Task'> (<Task finished name='Task-405' coro=<UpdateMethods._keepalive_loop() done, defined at /www/server/pyporject_evn/versions/3.11.14/lib/python3.11/site-packages/telethon/client/updates.py:485> exception=OperationalError('database is locked')>)
Traceback (most recent call last):
  File "/www/server/pyporject_evn/versions/3.11.14/lib/python3.11/site-packages/telethon/helpers.py", line 176, in _cancel
    await task
  File "/www/server/pyporject_evn/versions/3.11.14/lib/python3.11/site-packages/telethon/client/updates.py", line 521, in _keepalive_loop
    await self._save_states_and_entities()
  File "/www/server/pyporject_evn/versions/3.11.14/lib/python3.11/site-packages/telethon/client/telegrambaseclient.py", line 701, in _save_states_and_entities
    self.session.process_entities(
  File "/www/server/pyporject_evn/versions/3.11.14/lib/python3.11/site-packages/telethon/sessions/sqlite.py", line 301, in process_entities
    c.executemany(
sqlite3.OperationalError: database is locked
2026-03-18 21:19:10 [ERROR] [telethon.client.telegrambaseclient] Unhandled exception from keepalive_handle after cancelling <class '_asyncio.Task'> (<Task finished name='Task-10549' coro=<UpdateMethods._keepalive_loop() done, defined at /www/server/pyporject_evn/versions/3.11.14/lib/python3.11/site-packages/telethon/client/updates.py:485> exception=OperationalError('database is locked')>)
Traceback (most recent call last):
  File "/www/server/pyporject_evn/versions/3.11.14/lib/python3.11/site-packages/telethon/helpers.py", line 176, in _cancel
    await task
  File "/www/server/pyporject_evn/versions/3.11.14/lib/python3.11/site-packages/telethon/client/updates.py", line 521, in _keepalive_loop
    await self._save_states_and_entities()
  File "/www/server/pyporject_evn/versions/3.11.14/lib/python3.11/site-packages/telethon/client/telegrambaseclient.py", line 701, in _save_states_and_entities
    self.session.process_entities(
  File "/www/server/pyporject_evn/versions/3.11.14/lib/python3.11/site-packages/telethon/sessions/sqlite.py", line 301, in process_entities
    c.executemany(
sqlite3.OperationalError: database is locked
2026-03-18 21:19:10 [ERROR] [telethon.client.telegrambaseclient] Unhandled exception from keepalive_handle after cancelling <class '_asyncio.Task'> (<Task finished name='Task-9511' coro=<UpdateMethods._keepalive_loop() done, defined at /www/server/pyporject_evn/versions/3.11.14/lib/python3.11/site-packages/telethon/client/updates.py:485> exception=OperationalError('database is locked')>)
Traceback (most recent call last):
  File "/www/server/pyporject_evn/versions/3.11.14/lib/python3.11/site-packages/telethon/helpers.py", line 176, in _cancel
    await task
  File "/www/server/pyporject_evn/versions/3.11.14/lib/python3.11/site-packages/telethon/client/updates.py", line 521, in _keepalive_loop
    await self._save_states_and_entities()
  File "/www/server/pyporject_evn/versions/3.11.14/lib/python3.11/site-packages/telethon/client/telegrambaseclient.py", line 701, in _save_states_and_entities
    self.session.process_entities(
  File "/www/server/pyporject_evn/versions/3.11.14/lib/python3.11/site-packages/telethon/sessions/sqlite.py", line 301, in process_entities
    c.executemany(
sqlite3.OperationalError: database is locked
2026-03-18 21:19:10 [ERROR] [telethon.client.telegrambaseclient] Unhandled exception from keepalive_handle after cancelling <class '_asyncio.Task'> (<Task finished name='Task-220' coro=<UpdateMethods._keepalive_loop() done, defined at /www/server/pyporject_evn/versions/3.11.14/lib/python3.11/site-packages/telethon/client/updates.py:485> exception=OperationalError('database is locked')>)
Traceback (most recent call last):
  File "/www/server/pyporject_evn/versions/3.11.14/lib/python3.11/site-packages/telethon/helpers.py", line 176, in _cancel
    await task
  File "/www/server/pyporject_evn/versions/3.11.14/lib/python3.11/site-packages/telethon/client/updates.py", line 521, in _keepalive_loop
    await self._save_states_and_entities()
  File "/www/server/pyporject_evn/versions/3.11.14/lib/python3.11/site-packages/telethon/client/telegrambaseclient.py", line 701, in _save_states_and_entities
    self.session.process_entities(
  File "/www/server/pyporject_evn/versions/3.11.14/lib/python3.11/site-packages/telethon/sessions/sqlite.py", line 301, in process_entities
    c.executemany(
sqlite3.OperationalError: database is locked
2026-03-18 21:19:10 [ERROR] [telethon.client.telegrambaseclient] Unhandled exception from keepalive_handle after cancelling <class '_asyncio.Task'> (<Task finished name='Task-7757' coro=<UpdateMethods._keepalive_loop() done, defined at /www/server/pyporject_evn/versions/3.11.14/lib/python3.11/site-packages/telethon/client/updates.py:485> exception=OperationalError('database is locked')>)
Traceback (most recent call last):
  File "/www/server/pyporject_evn/versions/3.11.14/lib/python3.11/site-packages/telethon/helpers.py", line 176, in _cancel
    await task
  File "/www/server/pyporject_evn/versions/3.11.14/lib/python3.11/site-packages/telethon/client/updates.py", line 521, in _keepalive_loop
    await self._save_states_and_entities()
  File "/www/server/pyporject_evn/versions/3.11.14/lib/python3.11/site-packages/telethon/client/telegrambaseclient.py", line 701, in _save_states_and_entities
    self.session.process_entities(
  File "/www/server/pyporject_evn/versions/3.11.14/lib/python3.11/site-packages/telethon/sessions/sqlite.py", line 301, in process_entities
    c.executemany(
sqlite3.OperationalError: database is locked
2026-03-18 21:19:10 [ERROR] [telethon.client.telegrambaseclient] Unhandled exception from keepalive_handle after cancelling <class '_asyncio.Task'> (<Task finished name='Task-20713' coro=<UpdateMethods._keepalive_loop() done, defined at /www/server/pyporject_evn/versions/3.11.14/lib/python3.11/site-packages/telethon/client/updates.py:485> exception=OperationalError('database is locked')>)
Traceback (most recent call last):
  File "/www/server/pyporject_evn/versions/3.11.14/lib/python3.11/site-packages/telethon/helpers.py", line 176, in _cancel
    await task
  File "/www/server/pyporject_evn/versions/3.11.14/lib/python3.11/site-packages/telethon/client/updates.py", line 521, in _keepalive_loop
    await self._save_states_and_entities()
  File "/www/server/pyporject_evn/versions/3.11.14/lib/python3.11/site-packages/telethon/client/telegrambaseclient.py", line 701, in _save_states_and_entities
    self.session.process_entities(
  File "/www/server/pyporject_evn/versions/3.11.14/lib/python3.11/site-packages/telethon/sessions/sqlite.py", line 301, in process_entities
    c.executemany(
sqlite3.OperationalError: database is locked
2026-03-18 21:19:10 [ERROR] [telethon.client.telegrambaseclient] Unhandled exception from keepalive_handle after cancelling <class '_asyncio.Task'> (<Task finished name='Task-10377' coro=<UpdateMethods._keepalive_loop() done, defined at /www/server/pyporject_evn/versions/3.11.14/lib/python3.11/site-packages/telethon/client/updates.py:485> exception=OperationalError('database is locked')>)
Traceback (most recent call last):
  File "/www/server/pyporject_evn/versions/3.11.14/lib/python3.11/site-packages/telethon/helpers.py", line 176, in _cancel
    await task
  File "/www/server/pyporject_evn/versions/3.11.14/lib/python3.11/site-packages/telethon/client/updates.py", line 521, in _keepalive_loop
    await self._save_states_and_entities()
  File "/www/server/pyporject_evn/versions/3.11.14/lib/python3.11/site-packages/telethon/client/telegrambaseclient.py", line 701, in _save_states_and_entities
    self.session.process_entities(
  File "/www/server/pyporject_evn/versions/3.11.14/lib/python3.11/site-packages/telethon/sessions/sqlite.py", line 301, in process_entities
    c.executemany(
sqlite3.OperationalError: database is locked
2026-03-18 21:19:10 [ERROR] [telethon.client.telegrambaseclient] Unhandled exception from keepalive_handle after cancelling <class '_asyncio.Task'> (<Task finished name='Task-230' coro=<UpdateMethods._keepalive_loop() done, defined at /www/server/pyporject_evn/versions/3.11.14/lib/python3.11/site-packages/telethon/client/updates.py:485> exception=OperationalError('database is locked')>)
Traceback (most recent call last):
  File "/www/server/pyporject_evn/versions/3.11.14/lib/python3.11/site-packages/telethon/helpers.py", line 176, in _cancel
    await task
  File "/www/server/pyporject_evn/versions/3.11.14/lib/python3.11/site-packages/telethon/client/updates.py", line 521, in _keepalive_loop
    await self._save_states_and_entities()
  File "/www/server/pyporject_evn/versions/3.11.14/lib/python3.11/site-packages/telethon/client/telegrambaseclient.py", line 701, in _save_states_and_entities
    self.session.process_entities(
  File "/www/server/pyporject_evn/versions/3.11.14/lib/python3.11/site-packages/telethon/sessions/sqlite.py", line 301, in process_entities
    c.executemany(
sqlite3.OperationalError: database is locked
2026-03-18 21:19:10 [ERROR] [telethon.client.telegrambaseclient] Unhandled exception from keepalive_handle after cancelling <class '_asyncio.Task'> (<Task finished name='Task-274' coro=<UpdateMethods._keepalive_loop() done, defined at /www/server/pyporject_evn/versions/3.11.14/lib/python3.11/site-packages/telethon/client/updates.py:485> exception=OperationalError('database is locked')>)
Traceback (most recent call last):
  File "/www/server/pyporject_evn/versions/3.11.14/lib/python3.11/site-packages/telethon/helpers.py", line 176, in _cancel
    await task
  File "/www/server/pyporject_evn/versions/3.11.14/lib/python3.11/site-packages/telethon/client/updates.py", line 521, in _keepalive_loop
    await self._save_states_and_entities()
  File "/www/server/pyporject_evn/versions/3.11.14/lib/python3.11/site-packages/telethon/client/telegrambaseclient.py", line 701, in _save_states_and_entities
    self.session.process_entities(
  File "/www/server/pyporject_evn/versions/3.11.14/lib/python3.11/site-packages/telethon/sessions/sqlite.py", line 301, in process_entities
    c.executemany(
sqlite3.OperationalError: database is locked
2026-03-18 21:19:10 [ERROR] [telethon.client.telegrambaseclient] Unhandled exception from keepalive_handle after cancelling <class '_asyncio.Task'> (<Task finished name='Task-448' coro=<UpdateMethods._keepalive_loop() done, defined at /www/server/pyporject_evn/versions/3.11.14/lib/python3.11/site-packages/telethon/client/updates.py:485> exception=OperationalError('database is locked')>)
Traceback (most recent call last):
  File "/www/server/pyporject_evn/versions/3.11.14/lib/python3.11/site-packages/telethon/helpers.py", line 176, in _cancel
    await task
  File "/www/server/pyporject_evn/versions/3.11.14/lib/python3.11/site-packages/telethon/client/updates.py", line 521, in _keepalive_loop
    await self._save_states_and_entities()
  File "/www/server/pyporject_evn/versions/3.11.14/lib/python3.11/site-packages/telethon/client/telegrambaseclient.py", line 701, in _save_states_and_entities
    self.session.process_entities(
  File "/www/server/pyporject_evn/versions/3.11.14/lib/python3.11/site-packages/telethon/sessions/sqlite.py", line 301, in process_entities
    c.executemany(
sqlite3.OperationalError: database is locked
2026-03-18 21:19:10 [ERROR] [telethon.client.telegrambaseclient] Unhandled exception from keepalive_handle after cancelling <class '_asyncio.Task'> (<Task finished name='Task-298' coro=<UpdateMethods._keepalive_loop() done, defined at /www/server/pyporject_evn/versions/3.11.14/lib/python3.11/site-packages/telethon/client/updates.py:485> exception=OperationalError('database is locked')>)
Traceback (most recent call last):
  File "/www/server/pyporject_evn/versions/3.11.14/lib/python3.11/site-packages/telethon/helpers.py", line 176, in _cancel
    await task
  File "/www/server/pyporject_evn/versions/3.11.14/lib/python3.11/site-packages/telethon/client/updates.py", line 521, in _keepalive_loop
    await self._save_states_and_entities()
  File "/www/server/pyporject_evn/versions/3.11.14/lib/python3.11/site-packages/telethon/client/telegrambaseclient.py", line 701, in _save_states_and_entities
    self.session.process_entities(
  File "/www/server/pyporject_evn/versions/3.11.14/lib/python3.11/site-packages/telethon/sessions/sqlite.py", line 301, in process_entities
    c.executemany(
sqlite3.OperationalError: database is locked
2026-03-18 21:19:10 [ERROR] [telethon.client.telegrambaseclient] Unhandled exception from keepalive_handle after cancelling <class '_asyncio.Task'> (<Task finished name='Task-20716' coro=<UpdateMethods._keepalive_loop() done, defined at /www/server/pyporject_evn/versions/3.11.14/lib/python3.11/site-packages/telethon/client/updates.py:485> exception=OperationalError('database is locked')>)
Traceback (most recent call last):
  File "/www/server/pyporject_evn/versions/3.11.14/lib/python3.11/site-packages/telethon/helpers.py", line 176, in _cancel
    await task
  File "/www/server/pyporject_evn/versions/3.11.14/lib/python3.11/site-packages/telethon/client/updates.py", line 521, in _keepalive_loop
    await self._save_states_and_entities()
  File "/www/server/pyporject_evn/versions/3.11.14/lib/python3.11/site-packages/telethon/client/telegrambaseclient.py", line 701, in _save_states_and_entities
    self.session.process_entities(
  File "/www/server/pyporject_evn/versions/3.11.14/lib/python3.11/site-packages/telethon/sessions/sqlite.py", line 301, in process_entities
    c.executemany(
sqlite3.OperationalError: database is locked
2026-03-18 21:19:10 [ERROR] [telethon.client.telegrambaseclient] Unhandled exception from keepalive_handle after cancelling <class '_asyncio.Task'> (<Task finished name='Task-233' coro=<UpdateMethods._keepalive_loop() done, defined at /www/server/pyporject_evn/versions/3.11.14/lib/python3.11/site-packages/telethon/client/updates.py:485> exception=OperationalError('database is locked')>)
Traceback (most recent call last):
  File "/www/server/pyporject_evn/versions/3.11.14/lib/python3.11/site-packages/telethon/helpers.py", line 176, in _cancel
    await task
  File "/www/server/pyporject_evn/versions/3.11.14/lib/python3.11/site-packages/telethon/client/updates.py", line 521, in _keepalive_loop
    await self._save_states_and_entities()
  File "/www/server/pyporject_evn/versions/3.11.14/lib/python3.11/site-packages/telethon/client/telegrambaseclient.py", line 701, in _save_states_and_entities
    self.session.process_entities(
  File "/www/server/pyporject_evn/versions/3.11.14/lib/python3.11/site-packages/telethon/sessions/sqlite.py", line 301, in process_entities
    c.executemany(
sqlite3.OperationalError: database is locked
2026-03-18 21:19:10 [ERROR] [telethon.client.telegrambaseclient] Unhandled exception from keepalive_handle after cancelling <class '_asyncio.Task'> (<Task finished name='Task-10445' coro=<UpdateMethods._keepalive_loop() done, defined at /www/server/pyporject_evn/versions/3.11.14/lib/python3.11/site-packages/telethon/client/updates.py:485> exception=OperationalError('database is locked')>)
Traceback (most recent call last):
  File "/www/server/pyporject_evn/versions/3.11.14/lib/python3.11/site-packages/telethon/helpers.py", line 176, in _cancel
    await task
  File "/www/server/pyporject_evn/versions/3.11.14/lib/python3.11/site-packages/telethon/client/updates.py", line 521, in _keepalive_loop
    await self._save_states_and_entities()
  File "/www/server/pyporject_evn/versions/3.11.14/lib/python3.11/site-packages/telethon/client/telegrambaseclient.py", line 701, in _save_states_and_entities
    self.session.process_entities(
  File "/www/server/pyporject_evn/versions/3.11.14/lib/python3.11/site-packages/telethon/sessions/sqlite.py", line 301, in process_entities
    c.executemany(
sqlite3.OperationalError: database is locked
2026-03-18 21:19:10 [ERROR] [telethon.client.telegrambaseclient] Unhandled exception from keepalive_handle after cancelling <class '_asyncio.Task'> (<Task finished name='Task-10270' coro=<UpdateMethods._keepalive_loop() done, defined at /www/server/pyporject_evn/versions/3.11.14/lib/python3.11/site-packages/telethon/client/updates.py:485> exception=OperationalError('database is locked')>)
Traceback (most recent call last):
  File "/www/server/pyporject_evn/versions/3.11.14/lib/python3.11/site-packages/telethon/helpers.py", line 176, in _cancel
    await task
  File "/www/server/pyporject_evn/versions/3.11.14/lib/python3.11/site-packages/telethon/client/updates.py", line 521, in _keepalive_loop
    await self._save_states_and_entities()
  File "/www/server/pyporject_evn/versions/3.11.14/lib/python3.11/site-packages/telethon/client/telegrambaseclient.py", line 701, in _save_states_and_entities
    self.session.process_entities(
  File "/www/server/pyporject_evn/versions/3.11.14/lib/python3.11/site-packages/telethon/sessions/sqlite.py", line 301, in process_entities
    c.executemany(
sqlite3.OperationalError: database is locked
2026-03-18 21:19:10 [ERROR] [telethon.client.telegrambaseclient] Unhandled exception from keepalive_handle after cancelling <class '_asyncio.Task'> (<Task finished name='Task-10794' coro=<UpdateMethods._keepalive_loop() done, defined at /www/server/pyporject_evn/versions/3.11.14/lib/python3.11/site-packages/telethon/client/updates.py:485> exception=OperationalError('database is locked')>)
Traceback (most recent call last):
  File "/www/server/pyporject_evn/versions/3.11.14/lib/python3.11/site-packages/telethon/helpers.py", line 176, in _cancel
    await task
  File "/www/server/pyporject_evn/versions/3.11.14/lib/python3.11/site-packages/telethon/client/updates.py", line 521, in _keepalive_loop
    await self._save_states_and_entities()
  File "/www/server/pyporject_evn/versions/3.11.14/lib/python3.11/site-packages/telethon/client/telegrambaseclient.py", line 701, in _save_states_and_entities
    self.session.process_entities(
  File "/www/server/pyporject_evn/versions/3.11.14/lib/python3.11/site-packages/telethon/sessions/sqlite.py", line 301, in process_entities
    c.executemany(
sqlite3.OperationalError: database is locked
2026-03-18 21:19:10 [ERROR] [telethon.client.telegrambaseclient] Unhandled exception from keepalive_handle after cancelling <class '_asyncio.Task'> (<Task finished name='Task-20725' coro=<UpdateMethods._keepalive_loop() done, defined at /www/server/pyporject_evn/versions/3.11.14/lib/python3.11/site-packages/telethon/client/updates.py:485> exception=OperationalError('database is locked')>)
Traceback (most recent call last):
  File "/www/server/pyporject_evn/versions/3.11.14/lib/python3.11/site-packages/telethon/helpers.py", line 176, in _cancel
    await task
  File "/www/server/pyporject_evn/versions/3.11.14/lib/python3.11/site-packages/telethon/client/updates.py", line 521, in _keepalive_loop
    await self._save_states_and_entities()
  File "/www/server/pyporject_evn/versions/3.11.14/lib/python3.11/site-packages/telethon/client/telegrambaseclient.py", line 701, in _save_states_and_entities
    self.session.process_entities(
  File "/www/server/pyporject_evn/versions/3.11.14/lib/python3.11/site-packages/telethon/sessions/sqlite.py", line 301, in process_entities
    c.executemany(
sqlite3.OperationalError: database is locked
2026-03-18 21:19:15 [ERROR] [telethon.client.telegrambaseclient] Unhandled exception from keepalive_handle after cancelling <class '_asyncio.Task'> (<Task finished name='Task-328' coro=<UpdateMethods._keepalive_loop() done, defined at /www/server/pyporject_evn/versions/3.11.14/lib/python3.11/site-packages/telethon/client/updates.py:485> exception=OperationalError('database is locked')>)
Traceback (most recent call last):
  File "/www/server/pyporject_evn/versions/3.11.14/lib/python3.11/site-packages/telethon/helpers.py", line 176, in _cancel
    await task
  File "/www/server/pyporject_evn/versions/3.11.14/lib/python3.11/site-packages/telethon/client/updates.py", line 521, in _keepalive_loop
    await self._save_states_and_entities()
  File "/www/server/pyporject_evn/versions/3.11.14/lib/python3.11/site-packages/telethon/client/telegrambaseclient.py", line 701, in _save_states_and_entities
    self.session.process_entities(
  File "/www/server/pyporject_evn/versions/3.11.14/lib/python3.11/site-packages/telethon/sessions/sqlite.py", line 301, in process_entities
    c.executemany(
sqlite3.OperationalError: database is locked
2026-03-18 21:19:15 [ERROR] [telethon.client.telegrambaseclient] Unhandled exception from keepalive_handle after cancelling <class '_asyncio.Task'> (<Task finished name='Task-522' coro=<UpdateMethods._keepalive_loop() done, defined at /www/server/pyporject_evn/versions/3.11.14/lib/python3.11/site-packages/telethon/client/updates.py:485> exception=OperationalError('database is locked')>)
Traceback (most recent call last):
  File "/www/server/pyporject_evn/versions/3.11.14/lib/python3.11/site-packages/telethon/helpers.py", line 176, in _cancel
    await task
  File "/www/server/pyporject_evn/versions/3.11.14/lib/python3.11/site-packages/telethon/client/updates.py", line 521, in _keepalive_loop
    await self._save_states_and_entities()
  File "/www/server/pyporject_evn/versions/3.11.14/lib/python3.11/site-packages/telethon/client/telegrambaseclient.py", line 701, in _save_states_and_entities
    self.session.process_entities(
  File "/www/server/pyporject_evn/versions/3.11.14/lib/python3.11/site-packages/telethon/sessions/sqlite.py", line 301, in process_entities
    c.executemany(
sqlite3.OperationalError: database is locked
2026-03-18 21:19:15 [ERROR] [telethon.client.telegrambaseclient] Unhandled exception from keepalive_handle after cancelling <class '_asyncio.Task'> (<Task finished name='Task-9514' coro=<UpdateMethods._keepalive_loop() done, defined at /www/server/pyporject_evn/versions/3.11.14/lib/python3.11/site-packages/telethon/client/updates.py:485> exception=OperationalError('database is locked')>)
Traceback (most recent call last):
  File "/www/server/pyporject_evn/versions/3.11.14/lib/python3.11/site-packages/telethon/helpers.py", line 176, in _cancel
    await task
  File "/www/server/pyporject_evn/versions/3.11.14/lib/python3.11/site-packages/telethon/client/updates.py", line 521, in _keepalive_loop
    await self._save_states_and_entities()
  File "/www/server/pyporject_evn/versions/3.11.14/lib/python3.11/site-packages/telethon/client/telegrambaseclient.py", line 701, in _save_states_and_entities
    self.session.process_entities(
  File "/www/server/pyporject_evn/versions/3.11.14/lib/python3.11/site-packages/telethon/sessions/sqlite.py", line 301, in process_entities
    c.executemany(
sqlite3.OperationalError: database is locked
2026-03-18 21:19:15 [ERROR] [telethon.client.telegrambaseclient] Unhandled exception from keepalive_handle after cancelling <class '_asyncio.Task'> (<Task finished name='Task-412' coro=<UpdateMethods._keepalive_loop() done, defined at /www/server/pyporject_evn/versions/3.11.14/lib/python3.11/site-packages/telethon/client/updates.py:485> exception=OperationalError('database is locked')>)
Traceback (most recent call last):
  File "/www/server/pyporject_evn/versions/3.11.14/lib/python3.11/site-packages/telethon/helpers.py", line 176, in _cancel
    await task
  File "/www/server/pyporject_evn/versions/3.11.14/lib/python3.11/site-packages/telethon/client/updates.py", line 521, in _keepalive_loop
    await self._save_states_and_entities()
  File "/www/server/pyporject_evn/versions/3.11.14/lib/python3.11/site-packages/telethon/client/telegrambaseclient.py", line 701, in _save_states_and_entities
    self.session.process_entities(
  File "/www/server/pyporject_evn/versions/3.11.14/lib/python3.11/site-packages/telethon/sessions/sqlite.py", line 301, in process_entities
    c.executemany(
sqlite3.OperationalError: database is locked
2026-03-18 21:19:15 [ERROR] [telethon.client.telegrambaseclient] Unhandled exception from keepalive_handle after cancelling <class '_asyncio.Task'> (<Task finished name='Task-10546' coro=<UpdateMethods._keepalive_loop() done, defined at /www/server/pyporject_evn/versions/3.11.14/lib/python3.11/site-packages/telethon/client/updates.py:485> exception=OperationalError('database is locked')>)
Traceback (most recent call last):
  File "/www/server/pyporject_evn/versions/3.11.14/lib/python3.11/site-packages/telethon/helpers.py", line 176, in _cancel
    await task
  File "/www/server/pyporject_evn/versions/3.11.14/lib/python3.11/site-packages/telethon/client/updates.py", line 521, in _keepalive_loop
    await self._save_states_and_entities()
  File "/www/server/pyporject_evn/versions/3.11.14/lib/python3.11/site-packages/telethon/client/telegrambaseclient.py", line 701, in _save_states_and_entities
    self.session.process_entities(
  File "/www/server/pyporject_evn/versions/3.11.14/lib/python3.11/site-packages/telethon/sessions/sqlite.py", line 301, in process_entities
    c.executemany(
sqlite3.OperationalError: database is locked
2026-03-18 21:19:15 [ERROR] [telethon.client.telegrambaseclient] Unhandled exception from keepalive_handle after cancelling <class '_asyncio.Task'> (<Task finished name='Task-7760' coro=<UpdateMethods._keepalive_loop() done, defined at /www/server/pyporject_evn/versions/3.11.14/lib/python3.11/site-packages/telethon/client/updates.py:485> exception=OperationalError('database is locked')>)
Traceback (most recent call last):
  File "/www/server/pyporject_evn/versions/3.11.14/lib/python3.11/site-packages/telethon/helpers.py", line 176, in _cancel
    await task
  File "/www/server/pyporject_evn/versions/3.11.14/lib/python3.11/site-packages/telethon/client/updates.py", line 521, in _keepalive_loop
    await self._save_states_and_entities()
  File "/www/server/pyporject_evn/versions/3.11.14/lib/python3.11/site-packages/telethon/client/telegrambaseclient.py", line 701, in _save_states_and_entities
    self.session.process_entities(
  File "/www/server/pyporject_evn/versions/3.11.14/lib/python3.11/site-packages/telethon/sessions/sqlite.py", line 301, in process_entities
    c.executemany(
sqlite3.OperationalError: database is locked
2026-03-18 21:19:15 [ERROR] [telethon.client.telegrambaseclient] Unhandled exception from keepalive_handle after cancelling <class '_asyncio.Task'> (<Task finished name='Task-10380' coro=<UpdateMethods._keepalive_loop() done, defined at /www/server/pyporject_evn/versions/3.11.14/lib/python3.11/site-packages/telethon/client/updates.py:485> exception=OperationalError('database is locked')>)
Traceback (most recent call last):
  File "/www/server/pyporject_evn/versions/3.11.14/lib/python3.11/site-packages/telethon/helpers.py", line 176, in _cancel
    await task
  File "/www/server/pyporject_evn/versions/3.11.14/lib/python3.11/site-packages/telethon/client/updates.py", line 521, in _keepalive_loop
    await self._save_states_and_entities()
  File "/www/server/pyporject_evn/versions/3.11.14/lib/python3.11/site-packages/telethon/client/telegrambaseclient.py", line 701, in _save_states_and_entities
    self.session.process_entities(
  File "/www/server/pyporject_evn/versions/3.11.14/lib/python3.11/site-packages/telethon/sessions/sqlite.py", line 301, in process_entities
    c.executemany(
sqlite3.OperationalError: database is locked
2026-03-18 21:19:15 [ERROR] [telethon.client.telegrambaseclient] Unhandled exception from keepalive_handle after cancelling <class '_asyncio.Task'> (<Task finished name='Task-277' coro=<UpdateMethods._keepalive_loop() done, defined at /www/server/pyporject_evn/versions/3.11.14/lib/python3.11/site-packages/telethon/client/updates.py:485> exception=OperationalError('database is locked')>)
Traceback (most recent call last):
  File "/www/server/pyporject_evn/versions/3.11.14/lib/python3.11/site-packages/telethon/helpers.py", line 176, in _cancel
    await task
  File "/www/server/pyporject_evn/versions/3.11.14/lib/python3.11/site-packages/telethon/client/updates.py", line 521, in _keepalive_loop
    await self._save_states_and_entities()
  File "/www/server/pyporject_evn/versions/3.11.14/lib/python3.11/site-packages/telethon/client/telegrambaseclient.py", line 701, in _save_states_and_entities
    self.session.process_entities(
  File "/www/server/pyporject_evn/versions/3.11.14/lib/python3.11/site-packages/telethon/sessions/sqlite.py", line 301, in process_entities
    c.executemany(
sqlite3.OperationalError: database is locked
2026-03-18 21:19:15 [ERROR] [telethon.client.telegrambaseclient] Unhandled exception from keepalive_handle after cancelling <class '_asyncio.Task'> (<Task finished name='Task-236' coro=<UpdateMethods._keepalive_loop() done, defined at /www/server/pyporject_evn/versions/3.11.14/lib/python3.11/site-packages/telethon/client/updates.py:485> exception=OperationalError('database is locked')>)
Traceback (most recent call last):
  File "/www/server/pyporject_evn/versions/3.11.14/lib/python3.11/site-packages/telethon/helpers.py", line 176, in _cancel
    await task
  File "/www/server/pyporject_evn/versions/3.11.14/lib/python3.11/site-packages/telethon/client/updates.py", line 521, in _keepalive_loop
    await self._save_states_and_entities()
  File "/www/server/pyporject_evn/versions/3.11.14/lib/python3.11/site-packages/telethon/client/telegrambaseclient.py", line 701, in _save_states_and_entities
    self.session.process_entities(
  File "/www/server/pyporject_evn/versions/3.11.14/lib/python3.11/site-packages/telethon/sessions/sqlite.py", line 301, in process_entities
    c.executemany(
sqlite3.OperationalError: database is locked
2026-03-18 21:19:15 [ERROR] [telethon.client.telegrambaseclient] Unhandled exception from keepalive_handle after cancelling <class '_asyncio.Task'> (<Task finished name='Task-10448' coro=<UpdateMethods._keepalive_loop() done, defined at /www/server/pyporject_evn/versions/3.11.14/lib/python3.11/site-packages/telethon/client/updates.py:485> exception=OperationalError('database is locked')>)
Traceback (most recent call last):
  File "/www/server/pyporject_evn/versions/3.11.14/lib/python3.11/site-packages/telethon/helpers.py", line 176, in _cancel
    await task
  File "/www/server/pyporject_evn/versions/3.11.14/lib/python3.11/site-packages/telethon/client/updates.py", line 521, in _keepalive_loop
    await self._save_states_and_entities()
  File "/www/server/pyporject_evn/versions/3.11.14/lib/python3.11/site-packages/telethon/client/telegrambaseclient.py", line 701, in _save_states_and_entities
    self.session.process_entities(
  File "/www/server/pyporject_evn/versions/3.11.14/lib/python3.11/site-packages/telethon/sessions/sqlite.py", line 301, in process_entities
    c.executemany(
sqlite3.OperationalError: database is locked
2026-03-18 21:19:15 [ERROR] [telethon.client.telegrambaseclient] Unhandled exception from keepalive_handle after cancelling <class '_asyncio.Task'> (<Task finished name='Task-10274' coro=<UpdateMethods._keepalive_loop() done, defined at /www/server/pyporject_evn/versions/3.11.14/lib/python3.11/site-packages/telethon/client/updates.py:485> exception=OperationalError('database is locked')>)
Traceback (most recent call last):
  File "/www/server/pyporject_evn/versions/3.11.14/lib/python3.11/site-packages/telethon/helpers.py", line 176, in _cancel
    await task
  File "/www/server/pyporject_evn/versions/3.11.14/lib/python3.11/site-packages/telethon/client/updates.py", line 521, in _keepalive_loop
    await self._save_states_and_entities()
  File "/www/server/pyporject_evn/versions/3.11.14/lib/python3.11/site-packages/telethon/client/telegrambaseclient.py", line 701, in _save_states_and_entities
    self.session.process_entities(
  File "/www/server/pyporject_evn/versions/3.11.14/lib/python3.11/site-packages/telethon/sessions/sqlite.py", line 301, in process_entities
    c.executemany(
sqlite3.OperationalError: database is locked
2026-03-18 21:19:20 [ERROR] [telethon.client.telegrambaseclient] Unhandled exception from keepalive_handle after cancelling <class '_asyncio.Task'> (<Task finished name='Task-525' coro=<UpdateMethods._keepalive_loop() done, defined at /www/server/pyporject_evn/versions/3.11.14/lib/python3.11/site-packages/telethon/client/updates.py:485> exception=OperationalError('database is locked')>)
Traceback (most recent call last):
  File "/www/server/pyporject_evn/versions/3.11.14/lib/python3.11/site-packages/telethon/helpers.py", line 176, in _cancel
    await task
  File "/www/server/pyporject_evn/versions/3.11.14/lib/python3.11/site-packages/telethon/client/updates.py", line 521, in _keepalive_loop
    await self._save_states_and_entities()
  File "/www/server/pyporject_evn/versions/3.11.14/lib/python3.11/site-packages/telethon/client/telegrambaseclient.py", line 701, in _save_states_and_entities
    self.session.process_entities(
  File "/www/server/pyporject_evn/versions/3.11.14/lib/python3.11/site-packages/telethon/sessions/sqlite.py", line 301, in process_entities
    c.executemany(
sqlite3.OperationalError: database is locked
2026-03-18 21:19:20 [ERROR] [telethon.client.telegrambaseclient] Unhandled exception from keepalive_handle after cancelling <class '_asyncio.Task'> (<Task finished name='Task-7763' coro=<UpdateMethods._keepalive_loop() done, defined at /www/server/pyporject_evn/versions/3.11.14/lib/python3.11/site-packages/telethon/client/updates.py:485> exception=OperationalError('database is locked')>)
Traceback (most recent call last):
  File "/www/server/pyporject_evn/versions/3.11.14/lib/python3.11/site-packages/telethon/helpers.py", line 176, in _cancel
    await task
  File "/www/server/pyporject_evn/versions/3.11.14/lib/python3.11/site-packages/telethon/client/updates.py", line 521, in _keepalive_loop
    await self._save_states_and_entities()
  File "/www/server/pyporject_evn/versions/3.11.14/lib/python3.11/site-packages/telethon/client/telegrambaseclient.py", line 701, in _save_states_and_entities
    self.session.process_entities(
  File "/www/server/pyporject_evn/versions/3.11.14/lib/python3.11/site-packages/telethon/sessions/sqlite.py", line 301, in process_entities
    c.executemany(
sqlite3.OperationalError: database is locked
2026-03-18 21:19:20 [ERROR] [telethon.client.telegrambaseclient] Unhandled exception from keepalive_handle after cancelling <class '_asyncio.Task'> (<Task finished name='Task-280' coro=<UpdateMethods._keepalive_loop() done, defined at /www/server/pyporject_evn/versions/3.11.14/lib/python3.11/site-packages/telethon/client/updates.py:485> exception=OperationalError('database is locked')>)
Traceback (most recent call last):
  File "/www/server/pyporject_evn/versions/3.11.14/lib/python3.11/site-packages/telethon/helpers.py", line 176, in _cancel
    await task
  File "/www/server/pyporject_evn/versions/3.11.14/lib/python3.11/site-packages/telethon/client/updates.py", line 521, in _keepalive_loop
    await self._save_states_and_entities()
  File "/www/server/pyporject_evn/versions/3.11.14/lib/python3.11/site-packages/telethon/client/telegrambaseclient.py", line 701, in _save_states_and_entities
    self.session.process_entities(
  File "/www/server/pyporject_evn/versions/3.11.14/lib/python3.11/site-packages/telethon/sessions/sqlite.py", line 301, in process_entities
    c.executemany(
sqlite3.OperationalError: database is locked
2026-03-18 21:19:20 [ERROR] [telethon.client.telegrambaseclient] Unhandled exception from keepalive_handle after cancelling <class '_asyncio.Task'> (<Task finished name='Task-10387' coro=<UpdateMethods._keepalive_loop() done, defined at /www/server/pyporject_evn/versions/3.11.14/lib/python3.11/site-packages/telethon/client/updates.py:485> exception=OperationalError('database is locked')>)
Traceback (most recent call last):
  File "/www/server/pyporject_evn/versions/3.11.14/lib/python3.11/site-packages/telethon/helpers.py", line 176, in _cancel
    await task
  File "/www/server/pyporject_evn/versions/3.11.14/lib/python3.11/site-packages/telethon/client/updates.py", line 521, in _keepalive_loop
    await self._save_states_and_entities()
  File "/www/server/pyporject_evn/versions/3.11.14/lib/python3.11/site-packages/telethon/client/telegrambaseclient.py", line 701, in _save_states_and_entities
    self.session.process_entities(
  File "/www/server/pyporject_evn/versions/3.11.14/lib/python3.11/site-packages/telethon/sessions/sqlite.py", line 301, in process_entities
    c.executemany(
sqlite3.OperationalError: database is locked
2026-03-18 21:19:20 [ERROR] [telethon.client.telegrambaseclient] Unhandled exception from keepalive_handle after cancelling <class '_asyncio.Task'> (<Task finished name='Task-10451' coro=<UpdateMethods._keepalive_loop() done, defined at /www/server/pyporject_evn/versions/3.11.14/lib/python3.11/site-packages/telethon/client/updates.py:485> exception=OperationalError('database is locked')>)
Traceback (most recent call last):
  File "/www/server/pyporject_evn/versions/3.11.14/lib/python3.11/site-packages/telethon/helpers.py", line 176, in _cancel
    await task
  File "/www/server/pyporject_evn/versions/3.11.14/lib/python3.11/site-packages/telethon/client/updates.py", line 521, in _keepalive_loop
    await self._save_states_and_entities()
  File "/www/server/pyporject_evn/versions/3.11.14/lib/python3.11/site-packages/telethon/client/telegrambaseclient.py", line 701, in _save_states_and_entities
    self.session.process_entities(
  File "/www/server/pyporject_evn/versions/3.11.14/lib/python3.11/site-packages/telethon/sessions/sqlite.py", line 301, in process_entities
    c.executemany(
sqlite3.OperationalError: database is locked
2026-03-18 21:19:25 [ERROR] [telethon.client.telegrambaseclient] Unhandled exception from keepalive_handle after cancelling <class '_asyncio.Task'> (<Task finished name='Task-7766' coro=<UpdateMethods._keepalive_loop() done, defined at /www/server/pyporject_evn/versions/3.11.14/lib/python3.11/site-packages/telethon/client/updates.py:485> exception=OperationalError('database is locked')>)
Traceback (most recent call last):
  File "/www/server/pyporject_evn/versions/3.11.14/lib/python3.11/site-packages/telethon/helpers.py", line 176, in _cancel
    await task
  File "/www/server/pyporject_evn/versions/3.11.14/lib/python3.11/site-packages/telethon/client/updates.py", line 521, in _keepalive_loop
    await self._save_states_and_entities()
  File "/www/server/pyporject_evn/versions/3.11.14/lib/python3.11/site-packages/telethon/client/telegrambaseclient.py", line 701, in _save_states_and_entities
    self.session.process_entities(
  File "/www/server/pyporject_evn/versions/3.11.14/lib/python3.11/site-packages/telethon/sessions/sqlite.py", line 301, in process_entities
    c.executemany(
sqlite3.OperationalError: database is locked
2026-03-18 21:19:25 [ERROR] [telethon.client.telegrambaseclient] Unhandled exception from keepalive_handle after cancelling <class '_asyncio.Task'> (<Task finished name='Task-283' coro=<UpdateMethods._keepalive_loop() done, defined at /www/server/pyporject_evn/versions/3.11.14/lib/python3.11/site-packages/telethon/client/updates.py:485> exception=OperationalError('database is locked')>)
Traceback (most recent call last):
  File "/www/server/pyporject_evn/versions/3.11.14/lib/python3.11/site-packages/telethon/helpers.py", line 176, in _cancel
    await task
  File "/www/server/pyporject_evn/versions/3.11.14/lib/python3.11/site-packages/telethon/client/updates.py", line 521, in _keepalive_loop
    await self._save_states_and_entities()
  File "/www/server/pyporject_evn/versions/3.11.14/lib/python3.11/site-packages/telethon/client/telegrambaseclient.py", line 701, in _save_states_and_entities
    self.session.process_entities(
  File "/www/server/pyporject_evn/versions/3.11.14/lib/python3.11/site-packages/telethon/sessions/sqlite.py", line 301, in process_entities
    c.executemany(
sqlite3.OperationalError: database is locked
2026-03-20 00:52:56 [ERROR] [telethon.client.telegrambaseclient] Unhandled exception from keepalive_handle after cancelling <class '_asyncio.Task'> (<Task finished name='Task-10140' coro=<UpdateMethods._keepalive_loop() done, defined at /www/server/pyporject_evn/versions/3.11.14/lib/python3.11/site-packages/telethon/client/updates.py:485> exception=OperationalError('attempt to write a readonly database')>)
Traceback (most recent call last):
  File "/www/server/pyporject_evn/versions/3.11.14/lib/python3.11/site-packages/telethon/helpers.py", line 176, in _cancel
    await task
  File "/www/server/pyporject_evn/versions/3.11.14/lib/python3.11/site-packages/telethon/client/updates.py", line 521, in _keepalive_loop
    await self._save_states_and_entities()
  File "/www/server/pyporject_evn/versions/3.11.14/lib/python3.11/site-packages/telethon/client/telegrambaseclient.py", line 701, in _save_states_and_entities
    self.session.process_entities(
  File "/www/server/pyporject_evn/versions/3.11.14/lib/python3.11/site-packages/telethon/sessions/sqlite.py", line 301, in process_entities
    c.executemany(
sqlite3.OperationalError: attempt to write a readonly database
2026-03-20 00:52:56 [ERROR] [asyncio] Task exception was never retrieved
future: <Task finished name='Task-12000' coro=<TelegramBaseClient._disconnect_coro() done, defined at /www/server/pyporject_evn/versions/3.11.14/lib/python3.11/site-packages/telethon/client/telegrambaseclient.py:716> exception=OperationalError('attempt to write a readonly database')>
Traceback (most recent call last):
  File "/www/server/pyporject_evn/versions/3.11.14/lib/python3.11/site-packages/telethon/client/telegrambaseclient.py", line 746, in _disconnect_coro
    await self._save_states_and_entities()
  File "/www/server/pyporject_evn/versions/3.11.14/lib/python3.11/site-packages/telethon/client/telegrambaseclient.py", line 701, in _save_states_and_entities
    self.session.process_entities(
  File "/www/server/pyporject_evn/versions/3.11.14/lib/python3.11/site-packages/telethon/sessions/sqlite.py", line 301, in process_entities
    c.executemany(
sqlite3.OperationalError: attempt to write a readonly database
2026-03-20 00:52:57 [ERROR] [telethon.client.telegrambaseclient] Unhandled exception from keepalive_handle after cancelling <class '_asyncio.Task'> (<Task finished name='Task-10146' coro=<UpdateMethods._keepalive_loop() done, defined at /www/server/pyporject_evn/versions/3.11.14/lib/python3.11/site-packages/telethon/client/updates.py:485> exception=OperationalError('attempt to write a readonly database')>)
Traceback (most recent call last):
  File "/www/server/pyporject_evn/versions/3.11.14/lib/python3.11/site-packages/telethon/helpers.py", line 176, in _cancel
    await task
  File "/www/server/pyporject_evn/versions/3.11.14/lib/python3.11/site-packages/telethon/client/updates.py", line 521, in _keepalive_loop
    await self._save_states_and_entities()
  File "/www/server/pyporject_evn/versions/3.11.14/lib/python3.11/site-packages/telethon/client/telegrambaseclient.py", line 701, in _save_states_and_entities
    self.session.process_entities(
  File "/www/server/pyporject_evn/versions/3.11.14/lib/python3.11/site-packages/telethon/sessions/sqlite.py", line 301, in process_entities
    c.executemany(
sqlite3.OperationalError: attempt to write a readonly database
2026-03-20 00:52:57 [ERROR] [asyncio] Task exception was never retrieved
future: <Task finished name='Task-12002' coro=<TelegramBaseClient._disconnect_coro() done, defined at /www/server/pyporject_evn/versions/3.11.14/lib/python3.11/site-packages/telethon/client/telegrambaseclient.py:716> exception=OperationalError('attempt to write a readonly database')>
Traceback (most recent call last):
  File "/www/server/pyporject_evn/versions/3.11.14/lib/python3.11/site-packages/telethon/client/telegrambaseclient.py", line 746, in _disconnect_coro
    await self._save_states_and_entities()
  File "/www/server/pyporject_evn/versions/3.11.14/lib/python3.11/site-packages/telethon/client/telegrambaseclient.py", line 701, in _save_states_and_entities
    self.session.process_entities(
  File "/www/server/pyporject_evn/versions/3.11.14/lib/python3.11/site-packages/telethon/sessions/sqlite.py", line 301, in process_entities
    c.executemany(
sqlite3.OperationalError: attempt to write a readonly database
2026-03-20 00:52:57 [ERROR] [telethon.client.telegrambaseclient] Unhandled exception from keepalive_handle after cancelling <class '_asyncio.Task'> (<Task finished name='Task-10143' coro=<UpdateMethods._keepalive_loop() done, defined at /www/server/pyporject_evn/versions/3.11.14/lib/python3.11/site-packages/telethon/client/updates.py:485> exception=OperationalError('attempt to write a readonly database')>)
Traceback (most recent call last):
  File "/www/server/pyporject_evn/versions/3.11.14/lib/python3.11/site-packages/telethon/helpers.py", line 176, in _cancel
    await task
  File "/www/server/pyporject_evn/versions/3.11.14/lib/python3.11/site-packages/telethon/client/updates.py", line 521, in _keepalive_loop
    await self._save_states_and_entities()
  File "/www/server/pyporject_evn/versions/3.11.14/lib/python3.11/site-packages/telethon/client/telegrambaseclient.py", line 701, in _save_states_and_entities
    self.session.process_entities(
  File "/www/server/pyporject_evn/versions/3.11.14/lib/python3.11/site-packages/telethon/sessions/sqlite.py", line 301, in process_entities
    c.executemany(
sqlite3.OperationalError: attempt to write a readonly database
2026-03-20 00:52:57 [ERROR] [asyncio] Task exception was never retrieved
future: <Task finished name='Task-12004' coro=<TelegramBaseClient._disconnect_coro() done, defined at /www/server/pyporject_evn/versions/3.11.14/lib/python3.11/site-packages/telethon/client/telegrambaseclient.py:716> exception=OperationalError('attempt to write a readonly database')>
Traceback (most recent call last):
  File "/www/server/pyporject_evn/versions/3.11.14/lib/python3.11/site-packages/telethon/client/telegrambaseclient.py", line 746, in _disconnect_coro
    await self._save_states_and_entities()
  File "/www/server/pyporject_evn/versions/3.11.14/lib/python3.11/site-packages/telethon/client/telegrambaseclient.py", line 701, in _save_states_and_entities
    self.session.process_entities(
  File "/www/server/pyporject_evn/versions/3.11.14/lib/python3.11/site-packages/telethon/sessions/sqlite.py", line 301, in process_entities
    c.executemany(
sqlite3.OperationalError: attempt to write a readonly database
2026-03-20 00:53:02 [ERROR] [telethon.client.updates] Fatal error handling updates (this is a bug in Telethon v1.42.0, please report it)
Traceback (most recent call last):
  File "/www/server/pyporject_evn/versions/3.11.14/lib/python3.11/site-packages/telethon/client/updates.py", line 467, in _update_loop
    _preprocess_updates = await self._preprocess_updates(processed, users, chats)
                          ^^^^^^^^^^^^^^^^^^^^^^^^^^^^^^^^^^^^^^^^^^^^^^^^^^^^^^^
  File "/www/server/pyporject_evn/versions/3.11.14/lib/python3.11/site-packages/telethon/client/updates.py", line 478, in _preprocess_updates
    await utils.maybe_async(self.session.process_entities(types.contacts.ResolvedPeer(None, users, chats)))
                            ^^^^^^^^^^^^^^^^^^^^^^^^^^^^^^^^^^^^^^^^^^^^^^^^^^^^^^^^^^^^^^^^^^^^^^^^^^^^^^
  File "/www/server/pyporject_evn/versions/3.11.14/lib/python3.11/site-packages/telethon/sessions/sqlite.py", line 301, in process_entities
    c.executemany(
sqlite3.OperationalError: attempt to write a readonly database
2026-03-20 00:53:02 [ERROR] [telethon.client.telegrambaseclient] Unhandled exception from keepalive_handle after cancelling <class '_asyncio.Task'> (<Task finished name='Task-104' coro=<UpdateMethods._keepalive_loop() done, defined at /www/server/pyporject_evn/versions/3.11.14/lib/python3.11/site-packages/telethon/client/updates.py:485> exception=OperationalError('attempt to write a readonly database')>)
Traceback (most recent call last):
  File "/www/server/pyporject_evn/versions/3.11.14/lib/python3.11/site-packages/telethon/helpers.py", line 176, in _cancel
    await task
  File "/www/server/pyporject_evn/versions/3.11.14/lib/python3.11/site-packages/telethon/client/updates.py", line 521, in _keepalive_loop
    await self._save_states_and_entities()
  File "/www/server/pyporject_evn/versions/3.11.14/lib/python3.11/site-packages/telethon/client/telegrambaseclient.py", line 701, in _save_states_and_entities
    self.session.process_entities(
  File "/www/server/pyporject_evn/versions/3.11.14/lib/python3.11/site-packages/telethon/sessions/sqlite.py", line 301, in process_entities
    c.executemany(
sqlite3.OperationalError: attempt to write a readonly database
2026-03-20 00:53:02 [ERROR] [asyncio] Task exception was never retrieved
future: <Task finished name='Task-1438' coro=<TelegramBaseClient._disconnect_coro() done, defined at /www/server/pyporject_evn/versions/3.11.14/lib/python3.11/site-packages/telethon/client/telegrambaseclient.py:716> exception=OperationalError('attempt to write a readonly database')>
Traceback (most recent call last):
  File "/www/server/pyporject_evn/versions/3.11.14/lib/python3.11/site-packages/telethon/client/telegrambaseclient.py", line 746, in _disconnect_coro
    await self._save_states_and_entities()
  File "/www/server/pyporject_evn/versions/3.11.14/lib/python3.11/site-packages/telethon/client/telegrambaseclient.py", line 701, in _save_states_and_entities
    self.session.process_entities(
  File "/www/server/pyporject_evn/versions/3.11.14/lib/python3.11/site-packages/telethon/sessions/sqlite.py", line 301, in process_entities
    c.executemany(
sqlite3.OperationalError: attempt to write a readonly database
2026-03-20 00:53:02 [ERROR] [telethon.client.updates] Fatal error handling updates (this is a bug in Telethon v1.42.0, please report it)
Traceback (most recent call last):
  File "/www/server/pyporject_evn/versions/3.11.14/lib/python3.11/site-packages/telethon/client/updates.py", line 467, in _update_loop
    _preprocess_updates = await self._preprocess_updates(processed, users, chats)
                          ^^^^^^^^^^^^^^^^^^^^^^^^^^^^^^^^^^^^^^^^^^^^^^^^^^^^^^^
  File "/www/server/pyporject_evn/versions/3.11.14/lib/python3.11/site-packages/telethon/client/updates.py", line 478, in _preprocess_updates
    await utils.maybe_async(self.session.process_entities(types.contacts.ResolvedPeer(None, users, chats)))
                            ^^^^^^^^^^^^^^^^^^^^^^^^^^^^^^^^^^^^^^^^^^^^^^^^^^^^^^^^^^^^^^^^^^^^^^^^^^^^^^
  File "/www/server/pyporject_evn/versions/3.11.14/lib/python3.11/site-packages/telethon/sessions/sqlite.py", line 301, in process_entities
    c.executemany(
sqlite3.OperationalError: attempt to write a readonly database
2026-03-20 00:53:02 [ERROR] [telethon.client.telegrambaseclient] Unhandled exception from keepalive_handle after cancelling <class '_asyncio.Task'> (<Task finished name='Task-8492' coro=<UpdateMethods._keepalive_loop() done, defined at /www/server/pyporject_evn/versions/3.11.14/lib/python3.11/site-packages/telethon/client/updates.py:485> exception=OperationalError('attempt to write a readonly database')>)
Traceback (most recent call last):
  File "/www/server/pyporject_evn/versions/3.11.14/lib/python3.11/site-packages/telethon/helpers.py", line 176, in _cancel
    await task
  File "/www/server/pyporject_evn/versions/3.11.14/lib/python3.11/site-packages/telethon/client/updates.py", line 521, in _keepalive_loop
    await self._save_states_and_entities()
  File "/www/server/pyporject_evn/versions/3.11.14/lib/python3.11/site-packages/telethon/client/telegrambaseclient.py", line 701, in _save_states_and_entities
    self.session.process_entities(
  File "/www/server/pyporject_evn/versions/3.11.14/lib/python3.11/site-packages/telethon/sessions/sqlite.py", line 301, in process_entities
    c.executemany(
sqlite3.OperationalError: attempt to write a readonly database
2026-03-20 00:53:02 [ERROR] [asyncio] Task exception was never retrieved
future: <Task finished name='Task-10080' coro=<TelegramBaseClient._disconnect_coro() done, defined at /www/server/pyporject_evn/versions/3.11.14/lib/python3.11/site-packages/telethon/client/telegrambaseclient.py:716> exception=OperationalError('attempt to write a readonly database')>
Traceback (most recent call last):
  File "/www/server/pyporject_evn/versions/3.11.14/lib/python3.11/site-packages/telethon/client/telegrambaseclient.py", line 746, in _disconnect_coro
    await self._save_states_and_entities()
  File "/www/server/pyporject_evn/versions/3.11.14/lib/python3.11/site-packages/telethon/client/telegrambaseclient.py", line 701, in _save_states_and_entities
    self.session.process_entities(
  File "/www/server/pyporject_evn/versions/3.11.14/lib/python3.11/site-packages/telethon/sessions/sqlite.py", line 301, in process_entities
    c.executemany(
sqlite3.OperationalError: attempt to write a readonly database
2026-03-20 00:53:02 [ERROR] [telethon.client.updates] Fatal error handling updates (this is a bug in Telethon v1.42.0, please report it)
Traceback (most recent call last):
  File "/www/server/pyporject_evn/versions/3.11.14/lib/python3.11/site-packages/telethon/client/updates.py", line 467, in _update_loop
    _preprocess_updates = await self._preprocess_updates(processed, users, chats)
                          ^^^^^^^^^^^^^^^^^^^^^^^^^^^^^^^^^^^^^^^^^^^^^^^^^^^^^^^
  File "/www/server/pyporject_evn/versions/3.11.14/lib/python3.11/site-packages/telethon/client/updates.py", line 478, in _preprocess_updates
    await utils.maybe_async(self.session.process_entities(types.contacts.ResolvedPeer(None, users, chats)))
                            ^^^^^^^^^^^^^^^^^^^^^^^^^^^^^^^^^^^^^^^^^^^^^^^^^^^^^^^^^^^^^^^^^^^^^^^^^^^^^^
  File "/www/server/pyporject_evn/versions/3.11.14/lib/python3.11/site-packages/telethon/sessions/sqlite.py", line 301, in process_entities
    c.executemany(
sqlite3.OperationalError: attempt to write a readonly database
2026-03-20 00:53:02 [ERROR] [telethon.client.telegrambaseclient] Unhandled exception from keepalive_handle after cancelling <class '_asyncio.Task'> (<Task finished name='Task-149' coro=<UpdateMethods._keepalive_loop() done, defined at /www/server/pyporject_evn/versions/3.11.14/lib/python3.11/site-packages/telethon/client/updates.py:485> exception=OperationalError('attempt to write a readonly database')>)
Traceback (most recent call last):
  File "/www/server/pyporject_evn/versions/3.11.14/lib/python3.11/site-packages/telethon/helpers.py", line 176, in _cancel
    await task
  File "/www/server/pyporject_evn/versions/3.11.14/lib/python3.11/site-packages/telethon/client/updates.py", line 521, in _keepalive_loop
    await self._save_states_and_entities()
  File "/www/server/pyporject_evn/versions/3.11.14/lib/python3.11/site-packages/telethon/client/telegrambaseclient.py", line 701, in _save_states_and_entities
    self.session.process_entities(
  File "/www/server/pyporject_evn/versions/3.11.14/lib/python3.11/site-packages/telethon/sessions/sqlite.py", line 301, in process_entities
    c.executemany(
sqlite3.OperationalError: attempt to write a readonly database
2026-03-20 00:53:02 [ERROR] [asyncio] Task exception was never retrieved
future: <Task finished name='Task-1488' coro=<TelegramBaseClient._disconnect_coro() done, defined at /www/server/pyporject_evn/versions/3.11.14/lib/python3.11/site-packages/telethon/client/telegrambaseclient.py:716> exception=OperationalError('attempt to write a readonly database')>
Traceback (most recent call last):
  File "/www/server/pyporject_evn/versions/3.11.14/lib/python3.11/site-packages/telethon/client/telegrambaseclient.py", line 746, in _disconnect_coro
    await self._save_states_and_entities()
  File "/www/server/pyporject_evn/versions/3.11.14/lib/python3.11/site-packages/telethon/client/telegrambaseclient.py", line 701, in _save_states_and_entities
    self.session.process_entities(
  File "/www/server/pyporject_evn/versions/3.11.14/lib/python3.11/site-packages/telethon/sessions/sqlite.py", line 301, in process_entities
    c.executemany(
sqlite3.OperationalError: attempt to write a readonly database
2026-03-20 00:53:02 [ERROR] [telethon.client.updates] Fatal error handling updates (this is a bug in Telethon v1.42.0, please report it)
Traceback (most recent call last):
  File "/www/server/pyporject_evn/versions/3.11.14/lib/python3.11/site-packages/telethon/client/updates.py", line 467, in _update_loop
    _preprocess_updates = await self._preprocess_updates(processed, users, chats)
                          ^^^^^^^^^^^^^^^^^^^^^^^^^^^^^^^^^^^^^^^^^^^^^^^^^^^^^^^
  File "/www/server/pyporject_evn/versions/3.11.14/lib/python3.11/site-packages/telethon/client/updates.py", line 478, in _preprocess_updates
    await utils.maybe_async(self.session.process_entities(types.contacts.ResolvedPeer(None, users, chats)))
                            ^^^^^^^^^^^^^^^^^^^^^^^^^^^^^^^^^^^^^^^^^^^^^^^^^^^^^^^^^^^^^^^^^^^^^^^^^^^^^^
  File "/www/server/pyporject_evn/versions/3.11.14/lib/python3.11/site-packages/telethon/sessions/sqlite.py", line 301, in process_entities
    c.executemany(
sqlite3.OperationalError: attempt to write a readonly database
2026-03-20 00:53:02 [ERROR] [telethon.client.telegrambaseclient] Unhandled exception from keepalive_handle after cancelling <class '_asyncio.Task'> (<Task finished name='Task-131' coro=<UpdateMethods._keepalive_loop() done, defined at /www/server/pyporject_evn/versions/3.11.14/lib/python3.11/site-packages/telethon/client/updates.py:485> exception=OperationalError('attempt to write a readonly database')>)
Traceback (most recent call last):
  File "/www/server/pyporject_evn/versions/3.11.14/lib/python3.11/site-packages/telethon/helpers.py", line 176, in _cancel
    await task
  File "/www/server/pyporject_evn/versions/3.11.14/lib/python3.11/site-packages/telethon/client/updates.py", line 521, in _keepalive_loop
    await self._save_states_and_entities()
  File "/www/server/pyporject_evn/versions/3.11.14/lib/python3.11/site-packages/telethon/client/telegrambaseclient.py", line 701, in _save_states_and_entities
    self.session.process_entities(
  File "/www/server/pyporject_evn/versions/3.11.14/lib/python3.11/site-packages/telethon/sessions/sqlite.py", line 301, in process_entities
    c.executemany(
sqlite3.OperationalError: attempt to write a readonly database
2026-03-20 00:53:02 [ERROR] [asyncio] Task exception was never retrieved
future: <Task finished name='Task-1649' coro=<TelegramBaseClient._disconnect_coro() done, defined at /www/server/pyporject_evn/versions/3.11.14/lib/python3.11/site-packages/telethon/client/telegrambaseclient.py:716> exception=OperationalError('attempt to write a readonly database')>
Traceback (most recent call last):
  File "/www/server/pyporject_evn/versions/3.11.14/lib/python3.11/site-packages/telethon/client/telegrambaseclient.py", line 746, in _disconnect_coro
    await self._save_states_and_entities()
  File "/www/server/pyporject_evn/versions/3.11.14/lib/python3.11/site-packages/telethon/client/telegrambaseclient.py", line 701, in _save_states_and_entities
    self.session.process_entities(
  File "/www/server/pyporject_evn/versions/3.11.14/lib/python3.11/site-packages/telethon/sessions/sqlite.py", line 301, in process_entities
    c.executemany(
sqlite3.OperationalError: attempt to write a readonly database
2026-03-20 00:53:02 [ERROR] [telethon.client.updates] Fatal error handling updates (this is a bug in Telethon v1.42.0, please report it)
Traceback (most recent call last):
  File "/www/server/pyporject_evn/versions/3.11.14/lib/python3.11/site-packages/telethon/client/updates.py", line 467, in _update_loop
    _preprocess_updates = await self._preprocess_updates(processed, users, chats)
                          ^^^^^^^^^^^^^^^^^^^^^^^^^^^^^^^^^^^^^^^^^^^^^^^^^^^^^^^
  File "/www/server/pyporject_evn/versions/3.11.14/lib/python3.11/site-packages/telethon/client/updates.py", line 478, in _preprocess_updates
    await utils.maybe_async(self.session.process_entities(types.contacts.ResolvedPeer(None, users, chats)))
                            ^^^^^^^^^^^^^^^^^^^^^^^^^^^^^^^^^^^^^^^^^^^^^^^^^^^^^^^^^^^^^^^^^^^^^^^^^^^^^^
  File "/www/server/pyporject_evn/versions/3.11.14/lib/python3.11/site-packages/telethon/sessions/sqlite.py", line 301, in process_entities
    c.executemany(
sqlite3.OperationalError: attempt to write a readonly database
2026-03-20 00:53:02 [ERROR] [telethon.client.updates] Fatal error handling updates (this is a bug in Telethon v1.42.0, please report it)
Traceback (most recent call last):
  File "/www/server/pyporject_evn/versions/3.11.14/lib/python3.11/site-packages/telethon/client/updates.py", line 467, in _update_loop
    _preprocess_updates = await self._preprocess_updates(processed, users, chats)
                          ^^^^^^^^^^^^^^^^^^^^^^^^^^^^^^^^^^^^^^^^^^^^^^^^^^^^^^^
  File "/www/server/pyporject_evn/versions/3.11.14/lib/python3.11/site-packages/telethon/client/updates.py", line 478, in _preprocess_updates
    await utils.maybe_async(self.session.process_entities(types.contacts.ResolvedPeer(None, users, chats)))
                            ^^^^^^^^^^^^^^^^^^^^^^^^^^^^^^^^^^^^^^^^^^^^^^^^^^^^^^^^^^^^^^^^^^^^^^^^^^^^^^
  File "/www/server/pyporject_evn/versions/3.11.14/lib/python3.11/site-packages/telethon/sessions/sqlite.py", line 301, in process_entities
    c.executemany(
sqlite3.OperationalError: attempt to write a readonly database
2026-03-20 00:53:02 [ERROR] [telethon.client.updates] Fatal error handling updates (this is a bug in Telethon v1.42.0, please report it)
Traceback (most recent call last):
  File "/www/server/pyporject_evn/versions/3.11.14/lib/python3.11/site-packages/telethon/client/updates.py", line 467, in _update_loop
    _preprocess_updates = await self._preprocess_updates(processed, users, chats)
                          ^^^^^^^^^^^^^^^^^^^^^^^^^^^^^^^^^^^^^^^^^^^^^^^^^^^^^^^
  File "/www/server/pyporject_evn/versions/3.11.14/lib/python3.11/site-packages/telethon/client/updates.py", line 478, in _preprocess_updates
    await utils.maybe_async(self.session.process_entities(types.contacts.ResolvedPeer(None, users, chats)))
                            ^^^^^^^^^^^^^^^^^^^^^^^^^^^^^^^^^^^^^^^^^^^^^^^^^^^^^^^^^^^^^^^^^^^^^^^^^^^^^^
  File "/www/server/pyporject_evn/versions/3.11.14/lib/python3.11/site-packages/telethon/sessions/sqlite.py", line 301, in process_entities
    c.executemany(
sqlite3.OperationalError: attempt to write a readonly database
2026-03-20 00:53:02 [ERROR] [telethon.client.updates] Fatal error handling updates (this is a bug in Telethon v1.42.0, please report it)
Traceback (most recent call last):
  File "/www/server/pyporject_evn/versions/3.11.14/lib/python3.11/site-packages/telethon/client/updates.py", line 467, in _update_loop
    _preprocess_updates = await self._preprocess_updates(processed, users, chats)
                          ^^^^^^^^^^^^^^^^^^^^^^^^^^^^^^^^^^^^^^^^^^^^^^^^^^^^^^^
  File "/www/server/pyporject_evn/versions/3.11.14/lib/python3.11/site-packages/telethon/client/updates.py", line 478, in _preprocess_updates
    await utils.maybe_async(self.session.process_entities(types.contacts.ResolvedPeer(None, users, chats)))
                            ^^^^^^^^^^^^^^^^^^^^^^^^^^^^^^^^^^^^^^^^^^^^^^^^^^^^^^^^^^^^^^^^^^^^^^^^^^^^^^
  File "/www/server/pyporject_evn/versions/3.11.14/lib/python3.11/site-packages/telethon/sessions/sqlite.py", line 301, in process_entities
    c.executemany(
sqlite3.OperationalError: attempt to write a readonly database
2026-03-20 00:53:02 [ERROR] [telethon.client.updates] Fatal error handling updates (this is a bug in Telethon v1.42.0, please report it)
Traceback (most recent call last):
  File "/www/server/pyporject_evn/versions/3.11.14/lib/python3.11/site-packages/telethon/client/updates.py", line 467, in _update_loop
    _preprocess_updates = await self._preprocess_updates(processed, users, chats)
                          ^^^^^^^^^^^^^^^^^^^^^^^^^^^^^^^^^^^^^^^^^^^^^^^^^^^^^^^
  File "/www/server/pyporject_evn/versions/3.11.14/lib/python3.11/site-packages/telethon/client/updates.py", line 478, in _preprocess_updates
    await utils.maybe_async(self.session.process_entities(types.contacts.ResolvedPeer(None, users, chats)))
                            ^^^^^^^^^^^^^^^^^^^^^^^^^^^^^^^^^^^^^^^^^^^^^^^^^^^^^^^^^^^^^^^^^^^^^^^^^^^^^^
  File "/www/server/pyporject_evn/versions/3.11.14/lib/python3.11/site-packages/telethon/sessions/sqlite.py", line 301, in process_entities
    c.executemany(
sqlite3.OperationalError: attempt to write a readonly database
2026-03-20 00:53:02 [ERROR] [telethon.client.telegrambaseclient] Unhandled exception from keepalive_handle after cancelling <class '_asyncio.Task'> (<Task finished name='Task-103' coro=<UpdateMethods._keepalive_loop() done, defined at /www/server/pyporject_evn/versions/3.11.14/lib/python3.11/site-packages/telethon/client/updates.py:485> exception=OperationalError('attempt to write a readonly database')>)
Traceback (most recent call last):
  File "/www/server/pyporject_evn/versions/3.11.14/lib/python3.11/site-packages/telethon/helpers.py", line 176, in _cancel
    await task
  File "/www/server/pyporject_evn/versions/3.11.14/lib/python3.11/site-packages/telethon/client/updates.py", line 521, in _keepalive_loop
    await self._save_states_and_entities()
  File "/www/server/pyporject_evn/versions/3.11.14/lib/python3.11/site-packages/telethon/client/telegrambaseclient.py", line 701, in _save_states_and_entities
    self.session.process_entities(
  File "/www/server/pyporject_evn/versions/3.11.14/lib/python3.11/site-packages/telethon/sessions/sqlite.py", line 301, in process_entities
    c.executemany(
sqlite3.OperationalError: attempt to write a readonly database
2026-03-20 00:53:02 [ERROR] [telethon.client.telegrambaseclient] Unhandled exception from keepalive_handle after cancelling <class '_asyncio.Task'> (<Task finished name='Task-107' coro=<UpdateMethods._keepalive_loop() done, defined at /www/server/pyporject_evn/versions/3.11.14/lib/python3.11/site-packages/telethon/client/updates.py:485> exception=OperationalError('attempt to write a readonly database')>)
Traceback (most recent call last):
  File "/www/server/pyporject_evn/versions/3.11.14/lib/python3.11/site-packages/telethon/helpers.py", line 176, in _cancel
    await task
  File "/www/server/pyporject_evn/versions/3.11.14/lib/python3.11/site-packages/telethon/client/updates.py", line 521, in _keepalive_loop
    await self._save_states_and_entities()
  File "/www/server/pyporject_evn/versions/3.11.14/lib/python3.11/site-packages/telethon/client/telegrambaseclient.py", line 701, in _save_states_and_entities
    self.session.process_entities(
  File "/www/server/pyporject_evn/versions/3.11.14/lib/python3.11/site-packages/telethon/sessions/sqlite.py", line 301, in process_entities
    c.executemany(
sqlite3.OperationalError: attempt to write a readonly database
2026-03-20 00:53:02 [ERROR] [asyncio] Task exception was never retrieved
future: <Task finished name='Task-1263' coro=<TelegramBaseClient._disconnect_coro() done, defined at /www/server/pyporject_evn/versions/3.11.14/lib/python3.11/site-packages/telethon/client/telegrambaseclient.py:716> exception=OperationalError('attempt to write a readonly database')>
Traceback (most recent call last):
  File "/www/server/pyporject_evn/versions/3.11.14/lib/python3.11/site-packages/telethon/client/telegrambaseclient.py", line 746, in _disconnect_coro
    await self._save_states_and_entities()
  File "/www/server/pyporject_evn/versions/3.11.14/lib/python3.11/site-packages/telethon/client/telegrambaseclient.py", line 701, in _save_states_and_entities
    self.session.process_entities(
  File "/www/server/pyporject_evn/versions/3.11.14/lib/python3.11/site-packages/telethon/sessions/sqlite.py", line 301, in process_entities
    c.executemany(
sqlite3.OperationalError: attempt to write a readonly database
2026-03-20 00:53:02 [ERROR] [telethon.client.updates] Fatal error handling updates (this is a bug in Telethon v1.42.0, please report it)
Traceback (most recent call last):
  File "/www/server/pyporject_evn/versions/3.11.14/lib/python3.11/site-packages/telethon/client/updates.py", line 467, in _update_loop
    _preprocess_updates = await self._preprocess_updates(processed, users, chats)
                          ^^^^^^^^^^^^^^^^^^^^^^^^^^^^^^^^^^^^^^^^^^^^^^^^^^^^^^^
  File "/www/server/pyporject_evn/versions/3.11.14/lib/python3.11/site-packages/telethon/client/updates.py", line 478, in _preprocess_updates
    await utils.maybe_async(self.session.process_entities(types.contacts.ResolvedPeer(None, users, chats)))
                            ^^^^^^^^^^^^^^^^^^^^^^^^^^^^^^^^^^^^^^^^^^^^^^^^^^^^^^^^^^^^^^^^^^^^^^^^^^^^^^
  File "/www/server/pyporject_evn/versions/3.11.14/lib/python3.11/site-packages/telethon/sessions/sqlite.py", line 301, in process_entities
    c.executemany(
sqlite3.OperationalError: attempt to write a readonly database
2026-03-20 00:53:02 [ERROR] [telethon.client.updates] Fatal error handling updates (this is a bug in Telethon v1.42.0, please report it)
Traceback (most recent call last):
  File "/www/server/pyporject_evn/versions/3.11.14/lib/python3.11/site-packages/telethon/client/updates.py", line 467, in _update_loop
    _preprocess_updates = await self._preprocess_updates(processed, users, chats)
                          ^^^^^^^^^^^^^^^^^^^^^^^^^^^^^^^^^^^^^^^^^^^^^^^^^^^^^^^
  File "/www/server/pyporject_evn/versions/3.11.14/lib/python3.11/site-packages/telethon/client/updates.py", line 478, in _preprocess_updates
    await utils.maybe_async(self.session.process_entities(types.contacts.ResolvedPeer(None, users, chats)))
                            ^^^^^^^^^^^^^^^^^^^^^^^^^^^^^^^^^^^^^^^^^^^^^^^^^^^^^^^^^^^^^^^^^^^^^^^^^^^^^^
  File "/www/server/pyporject_evn/versions/3.11.14/lib/python3.11/site-packages/telethon/sessions/sqlite.py", line 301, in process_entities
    c.executemany(
sqlite3.OperationalError: attempt to write a readonly database
2026-03-20 00:53:02 [ERROR] [asyncio] Task exception was never retrieved
future: <Task finished name='Task-1440' coro=<TelegramBaseClient._disconnect_coro() done, defined at /www/server/pyporject_evn/versions/3.11.14/lib/python3.11/site-packages/telethon/client/telegrambaseclient.py:716> exception=OperationalError('attempt to write a readonly database')>
Traceback (most recent call last):
  File "/www/server/pyporject_evn/versions/3.11.14/lib/python3.11/site-packages/telethon/client/telegrambaseclient.py", line 746, in _disconnect_coro
    await self._save_states_and_entities()
  File "/www/server/pyporject_evn/versions/3.11.14/lib/python3.11/site-packages/telethon/client/telegrambaseclient.py", line 701, in _save_states_and_entities
    self.session.process_entities(
  File "/www/server/pyporject_evn/versions/3.11.14/lib/python3.11/site-packages/telethon/sessions/sqlite.py", line 301, in process_entities
    c.executemany(
sqlite3.OperationalError: attempt to write a readonly database
2026-03-20 00:53:02 [ERROR] [telethon.client.updates] Fatal error handling updates (this is a bug in Telethon v1.42.0, please report it)
Traceback (most recent call last):
  File "/www/server/pyporject_evn/versions/3.11.14/lib/python3.11/site-packages/telethon/client/updates.py", line 467, in _update_loop
    _preprocess_updates = await self._preprocess_updates(processed, users, chats)
                          ^^^^^^^^^^^^^^^^^^^^^^^^^^^^^^^^^^^^^^^^^^^^^^^^^^^^^^^
  File "/www/server/pyporject_evn/versions/3.11.14/lib/python3.11/site-packages/telethon/client/updates.py", line 478, in _preprocess_updates
    await utils.maybe_async(self.session.process_entities(types.contacts.ResolvedPeer(None, users, chats)))
                            ^^^^^^^^^^^^^^^^^^^^^^^^^^^^^^^^^^^^^^^^^^^^^^^^^^^^^^^^^^^^^^^^^^^^^^^^^^^^^^
  File "/www/server/pyporject_evn/versions/3.11.14/lib/python3.11/site-packages/telethon/sessions/sqlite.py", line 301, in process_entities
    c.executemany(
sqlite3.OperationalError: attempt to write a readonly database
2026-03-20 00:53:02 [ERROR] [telethon.client.telegrambaseclient] Unhandled exception from keepalive_handle after cancelling <class '_asyncio.Task'> (<Task finished name='Task-149' coro=<UpdateMethods._keepalive_loop() done, defined at /www/server/pyporject_evn/versions/3.11.14/lib/python3.11/site-packages/telethon/client/updates.py:485> exception=OperationalError('attempt to write a readonly database')>)
Traceback (most recent call last):
  File "/www/server/pyporject_evn/versions/3.11.14/lib/python3.11/site-packages/telethon/helpers.py", line 176, in _cancel
    await task
  File "/www/server/pyporject_evn/versions/3.11.14/lib/python3.11/site-packages/telethon/client/updates.py", line 521, in _keepalive_loop
    await self._save_states_and_entities()
  File "/www/server/pyporject_evn/versions/3.11.14/lib/python3.11/site-packages/telethon/client/telegrambaseclient.py", line 701, in _save_states_and_entities
    self.session.process_entities(
  File "/www/server/pyporject_evn/versions/3.11.14/lib/python3.11/site-packages/telethon/sessions/sqlite.py", line 301, in process_entities
    c.executemany(
sqlite3.OperationalError: attempt to write a readonly database
2026-03-20 00:53:02 [ERROR] [telethon.client.telegrambaseclient] Unhandled exception from keepalive_handle after cancelling <class '_asyncio.Task'> (<Task finished name='Task-10243' coro=<UpdateMethods._keepalive_loop() done, defined at /www/server/pyporject_evn/versions/3.11.14/lib/python3.11/site-packages/telethon/client/updates.py:485> exception=OperationalError('attempt to write a readonly database')>)
Traceback (most recent call last):
  File "/www/server/pyporject_evn/versions/3.11.14/lib/python3.11/site-packages/telethon/helpers.py", line 176, in _cancel
    await task
  File "/www/server/pyporject_evn/versions/3.11.14/lib/python3.11/site-packages/telethon/client/updates.py", line 521, in _keepalive_loop
    await self._save_states_and_entities()
  File "/www/server/pyporject_evn/versions/3.11.14/lib/python3.11/site-packages/telethon/client/telegrambaseclient.py", line 701, in _save_states_and_entities
    self.session.process_entities(
  File "/www/server/pyporject_evn/versions/3.11.14/lib/python3.11/site-packages/telethon/sessions/sqlite.py", line 301, in process_entities
    c.executemany(
sqlite3.OperationalError: attempt to write a readonly database
2026-03-20 00:53:02 [ERROR] [asyncio] Task exception was never retrieved
future: <Task finished name='Task-1766' coro=<TelegramBaseClient._disconnect_coro() done, defined at /www/server/pyporject_evn/versions/3.11.14/lib/python3.11/site-packages/telethon/client/telegrambaseclient.py:716> exception=OperationalError('attempt to write a readonly database')>
Traceback (most recent call last):
  File "/www/server/pyporject_evn/versions/3.11.14/lib/python3.11/site-packages/telethon/client/telegrambaseclient.py", line 746, in _disconnect_coro
    await self._save_states_and_entities()
  File "/www/server/pyporject_evn/versions/3.11.14/lib/python3.11/site-packages/telethon/client/telegrambaseclient.py", line 701, in _save_states_and_entities
    self.session.process_entities(
  File "/www/server/pyporject_evn/versions/3.11.14/lib/python3.11/site-packages/telethon/sessions/sqlite.py", line 301, in process_entities
    c.executemany(
sqlite3.OperationalError: attempt to write a readonly database
2026-03-20 00:53:02 [ERROR] [asyncio] Task exception was never retrieved
future: <Task finished name='Task-11706' coro=<TelegramBaseClient._disconnect_coro() done, defined at /www/server/pyporject_evn/versions/3.11.14/lib/python3.11/site-packages/telethon/client/telegrambaseclient.py:716> exception=OperationalError('attempt to write a readonly database')>
Traceback (most recent call last):
  File "/www/server/pyporject_evn/versions/3.11.14/lib/python3.11/site-packages/telethon/client/telegrambaseclient.py", line 746, in _disconnect_coro
    await self._save_states_and_entities()
  File "/www/server/pyporject_evn/versions/3.11.14/lib/python3.11/site-packages/telethon/client/telegrambaseclient.py", line 701, in _save_states_and_entities
    self.session.process_entities(
  File "/www/server/pyporject_evn/versions/3.11.14/lib/python3.11/site-packages/telethon/sessions/sqlite.py", line 301, in process_entities
    c.executemany(
sqlite3.OperationalError: attempt to write a readonly database
2026-03-20 00:53:02 [ERROR] [telethon.client.telegrambaseclient] Unhandled exception from keepalive_handle after cancelling <class '_asyncio.Task'> (<Task finished name='Task-10292' coro=<UpdateMethods._keepalive_loop() done, defined at /www/server/pyporject_evn/versions/3.11.14/lib/python3.11/site-packages/telethon/client/updates.py:485> exception=OperationalError('attempt to write a readonly database')>)
Traceback (most recent call last):
  File "/www/server/pyporject_evn/versions/3.11.14/lib/python3.11/site-packages/telethon/helpers.py", line 176, in _cancel
    await task
  File "/www/server/pyporject_evn/versions/3.11.14/lib/python3.11/site-packages/telethon/client/updates.py", line 521, in _keepalive_loop
    await self._save_states_and_entities()
  File "/www/server/pyporject_evn/versions/3.11.14/lib/python3.11/site-packages/telethon/client/telegrambaseclient.py", line 701, in _save_states_and_entities
    self.session.process_entities(
  File "/www/server/pyporject_evn/versions/3.11.14/lib/python3.11/site-packages/telethon/sessions/sqlite.py", line 301, in process_entities
    c.executemany(
sqlite3.OperationalError: attempt to write a readonly database
2026-03-20 00:53:02 [ERROR] [telethon.client.telegrambaseclient] Unhandled exception from keepalive_handle after cancelling <class '_asyncio.Task'> (<Task finished name='Task-146' coro=<UpdateMethods._keepalive_loop() done, defined at /www/server/pyporject_evn/versions/3.11.14/lib/python3.11/site-packages/telethon/client/updates.py:485> exception=OperationalError('attempt to write a readonly database')>)
Traceback (most recent call last):
  File "/www/server/pyporject_evn/versions/3.11.14/lib/python3.11/site-packages/telethon/helpers.py", line 176, in _cancel
    await task
  File "/www/server/pyporject_evn/versions/3.11.14/lib/python3.11/site-packages/telethon/client/updates.py", line 521, in _keepalive_loop
    await self._save_states_and_entities()
  File "/www/server/pyporject_evn/versions/3.11.14/lib/python3.11/site-packages/telethon/client/telegrambaseclient.py", line 701, in _save_states_and_entities
    self.session.process_entities(
  File "/www/server/pyporject_evn/versions/3.11.14/lib/python3.11/site-packages/telethon/sessions/sqlite.py", line 301, in process_entities
    c.executemany(
sqlite3.OperationalError: attempt to write a readonly database
2026-03-20 00:53:02 [ERROR] [telethon.client.telegrambaseclient] Unhandled exception from keepalive_handle after cancelling <class '_asyncio.Task'> (<Task finished name='Task-10240' coro=<UpdateMethods._keepalive_loop() done, defined at /www/server/pyporject_evn/versions/3.11.14/lib/python3.11/site-packages/telethon/client/updates.py:485> exception=OperationalError('attempt to write a readonly database')>)
Traceback (most recent call last):
  File "/www/server/pyporject_evn/versions/3.11.14/lib/python3.11/site-packages/telethon/helpers.py", line 176, in _cancel
    await task
  File "/www/server/pyporject_evn/versions/3.11.14/lib/python3.11/site-packages/telethon/client/updates.py", line 521, in _keepalive_loop
    await self._save_states_and_entities()
  File "/www/server/pyporject_evn/versions/3.11.14/lib/python3.11/site-packages/telethon/client/telegrambaseclient.py", line 701, in _save_states_and_entities
    self.session.process_entities(
  File "/www/server/pyporject_evn/versions/3.11.14/lib/python3.11/site-packages/telethon/sessions/sqlite.py", line 301, in process_entities
    c.executemany(
sqlite3.OperationalError: attempt to write a readonly database
2026-03-20 00:53:02 [ERROR] [asyncio] Task exception was never retrieved
future: <Task finished name='Task-11935' coro=<TelegramBaseClient._disconnect_coro() done, defined at /www/server/pyporject_evn/versions/3.11.14/lib/python3.11/site-packages/telethon/client/telegrambaseclient.py:716> exception=OperationalError('attempt to write a readonly database')>
Traceback (most recent call last):
  File "/www/server/pyporject_evn/versions/3.11.14/lib/python3.11/site-packages/telethon/client/telegrambaseclient.py", line 746, in _disconnect_coro
    await self._save_states_and_entities()
  File "/www/server/pyporject_evn/versions/3.11.14/lib/python3.11/site-packages/telethon/client/telegrambaseclient.py", line 701, in _save_states_and_entities
    self.session.process_entities(
  File "/www/server/pyporject_evn/versions/3.11.14/lib/python3.11/site-packages/telethon/sessions/sqlite.py", line 301, in process_entities
    c.executemany(
sqlite3.OperationalError: attempt to write a readonly database
2026-03-20 00:53:02 [ERROR] [asyncio] Task exception was never retrieved
future: <Task finished name='Task-1767' coro=<TelegramBaseClient._disconnect_coro() done, defined at /www/server/pyporject_evn/versions/3.11.14/lib/python3.11/site-packages/telethon/client/telegrambaseclient.py:716> exception=OperationalError('attempt to write a readonly database')>
Traceback (most recent call last):
  File "/www/server/pyporject_evn/versions/3.11.14/lib/python3.11/site-packages/telethon/client/telegrambaseclient.py", line 746, in _disconnect_coro
    await self._save_states_and_entities()
  File "/www/server/pyporject_evn/versions/3.11.14/lib/python3.11/site-packages/telethon/client/telegrambaseclient.py", line 701, in _save_states_and_entities
    self.session.process_entities(
  File "/www/server/pyporject_evn/versions/3.11.14/lib/python3.11/site-packages/telethon/sessions/sqlite.py", line 301, in process_entities
    c.executemany(
sqlite3.OperationalError: attempt to write a readonly database
2026-03-20 00:53:02 [ERROR] [asyncio] Task exception was never retrieved
future: <Task finished name='Task-11707' coro=<TelegramBaseClient._disconnect_coro() done, defined at /www/server/pyporject_evn/versions/3.11.14/lib/python3.11/site-packages/telethon/client/telegrambaseclient.py:716> exception=OperationalError('attempt to write a readonly database')>
Traceback (most recent call last):
  File "/www/server/pyporject_evn/versions/3.11.14/lib/python3.11/site-packages/telethon/client/telegrambaseclient.py", line 746, in _disconnect_coro
    await self._save_states_and_entities()
  File "/www/server/pyporject_evn/versions/3.11.14/lib/python3.11/site-packages/telethon/client/telegrambaseclient.py", line 701, in _save_states_and_entities
    self.session.process_entities(
  File "/www/server/pyporject_evn/versions/3.11.14/lib/python3.11/site-packages/telethon/sessions/sqlite.py", line 301, in process_entities
    c.executemany(
sqlite3.OperationalError: attempt to write a readonly database
2026-03-20 00:53:02 [ERROR] [telethon.client.telegrambaseclient] Unhandled exception from keepalive_handle after cancelling <class '_asyncio.Task'> (<Task finished name='Task-10295' coro=<UpdateMethods._keepalive_loop() done, defined at /www/server/pyporject_evn/versions/3.11.14/lib/python3.11/site-packages/telethon/client/updates.py:485> exception=OperationalError('attempt to write a readonly database')>)
Traceback (most recent call last):
  File "/www/server/pyporject_evn/versions/3.11.14/lib/python3.11/site-packages/telethon/helpers.py", line 176, in _cancel
    await task
  File "/www/server/pyporject_evn/versions/3.11.14/lib/python3.11/site-packages/telethon/client/updates.py", line 521, in _keepalive_loop
    await self._save_states_and_entities()
  File "/www/server/pyporject_evn/versions/3.11.14/lib/python3.11/site-packages/telethon/client/telegrambaseclient.py", line 701, in _save_states_and_entities
    self.session.process_entities(
  File "/www/server/pyporject_evn/versions/3.11.14/lib/python3.11/site-packages/telethon/sessions/sqlite.py", line 301, in process_entities
    c.executemany(
sqlite3.OperationalError: attempt to write a readonly database
2026-03-20 00:53:02 [ERROR] [asyncio] Task exception was never retrieved
future: <Task finished name='Task-11938' coro=<TelegramBaseClient._disconnect_coro() done, defined at /www/server/pyporject_evn/versions/3.11.14/lib/python3.11/site-packages/telethon/client/telegrambaseclient.py:716> exception=OperationalError('attempt to write a readonly database')>
Traceback (most recent call last):
  File "/www/server/pyporject_evn/versions/3.11.14/lib/python3.11/site-packages/telethon/client/telegrambaseclient.py", line 746, in _disconnect_coro
    await self._save_states_and_entities()
  File "/www/server/pyporject_evn/versions/3.11.14/lib/python3.11/site-packages/telethon/client/telegrambaseclient.py", line 701, in _save_states_and_entities
    self.session.process_entities(
  File "/www/server/pyporject_evn/versions/3.11.14/lib/python3.11/site-packages/telethon/sessions/sqlite.py", line 301, in process_entities
    c.executemany(
sqlite3.OperationalError: attempt to write a readonly database
