[2026-01-29T23:10:48+08:00][info] 任务 25 将在 95 秒后继续处理下一条消息，索引: 498, 实例ID: task_25_index_498_1769699448.383
[2026-01-29T23:10:48+08:00][info] 开始处理队列任务: task_id=26, current_index=1404
[2026-01-29T23:10:48+08:00][info] 消息缓存初始化完成: task_id=26, groups=https://t.me/+whdGi5iPfw40ZDMx
[2026-01-29T23:10:48+08:00][info] 任务 26 第 2 次循环，重置群组 https://t.me/+whdGi5iPfw40ZDMx 消息状态
[2026-01-29T23:10:48+08:00][info] 使用feedbackType=1403的消息ID: 15250
[2026-01-29T23:10:51+08:00][info] 返回:{"status":true,"message":"发送完成，成功1个，失败0个[]","data":{"success":[{"group_id":3642748012,"group_link":"https:\/\/t.me\/+whdGi5iPfw40ZDMx","type":"megagroup","message":"发送成功","message_id":15253}],"failed":[],"debug":["处理标识符: https:\/\/t.me\/+whdGi5iPfw40ZDMx, 清理后: https:\/\/t.me\/+whdGi5iPfw40ZDMx, 识别为链接: True, 识别为数字ID: False"],"warning":""}}
[2026-01-29T23:10:51+08:00][info] 消息ID缓存成功: task_id=26, group_id=https://t.me/+whdGi5iPfw40ZDMx, msg_index=1404, message_id=15253
[2026-01-29T23:10:51+08:00][info] 消息状态标记为已发送: task_id=26, group_id=https://t.me/+whdGi5iPfw40ZDMx, msg_index=1404
[2026-01-29T23:10:52+08:00][info] 任务 26 将在 85 秒后继续处理下一条消息，索引: 1405, 实例ID: task_26_index_1405_1769699452.0038
[2026-01-29T23:11:13+08:00][info] 开始处理队列任务: task_id=29, current_index=380
[2026-01-29T23:11:15+08:00][info] 返回:{"status":true,"message":"发送完成，成功1个，失败0个[]","data":{"success":[{"group_id":3780502866,"group_link":"https:\/\/t.me\/+WZlsKfz1W89jYjE0","type":"megagroup","message":"发送成功","message_id":3678}],"failed":[],"debug":["处理标识符: https:\/\/t.me\/+WZlsKfz1W89jYjE0, 清理后: https:\/\/t.me\/+WZlsKfz1W89jYjE0, 识别为链接: True, 识别为数字ID: False"],"warning":""}}
[2026-01-29T23:11:15+08:00][info] 消息ID缓存成功: task_id=29, group_id=https://t.me/+WZlsKfz1W89jYjE0, msg_index=380, message_id=3678
[2026-01-29T23:11:15+08:00][info] 消息状态标记为已发送: task_id=29, group_id=https://t.me/+WZlsKfz1W89jYjE0, msg_index=380
[2026-01-29T23:11:15+08:00][info] 任务 29 将在 73 秒后继续处理下一条消息，索引: 381, 实例ID: task_29_index_381_1769699475.6043
[2026-01-29T23:11:30+08:00][info] 开始处理队列任务: task_id=28, current_index=1098
[2026-01-29T23:11:34+08:00][info] 返回:{"status":true,"message":"发送完成，成功1个，失败0个[]","data":{"success":[{"group_id":3657218256,"group_link":"https:\/\/t.me\/+Hg62NsrbOCZmZmY8","type":"megagroup","message":"发送成功","message_id":4411}],"failed":[],"debug":["处理标识符: https:\/\/t.me\/+Hg62NsrbOCZmZmY8, 清理后: https:\/\/t.me\/+Hg62NsrbOCZmZmY8, 识别为链接: True, 识别为数字ID: False"],"warning":""}}
[2026-01-29T23:11:34+08:00][info] 消息ID缓存成功: task_id=28, group_id=https://t.me/+Hg62NsrbOCZmZmY8, msg_index=1098, message_id=4411
[2026-01-29T23:11:34+08:00][info] 消息状态标记为已发送: task_id=28, group_id=https://t.me/+Hg62NsrbOCZmZmY8, msg_index=1098
[2026-01-29T23:11:34+08:00][info] 任务 28 将在 89 秒后继续处理下一条消息，索引: 1099, 实例ID: task_28_index_1099_1769699494.4
[2026-01-29T23:11:46+08:00][info] 开始处理队列任务: task_id=28, current_index=1099
[2026-01-29T23:11:49+08:00][info] 返回:{"status":true,"message":"发送完成，成功1个，失败0个[]","data":{"success":[{"group_id":3657218256,"group_link":"https:\/\/t.me\/+Hg62NsrbOCZmZmY8","type":"megagroup","message":"发送成功","message_id":4412}],"failed":[],"debug":["处理标识符: https:\/\/t.me\/+Hg62NsrbOCZmZmY8, 清理后: https:\/\/t.me\/+Hg62NsrbOCZmZmY8, 识别为链接: True, 识别为数字ID: False"],"warning":""}}
[2026-01-29T23:11:49+08:00][info] 消息ID缓存成功: task_id=28, group_id=https://t.me/+Hg62NsrbOCZmZmY8, msg_index=1099, message_id=4412
[2026-01-29T23:11:49+08:00][info] 消息状态标记为已发送: task_id=28, group_id=https://t.me/+Hg62NsrbOCZmZmY8, msg_index=1099
[2026-01-29T23:11:49+08:00][info] 任务 28 将在 109 秒后继续处理下一条消息，索引: 1100, 实例ID: task_28_index_1100_1769699509.4003
[2026-01-29T23:11:55+08:00][info] 开始处理队列任务: task_id=29, current_index=381
[2026-01-29T23:11:57+08:00][info] 返回:{"status":true,"message":"发送完成，成功1个，失败0个[]","data":{"success":[{"group_id":3780502866,"group_link":"https:\/\/t.me\/+WZlsKfz1W89jYjE0","type":"megagroup","message":"发送成功","message_id":3679}],"failed":[],"debug":["处理标识符: https:\/\/t.me\/+WZlsKfz1W89jYjE0, 清理后: https:\/\/t.me\/+WZlsKfz1W89jYjE0, 识别为链接: True, 识别为数字ID: False"],"warning":""}}
[2026-01-29T23:11:57+08:00][info] 消息ID缓存成功: task_id=29, group_id=https://t.me/+WZlsKfz1W89jYjE0, msg_index=381, message_id=3679
[2026-01-29T23:11:57+08:00][info] 消息状态标记为已发送: task_id=29, group_id=https://t.me/+WZlsKfz1W89jYjE0, msg_index=381
[2026-01-29T23:11:57+08:00][info] 任务 29 将在 70 秒后继续处理下一条消息，索引: 382, 实例ID: task_29_index_382_1769699517.6828
[2026-01-29T23:12:03+08:00][info] 开始处理队列任务: task_id=27, current_index=1409
[2026-01-29T23:12:03+08:00][info] 消息缓存初始化完成: task_id=27, groups=https://t.me/+_XaTo9Qrv0VjOTM0
[2026-01-29T23:12:03+08:00][info] 任务 27 第 2 次循环，重置群组 https://t.me/+_XaTo9Qrv0VjOTM0 消息状态
[2026-01-29T23:12:06+08:00][info] 返回:{"status":true,"message":"发送完成，成功1个，失败0个[]","data":{"success":[{"group_id":3649225144,"group_link":"https:\/\/t.me\/+_XaTo9Qrv0VjOTM0","type":"megagroup","message":"发送成功","message_id":15306}],"failed":[],"debug":["处理标识符: https:\/\/t.me\/+_XaTo9Qrv0VjOTM0, 清理后: https:\/\/t.me\/+_XaTo9Qrv0VjOTM0, 识别为链接: True, 识别为数字ID: False"],"warning":""}}
[2026-01-29T23:12:06+08:00][info] 消息ID缓存成功: task_id=27, group_id=https://t.me/+_XaTo9Qrv0VjOTM0, msg_index=1409, message_id=15306
[2026-01-29T23:12:06+08:00][info] 消息状态标记为已发送: task_id=27, group_id=https://t.me/+_XaTo9Qrv0VjOTM0, msg_index=1409
[2026-01-29T23:12:06+08:00][info] 任务 27 将在 80 秒后继续处理下一条消息，索引: 1410, 实例ID: task_27_index_1410_1769699526.5694
[2026-01-29T23:12:09+08:00][info] 开始处理队列任务: task_id=27, current_index=1410
[2026-01-29T23:12:09+08:00][info] 消息缓存初始化完成: task_id=27, groups=https://t.me/+_XaTo9Qrv0VjOTM0
[2026-01-29T23:12:09+08:00][info] 任务 27 第 2 次循环，重置群组 https://t.me/+_XaTo9Qrv0VjOTM0 消息状态
[2026-01-29T23:12:12+08:00][info] 返回:{"status":true,"message":"发送完成，成功1个，失败0个[]","data":{"success":[{"group_id":3649225144,"group_link":"https:\/\/t.me\/+_XaTo9Qrv0VjOTM0","type":"megagroup","message":"发送成功","message_id":15307}],"failed":[],"debug":["处理标识符: https:\/\/t.me\/+_XaTo9Qrv0VjOTM0, 清理后: https:\/\/t.me\/+_XaTo9Qrv0VjOTM0, 识别为链接: True, 识别为数字ID: False"],"warning":""}}
[2026-01-29T23:12:12+08:00][info] 消息ID缓存成功: task_id=27, group_id=https://t.me/+_XaTo9Qrv0VjOTM0, msg_index=1410, message_id=15307
[2026-01-29T23:12:12+08:00][info] 消息状态标记为已发送: task_id=27, group_id=https://t.me/+_XaTo9Qrv0VjOTM0, msg_index=1410
[2026-01-29T23:12:12+08:00][info] 任务 27 将在 92 秒后继续处理下一条消息，索引: 1411, 实例ID: task_27_index_1411_1769699532.5188
[2026-01-29T23:12:18+08:00][info] 开始处理队列任务: task_id=26, current_index=1405
[2026-01-29T23:12:18+08:00][info] 消息缓存初始化完成: task_id=26, groups=https://t.me/+whdGi5iPfw40ZDMx
[2026-01-29T23:12:18+08:00][info] 任务 26 第 2 次循环，重置群组 https://t.me/+whdGi5iPfw40ZDMx 消息状态
[2026-01-29T23:12:21+08:00][info] 返回:{"status":true,"message":"发送完成，成功1个，失败0个[]","data":{"success":[{"group_id":3642748012,"group_link":"https:\/\/t.me\/+whdGi5iPfw40ZDMx","type":"megagroup","message":"发送成功","message_id":15254}],"failed":[],"debug":["处理标识符: https:\/\/t.me\/+whdGi5iPfw40ZDMx, 清理后: https:\/\/t.me\/+whdGi5iPfw40ZDMx, 识别为链接: True, 识别为数字ID: False"],"warning":""}}
[2026-01-29T23:12:21+08:00][info] 消息ID缓存成功: task_id=26, group_id=https://t.me/+whdGi5iPfw40ZDMx, msg_index=1405, message_id=15254
[2026-01-29T23:12:21+08:00][info] 消息状态标记为已发送: task_id=26, group_id=https://t.me/+whdGi5iPfw40ZDMx, msg_index=1405
[2026-01-29T23:12:21+08:00][info] 任务 26 将在 95 秒后继续处理下一条消息，索引: 1406, 实例ID: task_26_index_1406_1769699541.1921
[2026-01-29T23:12:24+08:00][info] 开始处理队列任务: task_id=25, current_index=498
[2026-01-29T23:12:24+08:00][info] 消息缓存初始化完成: task_id=25, groups=https://t.me/+HZFEhfAwKjhmZDZk
[2026-01-29T23:12:24+08:00][info] 任务 25 第 2 次循环，重置群组 https://t.me/+HZFEhfAwKjhmZDZk 消息状态
[2026-01-29T23:12:24+08:00][info] 使用feedbackType=498的消息ID: 12611
[2026-01-29T23:12:27+08:00][info] 返回:{"status":true,"message":"发送完成，成功1个，失败0个[]","data":{"success":[{"group_id":3482989339,"group_link":"https:\/\/t.me\/+HZFEhfAwKjhmZDZk","type":"megagroup","message":"发送成功","message_id":12612}],"failed":[],"debug":["处理标识符: https:\/\/t.me\/+HZFEhfAwKjhmZDZk, 清理后: https:\/\/t.me\/+HZFEhfAwKjhmZDZk, 识别为链接: True, 识别为数字ID: False"],"warning":""}}
[2026-01-29T23:12:27+08:00][info] 消息ID缓存成功: task_id=25, group_id=https://t.me/+HZFEhfAwKjhmZDZk, msg_index=498, message_id=12612
[2026-01-29T23:12:27+08:00][info] 消息状态标记为已发送: task_id=25, group_id=https://t.me/+HZFEhfAwKjhmZDZk, msg_index=498
[2026-01-29T23:12:27+08:00][info] 任务 25 将在 109 秒后继续处理下一条消息，索引: 499, 实例ID: task_25_index_499_1769699547.5582
[2026-01-29T23:12:30+08:00][info] 开始处理队列任务: task_id=29, current_index=382
[2026-01-29T23:12:32+08:00][info] 返回:{"status":true,"message":"发送完成，成功1个，失败0个[]","data":{"success":[{"group_id":3780502866,"group_link":"https:\/\/t.me\/+WZlsKfz1W89jYjE0","type":"megagroup","message":"发送成功","message_id":3680}],"failed":[],"debug":["处理标识符: https:\/\/t.me\/+WZlsKfz1W89jYjE0, 清理后: https:\/\/t.me\/+WZlsKfz1W89jYjE0, 识别为链接: True, 识别为数字ID: False"],"warning":""}}
[2026-01-29T23:12:32+08:00][info] 消息ID缓存成功: task_id=29, group_id=https://t.me/+WZlsKfz1W89jYjE0, msg_index=382, message_id=3680
[2026-01-29T23:12:32+08:00][info] 消息状态标记为已发送: task_id=29, group_id=https://t.me/+WZlsKfz1W89jYjE0, msg_index=382
[2026-01-29T23:12:32+08:00][info] 任务 29 将在 85 秒后继续处理下一条消息，索引: 383, 实例ID: task_29_index_383_1769699552.9773
[2026-01-29T23:12:33+08:00][info] 开始处理队列任务: task_id=29, current_index=383
[2026-01-29T23:12:35+08:00][info] 返回:{"status":true,"message":"发送完成，成功1个，失败0个[]","data":{"success":[{"group_id":3780502866,"group_link":"https:\/\/t.me\/+WZlsKfz1W89jYjE0","type":"megagroup","message":"发送成功","message_id":3681}],"failed":[],"debug":["处理标识符: https:\/\/t.me\/+WZlsKfz1W89jYjE0, 清理后: https:\/\/t.me\/+WZlsKfz1W89jYjE0, 识别为链接: True, 识别为数字ID: False"],"warning":""}}
[2026-01-29T23:12:35+08:00][info] 消息ID缓存成功: task_id=29, group_id=https://t.me/+WZlsKfz1W89jYjE0, msg_index=383, message_id=3681
[2026-01-29T23:12:35+08:00][info] 消息状态标记为已发送: task_id=29, group_id=https://t.me/+WZlsKfz1W89jYjE0, msg_index=383
[2026-01-29T23:12:35+08:00][info] 任务 29 将在 90 秒后继续处理下一条消息，索引: 384, 实例ID: task_29_index_384_1769699555.3129
[2026-01-29T23:13:05+08:00][info] 开始处理队列任务: task_id=28, current_index=1100
[2026-01-29T23:13:23+08:00][info] 返回:{"status":true,"message":"发送完成，成功1个，失败0个[]","data":{"success":[{"group_id":3657218256,"group_link":"https:\/\/t.me\/+Hg62NsrbOCZmZmY8","type":"megagroup","message":"发送成功","message_id":4413}],"failed":[],"debug":["处理标识符: https:\/\/t.me\/+Hg62NsrbOCZmZmY8, 清理后: https:\/\/t.me\/+Hg62NsrbOCZmZmY8, 识别为链接: True, 识别为数字ID: False"],"warning":""}}
[2026-01-29T23:13:23+08:00][info] 消息ID缓存成功: task_id=28, group_id=https://t.me/+Hg62NsrbOCZmZmY8, msg_index=1100, message_id=4413
[2026-01-29T23:13:23+08:00][info] 消息状态标记为已发送: task_id=28, group_id=https://t.me/+Hg62NsrbOCZmZmY8, msg_index=1100
[2026-01-29T23:13:23+08:00][info] 任务 28 将在 113 秒后继续处理下一条消息，索引: 1101, 实例ID: task_28_index_1101_1769699603.812
[2026-01-29T23:13:23+08:00][info] 开始处理队列任务: task_id=29, current_index=384
[2026-01-29T23:13:40+08:00][info] 返回:{"status":true,"message":"发送完成，成功1个，失败0个[]","data":{"success":[{"group_id":3780502866,"group_link":"https:\/\/t.me\/+WZlsKfz1W89jYjE0","type":"megagroup","message":"发送成功","message_id":3682}],"failed":[],"debug":["处理标识符: https:\/\/t.me\/+WZlsKfz1W89jYjE0, 清理后: https:\/\/t.me\/+WZlsKfz1W89jYjE0, 识别为链接: True, 识别为数字ID: False","文件1有效: \/www\/wwwroot\/tdata.tgbota.top\/public\/uploads\/admin\/202512\/693ae41d05686.jpg (23476字节)","发送单个文件: \/www\/wwwroot\/tdata.tgbota.top\/public\/uploads\/admin\/202512\/693ae41d05686.jpg"],"warning":""}}
[2026-01-29T23:13:40+08:00][info] 消息ID缓存成功: task_id=29, group_id=https://t.me/+WZlsKfz1W89jYjE0, msg_index=384, message_id=3682
[2026-01-29T23:13:40+08:00][info] 消息状态标记为已发送: task_id=29, group_id=https://t.me/+WZlsKfz1W89jYjE0, msg_index=384
[2026-01-29T23:13:40+08:00][info] 任务 29 将在 93 秒后继续处理下一条消息，索引: 385, 实例ID: task_29_index_385_1769699620.981
[2026-01-29T23:13:41+08:00][info] 开始处理队列任务: task_id=27, current_index=1411
[2026-01-29T23:13:41+08:00][info] 消息缓存初始化完成: task_id=27, groups=https://t.me/+_XaTo9Qrv0VjOTM0
[2026-01-29T23:13:41+08:00][info] 任务 27 第 2 次循环，重置群组 https://t.me/+_XaTo9Qrv0VjOTM0 消息状态
[2026-01-29T23:13:44+08:00][info] 返回:{"status":true,"message":"发送完成，成功1个，失败0个[]","data":{"success":[{"group_id":3649225144,"group_link":"https:\/\/t.me\/+_XaTo9Qrv0VjOTM0","type":"megagroup","message":"发送成功","message_id":15308}],"failed":[],"debug":["处理标识符: https:\/\/t.me\/+_XaTo9Qrv0VjOTM0, 清理后: https:\/\/t.me\/+_XaTo9Qrv0VjOTM0, 识别为链接: True, 识别为数字ID: False"],"warning":""}}
[2026-01-29T23:13:44+08:00][info] 消息ID缓存成功: task_id=27, group_id=https://t.me/+_XaTo9Qrv0VjOTM0, msg_index=1411, message_id=15308
[2026-01-29T23:13:44+08:00][info] 消息状态标记为已发送: task_id=27, group_id=https://t.me/+_XaTo9Qrv0VjOTM0, msg_index=1411
[2026-01-29T23:13:44+08:00][info] 任务 27 将在 82 秒后继续处理下一条消息，索引: 1412, 实例ID: task_27_index_1412_1769699624.2019
[2026-01-29T23:13:44+08:00][info] 开始处理队列任务: task_id=28, current_index=1101
[2026-01-29T23:13:47+08:00][info] 返回:{"status":true,"message":"发送完成，成功1个，失败0个[]","data":{"success":[{"group_id":3657218256,"group_link":"https:\/\/t.me\/+Hg62NsrbOCZmZmY8","type":"megagroup","message":"发送成功","message_id":4414}],"failed":[],"debug":["处理标识符: https:\/\/t.me\/+Hg62NsrbOCZmZmY8, 清理后: https:\/\/t.me\/+Hg62NsrbOCZmZmY8, 识别为链接: True, 识别为数字ID: False"],"warning":""}}
[2026-01-29T23:13:47+08:00][info] 消息ID缓存成功: task_id=28, group_id=https://t.me/+Hg62NsrbOCZmZmY8, msg_index=1101, message_id=4414
[2026-01-29T23:13:47+08:00][info] 消息状态标记为已发送: task_id=28, group_id=https://t.me/+Hg62NsrbOCZmZmY8, msg_index=1101
[2026-01-29T23:13:47+08:00][info] 任务 28 将在 70 秒后继续处理下一条消息，索引: 1102, 实例ID: task_28_index_1102_1769699627.9457
[2026-01-29T23:13:47+08:00][info] 开始处理队列任务: task_id=27, current_index=1412
[2026-01-29T23:13:48+08:00][info] 消息缓存初始化完成: task_id=27, groups=https://t.me/+_XaTo9Qrv0VjOTM0
[2026-01-29T23:13:48+08:00][info] 任务 27 第 2 次循环，重置群组 https://t.me/+_XaTo9Qrv0VjOTM0 消息状态
[2026-01-29T23:13:50+08:00][info] 返回:{"status":true,"message":"发送完成，成功1个，失败0个[]","data":{"success":[{"group_id":3649225144,"group_link":"https:\/\/t.me\/+_XaTo9Qrv0VjOTM0","type":"megagroup","message":"发送成功","message_id":15309}],"failed":[],"debug":["处理标识符: https:\/\/t.me\/+_XaTo9Qrv0VjOTM0, 清理后: https:\/\/t.me\/+_XaTo9Qrv0VjOTM0, 识别为链接: True, 识别为数字ID: False"],"warning":""}}
[2026-01-29T23:13:50+08:00][info] 消息ID缓存成功: task_id=27, group_id=https://t.me/+_XaTo9Qrv0VjOTM0, msg_index=1412, message_id=15309
[2026-01-29T23:13:50+08:00][info] 消息状态标记为已发送: task_id=27, group_id=https://t.me/+_XaTo9Qrv0VjOTM0, msg_index=1412
[2026-01-29T23:13:50+08:00][info] 任务 27 将在 83 秒后继续处理下一条消息，索引: 1413, 实例ID: task_27_index_1413_1769699630.9085
[2026-01-29T23:13:56+08:00][info] 开始处理队列任务: task_id=26, current_index=1406
[2026-01-29T23:13:57+08:00][info] 消息缓存初始化完成: task_id=26, groups=https://t.me/+whdGi5iPfw40ZDMx
[2026-01-29T23:13:57+08:00][info] 任务 26 第 2 次循环，重置群组 https://t.me/+whdGi5iPfw40ZDMx 消息状态
[2026-01-29T23:14:00+08:00][info] 返回:{"status":true,"message":"发送完成，成功1个，失败0个[]","data":{"success":[{"group_id":3642748012,"group_link":"https:\/\/t.me\/+whdGi5iPfw40ZDMx","type":"megagroup","message":"发送成功","message_id":15256}],"failed":[],"debug":["处理标识符: https:\/\/t.me\/+whdGi5iPfw40ZDMx, 清理后: https:\/\/t.me\/+whdGi5iPfw40ZDMx, 识别为链接: True, 识别为数字ID: False"],"warning":""}}
[2026-01-29T23:14:00+08:00][info] 消息ID缓存成功: task_id=26, group_id=https://t.me/+whdGi5iPfw40ZDMx, msg_index=1406, message_id=15256
[2026-01-29T23:14:00+08:00][info] 消息状态标记为已发送: task_id=26, group_id=https://t.me/+whdGi5iPfw40ZDMx, msg_index=1406
[2026-01-29T23:14:00+08:00][info] 任务 26 将在 70 秒后继续处理下一条消息，索引: 1407, 实例ID: task_26_index_1407_1769699640.1662
[2026-01-29T23:14:00+08:00][info] 开始处理队列任务: task_id=29, current_index=385
[2026-01-29T23:14:00+08:00][info] 使用feedbackType=385的消息ID: 3682
[2026-01-29T23:14:03+08:00][info] 返回:{"status":true,"message":"发送完成，成功1个，失败0个[]","data":{"success":[{"group_id":3780502866,"group_link":"https:\/\/t.me\/+WZlsKfz1W89jYjE0","type":"megagroup","message":"发送成功","message_id":3683}],"failed":[],"debug":["处理标识符: https:\/\/t.me\/+WZlsKfz1W89jYjE0, 清理后: https:\/\/t.me\/+WZlsKfz1W89jYjE0, 识别为链接: True, 识别为数字ID: False"],"warning":""}}
[2026-01-29T23:14:03+08:00][info] 消息ID缓存成功: task_id=29, group_id=https://t.me/+WZlsKfz1W89jYjE0, msg_index=385, message_id=3683
[2026-01-29T23:14:03+08:00][info] 消息状态标记为已发送: task_id=29, group_id=https://t.me/+WZlsKfz1W89jYjE0, msg_index=385
[2026-01-29T23:14:03+08:00][info] 任务 29 将在 95 秒后继续处理下一条消息，索引: 386, 实例ID: task_29_index_386_1769699643.3541
[2026-01-29T23:14:06+08:00][info] 开始处理队列任务: task_id=29, current_index=386
[2026-01-29T23:14:08+08:00][info] 返回:{"status":true,"message":"发送完成，成功1个，失败0个[]","data":{"success":[{"group_id":3780502866,"group_link":"https:\/\/t.me\/+WZlsKfz1W89jYjE0","type":"megagroup","message":"发送成功","message_id":3684}],"failed":[],"debug":["处理标识符: https:\/\/t.me\/+WZlsKfz1W89jYjE0, 清理后: https:\/\/t.me\/+WZlsKfz1W89jYjE0, 识别为链接: True, 识别为数字ID: False"],"warning":""}}
[2026-01-29T23:14:08+08:00][info] 消息ID缓存成功: task_id=29, group_id=https://t.me/+WZlsKfz1W89jYjE0, msg_index=386, message_id=3684
[2026-01-29T23:14:08+08:00][info] 消息状态标记为已发送: task_id=29, group_id=https://t.me/+WZlsKfz1W89jYjE0, msg_index=386
[2026-01-29T23:14:08+08:00][info] 任务 29 将在 99 秒后继续处理下一条消息，索引: 387, 实例ID: task_29_index_387_1769699648.9443
[2026-01-29T23:14:17+08:00][info] 开始处理队列任务: task_id=25, current_index=499
[2026-01-29T23:14:18+08:00][info] 消息缓存初始化完成: task_id=25, groups=https://t.me/+HZFEhfAwKjhmZDZk
[2026-01-29T23:14:18+08:00][info] 任务 25 第 2 次循环，重置群组 https://t.me/+HZFEhfAwKjhmZDZk 消息状态
[2026-01-29T23:14:20+08:00][info] 返回:{"status":true,"message":"发送完成，成功1个，失败0个[]","data":{"success":[{"group_id":3482989339,"group_link":"https:\/\/t.me\/+HZFEhfAwKjhmZDZk","type":"megagroup","message":"发送成功","message_id":12613}],"failed":[],"debug":["处理标识符: https:\/\/t.me\/+HZFEhfAwKjhmZDZk, 清理后: https:\/\/t.me\/+HZFEhfAwKjhmZDZk, 识别为链接: True, 识别为数字ID: False"],"warning":""}}
[2026-01-29T23:14:20+08:00][info] 消息ID缓存成功: task_id=25, group_id=https://t.me/+HZFEhfAwKjhmZDZk, msg_index=499, message_id=12613
[2026-01-29T23:14:20+08:00][info] 消息状态标记为已发送: task_id=25, group_id=https://t.me/+HZFEhfAwKjhmZDZk, msg_index=499
[2026-01-29T23:14:20+08:00][info] 任务 25 将在 121 秒后继续处理下一条消息，索引: 500, 实例ID: task_25_index_500_1769699660.9939
[2026-01-29T23:14:57+08:00][info] 开始处理队列任务: task_id=28, current_index=1102
[2026-01-29T23:14:57+08:00][info] 使用feedbackType=1102的消息ID: 4414
[2026-01-29T23:15:01+08:00][info] 返回:{"status":true,"message":"发送完成，成功1个，失败0个[]","data":{"success":[{"group_id":3657218256,"group_link":"https:\/\/t.me\/+Hg62NsrbOCZmZmY8","type":"megagroup","message":"发送成功","message_id":4415}],"failed":[],"debug":["处理标识符: https:\/\/t.me\/+Hg62NsrbOCZmZmY8, 清理后: https:\/\/t.me\/+Hg62NsrbOCZmZmY8, 识别为链接: True, 识别为数字ID: False"],"warning":""}}
[2026-01-29T23:15:01+08:00][info] 消息ID缓存成功: task_id=28, group_id=https://t.me/+Hg62NsrbOCZmZmY8, msg_index=1102, message_id=4415
[2026-01-29T23:15:01+08:00][info] 消息状态标记为已发送: task_id=28, group_id=https://t.me/+Hg62NsrbOCZmZmY8, msg_index=1102
[2026-01-29T23:15:01+08:00][info] 任务 28 将在 80 秒后继续处理下一条消息，索引: 1103, 实例ID: task_28_index_1103_1769699701.0564
[2026-01-29T23:15:07+08:00][info] 开始处理队列任务: task_id=27, current_index=1413
[2026-01-29T23:15:07+08:00][info] 消息缓存初始化完成: task_id=27, groups=https://t.me/+_XaTo9Qrv0VjOTM0
[2026-01-29T23:15:07+08:00][info] 任务 27 第 2 次循环，重置群组 https://t.me/+_XaTo9Qrv0VjOTM0 消息状态
[2026-01-29T23:15:07+08:00][info] 使用feedbackType=1413的消息ID: 15309
[2026-01-29T23:15:10+08:00][info] 返回:{"status":true,"message":"发送完成，成功1个，失败0个[]","data":{"success":[{"group_id":3649225144,"group_link":"https:\/\/t.me\/+_XaTo9Qrv0VjOTM0","type":"megagroup","message":"发送成功","message_id":15310}],"failed":[],"debug":["处理标识符: https:\/\/t.me\/+_XaTo9Qrv0VjOTM0, 清理后: https:\/\/t.me\/+_XaTo9Qrv0VjOTM0, 识别为链接: True, 识别为数字ID: False"],"warning":""}}
[2026-01-29T23:15:10+08:00][info] 消息ID缓存成功: task_id=27, group_id=https://t.me/+_XaTo9Qrv0VjOTM0, msg_index=1413, message_id=15310
[2026-01-29T23:15:10+08:00][info] 消息状态标记为已发送: task_id=27, group_id=https://t.me/+_XaTo9Qrv0VjOTM0, msg_index=1413
[2026-01-29T23:15:10+08:00][info] 任务 27 将在 98 秒后继续处理下一条消息，索引: 1414, 实例ID: task_27_index_1414_1769699710.3635
[2026-01-29T23:15:10+08:00][info] 开始处理队列任务: task_id=26, current_index=1407
[2026-01-29T23:15:10+08:00][info] 消息缓存初始化完成: task_id=26, groups=https://t.me/+whdGi5iPfw40ZDMx
[2026-01-29T23:15:10+08:00][info] 任务 26 第 2 次循环，重置群组 https://t.me/+whdGi5iPfw40ZDMx 消息状态
[2026-01-29T23:15:13+08:00][info] 返回:{"status":true,"message":"发送完成，成功1个，失败0个[]","data":{"success":[{"group_id":3642748012,"group_link":"https:\/\/t.me\/+whdGi5iPfw40ZDMx","type":"megagroup","message":"发送成功","message_id":15257}],"failed":[],"debug":["处理标识符: https:\/\/t.me\/+whdGi5iPfw40ZDMx, 清理后: https:\/\/t.me\/+whdGi5iPfw40ZDMx, 识别为链接: True, 识别为数字ID: False"],"warning":""}}
[2026-01-29T23:15:13+08:00][info] 消息ID缓存成功: task_id=26, group_id=https://t.me/+whdGi5iPfw40ZDMx, msg_index=1407, message_id=15257
[2026-01-29T23:15:13+08:00][info] 消息状态标记为已发送: task_id=26, group_id=https://t.me/+whdGi5iPfw40ZDMx, msg_index=1407
[2026-01-29T23:15:13+08:00][info] 任务 26 将在 109 秒后继续处理下一条消息，索引: 1408, 实例ID: task_26_index_1408_1769699713.1304
[2026-01-29T23:15:13+08:00][info] 开始处理队列任务: task_id=27, current_index=1414
[2026-01-29T23:15:13+08:00][info] 消息缓存初始化完成: task_id=27, groups=https://t.me/+_XaTo9Qrv0VjOTM0
[2026-01-29T23:15:13+08:00][info] 任务 27 第 2 次循环，重置群组 https://t.me/+_XaTo9Qrv0VjOTM0 消息状态
[2026-01-29T23:15:15+08:00][info] 返回:{"status":true,"message":"发送完成，成功1个，失败0个[]","data":{"success":[{"group_id":3649225144,"group_link":"https:\/\/t.me\/+_XaTo9Qrv0VjOTM0","type":"megagroup","message":"发送成功","message_id":15311}],"failed":[],"debug":["处理标识符: https:\/\/t.me\/+_XaTo9Qrv0VjOTM0, 清理后: https:\/\/t.me\/+_XaTo9Qrv0VjOTM0, 识别为链接: True, 识别为数字ID: False"],"warning":""}}
[2026-01-29T23:15:15+08:00][info] 消息ID缓存成功: task_id=27, group_id=https://t.me/+_XaTo9Qrv0VjOTM0, msg_index=1414, message_id=15311
[2026-01-29T23:15:15+08:00][info] 消息状态标记为已发送: task_id=27, group_id=https://t.me/+_XaTo9Qrv0VjOTM0, msg_index=1414
[2026-01-29T23:15:15+08:00][info] 任务 27 将在 100 秒后继续处理下一条消息，索引: 1415, 实例ID: task_27_index_1415_1769699715.9863
[2026-01-29T23:15:16+08:00][info] 开始处理队列任务: task_id=29, current_index=387
[2026-01-29T23:15:18+08:00][info] 返回:{"status":true,"message":"发送完成，成功1个，失败0个[]","data":{"success":[{"group_id":3780502866,"group_link":"https:\/\/t.me\/+WZlsKfz1W89jYjE0","type":"megagroup","message":"发送成功","message_id":3685}],"failed":[],"debug":["处理标识符: https:\/\/t.me\/+WZlsKfz1W89jYjE0, 清理后: https:\/\/t.me\/+WZlsKfz1W89jYjE0, 识别为链接: True, 识别为数字ID: False"],"warning":""}}
[2026-01-29T23:15:18+08:00][info] 消息ID缓存成功: task_id=29, group_id=https://t.me/+WZlsKfz1W89jYjE0, msg_index=387, message_id=3685
[2026-01-29T23:15:18+08:00][info] 消息状态标记为已发送: task_id=29, group_id=https://t.me/+WZlsKfz1W89jYjE0, msg_index=387
[2026-01-29T23:15:18+08:00][info] 任务 29 将在 80 秒后继续处理下一条消息，索引: 388, 实例ID: task_29_index_388_1769699718.6452
[2026-01-29T23:15:18+08:00][info] 开始处理队列任务: task_id=28, current_index=1103
[2026-01-29T23:15:23+08:00][info] 返回:{"status":true,"message":"发送完成，成功1个，失败0个[]","data":{"success":[{"group_id":3657218256,"group_link":"https:\/\/t.me\/+Hg62NsrbOCZmZmY8","type":"megagroup","message":"发送成功","message_id":4416}],"failed":[],"debug":["处理标识符: https:\/\/t.me\/+Hg62NsrbOCZmZmY8, 清理后: https:\/\/t.me\/+Hg62NsrbOCZmZmY8, 识别为链接: True, 识别为数字ID: False"],"warning":""}}
[2026-01-29T23:15:23+08:00][info] 消息ID缓存成功: task_id=28, group_id=https://t.me/+Hg62NsrbOCZmZmY8, msg_index=1103, message_id=4416
[2026-01-29T23:15:23+08:00][info] 消息状态标记为已发送: task_id=28, group_id=https://t.me/+Hg62NsrbOCZmZmY8, msg_index=1103
[2026-01-29T23:15:23+08:00][info] 任务 28 将在 90 秒后继续处理下一条消息，索引: 1104, 实例ID: task_28_index_1104_1769699723.0665
[2026-01-29T23:15:38+08:00][info] 开始处理队列任务: task_id=29, current_index=388
[2026-01-29T23:15:40+08:00][info] 返回:{"status":true,"message":"发送完成，成功1个，失败0个[]","data":{"success":[{"group_id":3780502866,"group_link":"https:\/\/t.me\/+WZlsKfz1W89jYjE0","type":"megagroup","message":"发送成功","message_id":3686}],"failed":[],"debug":["处理标识符: https:\/\/t.me\/+WZlsKfz1W89jYjE0, 清理后: https:\/\/t.me\/+WZlsKfz1W89jYjE0, 识别为链接: True, 识别为数字ID: False"],"warning":""}}
[2026-01-29T23:15:40+08:00][info] 消息ID缓存成功: task_id=29, group_id=https://t.me/+WZlsKfz1W89jYjE0, msg_index=388, message_id=3686
[2026-01-29T23:15:40+08:00][info] 消息状态标记为已发送: task_id=29, group_id=https://t.me/+WZlsKfz1W89jYjE0, msg_index=388
[2026-01-29T23:15:40+08:00][info] 任务 29 将在 85 秒后继续处理下一条消息，索引: 389, 实例ID: task_29_index_389_1769699740.7511
[2026-01-29T23:15:49+08:00][info] 开始处理队列任务: task_id=29, current_index=389
[2026-01-29T23:15:52+08:00][info] 返回:{"status":true,"message":"发送完成，成功1个，失败0个[]","data":{"success":[{"group_id":3780502866,"group_link":"https:\/\/t.me\/+WZlsKfz1W89jYjE0","type":"megagroup","message":"发送成功","message_id":3687}],"failed":[],"debug":["处理标识符: https:\/\/t.me\/+WZlsKfz1W89jYjE0, 清理后: https:\/\/t.me\/+WZlsKfz1W89jYjE0, 识别为链接: True, 识别为数字ID: False"],"warning":""}}
[2026-01-29T23:15:52+08:00][info] 消息ID缓存成功: task_id=29, group_id=https://t.me/+WZlsKfz1W89jYjE0, msg_index=389, message_id=3687
[2026-01-29T23:15:52+08:00][info] 消息状态标记为已发送: task_id=29, group_id=https://t.me/+WZlsKfz1W89jYjE0, msg_index=389
[2026-01-29T23:15:52+08:00][info] 任务 29 将在 89 秒后继续处理下一条消息，索引: 390, 实例ID: task_29_index_390_1769699752.708
[2026-01-29T23:16:22+08:00][info] 开始处理队列任务: task_id=28, current_index=1104
[2026-01-29T23:16:22+08:00][info] 使用feedbackType=1104的消息ID: 4416
[2026-01-29T23:16:28+08:00][info] 返回:{"status":true,"message":"发送完成，成功1个，失败0个[]","data":{"success":[{"group_id":3657218256,"group_link":"https:\/\/t.me\/+Hg62NsrbOCZmZmY8","type":"megagroup","message":"发送成功","message_id":4417}],"failed":[],"debug":["处理标识符: https:\/\/t.me\/+Hg62NsrbOCZmZmY8, 清理后: https:\/\/t.me\/+Hg62NsrbOCZmZmY8, 识别为链接: True, 识别为数字ID: False"],"warning":""}}
[2026-01-29T23:16:28+08:00][info] 消息ID缓存成功: task_id=28, group_id=https://t.me/+Hg62NsrbOCZmZmY8, msg_index=1104, message_id=4417
[2026-01-29T23:16:28+08:00][info] 消息状态标记为已发送: task_id=28, group_id=https://t.me/+Hg62NsrbOCZmZmY8, msg_index=1104
[2026-01-29T23:16:28+08:00][info] 任务 28 将在 76 秒后继续处理下一条消息，索引: 1105, 实例ID: task_28_index_1105_1769699788.6737
[2026-01-29T23:16:28+08:00][info] 开始处理队列任务: task_id=25, current_index=500
[2026-01-29T23:16:28+08:00][info] 消息缓存初始化完成: task_id=25, groups=https://t.me/+HZFEhfAwKjhmZDZk
[2026-01-29T23:16:28+08:00][info] 任务 25 第 2 次循环，重置群组 https://t.me/+HZFEhfAwKjhmZDZk 消息状态
[2026-01-29T23:16:31+08:00][info] 返回:{"status":true,"message":"发送完成，成功1个，失败0个[]","data":{"success":[{"group_id":3482989339,"group_link":"https:\/\/t.me\/+HZFEhfAwKjhmZDZk","type":"megagroup","message":"发送成功","message_id":12614}],"failed":[],"debug":["处理标识符: https:\/\/t.me\/+HZFEhfAwKjhmZDZk, 清理后: https:\/\/t.me\/+HZFEhfAwKjhmZDZk, 识别为链接: True, 识别为数字ID: False"],"warning":""}}
[2026-01-29T23:16:31+08:00][info] 消息ID缓存成功: task_id=25, group_id=https://t.me/+HZFEhfAwKjhmZDZk, msg_index=500, message_id=12614
[2026-01-29T23:16:31+08:00][info] 消息状态标记为已发送: task_id=25, group_id=https://t.me/+HZFEhfAwKjhmZDZk, msg_index=500
[2026-01-29T23:16:31+08:00][info] 任务 25 将在 90 秒后继续处理下一条消息，索引: 501, 实例ID: task_25_index_501_1769699791.5073
[2026-01-29T23:16:40+08:00][info] 开始处理队列任务: task_id=29, current_index=390
[2026-01-29T23:16:43+08:00][info] 返回:{"status":true,"message":"发送完成，成功1个，失败0个[]","data":{"success":[{"group_id":3780502866,"group_link":"https:\/\/t.me\/+WZlsKfz1W89jYjE0","type":"megagroup","message":"发送成功","message_id":3688}],"failed":[],"debug":["处理标识符: https:\/\/t.me\/+WZlsKfz1W89jYjE0, 清理后: https:\/\/t.me\/+WZlsKfz1W89jYjE0, 识别为链接: True, 识别为数字ID: False"],"warning":""}}
[2026-01-29T23:16:43+08:00][info] 消息ID缓存成功: task_id=29, group_id=https://t.me/+WZlsKfz1W89jYjE0, msg_index=390, message_id=3688
[2026-01-29T23:16:43+08:00][info] 消息状态标记为已发送: task_id=29, group_id=https://t.me/+WZlsKfz1W89jYjE0, msg_index=390
[2026-01-29T23:16:43+08:00][info] 任务 29 将在 92 秒后继续处理下一条消息，索引: 391, 实例ID: task_29_index_391_1769699803.1313
[2026-01-29T23:16:49+08:00][info] 开始处理队列任务: task_id=27, current_index=1415
[2026-01-29T23:16:49+08:00][info] 消息缓存初始化完成: task_id=27, groups=https://t.me/+_XaTo9Qrv0VjOTM0
[2026-01-29T23:16:49+08:00][info] 任务 27 第 2 次循环，重置群组 https://t.me/+_XaTo9Qrv0VjOTM0 消息状态
[2026-01-29T23:16:52+08:00][info] 返回:{"status":true,"message":"发送完成，成功1个，失败0个[]","data":{"success":[{"group_id":3649225144,"group_link":"https:\/\/t.me\/+_XaTo9Qrv0VjOTM0","type":"megagroup","message":"发送成功","message_id":15312}],"failed":[],"debug":["处理标识符: https:\/\/t.me\/+_XaTo9Qrv0VjOTM0, 清理后: https:\/\/t.me\/+_XaTo9Qrv0VjOTM0, 识别为链接: True, 识别为数字ID: False"],"warning":""}}
[2026-01-29T23:16:52+08:00][info] 消息ID缓存成功: task_id=27, group_id=https://t.me/+_XaTo9Qrv0VjOTM0, msg_index=1415, message_id=15312
[2026-01-29T23:16:52+08:00][info] 消息状态标记为已发送: task_id=27, group_id=https://t.me/+_XaTo9Qrv0VjOTM0, msg_index=1415
[2026-01-29T23:16:52+08:00][info] 任务 27 将在 110 秒后继续处理下一条消息，索引: 1416, 实例ID: task_27_index_1416_1769699812.3108
[2026-01-29T23:16:55+08:00][info] 开始处理队列任务: task_id=28, current_index=1105
[2026-01-29T23:16:58+08:00][info] 返回:{"status":true,"message":"发送完成，成功1个，失败0个[]","data":{"success":[{"group_id":3657218256,"group_link":"https:\/\/t.me\/+Hg62NsrbOCZmZmY8","type":"megagroup","message":"发送成功","message_id":4418}],"failed":[],"debug":["处理标识符: https:\/\/t.me\/+Hg62NsrbOCZmZmY8, 清理后: https:\/\/t.me\/+Hg62NsrbOCZmZmY8, 识别为链接: True, 识别为数字ID: False"],"warning":""}}
[2026-01-29T23:16:58+08:00][info] 消息ID缓存成功: task_id=28, group_id=https://t.me/+Hg62NsrbOCZmZmY8, msg_index=1105, message_id=4418
[2026-01-29T23:16:58+08:00][info] 消息状态标记为已发送: task_id=28, group_id=https://t.me/+Hg62NsrbOCZmZmY8, msg_index=1105
[2026-01-29T23:16:58+08:00][info] 任务 28 将在 80 秒后继续处理下一条消息，索引: 1106, 实例ID: task_28_index_1106_1769699818.8755
[2026-01-29T23:16:58+08:00][info] 开始处理队列任务: task_id=27, current_index=1416
[2026-01-29T23:16:59+08:00][info] 消息缓存初始化完成: task_id=27, groups=https://t.me/+_XaTo9Qrv0VjOTM0
[2026-01-29T23:16:59+08:00][info] 任务 27 第 2 次循环，重置群组 https://t.me/+_XaTo9Qrv0VjOTM0 消息状态
[2026-01-29T23:17:01+08:00][info] 返回:{"status":true,"message":"发送完成，成功1个，失败0个[]","data":{"success":[{"group_id":3649225144,"group_link":"https:\/\/t.me\/+_XaTo9Qrv0VjOTM0","type":"megagroup","message":"发送成功","message_id":15313}],"failed":[],"debug":["处理标识符: https:\/\/t.me\/+_XaTo9Qrv0VjOTM0, 清理后: https:\/\/t.me\/+_XaTo9Qrv0VjOTM0, 识别为链接: True, 识别为数字ID: False"],"warning":""}}
[2026-01-29T23:17:01+08:00][info] 消息ID缓存成功: task_id=27, group_id=https://t.me/+_XaTo9Qrv0VjOTM0, msg_index=1416, message_id=15313
[2026-01-29T23:17:01+08:00][info] 消息状态标记为已发送: task_id=27, group_id=https://t.me/+_XaTo9Qrv0VjOTM0, msg_index=1416
[2026-01-29T23:17:01+08:00][info] 任务 27 将在 76 秒后继续处理下一条消息，索引: 1417, 实例ID: task_27_index_1417_1769699821.8149
[2026-01-29T23:17:04+08:00][info] 开始处理队列任务: task_id=26, current_index=1408
[2026-01-29T23:17:05+08:00][info] 消息缓存初始化完成: task_id=26, groups=https://t.me/+whdGi5iPfw40ZDMx
[2026-01-29T23:17:05+08:00][info] 任务 26 第 2 次循环，重置群组 https://t.me/+whdGi5iPfw40ZDMx 消息状态
[2026-01-29T23:17:07+08:00][info] 返回:{"status":true,"message":"发送完成，成功1个，失败0个[]","data":{"success":[{"group_id":3642748012,"group_link":"https:\/\/t.me\/+whdGi5iPfw40ZDMx","type":"megagroup","message":"发送成功","message_id":15259}],"failed":[],"debug":["处理标识符: https:\/\/t.me\/+whdGi5iPfw40ZDMx, 清理后: https:\/\/t.me\/+whdGi5iPfw40ZDMx, 识别为链接: True, 识别为数字ID: False"],"warning":""}}
[2026-01-29T23:17:07+08:00][info] 消息ID缓存成功: task_id=26, group_id=https://t.me/+whdGi5iPfw40ZDMx, msg_index=1408, message_id=15259
[2026-01-29T23:17:07+08:00][info] 消息状态标记为已发送: task_id=26, group_id=https://t.me/+whdGi5iPfw40ZDMx, msg_index=1408
[2026-01-29T23:17:07+08:00][info] 任务 26 将在 110 秒后继续处理下一条消息，索引: 1409, 实例ID: task_26_index_1409_1769699827.9869
[2026-01-29T23:17:08+08:00][info] 开始处理队列任务: task_id=29, current_index=391
[2026-01-29T23:17:08+08:00][info] 使用feedbackType=391的消息ID: 3688
[2026-01-29T23:17:11+08:00][info] 返回:{"status":true,"message":"发送完成，成功1个，失败0个[]","data":{"success":[{"group_id":3780502866,"group_link":"https:\/\/t.me\/+WZlsKfz1W89jYjE0","type":"megagroup","message":"发送成功","message_id":3689}],"failed":[],"debug":["处理标识符: https:\/\/t.me\/+WZlsKfz1W89jYjE0, 清理后: https:\/\/t.me\/+WZlsKfz1W89jYjE0, 识别为链接: True, 识别为数字ID: False"],"warning":""}}
[2026-01-29T23:17:11+08:00][info] 消息ID缓存成功: task_id=29, group_id=https://t.me/+WZlsKfz1W89jYjE0, msg_index=391, message_id=3689
[2026-01-29T23:17:11+08:00][info] 消息状态标记为已发送: task_id=29, group_id=https://t.me/+WZlsKfz1W89jYjE0, msg_index=391
[2026-01-29T23:17:11+08:00][info] 任务 29 将在 103 秒后继续处理下一条消息，索引: 392, 实例ID: task_29_index_392_1769699831.1831
[2026-01-29T23:17:23+08:00][info] 开始处理队列任务: task_id=29, current_index=392
[2026-01-29T23:17:25+08:00][info] 返回:{"status":true,"message":"发送完成，成功1个，失败0个[]","data":{"success":[{"group_id":3780502866,"group_link":"https:\/\/t.me\/+WZlsKfz1W89jYjE0","type":"megagroup","message":"发送成功","message_id":3690}],"failed":[],"debug":["处理标识符: https:\/\/t.me\/+WZlsKfz1W89jYjE0, 清理后: https:\/\/t.me\/+WZlsKfz1W89jYjE0, 识别为链接: True, 识别为数字ID: False"],"warning":""}}
[2026-01-29T23:17:25+08:00][info] 消息ID缓存成功: task_id=29, group_id=https://t.me/+WZlsKfz1W89jYjE0, msg_index=392, message_id=3690
[2026-01-29T23:17:25+08:00][info] 消息状态标记为已发送: task_id=29, group_id=https://t.me/+WZlsKfz1W89jYjE0, msg_index=392
[2026-01-29T23:17:25+08:00][info] 任务 29 将在 90 秒后继续处理下一条消息，索引: 393, 实例ID: task_29_index_393_1769699845.7275
[2026-01-29T23:17:46+08:00][info] 开始处理队列任务: task_id=28, current_index=1106
[2026-01-29T23:17:49+08:00][info] 返回:{"status":true,"message":"发送完成，成功1个，失败0个[]","data":{"success":[{"group_id":3657218256,"group_link":"https:\/\/t.me\/+Hg62NsrbOCZmZmY8","type":"megagroup","message":"发送成功","message_id":4419}],"failed":[],"debug":["处理标识符: https:\/\/t.me\/+Hg62NsrbOCZmZmY8, 清理后: https:\/\/t.me\/+Hg62NsrbOCZmZmY8, 识别为链接: True, 识别为数字ID: False"],"warning":""}}
[2026-01-29T23:17:49+08:00][info] 消息ID缓存成功: task_id=28, group_id=https://t.me/+Hg62NsrbOCZmZmY8, msg_index=1106, message_id=4419
[2026-01-29T23:17:49+08:00][info] 消息状态标记为已发送: task_id=28, group_id=https://t.me/+Hg62NsrbOCZmZmY8, msg_index=1106
[2026-01-29T23:17:49+08:00][info] 任务 28 将在 108 秒后继续处理下一条消息，索引: 1107, 实例ID: task_28_index_1107_1769699869.373
[2026-01-29T23:18:01+08:00][info] 开始处理队列任务: task_id=25, current_index=501
[2026-01-29T23:18:01+08:00][info] 消息缓存初始化完成: task_id=25, groups=https://t.me/+HZFEhfAwKjhmZDZk
[2026-01-29T23:18:01+08:00][info] 任务 25 第 2 次循环，重置群组 https://t.me/+HZFEhfAwKjhmZDZk 消息状态
[2026-01-29T23:18:04+08:00][info] 返回:{"status":true,"message":"发送完成，成功1个，失败0个[]","data":{"success":[{"group_id":3482989339,"group_link":"https:\/\/t.me\/+HZFEhfAwKjhmZDZk","type":"megagroup","message":"发送成功","message_id":12615}],"failed":[],"debug":["处理标识符: https:\/\/t.me\/+HZFEhfAwKjhmZDZk, 清理后: https:\/\/t.me\/+HZFEhfAwKjhmZDZk, 识别为链接: True, 识别为数字ID: False"],"warning":""}}
[2026-01-29T23:18:04+08:00][info] 消息ID缓存成功: task_id=25, group_id=https://t.me/+HZFEhfAwKjhmZDZk, msg_index=501, message_id=12615
[2026-01-29T23:18:04+08:00][info] 消息状态标记为已发送: task_id=25, group_id=https://t.me/+HZFEhfAwKjhmZDZk, msg_index=501
[2026-01-29T23:18:04+08:00][info] 任务 25 将在 106 秒后继续处理下一条消息，索引: 502, 实例ID: task_25_index_502_1769699884.3025
[2026-01-29T23:18:16+08:00][info] 开始处理队列任务: task_id=29, current_index=393
[2026-01-29T23:18:18+08:00][info] 返回:{"status":true,"message":"发送完成，成功1个，失败0个[]","data":{"success":[{"group_id":3780502866,"group_link":"https:\/\/t.me\/+WZlsKfz1W89jYjE0","type":"megagroup","message":"发送成功","message_id":3691}],"failed":[],"debug":["处理标识符: https:\/\/t.me\/+WZlsKfz1W89jYjE0, 清理后: https:\/\/t.me\/+WZlsKfz1W89jYjE0, 识别为链接: True, 识别为数字ID: False"],"warning":""}}
[2026-01-29T23:18:18+08:00][info] 消息ID缓存成功: task_id=29, group_id=https://t.me/+WZlsKfz1W89jYjE0, msg_index=393, message_id=3691
[2026-01-29T23:18:18+08:00][info] 消息状态标记为已发送: task_id=29, group_id=https://t.me/+WZlsKfz1W89jYjE0, msg_index=393
[2026-01-29T23:18:18+08:00][info] 任务 29 将在 96 秒后继续处理下一条消息，索引: 394, 实例ID: task_29_index_394_1769699898.9046
[2026-01-29T23:18:18+08:00][info] 开始处理队列任务: task_id=27, current_index=1417
[2026-01-29T23:18:19+08:00][info] 消息缓存初始化完成: task_id=27, groups=https://t.me/+_XaTo9Qrv0VjOTM0
[2026-01-29T23:18:19+08:00][info] 任务 27 第 2 次循环，重置群组 https://t.me/+_XaTo9Qrv0VjOTM0 消息状态
[2026-01-29T23:18:21+08:00][info] 返回:{"status":true,"message":"发送完成，成功1个，失败0个[]","data":{"success":[{"group_id":3649225144,"group_link":"https:\/\/t.me\/+_XaTo9Qrv0VjOTM0","type":"megagroup","message":"发送成功","message_id":15314}],"failed":[],"debug":["处理标识符: https:\/\/t.me\/+_XaTo9Qrv0VjOTM0, 清理后: https:\/\/t.me\/+_XaTo9Qrv0VjOTM0, 识别为链接: True, 识别为数字ID: False"],"warning":""}}
[2026-01-29T23:18:21+08:00][info] 消息ID缓存成功: task_id=27, group_id=https://t.me/+_XaTo9Qrv0VjOTM0, msg_index=1417, message_id=15314
[2026-01-29T23:18:21+08:00][info] 消息状态标记为已发送: task_id=27, group_id=https://t.me/+_XaTo9Qrv0VjOTM0, msg_index=1417
[2026-01-29T23:18:21+08:00][info] 任务 27 将在 89 秒后继续处理下一条消息，索引: 1418, 实例ID: task_27_index_1418_1769699901.8059
[2026-01-29T23:18:21+08:00][info] 开始处理队列任务: task_id=28, current_index=1107
[2026-01-29T23:18:27+08:00][info] 返回:{"status":true,"message":"发送完成，成功1个，失败0个[]","data":{"success":[{"group_id":3657218256,"group_link":"https:\/\/t.me\/+Hg62NsrbOCZmZmY8","type":"megagroup","message":"发送成功","message_id":4420}],"failed":[],"debug":["处理标识符: https:\/\/t.me\/+Hg62NsrbOCZmZmY8, 清理后: https:\/\/t.me\/+Hg62NsrbOCZmZmY8, 识别为链接: True, 识别为数字ID: False","文件1有效: \/www\/wwwroot\/tdata.tgbota.top\/public\/uploads\/admin\/202512\/693ae4c14180b.jpg (23975字节)","发送单个文件: \/www\/wwwroot\/tdata.tgbota.top\/public\/uploads\/admin\/202512\/693ae4c14180b.jpg"],"warning":""}}
[2026-01-29T23:18:27+08:00][info] 消息ID缓存成功: task_id=28, group_id=https://t.me/+Hg62NsrbOCZmZmY8, msg_index=1107, message_id=4420
[2026-01-29T23:18:27+08:00][info] 消息状态标记为已发送: task_id=28, group_id=https://t.me/+Hg62NsrbOCZmZmY8, msg_index=1107
[2026-01-29T23:18:27+08:00][info] 任务 28 将在 70 秒后继续处理下一条消息，索引: 1108, 实例ID: task_28_index_1108_1769699907.6897
[2026-01-29T23:18:42+08:00][info] 开始处理队列任务: task_id=27, current_index=1418
[2026-01-29T23:18:42+08:00][info] 消息缓存初始化完成: task_id=27, groups=https://t.me/+_XaTo9Qrv0VjOTM0
[2026-01-29T23:18:42+08:00][info] 任务 27 第 2 次循环，重置群组 https://t.me/+_XaTo9Qrv0VjOTM0 消息状态
[2026-01-29T23:18:45+08:00][info] 返回:{"status":true,"message":"发送完成，成功1个，失败0个[]","data":{"success":[{"group_id":3649225144,"group_link":"https:\/\/t.me\/+_XaTo9Qrv0VjOTM0","type":"megagroup","message":"发送成功","message_id":15315}],"failed":[],"debug":["处理标识符: https:\/\/t.me\/+_XaTo9Qrv0VjOTM0, 清理后: https:\/\/t.me\/+_XaTo9Qrv0VjOTM0, 识别为链接: True, 识别为数字ID: False"],"warning":""}}
[2026-01-29T23:18:45+08:00][info] 消息ID缓存成功: task_id=27, group_id=https://t.me/+_XaTo9Qrv0VjOTM0, msg_index=1418, message_id=15315
[2026-01-29T23:18:45+08:00][info] 消息状态标记为已发送: task_id=27, group_id=https://t.me/+_XaTo9Qrv0VjOTM0, msg_index=1418
[2026-01-29T23:18:45+08:00][info] 任务 27 将在 90 秒后继续处理下一条消息，索引: 1419, 实例ID: task_27_index_1419_1769699925.5538
[2026-01-29T23:18:54+08:00][info] 开始处理队列任务: task_id=29, current_index=394
[2026-01-29T23:18:54+08:00][info] 使用feedbackType=393的消息ID: 3690
[2026-01-29T23:18:57+08:00][info] 返回:{"status":true,"message":"发送完成，成功1个，失败0个[]","data":{"success":[{"group_id":3780502866,"group_link":"https:\/\/t.me\/+WZlsKfz1W89jYjE0","type":"megagroup","message":"发送成功","message_id":3692}],"failed":[],"debug":["处理标识符: https:\/\/t.me\/+WZlsKfz1W89jYjE0, 清理后: https:\/\/t.me\/+WZlsKfz1W89jYjE0, 识别为链接: True, 识别为数字ID: False"],"warning":""}}
[2026-01-29T23:18:57+08:00][info] 消息ID缓存成功: task_id=29, group_id=https://t.me/+WZlsKfz1W89jYjE0, msg_index=394, message_id=3692
[2026-01-29T23:18:57+08:00][info] 消息状态标记为已发送: task_id=29, group_id=https://t.me/+WZlsKfz1W89jYjE0, msg_index=394
[2026-01-29T23:18:57+08:00][info] 任务 29 将在 100 秒后继续处理下一条消息，索引: 395, 实例ID: task_29_index_395_1769699937.778
[2026-01-29T23:18:57+08:00][info] 开始处理队列任务: task_id=29, current_index=395
[2026-01-29T23:19:00+08:00][info] 返回:{"status":true,"message":"发送完成，成功1个，失败0个[]","data":{"success":[{"group_id":3780502866,"group_link":"https:\/\/t.me\/+WZlsKfz1W89jYjE0","type":"megagroup","message":"发送成功","message_id":3693}],"failed":[],"debug":["处理标识符: https:\/\/t.me\/+WZlsKfz1W89jYjE0, 清理后: https:\/\/t.me\/+WZlsKfz1W89jYjE0, 识别为链接: True, 识别为数字ID: False"],"warning":""}}
[2026-01-29T23:19:00+08:00][info] 消息ID缓存成功: task_id=29, group_id=https://t.me/+WZlsKfz1W89jYjE0, msg_index=395, message_id=3693
[2026-01-29T23:19:00+08:00][info] 消息状态标记为已发送: task_id=29, group_id=https://t.me/+WZlsKfz1W89jYjE0, msg_index=395
[2026-01-29T23:19:00+08:00][info] 任务 29 将在 76 秒后继续处理下一条消息，索引: 396, 实例ID: task_29_index_396_1769699940.5236
[2026-01-29T23:19:00+08:00][info] 开始处理队列任务: task_id=26, current_index=1409
[2026-01-29T23:19:00+08:00][info] 消息缓存初始化完成: task_id=26, groups=https://t.me/+whdGi5iPfw40ZDMx
[2026-01-29T23:19:00+08:00][info] 任务 26 第 2 次循环，重置群组 https://t.me/+whdGi5iPfw40ZDMx 消息状态
[2026-01-29T23:19:03+08:00][info] 返回:{"status":true,"message":"发送完成，成功1个，失败0个[]","data":{"success":[{"group_id":3642748012,"group_link":"https:\/\/t.me\/+whdGi5iPfw40ZDMx","type":"megagroup","message":"发送成功","message_id":15260}],"failed":[],"debug":["处理标识符: https:\/\/t.me\/+whdGi5iPfw40ZDMx, 清理后: https:\/\/t.me\/+whdGi5iPfw40ZDMx, 识别为链接: True, 识别为数字ID: False"],"warning":""}}
[2026-01-29T23:19:03+08:00][info] 消息ID缓存成功: task_id=26, group_id=https://t.me/+whdGi5iPfw40ZDMx, msg_index=1409, message_id=15260
[2026-01-29T23:19:03+08:00][info] 消息状态标记为已发送: task_id=26, group_id=https://t.me/+whdGi5iPfw40ZDMx, msg_index=1409
[2026-01-29T23:19:03+08:00][info] 任务 26 将在 80 秒后继续处理下一条消息，索引: 1410, 实例ID: task_26_index_1410_1769699943.2159
[2026-01-29T23:19:39+08:00][info] 开始处理队列任务: task_id=28, current_index=1108
[2026-01-29T23:19:42+08:00][info] 返回:{"status":true,"message":"发送完成，成功1个，失败0个[]","data":{"success":[{"group_id":3657218256,"group_link":"https:\/\/t.me\/+Hg62NsrbOCZmZmY8","type":"megagroup","message":"发送成功","message_id":4421}],"failed":[],"debug":["处理标识符: https:\/\/t.me\/+Hg62NsrbOCZmZmY8, 清理后: https:\/\/t.me\/+Hg62NsrbOCZmZmY8, 识别为链接: True, 识别为数字ID: False"],"warning":""}}
[2026-01-29T23:19:42+08:00][info] 消息ID缓存成功: task_id=28, group_id=https://t.me/+Hg62NsrbOCZmZmY8, msg_index=1108, message_id=4421
[2026-01-29T23:19:42+08:00][info] 消息状态标记为已发送: task_id=28, group_id=https://t.me/+Hg62NsrbOCZmZmY8, msg_index=1108
[2026-01-29T23:19:42+08:00][info] 任务 28 将在 118 秒后继续处理下一条消息，索引: 1109, 实例ID: task_28_index_1109_1769699982.1588
[2026-01-29T23:19:42+08:00][info] 开始处理队列任务: task_id=28, current_index=1109
[2026-01-29T23:19:46+08:00][info] 返回:{"status":true,"message":"发送完成，成功1个，失败0个[]","data":{"success":[{"group_id":3657218256,"group_link":"https:\/\/t.me\/+Hg62NsrbOCZmZmY8","type":"megagroup","message":"发送成功","message_id":4422}],"failed":[],"debug":["处理标识符: https:\/\/t.me\/+Hg62NsrbOCZmZmY8, 清理后: https:\/\/t.me\/+Hg62NsrbOCZmZmY8, 识别为链接: True, 识别为数字ID: False"],"warning":""}}
[2026-01-29T23:19:46+08:00][info] 消息ID缓存成功: task_id=28, group_id=https://t.me/+Hg62NsrbOCZmZmY8, msg_index=1109, message_id=4422
[2026-01-29T23:19:46+08:00][info] 消息状态标记为已发送: task_id=28, group_id=https://t.me/+Hg62NsrbOCZmZmY8, msg_index=1109
[2026-01-29T23:19:46+08:00][info] 任务 28 将在 130 秒后继续处理下一条消息，索引: 1110, 实例ID: task_28_index_1110_1769699986.1071
[2026-01-29T23:19:52+08:00][info] 开始处理队列任务: task_id=25, current_index=502
[2026-01-29T23:19:52+08:00][info] 消息缓存初始化完成: task_id=25, groups=https://t.me/+HZFEhfAwKjhmZDZk
[2026-01-29T23:19:52+08:00][info] 任务 25 第 2 次循环，重置群组 https://t.me/+HZFEhfAwKjhmZDZk 消息状态
[2026-01-29T23:19:54+08:00][info] 返回:{"status":true,"message":"发送完成，成功1个，失败0个[]","data":{"success":[{"group_id":3482989339,"group_link":"https:\/\/t.me\/+HZFEhfAwKjhmZDZk","type":"megagroup","message":"发送成功","message_id":12616}],"failed":[],"debug":["处理标识符: https:\/\/t.me\/+HZFEhfAwKjhmZDZk, 清理后: https:\/\/t.me\/+HZFEhfAwKjhmZDZk, 识别为链接: True, 识别为数字ID: False"],"warning":""}}
[2026-01-29T23:19:54+08:00][info] 消息ID缓存成功: task_id=25, group_id=https://t.me/+HZFEhfAwKjhmZDZk, msg_index=502, message_id=12616
[2026-01-29T23:19:54+08:00][info] 消息状态标记为已发送: task_id=25, group_id=https://t.me/+HZFEhfAwKjhmZDZk, msg_index=502
[2026-01-29T23:19:54+08:00][info] 任务 25 将在 115 秒后继续处理下一条消息，索引: 503, 实例ID: task_25_index_503_1769699994.8963
[2026-01-29T23:19:54+08:00][info] 开始处理队列任务: task_id=27, current_index=1419
[2026-01-29T23:19:55+08:00][info] 消息缓存初始化完成: task_id=27, groups=https://t.me/+_XaTo9Qrv0VjOTM0
[2026-01-29T23:19:55+08:00][info] 任务 27 第 2 次循环，重置群组 https://t.me/+_XaTo9Qrv0VjOTM0 消息状态
[2026-01-29T23:19:57+08:00][info] 返回:{"status":true,"message":"发送完成，成功1个，失败0个[]","data":{"success":[{"group_id":3649225144,"group_link":"https:\/\/t.me\/+_XaTo9Qrv0VjOTM0","type":"megagroup","message":"发送成功","message_id":15316}],"failed":[],"debug":["处理标识符: https:\/\/t.me\/+_XaTo9Qrv0VjOTM0, 清理后: https:\/\/t.me\/+_XaTo9Qrv0VjOTM0, 识别为链接: True, 识别为数字ID: False"],"warning":""}}
[2026-01-29T23:19:57+08:00][info] 消息ID缓存成功: task_id=27, group_id=https://t.me/+_XaTo9Qrv0VjOTM0, msg_index=1419, message_id=15316
[2026-01-29T23:19:57+08:00][info] 消息状态标记为已发送: task_id=27, group_id=https://t.me/+_XaTo9Qrv0VjOTM0, msg_index=1419
[2026-01-29T23:19:57+08:00][info] 任务 27 将在 100 秒后继续处理下一条消息，索引: 1420, 实例ID: task_27_index_1420_1769699997.9225
[2026-01-29T23:19:57+08:00][info] 开始处理队列任务: task_id=29, current_index=396
[2026-01-29T23:20:00+08:00][info] 返回:{"status":true,"message":"发送完成，成功1个，失败0个[]","data":{"success":[{"group_id":3780502866,"group_link":"https:\/\/t.me\/+WZlsKfz1W89jYjE0","type":"megagroup","message":"发送成功","message_id":3694}],"failed":[],"debug":["处理标识符: https:\/\/t.me\/+WZlsKfz1W89jYjE0, 清理后: https:\/\/t.me\/+WZlsKfz1W89jYjE0, 识别为链接: True, 识别为数字ID: False"],"warning":""}}
[2026-01-29T23:20:00+08:00][info] 消息ID缓存成功: task_id=29, group_id=https://t.me/+WZlsKfz1W89jYjE0, msg_index=396, message_id=3694
[2026-01-29T23:20:00+08:00][info] 消息状态标记为已发送: task_id=29, group_id=https://t.me/+WZlsKfz1W89jYjE0, msg_index=396
[2026-01-29T23:20:00+08:00][info] 任务 29 将在 87 秒后继续处理下一条消息，索引: 397, 实例ID: task_29_index_397_1769700000.5517
[2026-01-29T23:20:15+08:00][info] 开始处理队列任务: task_id=27, current_index=1420
[2026-01-29T23:20:15+08:00][info] 消息缓存初始化完成: task_id=27, groups=https://t.me/+_XaTo9Qrv0VjOTM0
[2026-01-29T23:20:15+08:00][info] 任务 27 第 2 次循环，重置群组 https://t.me/+_XaTo9Qrv0VjOTM0 消息状态
[2026-01-29T23:20:18+08:00][info] 返回:{"status":true,"message":"发送完成，成功1个，失败0个[]","data":{"success":[{"group_id":3649225144,"group_link":"https:\/\/t.me\/+_XaTo9Qrv0VjOTM0","type":"megagroup","message":"发送成功","message_id":15317}],"failed":[],"debug":["处理标识符: https:\/\/t.me\/+_XaTo9Qrv0VjOTM0, 清理后: https:\/\/t.me\/+_XaTo9Qrv0VjOTM0, 识别为链接: True, 识别为数字ID: False"],"warning":""}}
[2026-01-29T23:20:18+08:00][info] 消息ID缓存成功: task_id=27, group_id=https://t.me/+_XaTo9Qrv0VjOTM0, msg_index=1420, message_id=15317
[2026-01-29T23:20:18+08:00][info] 消息状态标记为已发送: task_id=27, group_id=https://t.me/+_XaTo9Qrv0VjOTM0, msg_index=1420
[2026-01-29T23:20:18+08:00][info] 任务 27 将在 110 秒后继续处理下一条消息，索引: 1421, 实例ID: task_27_index_1421_1769700018.6107
[2026-01-29T23:20:18+08:00][info] 开始处理队列任务: task_id=29, current_index=397
[2026-01-29T23:20:21+08:00][info] 返回:{"status":true,"message":"发送完成，成功1个，失败0个[]","data":{"success":[{"group_id":3780502866,"group_link":"https:\/\/t.me\/+WZlsKfz1W89jYjE0","type":"megagroup","message":"发送成功","message_id":3695}],"failed":[],"debug":["处理标识符: https:\/\/t.me\/+WZlsKfz1W89jYjE0, 清理后: https:\/\/t.me\/+WZlsKfz1W89jYjE0, 识别为链接: True, 识别为数字ID: False"],"warning":""}}
[2026-01-29T23:20:21+08:00][info] 消息ID缓存成功: task_id=29, group_id=https://t.me/+WZlsKfz1W89jYjE0, msg_index=397, message_id=3695
[2026-01-29T23:20:21+08:00][info] 消息状态标记为已发送: task_id=29, group_id=https://t.me/+WZlsKfz1W89jYjE0, msg_index=397
[2026-01-29T23:20:21+08:00][info] 任务 29 将在 89 秒后继续处理下一条消息，索引: 398, 实例ID: task_29_index_398_1769700021.3567
[2026-01-29T23:20:24+08:00][info] 开始处理队列任务: task_id=26, current_index=1410
[2026-01-29T23:20:24+08:00][info] 消息缓存初始化完成: task_id=26, groups=https://t.me/+whdGi5iPfw40ZDMx
[2026-01-29T23:20:24+08:00][info] 任务 26 第 2 次循环，重置群组 https://t.me/+whdGi5iPfw40ZDMx 消息状态
[2026-01-29T23:20:27+08:00][info] 返回:{"status":true,"message":"发送完成，成功1个，失败0个[]","data":{"success":[{"group_id":3642748012,"group_link":"https:\/\/t.me\/+whdGi5iPfw40ZDMx","type":"megagroup","message":"发送成功","message_id":15261}],"failed":[],"debug":["处理标识符: https:\/\/t.me\/+whdGi5iPfw40ZDMx, 清理后: https:\/\/t.me\/+whdGi5iPfw40ZDMx, 识别为链接: True, 识别为数字ID: False"],"warning":""}}
[2026-01-29T23:20:27+08:00][info] 消息ID缓存成功: task_id=26, group_id=https://t.me/+whdGi5iPfw40ZDMx, msg_index=1410, message_id=15261
[2026-01-29T23:20:27+08:00][info] 消息状态标记为已发送: task_id=26, group_id=https://t.me/+whdGi5iPfw40ZDMx, msg_index=1410
[2026-01-29T23:20:27+08:00][info] 任务 26 将在 92 秒后继续处理下一条消息，索引: 1411, 实例ID: task_26_index_1411_1769700027.0894
[2026-01-29T23:20:39+08:00][info] 开始处理队列任务: task_id=29, current_index=398
[2026-01-29T23:20:41+08:00][info] 返回:{"status":true,"message":"发送完成，成功1个，失败0个[]","data":{"success":[{"group_id":3780502866,"group_link":"https:\/\/t.me\/+WZlsKfz1W89jYjE0","type":"megagroup","message":"发送成功","message_id":3696}],"failed":[],"debug":["处理标识符: https:\/\/t.me\/+WZlsKfz1W89jYjE0, 清理后: https:\/\/t.me\/+WZlsKfz1W89jYjE0, 识别为链接: True, 识别为数字ID: False"],"warning":""}}
[2026-01-29T23:20:41+08:00][info] 消息ID缓存成功: task_id=29, group_id=https://t.me/+WZlsKfz1W89jYjE0, msg_index=398, message_id=3696
[2026-01-29T23:20:41+08:00][info] 消息状态标记为已发送: task_id=29, group_id=https://t.me/+WZlsKfz1W89jYjE0, msg_index=398
[2026-01-29T23:20:41+08:00][info] 任务 29 将在 92 秒后继续处理下一条消息，索引: 399, 实例ID: task_29_index_399_1769700041.8917
[2026-01-29T23:21:29+08:00][info] 开始处理Telegram发送任务
[2026-01-29T23:21:29+08:00][info] 开始处理队列任务: task_id=29, current_index=399
[2026-01-29T23:21:31+08:00][info] {"status":true,"message":"\u4f1a\u8bdd -1003780502866 \u5df2\u6807\u8bb0\u4e3a\u5df2\u8bfb\uff0c\u5171\u5904\u7406 34 \u6761\u672a\u8bfb\u6d88\u606f","data":{"session_id":"-1003780502866","unread_count":34,"last_message_id":3696}}
[2026-01-29T23:21:31+08:00][info] Telegram消息发送成功
[2026-01-29T23:21:32+08:00][info] 返回:{"status":true,"message":"发送完成，成功1个，失败0个[]","data":{"success":[{"group_id":3780502866,"group_link":"https:\/\/t.me\/+WZlsKfz1W89jYjE0","type":"megagroup","message":"发送成功","message_id":3697}],"failed":[],"debug":["处理标识符: https:\/\/t.me\/+WZlsKfz1W89jYjE0, 清理后: https:\/\/t.me\/+WZlsKfz1W89jYjE0, 识别为链接: True, 识别为数字ID: False"],"warning":""}}
[2026-01-29T23:21:32+08:00][info] 消息ID缓存成功: task_id=29, group_id=https://t.me/+WZlsKfz1W89jYjE0, msg_index=399, message_id=3697
[2026-01-29T23:21:32+08:00][info] 消息状态标记为已发送: task_id=29, group_id=https://t.me/+WZlsKfz1W89jYjE0, msg_index=399
[2026-01-29T23:21:32+08:00][info] 任务 29 将在 100 秒后继续处理下一条消息，索引: 400, 实例ID: task_29_index_400_1769700092.5882
[2026-01-29T23:21:38+08:00][info] 开始处理队列任务: task_id=27, current_index=1421
[2026-01-29T23:21:38+08:00][info] 消息缓存初始化完成: task_id=27, groups=https://t.me/+_XaTo9Qrv0VjOTM0
[2026-01-29T23:21:38+08:00][info] 任务 27 第 2 次循环，重置群组 https://t.me/+_XaTo9Qrv0VjOTM0 消息状态
[2026-01-29T23:21:41+08:00][info] 返回:{"status":true,"message":"发送完成，成功1个，失败0个[]","data":{"success":[{"group_id":3649225144,"group_link":"https:\/\/t.me\/+_XaTo9Qrv0VjOTM0","type":"megagroup","message":"发送成功","message_id":15318}],"failed":[],"debug":["处理标识符: https:\/\/t.me\/+_XaTo9Qrv0VjOTM0, 清理后: https:\/\/t.me\/+_XaTo9Qrv0VjOTM0, 识别为链接: True, 识别为数字ID: False"],"warning":""}}
[2026-01-29T23:21:41+08:00][info] 消息ID缓存成功: task_id=27, group_id=https://t.me/+_XaTo9Qrv0VjOTM0, msg_index=1421, message_id=15318
[2026-01-29T23:21:41+08:00][info] 消息状态标记为已发送: task_id=27, group_id=https://t.me/+_XaTo9Qrv0VjOTM0, msg_index=1421
[2026-01-29T23:21:41+08:00][info] 任务 27 将在 75 秒后继续处理下一条消息，索引: 1422, 实例ID: task_27_index_1422_1769700101.4131
[2026-01-29T23:21:41+08:00][info] 开始处理队列任务: task_id=28, current_index=1110
[2026-01-29T23:21:46+08:00][info] 返回:{"status":true,"message":"发送完成，成功1个，失败0个[]","data":{"success":[{"group_id":3657218256,"group_link":"https:\/\/t.me\/+Hg62NsrbOCZmZmY8","type":"megagroup","message":"发送成功","message_id":4423}],"failed":[],"debug":["处理标识符: https:\/\/t.me\/+Hg62NsrbOCZmZmY8, 清理后: https:\/\/t.me\/+Hg62NsrbOCZmZmY8, 识别为链接: True, 识别为数字ID: False"],"warning":""}}
[2026-01-29T23:21:46+08:00][info] 消息ID缓存成功: task_id=28, group_id=https://t.me/+Hg62NsrbOCZmZmY8, msg_index=1110, message_id=4423
[2026-01-29T23:21:46+08:00][info] 消息状态标记为已发送: task_id=28, group_id=https://t.me/+Hg62NsrbOCZmZmY8, msg_index=1110
[2026-01-29T23:21:46+08:00][info] 任务 28 将在 89 秒后继续处理下一条消息，索引: 1111, 实例ID: task_28_index_1111_1769700106.061
[2026-01-29T23:21:49+08:00][info] 开始处理队列任务: task_id=25, current_index=503
[2026-01-29T23:21:49+08:00][info] 消息缓存初始化完成: task_id=25, groups=https://t.me/+HZFEhfAwKjhmZDZk
[2026-01-29T23:21:49+08:00][info] 任务 25 第 2 次循环，重置群组 https://t.me/+HZFEhfAwKjhmZDZk 消息状态
[2026-01-29T23:21:51+08:00][info] 返回:{"status":true,"message":"发送完成，成功1个，失败0个[]","data":{"success":[{"group_id":3482989339,"group_link":"https:\/\/t.me\/+HZFEhfAwKjhmZDZk","type":"megagroup","message":"发送成功","message_id":12617}],"failed":[],"debug":["处理标识符: https:\/\/t.me\/+HZFEhfAwKjhmZDZk, 清理后: https:\/\/t.me\/+HZFEhfAwKjhmZDZk, 识别为链接: True, 识别为数字ID: False"],"warning":""}}
[2026-01-29T23:21:51+08:00][info] 消息ID缓存成功: task_id=25, group_id=https://t.me/+HZFEhfAwKjhmZDZk, msg_index=503, message_id=12617
[2026-01-29T23:21:51+08:00][info] 消息状态标记为已发送: task_id=25, group_id=https://t.me/+HZFEhfAwKjhmZDZk, msg_index=503
[2026-01-29T23:21:51+08:00][info] 任务 25 将在 99 秒后继续处理下一条消息，索引: 504, 实例ID: task_25_index_504_1769700111.9206
[2026-01-29T23:21:51+08:00][info] 开始处理队列任务: task_id=29, current_index=400
[2026-01-29T23:21:55+08:00][info] 返回:{"status":true,"message":"发送完成，成功1个，失败0个[]","data":{"success":[{"group_id":3780502866,"group_link":"https:\/\/t.me\/+WZlsKfz1W89jYjE0","type":"megagroup","message":"发送成功","message_id":3699}],"failed":[],"debug":["处理标识符: https:\/\/t.me\/+WZlsKfz1W89jYjE0, 清理后: https:\/\/t.me\/+WZlsKfz1W89jYjE0, 识别为链接: True, 识别为数字ID: False","文件1有效: \/www\/wwwroot\/tdata.tgbota.top\/public\/uploads\/admin\/202512\/693ae47eb24e6.jpg (23476字节)","发送单个文件: \/www\/wwwroot\/tdata.tgbota.top\/public\/uploads\/admin\/202512\/693ae47eb24e6.jpg"],"warning":""}}
[2026-01-29T23:21:55+08:00][info] 消息ID缓存成功: task_id=29, group_id=https://t.me/+WZlsKfz1W89jYjE0, msg_index=400, message_id=3699
[2026-01-29T23:21:55+08:00][info] 消息状态标记为已发送: task_id=29, group_id=https://t.me/+WZlsKfz1W89jYjE0, msg_index=400
[2026-01-29T23:21:55+08:00][info] 任务 29 将在 99 秒后继续处理下一条消息，索引: 401, 实例ID: task_29_index_401_1769700115.5011
[2026-01-29T23:21:58+08:00][info] 开始处理队列任务: task_id=28, current_index=1111
[2026-01-29T23:22:05+08:00][info] 返回:{"status":true,"message":"发送完成，成功1个，失败0个[]","data":{"success":[{"group_id":3657218256,"group_link":"https:\/\/t.me\/+Hg62NsrbOCZmZmY8","type":"megagroup","message":"发送成功","message_id":4424}],"failed":[],"debug":["处理标识符: https:\/\/t.me\/+Hg62NsrbOCZmZmY8, 清理后: https:\/\/t.me\/+Hg62NsrbOCZmZmY8, 识别为链接: True, 识别为数字ID: False"],"warning":""}}
[2026-01-29T23:22:05+08:00][info] 消息ID缓存成功: task_id=28, group_id=https://t.me/+Hg62NsrbOCZmZmY8, msg_index=1111, message_id=4424
[2026-01-29T23:22:05+08:00][info] 消息状态标记为已发送: task_id=28, group_id=https://t.me/+Hg62NsrbOCZmZmY8, msg_index=1111
[2026-01-29T23:22:05+08:00][info] 任务 28 将在 105 秒后继续处理下一条消息，索引: 1112, 实例ID: task_28_index_1112_1769700125.3282
[2026-01-29T23:22:05+08:00][info] 开始处理队列任务: task_id=26, current_index=1411
[2026-01-29T23:22:05+08:00][info] 消息缓存初始化完成: task_id=26, groups=https://t.me/+whdGi5iPfw40ZDMx
[2026-01-29T23:22:05+08:00][info] 任务 26 第 2 次循环，重置群组 https://t.me/+whdGi5iPfw40ZDMx 消息状态
[2026-01-29T23:22:08+08:00][info] 返回:{"status":true,"message":"发送完成，成功1个，失败0个[]","data":{"success":[{"group_id":3642748012,"group_link":"https:\/\/t.me\/+whdGi5iPfw40ZDMx","type":"megagroup","message":"发送成功","message_id":15262}],"failed":[],"debug":["处理标识符: https:\/\/t.me\/+whdGi5iPfw40ZDMx, 清理后: https:\/\/t.me\/+whdGi5iPfw40ZDMx, 识别为链接: True, 识别为数字ID: False"],"warning":""}}
[2026-01-29T23:22:08+08:00][info] 消息ID缓存成功: task_id=26, group_id=https://t.me/+whdGi5iPfw40ZDMx, msg_index=1411, message_id=15262
[2026-01-29T23:22:08+08:00][info] 消息状态标记为已发送: task_id=26, group_id=https://t.me/+whdGi5iPfw40ZDMx, msg_index=1411
[2026-01-29T23:22:08+08:00][info] 任务 26 将在 82 秒后继续处理下一条消息，索引: 1412, 实例ID: task_26_index_1412_1769700128.0526
[2026-01-29T23:22:08+08:00][info] 开始处理队列任务: task_id=27, current_index=1422
[2026-01-29T23:22:08+08:00][info] 消息缓存初始化完成: task_id=27, groups=https://t.me/+_XaTo9Qrv0VjOTM0
[2026-01-29T23:22:08+08:00][info] 任务 27 第 2 次循环，重置群组 https://t.me/+_XaTo9Qrv0VjOTM0 消息状态
[2026-01-29T23:22:12+08:00][info] 返回:{"status":true,"message":"发送完成，成功1个，失败0个[]","data":{"success":[{"group_id":3649225144,"group_link":"https:\/\/t.me\/+_XaTo9Qrv0VjOTM0","type":"megagroup","message":"发送成功","message_id":15319}],"failed":[],"debug":["处理标识符: https:\/\/t.me\/+_XaTo9Qrv0VjOTM0, 清理后: https:\/\/t.me\/+_XaTo9Qrv0VjOTM0, 识别为链接: True, 识别为数字ID: False","文件1有效: \/www\/wwwroot\/tdata.tgbota.top\/public\/uploads\/admin\/202512\/693ae4366b6de.jpg (37338字节)","发送单个文件: \/www\/wwwroot\/tdata.tgbota.top\/public\/uploads\/admin\/202512\/693ae4366b6de.jpg"],"warning":""}}
[2026-01-29T23:22:12+08:00][info] 消息ID缓存成功: task_id=27, group_id=https://t.me/+_XaTo9Qrv0VjOTM0, msg_index=1422, message_id=15319
[2026-01-29T23:22:12+08:00][info] 消息状态标记为已发送: task_id=27, group_id=https://t.me/+_XaTo9Qrv0VjOTM0, msg_index=1422
[2026-01-29T23:22:12+08:00][info] 任务 27 将在 87 秒后继续处理下一条消息，索引: 1423, 实例ID: task_27_index_1423_1769700132.0461
[2026-01-29T23:22:15+08:00][info] 开始处理队列任务: task_id=29, current_index=401
[2026-01-29T23:22:15+08:00][info] 使用feedbackType=401的消息ID: 3699
[2026-01-29T23:22:18+08:00][info] 返回:{"status":true,"message":"发送完成，成功1个，失败0个[]","data":{"success":[{"group_id":3780502866,"group_link":"https:\/\/t.me\/+WZlsKfz1W89jYjE0","type":"megagroup","message":"发送成功","message_id":3700}],"failed":[],"debug":["处理标识符: https:\/\/t.me\/+WZlsKfz1W89jYjE0, 清理后: https:\/\/t.me\/+WZlsKfz1W89jYjE0, 识别为链接: True, 识别为数字ID: False"],"warning":""}}
[2026-01-29T23:22:18+08:00][info] 消息ID缓存成功: task_id=29, group_id=https://t.me/+WZlsKfz1W89jYjE0, msg_index=401, message_id=3700
[2026-01-29T23:22:18+08:00][info] 消息状态标记为已发送: task_id=29, group_id=https://t.me/+WZlsKfz1W89jYjE0, msg_index=401
[2026-01-29T23:22:18+08:00][info] 任务 29 将在 98 秒后继续处理下一条消息，索引: 402, 实例ID: task_29_index_402_1769700138.185
[2026-01-29T23:22:57+08:00][info] 开始处理队列任务: task_id=27, current_index=1423
[2026-01-29T23:22:57+08:00][info] 消息缓存初始化完成: task_id=27, groups=https://t.me/+_XaTo9Qrv0VjOTM0
[2026-01-29T23:22:57+08:00][info] 任务 27 第 2 次循环，重置群组 https://t.me/+_XaTo9Qrv0VjOTM0 消息状态
[2026-01-29T23:22:57+08:00][info] 使用feedbackType=1421的消息ID: 15317
[2026-01-29T23:23:00+08:00][info] 返回:{"status":true,"message":"发送完成，成功1个，失败0个[]","data":{"success":[{"group_id":3649225144,"group_link":"https:\/\/t.me\/+_XaTo9Qrv0VjOTM0","type":"megagroup","message":"发送成功","message_id":15320}],"failed":[],"debug":["处理标识符: https:\/\/t.me\/+_XaTo9Qrv0VjOTM0, 清理后: https:\/\/t.me\/+_XaTo9Qrv0VjOTM0, 识别为链接: True, 识别为数字ID: False"],"warning":""}}
[2026-01-29T23:23:00+08:00][info] 消息ID缓存成功: task_id=27, group_id=https://t.me/+_XaTo9Qrv0VjOTM0, msg_index=1423, message_id=15320
[2026-01-29T23:23:00+08:00][info] 消息状态标记为已发送: task_id=27, group_id=https://t.me/+_XaTo9Qrv0VjOTM0, msg_index=1423
[2026-01-29T23:23:00+08:00][info] 任务 27 将在 100 秒后继续处理下一条消息，索引: 1424, 实例ID: task_27_index_1424_1769700180.6721
[2026-01-29T23:23:12+08:00][info] 开始处理队列任务: task_id=29, current_index=402
[2026-01-29T23:23:15+08:00][info] 返回:{"status":true,"message":"发送完成，成功1个，失败0个[]","data":{"success":[{"group_id":3780502866,"group_link":"https:\/\/t.me\/+WZlsKfz1W89jYjE0","type":"megagroup","message":"发送成功","message_id":3701}],"failed":[],"debug":["处理标识符: https:\/\/t.me\/+WZlsKfz1W89jYjE0, 清理后: https:\/\/t.me\/+WZlsKfz1W89jYjE0, 识别为链接: True, 识别为数字ID: False"],"warning":""}}
[2026-01-29T23:23:15+08:00][info] 消息ID缓存成功: task_id=29, group_id=https://t.me/+WZlsKfz1W89jYjE0, msg_index=402, message_id=3701
[2026-01-29T23:23:15+08:00][info] 消息状态标记为已发送: task_id=29, group_id=https://t.me/+WZlsKfz1W89jYjE0, msg_index=402
[2026-01-29T23:23:15+08:00][info] 任务 29 将在 87 秒后继续处理下一条消息，索引: 403, 实例ID: task_29_index_403_1769700195.349
[2026-01-29T23:23:15+08:00][info] 开始处理队列任务: task_id=28, current_index=1112
[2026-01-29T23:23:15+08:00][info] 使用feedbackType=1112的消息ID: 4424
[2026-01-29T23:23:18+08:00][info] 返回:{"status":true,"message":"发送完成，成功1个，失败0个[]","data":{"success":[{"group_id":3657218256,"group_link":"https:\/\/t.me\/+Hg62NsrbOCZmZmY8","type":"megagroup","message":"发送成功","message_id":4425}],"failed":[],"debug":["处理标识符: https:\/\/t.me\/+Hg62NsrbOCZmZmY8, 清理后: https:\/\/t.me\/+Hg62NsrbOCZmZmY8, 识别为链接: True, 识别为数字ID: False"],"warning":""}}
[2026-01-29T23:23:18+08:00][info] 消息ID缓存成功: task_id=28, group_id=https://t.me/+Hg62NsrbOCZmZmY8, msg_index=1112, message_id=4425
[2026-01-29T23:23:18+08:00][info] 消息状态标记为已发送: task_id=28, group_id=https://t.me/+Hg62NsrbOCZmZmY8, msg_index=1112
[2026-01-29T23:23:18+08:00][info] 任务 28 将在 95 秒后继续处理下一条消息，索引: 1113, 实例ID: task_28_index_1113_1769700198.4348
[2026-01-29T23:23:32+08:00][info] 开始处理队列任务: task_id=25, current_index=504
[2026-01-29T23:23:32+08:00][info] 消息缓存初始化完成: task_id=25, groups=https://t.me/+HZFEhfAwKjhmZDZk
[2026-01-29T23:23:32+08:00][info] 任务 25 第 2 次循环，重置群组 https://t.me/+HZFEhfAwKjhmZDZk 消息状态
[2026-01-29T23:23:35+08:00][info] 返回:{"status":true,"message":"发送完成，成功1个，失败0个[]","data":{"success":[{"group_id":3482989339,"group_link":"https:\/\/t.me\/+HZFEhfAwKjhmZDZk","type":"megagroup","message":"发送成功","message_id":12618}],"failed":[],"debug":["处理标识符: https:\/\/t.me\/+HZFEhfAwKjhmZDZk, 清理后: https:\/\/t.me\/+HZFEhfAwKjhmZDZk, 识别为链接: True, 识别为数字ID: False"],"warning":""}}
[2026-01-29T23:23:35+08:00][info] 消息ID缓存成功: task_id=25, group_id=https://t.me/+HZFEhfAwKjhmZDZk, msg_index=504, message_id=12618
[2026-01-29T23:23:35+08:00][info] 消息状态标记为已发送: task_id=25, group_id=https://t.me/+HZFEhfAwKjhmZDZk, msg_index=504
[2026-01-29T23:23:35+08:00][info] 任务 25 将在 89 秒后继续处理下一条消息，索引: 505, 实例ID: task_25_index_505_1769700215.2189
[2026-01-29T23:23:35+08:00][info] 开始处理队列任务: task_id=26, current_index=1412
[2026-01-29T23:23:35+08:00][info] 消息缓存初始化完成: task_id=26, groups=https://t.me/+whdGi5iPfw40ZDMx
[2026-01-29T23:23:35+08:00][info] 任务 26 第 2 次循环，重置群组 https://t.me/+whdGi5iPfw40ZDMx 消息状态
[2026-01-29T23:23:38+08:00][info] 返回:{"status":true,"message":"发送完成，成功1个，失败0个[]","data":{"success":[{"group_id":3642748012,"group_link":"https:\/\/t.me\/+whdGi5iPfw40ZDMx","type":"megagroup","message":"发送成功","message_id":15263}],"failed":[],"debug":["处理标识符: https:\/\/t.me\/+whdGi5iPfw40ZDMx, 清理后: https:\/\/t.me\/+whdGi5iPfw40ZDMx, 识别为链接: True, 识别为数字ID: False"],"warning":""}}
[2026-01-29T23:23:38+08:00][info] 消息ID缓存成功: task_id=26, group_id=https://t.me/+whdGi5iPfw40ZDMx, msg_index=1412, message_id=15263
[2026-01-29T23:23:38+08:00][info] 消息状态标记为已发送: task_id=26, group_id=https://t.me/+whdGi5iPfw40ZDMx, msg_index=1412
[2026-01-29T23:23:38+08:00][info] 任务 26 将在 83 秒后继续处理下一条消息，索引: 1413, 实例ID: task_26_index_1413_1769700218.0294
[2026-01-29T23:23:38+08:00][info] 开始处理队列任务: task_id=29, current_index=403
[2026-01-29T23:23:43+08:00][info] 返回:{"status":true,"message":"发送完成，成功1个，失败0个[]","data":{"success":[{"group_id":3780502866,"group_link":"https:\/\/t.me\/+WZlsKfz1W89jYjE0","type":"megagroup","message":"发送成功","message_id":3702}],"failed":[],"debug":["处理标识符: https:\/\/t.me\/+WZlsKfz1W89jYjE0, 清理后: https:\/\/t.me\/+WZlsKfz1W89jYjE0, 识别为链接: True, 识别为数字ID: False","文件1有效: \/www\/wwwroot\/tdata.tgbota.top\/public\/uploads\/admin\/202512\/693ae3cad5949.jpg (87512字节)","发送单个文件: \/www\/wwwroot\/tdata.tgbota.top\/public\/uploads\/admin\/202512\/693ae3cad5949.jpg"],"warning":""}}
[2026-01-29T23:23:43+08:00][info] 消息ID缓存成功: task_id=29, group_id=https://t.me/+WZlsKfz1W89jYjE0, msg_index=403, message_id=3702
[2026-01-29T23:23:43+08:00][info] 消息状态标记为已发送: task_id=29, group_id=https://t.me/+WZlsKfz1W89jYjE0, msg_index=403
[2026-01-29T23:23:43+08:00][info] 任务 29 将在 76 秒后继续处理下一条消息，索引: 404, 实例ID: task_29_index_404_1769700223.0452
[2026-01-29T23:23:43+08:00][info] 开始处理队列任务: task_id=27, current_index=1424
[2026-01-29T23:23:43+08:00][info] 消息缓存初始化完成: task_id=27, groups=https://t.me/+_XaTo9Qrv0VjOTM0
[2026-01-29T23:23:43+08:00][info] 任务 27 第 2 次循环，重置群组 https://t.me/+_XaTo9Qrv0VjOTM0 消息状态
[2026-01-29T23:23:47+08:00][info] 返回:{"status":true,"message":"发送完成，成功1个，失败0个[]","data":{"success":[{"group_id":3649225144,"group_link":"https:\/\/t.me\/+_XaTo9Qrv0VjOTM0","type":"megagroup","message":"发送成功","message_id":15321}],"failed":[],"debug":["处理标识符: https:\/\/t.me\/+_XaTo9Qrv0VjOTM0, 清理后: https:\/\/t.me\/+_XaTo9Qrv0VjOTM0, 识别为链接: True, 识别为数字ID: False"],"warning":""}}
[2026-01-29T23:23:47+08:00][info] 消息ID缓存成功: task_id=27, group_id=https://t.me/+_XaTo9Qrv0VjOTM0, msg_index=1424, message_id=15321
[2026-01-29T23:23:47+08:00][info] 消息状态标记为已发送: task_id=27, group_id=https://t.me/+_XaTo9Qrv0VjOTM0, msg_index=1424
[2026-01-29T23:23:47+08:00][info] 任务 27 将在 101 秒后继续处理下一条消息，索引: 1425, 实例ID: task_27_index_1425_1769700227.1042
[2026-01-29T23:23:50+08:00][info] 开始处理队列任务: task_id=28, current_index=1113
[2026-01-29T23:23:52+08:00][info] 返回:{"status":true,"message":"发送完成，成功1个，失败0个[]","data":{"success":[{"group_id":3657218256,"group_link":"https:\/\/t.me\/+Hg62NsrbOCZmZmY8","type":"megagroup","message":"发送成功","message_id":4426}],"failed":[],"debug":["处理标识符: https:\/\/t.me\/+Hg62NsrbOCZmZmY8, 清理后: https:\/\/t.me\/+Hg62NsrbOCZmZmY8, 识别为链接: True, 识别为数字ID: False"],"warning":""}}
[2026-01-29T23:23:52+08:00][info] 消息ID缓存成功: task_id=28, group_id=https://t.me/+Hg62NsrbOCZmZmY8, msg_index=1113, message_id=4426
[2026-01-29T23:23:52+08:00][info] 消息状态标记为已发送: task_id=28, group_id=https://t.me/+Hg62NsrbOCZmZmY8, msg_index=1113
[2026-01-29T23:23:52+08:00][info] 任务 28 将在 90 秒后继续处理下一条消息，索引: 1114, 实例ID: task_28_index_1114_1769700232.7124
[2026-01-29T23:23:58+08:00][info] 开始处理队列任务: task_id=29, current_index=404
[2026-01-29T23:24:01+08:00][info] 返回:{"status":true,"message":"发送完成，成功1个，失败0个[]","data":{"success":[{"group_id":3780502866,"group_link":"https:\/\/t.me\/+WZlsKfz1W89jYjE0","type":"megagroup","message":"发送成功","message_id":3703}],"failed":[],"debug":["处理标识符: https:\/\/t.me\/+WZlsKfz1W89jYjE0, 清理后: https:\/\/t.me\/+WZlsKfz1W89jYjE0, 识别为链接: True, 识别为数字ID: False"],"warning":""}}
[2026-01-29T23:24:01+08:00][info] 消息ID缓存成功: task_id=29, group_id=https://t.me/+WZlsKfz1W89jYjE0, msg_index=404, message_id=3703
[2026-01-29T23:24:01+08:00][info] 消息状态标记为已发送: task_id=29, group_id=https://t.me/+WZlsKfz1W89jYjE0, msg_index=404
[2026-01-29T23:24:01+08:00][info] 任务 29 将在 80 秒后继续处理下一条消息，索引: 405, 实例ID: task_29_index_405_1769700241.401
[2026-01-29T23:24:40+08:00][info] 开始处理队列任务: task_id=27, current_index=1425
[2026-01-29T23:24:40+08:00][info] 消息缓存初始化完成: task_id=27, groups=https://t.me/+_XaTo9Qrv0VjOTM0
[2026-01-29T23:24:40+08:00][info] 任务 27 第 2 次循环，重置群组 https://t.me/+_XaTo9Qrv0VjOTM0 消息状态
[2026-01-29T23:24:44+08:00][info] 返回:{"status":true,"message":"发送完成，成功1个，失败0个[]","data":{"success":[{"group_id":3649225144,"group_link":"https:\/\/t.me\/+_XaTo9Qrv0VjOTM0","type":"megagroup","message":"发送成功","message_id":15322}],"failed":[],"debug":["处理标识符: https:\/\/t.me\/+_XaTo9Qrv0VjOTM0, 清理后: https:\/\/t.me\/+_XaTo9Qrv0VjOTM0, 识别为链接: True, 识别为数字ID: False"],"warning":""}}
[2026-01-29T23:24:44+08:00][info] 消息ID缓存成功: task_id=27, group_id=https://t.me/+_XaTo9Qrv0VjOTM0, msg_index=1425, message_id=15322
[2026-01-29T23:24:44+08:00][info] 消息状态标记为已发送: task_id=27, group_id=https://t.me/+_XaTo9Qrv0VjOTM0, msg_index=1425
[2026-01-29T23:24:44+08:00][info] 任务 27 将在 70 秒后继续处理下一条消息，索引: 1426, 实例ID: task_27_index_1426_1769700284.1317
[2026-01-29T23:24:44+08:00][info] 开始处理队列任务: task_id=29, current_index=405
[2026-01-29T23:24:46+08:00][info] 返回:{"status":true,"message":"发送完成，成功1个，失败0个[]","data":{"success":[{"group_id":3780502866,"group_link":"https:\/\/t.me\/+WZlsKfz1W89jYjE0","type":"megagroup","message":"发送成功","message_id":3704}],"failed":[],"debug":["处理标识符: https:\/\/t.me\/+WZlsKfz1W89jYjE0, 清理后: https:\/\/t.me\/+WZlsKfz1W89jYjE0, 识别为链接: True, 识别为数字ID: False"],"warning":""}}
[2026-01-29T23:24:46+08:00][info] 消息ID缓存成功: task_id=29, group_id=https://t.me/+WZlsKfz1W89jYjE0, msg_index=405, message_id=3704
[2026-01-29T23:24:46+08:00][info] 消息状态标记为已发送: task_id=29, group_id=https://t.me/+WZlsKfz1W89jYjE0, msg_index=405
[2026-01-29T23:24:46+08:00][info] 任务 29 将在 85 秒后继续处理下一条消息，索引: 406, 实例ID: task_29_index_406_1769700286.759
[2026-01-29T23:24:55+08:00][info] 开始处理队列任务: task_id=28, current_index=1114
[2026-01-29T23:24:59+08:00][info] 返回:{"status":true,"message":"发送完成，成功1个，失败0个[]","data":{"success":[{"group_id":3657218256,"group_link":"https:\/\/t.me\/+Hg62NsrbOCZmZmY8","type":"megagroup","message":"发送成功","message_id":4427}],"failed":[],"debug":["处理标识符: https:\/\/t.me\/+Hg62NsrbOCZmZmY8, 清理后: https:\/\/t.me\/+Hg62NsrbOCZmZmY8, 识别为链接: True, 识别为数字ID: False"],"warning":""}}
[2026-01-29T23:24:59+08:00][info] 消息ID缓存成功: task_id=28, group_id=https://t.me/+Hg62NsrbOCZmZmY8, msg_index=1114, message_id=4427
[2026-01-29T23:24:59+08:00][info] 消息状态标记为已发送: task_id=28, group_id=https://t.me/+Hg62NsrbOCZmZmY8, msg_index=1114
[2026-01-29T23:24:59+08:00][info] 任务 28 将在 101 秒后继续处理下一条消息，索引: 1115, 实例ID: task_28_index_1115_1769700299.5869
[2026-01-29T23:24:59+08:00][info] 开始处理队列任务: task_id=29, current_index=406
[2026-01-29T23:25:02+08:00][info] 返回:{"status":true,"message":"发送完成，成功1个，失败0个[]","data":{"success":[{"group_id":3780502866,"group_link":"https:\/\/t.me\/+WZlsKfz1W89jYjE0","type":"megagroup","message":"发送成功","message_id":3705}],"failed":[],"debug":["处理标识符: https:\/\/t.me\/+WZlsKfz1W89jYjE0, 清理后: https:\/\/t.me\/+WZlsKfz1W89jYjE0, 识别为链接: True, 识别为数字ID: False"],"warning":""}}
[2026-01-29T23:25:02+08:00][info] 消息ID缓存成功: task_id=29, group_id=https://t.me/+WZlsKfz1W89jYjE0, msg_index=406, message_id=3705
[2026-01-29T23:25:02+08:00][info] 消息状态标记为已发送: task_id=29, group_id=https://t.me/+WZlsKfz1W89jYjE0, msg_index=406
[2026-01-29T23:25:02+08:00][info] 任务 29 将在 89 秒后继续处理下一条消息，索引: 407, 实例ID: task_29_index_407_1769700302.3696
[2026-01-29T23:25:02+08:00][info] 开始处理队列任务: task_id=26, current_index=1413
[2026-01-29T23:25:02+08:00][info] 消息缓存初始化完成: task_id=26, groups=https://t.me/+whdGi5iPfw40ZDMx
[2026-01-29T23:25:02+08:00][info] 任务 26 第 2 次循环，重置群组 https://t.me/+whdGi5iPfw40ZDMx 消息状态
[2026-01-29T23:25:02+08:00][info] 使用feedbackType=1413的消息ID: 15263
[2026-01-29T23:25:05+08:00][info] 返回:{"status":true,"message":"发送完成，成功1个，失败0个[]","data":{"success":[{"group_id":3642748012,"group_link":"https:\/\/t.me\/+whdGi5iPfw40ZDMx","type":"megagroup","message":"发送成功","message_id":15264}],"failed":[],"debug":["处理标识符: https:\/\/t.me\/+whdGi5iPfw40ZDMx, 清理后: https:\/\/t.me\/+whdGi5iPfw40ZDMx, 识别为链接: True, 识别为数字ID: False"],"warning":""}}
[2026-01-29T23:25:05+08:00][info] 消息ID缓存成功: task_id=26, group_id=https://t.me/+whdGi5iPfw40ZDMx, msg_index=1413, message_id=15264
[2026-01-29T23:25:05+08:00][info] 消息状态标记为已发送: task_id=26, group_id=https://t.me/+whdGi5iPfw40ZDMx, msg_index=1413
[2026-01-29T23:25:05+08:00][info] 任务 26 将在 98 秒后继续处理下一条消息，索引: 1414, 实例ID: task_26_index_1414_1769700305.5486
[2026-01-29T23:25:05+08:00][info] 开始处理队列任务: task_id=25, current_index=505
[2026-01-29T23:25:05+08:00][info] 消息缓存初始化完成: task_id=25, groups=https://t.me/+HZFEhfAwKjhmZDZk
[2026-01-29T23:25:05+08:00][info] 任务 25 第 2 次循环，重置群组 https://t.me/+HZFEhfAwKjhmZDZk 消息状态
[2026-01-29T23:25:08+08:00][info] 返回:{"status":true,"message":"发送完成，成功1个，失败0个[]","data":{"success":[{"group_id":3482989339,"group_link":"https:\/\/t.me\/+HZFEhfAwKjhmZDZk","type":"megagroup","message":"发送成功","message_id":12619}],"failed":[],"debug":["处理标识符: https:\/\/t.me\/+HZFEhfAwKjhmZDZk, 清理后: https:\/\/t.me\/+HZFEhfAwKjhmZDZk, 识别为链接: True, 识别为数字ID: False"],"warning":""}}
[2026-01-29T23:25:08+08:00][info] 消息ID缓存成功: task_id=25, group_id=https://t.me/+HZFEhfAwKjhmZDZk, msg_index=505, message_id=12619
[2026-01-29T23:25:08+08:00][info] 消息状态标记为已发送: task_id=25, group_id=https://t.me/+HZFEhfAwKjhmZDZk, msg_index=505
[2026-01-29T23:25:08+08:00][info] 任务 25 将在 98 秒后继续处理下一条消息，索引: 506, 实例ID: task_25_index_506_1769700308.4429
[2026-01-29T23:25:23+08:00][info] 开始处理队列任务: task_id=29, current_index=407
[2026-01-29T23:25:26+08:00][info] 返回:{"status":true,"message":"发送完成，成功1个，失败0个[]","data":{"success":[{"group_id":3780502866,"group_link":"https:\/\/t.me\/+WZlsKfz1W89jYjE0","type":"megagroup","message":"发送成功","message_id":3706}],"failed":[],"debug":["处理标识符: https:\/\/t.me\/+WZlsKfz1W89jYjE0, 清理后: https:\/\/t.me\/+WZlsKfz1W89jYjE0, 识别为链接: True, 识别为数字ID: False"],"warning":""}}
[2026-01-29T23:25:26+08:00][info] 消息ID缓存成功: task_id=29, group_id=https://t.me/+WZlsKfz1W89jYjE0, msg_index=407, message_id=3706
[2026-01-29T23:25:26+08:00][info] 消息状态标记为已发送: task_id=29, group_id=https://t.me/+WZlsKfz1W89jYjE0, msg_index=407
[2026-01-29T23:25:26+08:00][info] 任务 29 将在 92 秒后继续处理下一条消息，索引: 408, 实例ID: task_29_index_408_1769700326.105
[2026-01-29T23:25:26+08:00][info] 开始处理队列任务: task_id=28, current_index=1115
[2026-01-29T23:25:28+08:00][info] 返回:{"status":true,"message":"发送完成，成功1个，失败0个[]","data":{"success":[{"group_id":3657218256,"group_link":"https:\/\/t.me\/+Hg62NsrbOCZmZmY8","type":"megagroup","message":"发送成功","message_id":4428}],"failed":[],"debug":["处理标识符: https:\/\/t.me\/+Hg62NsrbOCZmZmY8, 清理后: https:\/\/t.me\/+Hg62NsrbOCZmZmY8, 识别为链接: True, 识别为数字ID: False"],"warning":""}}
[2026-01-29T23:25:28+08:00][info] 消息ID缓存成功: task_id=28, group_id=https://t.me/+Hg62NsrbOCZmZmY8, msg_index=1115, message_id=4428
[2026-01-29T23:25:28+08:00][info] 消息状态标记为已发送: task_id=28, group_id=https://t.me/+Hg62NsrbOCZmZmY8, msg_index=1115
[2026-01-29T23:25:28+08:00][info] 任务 28 将在 91 秒后继续处理下一条消息，索引: 1116, 实例ID: task_28_index_1116_1769700328.5013
[2026-01-29T23:25:28+08:00][info] 开始处理队列任务: task_id=27, current_index=1426
[2026-01-29T23:25:28+08:00][info] 消息缓存初始化完成: task_id=27, groups=https://t.me/+_XaTo9Qrv0VjOTM0
[2026-01-29T23:25:28+08:00][info] 任务 27 第 2 次循环，重置群组 https://t.me/+_XaTo9Qrv0VjOTM0 消息状态
[2026-01-29T23:25:34+08:00][info] 返回:{"status":true,"message":"发送完成，成功1个，失败0个[]","data":{"success":[{"group_id":3649225144,"group_link":"https:\/\/t.me\/+_XaTo9Qrv0VjOTM0","type":"megagroup","message":"发送成功","message_id":15323}],"failed":[],"debug":["处理标识符: https:\/\/t.me\/+_XaTo9Qrv0VjOTM0, 清理后: https:\/\/t.me\/+_XaTo9Qrv0VjOTM0, 识别为链接: True, 识别为数字ID: False"],"warning":""}}
[2026-01-29T23:25:34+08:00][info] 消息ID缓存成功: task_id=27, group_id=https://t.me/+_XaTo9Qrv0VjOTM0, msg_index=1426, message_id=15323
[2026-01-29T23:25:34+08:00][info] 消息状态标记为已发送: task_id=27, group_id=https://t.me/+_XaTo9Qrv0VjOTM0, msg_index=1426
[2026-01-29T23:25:34+08:00][info] 任务 27 将在 80 秒后继续处理下一条消息，索引: 1427, 实例ID: task_27_index_1427_1769700334.742
[2026-01-29T23:25:55+08:00][info] 开始处理队列任务: task_id=27, current_index=1427
[2026-01-29T23:25:56+08:00][info] 消息缓存初始化完成: task_id=27, groups=https://t.me/+_XaTo9Qrv0VjOTM0
[2026-01-29T23:25:56+08:00][info] 任务 27 第 2 次循环，重置群组 https://t.me/+_XaTo9Qrv0VjOTM0 消息状态
[2026-01-29T23:25:58+08:00][info] 返回:{"status":true,"message":"发送完成，成功1个，失败0个[]","data":{"success":[{"group_id":3649225144,"group_link":"https:\/\/t.me\/+_XaTo9Qrv0VjOTM0","type":"megagroup","message":"发送成功","message_id":15324}],"failed":[],"debug":["处理标识符: https:\/\/t.me\/+_XaTo9Qrv0VjOTM0, 清理后: https:\/\/t.me\/+_XaTo9Qrv0VjOTM0, 识别为链接: True, 识别为数字ID: False"],"warning":""}}
[2026-01-29T23:25:58+08:00][info] 消息ID缓存成功: task_id=27, group_id=https://t.me/+_XaTo9Qrv0VjOTM0, msg_index=1427, message_id=15324
[2026-01-29T23:25:58+08:00][info] 消息状态标记为已发送: task_id=27, group_id=https://t.me/+_XaTo9Qrv0VjOTM0, msg_index=1427
[2026-01-29T23:25:58+08:00][info] 任务 27 将在 90 秒后继续处理下一条消息，索引: 1428, 实例ID: task_27_index_1428_1769700358.8973
[2026-01-29T23:26:13+08:00][info] 开始处理队列任务: task_id=29, current_index=408
[2026-01-29T23:26:16+08:00][info] 返回:{"status":true,"message":"发送完成，成功1个，失败0个[]","data":{"success":[{"group_id":3780502866,"group_link":"https:\/\/t.me\/+WZlsKfz1W89jYjE0","type":"megagroup","message":"发送成功","message_id":3707}],"failed":[],"debug":["处理标识符: https:\/\/t.me\/+WZlsKfz1W89jYjE0, 清理后: https:\/\/t.me\/+WZlsKfz1W89jYjE0, 识别为链接: True, 识别为数字ID: False"],"warning":""}}
[2026-01-29T23:26:16+08:00][info] 消息ID缓存成功: task_id=29, group_id=https://t.me/+WZlsKfz1W89jYjE0, msg_index=408, message_id=3707
[2026-01-29T23:26:16+08:00][info] 消息状态标记为已发送: task_id=29, group_id=https://t.me/+WZlsKfz1W89jYjE0, msg_index=408
[2026-01-29T23:26:16+08:00][info] 任务 29 将在 93 秒后继续处理下一条消息，索引: 409, 实例ID: task_29_index_409_1769700376.4989
[2026-01-29T23:26:31+08:00][info] 开始处理队列任务: task_id=29, current_index=409
[2026-01-29T23:26:34+08:00][info] 返回:{"status":true,"message":"发送完成，成功1个，失败0个[]","data":{"success":[{"group_id":3780502866,"group_link":"https:\/\/t.me\/+WZlsKfz1W89jYjE0","type":"megagroup","message":"发送成功","message_id":3708}],"failed":[],"debug":["处理标识符: https:\/\/t.me\/+WZlsKfz1W89jYjE0, 清理后: https:\/\/t.me\/+WZlsKfz1W89jYjE0, 识别为链接: True, 识别为数字ID: False"],"warning":""}}
[2026-01-29T23:26:34+08:00][info] 消息ID缓存成功: task_id=29, group_id=https://t.me/+WZlsKfz1W89jYjE0, msg_index=409, message_id=3708
[2026-01-29T23:26:34+08:00][info] 消息状态标记为已发送: task_id=29, group_id=https://t.me/+WZlsKfz1W89jYjE0, msg_index=409
[2026-01-29T23:26:34+08:00][info] 任务 29 将在 95 秒后继续处理下一条消息，索引: 410, 实例ID: task_29_index_410_1769700394.5141
[2026-01-29T23:26:40+08:00][info] 开始处理队列任务: task_id=28, current_index=1116
[2026-01-29T23:26:45+08:00][info] 返回:{"status":true,"message":"发送完成，成功1个，失败0个[]","data":{"success":[{"group_id":3657218256,"group_link":"https:\/\/t.me\/+Hg62NsrbOCZmZmY8","type":"megagroup","message":"发送成功","message_id":4430}],"failed":[],"debug":["处理标识符: https:\/\/t.me\/+Hg62NsrbOCZmZmY8, 清理后: https:\/\/t.me\/+Hg62NsrbOCZmZmY8, 识别为链接: True, 识别为数字ID: False"],"warning":""}}
[2026-01-29T23:26:45+08:00][info] 消息ID缓存成功: task_id=28, group_id=https://t.me/+Hg62NsrbOCZmZmY8, msg_index=1116, message_id=4430
[2026-01-29T23:26:45+08:00][info] 消息状态标记为已发送: task_id=28, group_id=https://t.me/+Hg62NsrbOCZmZmY8, msg_index=1116
[2026-01-29T23:26:45+08:00][info] 任务 28 将在 109 秒后继续处理下一条消息，索引: 1117, 实例ID: task_28_index_1117_1769700405.4076
[2026-01-29T23:26:45+08:00][info] 开始处理队列任务: task_id=26, current_index=1414
[2026-01-29T23:26:45+08:00][info] 消息缓存初始化完成: task_id=26, groups=https://t.me/+whdGi5iPfw40ZDMx
[2026-01-29T23:26:45+08:00][info] 任务 26 第 2 次循环，重置群组 https://t.me/+whdGi5iPfw40ZDMx 消息状态
[2026-01-29T23:26:48+08:00][info] 返回:{"status":true,"message":"发送完成，成功1个，失败0个[]","data":{"success":[{"group_id":3642748012,"group_link":"https:\/\/t.me\/+whdGi5iPfw40ZDMx","type":"megagroup","message":"发送成功","message_id":15265}],"failed":[],"debug":["处理标识符: https:\/\/t.me\/+whdGi5iPfw40ZDMx, 清理后: https:\/\/t.me\/+whdGi5iPfw40ZDMx, 识别为链接: True, 识别为数字ID: False"],"warning":""}}
[2026-01-29T23:26:48+08:00][info] 消息ID缓存成功: task_id=26, group_id=https://t.me/+whdGi5iPfw40ZDMx, msg_index=1414, message_id=15265
[2026-01-29T23:26:48+08:00][info] 消息状态标记为已发送: task_id=26, group_id=https://t.me/+whdGi5iPfw40ZDMx, msg_index=1414
[2026-01-29T23:26:48+08:00][info] 任务 26 将在 100 秒后继续处理下一条消息，索引: 1415, 实例ID: task_26_index_1415_1769700408.1471
[2026-01-29T23:26:48+08:00][info] 开始处理队列任务: task_id=25, current_index=506
[2026-01-29T23:26:48+08:00][info] 消息缓存初始化完成: task_id=25, groups=https://t.me/+HZFEhfAwKjhmZDZk
[2026-01-29T23:26:48+08:00][info] 任务 25 第 2 次循环，重置群组 https://t.me/+HZFEhfAwKjhmZDZk 消息状态
[2026-01-29T23:26:50+08:00][info] 返回:{"status":true,"message":"发送完成，成功1个，失败0个[]","data":{"success":[{"group_id":3482989339,"group_link":"https:\/\/t.me\/+HZFEhfAwKjhmZDZk","type":"megagroup","message":"发送成功","message_id":12620}],"failed":[],"debug":["处理标识符: https:\/\/t.me\/+HZFEhfAwKjhmZDZk, 清理后: https:\/\/t.me\/+HZFEhfAwKjhmZDZk, 识别为链接: True, 识别为数字ID: False"],"warning":""}}
[2026-01-29T23:26:51+08:00][info] 消息ID缓存成功: task_id=25, group_id=https://t.me/+HZFEhfAwKjhmZDZk, msg_index=506, message_id=12620
[2026-01-29T23:26:51+08:00][info] 消息状态标记为已发送: task_id=25, group_id=https://t.me/+HZFEhfAwKjhmZDZk, msg_index=506
[2026-01-29T23:26:51+08:00][info] 任务 25 将在 100 秒后继续处理下一条消息，索引: 507, 实例ID: task_25_index_507_1769700411.0235
[2026-01-29T23:26:54+08:00][info] 开始处理队列任务: task_id=27, current_index=1428
[2026-01-29T23:26:54+08:00][info] 消息缓存初始化完成: task_id=27, groups=https://t.me/+_XaTo9Qrv0VjOTM0
[2026-01-29T23:26:54+08:00][info] 任务 27 第 2 次循环，重置群组 https://t.me/+_XaTo9Qrv0VjOTM0 消息状态
[2026-01-29T23:26:56+08:00][info] 返回:{"status":true,"message":"发送完成，成功1个，失败0个[]","data":{"success":[{"group_id":3649225144,"group_link":"https:\/\/t.me\/+_XaTo9Qrv0VjOTM0","type":"megagroup","message":"发送成功","message_id":15325}],"failed":[],"debug":["处理标识符: https:\/\/t.me\/+_XaTo9Qrv0VjOTM0, 清理后: https:\/\/t.me\/+_XaTo9Qrv0VjOTM0, 识别为链接: True, 识别为数字ID: False"],"warning":""}}
[2026-01-29T23:26:56+08:00][info] 消息ID缓存成功: task_id=27, group_id=https://t.me/+_XaTo9Qrv0VjOTM0, msg_index=1428, message_id=15325
[2026-01-29T23:26:56+08:00][info] 消息状态标记为已发送: task_id=27, group_id=https://t.me/+_XaTo9Qrv0VjOTM0, msg_index=1428
[2026-01-29T23:26:56+08:00][info] 任务 27 将在 108 秒后继续处理下一条消息，索引: 1429, 实例ID: task_27_index_1429_1769700416.8073
[2026-01-29T23:26:59+08:00][info] 开始处理队列任务: task_id=29, current_index=410
[2026-01-29T23:27:02+08:00][info] 返回:{"status":true,"message":"发送完成，成功1个，失败0个[]","data":{"success":[{"group_id":3780502866,"group_link":"https:\/\/t.me\/+WZlsKfz1W89jYjE0","type":"megagroup","message":"发送成功","message_id":3709}],"failed":[],"debug":["处理标识符: https:\/\/t.me\/+WZlsKfz1W89jYjE0, 清理后: https:\/\/t.me\/+WZlsKfz1W89jYjE0, 识别为链接: True, 识别为数字ID: False"],"warning":""}}
[2026-01-29T23:27:02+08:00][info] 消息ID缓存成功: task_id=29, group_id=https://t.me/+WZlsKfz1W89jYjE0, msg_index=410, message_id=3709
[2026-01-29T23:27:02+08:00][info] 消息状态标记为已发送: task_id=29, group_id=https://t.me/+WZlsKfz1W89jYjE0, msg_index=410
[2026-01-29T23:27:02+08:00][info] 任务 29 将在 100 秒后继续处理下一条消息，索引: 411, 实例ID: task_29_index_411_1769700422.6584
[2026-01-29T23:27:02+08:00][info] 开始处理队列任务: task_id=28, current_index=1117
[2026-01-29T23:27:07+08:00][info] 返回:{"status":true,"message":"发送完成，成功1个，失败0个[]","data":{"success":[{"group_id":3657218256,"group_link":"https:\/\/t.me\/+Hg62NsrbOCZmZmY8","type":"megagroup","message":"发送成功","message_id":4431}],"failed":[],"debug":["处理标识符: https:\/\/t.me\/+Hg62NsrbOCZmZmY8, 清理后: https:\/\/t.me\/+Hg62NsrbOCZmZmY8, 识别为链接: True, 识别为数字ID: False"],"warning":""}}
[2026-01-29T23:27:07+08:00][info] 消息ID缓存成功: task_id=28, group_id=https://t.me/+Hg62NsrbOCZmZmY8, msg_index=1117, message_id=4431
[2026-01-29T23:27:07+08:00][info] 消息状态标记为已发送: task_id=28, group_id=https://t.me/+Hg62NsrbOCZmZmY8, msg_index=1117
[2026-01-29T23:27:07+08:00][info] 任务 28 将在 80 秒后继续处理下一条消息，索引: 1118, 实例ID: task_28_index_1118_1769700427.3517
[2026-01-29T23:27:28+08:00][info] 开始处理队列任务: task_id=27, current_index=1429
[2026-01-29T23:27:28+08:00][info] 消息缓存初始化完成: task_id=27, groups=https://t.me/+_XaTo9Qrv0VjOTM0
[2026-01-29T23:27:28+08:00][info] 任务 27 第 2 次循环，重置群组 https://t.me/+_XaTo9Qrv0VjOTM0 消息状态
[2026-01-29T23:27:31+08:00][info] 返回:{"status":true,"message":"发送完成，成功1个，失败0个[]","data":{"success":[{"group_id":3649225144,"group_link":"https:\/\/t.me\/+_XaTo9Qrv0VjOTM0","type":"megagroup","message":"发送成功","message_id":15326}],"failed":[],"debug":["处理标识符: https:\/\/t.me\/+_XaTo9Qrv0VjOTM0, 清理后: https:\/\/t.me\/+_XaTo9Qrv0VjOTM0, 识别为链接: True, 识别为数字ID: False"],"warning":""}}
[2026-01-29T23:27:31+08:00][info] 消息ID缓存成功: task_id=27, group_id=https://t.me/+_XaTo9Qrv0VjOTM0, msg_index=1429, message_id=15326
[2026-01-29T23:27:31+08:00][info] 消息状态标记为已发送: task_id=27, group_id=https://t.me/+_XaTo9Qrv0VjOTM0, msg_index=1429
[2026-01-29T23:27:31+08:00][info] 任务 27 将在 76 秒后继续处理下一条消息，索引: 1430, 实例ID: task_27_index_1430_1769700451.4373
[2026-01-29T23:27:49+08:00][info] 开始处理队列任务: task_id=29, current_index=411
[2026-01-29T23:27:52+08:00][info] 返回:{"status":true,"message":"发送完成，成功1个，失败0个[]","data":{"success":[{"group_id":3780502866,"group_link":"https:\/\/t.me\/+WZlsKfz1W89jYjE0","type":"megagroup","message":"发送成功","message_id":3710}],"failed":[],"debug":["处理标识符: https:\/\/t.me\/+WZlsKfz1W89jYjE0, 清理后: https:\/\/t.me\/+WZlsKfz1W89jYjE0, 识别为链接: True, 识别为数字ID: False"],"warning":""}}
[2026-01-29T23:27:52+08:00][info] 消息ID缓存成功: task_id=29, group_id=https://t.me/+WZlsKfz1W89jYjE0, msg_index=411, message_id=3710
[2026-01-29T23:27:52+08:00][info] 消息状态标记为已发送: task_id=29, group_id=https://t.me/+WZlsKfz1W89jYjE0, msg_index=411
[2026-01-29T23:27:52+08:00][info] 任务 29 将在 85 秒后继续处理下一条消息，索引: 412, 实例ID: task_29_index_412_1769700472.0898
[2026-01-29T23:28:10+08:00][info] 开始处理队列任务: task_id=29, current_index=412
[2026-01-29T23:28:10+08:00][info] 使用feedbackType=412的消息ID: 3710
[2026-01-29T23:28:13+08:00][info] 返回:{"status":true,"message":"发送完成，成功1个，失败0个[]","data":{"success":[{"group_id":3780502866,"group_link":"https:\/\/t.me\/+WZlsKfz1W89jYjE0","type":"megagroup","message":"发送成功","message_id":3711}],"failed":[],"debug":["处理标识符: https:\/\/t.me\/+WZlsKfz1W89jYjE0, 清理后: https:\/\/t.me\/+WZlsKfz1W89jYjE0, 识别为链接: True, 识别为数字ID: False"],"warning":""}}
[2026-01-29T23:28:13+08:00][info] 消息ID缓存成功: task_id=29, group_id=https://t.me/+WZlsKfz1W89jYjE0, msg_index=412, message_id=3711
[2026-01-29T23:28:13+08:00][info] 消息状态标记为已发送: task_id=29, group_id=https://t.me/+WZlsKfz1W89jYjE0, msg_index=412
[2026-01-29T23:28:13+08:00][info] 任务 29 将在 89 秒后继续处理下一条消息，索引: 413, 实例ID: task_29_index_413_1769700493.2755
[2026-01-29T23:28:28+08:00][info] 开始处理队列任务: task_id=28, current_index=1118
[2026-01-29T23:28:31+08:00][info] 返回:{"status":true,"message":"发送完成，成功1个，失败0个[]","data":{"success":[{"group_id":3657218256,"group_link":"https:\/\/t.me\/+Hg62NsrbOCZmZmY8","type":"megagroup","message":"发送成功","message_id":4432}],"failed":[],"debug":["处理标识符: https:\/\/t.me\/+Hg62NsrbOCZmZmY8, 清理后: https:\/\/t.me\/+Hg62NsrbOCZmZmY8, 识别为链接: True, 识别为数字ID: False"],"warning":""}}
[2026-01-29T23:28:31+08:00][info] 消息ID缓存成功: task_id=28, group_id=https://t.me/+Hg62NsrbOCZmZmY8, msg_index=1118, message_id=4432
[2026-01-29T23:28:31+08:00][info] 消息状态标记为已发送: task_id=28, group_id=https://t.me/+Hg62NsrbOCZmZmY8, msg_index=1118
[2026-01-29T23:28:31+08:00][info] 任务 28 将在 99 秒后继续处理下一条消息，索引: 1119, 实例ID: task_28_index_1119_1769700511.2262
[2026-01-29T23:28:31+08:00][info] 开始处理队列任务: task_id=26, current_index=1415
[2026-01-29T23:28:31+08:00][info] 消息缓存初始化完成: task_id=26, groups=https://t.me/+whdGi5iPfw40ZDMx
[2026-01-29T23:28:31+08:00][info] 任务 26 第 2 次循环，重置群组 https://t.me/+whdGi5iPfw40ZDMx 消息状态
[2026-01-29T23:28:33+08:00][info] 返回:{"status":true,"message":"发送完成，成功1个，失败0个[]","data":{"success":[{"group_id":3642748012,"group_link":"https:\/\/t.me\/+whdGi5iPfw40ZDMx","type":"megagroup","message":"发送成功","message_id":15266}],"failed":[],"debug":["处理标识符: https:\/\/t.me\/+whdGi5iPfw40ZDMx, 清理后: https:\/\/t.me\/+whdGi5iPfw40ZDMx, 识别为链接: True, 识别为数字ID: False"],"warning":""}}
[2026-01-29T23:28:33+08:00][info] 消息ID缓存成功: task_id=26, group_id=https://t.me/+whdGi5iPfw40ZDMx, msg_index=1415, message_id=15266
[2026-01-29T23:28:33+08:00][info] 消息状态标记为已发送: task_id=26, group_id=https://t.me/+whdGi5iPfw40ZDMx, msg_index=1415
[2026-01-29T23:28:33+08:00][info] 任务 26 将在 110 秒后继续处理下一条消息，索引: 1416, 实例ID: task_26_index_1416_1769700513.8493
[2026-01-29T23:28:33+08:00][info] 开始处理队列任务: task_id=25, current_index=507
[2026-01-29T23:28:34+08:00][info] 消息缓存初始化完成: task_id=25, groups=https://t.me/+HZFEhfAwKjhmZDZk
[2026-01-29T23:28:34+08:00][info] 任务 25 第 2 次循环，重置群组 https://t.me/+HZFEhfAwKjhmZDZk 消息状态
[2026-01-29T23:28:34+08:00][info] 使用feedbackType=506的消息ID: 12619
[2026-01-29T23:28:37+08:00][info] 返回:{"status":true,"message":"发送完成，成功1个，失败0个[]","data":{"success":[{"group_id":3482989339,"group_link":"https:\/\/t.me\/+HZFEhfAwKjhmZDZk","type":"megagroup","message":"发送成功","message_id":12621}],"failed":[],"debug":["处理标识符: https:\/\/t.me\/+HZFEhfAwKjhmZDZk, 清理后: https:\/\/t.me\/+HZFEhfAwKjhmZDZk, 识别为链接: True, 识别为数字ID: False"],"warning":""}}
[2026-01-29T23:28:37+08:00][info] 消息ID缓存成功: task_id=25, group_id=https://t.me/+HZFEhfAwKjhmZDZk, msg_index=507, message_id=12621
[2026-01-29T23:28:37+08:00][info] 消息状态标记为已发送: task_id=25, group_id=https://t.me/+HZFEhfAwKjhmZDZk, msg_index=507
[2026-01-29T23:28:37+08:00][info] 任务 25 将在 109 秒后继续处理下一条消息，索引: 508, 实例ID: task_25_index_508_1769700517.1523
[2026-01-29T23:28:37+08:00][info] 开始处理队列任务: task_id=28, current_index=1119
[2026-01-29T23:28:39+08:00][info] 返回:{"status":true,"message":"发送完成，成功1个，失败0个[]","data":{"success":[{"group_id":3657218256,"group_link":"https:\/\/t.me\/+Hg62NsrbOCZmZmY8","type":"megagroup","message":"发送成功","message_id":4433}],"failed":[],"debug":["处理标识符: https:\/\/t.me\/+Hg62NsrbOCZmZmY8, 清理后: https:\/\/t.me\/+Hg62NsrbOCZmZmY8, 识别为链接: True, 识别为数字ID: False"],"warning":""}}
[2026-01-29T23:28:39+08:00][info] 消息ID缓存成功: task_id=28, group_id=https://t.me/+Hg62NsrbOCZmZmY8, msg_index=1119, message_id=4433
[2026-01-29T23:28:39+08:00][info] 消息状态标记为已发送: task_id=28, group_id=https://t.me/+Hg62NsrbOCZmZmY8, msg_index=1119
[2026-01-29T23:28:39+08:00][info] 任务 28 将在 85 秒后继续处理下一条消息，索引: 1120, 实例ID: task_28_index_1120_1769700519.7483
[2026-01-29T23:28:42+08:00][info] 开始处理队列任务: task_id=29, current_index=413
[2026-01-29T23:28:45+08:00][info] 返回:{"status":true,"message":"发送完成，成功1个，失败0个[]","data":{"success":[{"group_id":3780502866,"group_link":"https:\/\/t.me\/+WZlsKfz1W89jYjE0","type":"megagroup","message":"发送成功","message_id":3712}],"failed":[],"debug":["处理标识符: https:\/\/t.me\/+WZlsKfz1W89jYjE0, 清理后: https:\/\/t.me\/+WZlsKfz1W89jYjE0, 识别为链接: True, 识别为数字ID: False"],"warning":""}}
[2026-01-29T23:28:45+08:00][info] 消息ID缓存成功: task_id=29, group_id=https://t.me/+WZlsKfz1W89jYjE0, msg_index=413, message_id=3712
[2026-01-29T23:28:45+08:00][info] 消息状态标记为已发送: task_id=29, group_id=https://t.me/+WZlsKfz1W89jYjE0, msg_index=413
[2026-01-29T23:28:45+08:00][info] 任务 29 将在 92 秒后继续处理下一条消息，索引: 414, 实例ID: task_29_index_414_1769700525.3013
[2026-01-29T23:28:45+08:00][info] 开始处理队列任务: task_id=27, current_index=1430
[2026-01-29T23:28:45+08:00][info] 消息缓存初始化完成: task_id=27, groups=https://t.me/+_XaTo9Qrv0VjOTM0
[2026-01-29T23:28:45+08:00][info] 任务 27 第 2 次循环，重置群组 https://t.me/+_XaTo9Qrv0VjOTM0 消息状态
[2026-01-29T23:28:48+08:00][info] 返回:{"status":true,"message":"发送完成，成功1个，失败0个[]","data":{"success":[{"group_id":3649225144,"group_link":"https:\/\/t.me\/+_XaTo9Qrv0VjOTM0","type":"megagroup","message":"发送成功","message_id":15327}],"failed":[],"debug":["处理标识符: https:\/\/t.me\/+_XaTo9Qrv0VjOTM0, 清理后: https:\/\/t.me\/+_XaTo9Qrv0VjOTM0, 识别为链接: True, 识别为数字ID: False"],"warning":""}}
[2026-01-29T23:28:48+08:00][info] 消息ID缓存成功: task_id=27, group_id=https://t.me/+_XaTo9Qrv0VjOTM0, msg_index=1430, message_id=15327
[2026-01-29T23:28:48+08:00][info] 消息状态标记为已发送: task_id=27, group_id=https://t.me/+_XaTo9Qrv0VjOTM0, msg_index=1430
[2026-01-29T23:28:48+08:00][info] 任务 27 将在 121 秒后继续处理下一条消息，索引: 1431, 实例ID: task_27_index_1431_1769700528.1258
[2026-01-29T23:28:48+08:00][info] 开始处理队列任务: task_id=27, current_index=1431
[2026-01-29T23:28:48+08:00][info] 消息缓存初始化完成: task_id=27, groups=https://t.me/+_XaTo9Qrv0VjOTM0
[2026-01-29T23:28:48+08:00][info] 任务 27 第 2 次循环，重置群组 https://t.me/+_XaTo9Qrv0VjOTM0 消息状态
[2026-01-29T23:28:51+08:00][info] 返回:{"status":true,"message":"发送完成，成功1个，失败0个[]","data":{"success":[{"group_id":3649225144,"group_link":"https:\/\/t.me\/+_XaTo9Qrv0VjOTM0","type":"megagroup","message":"发送成功","message_id":15328}],"failed":[],"debug":["处理标识符: https:\/\/t.me\/+_XaTo9Qrv0VjOTM0, 清理后: https:\/\/t.me\/+_XaTo9Qrv0VjOTM0, 识别为链接: True, 识别为数字ID: False"],"warning":""}}
[2026-01-29T23:28:51+08:00][info] 消息ID缓存成功: task_id=27, group_id=https://t.me/+_XaTo9Qrv0VjOTM0, msg_index=1431, message_id=15328
[2026-01-29T23:28:51+08:00][info] 消息状态标记为已发送: task_id=27, group_id=https://t.me/+_XaTo9Qrv0VjOTM0, msg_index=1431
[2026-01-29T23:28:51+08:00][info] 任务 27 将在 90 秒后继续处理下一条消息，索引: 1432, 实例ID: task_27_index_1432_1769700531.0398
[2026-01-29T23:29:18+08:00][info] 开始处理队列任务: task_id=29, current_index=414
[2026-01-29T23:29:20+08:00][info] 返回:{"status":true,"message":"发送完成，成功1个，失败0个[]","data":{"success":[{"group_id":3780502866,"group_link":"https:\/\/t.me\/+WZlsKfz1W89jYjE0","type":"megagroup","message":"发送成功","message_id":3713}],"failed":[],"debug":["处理标识符: https:\/\/t.me\/+WZlsKfz1W89jYjE0, 清理后: https:\/\/t.me\/+WZlsKfz1W89jYjE0, 识别为链接: True, 识别为数字ID: False"],"warning":""}}
[2026-01-29T23:29:20+08:00][info] 消息ID缓存成功: task_id=29, group_id=https://t.me/+WZlsKfz1W89jYjE0, msg_index=414, message_id=3713
[2026-01-29T23:29:20+08:00][info] 消息状态标记为已发送: task_id=29, group_id=https://t.me/+WZlsKfz1W89jYjE0, msg_index=414
[2026-01-29T23:29:20+08:00][info] 任务 29 将在 90 秒后继续处理下一条消息，索引: 415, 实例ID: task_29_index_415_1769700560.7562
[2026-01-29T23:29:44+08:00][info] 开始处理队列任务: task_id=29, current_index=415
[2026-01-29T23:29:47+08:00][info] 返回:{"status":true,"message":"发送完成，成功1个，失败0个[]","data":{"success":[{"group_id":3780502866,"group_link":"https:\/\/t.me\/+WZlsKfz1W89jYjE0","type":"megagroup","message":"发送成功","message_id":3714}],"failed":[],"debug":["处理标识符: https:\/\/t.me\/+WZlsKfz1W89jYjE0, 清理后: https:\/\/t.me\/+WZlsKfz1W89jYjE0, 识别为链接: True, 识别为数字ID: False"],"warning":""}}
[2026-01-29T23:29:47+08:00][info] 消息ID缓存成功: task_id=29, group_id=https://t.me/+WZlsKfz1W89jYjE0, msg_index=415, message_id=3714
[2026-01-29T23:29:47+08:00][info] 消息状态标记为已发送: task_id=29, group_id=https://t.me/+WZlsKfz1W89jYjE0, msg_index=415
[2026-01-29T23:29:47+08:00][info] 任务 29 将在 96 秒后继续处理下一条消息，索引: 416, 实例ID: task_29_index_416_1769700587.3951
[2026-01-29T23:30:05+08:00][info] 开始处理队列任务: task_id=28, current_index=1120
[2026-01-29T23:30:08+08:00][info] 返回:{"status":true,"message":"发送完成，成功1个，失败0个[]","data":{"success":[{"group_id":3657218256,"group_link":"https:\/\/t.me\/+Hg62NsrbOCZmZmY8","type":"megagroup","message":"发送成功","message_id":4434}],"failed":[],"debug":["处理标识符: https:\/\/t.me\/+Hg62NsrbOCZmZmY8, 清理后: https:\/\/t.me\/+Hg62NsrbOCZmZmY8, 识别为链接: True, 识别为数字ID: False"],"warning":""}}
[2026-01-29T23:30:08+08:00][info] 消息ID缓存成功: task_id=28, group_id=https://t.me/+Hg62NsrbOCZmZmY8, msg_index=1120, message_id=4434
[2026-01-29T23:30:08+08:00][info] 消息状态标记为已发送: task_id=28, group_id=https://t.me/+Hg62NsrbOCZmZmY8, msg_index=1120
[2026-01-29T23:30:08+08:00][info] 任务 28 将在 98 秒后继续处理下一条消息，索引: 1121, 实例ID: task_28_index_1121_1769700608.0538
[2026-01-29T23:30:11+08:00][info] 开始处理队列任务: task_id=28, current_index=1121
[2026-01-29T23:30:13+08:00][info] 返回:{"status":true,"message":"发送完成，成功1个，失败0个[]","data":{"success":[{"group_id":3657218256,"group_link":"https:\/\/t.me\/+Hg62NsrbOCZmZmY8","type":"megagroup","message":"发送成功","message_id":4435}],"failed":[],"debug":["处理标识符: https:\/\/t.me\/+Hg62NsrbOCZmZmY8, 清理后: https:\/\/t.me\/+Hg62NsrbOCZmZmY8, 识别为链接: True, 识别为数字ID: False"],"warning":""}}
[2026-01-29T23:30:13+08:00][info] 消息ID缓存成功: task_id=28, group_id=https://t.me/+Hg62NsrbOCZmZmY8, msg_index=1121, message_id=4435
[2026-01-29T23:30:13+08:00][info] 消息状态标记为已发送: task_id=28, group_id=https://t.me/+Hg62NsrbOCZmZmY8, msg_index=1121
[2026-01-29T23:30:13+08:00][info] 任务 28 将在 100 秒后继续处理下一条消息，索引: 1122, 实例ID: task_28_index_1122_1769700613.7959
[2026-01-29T23:30:19+08:00][info] 开始处理队列任务: task_id=29, current_index=416
[2026-01-29T23:30:19+08:00][info] 使用feedbackType=413的消息ID: 3711
[2026-01-29T23:30:23+08:00][info] 返回:{"status":true,"message":"发送完成，成功1个，失败0个[]","data":{"success":[{"group_id":3780502866,"group_link":"https:\/\/t.me\/+WZlsKfz1W89jYjE0","type":"megagroup","message":"发送成功","message_id":3715}],"failed":[],"debug":["处理标识符: https:\/\/t.me\/+WZlsKfz1W89jYjE0, 清理后: https:\/\/t.me\/+WZlsKfz1W89jYjE0, 识别为链接: True, 识别为数字ID: False"],"warning":""}}
[2026-01-29T23:30:23+08:00][info] 消息ID缓存成功: task_id=29, group_id=https://t.me/+WZlsKfz1W89jYjE0, msg_index=416, message_id=3715
[2026-01-29T23:30:23+08:00][info] 消息状态标记为已发送: task_id=29, group_id=https://t.me/+WZlsKfz1W89jYjE0, msg_index=416
[2026-01-29T23:30:23+08:00][info] 任务 29 将在 65 秒后继续处理下一条消息，索引: 417, 实例ID: task_29_index_417_1769700623.0461
[2026-01-29T23:30:23+08:00][info] 开始处理队列任务: task_id=27, current_index=1432
[2026-01-29T23:30:23+08:00][info] 消息缓存初始化完成: task_id=27, groups=https://t.me/+_XaTo9Qrv0VjOTM0
[2026-01-29T23:30:23+08:00][info] 任务 27 第 2 次循环，重置群组 https://t.me/+_XaTo9Qrv0VjOTM0 消息状态
[2026-01-29T23:30:23+08:00][info] 使用feedbackType=1431的消息ID: 15327
[2026-01-29T23:30:26+08:00][info] 返回:{"status":true,"message":"发送完成，成功1个，失败0个[]","data":{"success":[{"group_id":3649225144,"group_link":"https:\/\/t.me\/+_XaTo9Qrv0VjOTM0","type":"megagroup","message":"发送成功","message_id":15329}],"failed":[],"debug":["处理标识符: https:\/\/t.me\/+_XaTo9Qrv0VjOTM0, 清理后: https:\/\/t.me\/+_XaTo9Qrv0VjOTM0, 识别为链接: True, 识别为数字ID: False"],"warning":""}}
[2026-01-29T23:30:26+08:00][info] 消息ID缓存成功: task_id=27, group_id=https://t.me/+_XaTo9Qrv0VjOTM0, msg_index=1432, message_id=15329
[2026-01-29T23:30:26+08:00][info] 消息状态标记为已发送: task_id=27, group_id=https://t.me/+_XaTo9Qrv0VjOTM0, msg_index=1432
[2026-01-29T23:30:26+08:00][info] 任务 27 将在 80 秒后继续处理下一条消息，索引: 1433, 实例ID: task_27_index_1433_1769700626.4738
[2026-01-29T23:30:26+08:00][info] 开始处理队列任务: task_id=26, current_index=1416
[2026-01-29T23:30:26+08:00][info] 消息缓存初始化完成: task_id=26, groups=https://t.me/+whdGi5iPfw40ZDMx
[2026-01-29T23:30:26+08:00][info] 任务 26 第 2 次循环，重置群组 https://t.me/+whdGi5iPfw40ZDMx 消息状态
[2026-01-29T23:30:29+08:00][info] 返回:{"status":true,"message":"发送完成，成功1个，失败0个[]","data":{"success":[{"group_id":3642748012,"group_link":"https:\/\/t.me\/+whdGi5iPfw40ZDMx","type":"megagroup","message":"发送成功","message_id":15267}],"failed":[],"debug":["处理标识符: https:\/\/t.me\/+whdGi5iPfw40ZDMx, 清理后: https:\/\/t.me\/+whdGi5iPfw40ZDMx, 识别为链接: True, 识别为数字ID: False"],"warning":""}}
[2026-01-29T23:30:29+08:00][info] 消息ID缓存成功: task_id=26, group_id=https://t.me/+whdGi5iPfw40ZDMx, msg_index=1416, message_id=15267
[2026-01-29T23:30:29+08:00][info] 消息状态标记为已发送: task_id=26, group_id=https://t.me/+whdGi5iPfw40ZDMx, msg_index=1416
[2026-01-29T23:30:29+08:00][info] 任务 26 将在 76 秒后继续处理下一条消息，索引: 1417, 实例ID: task_26_index_1417_1769700629.2792
[2026-01-29T23:30:29+08:00][info] 开始处理队列任务: task_id=25, current_index=508
[2026-01-29T23:30:29+08:00][info] 消息缓存初始化完成: task_id=25, groups=https://t.me/+HZFEhfAwKjhmZDZk
[2026-01-29T23:30:29+08:00][info] 任务 25 第 2 次循环，重置群组 https://t.me/+HZFEhfAwKjhmZDZk 消息状态
[2026-01-29T23:30:34+08:00][info] 返回:{"status":true,"message":"发送完成，成功1个，失败0个[]","data":{"success":[{"group_id":3482989339,"group_link":"https:\/\/t.me\/+HZFEhfAwKjhmZDZk","type":"megagroup","message":"发送成功","message_id":12622}],"failed":[],"debug":["处理标识符: https:\/\/t.me\/+HZFEhfAwKjhmZDZk, 清理后: https:\/\/t.me\/+HZFEhfAwKjhmZDZk, 识别为链接: True, 识别为数字ID: False"],"warning":""}}
[2026-01-29T23:30:34+08:00][info] 消息ID缓存成功: task_id=25, group_id=https://t.me/+HZFEhfAwKjhmZDZk, msg_index=508, message_id=12622
[2026-01-29T23:30:34+08:00][info] 消息状态标记为已发送: task_id=25, group_id=https://t.me/+HZFEhfAwKjhmZDZk, msg_index=508
[2026-01-29T23:30:34+08:00][info] 任务 25 将在 116 秒后继续处理下一条消息，索引: 509, 实例ID: task_25_index_509_1769700634.4575
[2026-01-29T23:30:49+08:00][info] 开始处理队列任务: task_id=27, current_index=1433
[2026-01-29T23:30:49+08:00][info] 消息缓存初始化完成: task_id=27, groups=https://t.me/+_XaTo9Qrv0VjOTM0
[2026-01-29T23:30:49+08:00][info] 任务 27 第 2 次循环，重置群组 https://t.me/+_XaTo9Qrv0VjOTM0 消息状态
[2026-01-29T23:30:52+08:00][info] 返回:{"status":true,"message":"发送完成，成功1个，失败0个[]","data":{"success":[{"group_id":3649225144,"group_link":"https:\/\/t.me\/+_XaTo9Qrv0VjOTM0","type":"megagroup","message":"发送成功","message_id":15330}],"failed":[],"debug":["处理标识符: https:\/\/t.me\/+_XaTo9Qrv0VjOTM0, 清理后: https:\/\/t.me\/+_XaTo9Qrv0VjOTM0, 识别为链接: True, 识别为数字ID: False"],"warning":""}}
[2026-01-29T23:30:52+08:00][info] 消息ID缓存成功: task_id=27, group_id=https://t.me/+_XaTo9Qrv0VjOTM0, msg_index=1433, message_id=15330
[2026-01-29T23:30:52+08:00][info] 消息状态标记为已发送: task_id=27, group_id=https://t.me/+_XaTo9Qrv0VjOTM0, msg_index=1433
[2026-01-29T23:30:52+08:00][info] 任务 27 将在 103 秒后继续处理下一条消息，索引: 1434, 实例ID: task_27_index_1434_1769700652.3752
[2026-01-29T23:30:52+08:00][info] 开始处理队列任务: task_id=29, current_index=417
[2026-01-29T23:30:55+08:00][info] 返回:{"status":true,"message":"发送完成，成功1个，失败0个[]","data":{"success":[{"group_id":3780502866,"group_link":"https:\/\/t.me\/+WZlsKfz1W89jYjE0","type":"megagroup","message":"发送成功","message_id":3716}],"failed":[],"debug":["处理标识符: https:\/\/t.me\/+WZlsKfz1W89jYjE0, 清理后: https:\/\/t.me\/+WZlsKfz1W89jYjE0, 识别为链接: True, 识别为数字ID: False"],"warning":""}}
[2026-01-29T23:30:55+08:00][info] 消息ID缓存成功: task_id=29, group_id=https://t.me/+WZlsKfz1W89jYjE0, msg_index=417, message_id=3716
[2026-01-29T23:30:55+08:00][info] 消息状态标记为已发送: task_id=29, group_id=https://t.me/+WZlsKfz1W89jYjE0, msg_index=417
[2026-01-29T23:30:55+08:00][info] 任务 29 将在 70 秒后继续处理下一条消息，索引: 418, 实例ID: task_29_index_418_1769700655.0964
[2026-01-29T23:31:25+08:00][info] 开始处理队列任务: task_id=29, current_index=418
[2026-01-29T23:31:27+08:00][info] 返回:{"status":true,"message":"发送完成，成功1个，失败0个[]","data":{"success":[{"group_id":3780502866,"group_link":"https:\/\/t.me\/+WZlsKfz1W89jYjE0","type":"megagroup","message":"发送成功","message_id":3717}],"failed":[],"debug":["处理标识符: https:\/\/t.me\/+WZlsKfz1W89jYjE0, 清理后: https:\/\/t.me\/+WZlsKfz1W89jYjE0, 识别为链接: True, 识别为数字ID: False"],"warning":""}}
[2026-01-29T23:31:27+08:00][info] 消息ID缓存成功: task_id=29, group_id=https://t.me/+WZlsKfz1W89jYjE0, msg_index=418, message_id=3717
[2026-01-29T23:31:27+08:00][info] 消息状态标记为已发送: task_id=29, group_id=https://t.me/+WZlsKfz1W89jYjE0, msg_index=418
[2026-01-29T23:31:27+08:00][info] 任务 29 将在 80 秒后继续处理下一条消息，索引: 419, 实例ID: task_29_index_419_1769700687.7425
[2026-01-29T23:31:30+08:00][info] 开始处理队列任务: task_id=29, current_index=419
[2026-01-29T23:31:33+08:00][info] 返回:{"status":true,"message":"发送完成，成功1个，失败0个[]","data":{"success":[{"group_id":3780502866,"group_link":"https:\/\/t.me\/+WZlsKfz1W89jYjE0","type":"megagroup","message":"发送成功","message_id":3718}],"failed":[],"debug":["处理标识符: https:\/\/t.me\/+WZlsKfz1W89jYjE0, 清理后: https:\/\/t.me\/+WZlsKfz1W89jYjE0, 识别为链接: True, 识别为数字ID: False"],"warning":""}}
[2026-01-29T23:31:33+08:00][info] 消息ID缓存成功: task_id=29, group_id=https://t.me/+WZlsKfz1W89jYjE0, msg_index=419, message_id=3718
[2026-01-29T23:31:33+08:00][info] 消息状态标记为已发送: task_id=29, group_id=https://t.me/+WZlsKfz1W89jYjE0, msg_index=419
[2026-01-29T23:31:33+08:00][info] 任务 29 将在 109 秒后继续处理下一条消息，索引: 420, 实例ID: task_29_index_420_1769700693.4609
[2026-01-29T23:31:45+08:00][info] 开始处理队列任务: task_id=26, current_index=1417
[2026-01-29T23:31:45+08:00][info] 消息缓存初始化完成: task_id=26, groups=https://t.me/+whdGi5iPfw40ZDMx
[2026-01-29T23:31:45+08:00][info] 任务 26 第 2 次循环，重置群组 https://t.me/+whdGi5iPfw40ZDMx 消息状态
[2026-01-29T23:31:48+08:00][info] 返回:{"status":true,"message":"发送完成，成功1个，失败0个[]","data":{"success":[{"group_id":3642748012,"group_link":"https:\/\/t.me\/+whdGi5iPfw40ZDMx","type":"megagroup","message":"发送成功","message_id":15268}],"failed":[],"debug":["处理标识符: https:\/\/t.me\/+whdGi5iPfw40ZDMx, 清理后: https:\/\/t.me\/+whdGi5iPfw40ZDMx, 识别为链接: True, 识别为数字ID: False"],"warning":""}}
[2026-01-29T23:31:48+08:00][info] 消息ID缓存成功: task_id=26, group_id=https://t.me/+whdGi5iPfw40ZDMx, msg_index=1417, message_id=15268
[2026-01-29T23:31:48+08:00][info] 消息状态标记为已发送: task_id=26, group_id=https://t.me/+whdGi5iPfw40ZDMx, msg_index=1417
[2026-01-29T23:31:48+08:00][info] 任务 26 将在 89 秒后继续处理下一条消息，索引: 1418, 实例ID: task_26_index_1418_1769700708.2496
[2026-01-29T23:31:48+08:00][info] 开始处理队列任务: task_id=27, current_index=1434
[2026-01-29T23:31:48+08:00][info] 消息缓存初始化完成: task_id=27, groups=https://t.me/+_XaTo9Qrv0VjOTM0
[2026-01-29T23:31:48+08:00][info] 任务 27 第 2 次循环，重置群组 https://t.me/+_XaTo9Qrv0VjOTM0 消息状态
[2026-01-29T23:31:51+08:00][info] 返回:{"status":true,"message":"发送完成，成功1个，失败0个[]","data":{"success":[{"group_id":3649225144,"group_link":"https:\/\/t.me\/+_XaTo9Qrv0VjOTM0","type":"megagroup","message":"发送成功","message_id":15331}],"failed":[],"debug":["处理标识符: https:\/\/t.me\/+_XaTo9Qrv0VjOTM0, 清理后: https:\/\/t.me\/+_XaTo9Qrv0VjOTM0, 识别为链接: True, 识别为数字ID: False"],"warning":""}}
[2026-01-29T23:31:51+08:00][info] 消息ID缓存成功: task_id=27, group_id=https://t.me/+_XaTo9Qrv0VjOTM0, msg_index=1434, message_id=15331
[2026-01-29T23:31:51+08:00][info] 消息状态标记为已发送: task_id=27, group_id=https://t.me/+_XaTo9Qrv0VjOTM0, msg_index=1434
[2026-01-29T23:31:51+08:00][info] 任务 27 将在 95 秒后继续处理下一条消息，索引: 1435, 实例ID: task_27_index_1435_1769700711.1214
[2026-01-29T23:31:51+08:00][info] 开始处理队列任务: task_id=28, current_index=1122
[2026-01-29T23:31:53+08:00][info] 返回:{"status":true,"message":"发送完成，成功1个，失败0个[]","data":{"success":[{"group_id":3657218256,"group_link":"https:\/\/t.me\/+Hg62NsrbOCZmZmY8","type":"megagroup","message":"发送成功","message_id":4436}],"failed":[],"debug":["处理标识符: https:\/\/t.me\/+Hg62NsrbOCZmZmY8, 清理后: https:\/\/t.me\/+Hg62NsrbOCZmZmY8, 识别为链接: True, 识别为数字ID: False"],"warning":""}}
[2026-01-29T23:31:53+08:00][info] 消息ID缓存成功: task_id=28, group_id=https://t.me/+Hg62NsrbOCZmZmY8, msg_index=1122, message_id=4436
[2026-01-29T23:31:53+08:00][info] 消息状态标记为已发送: task_id=28, group_id=https://t.me/+Hg62NsrbOCZmZmY8, msg_index=1122
[2026-01-29T23:31:53+08:00][info] 任务 28 将在 87 秒后继续处理下一条消息，索引: 1123, 实例ID: task_28_index_1123_1769700713.8434
[2026-01-29T23:31:53+08:00][info] 开始处理队列任务: task_id=28, current_index=1123
[2026-01-29T23:31:56+08:00][info] 返回:{"status":true,"message":"发送完成，成功1个，失败0个[]","data":{"success":[{"group_id":3657218256,"group_link":"https:\/\/t.me\/+Hg62NsrbOCZmZmY8","type":"megagroup","message":"发送成功","message_id":4437}],"failed":[],"debug":["处理标识符: https:\/\/t.me\/+Hg62NsrbOCZmZmY8, 清理后: https:\/\/t.me\/+Hg62NsrbOCZmZmY8, 识别为链接: True, 识别为数字ID: False"],"warning":""}}
[2026-01-29T23:31:56+08:00][info] 消息ID缓存成功: task_id=28, group_id=https://t.me/+Hg62NsrbOCZmZmY8, msg_index=1123, message_id=4437
[2026-01-29T23:31:56+08:00][info] 消息状态标记为已发送: task_id=28, group_id=https://t.me/+Hg62NsrbOCZmZmY8, msg_index=1123
[2026-01-29T23:31:56+08:00][info] 任务 28 将在 109 秒后继续处理下一条消息，索引: 1124, 实例ID: task_28_index_1124_1769700716.6295
[2026-01-29T23:32:05+08:00][info] 开始处理队列任务: task_id=29, current_index=420
[2026-01-29T23:32:08+08:00][info] 返回:{"status":true,"message":"发送完成，成功1个，失败0个[]","data":{"success":[{"group_id":3780502866,"group_link":"https:\/\/t.me\/+WZlsKfz1W89jYjE0","type":"megagroup","message":"发送成功","message_id":3719}],"failed":[],"debug":["处理标识符: https:\/\/t.me\/+WZlsKfz1W89jYjE0, 清理后: https:\/\/t.me\/+WZlsKfz1W89jYjE0, 识别为链接: True, 识别为数字ID: False"],"warning":""}}
[2026-01-29T23:32:08+08:00][info] 消息ID缓存成功: task_id=29, group_id=https://t.me/+WZlsKfz1W89jYjE0, msg_index=420, message_id=3719
[2026-01-29T23:32:08+08:00][info] 消息状态标记为已发送: task_id=29, group_id=https://t.me/+WZlsKfz1W89jYjE0, msg_index=420
[2026-01-29T23:32:08+08:00][info] 任务 29 将在 110 秒后继续处理下一条消息，索引: 421, 实例ID: task_29_index_421_1769700728.2308
[2026-01-29T23:32:32+08:00][info] 开始处理队列任务: task_id=25, current_index=509
[2026-01-29T23:32:32+08:00][info] 消息缓存初始化完成: task_id=25, groups=https://t.me/+HZFEhfAwKjhmZDZk
[2026-01-29T23:32:32+08:00][info] 任务 25 第 2 次循环，重置群组 https://t.me/+HZFEhfAwKjhmZDZk 消息状态
[2026-01-29T23:32:35+08:00][info] 返回:{"status":true,"message":"发送完成，成功1个，失败0个[]","data":{"success":[{"group_id":3482989339,"group_link":"https:\/\/t.me\/+HZFEhfAwKjhmZDZk","type":"megagroup","message":"发送成功","message_id":12623}],"failed":[],"debug":["处理标识符: https:\/\/t.me\/+HZFEhfAwKjhmZDZk, 清理后: https:\/\/t.me\/+HZFEhfAwKjhmZDZk, 识别为链接: True, 识别为数字ID: False"],"warning":""}}
[2026-01-29T23:32:35+08:00][info] 消息ID缓存成功: task_id=25, group_id=https://t.me/+HZFEhfAwKjhmZDZk, msg_index=509, message_id=12623
[2026-01-29T23:32:35+08:00][info] 消息状态标记为已发送: task_id=25, group_id=https://t.me/+HZFEhfAwKjhmZDZk, msg_index=509
[2026-01-29T23:32:35+08:00][info] 任务 25 将在 121 秒后继续处理下一条消息，索引: 510, 实例ID: task_25_index_510_1769700755.1237
[2026-01-29T23:32:35+08:00][info] 开始处理队列任务: task_id=27, current_index=1435
[2026-01-29T23:32:35+08:00][info] 消息缓存初始化完成: task_id=27, groups=https://t.me/+_XaTo9Qrv0VjOTM0
[2026-01-29T23:32:35+08:00][info] 任务 27 第 2 次循环，重置群组 https://t.me/+_XaTo9Qrv0VjOTM0 消息状态
[2026-01-29T23:32:38+08:00][info] 返回:{"status":true,"message":"发送完成，成功1个，失败0个[]","data":{"success":[{"group_id":3649225144,"group_link":"https:\/\/t.me\/+_XaTo9Qrv0VjOTM0","type":"megagroup","message":"发送成功","message_id":15332}],"failed":[],"debug":["处理标识符: https:\/\/t.me\/+_XaTo9Qrv0VjOTM0, 清理后: https:\/\/t.me\/+_XaTo9Qrv0VjOTM0, 识别为链接: True, 识别为数字ID: False"],"warning":""}}
[2026-01-29T23:32:38+08:00][info] 消息ID缓存成功: task_id=27, group_id=https://t.me/+_XaTo9Qrv0VjOTM0, msg_index=1435, message_id=15332
[2026-01-29T23:32:38+08:00][info] 消息状态标记为已发送: task_id=27, group_id=https://t.me/+_XaTo9Qrv0VjOTM0, msg_index=1435
[2026-01-29T23:32:38+08:00][info] 任务 27 将在 87 秒后继续处理下一条消息，索引: 1436, 实例ID: task_27_index_1436_1769700758.0886
[2026-01-29T23:32:47+08:00][info] 开始处理队列任务: task_id=29, current_index=421
[2026-01-29T23:32:49+08:00][info] 返回:{"status":true,"message":"发送完成，成功1个，失败0个[]","data":{"success":[{"group_id":3780502866,"group_link":"https:\/\/t.me\/+WZlsKfz1W89jYjE0","type":"megagroup","message":"发送成功","message_id":3720}],"failed":[],"debug":["处理标识符: https:\/\/t.me\/+WZlsKfz1W89jYjE0, 清理后: https:\/\/t.me\/+WZlsKfz1W89jYjE0, 识别为链接: True, 识别为数字ID: False"],"warning":""}}
[2026-01-29T23:32:49+08:00][info] 消息ID缓存成功: task_id=29, group_id=https://t.me/+WZlsKfz1W89jYjE0, msg_index=421, message_id=3720
[2026-01-29T23:32:49+08:00][info] 消息状态标记为已发送: task_id=29, group_id=https://t.me/+WZlsKfz1W89jYjE0, msg_index=421
[2026-01-29T23:32:49+08:00][info] 任务 29 将在 90 秒后继续处理下一条消息，索引: 422, 实例ID: task_29_index_422_1769700769.7608
[2026-01-29T23:33:19+08:00][info] 开始处理队列任务: task_id=26, current_index=1418
[2026-01-29T23:33:20+08:00][info] 消息缓存初始化完成: task_id=26, groups=https://t.me/+whdGi5iPfw40ZDMx
[2026-01-29T23:33:20+08:00][info] 任务 26 第 2 次循环，重置群组 https://t.me/+whdGi5iPfw40ZDMx 消息状态
[2026-01-29T23:33:22+08:00][info] 返回:{"status":true,"message":"发送完成，成功1个，失败0个[]","data":{"success":[{"group_id":3642748012,"group_link":"https:\/\/t.me\/+whdGi5iPfw40ZDMx","type":"megagroup","message":"发送成功","message_id":15269}],"failed":[],"debug":["处理标识符: https:\/\/t.me\/+whdGi5iPfw40ZDMx, 清理后: https:\/\/t.me\/+whdGi5iPfw40ZDMx, 识别为链接: True, 识别为数字ID: False"],"warning":""}}
[2026-01-29T23:33:22+08:00][info] 消息ID缓存成功: task_id=26, group_id=https://t.me/+whdGi5iPfw40ZDMx, msg_index=1418, message_id=15269
[2026-01-29T23:33:22+08:00][info] 消息状态标记为已发送: task_id=26, group_id=https://t.me/+whdGi5iPfw40ZDMx, msg_index=1418
[2026-01-29T23:33:22+08:00][info] 任务 26 将在 90 秒后继续处理下一条消息，索引: 1419, 实例ID: task_26_index_1419_1769700802.5241
[2026-01-29T23:33:22+08:00][info] 开始处理队列任务: task_id=28, current_index=1124
[2026-01-29T23:33:22+08:00][info] 使用feedbackType=1121的消息ID: 4434
[2026-01-29T23:33:25+08:00][info] 返回:{"status":true,"message":"发送完成，成功1个，失败0个[]","data":{"success":[{"group_id":3657218256,"group_link":"https:\/\/t.me\/+Hg62NsrbOCZmZmY8","type":"megagroup","message":"发送成功","message_id":4438}],"failed":[],"debug":["处理标识符: https:\/\/t.me\/+Hg62NsrbOCZmZmY8, 清理后: https:\/\/t.me\/+Hg62NsrbOCZmZmY8, 识别为链接: True, 识别为数字ID: False"],"warning":""}}
[2026-01-29T23:33:25+08:00][info] 消息ID缓存成功: task_id=28, group_id=https://t.me/+Hg62NsrbOCZmZmY8, msg_index=1124, message_id=4438
[2026-01-29T23:33:25+08:00][info] 消息状态标记为已发送: task_id=28, group_id=https://t.me/+Hg62NsrbOCZmZmY8, msg_index=1124
[2026-01-29T23:33:25+08:00][info] 任务 28 将在 110 秒后继续处理下一条消息，索引: 1125, 实例ID: task_28_index_1125_1769700805.7136
[2026-01-29T23:33:25+08:00][info] 开始处理队列任务: task_id=29, current_index=422
[2026-01-29T23:33:28+08:00][info] 返回:{"status":true,"message":"发送完成，成功1个，失败0个[]","data":{"success":[{"group_id":3780502866,"group_link":"https:\/\/t.me\/+WZlsKfz1W89jYjE0","type":"megagroup","message":"发送成功","message_id":3721}],"failed":[],"debug":["处理标识符: https:\/\/t.me\/+WZlsKfz1W89jYjE0, 清理后: https:\/\/t.me\/+WZlsKfz1W89jYjE0, 识别为链接: True, 识别为数字ID: False"],"warning":""}}
[2026-01-29T23:33:28+08:00][info] 消息ID缓存成功: task_id=29, group_id=https://t.me/+WZlsKfz1W89jYjE0, msg_index=422, message_id=3721
[2026-01-29T23:33:28+08:00][info] 消息状态标记为已发送: task_id=29, group_id=https://t.me/+WZlsKfz1W89jYjE0, msg_index=422
[2026-01-29T23:33:28+08:00][info] 任务 29 将在 95 秒后继续处理下一条消息，索引: 423, 实例ID: task_29_index_423_1769700808.3595
[2026-01-29T23:33:28+08:00][info] 开始处理队列任务: task_id=27, current_index=1436
[2026-01-29T23:33:28+08:00][info] 消息缓存初始化完成: task_id=27, groups=https://t.me/+_XaTo9Qrv0VjOTM0
[2026-01-29T23:33:28+08:00][info] 任务 27 第 2 次循环，重置群组 https://t.me/+_XaTo9Qrv0VjOTM0 消息状态
[2026-01-29T23:33:31+08:00][info] 返回:{"status":true,"message":"发送完成，成功1个，失败0个[]","data":{"success":[{"group_id":3649225144,"group_link":"https:\/\/t.me\/+_XaTo9Qrv0VjOTM0","type":"megagroup","message":"发送成功","message_id":15333}],"failed":[],"debug":["处理标识符: https:\/\/t.me\/+_XaTo9Qrv0VjOTM0, 清理后: https:\/\/t.me\/+_XaTo9Qrv0VjOTM0, 识别为链接: True, 识别为数字ID: False"],"warning":""}}
[2026-01-29T23:33:31+08:00][info] 消息ID缓存成功: task_id=27, group_id=https://t.me/+_XaTo9Qrv0VjOTM0, msg_index=1436, message_id=15333
[2026-01-29T23:33:31+08:00][info] 消息状态标记为已发送: task_id=27, group_id=https://t.me/+_XaTo9Qrv0VjOTM0, msg_index=1436
[2026-01-29T23:33:31+08:00][info] 任务 27 将在 102 秒后继续处理下一条消息，索引: 1437, 实例ID: task_27_index_1437_1769700811.2342
[2026-01-29T23:33:46+08:00][info] 开始处理队列任务: task_id=28, current_index=1125
[2026-01-29T23:33:48+08:00][info] 返回:{"status":true,"message":"发送完成，成功1个，失败0个[]","data":{"success":[{"group_id":3657218256,"group_link":"https:\/\/t.me\/+Hg62NsrbOCZmZmY8","type":"megagroup","message":"发送成功","message_id":4439}],"failed":[],"debug":["处理标识符: https:\/\/t.me\/+Hg62NsrbOCZmZmY8, 清理后: https:\/\/t.me\/+Hg62NsrbOCZmZmY8, 识别为链接: True, 识别为数字ID: False"],"warning":""}}
[2026-01-29T23:33:48+08:00][info] 消息ID缓存成功: task_id=28, group_id=https://t.me/+Hg62NsrbOCZmZmY8, msg_index=1125, message_id=4439
[2026-01-29T23:33:48+08:00][info] 消息状态标记为已发送: task_id=28, group_id=https://t.me/+Hg62NsrbOCZmZmY8, msg_index=1125
[2026-01-29T23:33:48+08:00][info] 任务 28 将在 95 秒后继续处理下一条消息，索引: 1126, 实例ID: task_28_index_1126_1769700828.8008
[2026-01-29T23:34:00+08:00][info] 开始处理队列任务: task_id=29, current_index=423
[2026-01-29T23:34:03+08:00][info] 返回:{"status":true,"message":"发送完成，成功1个，失败0个[]","data":{"success":[{"group_id":3780502866,"group_link":"https:\/\/t.me\/+WZlsKfz1W89jYjE0","type":"megagroup","message":"发送成功","message_id":3722}],"failed":[],"debug":["处理标识符: https:\/\/t.me\/+WZlsKfz1W89jYjE0, 清理后: https:\/\/t.me\/+WZlsKfz1W89jYjE0, 识别为链接: True, 识别为数字ID: False"],"warning":""}}
[2026-01-29T23:34:03+08:00][info] 消息ID缓存成功: task_id=29, group_id=https://t.me/+WZlsKfz1W89jYjE0, msg_index=423, message_id=3722
[2026-01-29T23:34:03+08:00][info] 消息状态标记为已发送: task_id=29, group_id=https://t.me/+WZlsKfz1W89jYjE0, msg_index=423
[2026-01-29T23:34:03+08:00][info] 任务 29 将在 98 秒后继续处理下一条消息，索引: 424, 实例ID: task_29_index_424_1769700843.5184
[2026-01-29T23:34:06+08:00][info] 开始处理队列任务: task_id=27, current_index=1437
[2026-01-29T23:34:06+08:00][info] 消息缓存初始化完成: task_id=27, groups=https://t.me/+_XaTo9Qrv0VjOTM0
[2026-01-29T23:34:06+08:00][info] 任务 27 第 2 次循环，重置群组 https://t.me/+_XaTo9Qrv0VjOTM0 消息状态
[2026-01-29T23:34:09+08:00][info] 返回:{"status":true,"message":"发送完成，成功1个，失败0个[]","data":{"success":[{"group_id":3649225144,"group_link":"https:\/\/t.me\/+_XaTo9Qrv0VjOTM0","type":"megagroup","message":"发送成功","message_id":15334}],"failed":[],"debug":["处理标识符: https:\/\/t.me\/+_XaTo9Qrv0VjOTM0, 清理后: https:\/\/t.me\/+_XaTo9Qrv0VjOTM0, 识别为链接: True, 识别为数字ID: False"],"warning":""}}
[2026-01-29T23:34:09+08:00][info] 消息ID缓存成功: task_id=27, group_id=https://t.me/+_XaTo9Qrv0VjOTM0, msg_index=1437, message_id=15334
[2026-01-29T23:34:09+08:00][info] 消息状态标记为已发送: task_id=27, group_id=https://t.me/+_XaTo9Qrv0VjOTM0, msg_index=1437
[2026-01-29T23:34:09+08:00][info] 任务 27 将在 79 秒后继续处理下一条消息，索引: 1438, 实例ID: task_27_index_1438_1769700849.3369
[2026-01-29T23:34:21+08:00][info] 开始处理队列任务: task_id=29, current_index=424
[2026-01-29T23:34:24+08:00][info] 返回:{"status":true,"message":"发送完成，成功1个，失败0个[]","data":{"success":[{"group_id":3780502866,"group_link":"https:\/\/t.me\/+WZlsKfz1W89jYjE0","type":"megagroup","message":"发送成功","message_id":3723}],"failed":[],"debug":["处理标识符: https:\/\/t.me\/+WZlsKfz1W89jYjE0, 清理后: https:\/\/t.me\/+WZlsKfz1W89jYjE0, 识别为链接: True, 识别为数字ID: False"],"warning":""}}
[2026-01-29T23:34:24+08:00][info] 消息ID缓存成功: task_id=29, group_id=https://t.me/+WZlsKfz1W89jYjE0, msg_index=424, message_id=3723
[2026-01-29T23:34:24+08:00][info] 消息状态标记为已发送: task_id=29, group_id=https://t.me/+WZlsKfz1W89jYjE0, msg_index=424
[2026-01-29T23:34:24+08:00][info] 任务 29 将在 101 秒后继续处理下一条消息，索引: 425, 实例ID: task_29_index_425_1769700864.0281
[2026-01-29T23:34:36+08:00][info] 开始处理队列任务: task_id=25, current_index=510
[2026-01-29T23:34:36+08:00][info] 消息缓存初始化完成: task_id=25, groups=https://t.me/+HZFEhfAwKjhmZDZk
[2026-01-29T23:34:36+08:00][info] 任务 25 第 2 次循环，重置群组 https://t.me/+HZFEhfAwKjhmZDZk 消息状态
[2026-01-29T23:34:44+08:00][info] 返回:{"status":true,"message":"发送完成，成功1个，失败0个[]","data":{"success":[{"group_id":3482989339,"group_link":"https:\/\/t.me\/+HZFEhfAwKjhmZDZk","type":"megagroup","message":"发送成功","message_id":12624}],"failed":[],"debug":["处理标识符: https:\/\/t.me\/+HZFEhfAwKjhmZDZk, 清理后: https:\/\/t.me\/+HZFEhfAwKjhmZDZk, 识别为链接: True, 识别为数字ID: False"],"warning":""}}
[2026-01-29T23:34:44+08:00][info] 消息ID缓存成功: task_id=25, group_id=https://t.me/+HZFEhfAwKjhmZDZk, msg_index=510, message_id=12624
[2026-01-29T23:34:44+08:00][info] 消息状态标记为已发送: task_id=25, group_id=https://t.me/+HZFEhfAwKjhmZDZk, msg_index=510
[2026-01-29T23:34:44+08:00][info] 任务 25 将在 111 秒后继续处理下一条消息，索引: 511, 实例ID: task_25_index_511_1769700884.6989
[2026-01-29T23:34:53+08:00][info] 开始处理队列任务: task_id=26, current_index=1419
[2026-01-29T23:34:53+08:00][info] 消息缓存初始化完成: task_id=26, groups=https://t.me/+whdGi5iPfw40ZDMx
[2026-01-29T23:34:53+08:00][info] 任务 26 第 2 次循环，重置群组 https://t.me/+whdGi5iPfw40ZDMx 消息状态
[2026-01-29T23:34:56+08:00][info] 返回:{"status":true,"message":"发送完成，成功1个，失败0个[]","data":{"success":[{"group_id":3642748012,"group_link":"https:\/\/t.me\/+whdGi5iPfw40ZDMx","type":"megagroup","message":"发送成功","message_id":15270}],"failed":[],"debug":["处理标识符: https:\/\/t.me\/+whdGi5iPfw40ZDMx, 清理后: https:\/\/t.me\/+whdGi5iPfw40ZDMx, 识别为链接: True, 识别为数字ID: False"],"warning":""}}
[2026-01-29T23:34:56+08:00][info] 消息ID缓存成功: task_id=26, group_id=https://t.me/+whdGi5iPfw40ZDMx, msg_index=1419, message_id=15270
[2026-01-29T23:34:56+08:00][info] 消息状态标记为已发送: task_id=26, group_id=https://t.me/+whdGi5iPfw40ZDMx, msg_index=1419
[2026-01-29T23:34:56+08:00][info] 任务 26 将在 100 秒后继续处理下一条消息，索引: 1420, 实例ID: task_26_index_1420_1769700896.499
[2026-01-29T23:35:05+08:00][info] 开始处理队列任务: task_id=29, current_index=425
[2026-01-29T23:35:08+08:00][info] 返回:{"status":true,"message":"发送完成，成功1个，失败0个[]","data":{"success":[{"group_id":3780502866,"group_link":"https:\/\/t.me\/+WZlsKfz1W89jYjE0","type":"megagroup","message":"发送成功","message_id":3724}],"failed":[],"debug":["处理标识符: https:\/\/t.me\/+WZlsKfz1W89jYjE0, 清理后: https:\/\/t.me\/+WZlsKfz1W89jYjE0, 识别为链接: True, 识别为数字ID: False"],"warning":""}}
[2026-01-29T23:35:08+08:00][info] 消息ID缓存成功: task_id=29, group_id=https://t.me/+WZlsKfz1W89jYjE0, msg_index=425, message_id=3724
[2026-01-29T23:35:08+08:00][info] 消息状态标记为已发送: task_id=29, group_id=https://t.me/+WZlsKfz1W89jYjE0, msg_index=425
[2026-01-29T23:35:08+08:00][info] 任务 29 将在 103 秒后继续处理下一条消息，索引: 426, 实例ID: task_29_index_426_1769700908.196
[2026-01-29T23:35:14+08:00][info] 开始处理队列任务: task_id=27, current_index=1438
[2026-01-29T23:35:14+08:00][info] 消息缓存初始化完成: task_id=27, groups=https://t.me/+_XaTo9Qrv0VjOTM0
[2026-01-29T23:35:14+08:00][info] 任务 27 第 2 次循环，重置群组 https://t.me/+_XaTo9Qrv0VjOTM0 消息状态
[2026-01-29T23:35:17+08:00][info] 返回:{"status":true,"message":"发送完成，成功1个，失败0个[]","data":{"success":[{"group_id":3649225144,"group_link":"https:\/\/t.me\/+_XaTo9Qrv0VjOTM0","type":"megagroup","message":"发送成功","message_id":15335}],"failed":[],"debug":["处理标识符: https:\/\/t.me\/+_XaTo9Qrv0VjOTM0, 清理后: https:\/\/t.me\/+_XaTo9Qrv0VjOTM0, 识别为链接: True, 识别为数字ID: False"],"warning":""}}
[2026-01-29T23:35:17+08:00][info] 消息ID缓存成功: task_id=27, group_id=https://t.me/+_XaTo9Qrv0VjOTM0, msg_index=1438, message_id=15335
[2026-01-29T23:35:17+08:00][info] 消息状态标记为已发送: task_id=27, group_id=https://t.me/+_XaTo9Qrv0VjOTM0, msg_index=1438
[2026-01-29T23:35:17+08:00][info] 任务 27 将在 98 秒后继续处理下一条消息，索引: 1439, 实例ID: task_27_index_1439_1769700917.1609
[2026-01-29T23:35:17+08:00][info] 开始处理队列任务: task_id=28, current_index=1126
[2026-01-29T23:35:19+08:00][info] 返回:{"status":true,"message":"发送完成，成功1个，失败0个[]","data":{"success":[{"group_id":3657218256,"group_link":"https:\/\/t.me\/+Hg62NsrbOCZmZmY8","type":"megagroup","message":"发送成功","message_id":4440}],"failed":[],"debug":["处理标识符: https:\/\/t.me\/+Hg62NsrbOCZmZmY8, 清理后: https:\/\/t.me\/+Hg62NsrbOCZmZmY8, 识别为链接: True, 识别为数字ID: False"],"warning":""}}
[2026-01-29T23:35:19+08:00][info] 消息ID缓存成功: task_id=28, group_id=https://t.me/+Hg62NsrbOCZmZmY8, msg_index=1126, message_id=4440
[2026-01-29T23:35:19+08:00][info] 消息状态标记为已发送: task_id=28, group_id=https://t.me/+Hg62NsrbOCZmZmY8, msg_index=1126
[2026-01-29T23:35:19+08:00][info] 任务 28 将在 100 秒后继续处理下一条消息，索引: 1127, 实例ID: task_28_index_1127_1769700919.9263
[2026-01-29T23:35:25+08:00][info] 开始处理队列任务: task_id=28, current_index=1127
[2026-01-29T23:35:26+08:00][info] 使用feedbackType=1127的消息ID: 4440
[2026-01-29T23:35:29+08:00][info] 返回:{"status":true,"message":"发送完成，成功1个，失败0个[]","data":{"success":[{"group_id":3657218256,"group_link":"https:\/\/t.me\/+Hg62NsrbOCZmZmY8","type":"megagroup","message":"发送成功","message_id":4441}],"failed":[],"debug":["处理标识符: https:\/\/t.me\/+Hg62NsrbOCZmZmY8, 清理后: https:\/\/t.me\/+Hg62NsrbOCZmZmY8, 识别为链接: True, 识别为数字ID: False"],"warning":""}}
[2026-01-29T23:35:29+08:00][info] 消息ID缓存成功: task_id=28, group_id=https://t.me/+Hg62NsrbOCZmZmY8, msg_index=1127, message_id=4441
[2026-01-29T23:35:29+08:00][info] 消息状态标记为已发送: task_id=28, group_id=https://t.me/+Hg62NsrbOCZmZmY8, msg_index=1127
[2026-01-29T23:35:29+08:00][info] 任务 28 将在 85 秒后继续处理下一条消息，索引: 1128, 实例ID: task_28_index_1128_1769700929.0674
[2026-01-29T23:35:29+08:00][info] 开始处理队列任务: task_id=27, current_index=1439
[2026-01-29T23:35:29+08:00][info] 消息缓存初始化完成: task_id=27, groups=https://t.me/+_XaTo9Qrv0VjOTM0
[2026-01-29T23:35:29+08:00][info] 任务 27 第 2 次循环，重置群组 https://t.me/+_XaTo9Qrv0VjOTM0 消息状态
[2026-01-29T23:35:31+08:00][info] 返回:{"status":true,"message":"发送完成，成功1个，失败0个[]","data":{"success":[{"group_id":3649225144,"group_link":"https:\/\/t.me\/+_XaTo9Qrv0VjOTM0","type":"megagroup","message":"发送成功","message_id":15336}],"failed":[],"debug":["处理标识符: https:\/\/t.me\/+_XaTo9Qrv0VjOTM0, 清理后: https:\/\/t.me\/+_XaTo9Qrv0VjOTM0, 识别为链接: True, 识别为数字ID: False"],"warning":""}}
[2026-01-29T23:35:31+08:00][info] 消息ID缓存成功: task_id=27, group_id=https://t.me/+_XaTo9Qrv0VjOTM0, msg_index=1439, message_id=15336
[2026-01-29T23:35:31+08:00][info] 消息状态标记为已发送: task_id=27, group_id=https://t.me/+_XaTo9Qrv0VjOTM0, msg_index=1439
[2026-01-29T23:35:31+08:00][info] 任务 27 将在 96 秒后继续处理下一条消息，索引: 1440, 实例ID: task_27_index_1440_1769700931.9626
[2026-01-29T23:35:44+08:00][info] 开始处理队列任务: task_id=29, current_index=426
[2026-01-29T23:35:46+08:00][info] 返回:{"status":true,"message":"发送完成，成功1个，失败0个[]","data":{"success":[{"group_id":3780502866,"group_link":"https:\/\/t.me\/+WZlsKfz1W89jYjE0","type":"megagroup","message":"发送成功","message_id":3725}],"failed":[],"debug":["处理标识符: https:\/\/t.me\/+WZlsKfz1W89jYjE0, 清理后: https:\/\/t.me\/+WZlsKfz1W89jYjE0, 识别为链接: True, 识别为数字ID: False"],"warning":""}}
[2026-01-29T23:35:46+08:00][info] 消息ID缓存成功: task_id=29, group_id=https://t.me/+WZlsKfz1W89jYjE0, msg_index=426, message_id=3725
[2026-01-29T23:35:46+08:00][info] 消息状态标记为已发送: task_id=29, group_id=https://t.me/+WZlsKfz1W89jYjE0, msg_index=426
[2026-01-29T23:35:46+08:00][info] 任务 29 将在 105 秒后继续处理下一条消息，索引: 427, 实例ID: task_29_index_427_1769700946.6248
[2026-01-29T23:36:07+08:00][info] 开始处理队列任务: task_id=29, current_index=427
[2026-01-29T23:36:10+08:00][info] 返回:{"status":true,"message":"发送完成，成功1个，失败0个[]","data":{"success":[{"group_id":3780502866,"group_link":"https:\/\/t.me\/+WZlsKfz1W89jYjE0","type":"megagroup","message":"发送成功","message_id":3726}],"failed":[],"debug":["处理标识符: https:\/\/t.me\/+WZlsKfz1W89jYjE0, 清理后: https:\/\/t.me\/+WZlsKfz1W89jYjE0, 识别为链接: True, 识别为数字ID: False"],"warning":""}}
[2026-01-29T23:36:10+08:00][info] 消息ID缓存成功: task_id=29, group_id=https://t.me/+WZlsKfz1W89jYjE0, msg_index=427, message_id=3726
[2026-01-29T23:36:10+08:00][info] 消息状态标记为已发送: task_id=29, group_id=https://t.me/+WZlsKfz1W89jYjE0, msg_index=427
[2026-01-29T23:36:10+08:00][info] 任务 29 将在 70 秒后继续处理下一条消息，索引: 428, 实例ID: task_29_index_428_1769700970.6765
[2026-01-29T23:36:37+08:00][info] 开始处理队列任务: task_id=25, current_index=511
[2026-01-29T23:36:37+08:00][info] 消息缓存初始化完成: task_id=25, groups=https://t.me/+HZFEhfAwKjhmZDZk
[2026-01-29T23:36:37+08:00][info] 任务 25 第 2 次循环，重置群组 https://t.me/+HZFEhfAwKjhmZDZk 消息状态
[2026-01-29T23:36:43+08:00][info] 返回:{"status":true,"message":"发送完成，成功1个，失败0个[]","data":{"success":[{"group_id":3482989339,"group_link":"https:\/\/t.me\/+HZFEhfAwKjhmZDZk","type":"megagroup","message":"发送成功","message_id":12625}],"failed":[],"debug":["处理标识符: https:\/\/t.me\/+HZFEhfAwKjhmZDZk, 清理后: https:\/\/t.me\/+HZFEhfAwKjhmZDZk, 识别为链接: True, 识别为数字ID: False"],"warning":""}}
[2026-01-29T23:36:43+08:00][info] 消息ID缓存成功: task_id=25, group_id=https://t.me/+HZFEhfAwKjhmZDZk, msg_index=511, message_id=12625
[2026-01-29T23:36:43+08:00][info] 消息状态标记为已发送: task_id=25, group_id=https://t.me/+HZFEhfAwKjhmZDZk, msg_index=511
[2026-01-29T23:36:44+08:00][info] 任务 25 将在 80 秒后继续处理下一条消息，索引: 512, 实例ID: task_25_index_512_1769701004.0283
[2026-01-29T23:36:44+08:00][info] 开始处理队列任务: task_id=26, current_index=1420
[2026-01-29T23:36:44+08:00][info] 消息缓存初始化完成: task_id=26, groups=https://t.me/+whdGi5iPfw40ZDMx
[2026-01-29T23:36:44+08:00][info] 任务 26 第 2 次循环，重置群组 https://t.me/+whdGi5iPfw40ZDMx 消息状态
[2026-01-29T23:36:46+08:00][info] 返回:{"status":true,"message":"发送完成，成功1个，失败0个[]","data":{"success":[{"group_id":3642748012,"group_link":"https:\/\/t.me\/+whdGi5iPfw40ZDMx","type":"megagroup","message":"发送成功","message_id":15271}],"failed":[],"debug":["处理标识符: https:\/\/t.me\/+whdGi5iPfw40ZDMx, 清理后: https:\/\/t.me\/+whdGi5iPfw40ZDMx, 识别为链接: True, 识别为数字ID: False"],"warning":""}}
[2026-01-29T23:36:46+08:00][info] 消息ID缓存成功: task_id=26, group_id=https://t.me/+whdGi5iPfw40ZDMx, msg_index=1420, message_id=15271
[2026-01-29T23:36:46+08:00][info] 消息状态标记为已发送: task_id=26, group_id=https://t.me/+whdGi5iPfw40ZDMx, msg_index=1420
[2026-01-29T23:36:46+08:00][info] 任务 26 将在 110 秒后继续处理下一条消息，索引: 1421, 实例ID: task_26_index_1421_1769701006.7803
[2026-01-29T23:36:52+08:00][info] 开始处理队列任务: task_id=29, current_index=428
[2026-01-29T23:36:55+08:00][info] 返回:{"status":true,"message":"发送完成，成功1个，失败0个[]","data":{"success":[{"group_id":3780502866,"group_link":"https:\/\/t.me\/+WZlsKfz1W89jYjE0","type":"megagroup","message":"发送成功","message_id":3727}],"failed":[],"debug":["处理标识符: https:\/\/t.me\/+WZlsKfz1W89jYjE0, 清理后: https:\/\/t.me\/+WZlsKfz1W89jYjE0, 识别为链接: True, 识别为数字ID: False"],"warning":""}}
[2026-01-29T23:36:55+08:00][info] 消息ID缓存成功: task_id=29, group_id=https://t.me/+WZlsKfz1W89jYjE0, msg_index=428, message_id=3727
[2026-01-29T23:36:55+08:00][info] 消息状态标记为已发送: task_id=29, group_id=https://t.me/+WZlsKfz1W89jYjE0, msg_index=428
[2026-01-29T23:36:55+08:00][info] 任务 29 将在 80 秒后继续处理下一条消息，索引: 429, 实例ID: task_29_index_429_1769701015.5825
[2026-01-29T23:36:55+08:00][info] 开始处理队列任务: task_id=28, current_index=1128
[2026-01-29T23:36:58+08:00][info] 返回:{"status":true,"message":"发送完成，成功1个，失败0个[]","data":{"success":[{"group_id":3657218256,"group_link":"https:\/\/t.me\/+Hg62NsrbOCZmZmY8","type":"megagroup","message":"发送成功","message_id":4442}],"failed":[],"debug":["处理标识符: https:\/\/t.me\/+Hg62NsrbOCZmZmY8, 清理后: https:\/\/t.me\/+Hg62NsrbOCZmZmY8, 识别为链接: True, 识别为数字ID: False"],"warning":""}}
[2026-01-29T23:36:58+08:00][info] 消息ID缓存成功: task_id=28, group_id=https://t.me/+Hg62NsrbOCZmZmY8, msg_index=1128, message_id=4442
[2026-01-29T23:36:58+08:00][info] 消息状态标记为已发送: task_id=28, group_id=https://t.me/+Hg62NsrbOCZmZmY8, msg_index=1128
[2026-01-29T23:36:58+08:00][info] 任务 28 将在 96 秒后继续处理下一条消息，索引: 1129, 实例ID: task_28_index_1129_1769701018.1378
[2026-01-29T23:36:58+08:00][info] 开始处理队列任务: task_id=27, current_index=1440
[2026-01-29T23:36:58+08:00][info] 消息缓存初始化完成: task_id=27, groups=https://t.me/+_XaTo9Qrv0VjOTM0
[2026-01-29T23:36:58+08:00][info] 任务 27 第 2 次循环，重置群组 https://t.me/+_XaTo9Qrv0VjOTM0 消息状态
[2026-01-29T23:37:01+08:00][info] 返回:{"status":true,"message":"发送完成，成功1个，失败0个[]","data":{"success":[{"group_id":3649225144,"group_link":"https:\/\/t.me\/+_XaTo9Qrv0VjOTM0","type":"megagroup","message":"发送成功","message_id":15337}],"failed":[],"debug":["处理标识符: https:\/\/t.me\/+_XaTo9Qrv0VjOTM0, 清理后: https:\/\/t.me\/+_XaTo9Qrv0VjOTM0, 识别为链接: True, 识别为数字ID: False"],"warning":""}}
[2026-01-29T23:37:01+08:00][info] 消息ID缓存成功: task_id=27, group_id=https://t.me/+_XaTo9Qrv0VjOTM0, msg_index=1440, message_id=15337
[2026-01-29T23:37:01+08:00][info] 消息状态标记为已发送: task_id=27, group_id=https://t.me/+_XaTo9Qrv0VjOTM0, msg_index=1440
[2026-01-29T23:37:01+08:00][info] 任务 27 将在 82 秒后继续处理下一条消息，索引: 1441, 实例ID: task_27_index_1441_1769701021.138
[2026-01-29T23:37:01+08:00][info] 开始处理队列任务: task_id=28, current_index=1129
[2026-01-29T23:37:03+08:00][info] 返回:{"status":true,"message":"发送完成，成功1个，失败0个[]","data":{"success":[{"group_id":3657218256,"group_link":"https:\/\/t.me\/+Hg62NsrbOCZmZmY8","type":"megagroup","message":"发送成功","message_id":4443}],"failed":[],"debug":["处理标识符: https:\/\/t.me\/+Hg62NsrbOCZmZmY8, 清理后: https:\/\/t.me\/+Hg62NsrbOCZmZmY8, 识别为链接: True, 识别为数字ID: False"],"warning":""}}
[2026-01-29T23:37:03+08:00][info] 消息ID缓存成功: task_id=28, group_id=https://t.me/+Hg62NsrbOCZmZmY8, msg_index=1129, message_id=4443
[2026-01-29T23:37:03+08:00][info] 消息状态标记为已发送: task_id=28, group_id=https://t.me/+Hg62NsrbOCZmZmY8, msg_index=1129
[2026-01-29T23:37:03+08:00][info] 任务 28 将在 100 秒后继续处理下一条消息，索引: 1130, 实例ID: task_28_index_1130_1769701023.6867
[2026-01-29T23:37:09+08:00][info] 开始处理队列任务: task_id=27, current_index=1441
[2026-01-29T23:37:09+08:00][info] 消息缓存初始化完成: task_id=27, groups=https://t.me/+_XaTo9Qrv0VjOTM0
[2026-01-29T23:37:09+08:00][info] 任务 27 第 2 次循环，重置群组 https://t.me/+_XaTo9Qrv0VjOTM0 消息状态
[2026-01-29T23:37:12+08:00][info] 返回:{"status":true,"message":"发送完成，成功1个，失败0个[]","data":{"success":[{"group_id":3649225144,"group_link":"https:\/\/t.me\/+_XaTo9Qrv0VjOTM0","type":"megagroup","message":"发送成功","message_id":15338}],"failed":[],"debug":["处理标识符: https:\/\/t.me\/+_XaTo9Qrv0VjOTM0, 清理后: https:\/\/t.me\/+_XaTo9Qrv0VjOTM0, 识别为链接: True, 识别为数字ID: False"],"warning":""}}
[2026-01-29T23:37:12+08:00][info] 消息ID缓存成功: task_id=27, group_id=https://t.me/+_XaTo9Qrv0VjOTM0, msg_index=1441, message_id=15338
[2026-01-29T23:37:12+08:00][info] 消息状态标记为已发送: task_id=27, group_id=https://t.me/+_XaTo9Qrv0VjOTM0, msg_index=1441
[2026-01-29T23:37:12+08:00][info] 任务 27 将在 90 秒后继续处理下一条消息，索引: 1442, 实例ID: task_27_index_1442_1769701032.6058
[2026-01-29T23:37:21+08:00][info] 开始处理队列任务: task_id=29, current_index=429
[2026-01-29T23:37:24+08:00][info] 返回:{"status":true,"message":"发送完成，成功1个，失败0个[]","data":{"success":[{"group_id":3780502866,"group_link":"https:\/\/t.me\/+WZlsKfz1W89jYjE0","type":"megagroup","message":"发送成功","message_id":3728}],"failed":[],"debug":["处理标识符: https:\/\/t.me\/+WZlsKfz1W89jYjE0, 清理后: https:\/\/t.me\/+WZlsKfz1W89jYjE0, 识别为链接: True, 识别为数字ID: False"],"warning":""}}
[2026-01-29T23:37:24+08:00][info] 消息ID缓存成功: task_id=29, group_id=https://t.me/+WZlsKfz1W89jYjE0, msg_index=429, message_id=3728
[2026-01-29T23:37:24+08:00][info] 消息状态标记为已发送: task_id=29, group_id=https://t.me/+WZlsKfz1W89jYjE0, msg_index=429
[2026-01-29T23:37:24+08:00][info] 任务 29 将在 82 秒后继续处理下一条消息，索引: 430, 实例ID: task_29_index_430_1769701044.1816
[2026-01-29T23:37:33+08:00][info] 开始处理队列任务: task_id=29, current_index=430
[2026-01-29T23:37:35+08:00][info] 返回:{"status":true,"message":"发送完成，成功1个，失败0个[]","data":{"success":[{"group_id":3780502866,"group_link":"https:\/\/t.me\/+WZlsKfz1W89jYjE0","type":"megagroup","message":"发送成功","message_id":3729}],"failed":[],"debug":["处理标识符: https:\/\/t.me\/+WZlsKfz1W89jYjE0, 清理后: https:\/\/t.me\/+WZlsKfz1W89jYjE0, 识别为链接: True, 识别为数字ID: False"],"warning":""}}
[2026-01-29T23:37:35+08:00][info] 消息ID缓存成功: task_id=29, group_id=https://t.me/+WZlsKfz1W89jYjE0, msg_index=430, message_id=3729
[2026-01-29T23:37:35+08:00][info] 消息状态标记为已发送: task_id=29, group_id=https://t.me/+WZlsKfz1W89jYjE0, msg_index=430
[2026-01-29T23:37:35+08:00][info] 任务 29 将在 100 秒后继续处理下一条消息，索引: 431, 实例ID: task_29_index_431_1769701055.7719
[2026-01-29T23:38:05+08:00][info] 开始处理队列任务: task_id=25, current_index=512
[2026-01-29T23:38:06+08:00][info] 消息缓存初始化完成: task_id=25, groups=https://t.me/+HZFEhfAwKjhmZDZk
[2026-01-29T23:38:06+08:00][info] 任务 25 第 2 次循环，重置群组 https://t.me/+HZFEhfAwKjhmZDZk 消息状态
[2026-01-29T23:38:09+08:00][info] 返回:{"status":true,"message":"发送完成，成功1个，失败0个[]","data":{"success":[{"group_id":3482989339,"group_link":"https:\/\/t.me\/+HZFEhfAwKjhmZDZk","type":"megagroup","message":"发送成功","message_id":12626}],"failed":[],"debug":["处理标识符: https:\/\/t.me\/+HZFEhfAwKjhmZDZk, 清理后: https:\/\/t.me\/+HZFEhfAwKjhmZDZk, 识别为链接: True, 识别为数字ID: False"],"warning":""}}
[2026-01-29T23:38:09+08:00][info] 消息ID缓存成功: task_id=25, group_id=https://t.me/+HZFEhfAwKjhmZDZk, msg_index=512, message_id=12626
[2026-01-29T23:38:09+08:00][info] 消息状态标记为已发送: task_id=25, group_id=https://t.me/+HZFEhfAwKjhmZDZk, msg_index=512
[2026-01-29T23:38:09+08:00][info] 任务 25 将在 90 秒后继续处理下一条消息，索引: 513, 实例ID: task_25_index_513_1769701089.1787
[2026-01-29T23:38:15+08:00][info] 开始处理队列任务: task_id=29, current_index=431
[2026-01-29T23:38:17+08:00][info] 返回:{"status":true,"message":"发送完成，成功1个，失败0个[]","data":{"success":[{"group_id":3780502866,"group_link":"https:\/\/t.me\/+WZlsKfz1W89jYjE0","type":"megagroup","message":"发送成功","message_id":3730}],"failed":[],"debug":["处理标识符: https:\/\/t.me\/+WZlsKfz1W89jYjE0, 清理后: https:\/\/t.me\/+WZlsKfz1W89jYjE0, 识别为链接: True, 识别为数字ID: False"],"warning":""}}
[2026-01-29T23:38:17+08:00][info] 消息ID缓存成功: task_id=29, group_id=https://t.me/+WZlsKfz1W89jYjE0, msg_index=431, message_id=3730
[2026-01-29T23:38:17+08:00][info] 消息状态标记为已发送: task_id=29, group_id=https://t.me/+WZlsKfz1W89jYjE0, msg_index=431
[2026-01-29T23:38:17+08:00][info] 任务 29 将在 113 秒后继续处理下一条消息，索引: 432, 实例ID: task_29_index_432_1769701097.7111
[2026-01-29T23:38:23+08:00][info] 开始处理队列任务: task_id=27, current_index=1442
[2026-01-29T23:38:24+08:00][info] 消息缓存初始化完成: task_id=27, groups=https://t.me/+_XaTo9Qrv0VjOTM0
[2026-01-29T23:38:24+08:00][info] 任务 27 第 2 次循环，重置群组 https://t.me/+_XaTo9Qrv0VjOTM0 消息状态
[2026-01-29T23:38:26+08:00][info] 返回:{"status":true,"message":"发送完成，成功1个，失败0个[]","data":{"success":[{"group_id":3649225144,"group_link":"https:\/\/t.me\/+_XaTo9Qrv0VjOTM0","type":"megagroup","message":"发送成功","message_id":15339}],"failed":[],"debug":["处理标识符: https:\/\/t.me\/+_XaTo9Qrv0VjOTM0, 清理后: https:\/\/t.me\/+_XaTo9Qrv0VjOTM0, 识别为链接: True, 识别为数字ID: False"],"warning":""}}
[2026-01-29T23:38:26+08:00][info] 消息ID缓存成功: task_id=27, group_id=https://t.me/+_XaTo9Qrv0VjOTM0, msg_index=1442, message_id=15339
[2026-01-29T23:38:26+08:00][info] 消息状态标记为已发送: task_id=27, group_id=https://t.me/+_XaTo9Qrv0VjOTM0, msg_index=1442
[2026-01-29T23:38:26+08:00][info] 任务 27 将在 89 秒后继续处理下一条消息，索引: 1443, 实例ID: task_27_index_1443_1769701106.5691
[2026-01-29T23:38:35+08:00][info] 开始处理队列任务: task_id=28, current_index=1130
[2026-01-29T23:38:41+08:00][info] 返回:{"status":true,"message":"发送完成，成功1个，失败0个[]","data":{"success":[{"group_id":3657218256,"group_link":"https:\/\/t.me\/+Hg62NsrbOCZmZmY8","type":"megagroup","message":"发送成功","message_id":4444}],"failed":[],"debug":["处理标识符: https:\/\/t.me\/+Hg62NsrbOCZmZmY8, 清理后: https:\/\/t.me\/+Hg62NsrbOCZmZmY8, 识别为链接: True, 识别为数字ID: False","文件1有效: \/www\/wwwroot\/tdata.tgbota.top\/public\/uploads\/admin\/202512\/693ae4ce1e6a2.jpg (87512字节)","发送单个文件: \/www\/wwwroot\/tdata.tgbota.top\/public\/uploads\/admin\/202512\/693ae4ce1e6a2.jpg"],"warning":""}}
[2026-01-29T23:38:41+08:00][info] 消息ID缓存成功: task_id=28, group_id=https://t.me/+Hg62NsrbOCZmZmY8, msg_index=1130, message_id=4444
[2026-01-29T23:38:41+08:00][info] 消息状态标记为已发送: task_id=28, group_id=https://t.me/+Hg62NsrbOCZmZmY8, msg_index=1130
[2026-01-29T23:38:41+08:00][info] 任务 28 将在 70 秒后继续处理下一条消息，索引: 1131, 实例ID: task_28_index_1131_1769701121.3646
[2026-01-29T23:38:41+08:00][info] 开始处理队列任务: task_id=26, current_index=1421
[2026-01-29T23:38:41+08:00][info] 消息缓存初始化完成: task_id=26, groups=https://t.me/+whdGi5iPfw40ZDMx
[2026-01-29T23:38:41+08:00][info] 任务 26 第 2 次循环，重置群组 https://t.me/+whdGi5iPfw40ZDMx 消息状态
[2026-01-29T23:38:44+08:00][info] 返回:{"status":true,"message":"发送完成，成功1个，失败0个[]","data":{"success":[{"group_id":3642748012,"group_link":"https:\/\/t.me\/+whdGi5iPfw40ZDMx","type":"megagroup","message":"发送成功","message_id":15272}],"failed":[],"debug":["处理标识符: https:\/\/t.me\/+whdGi5iPfw40ZDMx, 清理后: https:\/\/t.me\/+whdGi5iPfw40ZDMx, 识别为链接: True, 识别为数字ID: False"],"warning":""}}
[2026-01-29T23:38:44+08:00][info] 消息ID缓存成功: task_id=26, group_id=https://t.me/+whdGi5iPfw40ZDMx, msg_index=1421, message_id=15272
[2026-01-29T23:38:44+08:00][info] 消息状态标记为已发送: task_id=26, group_id=https://t.me/+whdGi5iPfw40ZDMx, msg_index=1421
[2026-01-29T23:38:44+08:00][info] 任务 26 将在 75 秒后继续处理下一条消息，索引: 1422, 实例ID: task_26_index_1422_1769701124.7934
[2026-01-29T23:38:44+08:00][info] 开始处理队列任务: task_id=27, current_index=1443
[2026-01-29T23:38:45+08:00][info] 消息缓存初始化完成: task_id=27, groups=https://t.me/+_XaTo9Qrv0VjOTM0
[2026-01-29T23:38:45+08:00][info] 任务 27 第 2 次循环，重置群组 https://t.me/+_XaTo9Qrv0VjOTM0 消息状态
[2026-01-29T23:38:45+08:00][info] 使用feedbackType=1439的消息ID: 15335
[2026-01-29T23:38:48+08:00][info] 返回:{"status":true,"message":"发送完成，成功1个，失败0个[]","data":{"success":[{"group_id":3649225144,"group_link":"https:\/\/t.me\/+_XaTo9Qrv0VjOTM0","type":"megagroup","message":"发送成功","message_id":15340}],"failed":[],"debug":["处理标识符: https:\/\/t.me\/+_XaTo9Qrv0VjOTM0, 清理后: https:\/\/t.me\/+_XaTo9Qrv0VjOTM0, 识别为链接: True, 识别为数字ID: False"],"warning":""}}
[2026-01-29T23:38:48+08:00][info] 消息ID缓存成功: task_id=27, group_id=https://t.me/+_XaTo9Qrv0VjOTM0, msg_index=1443, message_id=15340
[2026-01-29T23:38:48+08:00][info] 消息状态标记为已发送: task_id=27, group_id=https://t.me/+_XaTo9Qrv0VjOTM0, msg_index=1443
[2026-01-29T23:38:48+08:00][info] 任务 27 将在 78 秒后继续处理下一条消息，索引: 1444, 实例ID: task_27_index_1444_1769701128.2135
[2026-01-29T23:38:48+08:00][info] 开始处理队列任务: task_id=28, current_index=1131
[2026-01-29T23:38:51+08:00][info] 返回:{"status":true,"message":"发送完成，成功1个，失败0个[]","data":{"success":[{"group_id":3657218256,"group_link":"https:\/\/t.me\/+Hg62NsrbOCZmZmY8","type":"megagroup","message":"发送成功","message_id":4445}],"failed":[],"debug":["处理标识符: https:\/\/t.me\/+Hg62NsrbOCZmZmY8, 清理后: https:\/\/t.me\/+Hg62NsrbOCZmZmY8, 识别为链接: True, 识别为数字ID: False"],"warning":""}}
[2026-01-29T23:38:51+08:00][info] 消息ID缓存成功: task_id=28, group_id=https://t.me/+Hg62NsrbOCZmZmY8, msg_index=1131, message_id=4445
[2026-01-29T23:38:51+08:00][info] 消息状态标记为已发送: task_id=28, group_id=https://t.me/+Hg62NsrbOCZmZmY8, msg_index=1131
[2026-01-29T23:38:51+08:00][info] 任务 28 将在 130 秒后继续处理下一条消息，索引: 1132, 实例ID: task_28_index_1132_1769701131.6488
[2026-01-29T23:38:51+08:00][info] 开始处理队列任务: task_id=29, current_index=432
[2026-01-29T23:38:54+08:00][info] 返回:{"status":true,"message":"发送完成，成功1个，失败0个[]","data":{"success":[{"group_id":3780502866,"group_link":"https:\/\/t.me\/+WZlsKfz1W89jYjE0","type":"megagroup","message":"发送成功","message_id":3731}],"failed":[],"debug":["处理标识符: https:\/\/t.me\/+WZlsKfz1W89jYjE0, 清理后: https:\/\/t.me\/+WZlsKfz1W89jYjE0, 识别为链接: True, 识别为数字ID: False"],"warning":""}}
[2026-01-29T23:38:54+08:00][info] 消息ID缓存成功: task_id=29, group_id=https://t.me/+WZlsKfz1W89jYjE0, msg_index=432, message_id=3731
[2026-01-29T23:38:54+08:00][info] 消息状态标记为已发送: task_id=29, group_id=https://t.me/+WZlsKfz1W89jYjE0, msg_index=432
[2026-01-29T23:38:54+08:00][info] 任务 29 将在 70 秒后继续处理下一条消息，索引: 433, 实例ID: task_29_index_433_1769701134.224
[2026-01-29T23:39:15+08:00][info] 开始处理队列任务: task_id=29, current_index=433
[2026-01-29T23:39:19+08:00][info] 返回:{"status":true,"message":"发送完成，成功1个，失败0个[]","data":{"success":[{"group_id":3780502866,"group_link":"https:\/\/t.me\/+WZlsKfz1W89jYjE0","type":"megagroup","message":"发送成功","message_id":3732}],"failed":[],"debug":["处理标识符: https:\/\/t.me\/+WZlsKfz1W89jYjE0, 清理后: https:\/\/t.me\/+WZlsKfz1W89jYjE0, 识别为链接: True, 识别为数字ID: False","文件1有效: \/www\/wwwroot\/tdata.tgbota.top\/public\/uploads\/admin\/202512\/693ae46969ada.jpg (87512字节)","发送单个文件: \/www\/wwwroot\/tdata.tgbota.top\/public\/uploads\/admin\/202512\/693ae46969ada.jpg"],"warning":""}}
[2026-01-29T23:39:19+08:00][info] 消息ID缓存成功: task_id=29, group_id=https://t.me/+WZlsKfz1W89jYjE0, msg_index=433, message_id=3732
[2026-01-29T23:39:19+08:00][info] 消息状态标记为已发送: task_id=29, group_id=https://t.me/+WZlsKfz1W89jYjE0, msg_index=433
[2026-01-29T23:39:19+08:00][info] 任务 29 将在 68 秒后继续处理下一条消息，索引: 434, 实例ID: task_29_index_434_1769701159.1216
[2026-01-29T23:39:40+08:00][info] 开始处理队列任务: task_id=25, current_index=513
[2026-01-29T23:39:40+08:00][info] 消息缓存初始化完成: task_id=25, groups=https://t.me/+HZFEhfAwKjhmZDZk
[2026-01-29T23:39:40+08:00][info] 任务 25 第 2 次循环，重置群组 https://t.me/+HZFEhfAwKjhmZDZk 消息状态
[2026-01-29T23:39:44+08:00][info] 返回:{"status":true,"message":"发送完成，成功1个，失败0个[]","data":{"success":[{"group_id":3482989339,"group_link":"https:\/\/t.me\/+HZFEhfAwKjhmZDZk","type":"megagroup","message":"发送成功","message_id":12627}],"failed":[],"debug":["处理标识符: https:\/\/t.me\/+HZFEhfAwKjhmZDZk, 清理后: https:\/\/t.me\/+HZFEhfAwKjhmZDZk, 识别为链接: True, 识别为数字ID: False","文件1有效: \/www\/wwwroot\/tdata.tgbota.top\/public\/uploads\/admin\/202512\/693ae4257dd82.jpg (16866字节)","发送单个文件: \/www\/wwwroot\/tdata.tgbota.top\/public\/uploads\/admin\/202512\/693ae4257dd82.jpg"],"warning":""}}
[2026-01-29T23:39:44+08:00][info] 消息ID缓存成功: task_id=25, group_id=https://t.me/+HZFEhfAwKjhmZDZk, msg_index=513, message_id=12627
[2026-01-29T23:39:44+08:00][info] 消息状态标记为已发送: task_id=25, group_id=https://t.me/+HZFEhfAwKjhmZDZk, msg_index=513
[2026-01-29T23:39:44+08:00][info] 任务 25 将在 100 秒后继续处理下一条消息，索引: 514, 实例ID: task_25_index_514_1769701184.9162
[2026-01-29T23:39:53+08:00][info] 开始处理队列任务: task_id=28, current_index=1132
[2026-01-29T23:39:58+08:00][info] 返回:{"status":true,"message":"发送完成，成功1个，失败0个[]","data":{"success":[{"group_id":3657218256,"group_link":"https:\/\/t.me\/+Hg62NsrbOCZmZmY8","type":"megagroup","message":"发送成功","message_id":4446}],"failed":[],"debug":["处理标识符: https:\/\/t.me\/+Hg62NsrbOCZmZmY8, 清理后: https:\/\/t.me\/+Hg62NsrbOCZmZmY8, 识别为链接: True, 识别为数字ID: False"],"warning":""}}
[2026-01-29T23:39:58+08:00][info] 消息ID缓存成功: task_id=28, group_id=https://t.me/+Hg62NsrbOCZmZmY8, msg_index=1132, message_id=4446
[2026-01-29T23:39:58+08:00][info] 消息状态标记为已发送: task_id=28, group_id=https://t.me/+Hg62NsrbOCZmZmY8, msg_index=1132
[2026-01-29T23:39:58+08:00][info] 任务 28 将在 98 秒后继续处理下一条消息，索引: 1133, 实例ID: task_28_index_1133_1769701198.796
[2026-01-29T23:39:58+08:00][info] 开始处理队列任务: task_id=27, current_index=1444
[2026-01-29T23:39:59+08:00][info] 消息缓存初始化完成: task_id=27, groups=https://t.me/+_XaTo9Qrv0VjOTM0
[2026-01-29T23:39:59+08:00][info] 任务 27 第 2 次循环，重置群组 https://t.me/+_XaTo9Qrv0VjOTM0 消息状态
[2026-01-29T23:40:02+08:00][info] 返回:{"status":true,"message":"发送完成，成功1个，失败0个[]","data":{"success":[{"group_id":3649225144,"group_link":"https:\/\/t.me\/+_XaTo9Qrv0VjOTM0","type":"megagroup","message":"发送成功","message_id":15341}],"failed":[],"debug":["处理标识符: https:\/\/t.me\/+_XaTo9Qrv0VjOTM0, 清理后: https:\/\/t.me\/+_XaTo9Qrv0VjOTM0, 识别为链接: True, 识别为数字ID: False","文件1有效: \/www\/wwwroot\/tdata.tgbota.top\/public\/uploads\/admin\/202512\/693ae46524859.jpg (23975字节)","发送单个文件: \/www\/wwwroot\/tdata.tgbota.top\/public\/uploads\/admin\/202512\/693ae46524859.jpg"],"warning":""}}
[2026-01-29T23:40:02+08:00][info] 消息ID缓存成功: task_id=27, group_id=https://t.me/+_XaTo9Qrv0VjOTM0, msg_index=1444, message_id=15341
[2026-01-29T23:40:02+08:00][info] 消息状态标记为已发送: task_id=27, group_id=https://t.me/+_XaTo9Qrv0VjOTM0, msg_index=1444
[2026-01-29T23:40:02+08:00][info] 任务 27 将在 85 秒后继续处理下一条消息，索引: 1445, 实例ID: task_27_index_1445_1769701202.4926
[2026-01-29T23:40:02+08:00][info] 开始处理队列任务: task_id=26, current_index=1422
[2026-01-29T23:40:02+08:00][info] 消息缓存初始化完成: task_id=26, groups=https://t.me/+whdGi5iPfw40ZDMx
[2026-01-29T23:40:02+08:00][info] 任务 26 第 2 次循环，重置群组 https://t.me/+whdGi5iPfw40ZDMx 消息状态
[2026-01-29T23:40:06+08:00][info] 返回:{"status":true,"message":"发送完成，成功1个，失败0个[]","data":{"success":[{"group_id":3642748012,"group_link":"https:\/\/t.me\/+whdGi5iPfw40ZDMx","type":"megagroup","message":"发送成功","message_id":15273}],"failed":[],"debug":["处理标识符: https:\/\/t.me\/+whdGi5iPfw40ZDMx, 清理后: https:\/\/t.me\/+whdGi5iPfw40ZDMx, 识别为链接: True, 识别为数字ID: False","文件1有效: \/www\/wwwroot\/tdata.tgbota.top\/public\/uploads\/admin\/202512\/693ae4366b6de.jpg (37338字节)","发送单个文件: \/www\/wwwroot\/tdata.tgbota.top\/public\/uploads\/admin\/202512\/693ae4366b6de.jpg"],"warning":""}}
[2026-01-29T23:40:06+08:00][info] 消息ID缓存成功: task_id=26, group_id=https://t.me/+whdGi5iPfw40ZDMx, msg_index=1422, message_id=15273
[2026-01-29T23:40:06+08:00][info] 消息状态标记为已发送: task_id=26, group_id=https://t.me/+whdGi5iPfw40ZDMx, msg_index=1422
[2026-01-29T23:40:06+08:00][info] 任务 26 将在 87 秒后继续处理下一条消息，索引: 1423, 实例ID: task_26_index_1423_1769701206.3971
[2026-01-29T23:40:06+08:00][info] 开始处理队列任务: task_id=29, current_index=434
[2026-01-29T23:40:09+08:00][info] 返回:{"status":true,"message":"发送完成，成功1个，失败0个[]","data":{"success":[{"group_id":3780502866,"group_link":"https:\/\/t.me\/+WZlsKfz1W89jYjE0","type":"megagroup","message":"发送成功","message_id":3733}],"failed":[],"debug":["处理标识符: https:\/\/t.me\/+WZlsKfz1W89jYjE0, 清理后: https:\/\/t.me\/+WZlsKfz1W89jYjE0, 识别为链接: True, 识别为数字ID: False","文件1有效: \/www\/wwwroot\/tdata.tgbota.top\/public\/uploads\/admin\/202512\/693ae46524859.jpg (23975字节)","发送单个文件: \/www\/wwwroot\/tdata.tgbota.top\/public\/uploads\/admin\/202512\/693ae46524859.jpg"],"warning":""}}
[2026-01-29T23:40:09+08:00][info] 消息ID缓存成功: task_id=29, group_id=https://t.me/+WZlsKfz1W89jYjE0, msg_index=434, message_id=3733
[2026-01-29T23:40:09+08:00][info] 消息状态标记为已发送: task_id=29, group_id=https://t.me/+WZlsKfz1W89jYjE0, msg_index=434
[2026-01-29T23:40:09+08:00][info] 任务 29 将在 76 秒后继续处理下一条消息，索引: 435, 实例ID: task_29_index_435_1769701209.84
[2026-01-29T23:40:09+08:00][info] 开始处理队列任务: task_id=27, current_index=1445
[2026-01-29T23:40:10+08:00][info] 消息缓存初始化完成: task_id=27, groups=https://t.me/+_XaTo9Qrv0VjOTM0
[2026-01-29T23:40:10+08:00][info] 任务 27 第 2 次循环，重置群组 https://t.me/+_XaTo9Qrv0VjOTM0 消息状态
[2026-01-29T23:40:12+08:00][info] 返回:{"status":true,"message":"发送完成，成功1个，失败0个[]","data":{"success":[{"group_id":3649225144,"group_link":"https:\/\/t.me\/+_XaTo9Qrv0VjOTM0","type":"megagroup","message":"发送成功","message_id":15342}],"failed":[],"debug":["处理标识符: https:\/\/t.me\/+_XaTo9Qrv0VjOTM0, 清理后: https:\/\/t.me\/+_XaTo9Qrv0VjOTM0, 识别为链接: True, 识别为数字ID: False"],"warning":""}}
[2026-01-29T23:40:12+08:00][info] 消息ID缓存成功: task_id=27, group_id=https://t.me/+_XaTo9Qrv0VjOTM0, msg_index=1445, message_id=15342
[2026-01-29T23:40:12+08:00][info] 消息状态标记为已发送: task_id=27, group_id=https://t.me/+_XaTo9Qrv0VjOTM0, msg_index=1445
[2026-01-29T23:40:13+08:00][info] 任务 27 将在 77 秒后继续处理下一条消息，索引: 1446, 实例ID: task_27_index_1446_1769701213.0191
[2026-01-29T23:40:13+08:00][info] 开始处理队列任务: task_id=29, current_index=435
[2026-01-29T23:40:15+08:00][info] 返回:{"status":true,"message":"发送完成，成功1个，失败0个[]","data":{"success":[{"group_id":3780502866,"group_link":"https:\/\/t.me\/+WZlsKfz1W89jYjE0","type":"megagroup","message":"发送成功","message_id":3734}],"failed":[],"debug":["处理标识符: https:\/\/t.me\/+WZlsKfz1W89jYjE0, 清理后: https:\/\/t.me\/+WZlsKfz1W89jYjE0, 识别为链接: True, 识别为数字ID: False"],"warning":""}}
[2026-01-29T23:40:15+08:00][info] 消息ID缓存成功: task_id=29, group_id=https://t.me/+WZlsKfz1W89jYjE0, msg_index=435, message_id=3734
[2026-01-29T23:40:15+08:00][info] 消息状态标记为已发送: task_id=29, group_id=https://t.me/+WZlsKfz1W89jYjE0, msg_index=435
[2026-01-29T23:40:15+08:00][info] 任务 29 将在 106 秒后继续处理下一条消息，索引: 436, 实例ID: task_29_index_436_1769701215.6828
[2026-01-29T23:40:27+08:00][info] 开始处理队列任务: task_id=29, current_index=436
[2026-01-29T23:40:30+08:00][info] 返回:{"status":true,"message":"发送完成，成功1个，失败0个[]","data":{"success":[{"group_id":3780502866,"group_link":"https:\/\/t.me\/+WZlsKfz1W89jYjE0","type":"megagroup","message":"发送成功","message_id":3735}],"failed":[],"debug":["处理标识符: https:\/\/t.me\/+WZlsKfz1W89jYjE0, 清理后: https:\/\/t.me\/+WZlsKfz1W89jYjE0, 识别为链接: True, 识别为数字ID: False"],"warning":""}}
[2026-01-29T23:40:30+08:00][info] 消息ID缓存成功: task_id=29, group_id=https://t.me/+WZlsKfz1W89jYjE0, msg_index=436, message_id=3735
[2026-01-29T23:40:30+08:00][info] 消息状态标记为已发送: task_id=29, group_id=https://t.me/+WZlsKfz1W89jYjE0, msg_index=436
[2026-01-29T23:40:30+08:00][info] 任务 29 将在 115 秒后继续处理下一条消息，索引: 437, 实例ID: task_29_index_437_1769701230.33
[2026-01-29T23:41:03+08:00][info] 开始处理队列任务: task_id=28, current_index=1133
[2026-01-29T23:41:07+08:00][info] 返回:{"status":true,"message":"发送完成，成功1个，失败0个[]","data":{"success":[{"group_id":3657218256,"group_link":"https:\/\/t.me\/+Hg62NsrbOCZmZmY8","type":"megagroup","message":"发送成功","message_id":4447}],"failed":[],"debug":["处理标识符: https:\/\/t.me\/+Hg62NsrbOCZmZmY8, 清理后: https:\/\/t.me\/+Hg62NsrbOCZmZmY8, 识别为链接: True, 识别为数字ID: False"],"warning":""}}
[2026-01-29T23:41:07+08:00][info] 消息ID缓存成功: task_id=28, group_id=https://t.me/+Hg62NsrbOCZmZmY8, msg_index=1133, message_id=4447
[2026-01-29T23:41:07+08:00][info] 消息状态标记为已发送: task_id=28, group_id=https://t.me/+Hg62NsrbOCZmZmY8, msg_index=1133
[2026-01-29T23:41:07+08:00][info] 任务 28 将在 103 秒后继续处理下一条消息，索引: 1134, 实例ID: task_28_index_1134_1769701267.7964
[2026-01-29T23:41:25+08:00][info] 开始处理队列任务: task_id=25, current_index=514
[2026-01-29T23:41:26+08:00][info] 消息缓存初始化完成: task_id=25, groups=https://t.me/+HZFEhfAwKjhmZDZk
[2026-01-29T23:41:26+08:00][info] 任务 25 第 2 次循环，重置群组 https://t.me/+HZFEhfAwKjhmZDZk 消息状态
[2026-01-29T23:41:29+08:00][info] 返回:{"status":true,"message":"发送完成，成功1个，失败0个[]","data":{"success":[{"group_id":3482989339,"group_link":"https:\/\/t.me\/+HZFEhfAwKjhmZDZk","type":"megagroup","message":"发送成功","message_id":12628}],"failed":[],"debug":["处理标识符: https:\/\/t.me\/+HZFEhfAwKjhmZDZk, 清理后: https:\/\/t.me\/+HZFEhfAwKjhmZDZk, 识别为链接: True, 识别为数字ID: False"],"warning":""}}
[2026-01-29T23:41:29+08:00][info] 消息ID缓存成功: task_id=25, group_id=https://t.me/+HZFEhfAwKjhmZDZk, msg_index=514, message_id=12628
[2026-01-29T23:41:29+08:00][info] 消息状态标记为已发送: task_id=25, group_id=https://t.me/+HZFEhfAwKjhmZDZk, msg_index=514
[2026-01-29T23:41:29+08:00][info] 任务 25 将在 79 秒后继续处理下一条消息，索引: 515, 实例ID: task_25_index_515_1769701289.6657
[2026-01-29T23:41:29+08:00][info] 开始处理队列任务: task_id=29, current_index=437
[2026-01-29T23:41:32+08:00][info] 返回:{"status":true,"message":"发送完成，成功1个，失败0个[]","data":{"success":[{"group_id":3780502866,"group_link":"https:\/\/t.me\/+WZlsKfz1W89jYjE0","type":"megagroup","message":"发送成功","message_id":3736}],"failed":[],"debug":["处理标识符: https:\/\/t.me\/+WZlsKfz1W89jYjE0, 清理后: https:\/\/t.me\/+WZlsKfz1W89jYjE0, 识别为链接: True, 识别为数字ID: False"],"warning":""}}
[2026-01-29T23:41:32+08:00][info] 消息ID缓存成功: task_id=29, group_id=https://t.me/+WZlsKfz1W89jYjE0, msg_index=437, message_id=3736
[2026-01-29T23:41:32+08:00][info] 消息状态标记为已发送: task_id=29, group_id=https://t.me/+WZlsKfz1W89jYjE0, msg_index=437
[2026-01-29T23:41:32+08:00][info] 任务 29 将在 121 秒后继续处理下一条消息，索引: 438, 实例ID: task_29_index_438_1769701292.2659
[2026-01-29T23:41:32+08:00][info] 开始处理队列任务: task_id=27, current_index=1446
[2026-01-29T23:41:32+08:00][info] 消息缓存初始化完成: task_id=27, groups=https://t.me/+_XaTo9Qrv0VjOTM0
[2026-01-29T23:41:32+08:00][info] 任务 27 第 2 次循环，重置群组 https://t.me/+_XaTo9Qrv0VjOTM0 消息状态
[2026-01-29T23:41:35+08:00][info] 返回:{"status":true,"message":"发送完成，成功1个，失败0个[]","data":{"success":[{"group_id":3649225144,"group_link":"https:\/\/t.me\/+_XaTo9Qrv0VjOTM0","type":"megagroup","message":"发送成功","message_id":15343}],"failed":[],"debug":["处理标识符: https:\/\/t.me\/+_XaTo9Qrv0VjOTM0, 清理后: https:\/\/t.me\/+_XaTo9Qrv0VjOTM0, 识别为链接: True, 识别为数字ID: False"],"warning":""}}
[2026-01-29T23:41:35+08:00][info] 消息ID缓存成功: task_id=27, group_id=https://t.me/+_XaTo9Qrv0VjOTM0, msg_index=1446, message_id=15343
[2026-01-29T23:41:35+08:00][info] 消息状态标记为已发送: task_id=27, group_id=https://t.me/+_XaTo9Qrv0VjOTM0, msg_index=1446
[2026-01-29T23:41:35+08:00][info] 任务 27 将在 91 秒后继续处理下一条消息，索引: 1447, 实例ID: task_27_index_1447_1769701295.1398
[2026-01-29T23:41:35+08:00][info] 开始处理队列任务: task_id=27, current_index=1447
[2026-01-29T23:41:35+08:00][info] 消息缓存初始化完成: task_id=27, groups=https://t.me/+_XaTo9Qrv0VjOTM0
[2026-01-29T23:41:35+08:00][info] 任务 27 第 2 次循环，重置群组 https://t.me/+_XaTo9Qrv0VjOTM0 消息状态
[2026-01-29T23:41:38+08:00][info] 返回:{"status":true,"message":"发送完成，成功1个，失败0个[]","data":{"success":[{"group_id":3649225144,"group_link":"https:\/\/t.me\/+_XaTo9Qrv0VjOTM0","type":"megagroup","message":"发送成功","message_id":15344}],"failed":[],"debug":["处理标识符: https:\/\/t.me\/+_XaTo9Qrv0VjOTM0, 清理后: https:\/\/t.me\/+_XaTo9Qrv0VjOTM0, 识别为链接: True, 识别为数字ID: False"],"warning":""}}
[2026-01-29T23:41:38+08:00][info] 消息ID缓存成功: task_id=27, group_id=https://t.me/+_XaTo9Qrv0VjOTM0, msg_index=1447, message_id=15344
[2026-01-29T23:41:38+08:00][info] 消息状态标记为已发送: task_id=27, group_id=https://t.me/+_XaTo9Qrv0VjOTM0, msg_index=1447
[2026-01-29T23:41:38+08:00][info] 任务 27 将在 100 秒后继续处理下一条消息，索引: 1448, 实例ID: task_27_index_1448_1769701298.3553
[2026-01-29T23:41:38+08:00][info] 开始处理队列任务: task_id=26, current_index=1423
[2026-01-29T23:41:38+08:00][info] 消息缓存初始化完成: task_id=26, groups=https://t.me/+whdGi5iPfw40ZDMx
[2026-01-29T23:41:38+08:00][info] 任务 26 第 2 次循环，重置群组 https://t.me/+whdGi5iPfw40ZDMx 消息状态
[2026-01-29T23:41:38+08:00][info] 使用feedbackType=1421的消息ID: 15271
[2026-01-29T23:41:41+08:00][info] 返回:{"status":true,"message":"发送完成，成功1个，失败0个[]","data":{"success":[{"group_id":3642748012,"group_link":"https:\/\/t.me\/+whdGi5iPfw40ZDMx","type":"megagroup","message":"发送成功","message_id":15274}],"failed":[],"debug":["处理标识符: https:\/\/t.me\/+whdGi5iPfw40ZDMx, 清理后: https:\/\/t.me\/+whdGi5iPfw40ZDMx, 识别为链接: True, 识别为数字ID: False"],"warning":""}}
[2026-01-29T23:41:41+08:00][info] 消息ID缓存成功: task_id=26, group_id=https://t.me/+whdGi5iPfw40ZDMx, msg_index=1423, message_id=15274
[2026-01-29T23:41:41+08:00][info] 消息状态标记为已发送: task_id=26, group_id=https://t.me/+whdGi5iPfw40ZDMx, msg_index=1423
[2026-01-29T23:41:41+08:00][info] 任务 26 将在 100 秒后继续处理下一条消息，索引: 1424, 实例ID: task_26_index_1424_1769701301.8446
[2026-01-29T23:41:41+08:00][info] 开始处理队列任务: task_id=28, current_index=1134
[2026-01-29T23:41:44+08:00][info] 返回:{"status":true,"message":"发送完成，成功1个，失败0个[]","data":{"success":[{"group_id":3657218256,"group_link":"https:\/\/t.me\/+Hg62NsrbOCZmZmY8","type":"megagroup","message":"发送成功","message_id":4448}],"failed":[],"debug":["处理标识符: https:\/\/t.me\/+Hg62NsrbOCZmZmY8, 清理后: https:\/\/t.me\/+Hg62NsrbOCZmZmY8, 识别为链接: True, 识别为数字ID: False"],"warning":""}}
[2026-01-29T23:41:44+08:00][info] 消息ID缓存成功: task_id=28, group_id=https://t.me/+Hg62NsrbOCZmZmY8, msg_index=1134, message_id=4448
[2026-01-29T23:41:44+08:00][info] 消息状态标记为已发送: task_id=28, group_id=https://t.me/+Hg62NsrbOCZmZmY8, msg_index=1134
[2026-01-29T23:41:44+08:00][info] 任务 28 将在 80 秒后继续处理下一条消息，索引: 1135, 实例ID: task_28_index_1135_1769701304.8087
[2026-01-29T23:42:02+08:00][info] 开始处理队列任务: task_id=29, current_index=438
[2026-01-29T23:42:05+08:00][info] 返回:{"status":true,"message":"发送完成，成功1个，失败0个[]","data":{"success":[{"group_id":3780502866,"group_link":"https:\/\/t.me\/+WZlsKfz1W89jYjE0","type":"megagroup","message":"发送成功","message_id":3737}],"failed":[],"debug":["处理标识符: https:\/\/t.me\/+WZlsKfz1W89jYjE0, 清理后: https:\/\/t.me\/+WZlsKfz1W89jYjE0, 识别为链接: True, 识别为数字ID: False"],"warning":""}}
[2026-01-29T23:42:05+08:00][info] 消息ID缓存成功: task_id=29, group_id=https://t.me/+WZlsKfz1W89jYjE0, msg_index=438, message_id=3737
[2026-01-29T23:42:05+08:00][info] 消息状态标记为已发送: task_id=29, group_id=https://t.me/+WZlsKfz1W89jYjE0, msg_index=438
[2026-01-29T23:42:05+08:00][info] 任务 29 将在 130 秒后继续处理下一条消息，索引: 439, 实例ID: task_29_index_439_1769701325.5046
[2026-01-29T23:42:26+08:00][info] 开始处理队列任务: task_id=29, current_index=439
[2026-01-29T23:42:29+08:00][info] 返回:{"status":true,"message":"发送完成，成功1个，失败0个[]","data":{"success":[{"group_id":3780502866,"group_link":"https:\/\/t.me\/+WZlsKfz1W89jYjE0","type":"megagroup","message":"发送成功","message_id":3738}],"failed":[],"debug":["处理标识符: https:\/\/t.me\/+WZlsKfz1W89jYjE0, 清理后: https:\/\/t.me\/+WZlsKfz1W89jYjE0, 识别为链接: True, 识别为数字ID: False"],"warning":""}}
[2026-01-29T23:42:29+08:00][info] 消息ID缓存成功: task_id=29, group_id=https://t.me/+WZlsKfz1W89jYjE0, msg_index=439, message_id=3738
[2026-01-29T23:42:29+08:00][info] 消息状态标记为已发送: task_id=29, group_id=https://t.me/+WZlsKfz1W89jYjE0, msg_index=439
[2026-01-29T23:42:29+08:00][info] 任务 29 将在 100 秒后继续处理下一条消息，索引: 440, 实例ID: task_29_index_440_1769701349.2352
[2026-01-29T23:42:50+08:00][info] 开始处理队列任务: task_id=25, current_index=515
[2026-01-29T23:42:50+08:00][info] 消息缓存初始化完成: task_id=25, groups=https://t.me/+HZFEhfAwKjhmZDZk
[2026-01-29T23:42:50+08:00][info] 任务 25 第 2 次循环，重置群组 https://t.me/+HZFEhfAwKjhmZDZk 消息状态
[2026-01-29T23:42:54+08:00][info] 返回:{"status":true,"message":"发送完成，成功1个，失败0个[]","data":{"success":[{"group_id":3482989339,"group_link":"https:\/\/t.me\/+HZFEhfAwKjhmZDZk","type":"megagroup","message":"发送成功","message_id":12629}],"failed":[],"debug":["处理标识符: https:\/\/t.me\/+HZFEhfAwKjhmZDZk, 清理后: https:\/\/t.me\/+HZFEhfAwKjhmZDZk, 识别为链接: True, 识别为数字ID: False"],"warning":""}}
[2026-01-29T23:42:54+08:00][info] 消息ID缓存成功: task_id=25, group_id=https://t.me/+HZFEhfAwKjhmZDZk, msg_index=515, message_id=12629
[2026-01-29T23:42:54+08:00][info] 消息状态标记为已发送: task_id=25, group_id=https://t.me/+HZFEhfAwKjhmZDZk, msg_index=515
[2026-01-29T23:42:54+08:00][info] 任务 25 将在 95 秒后继续处理下一条消息，索引: 516, 实例ID: task_25_index_516_1769701374.6475
[2026-01-29T23:42:54+08:00][info] 开始处理队列任务: task_id=28, current_index=1135
[2026-01-29T23:42:58+08:00][info] 返回:{"status":true,"message":"发送完成，成功1个，失败0个[]","data":{"success":[{"group_id":3657218256,"group_link":"https:\/\/t.me\/+Hg62NsrbOCZmZmY8","type":"megagroup","message":"发送成功","message_id":4449}],"failed":[],"debug":["处理标识符: https:\/\/t.me\/+Hg62NsrbOCZmZmY8, 清理后: https:\/\/t.me\/+Hg62NsrbOCZmZmY8, 识别为链接: True, 识别为数字ID: False"],"warning":""}}
[2026-01-29T23:42:58+08:00][info] 消息ID缓存成功: task_id=28, group_id=https://t.me/+Hg62NsrbOCZmZmY8, msg_index=1135, message_id=4449
[2026-01-29T23:42:58+08:00][info] 消息状态标记为已发送: task_id=28, group_id=https://t.me/+Hg62NsrbOCZmZmY8, msg_index=1135
[2026-01-29T23:42:59+08:00][info] 任务 28 将在 100 秒后继续处理下一条消息，索引: 1136, 实例ID: task_28_index_1136_1769701379.0003
[2026-01-29T23:43:05+08:00][info] 开始处理队列任务: task_id=28, current_index=1136
[2026-01-29T23:43:07+08:00][info] 返回:{"status":true,"message":"发送完成，成功1个，失败0个[]","data":{"success":[{"group_id":3657218256,"group_link":"https:\/\/t.me\/+Hg62NsrbOCZmZmY8","type":"megagroup","message":"发送成功","message_id":4450}],"failed":[],"debug":["处理标识符: https:\/\/t.me\/+Hg62NsrbOCZmZmY8, 清理后: https:\/\/t.me\/+Hg62NsrbOCZmZmY8, 识别为链接: True, 识别为数字ID: False"],"warning":""}}
[2026-01-29T23:43:07+08:00][info] 消息ID缓存成功: task_id=28, group_id=https://t.me/+Hg62NsrbOCZmZmY8, msg_index=1136, message_id=4450
[2026-01-29T23:43:07+08:00][info] 消息状态标记为已发送: task_id=28, group_id=https://t.me/+Hg62NsrbOCZmZmY8, msg_index=1136
[2026-01-29T23:43:07+08:00][info] 任务 28 将在 95 秒后继续处理下一条消息，索引: 1137, 实例ID: task_28_index_1137_1769701387.7273
[2026-01-29T23:43:07+08:00][info] 开始处理队列任务: task_id=27, current_index=1448
[2026-01-29T23:43:08+08:00][info] 消息缓存初始化完成: task_id=27, groups=https://t.me/+_XaTo9Qrv0VjOTM0
[2026-01-29T23:43:08+08:00][info] 任务 27 第 2 次循环，重置群组 https://t.me/+_XaTo9Qrv0VjOTM0 消息状态
[2026-01-29T23:43:10+08:00][info] 返回:{"status":true,"message":"发送完成，成功1个，失败0个[]","data":{"success":[{"group_id":3649225144,"group_link":"https:\/\/t.me\/+_XaTo9Qrv0VjOTM0","type":"megagroup","message":"发送成功","message_id":15345}],"failed":[],"debug":["处理标识符: https:\/\/t.me\/+_XaTo9Qrv0VjOTM0, 清理后: https:\/\/t.me\/+_XaTo9Qrv0VjOTM0, 识别为链接: True, 识别为数字ID: False"],"warning":""}}
[2026-01-29T23:43:10+08:00][info] 消息ID缓存成功: task_id=27, group_id=https://t.me/+_XaTo9Qrv0VjOTM0, msg_index=1448, message_id=15345
[2026-01-29T23:43:10+08:00][info] 消息状态标记为已发送: task_id=27, group_id=https://t.me/+_XaTo9Qrv0VjOTM0, msg_index=1448
[2026-01-29T23:43:10+08:00][info] 任务 27 将在 65 秒后继续处理下一条消息，索引: 1449, 实例ID: task_27_index_1449_1769701390.6382
[2026-01-29T23:43:19+08:00][info] 开始处理队列任务: task_id=27, current_index=1449
[2026-01-29T23:43:19+08:00][info] 消息缓存初始化完成: task_id=27, groups=https://t.me/+_XaTo9Qrv0VjOTM0
[2026-01-29T23:43:19+08:00][info] 任务 27 第 2 次循环，重置群组 https://t.me/+_XaTo9Qrv0VjOTM0 消息状态
[2026-01-29T23:43:22+08:00][info] 返回:{"status":true,"message":"发送完成，成功1个，失败0个[]","data":{"success":[{"group_id":3649225144,"group_link":"https:\/\/t.me\/+_XaTo9Qrv0VjOTM0","type":"megagroup","message":"发送成功","message_id":15346}],"failed":[],"debug":["处理标识符: https:\/\/t.me\/+_XaTo9Qrv0VjOTM0, 清理后: https:\/\/t.me\/+_XaTo9Qrv0VjOTM0, 识别为链接: True, 识别为数字ID: False"],"warning":""}}
[2026-01-29T23:43:22+08:00][info] 消息ID缓存成功: task_id=27, group_id=https://t.me/+_XaTo9Qrv0VjOTM0, msg_index=1449, message_id=15346
[2026-01-29T23:43:22+08:00][info] 消息状态标记为已发送: task_id=27, group_id=https://t.me/+_XaTo9Qrv0VjOTM0, msg_index=1449
[2026-01-29T23:43:22+08:00][info] 任务 27 将在 71 秒后继续处理下一条消息，索引: 1450, 实例ID: task_27_index_1450_1769701402.505
[2026-01-29T23:43:22+08:00][info] 开始处理队列任务: task_id=26, current_index=1424
[2026-01-29T23:43:22+08:00][info] 消息缓存初始化完成: task_id=26, groups=https://t.me/+whdGi5iPfw40ZDMx
[2026-01-29T23:43:22+08:00][info] 任务 26 第 2 次循环，重置群组 https://t.me/+whdGi5iPfw40ZDMx 消息状态
[2026-01-29T23:43:25+08:00][info] 返回:{"status":true,"message":"发送完成，成功1个，失败0个[]","data":{"success":[{"group_id":3642748012,"group_link":"https:\/\/t.me\/+whdGi5iPfw40ZDMx","type":"megagroup","message":"发送成功","message_id":15275}],"failed":[],"debug":["处理标识符: https:\/\/t.me\/+whdGi5iPfw40ZDMx, 清理后: https:\/\/t.me\/+whdGi5iPfw40ZDMx, 识别为链接: True, 识别为数字ID: False"],"warning":""}}
[2026-01-29T23:43:25+08:00][info] 消息ID缓存成功: task_id=26, group_id=https://t.me/+whdGi5iPfw40ZDMx, msg_index=1424, message_id=15275
[2026-01-29T23:43:25+08:00][info] 消息状态标记为已发送: task_id=26, group_id=https://t.me/+whdGi5iPfw40ZDMx, msg_index=1424
[2026-01-29T23:43:25+08:00][info] 任务 26 将在 101 秒后继续处理下一条消息，索引: 1425, 实例ID: task_26_index_1425_1769701405.2801
[2026-01-29T23:43:34+08:00][info] 开始处理队列任务: task_id=29, current_index=440
[2026-01-29T23:43:36+08:00][info] 返回:{"status":true,"message":"发送完成，成功1个，失败0个[]","data":{"success":[{"group_id":3780502866,"group_link":"https:\/\/t.me\/+WZlsKfz1W89jYjE0","type":"megagroup","message":"发送成功","message_id":3739}],"failed":[],"debug":["处理标识符: https:\/\/t.me\/+WZlsKfz1W89jYjE0, 清理后: https:\/\/t.me\/+WZlsKfz1W89jYjE0, 识别为链接: True, 识别为数字ID: False"],"warning":""}}
[2026-01-29T23:43:36+08:00][info] 消息ID缓存成功: task_id=29, group_id=https://t.me/+WZlsKfz1W89jYjE0, msg_index=440, message_id=3739
[2026-01-29T23:43:36+08:00][info] 消息状态标记为已发送: task_id=29, group_id=https://t.me/+WZlsKfz1W89jYjE0, msg_index=440
[2026-01-29T23:43:36+08:00][info] 任务 29 将在 121 秒后继续处理下一条消息，索引: 441, 实例ID: task_29_index_441_1769701416.9728
[2026-01-29T23:44:10+08:00][info] 开始处理队列任务: task_id=29, current_index=441
[2026-01-29T23:44:19+08:00][info] 返回:{"status":true,"message":"发送完成，成功1个，失败0个[]","data":{"success":[{"group_id":3780502866,"group_link":"https:\/\/t.me\/+WZlsKfz1W89jYjE0","type":"megagroup","message":"发送成功","message_id":3740}],"failed":[],"debug":["处理标识符: https:\/\/t.me\/+WZlsKfz1W89jYjE0, 清理后: https:\/\/t.me\/+WZlsKfz1W89jYjE0, 识别为链接: True, 识别为数字ID: False"],"warning":""}}
[2026-01-29T23:44:19+08:00][info] 消息ID缓存成功: task_id=29, group_id=https://t.me/+WZlsKfz1W89jYjE0, msg_index=441, message_id=3740
[2026-01-29T23:44:19+08:00][info] 消息状态标记为已发送: task_id=29, group_id=https://t.me/+WZlsKfz1W89jYjE0, msg_index=441
[2026-01-29T23:44:19+08:00][info] 任务 29 将在 130 秒后继续处理下一条消息，索引: 442, 实例ID: task_29_index_442_1769701459.3654
[2026-01-29T23:44:19+08:00][info] 开始处理队列任务: task_id=27, current_index=1450
[2026-01-29T23:44:19+08:00][info] 消息缓存初始化完成: task_id=27, groups=https://t.me/+_XaTo9Qrv0VjOTM0
[2026-01-29T23:44:19+08:00][info] 任务 27 第 2 次循环，重置群组 https://t.me/+_XaTo9Qrv0VjOTM0 消息状态
[2026-01-29T23:44:19+08:00][info] 使用feedbackType=1450的消息ID: 15346
[2026-01-29T23:44:24+08:00][info] 返回:{"status":true,"message":"发送完成，成功1个，失败0个[]","data":{"success":[{"group_id":3649225144,"group_link":"https:\/\/t.me\/+_XaTo9Qrv0VjOTM0","type":"megagroup","message":"发送成功","message_id":15347}],"failed":[],"debug":["处理标识符: https:\/\/t.me\/+_XaTo9Qrv0VjOTM0, 清理后: https:\/\/t.me\/+_XaTo9Qrv0VjOTM0, 识别为链接: True, 识别为数字ID: False"],"warning":""}}
[2026-01-29T23:44:24+08:00][info] 消息ID缓存成功: task_id=27, group_id=https://t.me/+_XaTo9Qrv0VjOTM0, msg_index=1450, message_id=15347
[2026-01-29T23:44:24+08:00][info] 消息状态标记为已发送: task_id=27, group_id=https://t.me/+_XaTo9Qrv0VjOTM0, msg_index=1450
[2026-01-29T23:44:24+08:00][info] 任务 27 将在 91 秒后继续处理下一条消息，索引: 1451, 实例ID: task_27_index_1451_1769701464.7798
[2026-01-29T23:44:24+08:00][info] 开始处理队列任务: task_id=29, current_index=442
[2026-01-29T23:44:27+08:00][info] 返回:{"status":true,"message":"发送完成，成功1个，失败0个[]","data":{"success":[{"group_id":3780502866,"group_link":"https:\/\/t.me\/+WZlsKfz1W89jYjE0","type":"megagroup","message":"发送成功","message_id":3741}],"failed":[],"debug":["处理标识符: https:\/\/t.me\/+WZlsKfz1W89jYjE0, 清理后: https:\/\/t.me\/+WZlsKfz1W89jYjE0, 识别为链接: True, 识别为数字ID: False"],"warning":""}}
[2026-01-29T23:44:27+08:00][info] 消息ID缓存成功: task_id=29, group_id=https://t.me/+WZlsKfz1W89jYjE0, msg_index=442, message_id=3741
[2026-01-29T23:44:27+08:00][info] 消息状态标记为已发送: task_id=29, group_id=https://t.me/+WZlsKfz1W89jYjE0, msg_index=442
[2026-01-29T23:44:27+08:00][info] 任务 29 将在 110 秒后继续处理下一条消息，索引: 443, 实例ID: task_29_index_443_1769701467.3556
[2026-01-29T23:44:30+08:00][info] 开始处理队列任务: task_id=25, current_index=516
[2026-01-29T23:44:30+08:00][info] 消息缓存初始化完成: task_id=25, groups=https://t.me/+HZFEhfAwKjhmZDZk
[2026-01-29T23:44:30+08:00][info] 任务 25 第 2 次循环，重置群组 https://t.me/+HZFEhfAwKjhmZDZk 消息状态
[2026-01-29T23:44:44+08:00][info] 返回:{"status":true,"message":"发送完成，成功1个，失败0个[]","data":{"success":[{"group_id":3482989339,"group_link":"https:\/\/t.me\/+HZFEhfAwKjhmZDZk","type":"megagroup","message":"发送成功","message_id":12630}],"failed":[],"debug":["处理标识符: https:\/\/t.me\/+HZFEhfAwKjhmZDZk, 清理后: https:\/\/t.me\/+HZFEhfAwKjhmZDZk, 识别为链接: True, 识别为数字ID: False"],"warning":""}}
[2026-01-29T23:44:44+08:00][info] 消息ID缓存成功: task_id=25, group_id=https://t.me/+HZFEhfAwKjhmZDZk, msg_index=516, message_id=12630
[2026-01-29T23:44:44+08:00][info] 消息状态标记为已发送: task_id=25, group_id=https://t.me/+HZFEhfAwKjhmZDZk, msg_index=516
[2026-01-29T23:44:44+08:00][info] 任务 25 将在 106 秒后继续处理下一条消息，索引: 517, 实例ID: task_25_index_517_1769701484.1102
[2026-01-29T23:44:44+08:00][info] 开始处理队列任务: task_id=27, current_index=1451
[2026-01-29T23:44:44+08:00][info] 消息缓存初始化完成: task_id=27, groups=https://t.me/+_XaTo9Qrv0VjOTM0
[2026-01-29T23:44:44+08:00][info] 任务 27 第 2 次循环，重置群组 https://t.me/+_XaTo9Qrv0VjOTM0 消息状态
[2026-01-29T23:44:47+08:00][info] 返回:{"status":true,"message":"发送完成，成功1个，失败0个[]","data":{"success":[{"group_id":3649225144,"group_link":"https:\/\/t.me\/+_XaTo9Qrv0VjOTM0","type":"megagroup","message":"发送成功","message_id":15348}],"failed":[],"debug":["处理标识符: https:\/\/t.me\/+_XaTo9Qrv0VjOTM0, 清理后: https:\/\/t.me\/+_XaTo9Qrv0VjOTM0, 识别为链接: True, 识别为数字ID: False"],"warning":""}}
[2026-01-29T23:44:47+08:00][info] 消息ID缓存成功: task_id=27, group_id=https://t.me/+_XaTo9Qrv0VjOTM0, msg_index=1451, message_id=15348
[2026-01-29T23:44:47+08:00][info] 消息状态标记为已发送: task_id=27, group_id=https://t.me/+_XaTo9Qrv0VjOTM0, msg_index=1451
[2026-01-29T23:44:47+08:00][info] 任务 27 将在 76 秒后继续处理下一条消息，索引: 1452, 实例ID: task_27_index_1452_1769701487.0523
[2026-01-29T23:44:47+08:00][info] 开始处理队列任务: task_id=28, current_index=1137
[2026-01-29T23:44:49+08:00][info] 返回:{"status":true,"message":"发送完成，成功1个，失败0个[]","data":{"success":[{"group_id":3657218256,"group_link":"https:\/\/t.me\/+Hg62NsrbOCZmZmY8","type":"megagroup","message":"发送成功","message_id":4451}],"failed":[],"debug":["处理标识符: https:\/\/t.me\/+Hg62NsrbOCZmZmY8, 清理后: https:\/\/t.me\/+Hg62NsrbOCZmZmY8, 识别为链接: True, 识别为数字ID: False"],"warning":""}}
[2026-01-29T23:44:49+08:00][info] 消息ID缓存成功: task_id=28, group_id=https://t.me/+Hg62NsrbOCZmZmY8, msg_index=1137, message_id=4451
[2026-01-29T23:44:49+08:00][info] 消息状态标记为已发送: task_id=28, group_id=https://t.me/+Hg62NsrbOCZmZmY8, msg_index=1137
[2026-01-29T23:44:49+08:00][info] 任务 28 将在 89 秒后继续处理下一条消息，索引: 1138, 实例ID: task_28_index_1138_1769701489.7845
[2026-01-29T23:44:49+08:00][info] 开始处理队列任务: task_id=28, current_index=1138
[2026-01-29T23:44:52+08:00][info] 返回:{"status":true,"message":"发送完成，成功1个，失败0个[]","data":{"success":[{"group_id":3657218256,"group_link":"https:\/\/t.me\/+Hg62NsrbOCZmZmY8","type":"megagroup","message":"发送成功","message_id":4452}],"failed":[],"debug":["处理标识符: https:\/\/t.me\/+Hg62NsrbOCZmZmY8, 清理后: https:\/\/t.me\/+Hg62NsrbOCZmZmY8, 识别为链接: True, 识别为数字ID: False"],"warning":""}}
[2026-01-29T23:44:52+08:00][info] 消息ID缓存成功: task_id=28, group_id=https://t.me/+Hg62NsrbOCZmZmY8, msg_index=1138, message_id=4452
[2026-01-29T23:44:52+08:00][info] 消息状态标记为已发送: task_id=28, group_id=https://t.me/+Hg62NsrbOCZmZmY8, msg_index=1138
[2026-01-29T23:44:52+08:00][info] 任务 28 将在 99 秒后继续处理下一条消息，索引: 1139, 实例ID: task_28_index_1139_1769701492.4288
[2026-01-29T23:45:07+08:00][info] 开始处理队列任务: task_id=26, current_index=1425
[2026-01-29T23:45:07+08:00][info] 消息缓存初始化完成: task_id=26, groups=https://t.me/+whdGi5iPfw40ZDMx
[2026-01-29T23:45:07+08:00][info] 任务 26 第 2 次循环，重置群组 https://t.me/+whdGi5iPfw40ZDMx 消息状态
[2026-01-29T23:45:10+08:00][info] 返回:{"status":true,"message":"发送完成，成功1个，失败0个[]","data":{"success":[{"group_id":3642748012,"group_link":"https:\/\/t.me\/+whdGi5iPfw40ZDMx","type":"megagroup","message":"发送成功","message_id":15276}],"failed":[],"debug":["处理标识符: https:\/\/t.me\/+whdGi5iPfw40ZDMx, 清理后: https:\/\/t.me\/+whdGi5iPfw40ZDMx, 识别为链接: True, 识别为数字ID: False"],"warning":""}}
[2026-01-29T23:45:10+08:00][info] 消息ID缓存成功: task_id=26, group_id=https://t.me/+whdGi5iPfw40ZDMx, msg_index=1425, message_id=15276
[2026-01-29T23:45:10+08:00][info] 消息状态标记为已发送: task_id=26, group_id=https://t.me/+whdGi5iPfw40ZDMx, msg_index=1425
[2026-01-29T23:45:10+08:00][info] 任务 26 将在 70 秒后继续处理下一条消息，索引: 1426, 实例ID: task_26_index_1426_1769701510.19
[2026-01-29T23:45:37+08:00][info] 开始处理队列任务: task_id=29, current_index=443
[2026-01-29T23:45:39+08:00][info] 返回:{"status":true,"message":"发送完成，成功1个，失败0个[]","data":{"success":[{"group_id":3780502866,"group_link":"https:\/\/t.me\/+WZlsKfz1W89jYjE0","type":"megagroup","message":"发送成功","message_id":3742}],"failed":[],"debug":["处理标识符: https:\/\/t.me\/+WZlsKfz1W89jYjE0, 清理后: https:\/\/t.me\/+WZlsKfz1W89jYjE0, 识别为链接: True, 识别为数字ID: False"],"warning":""}}
[2026-01-29T23:45:39+08:00][info] 消息ID缓存成功: task_id=29, group_id=https://t.me/+WZlsKfz1W89jYjE0, msg_index=443, message_id=3742
[2026-01-29T23:45:39+08:00][info] 消息状态标记为已发送: task_id=29, group_id=https://t.me/+WZlsKfz1W89jYjE0, msg_index=443
[2026-01-29T23:45:39+08:00][info] 任务 29 将在 116 秒后继续处理下一条消息，索引: 444, 实例ID: task_29_index_444_1769701539.9172
[2026-01-29T23:45:57+08:00][info] 开始处理队列任务: task_id=27, current_index=1452
[2026-01-29T23:45:58+08:00][info] 消息缓存初始化完成: task_id=27, groups=https://t.me/+_XaTo9Qrv0VjOTM0
[2026-01-29T23:45:58+08:00][info] 任务 27 第 2 次循环，重置群组 https://t.me/+_XaTo9Qrv0VjOTM0 消息状态
[2026-01-29T23:46:00+08:00][info] 返回:{"status":true,"message":"发送完成，成功1个，失败0个[]","data":{"success":[{"group_id":3649225144,"group_link":"https:\/\/t.me\/+_XaTo9Qrv0VjOTM0","type":"megagroup","message":"发送成功","message_id":15349}],"failed":[],"debug":["处理标识符: https:\/\/t.me\/+_XaTo9Qrv0VjOTM0, 清理后: https:\/\/t.me\/+_XaTo9Qrv0VjOTM0, 识别为链接: True, 识别为数字ID: False"],"warning":""}}
[2026-01-29T23:46:00+08:00][info] 消息ID缓存成功: task_id=27, group_id=https://t.me/+_XaTo9Qrv0VjOTM0, msg_index=1452, message_id=15349
[2026-01-29T23:46:00+08:00][info] 消息状态标记为已发送: task_id=27, group_id=https://t.me/+_XaTo9Qrv0VjOTM0, msg_index=1452
[2026-01-29T23:46:00+08:00][info] 任务 27 将在 65 秒后继续处理下一条消息，索引: 1453, 实例ID: task_27_index_1453_1769701560.7335
[2026-01-29T23:46:03+08:00][info] 开始处理队列任务: task_id=27, current_index=1453
[2026-01-29T23:46:04+08:00][info] 消息缓存初始化完成: task_id=27, groups=https://t.me/+_XaTo9Qrv0VjOTM0
[2026-01-29T23:46:04+08:00][info] 任务 27 第 2 次循环，重置群组 https://t.me/+_XaTo9Qrv0VjOTM0 消息状态
[2026-01-29T23:46:12+08:00][info] 返回:{"status":true,"message":"发送完成，成功1个，失败0个[]","data":{"success":[{"group_id":3649225144,"group_link":"https:\/\/t.me\/+_XaTo9Qrv0VjOTM0","type":"megagroup","message":"发送成功","message_id":15350}],"failed":[],"debug":["处理标识符: https:\/\/t.me\/+_XaTo9Qrv0VjOTM0, 清理后: https:\/\/t.me\/+_XaTo9Qrv0VjOTM0, 识别为链接: True, 识别为数字ID: False","文件1有效: \/www\/wwwroot\/tdata.tgbota.top\/public\/uploads\/admin\/202512\/693ae47eb24e6.jpg (23476字节)","发送单个文件: \/www\/wwwroot\/tdata.tgbota.top\/public\/uploads\/admin\/202512\/693ae47eb24e6.jpg"],"warning":""}}
[2026-01-29T23:46:12+08:00][info] 消息ID缓存成功: task_id=27, group_id=https://t.me/+_XaTo9Qrv0VjOTM0, msg_index=1453, message_id=15350
[2026-01-29T23:46:12+08:00][info] 消息状态标记为已发送: task_id=27, group_id=https://t.me/+_XaTo9Qrv0VjOTM0, msg_index=1453
[2026-01-29T23:46:12+08:00][info] 任务 27 将在 88 秒后继续处理下一条消息，索引: 1454, 实例ID: task_27_index_1454_1769701572.4139
[2026-01-29T23:46:18+08:00][info] 开始处理队列任务: task_id=29, current_index=444
[2026-01-29T23:46:21+08:00][info] 返回:{"status":true,"message":"发送完成，成功1个，失败0个[]","data":{"success":[{"group_id":3780502866,"group_link":"https:\/\/t.me\/+WZlsKfz1W89jYjE0","type":"megagroup","message":"发送成功","message_id":3743}],"failed":[],"debug":["处理标识符: https:\/\/t.me\/+WZlsKfz1W89jYjE0, 清理后: https:\/\/t.me\/+WZlsKfz1W89jYjE0, 识别为链接: True, 识别为数字ID: False"],"warning":""}}
[2026-01-29T23:46:21+08:00][info] 消息ID缓存成功: task_id=29, group_id=https://t.me/+WZlsKfz1W89jYjE0, msg_index=444, message_id=3743
[2026-01-29T23:46:21+08:00][info] 消息状态标记为已发送: task_id=29, group_id=https://t.me/+WZlsKfz1W89jYjE0, msg_index=444
[2026-01-29T23:46:21+08:00][info] 任务 29 将在 115 秒后继续处理下一条消息，索引: 445, 实例ID: task_29_index_445_1769701581.1719
[2026-01-29T23:46:21+08:00][info] 开始处理队列任务: task_id=28, current_index=1139
[2026-01-29T23:46:23+08:00][info] 返回:{"status":true,"message":"发送完成，成功1个，失败0个[]","data":{"success":[{"group_id":3657218256,"group_link":"https:\/\/t.me\/+Hg62NsrbOCZmZmY8","type":"megagroup","message":"发送成功","message_id":4453}],"failed":[],"debug":["处理标识符: https:\/\/t.me\/+Hg62NsrbOCZmZmY8, 清理后: https:\/\/t.me\/+Hg62NsrbOCZmZmY8, 识别为链接: True, 识别为数字ID: False"],"warning":""}}
[2026-01-29T23:46:23+08:00][info] 消息ID缓存成功: task_id=28, group_id=https://t.me/+Hg62NsrbOCZmZmY8, msg_index=1139, message_id=4453
[2026-01-29T23:46:23+08:00][info] 消息状态标记为已发送: task_id=28, group_id=https://t.me/+Hg62NsrbOCZmZmY8, msg_index=1139
[2026-01-29T23:46:23+08:00][info] 任务 28 将在 81 秒后继续处理下一条消息，索引: 1140, 实例ID: task_28_index_1140_1769701583.9063
[2026-01-29T23:46:23+08:00][info] 开始处理队列任务: task_id=26, current_index=1426
[2026-01-29T23:46:24+08:00][info] 消息缓存初始化完成: task_id=26, groups=https://t.me/+whdGi5iPfw40ZDMx
[2026-01-29T23:46:24+08:00][info] 任务 26 第 2 次循环，重置群组 https://t.me/+whdGi5iPfw40ZDMx 消息状态
[2026-01-29T23:46:26+08:00][info] 返回:{"status":true,"message":"发送完成，成功1个，失败0个[]","data":{"success":[{"group_id":3642748012,"group_link":"https:\/\/t.me\/+whdGi5iPfw40ZDMx","type":"megagroup","message":"发送成功","message_id":15277}],"failed":[],"debug":["处理标识符: https:\/\/t.me\/+whdGi5iPfw40ZDMx, 清理后: https:\/\/t.me\/+whdGi5iPfw40ZDMx, 识别为链接: True, 识别为数字ID: False"],"warning":""}}
[2026-01-29T23:46:26+08:00][info] 消息ID缓存成功: task_id=26, group_id=https://t.me/+whdGi5iPfw40ZDMx, msg_index=1426, message_id=15277
[2026-01-29T23:46:26+08:00][info] 消息状态标记为已发送: task_id=26, group_id=https://t.me/+whdGi5iPfw40ZDMx, msg_index=1426
[2026-01-29T23:46:26+08:00][info] 任务 26 将在 80 秒后继续处理下一条消息，索引: 1427, 实例ID: task_26_index_1427_1769701586.6177
[2026-01-29T23:46:29+08:00][info] 开始处理队列任务: task_id=29, current_index=445
[2026-01-29T23:46:32+08:00][info] 返回:{"status":true,"message":"发送完成，成功1个，失败0个[]","data":{"success":[{"group_id":3780502866,"group_link":"https:\/\/t.me\/+WZlsKfz1W89jYjE0","type":"megagroup","message":"发送成功","message_id":3744}],"failed":[],"debug":["处理标识符: https:\/\/t.me\/+WZlsKfz1W89jYjE0, 清理后: https:\/\/t.me\/+WZlsKfz1W89jYjE0, 识别为链接: True, 识别为数字ID: False"],"warning":""}}
[2026-01-29T23:46:32+08:00][info] 消息ID缓存成功: task_id=29, group_id=https://t.me/+WZlsKfz1W89jYjE0, msg_index=445, message_id=3744
[2026-01-29T23:46:32+08:00][info] 消息状态标记为已发送: task_id=29, group_id=https://t.me/+WZlsKfz1W89jYjE0, msg_index=445
[2026-01-29T23:46:32+08:00][info] 任务 29 将在 90 秒后继续处理下一条消息，索引: 446, 实例ID: task_29_index_446_1769701592.2842
[2026-01-29T23:46:32+08:00][info] 开始处理队列任务: task_id=25, current_index=517
[2026-01-29T23:46:32+08:00][info] 消息缓存初始化完成: task_id=25, groups=https://t.me/+HZFEhfAwKjhmZDZk
[2026-01-29T23:46:32+08:00][info] 任务 25 第 2 次循环，重置群组 https://t.me/+HZFEhfAwKjhmZDZk 消息状态
[2026-01-29T23:46:38+08:00][info] 返回:{"status":true,"message":"发送完成，成功1个，失败0个[]","data":{"success":[{"group_id":3482989339,"group_link":"https:\/\/t.me\/+HZFEhfAwKjhmZDZk","type":"megagroup","message":"发送成功","message_id":12631}],"failed":[],"debug":["处理标识符: https:\/\/t.me\/+HZFEhfAwKjhmZDZk, 清理后: https:\/\/t.me\/+HZFEhfAwKjhmZDZk, 识别为链接: True, 识别为数字ID: False","文件1有效: \/www\/wwwroot\/tdata.tgbota.top\/public\/uploads\/admin\/202512\/693ae4d3d3ad1.jpg (87512字节)","发送单个文件: \/www\/wwwroot\/tdata.tgbota.top\/public\/uploads\/admin\/202512\/693ae4d3d3ad1.jpg"],"warning":""}}
[2026-01-29T23:46:38+08:00][info] 消息ID缓存成功: task_id=25, group_id=https://t.me/+HZFEhfAwKjhmZDZk, msg_index=517, message_id=12631
[2026-01-29T23:46:38+08:00][info] 消息状态标记为已发送: task_id=25, group_id=https://t.me/+HZFEhfAwKjhmZDZk, msg_index=517
[2026-01-29T23:46:38+08:00][info] 任务 25 将在 96 秒后继续处理下一条消息，索引: 518, 实例ID: task_25_index_518_1769701598.2988
[2026-01-29T23:46:38+08:00][info] 开始处理队列任务: task_id=28, current_index=1140
[2026-01-29T23:46:41+08:00][info] 返回:{"status":true,"message":"发送完成，成功1个，失败0个[]","data":{"success":[{"group_id":3657218256,"group_link":"https:\/\/t.me\/+Hg62NsrbOCZmZmY8","type":"megagroup","message":"发送成功","message_id":4454}],"failed":[],"debug":["处理标识符: https:\/\/t.me\/+Hg62NsrbOCZmZmY8, 清理后: https:\/\/t.me\/+Hg62NsrbOCZmZmY8, 识别为链接: True, 识别为数字ID: False"],"warning":""}}
[2026-01-29T23:46:41+08:00][info] 消息ID缓存成功: task_id=28, group_id=https://t.me/+Hg62NsrbOCZmZmY8, msg_index=1140, message_id=4454
[2026-01-29T23:46:41+08:00][info] 消息状态标记为已发送: task_id=28, group_id=https://t.me/+Hg62NsrbOCZmZmY8, msg_index=1140
[2026-01-29T23:46:41+08:00][info] 任务 28 将在 90 秒后继续处理下一条消息，索引: 1141, 实例ID: task_28_index_1141_1769701601.2879
[2026-01-29T23:47:05+08:00][info] 开始处理队列任务: task_id=27, current_index=1454
[2026-01-29T23:47:05+08:00][info] 消息缓存初始化完成: task_id=27, groups=https://t.me/+_XaTo9Qrv0VjOTM0
[2026-01-29T23:47:05+08:00][info] 任务 27 第 2 次循环，重置群组 https://t.me/+_XaTo9Qrv0VjOTM0 消息状态
[2026-01-29T23:47:09+08:00][info] 返回:{"status":true,"message":"发送完成，成功1个，失败0个[]","data":{"success":[{"group_id":3649225144,"group_link":"https:\/\/t.me\/+_XaTo9Qrv0VjOTM0","type":"megagroup","message":"发送成功","message_id":15351}],"failed":[],"debug":["处理标识符: https:\/\/t.me\/+_XaTo9Qrv0VjOTM0, 清理后: https:\/\/t.me\/+_XaTo9Qrv0VjOTM0, 识别为链接: True, 识别为数字ID: False"],"warning":""}}
[2026-01-29T23:47:09+08:00][info] 消息ID缓存成功: task_id=27, group_id=https://t.me/+_XaTo9Qrv0VjOTM0, msg_index=1454, message_id=15351
[2026-01-29T23:47:09+08:00][info] 消息状态标记为已发送: task_id=27, group_id=https://t.me/+_XaTo9Qrv0VjOTM0, msg_index=1454
[2026-01-29T23:47:09+08:00][info] 任务 27 将在 80 秒后继续处理下一条消息，索引: 1455, 实例ID: task_27_index_1455_1769701629.117
[2026-01-29T23:47:36+08:00][info] 开始处理队列任务: task_id=29, current_index=446
[2026-01-29T23:47:38+08:00][info] 返回:{"status":true,"message":"发送完成，成功1个，失败0个[]","data":{"success":[{"group_id":3780502866,"group_link":"https:\/\/t.me\/+WZlsKfz1W89jYjE0","type":"megagroup","message":"发送成功","message_id":3745}],"failed":[],"debug":["处理标识符: https:\/\/t.me\/+WZlsKfz1W89jYjE0, 清理后: https:\/\/t.me\/+WZlsKfz1W89jYjE0, 识别为链接: True, 识别为数字ID: False"],"warning":""}}
[2026-01-29T23:47:38+08:00][info] 消息ID缓存成功: task_id=29, group_id=https://t.me/+WZlsKfz1W89jYjE0, msg_index=446, message_id=3745
[2026-01-29T23:47:38+08:00][info] 消息状态标记为已发送: task_id=29, group_id=https://t.me/+WZlsKfz1W89jYjE0, msg_index=446
[2026-01-29T23:47:39+08:00][info] 任务 29 将在 100 秒后继续处理下一条消息，索引: 447, 实例ID: task_29_index_447_1769701659.0047
[2026-01-29T23:47:42+08:00][info] 开始处理队列任务: task_id=27, current_index=1455
[2026-01-29T23:47:42+08:00][info] 消息缓存初始化完成: task_id=27, groups=https://t.me/+_XaTo9Qrv0VjOTM0
[2026-01-29T23:47:42+08:00][info] 任务 27 第 2 次循环，重置群组 https://t.me/+_XaTo9Qrv0VjOTM0 消息状态
[2026-01-29T23:47:44+08:00][info] 返回:{"status":true,"message":"发送完成，成功1个，失败0个[]","data":{"success":[{"group_id":3649225144,"group_link":"https:\/\/t.me\/+_XaTo9Qrv0VjOTM0","type":"megagroup","message":"发送成功","message_id":15352}],"failed":[],"debug":["处理标识符: https:\/\/t.me\/+_XaTo9Qrv0VjOTM0, 清理后: https:\/\/t.me\/+_XaTo9Qrv0VjOTM0, 识别为链接: True, 识别为数字ID: False"],"warning":""}}
[2026-01-29T23:47:44+08:00][info] 消息ID缓存成功: task_id=27, group_id=https://t.me/+_XaTo9Qrv0VjOTM0, msg_index=1455, message_id=15352
[2026-01-29T23:47:44+08:00][info] 消息状态标记为已发送: task_id=27, group_id=https://t.me/+_XaTo9Qrv0VjOTM0, msg_index=1455
[2026-01-29T23:47:44+08:00][info] 任务 27 将在 98 秒后继续处理下一条消息，索引: 1456, 实例ID: task_27_index_1456_1769701664.85
[2026-01-29T23:47:44+08:00][info] 开始处理队列任务: task_id=28, current_index=1141
[2026-01-29T23:47:44+08:00][info] 使用feedbackType=1141的消息ID: 4454
[2026-01-29T23:47:49+08:00][info] 返回:{"status":true,"message":"发送完成，成功1个，失败0个[]","data":{"success":[{"group_id":3657218256,"group_link":"https:\/\/t.me\/+Hg62NsrbOCZmZmY8","type":"megagroup","message":"发送成功","message_id":4455}],"failed":[],"debug":["处理标识符: https:\/\/t.me\/+Hg62NsrbOCZmZmY8, 清理后: https:\/\/t.me\/+Hg62NsrbOCZmZmY8, 识别为链接: True, 识别为数字ID: False","文件1有效: \/www\/wwwroot\/tdata.tgbota.top\/public\/uploads\/admin\/202512\/693ae50367232.jpg (37338字节)","发送单个文件: \/www\/wwwroot\/tdata.tgbota.top\/public\/uploads\/admin\/202512\/693ae50367232.jpg"],"warning":""}}
[2026-01-29T23:47:49+08:00][info] 消息ID缓存成功: task_id=28, group_id=https://t.me/+Hg62NsrbOCZmZmY8, msg_index=1141, message_id=4455
[2026-01-29T23:47:49+08:00][info] 消息状态标记为已发送: task_id=28, group_id=https://t.me/+Hg62NsrbOCZmZmY8, msg_index=1141
[2026-01-29T23:47:49+08:00][info] 任务 28 将在 65 秒后继续处理下一条消息，索引: 1142, 实例ID: task_28_index_1142_1769701669.135
[2026-01-29T23:47:49+08:00][info] 开始处理队列任务: task_id=26, current_index=1427
[2026-01-29T23:47:49+08:00][info] 消息缓存初始化完成: task_id=26, groups=https://t.me/+whdGi5iPfw40ZDMx
[2026-01-29T23:47:49+08:00][info] 任务 26 第 2 次循环，重置群组 https://t.me/+whdGi5iPfw40ZDMx 消息状态
[2026-01-29T23:47:52+08:00][info] 返回:{"status":true,"message":"发送完成，成功1个，失败0个[]","data":{"success":[{"group_id":3642748012,"group_link":"https:\/\/t.me\/+whdGi5iPfw40ZDMx","type":"megagroup","message":"发送成功","message_id":15278}],"failed":[],"debug":["处理标识符: https:\/\/t.me\/+whdGi5iPfw40ZDMx, 清理后: https:\/\/t.me\/+whdGi5iPfw40ZDMx, 识别为链接: True, 识别为数字ID: False"],"warning":""}}
[2026-01-29T23:47:52+08:00][info] 消息ID缓存成功: task_id=26, group_id=https://t.me/+whdGi5iPfw40ZDMx, msg_index=1427, message_id=15278
[2026-01-29T23:47:52+08:00][info] 消息状态标记为已发送: task_id=26, group_id=https://t.me/+whdGi5iPfw40ZDMx, msg_index=1427
[2026-01-29T23:47:52+08:00][info] 任务 26 将在 90 秒后继续处理下一条消息，索引: 1428, 实例ID: task_26_index_1428_1769701672.0875
[2026-01-29T23:48:04+08:00][info] 开始处理队列任务: task_id=29, current_index=447
[2026-01-29T23:48:06+08:00][info] 返回:{"status":true,"message":"发送完成，成功1个，失败0个[]","data":{"success":[{"group_id":3780502866,"group_link":"https:\/\/t.me\/+WZlsKfz1W89jYjE0","type":"megagroup","message":"发送成功","message_id":3746}],"failed":[],"debug":["处理标识符: https:\/\/t.me\/+WZlsKfz1W89jYjE0, 清理后: https:\/\/t.me\/+WZlsKfz1W89jYjE0, 识别为链接: True, 识别为数字ID: False"],"warning":""}}
[2026-01-29T23:48:06+08:00][info] 消息ID缓存成功: task_id=29, group_id=https://t.me/+WZlsKfz1W89jYjE0, msg_index=447, message_id=3746
[2026-01-29T23:48:06+08:00][info] 消息状态标记为已发送: task_id=29, group_id=https://t.me/+WZlsKfz1W89jYjE0, msg_index=447
[2026-01-29T23:48:06+08:00][info] 任务 29 将在 115 秒后继续处理下一条消息，索引: 448, 实例ID: task_29_index_448_1769701686.7045
[2026-01-29T23:48:12+08:00][info] 开始处理队列任务: task_id=28, current_index=1142
[2026-01-29T23:48:15+08:00][info] 返回:{"status":true,"message":"发送完成，成功1个，失败0个[]","data":{"success":[{"group_id":3657218256,"group_link":"https:\/\/t.me\/+Hg62NsrbOCZmZmY8","type":"megagroup","message":"发送成功","message_id":4456}],"failed":[],"debug":["处理标识符: https:\/\/t.me\/+Hg62NsrbOCZmZmY8, 清理后: https:\/\/t.me\/+Hg62NsrbOCZmZmY8, 识别为链接: True, 识别为数字ID: False"],"warning":""}}
[2026-01-29T23:48:15+08:00][info] 消息ID缓存成功: task_id=28, group_id=https://t.me/+Hg62NsrbOCZmZmY8, msg_index=1142, message_id=4456
[2026-01-29T23:48:15+08:00][info] 消息状态标记为已发送: task_id=28, group_id=https://t.me/+Hg62NsrbOCZmZmY8, msg_index=1142
[2026-01-29T23:48:15+08:00][info] 任务 28 将在 109 秒后继续处理下一条消息，索引: 1143, 实例ID: task_28_index_1143_1769701695.4509
[2026-01-29T23:48:15+08:00][info] 开始处理队列任务: task_id=25, current_index=518
[2026-01-29T23:48:15+08:00][info] 消息缓存初始化完成: task_id=25, groups=https://t.me/+HZFEhfAwKjhmZDZk
[2026-01-29T23:48:15+08:00][info] 任务 25 第 2 次循环，重置群组 https://t.me/+HZFEhfAwKjhmZDZk 消息状态
[2026-01-29T23:48:20+08:00][info] 返回:{"status":true,"message":"发送完成，成功1个，失败0个[]","data":{"success":[{"group_id":3482989339,"group_link":"https:\/\/t.me\/+HZFEhfAwKjhmZDZk","type":"megagroup","message":"发送成功","message_id":12632}],"failed":[],"debug":["处理标识符: https:\/\/t.me\/+HZFEhfAwKjhmZDZk, 清理后: https:\/\/t.me\/+HZFEhfAwKjhmZDZk, 识别为链接: True, 识别为数字ID: False"],"warning":""}}
[2026-01-29T23:48:20+08:00][info] 消息ID缓存成功: task_id=25, group_id=https://t.me/+HZFEhfAwKjhmZDZk, msg_index=518, message_id=12632
[2026-01-29T23:48:20+08:00][info] 消息状态标记为已发送: task_id=25, group_id=https://t.me/+HZFEhfAwKjhmZDZk, msg_index=518
[2026-01-29T23:48:20+08:00][info] 任务 25 将在 109 秒后继续处理下一条消息，索引: 519, 实例ID: task_25_index_519_1769701700.9696
[2026-01-29T23:48:21+08:00][info] 开始处理队列任务: task_id=29, current_index=448
[2026-01-29T23:48:23+08:00][info] 返回:{"status":true,"message":"发送完成，成功1个，失败0个[]","data":{"success":[{"group_id":3780502866,"group_link":"https:\/\/t.me\/+WZlsKfz1W89jYjE0","type":"megagroup","message":"发送成功","message_id":3747}],"failed":[],"debug":["处理标识符: https:\/\/t.me\/+WZlsKfz1W89jYjE0, 清理后: https:\/\/t.me\/+WZlsKfz1W89jYjE0, 识别为链接: True, 识别为数字ID: False"],"warning":""}}
[2026-01-29T23:48:23+08:00][info] 消息ID缓存成功: task_id=29, group_id=https://t.me/+WZlsKfz1W89jYjE0, msg_index=448, message_id=3747
[2026-01-29T23:48:23+08:00][info] 消息状态标记为已发送: task_id=29, group_id=https://t.me/+WZlsKfz1W89jYjE0, msg_index=448
[2026-01-29T23:48:23+08:00][info] 任务 29 将在 110 秒后继续处理下一条消息，索引: 449, 实例ID: task_29_index_449_1769701703.7057
[2026-01-29T23:48:29+08:00][info] 开始处理队列任务: task_id=27, current_index=1456
[2026-01-29T23:48:30+08:00][info] 消息缓存初始化完成: task_id=27, groups=https://t.me/+_XaTo9Qrv0VjOTM0
[2026-01-29T23:48:30+08:00][info] 任务 27 第 2 次循环，重置群组 https://t.me/+_XaTo9Qrv0VjOTM0 消息状态
[2026-01-29T23:48:34+08:00][info] 返回:{"status":true,"message":"发送完成，成功1个，失败0个[]","data":{"success":[{"group_id":3649225144,"group_link":"https:\/\/t.me\/+_XaTo9Qrv0VjOTM0","type":"megagroup","message":"发送成功","message_id":15353}],"failed":[],"debug":["处理标识符: https:\/\/t.me\/+_XaTo9Qrv0VjOTM0, 清理后: https:\/\/t.me\/+_XaTo9Qrv0VjOTM0, 识别为链接: True, 识别为数字ID: False"],"warning":""}}
[2026-01-29T23:48:34+08:00][info] 消息ID缓存成功: task_id=27, group_id=https://t.me/+_XaTo9Qrv0VjOTM0, msg_index=1456, message_id=15353
[2026-01-29T23:48:34+08:00][info] 消息状态标记为已发送: task_id=27, group_id=https://t.me/+_XaTo9Qrv0VjOTM0, msg_index=1456
[2026-01-29T23:48:34+08:00][info] 任务 27 将在 103 秒后继续处理下一条消息，索引: 1457, 实例ID: task_27_index_1457_1769701714.8766
[2026-01-29T23:48:55+08:00][info] 开始处理队列任务: task_id=28, current_index=1143
[2026-01-29T23:48:58+08:00][info] 返回:{"status":true,"message":"发送完成，成功1个，失败0个[]","data":{"success":[{"group_id":3657218256,"group_link":"https:\/\/t.me\/+Hg62NsrbOCZmZmY8","type":"megagroup","message":"发送成功","message_id":4457}],"failed":[],"debug":["处理标识符: https:\/\/t.me\/+Hg62NsrbOCZmZmY8, 清理后: https:\/\/t.me\/+Hg62NsrbOCZmZmY8, 识别为链接: True, 识别为数字ID: False"],"warning":""}}
[2026-01-29T23:48:58+08:00][info] 消息ID缓存成功: task_id=28, group_id=https://t.me/+Hg62NsrbOCZmZmY8, msg_index=1143, message_id=4457
[2026-01-29T23:48:58+08:00][info] 消息状态标记为已发送: task_id=28, group_id=https://t.me/+Hg62NsrbOCZmZmY8, msg_index=1143
[2026-01-29T23:48:58+08:00][info] 任务 28 将在 121 秒后继续处理下一条消息，索引: 1144, 实例ID: task_28_index_1144_1769701738.4916
[2026-01-29T23:49:19+08:00][info] 开始处理队列任务: task_id=29, current_index=449
[2026-01-29T23:49:22+08:00][info] 返回:{"status":true,"message":"发送完成，成功1个，失败0个[]","data":{"success":[{"group_id":3780502866,"group_link":"https:\/\/t.me\/+WZlsKfz1W89jYjE0","type":"megagroup","message":"发送成功","message_id":3748}],"failed":[],"debug":["处理标识符: https:\/\/t.me\/+WZlsKfz1W89jYjE0, 清理后: https:\/\/t.me\/+WZlsKfz1W89jYjE0, 识别为链接: True, 识别为数字ID: False"],"warning":""}}
[2026-01-29T23:49:22+08:00][info] 消息ID缓存成功: task_id=29, group_id=https://t.me/+WZlsKfz1W89jYjE0, msg_index=449, message_id=3748
[2026-01-29T23:49:22+08:00][info] 消息状态标记为已发送: task_id=29, group_id=https://t.me/+WZlsKfz1W89jYjE0, msg_index=449
[2026-01-29T23:49:22+08:00][info] 任务 29 将在 80 秒后继续处理下一条消息，索引: 450, 实例ID: task_29_index_450_1769701762.1805
[2026-01-29T23:49:22+08:00][info] 开始处理队列任务: task_id=26, current_index=1428
[2026-01-29T23:49:22+08:00][info] 消息缓存初始化完成: task_id=26, groups=https://t.me/+whdGi5iPfw40ZDMx
[2026-01-29T23:49:22+08:00][info] 任务 26 第 2 次循环，重置群组 https://t.me/+whdGi5iPfw40ZDMx 消息状态
[2026-01-29T23:49:24+08:00][info] 返回:{"status":true,"message":"发送完成，成功1个，失败0个[]","data":{"success":[{"group_id":3642748012,"group_link":"https:\/\/t.me\/+whdGi5iPfw40ZDMx","type":"megagroup","message":"发送成功","message_id":15279}],"failed":[],"debug":["处理标识符: https:\/\/t.me\/+whdGi5iPfw40ZDMx, 清理后: https:\/\/t.me\/+whdGi5iPfw40ZDMx, 识别为链接: True, 识别为数字ID: False"],"warning":""}}
[2026-01-29T23:49:24+08:00][info] 消息ID缓存成功: task_id=26, group_id=https://t.me/+whdGi5iPfw40ZDMx, msg_index=1428, message_id=15279
[2026-01-29T23:49:24+08:00][info] 消息状态标记为已发送: task_id=26, group_id=https://t.me/+whdGi5iPfw40ZDMx, msg_index=1428
[2026-01-29T23:49:24+08:00][info] 任务 26 将在 108 秒后继续处理下一条消息，索引: 1429, 实例ID: task_26_index_1429_1769701764.8824
[2026-01-29T23:49:24+08:00][info] 开始处理队列任务: task_id=27, current_index=1457
[2026-01-29T23:49:25+08:00][info] 消息缓存初始化完成: task_id=27, groups=https://t.me/+_XaTo9Qrv0VjOTM0
[2026-01-29T23:49:25+08:00][info] 任务 27 第 2 次循环，重置群组 https://t.me/+_XaTo9Qrv0VjOTM0 消息状态
[2026-01-29T23:49:28+08:00][info] 返回:{"status":true,"message":"发送完成，成功1个，失败0个[]","data":{"success":[{"group_id":3649225144,"group_link":"https:\/\/t.me\/+_XaTo9Qrv0VjOTM0","type":"megagroup","message":"发送成功","message_id":15354}],"failed":[],"debug":["处理标识符: https:\/\/t.me\/+_XaTo9Qrv0VjOTM0, 清理后: https:\/\/t.me\/+_XaTo9Qrv0VjOTM0, 识别为链接: True, 识别为数字ID: False"],"warning":""}}
[2026-01-29T23:49:28+08:00][info] 消息ID缓存成功: task_id=27, group_id=https://t.me/+_XaTo9Qrv0VjOTM0, msg_index=1457, message_id=15354
[2026-01-29T23:49:28+08:00][info] 消息状态标记为已发送: task_id=27, group_id=https://t.me/+_XaTo9Qrv0VjOTM0, msg_index=1457
[2026-01-29T23:49:28+08:00][info] 任务 27 将在 92 秒后继续处理下一条消息，索引: 1458, 实例ID: task_27_index_1458_1769701768.5482
[2026-01-29T23:50:01+08:00][info] 开始处理队列任务: task_id=29, current_index=450
[2026-01-29T23:50:05+08:00][info] 返回:{"status":true,"message":"发送完成，成功1个，失败0个[]","data":{"success":[{"group_id":3780502866,"group_link":"https:\/\/t.me\/+WZlsKfz1W89jYjE0","type":"megagroup","message":"发送成功","message_id":3749}],"failed":[],"debug":["处理标识符: https:\/\/t.me\/+WZlsKfz1W89jYjE0, 清理后: https:\/\/t.me\/+WZlsKfz1W89jYjE0, 识别为链接: True, 识别为数字ID: False","文件1有效: \/www\/wwwroot\/tdata.tgbota.top\/public\/uploads\/admin\/202512\/693ae460b3afd.jpg (33006字节)","发送单个文件: \/www\/wwwroot\/tdata.tgbota.top\/public\/uploads\/admin\/202512\/693ae460b3afd.jpg"],"warning":""}}
[2026-01-29T23:50:05+08:00][info] 消息ID缓存成功: task_id=29, group_id=https://t.me/+WZlsKfz1W89jYjE0, msg_index=450, message_id=3749
[2026-01-29T23:50:05+08:00][info] 消息状态标记为已发送: task_id=29, group_id=https://t.me/+WZlsKfz1W89jYjE0, msg_index=450
[2026-01-29T23:50:05+08:00][info] 任务 29 将在 90 秒后继续处理下一条消息，索引: 451, 实例ID: task_29_index_451_1769701805.6278
[2026-01-29T23:50:05+08:00][info] 开始处理队列任务: task_id=28, current_index=1144
[2026-01-29T23:50:08+08:00][info] 返回:{"status":true,"message":"发送完成，成功1个，失败0个[]","data":{"success":[{"group_id":3657218256,"group_link":"https:\/\/t.me\/+Hg62NsrbOCZmZmY8","type":"megagroup","message":"发送成功","message_id":4458}],"failed":[],"debug":["处理标识符: https:\/\/t.me\/+Hg62NsrbOCZmZmY8, 清理后: https:\/\/t.me\/+Hg62NsrbOCZmZmY8, 识别为链接: True, 识别为数字ID: False"],"warning":""}}
[2026-01-29T23:50:08+08:00][info] 消息ID缓存成功: task_id=28, group_id=https://t.me/+Hg62NsrbOCZmZmY8, msg_index=1144, message_id=4458
[2026-01-29T23:50:08+08:00][info] 消息状态标记为已发送: task_id=28, group_id=https://t.me/+Hg62NsrbOCZmZmY8, msg_index=1144
[2026-01-29T23:50:08+08:00][info] 任务 28 将在 100 秒后继续处理下一条消息，索引: 1145, 实例ID: task_28_index_1145_1769701808.5857
[2026-01-29T23:50:11+08:00][info] 开始处理队列任务: task_id=25, current_index=519
[2026-01-29T23:50:11+08:00][info] 消息缓存初始化完成: task_id=25, groups=https://t.me/+HZFEhfAwKjhmZDZk
[2026-01-29T23:50:11+08:00][info] 任务 25 第 2 次循环，重置群组 https://t.me/+HZFEhfAwKjhmZDZk 消息状态
[2026-01-29T23:50:15+08:00][info] 返回:{"status":true,"message":"发送完成，成功1个，失败0个[]","data":{"success":[{"group_id":3482989339,"group_link":"https:\/\/t.me\/+HZFEhfAwKjhmZDZk","type":"megagroup","message":"发送成功","message_id":12633}],"failed":[],"debug":["处理标识符: https:\/\/t.me\/+HZFEhfAwKjhmZDZk, 清理后: https:\/\/t.me\/+HZFEhfAwKjhmZDZk, 识别为链接: True, 识别为数字ID: False"],"warning":""}}
[2026-01-29T23:50:15+08:00][info] 消息ID缓存成功: task_id=25, group_id=https://t.me/+HZFEhfAwKjhmZDZk, msg_index=519, message_id=12633
[2026-01-29T23:50:15+08:00][info] 消息状态标记为已发送: task_id=25, group_id=https://t.me/+HZFEhfAwKjhmZDZk, msg_index=519
[2026-01-29T23:50:15+08:00][info] 任务 25 将在 78 秒后继续处理下一条消息，索引: 520, 实例ID: task_25_index_520_1769701815.6115
[2026-01-29T23:50:15+08:00][info] 开始处理队列任务: task_id=29, current_index=451
[2026-01-29T23:50:18+08:00][info] 返回:{"status":true,"message":"发送完成，成功1个，失败0个[]","data":{"success":[{"group_id":3780502866,"group_link":"https:\/\/t.me\/+WZlsKfz1W89jYjE0","type":"megagroup","message":"发送成功","message_id":3750}],"failed":[],"debug":["处理标识符: https:\/\/t.me\/+WZlsKfz1W89jYjE0, 清理后: https:\/\/t.me\/+WZlsKfz1W89jYjE0, 识别为链接: True, 识别为数字ID: False"],"warning":""}}
[2026-01-29T23:50:18+08:00][info] 消息ID缓存成功: task_id=29, group_id=https://t.me/+WZlsKfz1W89jYjE0, msg_index=451, message_id=3750
[2026-01-29T23:50:18+08:00][info] 消息状态标记为已发送: task_id=29, group_id=https://t.me/+WZlsKfz1W89jYjE0, msg_index=451
[2026-01-29T23:50:18+08:00][info] 任务 29 将在 100 秒后继续处理下一条消息，索引: 452, 实例ID: task_29_index_452_1769701818.357
[2026-01-29T23:50:18+08:00][info] 开始处理队列任务: task_id=27, current_index=1458
[2026-01-29T23:50:18+08:00][info] 消息缓存初始化完成: task_id=27, groups=https://t.me/+_XaTo9Qrv0VjOTM0
[2026-01-29T23:50:18+08:00][info] 任务 27 第 2 次循环，重置群组 https://t.me/+_XaTo9Qrv0VjOTM0 消息状态
[2026-01-29T23:50:18+08:00][info] 使用feedbackType=1458的消息ID: 15354
[2026-01-29T23:50:22+08:00][info] 返回:{"status":true,"message":"发送完成，成功1个，失败0个[]","data":{"success":[{"group_id":3649225144,"group_link":"https:\/\/t.me\/+_XaTo9Qrv0VjOTM0","type":"megagroup","message":"发送成功","message_id":15355}],"failed":[],"debug":["处理标识符: https:\/\/t.me\/+_XaTo9Qrv0VjOTM0, 清理后: https:\/\/t.me\/+_XaTo9Qrv0VjOTM0, 识别为链接: True, 识别为数字ID: False"],"warning":""}}
[2026-01-29T23:50:22+08:00][info] 消息ID缓存成功: task_id=27, group_id=https://t.me/+_XaTo9Qrv0VjOTM0, msg_index=1458, message_id=15355
[2026-01-29T23:50:22+08:00][info] 消息状态标记为已发送: task_id=27, group_id=https://t.me/+_XaTo9Qrv0VjOTM0, msg_index=1458
[2026-01-29T23:50:22+08:00][info] 任务 27 将在 82 秒后继续处理下一条消息，索引: 1459, 实例ID: task_27_index_1459_1769701822.3255
[2026-01-29T23:50:43+08:00][info] 开始处理队列任务: task_id=29, current_index=452
[2026-01-29T23:50:46+08:00][info] 返回:{"status":true,"message":"发送完成，成功1个，失败0个[]","data":{"success":[{"group_id":3780502866,"group_link":"https:\/\/t.me\/+WZlsKfz1W89jYjE0","type":"megagroup","message":"发送成功","message_id":3751}],"failed":[],"debug":["处理标识符: https:\/\/t.me\/+WZlsKfz1W89jYjE0, 清理后: https:\/\/t.me\/+WZlsKfz1W89jYjE0, 识别为链接: True, 识别为数字ID: False"],"warning":""}}
[2026-01-29T23:50:46+08:00][info] 消息ID缓存成功: task_id=29, group_id=https://t.me/+WZlsKfz1W89jYjE0, msg_index=452, message_id=3751
[2026-01-29T23:50:46+08:00][info] 消息状态标记为已发送: task_id=29, group_id=https://t.me/+WZlsKfz1W89jYjE0, msg_index=452
[2026-01-29T23:50:46+08:00][info] 任务 29 将在 109 秒后继续处理下一条消息，索引: 453, 实例ID: task_29_index_453_1769701846.0978
[2026-01-29T23:51:01+08:00][info] 开始处理队列任务: task_id=28, current_index=1145
[2026-01-29T23:51:03+08:00][info] 返回:{"status":true,"message":"发送完成，成功1个，失败0个[]","data":{"success":[{"group_id":3657218256,"group_link":"https:\/\/t.me\/+Hg62NsrbOCZmZmY8","type":"megagroup","message":"发送成功","message_id":4459}],"failed":[],"debug":["处理标识符: https:\/\/t.me\/+Hg62NsrbOCZmZmY8, 清理后: https:\/\/t.me\/+Hg62NsrbOCZmZmY8, 识别为链接: True, 识别为数字ID: False"],"warning":""}}
[2026-01-29T23:51:03+08:00][info] 消息ID缓存成功: task_id=28, group_id=https://t.me/+Hg62NsrbOCZmZmY8, msg_index=1145, message_id=4459
[2026-01-29T23:51:03+08:00][info] 消息状态标记为已发送: task_id=28, group_id=https://t.me/+Hg62NsrbOCZmZmY8, msg_index=1145
[2026-01-29T23:51:03+08:00][info] 任务 28 将在 91 秒后继续处理下一条消息，索引: 1146, 实例ID: task_28_index_1146_1769701863.6759
[2026-01-29T23:51:03+08:00][info] 开始处理队列任务: task_id=27, current_index=1459
[2026-01-29T23:51:03+08:00][info] 消息缓存初始化完成: task_id=27, groups=https://t.me/+_XaTo9Qrv0VjOTM0
[2026-01-29T23:51:03+08:00][info] 任务 27 第 2 次循环，重置群组 https://t.me/+_XaTo9Qrv0VjOTM0 消息状态
[2026-01-29T23:51:06+08:00][info] 返回:{"status":true,"message":"发送完成，成功1个，失败0个[]","data":{"success":[{"group_id":3649225144,"group_link":"https:\/\/t.me\/+_XaTo9Qrv0VjOTM0","type":"megagroup","message":"发送成功","message_id":15356}],"failed":[],"debug":["处理标识符: https:\/\/t.me\/+_XaTo9Qrv0VjOTM0, 清理后: https:\/\/t.me\/+_XaTo9Qrv0VjOTM0, 识别为链接: True, 识别为数字ID: False"],"warning":""}}
[2026-01-29T23:51:06+08:00][info] 消息ID缓存成功: task_id=27, group_id=https://t.me/+_XaTo9Qrv0VjOTM0, msg_index=1459, message_id=15356
[2026-01-29T23:51:06+08:00][info] 消息状态标记为已发送: task_id=27, group_id=https://t.me/+_XaTo9Qrv0VjOTM0, msg_index=1459
[2026-01-29T23:51:06+08:00][info] 任务 27 将在 90 秒后继续处理下一条消息，索引: 1460, 实例ID: task_27_index_1460_1769701866.9892
[2026-01-29T23:51:13+08:00][info] 开始处理队列任务: task_id=26, current_index=1429
[2026-01-29T23:51:13+08:00][info] 消息缓存初始化完成: task_id=26, groups=https://t.me/+whdGi5iPfw40ZDMx
[2026-01-29T23:51:13+08:00][info] 任务 26 第 2 次循环，重置群组 https://t.me/+whdGi5iPfw40ZDMx 消息状态
[2026-01-29T23:51:15+08:00][info] 返回:{"status":true,"message":"发送完成，成功1个，失败0个[]","data":{"success":[{"group_id":3642748012,"group_link":"https:\/\/t.me\/+whdGi5iPfw40ZDMx","type":"megagroup","message":"发送成功","message_id":15280}],"failed":[],"debug":["处理标识符: https:\/\/t.me\/+whdGi5iPfw40ZDMx, 清理后: https:\/\/t.me\/+whdGi5iPfw40ZDMx, 识别为链接: True, 识别为数字ID: False"],"warning":""}}
[2026-01-29T23:51:15+08:00][info] 消息ID缓存成功: task_id=26, group_id=https://t.me/+whdGi5iPfw40ZDMx, msg_index=1429, message_id=15280
[2026-01-29T23:51:15+08:00][info] 消息状态标记为已发送: task_id=26, group_id=https://t.me/+whdGi5iPfw40ZDMx, msg_index=1429
[2026-01-29T23:51:15+08:00][info] 任务 26 将在 76 秒后继续处理下一条消息，索引: 1430, 实例ID: task_26_index_1430_1769701875.6263
[2026-01-29T23:51:33+08:00][info] 开始处理队列任务: task_id=25, current_index=520
[2026-01-29T23:51:33+08:00][info] 消息缓存初始化完成: task_id=25, groups=https://t.me/+HZFEhfAwKjhmZDZk
[2026-01-29T23:51:33+08:00][info] 任务 25 第 2 次循环，重置群组 https://t.me/+HZFEhfAwKjhmZDZk 消息状态
[2026-01-29T23:51:36+08:00][info] 返回:{"status":true,"message":"发送完成，成功1个，失败0个[]","data":{"success":[{"group_id":3482989339,"group_link":"https:\/\/t.me\/+HZFEhfAwKjhmZDZk","type":"megagroup","message":"发送成功","message_id":12634}],"failed":[],"debug":["处理标识符: https:\/\/t.me\/+HZFEhfAwKjhmZDZk, 清理后: https:\/\/t.me\/+HZFEhfAwKjhmZDZk, 识别为链接: True, 识别为数字ID: False"],"warning":""}}
[2026-01-29T23:51:36+08:00][info] 消息ID缓存成功: task_id=25, group_id=https://t.me/+HZFEhfAwKjhmZDZk, msg_index=520, message_id=12634
[2026-01-29T23:51:36+08:00][info] 消息状态标记为已发送: task_id=25, group_id=https://t.me/+HZFEhfAwKjhmZDZk, msg_index=520
[2026-01-29T23:51:36+08:00][info] 任务 25 将在 88 秒后继续处理下一条消息，索引: 521, 实例ID: task_25_index_521_1769701896.7209
[2026-01-29T23:51:36+08:00][info] 开始处理队列任务: task_id=29, current_index=453
[2026-01-29T23:51:39+08:00][info] 返回:{"status":true,"message":"发送完成，成功1个，失败0个[]","data":{"success":[{"group_id":3780502866,"group_link":"https:\/\/t.me\/+WZlsKfz1W89jYjE0","type":"megagroup","message":"发送成功","message_id":3752}],"failed":[],"debug":["处理标识符: https:\/\/t.me\/+WZlsKfz1W89jYjE0, 清理后: https:\/\/t.me\/+WZlsKfz1W89jYjE0, 识别为链接: True, 识别为数字ID: False"],"warning":""}}
[2026-01-29T23:51:39+08:00][info] 消息ID缓存成功: task_id=29, group_id=https://t.me/+WZlsKfz1W89jYjE0, msg_index=453, message_id=3752
[2026-01-29T23:51:39+08:00][info] 消息状态标记为已发送: task_id=29, group_id=https://t.me/+WZlsKfz1W89jYjE0, msg_index=453
[2026-01-29T23:51:39+08:00][info] 任务 29 将在 76 秒后继续处理下一条消息，索引: 454, 实例ID: task_29_index_454_1769701899.407
[2026-01-29T23:51:45+08:00][info] 开始处理队列任务: task_id=27, current_index=1460
[2026-01-29T23:51:45+08:00][info] 消息缓存初始化完成: task_id=27, groups=https://t.me/+_XaTo9Qrv0VjOTM0
[2026-01-29T23:51:45+08:00][info] 任务 27 第 2 次循环，重置群组 https://t.me/+_XaTo9Qrv0VjOTM0 消息状态
[2026-01-29T23:51:48+08:00][info] 返回:{"status":true,"message":"发送完成，成功1个，失败0个[]","data":{"success":[{"group_id":3649225144,"group_link":"https:\/\/t.me\/+_XaTo9Qrv0VjOTM0","type":"megagroup","message":"发送成功","message_id":15357}],"failed":[],"debug":["处理标识符: https:\/\/t.me\/+_XaTo9Qrv0VjOTM0, 清理后: https:\/\/t.me\/+_XaTo9Qrv0VjOTM0, 识别为链接: True, 识别为数字ID: False"],"warning":""}}
[2026-01-29T23:51:48+08:00][info] 消息ID缓存成功: task_id=27, group_id=https://t.me/+_XaTo9Qrv0VjOTM0, msg_index=1460, message_id=15357
[2026-01-29T23:51:48+08:00][info] 消息状态标记为已发送: task_id=27, group_id=https://t.me/+_XaTo9Qrv0VjOTM0, msg_index=1460
[2026-01-29T23:51:48+08:00][info] 任务 27 将在 100 秒后继续处理下一条消息，索引: 1461, 实例ID: task_27_index_1461_1769701908.578
[2026-01-29T23:51:48+08:00][info] 开始处理队列任务: task_id=28, current_index=1146
[2026-01-29T23:51:51+08:00][info] 返回:{"status":true,"message":"发送完成，成功1个，失败0个[]","data":{"success":[{"group_id":3657218256,"group_link":"https:\/\/t.me\/+Hg62NsrbOCZmZmY8","type":"megagroup","message":"发送成功","message_id":4460}],"failed":[],"debug":["处理标识符: https:\/\/t.me\/+Hg62NsrbOCZmZmY8, 清理后: https:\/\/t.me\/+Hg62NsrbOCZmZmY8, 识别为链接: True, 识别为数字ID: False"],"warning":""}}
[2026-01-29T23:51:51+08:00][info] 消息ID缓存成功: task_id=28, group_id=https://t.me/+Hg62NsrbOCZmZmY8, msg_index=1146, message_id=4460
[2026-01-29T23:51:51+08:00][info] 消息状态标记为已发送: task_id=28, group_id=https://t.me/+Hg62NsrbOCZmZmY8, msg_index=1146
[2026-01-29T23:51:51+08:00][info] 任务 28 将在 101 秒后继续处理下一条消息，索引: 1147, 实例ID: task_28_index_1147_1769701911.2145
[2026-01-29T23:52:00+08:00][info] 开始处理队列任务: task_id=29, current_index=454
[2026-01-29T23:52:02+08:00][info] 返回:{"status":true,"message":"发送完成，成功1个，失败0个[]","data":{"success":[{"group_id":3780502866,"group_link":"https:\/\/t.me\/+WZlsKfz1W89jYjE0","type":"megagroup","message":"发送成功","message_id":3753}],"failed":[],"debug":["处理标识符: https:\/\/t.me\/+WZlsKfz1W89jYjE0, 清理后: https:\/\/t.me\/+WZlsKfz1W89jYjE0, 识别为链接: True, 识别为数字ID: False"],"warning":""}}
[2026-01-29T23:52:02+08:00][info] 消息ID缓存成功: task_id=29, group_id=https://t.me/+WZlsKfz1W89jYjE0, msg_index=454, message_id=3753
[2026-01-29T23:52:02+08:00][info] 消息状态标记为已发送: task_id=29, group_id=https://t.me/+WZlsKfz1W89jYjE0, msg_index=454
[2026-01-29T23:52:02+08:00][info] 任务 29 将在 90 秒后继续处理下一条消息，索引: 455, 实例ID: task_29_index_455_1769701922.9525
[2026-01-29T23:52:33+08:00][info] 开始处理队列任务: task_id=26, current_index=1430
[2026-01-29T23:52:33+08:00][info] 消息缓存初始化完成: task_id=26, groups=https://t.me/+whdGi5iPfw40ZDMx
[2026-01-29T23:52:33+08:00][info] 任务 26 第 2 次循环，重置群组 https://t.me/+whdGi5iPfw40ZDMx 消息状态
[2026-01-29T23:52:35+08:00][info] 返回:{"status":true,"message":"发送完成，成功1个，失败0个[]","data":{"success":[{"group_id":3642748012,"group_link":"https:\/\/t.me\/+whdGi5iPfw40ZDMx","type":"megagroup","message":"发送成功","message_id":15281}],"failed":[],"debug":["处理标识符: https:\/\/t.me\/+whdGi5iPfw40ZDMx, 清理后: https:\/\/t.me\/+whdGi5iPfw40ZDMx, 识别为链接: True, 识别为数字ID: False"],"warning":""}}
[2026-01-29T23:52:35+08:00][info] 消息ID缓存成功: task_id=26, group_id=https://t.me/+whdGi5iPfw40ZDMx, msg_index=1430, message_id=15281
[2026-01-29T23:52:35+08:00][info] 消息状态标记为已发送: task_id=26, group_id=https://t.me/+whdGi5iPfw40ZDMx, msg_index=1430
[2026-01-29T23:52:35+08:00][info] 任务 26 将在 121 秒后继续处理下一条消息，索引: 1431, 实例ID: task_26_index_1431_1769701955.6123
[2026-01-29T23:52:35+08:00][info] 开始处理队列任务: task_id=28, current_index=1147
[2026-01-29T23:52:38+08:00][info] 返回:{"status":true,"message":"发送完成，成功1个，失败0个[]","data":{"success":[{"group_id":3657218256,"group_link":"https:\/\/t.me\/+Hg62NsrbOCZmZmY8","type":"megagroup","message":"发送成功","message_id":4461}],"failed":[],"debug":["处理标识符: https:\/\/t.me\/+Hg62NsrbOCZmZmY8, 清理后: https:\/\/t.me\/+Hg62NsrbOCZmZmY8, 识别为链接: True, 识别为数字ID: False"],"warning":""}}
[2026-01-29T23:52:38+08:00][info] 消息ID缓存成功: task_id=28, group_id=https://t.me/+Hg62NsrbOCZmZmY8, msg_index=1147, message_id=4461
[2026-01-29T23:52:38+08:00][info] 消息状态标记为已发送: task_id=28, group_id=https://t.me/+Hg62NsrbOCZmZmY8, msg_index=1147
[2026-01-29T23:52:38+08:00][info] 任务 28 将在 98 秒后继续处理下一条消息，索引: 1148, 实例ID: task_28_index_1148_1769701958.5491
[2026-01-29T23:52:38+08:00][info] 开始处理队列任务: task_id=29, current_index=455
[2026-01-29T23:52:41+08:00][info] 返回:{"status":true,"message":"发送完成，成功1个，失败0个[]","data":{"success":[{"group_id":3780502866,"group_link":"https:\/\/t.me\/+WZlsKfz1W89jYjE0","type":"megagroup","message":"发送成功","message_id":3754}],"failed":[],"debug":["处理标识符: https:\/\/t.me\/+WZlsKfz1W89jYjE0, 清理后: https:\/\/t.me\/+WZlsKfz1W89jYjE0, 识别为链接: True, 识别为数字ID: False"],"warning":""}}
[2026-01-29T23:52:41+08:00][info] 消息ID缓存成功: task_id=29, group_id=https://t.me/+WZlsKfz1W89jYjE0, msg_index=455, message_id=3754
[2026-01-29T23:52:41+08:00][info] 消息状态标记为已发送: task_id=29, group_id=https://t.me/+WZlsKfz1W89jYjE0, msg_index=455
[2026-01-29T23:52:41+08:00][info] 任务 29 将在 100 秒后继续处理下一条消息，索引: 456, 实例ID: task_29_index_456_1769701961.2099
[2026-01-29T23:52:41+08:00][info] 开始处理队列任务: task_id=27, current_index=1461
[2026-01-29T23:52:41+08:00][info] 消息缓存初始化完成: task_id=27, groups=https://t.me/+_XaTo9Qrv0VjOTM0
[2026-01-29T23:52:41+08:00][info] 任务 27 第 2 次循环，重置群组 https://t.me/+_XaTo9Qrv0VjOTM0 消息状态
[2026-01-29T23:52:44+08:00][info] 返回:{"status":true,"message":"发送完成，成功1个，失败0个[]","data":{"success":[{"group_id":3649225144,"group_link":"https:\/\/t.me\/+_XaTo9Qrv0VjOTM0","type":"megagroup","message":"发送成功","message_id":15358}],"failed":[],"debug":["处理标识符: https:\/\/t.me\/+_XaTo9Qrv0VjOTM0, 清理后: https:\/\/t.me\/+_XaTo9Qrv0VjOTM0, 识别为链接: True, 识别为数字ID: False"],"warning":""}}
[2026-01-29T23:52:44+08:00][info] 消息ID缓存成功: task_id=27, group_id=https://t.me/+_XaTo9Qrv0VjOTM0, msg_index=1461, message_id=15358
[2026-01-29T23:52:44+08:00][info] 消息状态标记为已发送: task_id=27, group_id=https://t.me/+_XaTo9Qrv0VjOTM0, msg_index=1461
[2026-01-29T23:52:44+08:00][info] 任务 27 将在 78 秒后继续处理下一条消息，索引: 1462, 实例ID: task_27_index_1462_1769701964.792
[2026-01-29T23:52:56+08:00][info] 开始处理队列任务: task_id=29, current_index=456
[2026-01-29T23:52:56+08:00][info] 使用feedbackType=456的消息ID: 3754
[2026-01-29T23:52:59+08:00][info] 返回:{"status":true,"message":"发送完成，成功1个，失败0个[]","data":{"success":[{"group_id":3780502866,"group_link":"https:\/\/t.me\/+WZlsKfz1W89jYjE0","type":"megagroup","message":"发送成功","message_id":3755}],"failed":[],"debug":["处理标识符: https:\/\/t.me\/+WZlsKfz1W89jYjE0, 清理后: https:\/\/t.me\/+WZlsKfz1W89jYjE0, 识别为链接: True, 识别为数字ID: False"],"warning":""}}
[2026-01-29T23:52:59+08:00][info] 消息ID缓存成功: task_id=29, group_id=https://t.me/+WZlsKfz1W89jYjE0, msg_index=456, message_id=3755
[2026-01-29T23:52:59+08:00][info] 消息状态标记为已发送: task_id=29, group_id=https://t.me/+WZlsKfz1W89jYjE0, msg_index=456
[2026-01-29T23:52:59+08:00][info] 任务 29 将在 110 秒后继续处理下一条消息，索引: 457, 实例ID: task_29_index_457_1769701979.9006
[2026-01-29T23:53:05+08:00][info] 开始处理队列任务: task_id=25, current_index=521
[2026-01-29T23:53:06+08:00][info] 消息缓存初始化完成: task_id=25, groups=https://t.me/+HZFEhfAwKjhmZDZk
[2026-01-29T23:53:06+08:00][info] 任务 25 第 2 次循环，重置群组 https://t.me/+HZFEhfAwKjhmZDZk 消息状态
[2026-01-29T23:53:08+08:00][info] 返回:{"status":true,"message":"发送完成，成功1个，失败0个[]","data":{"success":[{"group_id":3482989339,"group_link":"https:\/\/t.me\/+HZFEhfAwKjhmZDZk","type":"megagroup","message":"发送成功","message_id":12635}],"failed":[],"debug":["处理标识符: https:\/\/t.me\/+HZFEhfAwKjhmZDZk, 清理后: https:\/\/t.me\/+HZFEhfAwKjhmZDZk, 识别为链接: True, 识别为数字ID: False"],"warning":""}}
[2026-01-29T23:53:08+08:00][info] 消息ID缓存成功: task_id=25, group_id=https://t.me/+HZFEhfAwKjhmZDZk, msg_index=521, message_id=12635
[2026-01-29T23:53:08+08:00][info] 消息状态标记为已发送: task_id=25, group_id=https://t.me/+HZFEhfAwKjhmZDZk, msg_index=521
[2026-01-29T23:53:08+08:00][info] 任务 25 将在 99 秒后继续处理下一条消息，索引: 522, 实例ID: task_25_index_522_1769701988.8757
[2026-01-29T23:53:29+08:00][info] 开始处理队列任务: task_id=27, current_index=1462
[2026-01-29T23:53:30+08:00][info] 消息缓存初始化完成: task_id=27, groups=https://t.me/+_XaTo9Qrv0VjOTM0
[2026-01-29T23:53:30+08:00][info] 任务 27 第 2 次循环，重置群组 https://t.me/+_XaTo9Qrv0VjOTM0 消息状态
[2026-01-29T23:53:33+08:00][info] 返回:{"status":true,"message":"发送完成，成功1个，失败0个[]","data":{"success":[{"group_id":3649225144,"group_link":"https:\/\/t.me\/+_XaTo9Qrv0VjOTM0","type":"megagroup","message":"发送成功","message_id":15359}],"failed":[],"debug":["处理标识符: https:\/\/t.me\/+_XaTo9Qrv0VjOTM0, 清理后: https:\/\/t.me\/+_XaTo9Qrv0VjOTM0, 识别为链接: True, 识别为数字ID: False"],"warning":""}}
[2026-01-29T23:53:33+08:00][info] 消息ID缓存成功: task_id=27, group_id=https://t.me/+_XaTo9Qrv0VjOTM0, msg_index=1462, message_id=15359
[2026-01-29T23:53:33+08:00][info] 消息状态标记为已发送: task_id=27, group_id=https://t.me/+_XaTo9Qrv0VjOTM0, msg_index=1462
[2026-01-29T23:53:33+08:00][info] 任务 27 将在 86 秒后继续处理下一条消息，索引: 1463, 实例ID: task_27_index_1463_1769702013.6899
[2026-01-29T23:53:33+08:00][info] 开始处理队列任务: task_id=28, current_index=1148
[2026-01-29T23:53:36+08:00][info] 返回:{"status":true,"message":"发送完成，成功1个，失败0个[]","data":{"success":[{"group_id":3657218256,"group_link":"https:\/\/t.me\/+Hg62NsrbOCZmZmY8","type":"megagroup","message":"发送成功","message_id":4462}],"failed":[],"debug":["处理标识符: https:\/\/t.me\/+Hg62NsrbOCZmZmY8, 清理后: https:\/\/t.me\/+Hg62NsrbOCZmZmY8, 识别为链接: True, 识别为数字ID: False"],"warning":""}}
[2026-01-29T23:53:36+08:00][info] 消息ID缓存成功: task_id=28, group_id=https://t.me/+Hg62NsrbOCZmZmY8, msg_index=1148, message_id=4462
[2026-01-29T23:53:36+08:00][info] 消息状态标记为已发送: task_id=28, group_id=https://t.me/+Hg62NsrbOCZmZmY8, msg_index=1148
[2026-01-29T23:53:36+08:00][info] 任务 28 将在 87 秒后继续处理下一条消息，索引: 1149, 实例ID: task_28_index_1149_1769702016.6817
[2026-01-29T23:53:36+08:00][info] 开始处理队列任务: task_id=29, current_index=457
[2026-01-29T23:53:39+08:00][info] 返回:{"status":true,"message":"发送完成，成功1个，失败0个[]","data":{"success":[{"group_id":3780502866,"group_link":"https:\/\/t.me\/+WZlsKfz1W89jYjE0","type":"megagroup","message":"发送成功","message_id":3756}],"failed":[],"debug":["处理标识符: https:\/\/t.me\/+WZlsKfz1W89jYjE0, 清理后: https:\/\/t.me\/+WZlsKfz1W89jYjE0, 识别为链接: True, 识别为数字ID: False"],"warning":""}}
[2026-01-29T23:53:39+08:00][info] 消息ID缓存成功: task_id=29, group_id=https://t.me/+WZlsKfz1W89jYjE0, msg_index=457, message_id=3756
[2026-01-29T23:53:39+08:00][info] 消息状态标记为已发送: task_id=29, group_id=https://t.me/+WZlsKfz1W89jYjE0, msg_index=457
[2026-01-29T23:53:39+08:00][info] 任务 29 将在 90 秒后继续处理下一条消息，索引: 458, 实例ID: task_29_index_458_1769702019.392
[2026-01-29T23:54:03+08:00][info] 开始处理队列任务: task_id=27, current_index=1463
[2026-01-29T23:54:03+08:00][info] 消息缓存初始化完成: task_id=27, groups=https://t.me/+_XaTo9Qrv0VjOTM0
[2026-01-29T23:54:03+08:00][info] 任务 27 第 2 次循环，重置群组 https://t.me/+_XaTo9Qrv0VjOTM0 消息状态
[2026-01-29T23:54:06+08:00][info] 返回:{"status":true,"message":"发送完成，成功1个，失败0个[]","data":{"success":[{"group_id":3649225144,"group_link":"https:\/\/t.me\/+_XaTo9Qrv0VjOTM0","type":"megagroup","message":"发送成功","message_id":15360}],"failed":[],"debug":["处理标识符: https:\/\/t.me\/+_XaTo9Qrv0VjOTM0, 清理后: https:\/\/t.me\/+_XaTo9Qrv0VjOTM0, 识别为链接: True, 识别为数字ID: False"],"warning":""}}
[2026-01-29T23:54:06+08:00][info] 消息ID缓存成功: task_id=27, group_id=https://t.me/+_XaTo9Qrv0VjOTM0, msg_index=1463, message_id=15360
[2026-01-29T23:54:06+08:00][info] 消息状态标记为已发送: task_id=27, group_id=https://t.me/+_XaTo9Qrv0VjOTM0, msg_index=1463
[2026-01-29T23:54:06+08:00][info] 任务 27 将在 87 秒后继续处理下一条消息，索引: 1464, 实例ID: task_27_index_1464_1769702046.1881
[2026-01-29T23:54:18+08:00][info] 开始处理队列任务: task_id=28, current_index=1149
[2026-01-29T23:54:20+08:00][info] 返回:{"status":true,"message":"发送完成，成功1个，失败0个[]","data":{"success":[{"group_id":3657218256,"group_link":"https:\/\/t.me\/+Hg62NsrbOCZmZmY8","type":"megagroup","message":"发送成功","message_id":4463}],"failed":[],"debug":["处理标识符: https:\/\/t.me\/+Hg62NsrbOCZmZmY8, 清理后: https:\/\/t.me\/+Hg62NsrbOCZmZmY8, 识别为链接: True, 识别为数字ID: False"],"warning":""}}
[2026-01-29T23:54:20+08:00][info] 消息ID缓存成功: task_id=28, group_id=https://t.me/+Hg62NsrbOCZmZmY8, msg_index=1149, message_id=4463
[2026-01-29T23:54:20+08:00][info] 消息状态标记为已发送: task_id=28, group_id=https://t.me/+Hg62NsrbOCZmZmY8, msg_index=1149
[2026-01-29T23:54:20+08:00][info] 任务 28 将在 100 秒后继续处理下一条消息，索引: 1150, 实例ID: task_28_index_1150_1769702060.6042
[2026-01-29T23:54:23+08:00][info] 开始处理队列任务: task_id=29, current_index=458
[2026-01-29T23:54:26+08:00][info] 返回:{"status":true,"message":"发送完成，成功1个，失败0个[]","data":{"success":[{"group_id":3780502866,"group_link":"https:\/\/t.me\/+WZlsKfz1W89jYjE0","type":"megagroup","message":"发送成功","message_id":3757}],"failed":[],"debug":["处理标识符: https:\/\/t.me\/+WZlsKfz1W89jYjE0, 清理后: https:\/\/t.me\/+WZlsKfz1W89jYjE0, 识别为链接: True, 识别为数字ID: False"],"warning":""}}
[2026-01-29T23:54:26+08:00][info] 消息ID缓存成功: task_id=29, group_id=https://t.me/+WZlsKfz1W89jYjE0, msg_index=458, message_id=3757
[2026-01-29T23:54:26+08:00][info] 消息状态标记为已发送: task_id=29, group_id=https://t.me/+WZlsKfz1W89jYjE0, msg_index=458
[2026-01-29T23:54:26+08:00][info] 任务 29 将在 89 秒后继续处理下一条消息，索引: 459, 实例ID: task_29_index_459_1769702066.2822
[2026-01-29T23:54:38+08:00][info] 开始处理队列任务: task_id=26, current_index=1431
[2026-01-29T23:54:38+08:00][info] 消息缓存初始化完成: task_id=26, groups=https://t.me/+whdGi5iPfw40ZDMx
[2026-01-29T23:54:38+08:00][info] 任务 26 第 2 次循环，重置群组 https://t.me/+whdGi5iPfw40ZDMx 消息状态
[2026-01-29T23:54:41+08:00][info] 返回:{"status":true,"message":"发送完成，成功1个，失败0个[]","data":{"success":[{"group_id":3642748012,"group_link":"https:\/\/t.me\/+whdGi5iPfw40ZDMx","type":"megagroup","message":"发送成功","message_id":15282}],"failed":[],"debug":["处理标识符: https:\/\/t.me\/+whdGi5iPfw40ZDMx, 清理后: https:\/\/t.me\/+whdGi5iPfw40ZDMx, 识别为链接: True, 识别为数字ID: False"],"warning":""}}
[2026-01-29T23:54:41+08:00][info] 消息ID缓存成功: task_id=26, group_id=https://t.me/+whdGi5iPfw40ZDMx, msg_index=1431, message_id=15282
[2026-01-29T23:54:41+08:00][info] 消息状态标记为已发送: task_id=26, group_id=https://t.me/+whdGi5iPfw40ZDMx, msg_index=1431
[2026-01-29T23:54:41+08:00][info] 任务 26 将在 90 秒后继续处理下一条消息，索引: 1432, 实例ID: task_26_index_1432_1769702081.0363
[2026-01-29T23:54:47+08:00][info] 开始处理队列任务: task_id=25, current_index=522
[2026-01-29T23:54:47+08:00][info] 消息缓存初始化完成: task_id=25, groups=https://t.me/+HZFEhfAwKjhmZDZk
[2026-01-29T23:54:47+08:00][info] 任务 25 第 2 次循环，重置群组 https://t.me/+HZFEhfAwKjhmZDZk 消息状态
[2026-01-29T23:54:49+08:00][info] 返回:{"status":true,"message":"发送完成，成功1个，失败0个[]","data":{"success":[{"group_id":3482989339,"group_link":"https:\/\/t.me\/+HZFEhfAwKjhmZDZk","type":"megagroup","message":"发送成功","message_id":12636}],"failed":[],"debug":["处理标识符: https:\/\/t.me\/+HZFEhfAwKjhmZDZk, 清理后: https:\/\/t.me\/+HZFEhfAwKjhmZDZk, 识别为链接: True, 识别为数字ID: False"],"warning":""}}
[2026-01-29T23:54:49+08:00][info] 消息ID缓存成功: task_id=25, group_id=https://t.me/+HZFEhfAwKjhmZDZk, msg_index=522, message_id=12636
[2026-01-29T23:54:49+08:00][info] 消息状态标记为已发送: task_id=25, group_id=https://t.me/+HZFEhfAwKjhmZDZk, msg_index=522
[2026-01-29T23:54:49+08:00][info] 任务 25 将在 110 秒后继续处理下一条消息，索引: 523, 实例ID: task_25_index_523_1769702089.8533
[2026-01-29T23:54:49+08:00][info] 开始处理队列任务: task_id=29, current_index=459
[2026-01-29T23:54:53+08:00][info] 返回:{"status":true,"message":"发送完成，成功1个，失败0个[]","data":{"success":[{"group_id":3780502866,"group_link":"https:\/\/t.me\/+WZlsKfz1W89jYjE0","type":"megagroup","message":"发送成功","message_id":3758}],"failed":[],"debug":["处理标识符: https:\/\/t.me\/+WZlsKfz1W89jYjE0, 清理后: https:\/\/t.me\/+WZlsKfz1W89jYjE0, 识别为链接: True, 识别为数字ID: False"],"warning":""}}
[2026-01-29T23:54:53+08:00][info] 消息ID缓存成功: task_id=29, group_id=https://t.me/+WZlsKfz1W89jYjE0, msg_index=459, message_id=3758
[2026-01-29T23:54:53+08:00][info] 消息状态标记为已发送: task_id=29, group_id=https://t.me/+WZlsKfz1W89jYjE0, msg_index=459
[2026-01-29T23:54:53+08:00][info] 任务 29 将在 95 秒后继续处理下一条消息，索引: 460, 实例ID: task_29_index_460_1769702093.0496
[2026-01-29T23:54:59+08:00][info] 开始处理队列任务: task_id=27, current_index=1464
[2026-01-29T23:54:59+08:00][info] 消息缓存初始化完成: task_id=27, groups=https://t.me/+_XaTo9Qrv0VjOTM0
[2026-01-29T23:54:59+08:00][info] 任务 27 第 2 次循环，重置群组 https://t.me/+_XaTo9Qrv0VjOTM0 消息状态
[2026-01-29T23:54:59+08:00][info] 使用feedbackType=1464的消息ID: 15360
[2026-01-29T23:55:06+08:00][info] 返回:{"status":true,"message":"发送完成，成功1个，失败0个[]","data":{"success":[{"group_id":3649225144,"group_link":"https:\/\/t.me\/+_XaTo9Qrv0VjOTM0","type":"megagroup","message":"发送成功","message_id":15361}],"failed":[],"debug":["处理标识符: https:\/\/t.me\/+_XaTo9Qrv0VjOTM0, 清理后: https:\/\/t.me\/+_XaTo9Qrv0VjOTM0, 识别为链接: True, 识别为数字ID: False"],"warning":""}}
[2026-01-29T23:55:06+08:00][info] 消息ID缓存成功: task_id=27, group_id=https://t.me/+_XaTo9Qrv0VjOTM0, msg_index=1464, message_id=15361
[2026-01-29T23:55:06+08:00][info] 消息状态标记为已发送: task_id=27, group_id=https://t.me/+_XaTo9Qrv0VjOTM0, msg_index=1464
[2026-01-29T23:55:06+08:00][info] 任务 27 将在 79 秒后继续处理下一条消息，索引: 1465, 实例ID: task_27_index_1465_1769702106.1217
[2026-01-29T23:55:06+08:00][info] 开始处理队列任务: task_id=28, current_index=1150
[2026-01-29T23:55:09+08:00][info] 返回:{"status":true,"message":"发送完成，成功1个，失败0个[]","data":{"success":[{"group_id":3657218256,"group_link":"https:\/\/t.me\/+Hg62NsrbOCZmZmY8","type":"megagroup","message":"发送成功","message_id":4464}],"failed":[],"debug":["处理标识符: https:\/\/t.me\/+Hg62NsrbOCZmZmY8, 清理后: https:\/\/t.me\/+Hg62NsrbOCZmZmY8, 识别为链接: True, 识别为数字ID: False"],"warning":""}}
[2026-01-29T23:55:09+08:00][info] 消息ID缓存成功: task_id=28, group_id=https://t.me/+Hg62NsrbOCZmZmY8, msg_index=1150, message_id=4464
[2026-01-29T23:55:09+08:00][info] 消息状态标记为已发送: task_id=28, group_id=https://t.me/+Hg62NsrbOCZmZmY8, msg_index=1150
[2026-01-29T23:55:09+08:00][info] 任务 28 将在 76 秒后继续处理下一条消息，索引: 1151, 实例ID: task_28_index_1151_1769702109.6437
[2026-01-29T23:55:09+08:00][info] 开始处理队列任务: task_id=29, current_index=460
[2026-01-29T23:55:12+08:00][info] 返回:{"status":true,"message":"发送完成，成功1个，失败0个[]","data":{"success":[{"group_id":3780502866,"group_link":"https:\/\/t.me\/+WZlsKfz1W89jYjE0","type":"megagroup","message":"发送成功","message_id":3759}],"failed":[],"debug":["处理标识符: https:\/\/t.me\/+WZlsKfz1W89jYjE0, 清理后: https:\/\/t.me\/+WZlsKfz1W89jYjE0, 识别为链接: True, 识别为数字ID: False"],"warning":""}}
[2026-01-29T23:55:12+08:00][info] 消息ID缓存成功: task_id=29, group_id=https://t.me/+WZlsKfz1W89jYjE0, msg_index=460, message_id=3759
[2026-01-29T23:55:12+08:00][info] 消息状态标记为已发送: task_id=29, group_id=https://t.me/+WZlsKfz1W89jYjE0, msg_index=460
[2026-01-29T23:55:12+08:00][info] 任务 29 将在 103 秒后继续处理下一条消息，索引: 461, 实例ID: task_29_index_461_1769702112.801
[2026-01-29T23:55:33+08:00][info] 开始处理队列任务: task_id=27, current_index=1465
[2026-01-29T23:55:34+08:00][info] 消息缓存初始化完成: task_id=27, groups=https://t.me/+_XaTo9Qrv0VjOTM0
[2026-01-29T23:55:34+08:00][info] 任务 27 第 2 次循环，重置群组 https://t.me/+_XaTo9Qrv0VjOTM0 消息状态
[2026-01-29T23:55:38+08:00][info] 返回:{"status":true,"message":"发送完成，成功1个，失败0个[]","data":{"success":[{"group_id":3649225144,"group_link":"https:\/\/t.me\/+_XaTo9Qrv0VjOTM0","type":"megagroup","message":"发送成功","message_id":15362}],"failed":[],"debug":["处理标识符: https:\/\/t.me\/+_XaTo9Qrv0VjOTM0, 清理后: https:\/\/t.me\/+_XaTo9Qrv0VjOTM0, 识别为链接: True, 识别为数字ID: False"],"warning":""}}
[2026-01-29T23:55:38+08:00][info] 消息ID缓存成功: task_id=27, group_id=https://t.me/+_XaTo9Qrv0VjOTM0, msg_index=1465, message_id=15362
[2026-01-29T23:55:38+08:00][info] 消息状态标记为已发送: task_id=27, group_id=https://t.me/+_XaTo9Qrv0VjOTM0, msg_index=1465
[2026-01-29T23:55:38+08:00][info] 任务 27 将在 109 秒后继续处理下一条消息，索引: 1466, 实例ID: task_27_index_1466_1769702138.0576
[2026-01-29T23:55:56+08:00][info] 开始处理队列任务: task_id=29, current_index=461
[2026-01-29T23:55:58+08:00][info] 返回:{"status":true,"message":"发送完成，成功1个，失败0个[]","data":{"success":[{"group_id":3780502866,"group_link":"https:\/\/t.me\/+WZlsKfz1W89jYjE0","type":"megagroup","message":"发送成功","message_id":3760}],"failed":[],"debug":["处理标识符: https:\/\/t.me\/+WZlsKfz1W89jYjE0, 清理后: https:\/\/t.me\/+WZlsKfz1W89jYjE0, 识别为链接: True, 识别为数字ID: False"],"warning":""}}
[2026-01-29T23:55:58+08:00][info] 消息ID缓存成功: task_id=29, group_id=https://t.me/+WZlsKfz1W89jYjE0, msg_index=461, message_id=3760
[2026-01-29T23:55:58+08:00][info] 消息状态标记为已发送: task_id=29, group_id=https://t.me/+WZlsKfz1W89jYjE0, msg_index=461
[2026-01-29T23:55:58+08:00][info] 任务 29 将在 106 秒后继续处理下一条消息，索引: 462, 实例ID: task_29_index_462_1769702158.7083
[2026-01-29T23:56:01+08:00][info] 开始处理队列任务: task_id=28, current_index=1151
[2026-01-29T23:56:04+08:00][info] 返回:{"status":true,"message":"发送完成，成功1个，失败0个[]","data":{"success":[{"group_id":3657218256,"group_link":"https:\/\/t.me\/+Hg62NsrbOCZmZmY8","type":"megagroup","message":"发送成功","message_id":4465}],"failed":[],"debug":["处理标识符: https:\/\/t.me\/+Hg62NsrbOCZmZmY8, 清理后: https:\/\/t.me\/+Hg62NsrbOCZmZmY8, 识别为链接: True, 识别为数字ID: False"],"warning":""}}
[2026-01-29T23:56:04+08:00][info] 消息ID缓存成功: task_id=28, group_id=https://t.me/+Hg62NsrbOCZmZmY8, msg_index=1151, message_id=4465
[2026-01-29T23:56:04+08:00][info] 消息状态标记为已发送: task_id=28, group_id=https://t.me/+Hg62NsrbOCZmZmY8, msg_index=1151
[2026-01-29T23:56:04+08:00][info] 任务 28 将在 88 秒后继续处理下一条消息，索引: 1152, 实例ID: task_28_index_1152_1769702164.3013
[2026-01-29T23:56:13+08:00][info] 开始处理队列任务: task_id=26, current_index=1432
[2026-01-29T23:56:13+08:00][info] 消息缓存初始化完成: task_id=26, groups=https://t.me/+whdGi5iPfw40ZDMx
[2026-01-29T23:56:13+08:00][info] 任务 26 第 2 次循环，重置群组 https://t.me/+whdGi5iPfw40ZDMx 消息状态
[2026-01-29T23:56:13+08:00][info] 使用feedbackType=1431的消息ID: 15281
[2026-01-29T23:56:16+08:00][info] 返回:{"status":true,"message":"发送完成，成功1个，失败0个[]","data":{"success":[{"group_id":3642748012,"group_link":"https:\/\/t.me\/+whdGi5iPfw40ZDMx","type":"megagroup","message":"发送成功","message_id":15283}],"failed":[],"debug":["处理标识符: https:\/\/t.me\/+whdGi5iPfw40ZDMx, 清理后: https:\/\/t.me\/+whdGi5iPfw40ZDMx, 识别为链接: True, 识别为数字ID: False"],"warning":""}}
[2026-01-29T23:56:16+08:00][info] 消息ID缓存成功: task_id=26, group_id=https://t.me/+whdGi5iPfw40ZDMx, msg_index=1432, message_id=15283
[2026-01-29T23:56:16+08:00][info] 消息状态标记为已发送: task_id=26, group_id=https://t.me/+whdGi5iPfw40ZDMx, msg_index=1432
[2026-01-29T23:56:16+08:00][info] 任务 26 将在 80 秒后继续处理下一条消息，索引: 1433, 实例ID: task_26_index_1433_1769702176.5037
[2026-01-29T23:56:25+08:00][info] 开始处理队列任务: task_id=27, current_index=1466
[2026-01-29T23:56:25+08:00][info] 消息缓存初始化完成: task_id=27, groups=https://t.me/+_XaTo9Qrv0VjOTM0
[2026-01-29T23:56:25+08:00][info] 任务 27 第 2 次循环，重置群组 https://t.me/+_XaTo9Qrv0VjOTM0 消息状态
[2026-01-29T23:56:31+08:00][info] 返回:{"status":true,"message":"发送完成，成功1个，失败0个[]","data":{"success":[{"group_id":3649225144,"group_link":"https:\/\/t.me\/+_XaTo9Qrv0VjOTM0","type":"megagroup","message":"发送成功","message_id":15363}],"failed":[],"debug":["处理标识符: https:\/\/t.me\/+_XaTo9Qrv0VjOTM0, 清理后: https:\/\/t.me\/+_XaTo9Qrv0VjOTM0, 识别为链接: True, 识别为数字ID: False","文件1有效: \/www\/wwwroot\/tdata.tgbota.top\/public\/uploads\/admin\/202512\/693ae4aadec3e.jpg (87512字节)","发送单个文件: \/www\/wwwroot\/tdata.tgbota.top\/public\/uploads\/admin\/202512\/693ae4aadec3e.jpg"],"warning":""}}
[2026-01-29T23:56:31+08:00][info] 消息ID缓存成功: task_id=27, group_id=https://t.me/+_XaTo9Qrv0VjOTM0, msg_index=1466, message_id=15363
[2026-01-29T23:56:31+08:00][info] 消息状态标记为已发送: task_id=27, group_id=https://t.me/+_XaTo9Qrv0VjOTM0, msg_index=1466
[2026-01-29T23:56:31+08:00][info] 任务 27 将在 89 秒后继续处理下一条消息，索引: 1467, 实例ID: task_27_index_1467_1769702191.5537
[2026-01-29T23:56:31+08:00][info] 开始处理队列任务: task_id=28, current_index=1152
[2026-01-29T23:56:48+08:00][info] 返回:{"status":true,"message":"发送完成，成功1个，失败0个[]","data":{"success":[{"group_id":3657218256,"group_link":"https:\/\/t.me\/+Hg62NsrbOCZmZmY8","type":"megagroup","message":"发送成功","message_id":4466}],"failed":[],"debug":["处理标识符: https:\/\/t.me\/+Hg62NsrbOCZmZmY8, 清理后: https:\/\/t.me\/+Hg62NsrbOCZmZmY8, 识别为链接: True, 识别为数字ID: False"],"warning":""}}
[2026-01-29T23:56:48+08:00][info] 消息ID缓存成功: task_id=28, group_id=https://t.me/+Hg62NsrbOCZmZmY8, msg_index=1152, message_id=4466
[2026-01-29T23:56:48+08:00][info] 消息状态标记为已发送: task_id=28, group_id=https://t.me/+Hg62NsrbOCZmZmY8, msg_index=1152
[2026-01-29T23:56:48+08:00][info] 任务 28 将在 89 秒后继续处理下一条消息，索引: 1153, 实例ID: task_28_index_1153_1769702208.9099
[2026-01-29T23:56:48+08:00][info] 开始处理队列任务: task_id=29, current_index=462
[2026-01-29T23:56:51+08:00][info] 返回:{"status":true,"message":"发送完成，成功1个，失败0个[]","data":{"success":[{"group_id":3780502866,"group_link":"https:\/\/t.me\/+WZlsKfz1W89jYjE0","type":"megagroup","message":"发送成功","message_id":3761}],"failed":[],"debug":["处理标识符: https:\/\/t.me\/+WZlsKfz1W89jYjE0, 清理后: https:\/\/t.me\/+WZlsKfz1W89jYjE0, 识别为链接: True, 识别为数字ID: False"],"warning":""}}
[2026-01-29T23:56:51+08:00][info] 消息ID缓存成功: task_id=29, group_id=https://t.me/+WZlsKfz1W89jYjE0, msg_index=462, message_id=3761
[2026-01-29T23:56:51+08:00][info] 消息状态标记为已发送: task_id=29, group_id=https://t.me/+WZlsKfz1W89jYjE0, msg_index=462
[2026-01-29T23:56:51+08:00][info] 任务 29 将在 115 秒后继续处理下一条消息，索引: 463, 实例ID: task_29_index_463_1769702211.5684
[2026-01-29T23:56:51+08:00][info] 开始处理队列任务: task_id=25, current_index=523
[2026-01-29T23:56:51+08:00][info] 消息缓存初始化完成: task_id=25, groups=https://t.me/+HZFEhfAwKjhmZDZk
[2026-01-29T23:56:51+08:00][info] 任务 25 第 2 次循环，重置群组 https://t.me/+HZFEhfAwKjhmZDZk 消息状态
[2026-01-29T23:56:56+08:00][info] 返回:{"status":true,"message":"发送完成，成功1个，失败0个[]","data":{"success":[{"group_id":3482989339,"group_link":"https:\/\/t.me\/+HZFEhfAwKjhmZDZk","type":"megagroup","message":"发送成功","message_id":12637}],"failed":[],"debug":["处理标识符: https:\/\/t.me\/+HZFEhfAwKjhmZDZk, 清理后: https:\/\/t.me\/+HZFEhfAwKjhmZDZk, 识别为链接: True, 识别为数字ID: False"],"warning":""}}
[2026-01-29T23:56:56+08:00][info] 消息ID缓存成功: task_id=25, group_id=https://t.me/+HZFEhfAwKjhmZDZk, msg_index=523, message_id=12637
[2026-01-29T23:56:56+08:00][info] 消息状态标记为已发送: task_id=25, group_id=https://t.me/+HZFEhfAwKjhmZDZk, msg_index=523
[2026-01-29T23:56:56+08:00][info] 任务 25 将在 95 秒后继续处理下一条消息，索引: 524, 实例ID: task_25_index_524_1769702216.3459
[2026-01-29T23:56:56+08:00][info] 开始处理队列任务: task_id=29, current_index=463
[2026-01-29T23:56:58+08:00][info] 返回:{"status":true,"message":"发送完成，成功1个，失败0个[]","data":{"success":[{"group_id":3780502866,"group_link":"https:\/\/t.me\/+WZlsKfz1W89jYjE0","type":"megagroup","message":"发送成功","message_id":3762}],"failed":[],"debug":["处理标识符: https:\/\/t.me\/+WZlsKfz1W89jYjE0, 清理后: https:\/\/t.me\/+WZlsKfz1W89jYjE0, 识别为链接: True, 识别为数字ID: False"],"warning":""}}
[2026-01-29T23:56:58+08:00][info] 消息ID缓存成功: task_id=29, group_id=https://t.me/+WZlsKfz1W89jYjE0, msg_index=463, message_id=3762
[2026-01-29T23:56:58+08:00][info] 消息状态标记为已发送: task_id=29, group_id=https://t.me/+WZlsKfz1W89jYjE0, msg_index=463
[2026-01-29T23:56:59+08:00][info] 任务 29 将在 121 秒后继续处理下一条消息，索引: 464, 实例ID: task_29_index_464_1769702219.0184
[2026-01-29T23:57:29+08:00][info] 开始处理队列任务: task_id=27, current_index=1467
[2026-01-29T23:57:29+08:00][info] 消息缓存初始化完成: task_id=27, groups=https://t.me/+_XaTo9Qrv0VjOTM0
[2026-01-29T23:57:29+08:00][info] 任务 27 第 2 次循环，重置群组 https://t.me/+_XaTo9Qrv0VjOTM0 消息状态
[2026-01-29T23:57:32+08:00][info] 返回:{"status":true,"message":"发送完成，成功1个，失败0个[]","data":{"success":[{"group_id":3649225144,"group_link":"https:\/\/t.me\/+_XaTo9Qrv0VjOTM0","type":"megagroup","message":"发送成功","message_id":15364}],"failed":[],"debug":["处理标识符: https:\/\/t.me\/+_XaTo9Qrv0VjOTM0, 清理后: https:\/\/t.me\/+_XaTo9Qrv0VjOTM0, 识别为链接: True, 识别为数字ID: False"],"warning":""}}
[2026-01-29T23:57:32+08:00][info] 消息ID缓存成功: task_id=27, group_id=https://t.me/+_XaTo9Qrv0VjOTM0, msg_index=1467, message_id=15364
[2026-01-29T23:57:32+08:00][info] 消息状态标记为已发送: task_id=27, group_id=https://t.me/+_XaTo9Qrv0VjOTM0, msg_index=1467
[2026-01-29T23:57:32+08:00][info] 任务 27 将在 90 秒后继续处理下一条消息，索引: 1468, 实例ID: task_27_index_1468_1769702252.4033
[2026-01-29T23:57:32+08:00][info] 开始处理队列任务: task_id=28, current_index=1153
[2026-01-29T23:57:32+08:00][info] 使用feedbackType=1153的消息ID: 4466
[2026-01-29T23:57:35+08:00][info] 返回:{"status":true,"message":"发送完成，成功1个，失败0个[]","data":{"success":[{"group_id":3657218256,"group_link":"https:\/\/t.me\/+Hg62NsrbOCZmZmY8","type":"megagroup","message":"发送成功","message_id":4467}],"failed":[],"debug":["处理标识符: https:\/\/t.me\/+Hg62NsrbOCZmZmY8, 清理后: https:\/\/t.me\/+Hg62NsrbOCZmZmY8, 识别为链接: True, 识别为数字ID: False"],"warning":""}}
[2026-01-29T23:57:35+08:00][info] 消息ID缓存成功: task_id=28, group_id=https://t.me/+Hg62NsrbOCZmZmY8, msg_index=1153, message_id=4467
[2026-01-29T23:57:35+08:00][info] 消息状态标记为已发送: task_id=28, group_id=https://t.me/+Hg62NsrbOCZmZmY8, msg_index=1153
[2026-01-29T23:57:35+08:00][info] 任务 28 将在 95 秒后继续处理下一条消息，索引: 1154, 实例ID: task_28_index_1154_1769702255.5255
[2026-01-29T23:57:38+08:00][info] 开始处理队列任务: task_id=26, current_index=1433
[2026-01-29T23:57:38+08:00][info] 消息缓存初始化完成: task_id=26, groups=https://t.me/+whdGi5iPfw40ZDMx
[2026-01-29T23:57:38+08:00][info] 任务 26 第 2 次循环，重置群组 https://t.me/+whdGi5iPfw40ZDMx 消息状态
[2026-01-29T23:57:41+08:00][info] 返回:{"status":true,"message":"发送完成，成功1个，失败0个[]","data":{"success":[{"group_id":3642748012,"group_link":"https:\/\/t.me\/+whdGi5iPfw40ZDMx","type":"megagroup","message":"发送成功","message_id":15284}],"failed":[],"debug":["处理标识符: https:\/\/t.me\/+whdGi5iPfw40ZDMx, 清理后: https:\/\/t.me\/+whdGi5iPfw40ZDMx, 识别为链接: True, 识别为数字ID: False"],"warning":""}}
[2026-01-29T23:57:41+08:00][info] 消息ID缓存成功: task_id=26, group_id=https://t.me/+whdGi5iPfw40ZDMx, msg_index=1433, message_id=15284
[2026-01-29T23:57:41+08:00][info] 消息状态标记为已发送: task_id=26, group_id=https://t.me/+whdGi5iPfw40ZDMx, msg_index=1433
[2026-01-29T23:57:41+08:00][info] 任务 26 将在 103 秒后继续处理下一条消息，索引: 1434, 实例ID: task_26_index_1434_1769702261.2677
[2026-01-29T23:57:44+08:00][info] 开始处理队列任务: task_id=29, current_index=464
[2026-01-29T23:57:46+08:00][info] 返回:{"status":true,"message":"发送完成，成功1个，失败0个[]","data":{"success":[{"group_id":3780502866,"group_link":"https:\/\/t.me\/+WZlsKfz1W89jYjE0","type":"megagroup","message":"发送成功","message_id":3763}],"failed":[],"debug":["处理标识符: https:\/\/t.me\/+WZlsKfz1W89jYjE0, 清理后: https:\/\/t.me\/+WZlsKfz1W89jYjE0, 识别为链接: True, 识别为数字ID: False"],"warning":""}}
[2026-01-29T23:57:46+08:00][info] 消息ID缓存成功: task_id=29, group_id=https://t.me/+WZlsKfz1W89jYjE0, msg_index=464, message_id=3763
[2026-01-29T23:57:46+08:00][info] 消息状态标记为已发送: task_id=29, group_id=https://t.me/+WZlsKfz1W89jYjE0, msg_index=464
[2026-01-29T23:57:46+08:00][info] 任务 29 将在 98 秒后继续处理下一条消息，索引: 465, 实例ID: task_29_index_465_1769702266.9987
[2026-01-29T23:58:02+08:00][info] 开始处理队列任务: task_id=27, current_index=1468
[2026-01-29T23:58:02+08:00][info] 消息缓存初始化完成: task_id=27, groups=https://t.me/+_XaTo9Qrv0VjOTM0
[2026-01-29T23:58:02+08:00][info] 任务 27 第 2 次循环，重置群组 https://t.me/+_XaTo9Qrv0VjOTM0 消息状态
[2026-01-29T23:58:02+08:00][info] 使用feedbackType=1467的消息ID: 15363
[2026-01-29T23:58:07+08:00][info] 返回:{"status":true,"message":"发送完成，成功1个，失败0个[]","data":{"success":[{"group_id":3649225144,"group_link":"https:\/\/t.me\/+_XaTo9Qrv0VjOTM0","type":"megagroup","message":"发送成功","message_id":15365}],"failed":[],"debug":["处理标识符: https:\/\/t.me\/+_XaTo9Qrv0VjOTM0, 清理后: https:\/\/t.me\/+_XaTo9Qrv0VjOTM0, 识别为链接: True, 识别为数字ID: False"],"warning":""}}
[2026-01-29T23:58:07+08:00][info] 消息ID缓存成功: task_id=27, group_id=https://t.me/+_XaTo9Qrv0VjOTM0, msg_index=1468, message_id=15365
[2026-01-29T23:58:07+08:00][info] 消息状态标记为已发送: task_id=27, group_id=https://t.me/+_XaTo9Qrv0VjOTM0, msg_index=1468
[2026-01-29T23:58:07+08:00][info] 任务 27 将在 100 秒后继续处理下一条消息，索引: 1469, 实例ID: task_27_index_1469_1769702287.5423
[2026-01-29T23:58:19+08:00][info] 开始处理队列任务: task_id=28, current_index=1154
[2026-01-29T23:58:22+08:00][info] 返回:{"status":true,"message":"发送完成，成功1个，失败0个[]","data":{"success":[{"group_id":3657218256,"group_link":"https:\/\/t.me\/+Hg62NsrbOCZmZmY8","type":"megagroup","message":"发送成功","message_id":4468}],"failed":[],"debug":["处理标识符: https:\/\/t.me\/+Hg62NsrbOCZmZmY8, 清理后: https:\/\/t.me\/+Hg62NsrbOCZmZmY8, 识别为链接: True, 识别为数字ID: False"],"warning":""}}
[2026-01-29T23:58:22+08:00][info] 消息ID缓存成功: task_id=28, group_id=https://t.me/+Hg62NsrbOCZmZmY8, msg_index=1154, message_id=4468
[2026-01-29T23:58:22+08:00][info] 消息状态标记为已发送: task_id=28, group_id=https://t.me/+Hg62NsrbOCZmZmY8, msg_index=1154
[2026-01-29T23:58:22+08:00][info] 任务 28 将在 85 秒后继续处理下一条消息，索引: 1155, 实例ID: task_28_index_1155_1769702302.2832
[2026-01-29T23:58:31+08:00][info] 开始处理队列任务: task_id=25, current_index=524
[2026-01-29T23:58:31+08:00][info] 消息缓存初始化完成: task_id=25, groups=https://t.me/+HZFEhfAwKjhmZDZk
[2026-01-29T23:58:31+08:00][info] 任务 25 第 2 次循环，重置群组 https://t.me/+HZFEhfAwKjhmZDZk 消息状态
[2026-01-29T23:58:34+08:00][info] 返回:{"status":true,"message":"发送完成，成功1个，失败0个[]","data":{"success":[{"group_id":3482989339,"group_link":"https:\/\/t.me\/+HZFEhfAwKjhmZDZk","type":"megagroup","message":"发送成功","message_id":12638}],"failed":[],"debug":["处理标识符: https:\/\/t.me\/+HZFEhfAwKjhmZDZk, 清理后: https:\/\/t.me\/+HZFEhfAwKjhmZDZk, 识别为链接: True, 识别为数字ID: False"],"warning":""}}
[2026-01-29T23:58:34+08:00][info] 消息ID缓存成功: task_id=25, group_id=https://t.me/+HZFEhfAwKjhmZDZk, msg_index=524, message_id=12638
[2026-01-29T23:58:34+08:00][info] 消息状态标记为已发送: task_id=25, group_id=https://t.me/+HZFEhfAwKjhmZDZk, msg_index=524
[2026-01-29T23:58:34+08:00][info] 任务 25 将在 100 秒后继续处理下一条消息，索引: 525, 实例ID: task_25_index_525_1769702314.2427
[2026-01-29T23:58:46+08:00][info] 开始处理队列任务: task_id=29, current_index=465
[2026-01-29T23:58:48+08:00][info] 返回:{"status":true,"message":"发送完成，成功1个，失败0个[]","data":{"success":[{"group_id":3780502866,"group_link":"https:\/\/t.me\/+WZlsKfz1W89jYjE0","type":"megagroup","message":"发送成功","message_id":3764}],"failed":[],"debug":["处理标识符: https:\/\/t.me\/+WZlsKfz1W89jYjE0, 清理后: https:\/\/t.me\/+WZlsKfz1W89jYjE0, 识别为链接: True, 识别为数字ID: False"],"warning":""}}
[2026-01-29T23:58:48+08:00][info] 消息ID缓存成功: task_id=29, group_id=https://t.me/+WZlsKfz1W89jYjE0, msg_index=465, message_id=3764
[2026-01-29T23:58:48+08:00][info] 消息状态标记为已发送: task_id=29, group_id=https://t.me/+WZlsKfz1W89jYjE0, msg_index=465
[2026-01-29T23:58:48+08:00][info] 任务 29 将在 103 秒后继续处理下一条消息，索引: 466, 实例ID: task_29_index_466_1769702328.928
[2026-01-29T23:59:00+08:00][info] 开始处理队列任务: task_id=29, current_index=466
[2026-01-29T23:59:01+08:00][info] 使用feedbackType=465的消息ID: 3763
[2026-01-29T23:59:03+08:00][info] 返回:{"status":true,"message":"发送完成，成功1个，失败0个[]","data":{"success":[{"group_id":3780502866,"group_link":"https:\/\/t.me\/+WZlsKfz1W89jYjE0","type":"megagroup","message":"发送成功","message_id":3765}],"failed":[],"debug":["处理标识符: https:\/\/t.me\/+WZlsKfz1W89jYjE0, 清理后: https:\/\/t.me\/+WZlsKfz1W89jYjE0, 识别为链接: True, 识别为数字ID: False"],"warning":""}}
[2026-01-29T23:59:03+08:00][info] 消息ID缓存成功: task_id=29, group_id=https://t.me/+WZlsKfz1W89jYjE0, msg_index=466, message_id=3765
[2026-01-29T23:59:03+08:00][info] 消息状态标记为已发送: task_id=29, group_id=https://t.me/+WZlsKfz1W89jYjE0, msg_index=466
[2026-01-29T23:59:03+08:00][info] 任务 29 将在 110 秒后继续处理下一条消息，索引: 467, 实例ID: task_29_index_467_1769702343.9484
[2026-01-29T23:59:03+08:00][info] 开始处理队列任务: task_id=27, current_index=1469
[2026-01-29T23:59:04+08:00][info] 消息缓存初始化完成: task_id=27, groups=https://t.me/+_XaTo9Qrv0VjOTM0
[2026-01-29T23:59:04+08:00][info] 任务 27 第 2 次循环，重置群组 https://t.me/+_XaTo9Qrv0VjOTM0 消息状态
[2026-01-29T23:59:06+08:00][info] 返回:{"status":true,"message":"发送完成，成功1个，失败0个[]","data":{"success":[{"group_id":3649225144,"group_link":"https:\/\/t.me\/+_XaTo9Qrv0VjOTM0","type":"megagroup","message":"发送成功","message_id":15366}],"failed":[],"debug":["处理标识符: https:\/\/t.me\/+_XaTo9Qrv0VjOTM0, 清理后: https:\/\/t.me\/+_XaTo9Qrv0VjOTM0, 识别为链接: True, 识别为数字ID: False"],"warning":""}}
[2026-01-29T23:59:06+08:00][info] 消息ID缓存成功: task_id=27, group_id=https://t.me/+_XaTo9Qrv0VjOTM0, msg_index=1469, message_id=15366
[2026-01-29T23:59:06+08:00][info] 消息状态标记为已发送: task_id=27, group_id=https://t.me/+_XaTo9Qrv0VjOTM0, msg_index=1469
[2026-01-29T23:59:06+08:00][info] 任务 27 将在 110 秒后继续处理下一条消息，索引: 1470, 实例ID: task_27_index_1470_1769702346.8318
[2026-01-29T23:59:12+08:00][info] 开始处理队列任务: task_id=28, current_index=1155
[2026-01-29T23:59:15+08:00][info] 返回:{"status":true,"message":"发送完成，成功1个，失败0个[]","data":{"success":[{"group_id":3657218256,"group_link":"https:\/\/t.me\/+Hg62NsrbOCZmZmY8","type":"megagroup","message":"发送成功","message_id":4469}],"failed":[],"debug":["处理标识符: https:\/\/t.me\/+Hg62NsrbOCZmZmY8, 清理后: https:\/\/t.me\/+Hg62NsrbOCZmZmY8, 识别为链接: True, 识别为数字ID: False"],"warning":""}}
[2026-01-29T23:59:15+08:00][info] 消息ID缓存成功: task_id=28, group_id=https://t.me/+Hg62NsrbOCZmZmY8, msg_index=1155, message_id=4469
[2026-01-29T23:59:15+08:00][info] 消息状态标记为已发送: task_id=28, group_id=https://t.me/+Hg62NsrbOCZmZmY8, msg_index=1155
[2026-01-29T23:59:15+08:00][info] 任务 28 将在 110 秒后继续处理下一条消息，索引: 1156, 实例ID: task_28_index_1156_1769702355.497
[2026-01-29T23:59:24+08:00][info] 开始处理队列任务: task_id=26, current_index=1434
[2026-01-29T23:59:24+08:00][info] 消息缓存初始化完成: task_id=26, groups=https://t.me/+whdGi5iPfw40ZDMx
[2026-01-29T23:59:24+08:00][info] 任务 26 第 2 次循环，重置群组 https://t.me/+whdGi5iPfw40ZDMx 消息状态
[2026-01-29T23:59:27+08:00][info] 返回:{"status":true,"message":"发送完成，成功1个，失败0个[]","data":{"success":[{"group_id":3642748012,"group_link":"https:\/\/t.me\/+whdGi5iPfw40ZDMx","type":"megagroup","message":"发送成功","message_id":15285}],"failed":[],"debug":["处理标识符: https:\/\/t.me\/+whdGi5iPfw40ZDMx, 清理后: https:\/\/t.me\/+whdGi5iPfw40ZDMx, 识别为链接: True, 识别为数字ID: False"],"warning":""}}
[2026-01-29T23:59:27+08:00][info] 消息ID缓存成功: task_id=26, group_id=https://t.me/+whdGi5iPfw40ZDMx, msg_index=1434, message_id=15285
[2026-01-29T23:59:27+08:00][info] 消息状态标记为已发送: task_id=26, group_id=https://t.me/+whdGi5iPfw40ZDMx, msg_index=1434
[2026-01-29T23:59:27+08:00][info] 任务 26 将在 95 秒后继续处理下一条消息，索引: 1435, 实例ID: task_26_index_1435_1769702367.1875
[2026-01-29T23:59:27+08:00][info] 开始处理队列任务: task_id=29, current_index=467
[2026-01-29T23:59:29+08:00][info] 返回:{"status":true,"message":"发送完成，成功1个，失败0个[]","data":{"success":[{"group_id":3780502866,"group_link":"https:\/\/t.me\/+WZlsKfz1W89jYjE0","type":"megagroup","message":"发送成功","message_id":3766}],"failed":[],"debug":["处理标识符: https:\/\/t.me\/+WZlsKfz1W89jYjE0, 清理后: https:\/\/t.me\/+WZlsKfz1W89jYjE0, 识别为链接: True, 识别为数字ID: False"],"warning":""}}
[2026-01-29T23:59:29+08:00][info] 消息ID缓存成功: task_id=29, group_id=https://t.me/+WZlsKfz1W89jYjE0, msg_index=467, message_id=3766
[2026-01-29T23:59:29+08:00][info] 消息状态标记为已发送: task_id=29, group_id=https://t.me/+WZlsKfz1W89jYjE0, msg_index=467
[2026-01-29T23:59:29+08:00][info] 任务 29 将在 105 秒后继续处理下一条消息，索引: 468, 实例ID: task_29_index_468_1769702369.9455
[2026-01-29T23:59:48+08:00][info] 开始处理队列任务: task_id=27, current_index=1470
[2026-01-29T23:59:48+08:00][info] 消息缓存初始化完成: task_id=27, groups=https://t.me/+_XaTo9Qrv0VjOTM0
[2026-01-29T23:59:48+08:00][info] 任务 27 第 2 次循环，重置群组 https://t.me/+_XaTo9Qrv0VjOTM0 消息状态
[2026-01-29T23:59:48+08:00][info] 使用feedbackType=1467的消息ID: 15363
[2026-01-29T23:59:53+08:00][info] 返回:{"status":true,"message":"发送完成，成功1个，失败0个[]","data":{"success":[{"group_id":3649225144,"group_link":"https:\/\/t.me\/+_XaTo9Qrv0VjOTM0","type":"megagroup","message":"发送成功","message_id":15367}],"failed":[],"debug":["处理标识符: https:\/\/t.me\/+_XaTo9Qrv0VjOTM0, 清理后: https:\/\/t.me\/+_XaTo9Qrv0VjOTM0, 识别为链接: True, 识别为数字ID: False"],"warning":""}}
[2026-01-29T23:59:53+08:00][info] 消息ID缓存成功: task_id=27, group_id=https://t.me/+_XaTo9Qrv0VjOTM0, msg_index=1470, message_id=15367
[2026-01-29T23:59:53+08:00][info] 消息状态标记为已发送: task_id=27, group_id=https://t.me/+_XaTo9Qrv0VjOTM0, msg_index=1470
[2026-01-29T23:59:53+08:00][info] 任务 27 将在 98 秒后继续处理下一条消息，索引: 1471, 实例ID: task_27_index_1471_1769702393.4082
[2026-01-29T23:59:53+08:00][info] 开始处理队列任务: task_id=28, current_index=1156
[2026-01-29T23:59:56+08:00][info] 返回:{"status":true,"message":"发送完成，成功1个，失败0个[]","data":{"success":[{"group_id":3657218256,"group_link":"https:\/\/t.me\/+Hg62NsrbOCZmZmY8","type":"megagroup","message":"发送成功","message_id":4470}],"failed":[],"debug":["处理标识符: https:\/\/t.me\/+Hg62NsrbOCZmZmY8, 清理后: https:\/\/t.me\/+Hg62NsrbOCZmZmY8, 识别为链接: True, 识别为数字ID: False"],"warning":""}}
[2026-01-29T23:59:56+08:00][info] 消息ID缓存成功: task_id=28, group_id=https://t.me/+Hg62NsrbOCZmZmY8, msg_index=1156, message_id=4470
[2026-01-29T23:59:56+08:00][info] 消息状态标记为已发送: task_id=28, group_id=https://t.me/+Hg62NsrbOCZmZmY8, msg_index=1156
[2026-01-29T23:59:56+08:00][info] 任务 28 将在 76 秒后继续处理下一条消息，索引: 1157, 实例ID: task_28_index_1157_1769702396.1021
