[2026-03-04T00:00:04+08:00][error] 错误信息:controller not exists:app\controller\596a96cc7bf9108cd896f33c44aedc8a
[2026-03-04T00:01:13+08:00][error] 错误信息:controller not exists:app\controller\596a96cc7bf9108cd896f33c44aedc8a
[2026-03-04T00:02:11+08:00][error] 错误信息:controller not exists:app\controller\m-p\s-l\SNOOPY
[2026-03-04T00:03:34+08:00][error] 错误信息:controller not exists:app\controller\p-p\c-\SNOOPY
[2026-03-04T00:04:38+08:00][error] 错误信息:controller not exists:app\controller\m-6\8-k\SNOOPY
[2026-03-04T00:06:45+08:00][error] 错误信息:controller not exists:app\controller\x-8\6-\SNOOPY
[2026-03-04T00:07:13+08:00][error] 错误信息:controller not exists:app\controller\a-r\m-6\SNOOPY
[2026-03-04T00:08:51+08:00][error] 错误信息:controller not exists:app\controller\596a96cc7bf9108cd896f33c44aedc8a
[2026-03-04T00:10:20+08:00][error] 错误信息:controller not exists:app\controller\596a96cc7bf9108cd896f33c44aedc8a
[2026-03-04T00:11:07+08:00][error] 错误信息:controller not exists:app\controller\m-i\p-s\SNOOPY
[2026-03-04T00:12:55+08:00][error] 错误信息:controller not exists:app\controller\a-r\m-4\SNOOPY
[2026-03-04T00:13:15+08:00][error] 错误信息:controller not exists:app\controller\596a96cc7bf9108cd896f33c44aedc8a
[2026-03-04T00:13:47+08:00][error] 错误信息:controller not exists:app\controller\Index
[2026-03-04T00:15:29+08:00][error] 错误信息:controller not exists:app\controller\596a96cc7bf9108cd896f33c44aedc8a
[2026-03-04T00:15:45+08:00][error] 错误信息:controller not exists:app\controller\Index
[2026-03-04T00:18:07+08:00][error] 错误信息:controller not exists:app\controller\Xmrig
[2026-03-04T00:19:41+08:00][error] 错误信息:controller not exists:app\controller\Ss
[2026-03-04T00:20:46+08:00][error] 错误信息:controller not exists:app\controller\bot\Arm6
[2026-03-04T00:22:10+08:00][error] 错误信息:controller not exists:app\controller\bot\Mips
[2026-03-04T00:23:47+08:00][error] 错误信息:controller not exists:app\controller\bot\X8664
[2026-03-04T00:25:00+08:00][error] 错误信息:controller not exists:app\controller\bot\Ppc
[2026-03-04T00:26:48+08:00][error] 错误信息:controller not exists:app\controller\bot\Sh4
[2026-03-04T00:28:30+08:00][error] 错误信息:controller not exists:app\controller\bot\M68k
[2026-03-04T00:30:13+08:00][error] 错误信息:controller not exists:app\controller\bot\Arm
[2026-03-04T00:31:20+08:00][error] 错误信息:controller not exists:app\controller\bot\Mpsl
[2026-03-04T00:33:28+08:00][error] 错误信息:controller not exists:app\controller\bot\Arm5
[2026-03-04T00:35:04+08:00][error] 错误信息:controller not exists:app\controller\bot\X86
[2026-03-04T00:36:14+08:00][error] 错误信息:controller not exists:app\controller\Index
[2026-03-04T00:38:32+08:00][error] 错误信息:controller not exists:app\controller\bot\Arm7
[2026-03-04T00:39:29+08:00][error] 错误信息:controller not exists:app\controller\Bins
[2026-03-04T00:40:01+08:00][error] 错误信息:controller not exists:app\controller\Index
[2026-03-04T00:40:27+08:00][error] 错误信息:controller not exists:app\controller\Index
[2026-03-04T00:40:33+08:00][error] 错误信息:controller not exists:app\controller\Index
[2026-03-04T00:42:10+08:00][error] 错误信息:controller not exists:app\controller\Bins
[2026-03-04T00:44:17+08:00][error] 错误信息:controller not exists:app\controller\Bins
[2026-03-04T00:45:04+08:00][error] 错误信息:controller not exists:app\controller\Bins
[2026-03-04T00:46:15+08:00][error] 错误信息:controller not exists:app\controller\Bins
[2026-03-04T00:49:02+08:00][error] 错误信息:controller not exists:app\controller\Bins
[2026-03-04T00:50:39+08:00][error] 错误信息:controller not exists:app\controller\Bins
[2026-03-04T00:52:03+08:00][error] 错误信息:controller not exists:app\controller\Bins
[2026-03-04T00:53:10+08:00][error] 错误信息:controller not exists:app\controller\Bins
[2026-03-04T00:54:34+08:00][error] 错误信息:controller not exists:app\controller\Bins
[2026-03-04T00:54:38+08:00][error] 错误信息:controller not exists:app\controller\Bins
[2026-03-04T00:55:34+08:00][error] 错误信息:controller not exists:app\controller\Bins
[2026-03-04T00:56:20+08:00][error] 错误信息:controller not exists:app\controller\Index
[2026-03-04T00:56:36+08:00][error] 错误信息:controller not exists:app\controller\Bins
[2026-03-04T00:58:47+08:00][error] 错误信息:controller not exists:app\controller\Bins
[2026-03-04T01:00:16+08:00][error] 错误信息:controller not exists:app\controller\Bins
[2026-03-04T01:01:24+08:00][error] 错误信息:controller not exists:app\controller\Bins
[2026-03-04T01:01:27+08:00][error] 错误信息:controller not exists:app\controller\Bins
[2026-03-04T01:02:37+08:00][error] 错误信息:controller not exists:app\controller\Systemcl
[2026-03-04T01:03:29+08:00][error] 错误信息:controller not exists:app\controller\bot\Sparc
[2026-03-04T01:04:15+08:00][error] 错误信息:controller not exists:app\controller\lol\Arm7
[2026-03-04T01:04:42+08:00][error] 错误信息:controller not exists:app\controller\lol\Arm5
[2026-03-04T01:05:30+08:00][error] 错误信息:controller not exists:app\controller\Index
[2026-03-04T01:06:12+08:00][error] 错误信息:controller not exists:app\controller\bot\Mipsel
[2026-03-04T01:06:36+08:00][error] 错误信息:controller not exists:app\controller\lol\Mpsl
[2026-03-04T01:06:59+08:00][error] 错误信息:controller not exists:app\controller\kitty\M68k
[2026-03-04T01:07:12+08:00][error] 错误信息:controller not exists:app\controller\Index
[2026-03-04T01:08:12+08:00][error] 错误信息:controller not exists:app\controller\kitty\Armv5l
[2026-03-04T01:08:23+08:00][error] 错误信息:controller not exists:app\controller\kitty\Aarch64
[2026-03-04T01:09:20+08:00][error] 错误信息:controller not exists:app\controller\kitty\Powerpc
[2026-03-04T01:09:59+08:00][error] 错误信息:controller not exists:app\controller\kitty\Mips
[2026-03-04T01:10:24+08:00][error] 错误信息:controller not exists:app\controller\kitty\Mipsel
[2026-03-04T01:11:10+08:00][error] 错误信息:controller not exists:app\controller\kitty\X8664
[2026-03-04T01:11:29+08:00][error] 错误信息:controller not exists:app\controller\kitty\Armv7l
[2026-03-04T01:12:11+08:00][error] 错误信息:controller not exists:app\controller\kitty\Powerpc64
[2026-03-04T01:12:42+08:00][error] 错误信息:controller not exists:app\controller\kitty\I686
[2026-03-04T01:13:02+08:00][error] 错误信息:controller not exists:app\controller\kitty\Armv6l
[2026-03-04T01:13:39+08:00][error] 错误信息:controller not exists:app\controller\kitty\I486
[2026-03-04T01:14:23+08:00][error] 错误信息:controller not exists:app\controller\Bins
[2026-03-04T01:14:33+08:00][error] 错误信息:controller not exists:app\controller\Bins
[2026-03-04T01:15:14+08:00][error] 错误信息:controller not exists:app\controller\L7vmra
[2026-03-04T01:15:40+08:00][error] 错误信息:controller not exists:app\controller\Bins
[2026-03-04T01:16:16+08:00][error] 错误信息:controller not exists:app\controller\Bins
[2026-03-04T01:16:25+08:00][error] 错误信息:controller not exists:app\controller\Index
[2026-03-04T01:17:02+08:00][error] 错误信息:controller not exists:app\controller\Spim
[2026-03-04T01:17:12+08:00][error] 错误信息:controller not exists:app\controller\Bins
[2026-03-04T01:17:46+08:00][error] 错误信息:controller not exists:app\controller\MainArm5
[2026-03-04T01:18:26+08:00][error] 错误信息:controller not exists:app\controller\MainPpc
[2026-03-04T01:19:12+08:00][error] 错误信息:controller not exists:app\controller\MainM68k
[2026-03-04T01:19:28+08:00][error] 错误信息:controller not exists:app\controller\MainArm7
[2026-03-04T01:19:45+08:00][error] 错误信息:controller not exists:app\controller\debug\Dbg
[2026-03-04T01:20:28+08:00][error] 错误信息:controller not exists:app\controller\MainArm6
[2026-03-04T01:21:04+08:00][error] 错误信息:controller not exists:app\controller\MainSpc
[2026-03-04T01:21:45+08:00][error] 错误信息:controller not exists:app\controller\MainX86
[2026-03-04T01:21:58+08:00][error] 错误信息:controller not exists:app\controller\MainX8664
[2026-03-04T01:22:32+08:00][error] 错误信息:controller not exists:app\controller\MainMips
[2026-03-04T01:23:28+08:00][error] 错误信息:controller not exists:app\controller\MainSh4
[2026-03-04T01:23:48+08:00][error] 错误信息:controller not exists:app\controller\Bins
[2026-03-04T01:24:19+08:00][error] 错误信息:controller not exists:app\controller\Debug
[2026-03-04T01:24:46+08:00][error] 错误信息:controller not exists:app\controller\morte\Arc
[2026-03-04T01:25:33+08:00][error] 错误信息:controller not exists:app\controller\morte\M68k
[2026-03-04T01:26:06+08:00][error] 错误信息:controller not exists:app\controller\Bins
[2026-03-04T01:26:37+08:00][error] 错误信息:controller not exists:app\controller\Bins
[2026-03-04T01:26:58+08:00][error] 错误信息:controller not exists:app\controller\Bins
[2026-03-04T01:27:20+08:00][error] 错误信息:controller not exists:app\controller\Bins
[2026-03-04T01:27:42+08:00][error] 错误信息:controller not exists:app\controller\Index
[2026-03-04T01:28:14+08:00][error] 错误信息:controller not exists:app\controller\morte\Arm5
[2026-03-04T01:28:44+08:00][error] 错误信息:controller not exists:app\controller\morte\X8664
[2026-03-04T01:29:01+08:00][error] 错误信息:controller not exists:app\controller\morte\Arm
[2026-03-04T01:29:34+08:00][error] 错误信息:controller not exists:app\controller\morte\X86
[2026-03-04T01:30:10+08:00][error] 错误信息:controller not exists:app\controller\morte\Arm6
[2026-03-04T01:30:53+08:00][error] 错误信息:controller not exists:app\controller\morte\Ppc
[2026-03-04T01:31:11+08:00][error] 错误信息:controller not exists:app\controller\morte\Arm7
[2026-03-04T01:31:37+08:00][error] 错误信息:controller not exists:app\controller\morte\Sh4
[2026-03-04T01:32:07+08:00][error] 错误信息:controller not exists:app\controller\morte\Mpsl
[2026-03-04T01:32:10+08:00][error] 错误信息:controller not exists:app\controller\morte\Mpsl
[2026-03-04T01:32:23+08:00][error] 错误信息:controller not exists:app\controller\morte\Spc
[2026-03-04T01:32:41+08:00][error] 错误信息:controller not exists:app\controller\Index
[2026-03-04T01:33:30+08:00][error] 错误信息:controller not exists:app\controller\morte\I686
[2026-03-04T01:33:52+08:00][error] 错误信息:controller not exists:app\controller\morte\Mips
[2026-03-04T01:34:28+08:00][error] 错误信息:controller not exists:app\controller\LjEZs
[2026-03-04T01:34:41+08:00][error] 错误信息:controller not exists:app\controller\LjEZs
[2026-03-04T01:35:45+08:00][error] 错误信息:controller not exists:app\controller\LjEZs
[2026-03-04T01:36:14+08:00][error] 错误信息:controller not exists:app\controller\LjEZs
[2026-03-04T01:36:26+08:00][error] 错误信息:controller not exists:app\controller\LjEZs
[2026-03-04T01:37:21+08:00][error] 错误信息:controller not exists:app\controller\LjEZs
[2026-03-04T01:37:55+08:00][error] 错误信息:controller not exists:app\controller\LjEZs
[2026-03-04T01:38:28+08:00][error] 错误信息:controller not exists:app\controller\LjEZs
[2026-03-04T01:39:13+08:00][error] 错误信息:controller not exists:app\controller\LjEZs
[2026-03-04T01:39:40+08:00][error] 错误信息:controller not exists:app\controller\arm\Nn
[2026-03-04T01:39:51+08:00][error] 错误信息:controller not exists:app\controller\arm5\Nn
[2026-03-04T01:41:03+08:00][error] 错误信息:controller not exists:app\controller\arm6\Nn
[2026-03-04T01:41:10+08:00][error] 错误信息:controller not exists:app\controller\MainMpsl
[2026-03-04T01:41:48+08:00][error] 错误信息:controller not exists:app\controller\bot\Spc
[2026-03-04T01:42:34+08:00][error] 错误信息:controller not exists:app\controller\LjEZs
[2026-03-04T01:43:21+08:00][error] 错误信息:controller not exists:app\controller\LjEZs
[2026-03-04T01:43:44+08:00][error] 错误信息:controller not exists:app\controller\LjEZs
[2026-03-04T01:44:18+08:00][error] 错误信息:controller not exists:app\controller\LjEZs
[2026-03-04T01:45:17+08:00][error] 错误信息:controller not exists:app\controller\arm7\Nn
[2026-03-04T01:45:59+08:00][error] 错误信息:controller not exists:app\controller\M68k68xxx
[2026-03-04T01:46:26+08:00][error] 错误信息:controller not exists:app\controller\a-r\m-4\Sakura
[2026-03-04T01:47:12+08:00][error] 错误信息:controller not exists:app\controller\m-p\s-l\Sakura
[2026-03-04T01:48:23+08:00][error] 错误信息:controller not exists:app\controller\a-r\m-6\Sakura
[2026-03-04T01:48:37+08:00][error] 错误信息:controller not exists:app\controller\m-6\8-k\Sakura
[2026-03-04T01:49:15+08:00][error] 错误信息:controller not exists:app\controller\m-i\p-s\Sakura
[2026-03-04T01:49:54+08:00][error] 错误信息:controller not exists:app\controller\x86_64\Dbg
[2026-03-04T01:51:10+08:00][error] 错误信息:controller not exists:app\controller\ShSh4
[2026-03-04T01:51:33+08:00][error] 错误信息:controller not exists:app\controller\Aarch64be
[2026-03-04T01:51:57+08:00][error] 错误信息:controller not exists:app\controller\Powerpc440fp
[2026-03-04T01:53:17+08:00][error] 错误信息:controller not exists:app\controller\Microblazebe
[2026-03-04T01:54:01+08:00][error] 错误信息:controller not exists:app\controller\Arcle750d
[2026-03-04T01:54:36+08:00][error] 错误信息:controller not exists:app\controller\X8664
[2026-03-04T01:55:48+08:00][error] 错误信息:controller not exists:app\controller\ArcleHs38
[2026-03-04T01:56:37+08:00][error] 错误信息:controller not exists:app\controller\Index
[2026-03-04T01:56:39+08:00][error] 错误信息:controller not exists:app\controller\Microblazeel
[2026-03-04T01:57:02+08:00][error] 错误信息:controller not exists:app\controller\p-p\c-\Sakura
[2026-03-04T01:57:45+08:00][error] 错误信息:controller not exists:app\controller\x-8\6-\Sakura
[2026-03-04T01:58:57+08:00][error] 错误信息:controller not exists:app\controller\a-r\m-5\Sakura
[2026-03-04T01:59:55+08:00][error] 错误信息:controller not exists:app\controller\i-5\8-6\Sakura
[2026-03-04T02:00:27+08:00][error] 错误信息:controller not exists:app\controller\x-3\2-\Sakura
[2026-03-04T02:01:28+08:00][error] 错误信息:controller not exists:app\controller\a-r\m-7\Sakura
[2026-03-04T02:01:47+08:00][error] 错误信息:controller not exists:app\controller\s-h\4-\Sakura
[2026-03-04T02:02:41+08:00][error] 错误信息:controller not exists:app\controller\Cnc
[2026-03-04T02:02:44+08:00][error] 错误信息:controller not exists:app\controller\Cnc
[2026-03-04T02:04:25+08:00][error] 错误信息:controller not exists:app\controller\Z
[2026-03-04T02:05:04+08:00][error] 错误信息:controller not exists:app\controller\Z
[2026-03-04T02:05:45+08:00][error] 错误信息:controller not exists:app\controller\Z
[2026-03-04T02:07:15+08:00][error] 错误信息:controller not exists:app\controller\Z
[2026-03-04T02:07:30+08:00][error] 错误信息:controller not exists:app\controller\Bins
[2026-03-04T02:07:51+08:00][error] 错误信息:controller not exists:app\controller\Z
[2026-03-04T02:08:27+08:00][error] 错误信息:controller not exists:app\controller\Z
[2026-03-04T02:09:44+08:00][error] 错误信息:controller not exists:app\controller\Z
[2026-03-04T02:09:47+08:00][error] 错误信息:controller not exists:app\controller\Z
[2026-03-04T02:10:46+08:00][error] 错误信息:controller not exists:app\controller\Rtz
[2026-03-04T02:12:08+08:00][error] 错误信息:controller not exists:app\controller\Z
[2026-03-04T02:12:38+08:00][error] 错误信息:controller not exists:app\controller\Z
[2026-03-04T02:13:38+08:00][error] 错误信息:controller not exists:app\controller\Z
[2026-03-04T02:14:57+08:00][error] 错误信息:controller not exists:app\controller\Z
[2026-03-04T02:15:00+08:00][error] 错误信息:controller not exists:app\controller\Z
[2026-03-04T02:16:13+08:00][error] 错误信息:controller not exists:app\controller\Z
[2026-03-04T02:17:16+08:00][error] 错误信息:controller not exists:app\controller\Z
[2026-03-04T02:17:56+08:00][error] 错误信息:controller not exists:app\controller\Z
[2026-03-04T02:18:24+08:00][error] 错误信息:controller not exists:app\controller\Index
[2026-03-04T02:19:01+08:00][error] 错误信息:controller not exists:app\controller\Z
[2026-03-04T02:20:16+08:00][error] 错误信息:controller not exists:app\controller\Z
[2026-03-04T02:20:48+08:00][error] 错误信息:controller not exists:app\controller\Z
[2026-03-04T02:21:50+08:00][error] 错误信息:controller not exists:app\controller\Index
[2026-03-04T02:22:07+08:00][error] 错误信息:controller not exists:app\controller\Z
[2026-03-04T02:22:45+08:00][error] 错误信息:controller not exists:app\controller\Z
[2026-03-04T02:24:13+08:00][error] 错误信息:controller not exists:app\controller\Z
[2026-03-04T02:25:22+08:00][error] 错误信息:controller not exists:app\controller\Z
[2026-03-04T02:26:04+08:00][error] 错误信息:controller not exists:app\controller\Z
[2026-03-04T02:26:57+08:00][error] 错误信息:controller not exists:app\controller\Z
[2026-03-04T02:27:10+08:00][error] 错误信息:controller not exists:app\controller\Index
[2026-03-04T02:28:20+08:00][error] 错误信息:controller not exists:app\controller\Z
[2026-03-04T02:29:23+08:00][error] 错误信息:controller not exists:app\controller\Z
[2026-03-04T02:29:48+08:00][error] 错误信息:controller not exists:app\controller\Arm
[2026-03-04T02:30:50+08:00][error] 错误信息:controller not exists:app\controller\hanoi\X86
[2026-03-04T02:32:20+08:00][error] 错误信息:controller not exists:app\controller\rondo\I486
[2026-03-04T02:33:40+08:00][error] 错误信息:controller not exists:app\controller\rondo\Powerpc
[2026-03-04T02:33:43+08:00][error] 错误信息:controller not exists:app\controller\rondo\Powerpc
[2026-03-04T02:35:17+08:00][error] 错误信息:controller not exists:app\controller\rondo\Mips
[2026-03-04T02:36:05+08:00][error] 错误信息:controller not exists:app\controller\rondo\Armv4l
[2026-03-04T02:37:42+08:00][error] 错误信息:controller not exists:app\controller\rondo\Fbsdi386
[2026-03-04T02:38:59+08:00][error] 错误信息:controller not exists:app\controller\rondo\M68k
[2026-03-04T02:40:40+08:00][error] 错误信息:controller not exists:app\controller\rondo\Arc700
[2026-03-04T02:40:43+08:00][error] 错误信息:controller not exists:app\controller\rondo\Arc700
[2026-03-04T02:41:11+08:00][error] 错误信息:controller not exists:app\controller\rondo\Mipsel
[2026-03-04T02:43:15+08:00][error] 错误信息:controller not exists:app\controller\rondo\Fbsdarm64
[2026-03-04T02:43:18+08:00][error] 错误信息:controller not exists:app\controller\rondo\Fbsdarm64
[2026-03-04T02:44:02+08:00][error] 错误信息:controller not exists:app\controller\rondo\X8664
[2026-03-04T02:44:49+08:00][error] 错误信息:controller not exists:app\controller\rondo\I586
[2026-03-04T02:46:22+08:00][error] 错误信息:controller not exists:app\controller\rondo\Fbsdamd64
[2026-03-04T02:47:04+08:00][error] 错误信息:controller not exists:app\controller\rondo\Sparc
[2026-03-04T02:48:01+08:00][error] 错误信息:controller not exists:app\controller\Index
[2026-03-04T02:49:07+08:00][error] 错误信息:controller not exists:app\controller\rondo\I686
[2026-03-04T02:50:30+08:00][error] 错误信息:controller not exists:app\controller\rondo\Armv7l
[2026-03-04T02:51:28+08:00][error] 错误信息:controller not exists:app\controller\rondo\Armv5l
[2026-03-04T02:52:08+08:00][error] 错误信息:controller not exists:app\controller\rondo\Fbsdpowerpc
[2026-03-04T02:53:50+08:00][error] 错误信息:controller not exists:app\controller\rondo\Sh4
[2026-03-04T02:55:22+08:00][error] 错误信息:controller not exists:app\controller\rondo\Armv6l
[2026-03-04T02:56:51+08:00][error] 错误信息:controller not exists:app\controller\rondo\Powerpc440fp
[2026-03-04T02:56:55+08:00][error] 错误信息:controller not exists:app\controller\rondo\Powerpc440fp
[2026-03-04T02:57:48+08:00][error] 错误信息:controller not exists:app\controller\Bins
[2026-03-04T02:59:00+08:00][error] 错误信息:controller not exists:app\controller\HBTs
[2026-03-04T02:59:51+08:00][error] 错误信息:controller not exists:app\controller\HBTs
[2026-03-04T03:01:15+08:00][error] 错误信息:controller not exists:app\controller\Bins
[2026-03-04T03:01:33+08:00][error] 错误信息:controller not exists:app\controller\Index
[2026-03-04T03:02:01+08:00][error] 错误信息:controller not exists:app\controller\Bins
[2026-03-04T03:02:54+08:00][error] 错误信息:controller not exists:app\controller\Wiki
[2026-03-04T03:03:07+08:00][error] 错误信息:controller not exists:app\controller\Bwx7hfmqpcr9r2f
[2026-03-04T03:04:14+08:00][error] 错误信息:controller not exists:app\controller\Bins
[2026-03-04T03:04:56+08:00][error] 错误信息:controller not exists:app\controller\Hiddenbin
[2026-03-04T03:05:39+08:00][error] 错误信息:controller not exists:app\controller\Mips64
[2026-03-04T03:07:56+08:00][error] 错误信息:controller not exists:app\controller\Whoareyou
[2026-03-04T03:09:02+08:00][error] 错误信息:controller not exists:app\controller\Whoareyou
[2026-03-04T03:10:02+08:00][error] 错误信息:controller not exists:app\controller\Whoareyou
[2026-03-04T03:10:50+08:00][error] 错误信息:controller not exists:app\controller\Whoareyou
[2026-03-04T03:12:19+08:00][error] 错误信息:controller not exists:app\controller\Whoareyou
[2026-03-04T03:13:11+08:00][error] 错误信息:controller not exists:app\controller\Whoareyou
[2026-03-04T03:13:14+08:00][error] 错误信息:controller not exists:app\controller\Whoareyou
[2026-03-04T03:14:04+08:00][error] 错误信息:controller not exists:app\controller\Whoareyou
[2026-03-04T03:14:37+08:00][error] 错误信息:controller not exists:app\controller\Index
[2026-03-04T03:15:14+08:00][error] 错误信息:controller not exists:app\controller\Whoareyou
[2026-03-04T03:15:17+08:00][error] 错误信息:controller not exists:app\controller\Whoareyou
[2026-03-04T03:15:20+08:00][error] 错误信息:controller not exists:app\controller\Whoareyou
[2026-03-04T03:16:17+08:00][error] 错误信息:controller not exists:app\controller\Whoareyou
[2026-03-04T03:18:03+08:00][error] 错误信息:controller not exists:app\controller\Whoareyou
[2026-03-04T03:18:27+08:00][error] 错误信息:controller not exists:app\controller\Whoareyou
[2026-03-04T03:18:30+08:00][error] 错误信息:controller not exists:app\controller\Whoareyou
[2026-03-04T03:19:23+08:00][error] 错误信息:controller not exists:app\controller\Whoareyou
[2026-03-04T03:20:36+08:00][error] 错误信息:controller not exists:app\controller\Bins
[2026-03-04T03:22:45+08:00][error] 错误信息:controller not exists:app\controller\Bins
[2026-03-04T03:23:21+08:00][error] 错误信息:controller not exists:app\controller\Index
[2026-03-04T03:23:47+08:00][error] 错误信息:controller not exists:app\controller\Bins
[2026-03-04T03:24:03+08:00][error] 错误信息:controller not exists:app\controller\Bins
[2026-03-04T03:24:06+08:00][error] 错误信息:controller not exists:app\controller\Bins
[2026-03-04T03:25:04+08:00][error] 错误信息:controller not exists:app\controller\Bins
[2026-03-04T03:26:30+08:00][error] 错误信息:controller not exists:app\controller\Bins
[2026-03-04T03:26:43+08:00][error] 错误信息:controller not exists:app\controller\Bins
[2026-03-04T03:27:47+08:00][error] 错误信息:controller not exists:app\controller\Bins
[2026-03-04T03:28:20+08:00][error] 错误信息:controller not exists:app\controller\Bins
[2026-03-04T03:29:11+08:00][error] 错误信息:controller not exists:app\controller\Bins
[2026-03-04T03:30:31+08:00][error] 错误信息:controller not exists:app\controller\Bins
[2026-03-04T03:30:50+08:00][error] 错误信息:controller not exists:app\controller\Hiddenbin
[2026-03-04T03:31:46+08:00][error] 错误信息:controller not exists:app\controller\HBTs
[2026-03-04T03:32:33+08:00][error] 错误信息:controller not exists:app\controller\HBTs
[2026-03-04T03:33:19+08:00][error] 错误信息:controller not exists:app\controller\HBTs
[2026-03-04T03:33:50+08:00][error] 错误信息:controller not exists:app\controller\HBTs
[2026-03-04T03:34:26+08:00][error] 错误信息:controller not exists:app\controller\HBTs
[2026-03-04T03:35:31+08:00][error] 错误信息:controller not exists:app\controller\HBTs
[2026-03-04T03:36:11+08:00][error] 错误信息:controller not exists:app\controller\HBTs
[2026-03-04T03:36:25+08:00][error] 错误信息:controller not exists:app\controller\HBTs
[2026-03-04T03:36:28+08:00][error] 错误信息:controller not exists:app\controller\HBTs
[2026-03-04T03:37:04+08:00][error] 错误信息:controller not exists:app\controller\HBTs
[2026-03-04T03:37:44+08:00][error] 错误信息:controller not exists:app\controller\HBTs
[2026-03-04T03:38:25+08:00][error] 错误信息:controller not exists:app\controller\HBTs
[2026-03-04T03:38:44+08:00][error] 错误信息:controller not exists:app\controller\Index
[2026-03-04T03:39:08+08:00][error] 错误信息:controller not exists:app\controller\HBTs
[2026-03-04T03:39:28+08:00][error] 错误信息:controller not exists:app\controller\m68k\Nn
[2026-03-04T03:40:51+08:00][error] 错误信息:controller not exists:app\controller\mipsel\Nn
[2026-03-04T03:41:16+08:00][error] 错误信息:controller not exists:app\controller\x86_64\Nn
[2026-03-04T03:41:55+08:00][error] 错误信息:controller not exists:app\controller\x86_32\Nn
[2026-03-04T03:42:19+08:00][error] 错误信息:controller not exists:app\controller\sh4\Nn
[2026-03-04T03:43:15+08:00][error] 错误信息:controller not exists:app\controller\mips\Nn
[2026-03-04T03:43:37+08:00][error] 错误信息:controller not exists:app\controller\sparc\Nn
[2026-03-04T03:44:10+08:00][error] 错误信息:controller not exists:app\controller\powerpc\Nn
[2026-03-04T03:44:34+08:00][error] 错误信息:controller not exists:app\controller\Index
[2026-03-04T03:44:49+08:00][error] 错误信息:controller not exists:app\controller\Linux
[2026-03-04T03:45:48+08:00][error] 错误信息:controller not exists:app\controller\Huhu
[2026-03-04T03:46:41+08:00][error] 错误信息:controller not exists:app\controller\Huhu
[2026-03-04T03:47:03+08:00][error] 错误信息:controller not exists:app\controller\Bins
[2026-03-04T03:48:00+08:00][error] 错误信息:controller not exists:app\controller\Huhu
[2026-03-04T03:48:49+08:00][error] 错误信息:controller not exists:app\controller\Huhu
[2026-03-04T03:48:51+08:00][error] 错误信息:controller not exists:app\controller\Huhu
[2026-03-04T03:49:16+08:00][error] 错误信息:controller not exists:app\controller\Huhu
[2026-03-04T03:49:26+08:00][error] 错误信息:controller not exists:app\controller\Huhu
[2026-03-04T03:50:41+08:00][error] 错误信息:controller not exists:app\controller\Huhu
[2026-03-04T03:51:06+08:00][error] 错误信息:controller not exists:app\controller\Huhu
[2026-03-04T03:51:40+08:00][error] 错误信息:controller not exists:app\controller\Huhu
[2026-03-04T03:52:16+08:00][error] 错误信息:controller not exists:app\controller\Huhu
[2026-03-04T03:53:26+08:00][error] 错误信息:controller not exists:app\controller\Huhu
[2026-03-04T03:53:40+08:00][error] 错误信息:controller not exists:app\controller\Huhu
[2026-03-04T03:54:06+08:00][error] 错误信息:controller not exists:app\controller\Huhu
[2026-03-04T03:54:45+08:00][error] 错误信息:controller not exists:app\controller\Huhu
[2026-03-04T03:56:12+08:00][error] 错误信息:controller not exists:app\controller\Huhu
[2026-03-04T03:56:42+08:00][error] 错误信息:controller not exists:app\controller\Huhu
[2026-03-04T03:56:52+08:00][error] 错误信息:controller not exists:app\controller\SDK
[2026-03-04T03:57:18+08:00][error] 错误信息:controller not exists:app\controller\0010101010100101101010111010101
[2026-03-04T03:58:22+08:00][error] 错误信息:controller not exists:app\controller\0010101010100101101010111010101
[2026-03-04T03:58:24+08:00][error] 错误信息:controller not exists:app\controller\0010101010100101101010111010101
[2026-03-04T03:59:01+08:00][error] 错误信息:controller not exists:app\controller\0010101010100101101010111010101
[2026-03-04T03:59:44+08:00][error] 错误信息:controller not exists:app\controller\0010101010100101101010111010101
[2026-03-04T04:00:36+08:00][error] 错误信息:controller not exists:app\controller\0010101010100101101010111010101
[2026-03-04T04:01:49+08:00][error] 错误信息:controller not exists:app\controller\0010101010100101101010111010101
[2026-03-04T04:02:12+08:00][error] 错误信息:controller not exists:app\controller\0010101010100101101010111010101
[2026-03-04T04:03:26+08:00][error] 错误信息:controller not exists:app\controller\0010101010100101101010111010101
[2026-03-04T04:03:33+08:00][error] 错误信息:controller not exists:app\controller\0010101010100101101010111010101
[2026-03-04T04:04:11+08:00][error] 错误信息:controller not exists:app\controller\Index
[2026-03-04T04:04:20+08:00][error] 错误信息:controller not exists:app\controller\0010101010100101101010111010101
[2026-03-04T04:05:28+08:00][error] 错误信息:controller not exists:app\controller\0010101010100101101010111010101
[2026-03-04T04:05:44+08:00][error] 错误信息:controller not exists:app\controller\0010101010100101101010111010101
[2026-03-04T04:06:22+08:00][error] 错误信息:controller not exists:app\controller\0010101010100101101010111010101
[2026-03-04T04:07:06+08:00][error] 错误信息:controller not exists:app\controller\Harm6
[2026-03-04T04:08:19+08:00][error] 错误信息:controller not exists:app\controller\phanes\Mips
[2026-03-04T04:09:14+08:00][error] 错误信息:controller not exists:app\controller\phanes\Arm6
[2026-03-04T04:09:17+08:00][error] 错误信息:controller not exists:app\controller\phanes\Arm7
[2026-03-04T04:09:19+08:00][error] 错误信息:controller not exists:app\controller\phanes\Arm7
[2026-03-04T04:10:18+08:00][error] 错误信息:controller not exists:app\controller\phanes\Mpsl
[2026-03-04T04:11:14+08:00][error] 错误信息:controller not exists:app\controller\phanes\Ppc
[2026-03-04T04:11:49+08:00][error] 错误信息:controller not exists:app\controller\phanes\X86
[2026-03-04T04:12:47+08:00][error] 错误信息:controller not exists:app\controller\phanes\Arm5
[2026-03-04T04:13:07+08:00][error] 错误信息:controller not exists:app\controller\Index
[2026-03-04T04:13:46+08:00][error] 错误信息:controller not exists:app\controller\phanes\Sh4
[2026-03-04T04:13:48+08:00][error] 错误信息:controller not exists:app\controller\phanes\Sh4
[2026-03-04T04:14:26+08:00][error] 错误信息:controller not exists:app\controller\Index
[2026-03-04T04:14:27+08:00][error] 错误信息:controller not exists:app\controller\phanes\Arm
[2026-03-04T04:14:51+08:00][error] 错误信息:controller not exists:app\controller\phanes\Arc
[2026-03-04T04:14:54+08:00][error] 错误信息:controller not exists:app\controller\phanes\Arc
[2026-03-04T04:15:24+08:00][error] 错误信息:controller not exists:app\controller\Index
[2026-03-04T04:15:46+08:00][error] 错误信息:controller not exists:app\controller\Bins
[2026-03-04T04:16:35+08:00][error] 错误信息:controller not exists:app\controller\Bins
[2026-03-04T04:17:43+08:00][error] 错误信息:controller not exists:app\controller\lol\Arm
[2026-03-04T04:18:45+08:00][error] 错误信息:controller not exists:app\controller\lol\Mips
[2026-03-04T04:19:27+08:00][error] 错误信息:controller not exists:app\controller\J
[2026-03-04T04:20:09+08:00][error] 错误信息:controller not exists:app\controller\J
[2026-03-04T04:20:54+08:00][error] 错误信息:controller not exists:app\controller\J
[2026-03-04T04:21:36+08:00][error] 错误信息:controller not exists:app\controller\J
[2026-03-04T04:22:20+08:00][error] 错误信息:controller not exists:app\controller\J
[2026-03-04T04:23:00+08:00][error] 错误信息:controller not exists:app\controller\Index
[2026-03-04T04:23:23+08:00][error] 错误信息:controller not exists:app\controller\J
[2026-03-04T04:24:14+08:00][error] 错误信息:controller not exists:app\controller\J
[2026-03-04T04:25:02+08:00][error] 错误信息:controller not exists:app\controller\Ppc4fp
[2026-03-04T04:26:15+08:00][error] 错误信息:controller not exists:app\controller\Bins
[2026-03-04T04:27:05+08:00][error] 错误信息:controller not exists:app\controller\Bins
[2026-03-04T04:27:07+08:00][error] 错误信息:controller not exists:app\controller\Bins
[2026-03-04T04:28:02+08:00][error] 错误信息:controller not exists:app\controller\Bins
[2026-03-04T04:29:09+08:00][error] 错误信息:controller not exists:app\controller\Bins
[2026-03-04T04:29:27+08:00][error] 错误信息:controller not exists:app\controller\Index
[2026-03-04T04:29:40+08:00][error] 错误信息:controller not exists:app\controller\Bins
[2026-03-04T04:29:43+08:00][error] 错误信息:controller not exists:app\controller\Bins
[2026-03-04T04:30:19+08:00][error] 错误信息:controller not exists:app\controller\Bins
[2026-03-04T04:31:01+08:00][error] 错误信息:controller not exists:app\controller\Index
[2026-03-04T04:31:50+08:00][error] 错误信息:controller not exists:app\controller\Bins
[2026-03-04T04:32:14+08:00][error] 错误信息:controller not exists:app\controller\Index
[2026-03-04T04:33:05+08:00][error] 错误信息:controller not exists:app\controller\Bins
[2026-03-04T04:33:33+08:00][error] 错误信息:controller not exists:app\controller\Bins
[2026-03-04T04:34:51+08:00][error] 错误信息:controller not exists:app\controller\Bins
[2026-03-04T04:36:53+08:00][error] 错误信息:controller not exists:app\controller\Co
[2026-03-04T04:37:00+08:00][error] 错误信息:controller not exists:app\controller\Dss
[2026-03-04T04:37:39+08:00][error] 错误信息:controller not exists:app\controller\Index
[2026-03-04T04:37:52+08:00][error] 错误信息:controller not exists:app\controller\586
[2026-03-04T04:39:35+08:00][error] 错误信息:controller not exists:app\controller\Cron
[2026-03-04T04:39:57+08:00][error] 错误信息:controller not exists:app\controller\Katrina
[2026-03-04T04:40:37+08:00][error] 错误信息:controller not exists:app\controller\Rsyslogd
[2026-03-04T04:43:04+08:00][error] 错误信息:controller not exists:app\controller\SDK
[2026-03-04T04:58:18+08:00][error] 错误信息:controller not exists:app\controller\Index
[2026-03-04T05:03:28+08:00][error] 错误信息:controller not exists:app\controller\Mtdp4o8ch2
[2026-03-04T05:09:34+08:00][error] 错误信息:controller not exists:app\controller\Index
[2026-03-04T05:21:31+08:00][error] 错误信息:controller not exists:app\controller\Index
[2026-03-04T05:29:01+08:00][error] 错误信息:controller not exists:app\controller\SDK
[2026-03-04T05:42:18+08:00][error] 错误信息:controller not exists:app\controller\404
[2026-03-04T05:45:19+08:00][error] 错误信息:controller not exists:app\controller\010100110101010
[2026-03-04T05:45:29+08:00][error] 错误信息:controller not exists:app\controller\Index
[2026-03-04T05:45:34+08:00][error] 错误信息:controller not exists:app\controller\010100110101010
[2026-03-04T05:46:57+08:00][error] 错误信息:controller not exists:app\controller\010100110101010
[2026-03-04T05:48:15+08:00][error] 错误信息:controller not exists:app\controller\010100110101010
[2026-03-04T05:49:45+08:00][error] 错误信息:controller not exists:app\controller\T
[2026-03-04T05:49:53+08:00][error] 错误信息:controller not exists:app\controller\T
[2026-03-04T05:50:35+08:00][error] 错误信息:controller not exists:app\controller\fghe3tj\I686
[2026-03-04T05:52:59+08:00][error] 错误信息:controller not exists:app\controller\fghe3tj\X8664
[2026-03-04T05:53:18+08:00][error] 错误信息:controller not exists:app\controller\fghe3tj\Ppc
[2026-03-04T05:55:41+08:00][error] 错误信息:controller not exists:app\controller\fghe3tj\M68k
[2026-03-04T05:57:35+08:00][error] 错误信息:controller not exists:app\controller\fghe3tj\X86
[2026-03-04T05:58:11+08:00][error] 错误信息:controller not exists:app\controller\fghe3tj\Mips
[2026-03-04T05:58:51+08:00][error] 错误信息:controller not exists:app\controller\fghe3tj\Spc
[2026-03-04T06:00:25+08:00][error] 错误信息:controller not exists:app\controller\fghe3tj\Mpsl
[2026-03-04T06:01:40+08:00][error] 错误信息:controller not exists:app\controller\fghe3tj\Arc
[2026-03-04T06:03:07+08:00][error] 错误信息:controller not exists:app\controller\neon\I686
[2026-03-04T06:04:17+08:00][error] 错误信息:controller not exists:app\controller\Dwrioej
[2026-03-04T06:06:31+08:00][error] 错误信息:controller not exists:app\controller\Dwrioej
[2026-03-04T06:08:01+08:00][error] 错误信息:controller not exists:app\controller\Dwrioej
[2026-03-04T06:08:05+08:00][error] 错误信息:controller not exists:app\controller\Index
[2026-03-04T06:08:59+08:00][error] 错误信息:controller not exists:app\controller\Dwrioej
[2026-03-04T06:09:50+08:00][error] 错误信息:controller not exists:app\controller\Dwrioej
[2026-03-04T06:09:53+08:00][error] 错误信息:controller not exists:app\controller\Dwrioej
[2026-03-04T06:11:06+08:00][error] 错误信息:controller not exists:app\controller\Index
[2026-03-04T06:11:41+08:00][error] 错误信息:controller not exists:app\controller\Dwrioej
[2026-03-04T06:12:49+08:00][error] 错误信息:controller not exists:app\controller\Curl
[2026-03-04T06:14:15+08:00][error] 错误信息:controller not exists:app\controller\Index
[2026-03-04T06:14:21+08:00][error] 错误信息:controller not exists:app\controller\SDK
[2026-03-04T06:14:23+08:00][error] 错误信息:controller not exists:app\controller\I
[2026-03-04T06:16:12+08:00][error] 错误信息:controller not exists:app\controller\Aqua\Arm6
[2026-03-04T06:17:05+08:00][error] 错误信息:controller not exists:app\controller\O
[2026-03-04T06:39:57+08:00][error] 错误信息:controller not exists:app\controller\Index
[2026-03-04T06:53:40+08:00][error] 错误信息:controller not exists:app\controller\Index
[2026-03-04T07:03:21+08:00][error] 错误信息:controller not exists:app\controller\Index
[2026-03-04T07:03:53+08:00][error] 错误信息:controller not exists:app\controller\Index
[2026-03-04T07:08:00+08:00][error] 错误信息:controller not exists:app\controller\Index
[2026-03-04T07:11:47+08:00][error] 错误信息:controller not exists:app\controller\404
[2026-03-04T07:18:28+08:00][error] 错误信息:controller not exists:app\controller\Backup
[2026-03-04T07:19:06+08:00][error] 错误信息:controller not exists:app\controller\Index
[2026-03-04T07:19:20+08:00][error] 错误信息:controller not exists:app\controller\Bins
[2026-03-04T07:19:28+08:00][error] 错误信息:controller not exists:app\controller\Bin
[2026-03-04T07:19:32+08:00][error] 错误信息:controller not exists:app\controller\I
[2026-03-04T07:19:39+08:00][error] 错误信息:controller not exists:app\controller\bin\Sh
[2026-03-04T07:19:48+08:00][error] 错误信息:controller not exists:app\controller\Bins
[2026-03-04T07:19:56+08:00][error] 错误信息:controller not exists:app\controller\Arm5
[2026-03-04T07:20:05+08:00][error] 错误信息:controller not exists:app\controller\Mpsl
[2026-03-04T07:20:16+08:00][error] 错误信息:controller not exists:app\controller\Arm
[2026-03-04T07:20:18+08:00][error] 错误信息:controller not exists:app\controller\Bins
[2026-03-04T07:20:39+08:00][error] 错误信息:controller not exists:app\controller\Bins
[2026-03-04T07:20:49+08:00][error] 错误信息:controller not exists:app\controller\Bins
[2026-03-04T07:21:00+08:00][error] 错误信息:controller not exists:app\controller\Bins
[2026-03-04T07:21:02+08:00][error] 错误信息:controller not exists:app\controller\Bins
[2026-03-04T07:21:20+08:00][error] 错误信息:controller not exists:app\controller\X86
[2026-03-04T07:21:23+08:00][error] 错误信息:controller not exists:app\controller\Mips
[2026-03-04T07:21:34+08:00][error] 错误信息:controller not exists:app\controller\Bins
[2026-03-04T07:21:48+08:00][error] 错误信息:controller not exists:app\controller\Bins
[2026-03-04T07:21:54+08:00][error] 错误信息:controller not exists:app\controller\Bins
[2026-03-04T07:22:05+08:00][error] 错误信息:controller not exists:app\controller\Bins
[2026-03-04T07:22:08+08:00][error] 错误信息:controller not exists:app\controller\Mipsel
[2026-03-04T07:22:26+08:00][error] 错误信息:controller not exists:app\controller\Mozi\M
[2026-03-04T07:22:31+08:00][error] 错误信息:controller not exists:app\controller\Bins
[2026-03-04T07:22:43+08:00][error] 错误信息:controller not exists:app\controller\Sh
[2026-03-04T07:22:51+08:00][error] 错误信息:controller not exists:app\controller\Hiddenbin
[2026-03-04T07:22:56+08:00][error] 错误信息:controller not exists:app\controller\Armv4l
[2026-03-04T07:23:13+08:00][error] 错误信息:controller not exists:app\controller\resgod\Spc
[2026-03-04T07:23:20+08:00][error] 错误信息:controller not exists:app\controller\Hiddenbin
[2026-03-04T07:23:28+08:00][error] 错误信息:controller not exists:app\controller\Hiddenbin
[2026-03-04T07:23:35+08:00][error] 错误信息:controller not exists:app\controller\Hiddenbin
[2026-03-04T07:23:47+08:00][error] 错误信息:controller not exists:app\controller\Hiddenbin
[2026-03-04T07:23:52+08:00][error] 错误信息:controller not exists:app\controller\Hiddenbin
[2026-03-04T07:24:07+08:00][error] 错误信息:controller not exists:app\controller\resgod\M68k
[2026-03-04T07:24:13+08:00][error] 错误信息:controller not exists:app\controller\Hiddenbin
[2026-03-04T07:24:28+08:00][error] 错误信息:controller not exists:app\controller\Hiddenbin
[2026-03-04T07:24:39+08:00][error] 错误信息:controller not exists:app\controller\Hiddenbin
[2026-03-04T07:24:45+08:00][error] 错误信息:controller not exists:app\controller\Bins
[2026-03-04T07:25:02+08:00][error] 错误信息:controller not exists:app\controller\Hiddenbin
[2026-03-04T07:25:15+08:00][error] 错误信息:controller not exists:app\controller\Hiddenbin
[2026-03-04T07:25:21+08:00][error] 错误信息:controller not exists:app\controller\Sparc
[2026-03-04T07:25:46+08:00][error] 错误信息:controller not exists:app\controller\Armv6l
[2026-03-04T07:25:55+08:00][error] 错误信息:controller not exists:app\controller\I586
[2026-03-04T07:26:05+08:00][error] 错误信息:controller not exists:app\controller\Sh4
[2026-03-04T07:26:13+08:00][error] 错误信息:controller not exists:app\controller\Arm7
[2026-03-04T07:26:32+08:00][error] 错误信息:controller not exists:app\controller\X8664
[2026-03-04T07:26:39+08:00][error] 错误信息:controller not exists:app\controller\I686
[2026-03-04T07:26:54+08:00][error] 错误信息:controller not exists:app\controller\M68k
[2026-03-04T07:26:59+08:00][error] 错误信息:controller not exists:app\controller\Arm6
[2026-03-04T07:27:18+08:00][error] 错误信息:controller not exists:app\controller\Bins
[2026-03-04T07:27:28+08:00][error] 错误信息:controller not exists:app\controller\Bins
[2026-03-04T07:27:33+08:00][error] 错误信息:controller not exists:app\controller\Bins
[2026-03-04T07:27:48+08:00][error] 错误信息:controller not exists:app\controller\skid\Arm5
[2026-03-04T07:28:00+08:00][error] 错误信息:controller not exists:app\controller\Bins
[2026-03-04T07:28:07+08:00][error] 错误信息:controller not exists:app\controller\skid\Arm
[2026-03-04T07:28:30+08:00][error] 错误信息:controller not exists:app\controller\Bins
[2026-03-04T07:28:34+08:00][error] 错误信息:controller not exists:app\controller\Bins
[2026-03-04T07:28:50+08:00][error] 错误信息:controller not exists:app\controller\Bins
[2026-03-04T07:29:00+08:00][error] 错误信息:controller not exists:app\controller\Bins
[2026-03-04T07:29:12+08:00][error] 错误信息:controller not exists:app\controller\Spc
[2026-03-04T07:29:34+08:00][error] 错误信息:controller not exists:app\controller\Ppc
[2026-03-04T07:29:43+08:00][error] 错误信息:controller not exists:app\controller\Arm4
[2026-03-04T07:29:46+08:00][error] 错误信息:controller not exists:app\controller\skid\Mpsl
[2026-03-04T07:30:13+08:00][error] 错误信息:controller not exists:app\controller\skid\Mips
[2026-03-04T07:30:17+08:00][error] 错误信息:controller not exists:app\controller\skid\Arm7
[2026-03-04T07:30:33+08:00][error] 错误信息:controller not exists:app\controller\001010101010010110101011101010101101010111010101
[2026-03-04T07:30:50+08:00][error] 错误信息:controller not exists:app\controller\Index
[2026-03-04T07:30:50+08:00][error] 错误信息:controller not exists:app\controller\001010101010010110101011101010101101010111010101
[2026-03-04T07:30:56+08:00][error] 错误信息:controller not exists:app\controller\001010101010010110101011101010101101010111010101
[2026-03-04T07:31:14+08:00][error] 错误信息:controller not exists:app\controller\001010101010010110101011101010101101010111010101
[2026-03-04T07:31:32+08:00][error] 错误信息:controller not exists:app\controller\001010101010010110101011101010101101010111010101
[2026-03-04T07:31:43+08:00][error] 错误信息:controller not exists:app\controller\001010101010010110101011101010101101010111010101
[2026-03-04T07:31:57+08:00][error] 错误信息:controller not exists:app\controller\001010101010010110101011101010101101010111010101
[2026-03-04T07:32:02+08:00][error] 错误信息:controller not exists:app\controller\001010101010010110101011101010101101010111010101
[2026-03-04T07:32:14+08:00][error] 错误信息:controller not exists:app\controller\001010101010010110101011101010101101010111010101
[2026-03-04T07:32:38+08:00][error] 错误信息:controller not exists:app\controller\001010101010010110101011101010101101010111010101
[2026-03-04T07:32:44+08:00][error] 错误信息:controller not exists:app\controller\001010101010010110101011101010101101010111010101
[2026-03-04T07:33:03+08:00][error] 错误信息:controller not exists:app\controller\001010101010010110101011101010101101010111010101
[2026-03-04T07:33:09+08:00][error] 错误信息:controller not exists:app\controller\001010101010010110101011101010101101010111010101
[2026-03-04T07:33:34+08:00][error] 错误信息:controller not exists:app\controller\001010101010010110101011101010101101010111010101
[2026-03-04T07:33:53+08:00][error] 错误信息:controller not exists:app\controller\Lmips
[2026-03-04T07:33:57+08:00][error] 错误信息:controller not exists:app\controller\Larm5
[2026-03-04T07:34:28+08:00][error] 错误信息:controller not exists:app\controller\Larm7
[2026-03-04T07:34:37+08:00][error] 错误信息:controller not exists:app\controller\Gmips
[2026-03-04T07:34:43+08:00][error] 错误信息:controller not exists:app\controller\Index
[2026-03-04T07:34:46+08:00][error] 错误信息:controller not exists:app\controller\Xmips
[2026-03-04T07:35:01+08:00][error] 错误信息:controller not exists:app\controller\Rmpsl
[2026-03-04T07:35:16+08:00][error] 错误信息:controller not exists:app\controller\Lmpsl
[2026-03-04T07:35:22+08:00][error] 错误信息:controller not exists:app\controller\Harm7
[2026-03-04T07:35:49+08:00][error] 错误信息:controller not exists:app\controller\Larm4
[2026-03-04T07:36:06+08:00][error] 错误信息:controller not exists:app\controller\00101010101001
[2026-03-04T07:36:14+08:00][error] 错误信息:controller not exists:app\controller\00101010101001
[2026-03-04T07:36:17+08:00][error] 错误信息:controller not exists:app\controller\Actuator
[2026-03-04T07:36:37+08:00][error] 错误信息:controller not exists:app\controller\00101010101001
[2026-03-04T07:37:01+08:00][error] 错误信息:controller not exists:app\controller\00101010101001
[2026-03-04T07:37:18+08:00][error] 错误信息:controller not exists:app\controller\00101010101001
[2026-03-04T07:37:28+08:00][error] 错误信息:controller not exists:app\controller\00101010101001
[2026-03-04T07:37:35+08:00][error] 错误信息:controller not exists:app\controller\00101010101001
[2026-03-04T07:38:00+08:00][error] 错误信息:controller not exists:app\controller\00101010101001
[2026-03-04T07:38:16+08:00][error] 错误信息:controller not exists:app\controller\00101010101001
[2026-03-04T07:38:42+08:00][error] 错误信息:controller not exists:app\controller\00101010101001
[2026-03-04T07:38:47+08:00][error] 错误信息:controller not exists:app\controller\00101010101001
[2026-03-04T07:39:02+08:00][error] 错误信息:controller not exists:app\controller\00101010101001
[2026-03-04T07:39:14+08:00][error] 错误信息:controller not exists:app\controller\00101010101001
[2026-03-04T07:39:43+08:00][error] 错误信息:controller not exists:app\controller\00101010101001
[2026-03-04T07:39:54+08:00][error] 错误信息:controller not exists:app\controller\00101010101001
[2026-03-04T07:40:29+08:00][error] 错误信息:controller not exists:app\controller\Bins
[2026-03-04T07:40:45+08:00][error] 错误信息:controller not exists:app\controller\Aarch64
[2026-03-04T07:41:05+08:00][error] 错误信息:controller not exists:app\controller\Csky
[2026-03-04T07:41:12+08:00][error] 错误信息:controller not exists:app\controller\Arc
[2026-03-04T07:41:39+08:00][error] 错误信息:controller not exists:app\controller\Harm4
[2026-03-04T07:41:41+08:00][error] 错误信息:controller not exists:app\controller\Harm5
[2026-03-04T07:42:24+08:00][error] 错误信息:controller not exists:app\controller\Gmpsl
[2026-03-04T07:42:37+08:00][error] 错误信息:controller not exists:app\controller\Hmips
[2026-03-04T07:43:00+08:00][error] 错误信息:controller not exists:app\controller\Armv7l
[2026-03-04T07:43:16+08:00][error] 错误信息:controller not exists:app\controller\Gompsl
[2026-03-04T07:43:35+08:00][error] 错误信息:controller not exists:app\controller\Garm7
[2026-03-04T07:43:52+08:00][error] 错误信息:controller not exists:app\controller\Systemcl
[2026-03-04T07:44:19+08:00][error] 错误信息:controller not exists:app\controller\Systemcl
[2026-03-04T07:44:53+08:00][error] 错误信息:controller not exists:app\controller\Systemcl
[2026-03-04T07:45:02+08:00][error] 错误信息:controller not exists:app\controller\Systemcl
[2026-03-04T07:45:29+08:00][error] 错误信息:controller not exists:app\controller\Systemcl
[2026-03-04T07:45:56+08:00][error] 错误信息:controller not exists:app\controller\Systemcl
[2026-03-04T07:46:03+08:00][error] 错误信息:controller not exists:app\controller\Systemcl
[2026-03-04T07:46:18+08:00][error] 错误信息:controller not exists:app\controller\Systemcl
[2026-03-04T07:46:55+08:00][error] 错误信息:controller not exists:app\controller\Systemcl
[2026-03-04T07:47:16+08:00][error] 错误信息:controller not exists:app\controller\Systemcl
[2026-03-04T07:47:45+08:00][error] 错误信息:controller not exists:app\controller\p\Txt
[2026-03-04T07:48:04+08:00][error] 错误信息:controller not exists:app\controller\Systemcl
[2026-03-04T07:48:25+08:00][error] 错误信息:controller not exists:app\controller\Systemcl
[2026-03-04T07:49:02+08:00][error] 错误信息:controller not exists:app\controller\Bins
[2026-03-04T07:49:28+08:00][error] 错误信息:controller not exists:app\controller\Bins
[2026-03-04T07:49:46+08:00][error] 错误信息:controller not exists:app\controller\Bins
[2026-03-04T07:50:16+08:00][error] 错误信息:controller not exists:app\controller\Bins
[2026-03-04T07:50:32+08:00][error] 错误信息:controller not exists:app\controller\Bins
[2026-03-04T07:51:08+08:00][error] 错误信息:controller not exists:app\controller\Bins
[2026-03-04T07:52:02+08:00][error] 错误信息:controller not exists:app\controller\Bins
[2026-03-04T07:52:21+08:00][error] 错误信息:controller not exists:app\controller\Bins
[2026-03-04T07:52:52+08:00][error] 错误信息:controller not exists:app\controller\Bins
[2026-03-04T07:53:17+08:00][error] 错误信息:controller not exists:app\controller\Bins
[2026-03-04T07:53:39+08:00][error] 错误信息:controller not exists:app\controller\I486
[2026-03-04T07:54:36+08:00][error] 错误信息:controller not exists:app\controller\Sshd
[2026-03-04T07:54:47+08:00][error] 错误信息:controller not exists:app\controller\Hiddenbin
[2026-03-04T07:55:16+08:00][error] 错误信息:controller not exists:app\controller\00101010101001
[2026-03-04T07:55:58+08:00][error] 错误信息:controller not exists:app\controller\Mozi\A
[2026-03-04T07:55:59+08:00][error] 错误信息:controller not exists:app\controller\Index
[2026-03-04T07:56:31+08:00][error] 错误信息:controller not exists:app\controller\Hiddenbin
[2026-03-04T07:56:57+08:00][error] 错误信息:controller not exists:app\controller\Hudson
[2026-03-04T07:57:08+08:00][error] 错误信息:controller not exists:app\controller\Hiddenbin
[2026-03-04T07:57:42+08:00][error] 错误信息:controller not exists:app\controller\Hiddenbin
[2026-03-04T07:58:10+08:00][error] 错误信息:controller not exists:app\controller\Hiddenbin
[2026-03-04T07:59:44+08:00][error] 错误信息:controller not exists:app\controller\Index
[2026-03-04T07:59:57+08:00][error] 错误信息:controller not exists:app\controller\Hiddenbin
[2026-03-04T08:00:44+08:00][error] 错误信息:controller not exists:app\controller\Hiddenbin
[2026-03-04T08:01:09+08:00][error] 错误信息:controller not exists:app\controller\Hiddenbin
[2026-03-04T08:01:12+08:00][error] 错误信息:controller not exists:app\controller\Hiddenbin
[2026-03-04T08:02:12+08:00][error] 错误信息:controller not exists:app\controller\001010101010010110101011101010101101010111010101
[2026-03-04T08:02:43+08:00][error] 错误信息:controller not exists:app\controller\Powerpc
[2026-03-04T08:02:51+08:00][error] 错误信息:controller not exists:app\controller\Hiddenbin
[2026-03-04T08:02:54+08:00][error] 错误信息:controller not exists:app\controller\Hiddenbin
[2026-03-04T08:03:05+08:00][error] 错误信息:controller not exists:app\controller\Hiddenbin
[2026-03-04T08:03:22+08:00][error] 错误信息:controller not exists:app\controller\Hiddenbin
[2026-03-04T08:03:25+08:00][error] 错误信息:controller not exists:app\controller\Hiddenbin
[2026-03-04T08:03:38+08:00][error] 错误信息:controller not exists:app\controller\Hiddenbin
[2026-03-04T08:03:43+08:00][error] 错误信息:controller not exists:app\controller\Hiddenbin
[2026-03-04T08:04:13+08:00][error] 错误信息:controller not exists:app\controller\Hiddenbin
[2026-03-04T08:04:25+08:00][error] 错误信息:controller not exists:app\controller\Hiddenbin
[2026-03-04T08:04:28+08:00][error] 错误信息:controller not exists:app\controller\Hiddenbin
[2026-03-04T08:04:38+08:00][error] 错误信息:controller not exists:app\controller\Hiddenbin
[2026-03-04T08:04:56+08:00][error] 错误信息:controller not exists:app\controller\rebirth\X86
[2026-03-04T08:05:04+08:00][error] 错误信息:controller not exists:app\controller\rebirth\Arm6
[2026-03-04T08:05:16+08:00][error] 错误信息:controller not exists:app\controller\596a96cc7bf9108cd896f33c44aedc8a
[2026-03-04T08:05:20+08:00][error] 错误信息:controller not exists:app\controller\a-r\m-7\SNOOPY
[2026-03-04T08:05:49+08:00][error] 错误信息:controller not exists:app\controller\596a96cc7bf9108cd896f33c44aedc8a
[2026-03-04T08:06:04+08:00][error] 错误信息:controller not exists:app\controller\i-5\8-6\SNOOPY
[2026-03-04T08:06:13+08:00][error] 错误信息:controller not exists:app\controller\596a96cc7bf9108cd896f33c44aedc8a
[2026-03-04T08:06:21+08:00][error] 错误信息:controller not exists:app\controller\a-r\m-5\SNOOPY
[2026-03-04T08:06:38+08:00][error] 错误信息:controller not exists:app\controller\596a96cc7bf9108cd896f33c44aedc8a
[2026-03-04T08:06:50+08:00][error] 错误信息:controller not exists:app\controller\596a96cc7bf9108cd896f33c44aedc8a
[2026-03-04T08:06:52+08:00][error] 错误信息:controller not exists:app\controller\596a96cc7bf9108cd896f33c44aedc8a
[2026-03-04T08:07:07+08:00][error] 错误信息:controller not exists:app\controller\596a96cc7bf9108cd896f33c44aedc8a
[2026-03-04T08:07:15+08:00][error] 错误信息:controller not exists:app\controller\s-h\4-\SNOOPY
[2026-03-04T08:07:34+08:00][error] 错误信息:controller not exists:app\controller\596a96cc7bf9108cd896f33c44aedc8a
[2026-03-04T08:07:55+08:00][error] 错误信息:controller not exists:app\controller\596a96cc7bf9108cd896f33c44aedc8a
[2026-03-04T08:08:15+08:00][error] 错误信息:controller not exists:app\controller\m-p\s-l\SNOOPY
[2026-03-04T08:08:31+08:00][error] 错误信息:controller not exists:app\controller\p-p\c-\SNOOPY
[2026-03-04T08:08:41+08:00][error] 错误信息:controller not exists:app\controller\m-6\8-k\SNOOPY
[2026-03-04T08:08:51+08:00][error] 错误信息:controller not exists:app\controller\x-8\6-\SNOOPY
[2026-03-04T08:09:00+08:00][error] 错误信息:controller not exists:app\controller\a-r\m-6\SNOOPY
[2026-03-04T08:09:21+08:00][error] 错误信息:controller not exists:app\controller\596a96cc7bf9108cd896f33c44aedc8a
[2026-03-04T08:09:28+08:00][error] 错误信息:controller not exists:app\controller\596a96cc7bf9108cd896f33c44aedc8a
[2026-03-04T08:09:45+08:00][error] 错误信息:controller not exists:app\controller\m-i\p-s\SNOOPY
[2026-03-04T08:09:48+08:00][error] 错误信息:controller not exists:app\controller\a-r\m-4\SNOOPY
[2026-03-04T08:10:23+08:00][error] 错误信息:controller not exists:app\controller\596a96cc7bf9108cd896f33c44aedc8a
[2026-03-04T08:10:41+08:00][error] 错误信息:controller not exists:app\controller\596a96cc7bf9108cd896f33c44aedc8a
[2026-03-04T08:10:58+08:00][error] 错误信息:controller not exists:app\controller\x-3\2-\SNOOPY
[2026-03-04T08:11:12+08:00][error] 错误信息:controller not exists:app\controller\Xmrig
[2026-03-04T08:11:24+08:00][error] 错误信息:controller not exists:app\controller\Ss
[2026-03-04T08:11:34+08:00][error] 错误信息:controller not exists:app\controller\bot\Arm6
[2026-03-04T08:11:55+08:00][error] 错误信息:controller not exists:app\controller\bot\Mips
[2026-03-04T08:12:03+08:00][error] 错误信息:controller not exists:app\controller\bot\X8664
[2026-03-04T08:12:15+08:00][error] 错误信息:controller not exists:app\controller\bot\Ppc
[2026-03-04T08:12:26+08:00][error] 错误信息:controller not exists:app\controller\bot\Sh4
[2026-03-04T08:13:07+08:00][error] 错误信息:controller not exists:app\controller\bot\M68k
[2026-03-04T08:13:13+08:00][error] 错误信息:controller not exists:app\controller\bot\Arm
[2026-03-04T08:13:40+08:00][error] 错误信息:controller not exists:app\controller\bot\Mpsl
[2026-03-04T08:13:53+08:00][error] 错误信息:controller not exists:app\controller\bot\Arm5
[2026-03-04T08:14:03+08:00][error] 错误信息:controller not exists:app\controller\bot\X86
[2026-03-04T08:14:23+08:00][error] 错误信息:controller not exists:app\controller\bot\Arm7
[2026-03-04T08:14:24+08:00][error] 错误信息:controller not exists:app\controller\Index
[2026-03-04T08:14:35+08:00][error] 错误信息:controller not exists:app\controller\Bins
[2026-03-04T08:14:51+08:00][error] 错误信息:controller not exists:app\controller\Bins
[2026-03-04T08:15:38+08:00][error] 错误信息:controller not exists:app\controller\Bins
[2026-03-04T08:15:50+08:00][error] 错误信息:controller not exists:app\controller\Bins
[2026-03-04T08:16:07+08:00][error] 错误信息:controller not exists:app\controller\Bins
[2026-03-04T08:16:30+08:00][error] 错误信息:controller not exists:app\controller\Bins
[2026-03-04T08:16:35+08:00][error] 错误信息:controller not exists:app\controller\Bins
[2026-03-04T08:16:58+08:00][error] 错误信息:controller not exists:app\controller\Bins
[2026-03-04T08:17:21+08:00][error] 错误信息:controller not exists:app\controller\Bins
[2026-03-04T08:17:53+08:00][error] 错误信息:controller not exists:app\controller\Bins
[2026-03-04T08:18:05+08:00][error] 错误信息:controller not exists:app\controller\Bins
[2026-03-04T08:18:28+08:00][error] 错误信息:controller not exists:app\controller\Bins
[2026-03-04T08:18:46+08:00][error] 错误信息:controller not exists:app\controller\Bins
[2026-03-04T08:19:00+08:00][error] 错误信息:controller not exists:app\controller\Bins
[2026-03-04T08:19:22+08:00][error] 错误信息:controller not exists:app\controller\Bins
[2026-03-04T08:19:42+08:00][error] 错误信息:controller not exists:app\controller\Systemcl
[2026-03-04T08:20:38+08:00][error] 错误信息:controller not exists:app\controller\bot\Sparc
[2026-03-04T08:20:42+08:00][error] 错误信息:controller not exists:app\controller\lol\Arm7
[2026-03-04T08:21:04+08:00][error] 错误信息:controller not exists:app\controller\lol\Arm5
[2026-03-04T08:21:23+08:00][error] 错误信息:controller not exists:app\controller\Index
[2026-03-04T08:21:43+08:00][error] 错误信息:controller not exists:app\controller\bot\Mipsel
[2026-03-04T08:21:48+08:00][error] 错误信息:controller not exists:app\controller\lol\Mpsl
[2026-03-04T08:22:20+08:00][error] 错误信息:controller not exists:app\controller\kitty\M68k
[2026-03-04T08:22:55+08:00][error] 错误信息:controller not exists:app\controller\kitty\Armv5l
[2026-03-04T08:23:28+08:00][error] 错误信息:controller not exists:app\controller\kitty\Aarch64
[2026-03-04T08:23:49+08:00][error] 错误信息:controller not exists:app\controller\kitty\Powerpc
[2026-03-04T08:24:21+08:00][error] 错误信息:controller not exists:app\controller\kitty\Mips
[2026-03-04T08:24:55+08:00][error] 错误信息:controller not exists:app\controller\kitty\Mipsel
[2026-03-04T08:25:01+08:00][error] 错误信息:controller not exists:app\controller\kitty\X8664
[2026-03-04T08:25:50+08:00][error] 错误信息:controller not exists:app\controller\kitty\Armv7l
[2026-03-04T08:26:30+08:00][error] 错误信息:controller not exists:app\controller\kitty\Powerpc64
[2026-03-04T08:26:36+08:00][error] 错误信息:controller not exists:app\controller\kitty\I686
[2026-03-04T08:27:03+08:00][error] 错误信息:controller not exists:app\controller\kitty\Armv6l
[2026-03-04T08:27:39+08:00][error] 错误信息:controller not exists:app\controller\kitty\I486
[2026-03-04T08:28:33+08:00][error] 错误信息:controller not exists:app\controller\Bins
[2026-03-04T08:28:56+08:00][error] 错误信息:controller not exists:app\controller\Bins
[2026-03-04T08:29:36+08:00][error] 错误信息:controller not exists:app\controller\L7vmra
[2026-03-04T08:30:19+08:00][error] 错误信息:controller not exists:app\controller\Bins
[2026-03-04T08:30:32+08:00][error] 错误信息:controller not exists:app\controller\Bins
[2026-03-04T08:31:18+08:00][error] 错误信息:controller not exists:app\controller\Spim
[2026-03-04T08:31:30+08:00][error] 错误信息:controller not exists:app\controller\SDK
[2026-03-04T08:32:15+08:00][error] 错误信息:controller not exists:app\controller\Bins
[2026-03-04T08:32:27+08:00][error] 错误信息:controller not exists:app\controller\MainArm5
[2026-03-04T08:32:57+08:00][error] 错误信息:controller not exists:app\controller\MainPpc
[2026-03-04T08:34:25+08:00][error] 错误信息:controller not exists:app\controller\MainM68k
[2026-03-04T08:34:32+08:00][error] 错误信息:controller not exists:app\controller\MainArm7
[2026-03-04T08:35:15+08:00][error] 错误信息:controller not exists:app\controller\debug\Dbg
[2026-03-04T08:36:17+08:00][error] 错误信息:controller not exists:app\controller\MainArm6
[2026-03-04T08:37:22+08:00][error] 错误信息:controller not exists:app\controller\MainSpc
[2026-03-04T08:37:55+08:00][error] 错误信息:controller not exists:app\controller\MainX86
[2026-03-04T08:39:17+08:00][error] 错误信息:controller not exists:app\controller\MainX8664
[2026-03-04T08:40:14+08:00][error] 错误信息:controller not exists:app\controller\MainMips
[2026-03-04T08:41:36+08:00][error] 错误信息:controller not exists:app\controller\MainArm
[2026-03-04T08:42:11+08:00][error] 错误信息:controller not exists:app\controller\Index
[2026-03-04T08:42:45+08:00][error] 错误信息:controller not exists:app\controller\MainSh4
[2026-03-04T08:43:38+08:00][error] 错误信息:controller not exists:app\controller\Bins
[2026-03-04T08:44:49+08:00][error] 错误信息:controller not exists:app\controller\Debug
[2026-03-04T08:46:21+08:00][error] 错误信息:controller not exists:app\controller\morte\M68k
[2026-03-04T08:46:30+08:00][error] 错误信息:controller not exists:app\controller\Nqbifxpw3zsxt
[2026-03-04T08:46:58+08:00][error] 错误信息:controller not exists:app\controller\Index
[2026-03-04T08:48:28+08:00][error] 错误信息:controller not exists:app\controller\Bins
[2026-03-04T08:48:31+08:00][error] 错误信息:controller not exists:app\controller\Index
[2026-03-04T08:50:43+08:00][error] 错误信息:controller not exists:app\controller\Bins
[2026-03-04T08:51:10+08:00][error] 错误信息:controller not exists:app\controller\Index
[2026-03-04T08:51:47+08:00][error] 错误信息:controller not exists:app\controller\Bins
[2026-03-04T08:53:26+08:00][error] 错误信息:controller not exists:app\controller\Bins
[2026-03-04T08:54:00+08:00][error] 错误信息:controller not exists:app\controller\Index
[2026-03-04T08:55:03+08:00][error] 错误信息:controller not exists:app\controller\morte\Arm5
[2026-03-04T08:56:50+08:00][error] 错误信息:controller not exists:app\controller\morte\X8664
[2026-03-04T09:00:06+08:00][error] 错误信息:controller not exists:app\controller\morte\X86
[2026-03-04T09:01:39+08:00][error] 错误信息:controller not exists:app\controller\morte\Arm6
[2026-03-04T09:02:55+08:00][error] 错误信息:controller not exists:app\controller\morte\Ppc
[2026-03-04T09:04:34+08:00][error] 错误信息:controller not exists:app\controller\morte\Arm7
[2026-03-04T09:06:14+08:00][error] 错误信息:controller not exists:app\controller\Index
[2026-03-04T09:09:39+08:00][error] 错误信息:controller not exists:app\controller\SDK
[2026-03-04T09:11:38+08:00][error] 错误信息:controller not exists:app\controller\Index
[2026-03-04T09:17:02+08:00][error] 错误信息:controller not exists:app\controller\SDK
[2026-03-04T09:18:20+08:00][error] 错误信息:controller not exists:app\controller\morte\I686
[2026-03-04T09:24:21+08:00][error] 错误信息:controller not exists:app\controller\LjEZs
[2026-03-04T09:24:32+08:00][error] 错误信息:controller not exists:app\controller\Index
[2026-03-04T09:26:40+08:00][error] 错误信息:controller not exists:app\controller\LjEZs
[2026-03-04T09:26:46+08:00][error] 错误信息:controller not exists:app\controller\LjEZs
[2026-03-04T09:28:59+08:00][error] 错误信息:controller not exists:app\controller\LjEZs
[2026-03-04T09:29:12+08:00][error] 错误信息:controller not exists:app\controller\LjEZs
[2026-03-04T09:30:58+08:00][error] 错误信息:controller not exists:app\controller\LjEZs
[2026-03-04T09:32:09+08:00][error] 错误信息:controller not exists:app\controller\LjEZs
[2026-03-04T09:33:04+08:00][error] 错误信息:controller not exists:app\controller\LjEZs
[2026-03-04T09:34:30+08:00][error] 错误信息:controller not exists:app\controller\LjEZs
[2026-03-04T09:35:00+08:00][error] 错误信息:controller not exists:app\controller\arm\Nn
[2026-03-04T09:36:11+08:00][error] 错误信息:controller not exists:app\controller\arm5\Nn
[2026-03-04T09:37:22+08:00][error] 错误信息:controller not exists:app\controller\arm6\Nn
[2026-03-04T09:37:43+08:00][error] 错误信息:controller not exists:app\controller\Index
[2026-03-04T09:38:24+08:00][error] 错误信息:controller not exists:app\controller\MainMpsl
[2026-03-04T09:39:40+08:00][error] 错误信息:controller not exists:app\controller\bot\Spc
[2026-03-04T09:40:03+08:00][error] 错误信息:controller not exists:app\controller\404
[2026-03-04T09:40:03+08:00][error] 错误信息:controller not exists:app\controller\WpContent
[2026-03-04T09:40:42+08:00][error] 错误信息:controller not exists:app\controller\LjEZs
[2026-03-04T09:41:33+08:00][error] 错误信息:controller not exists:app\controller\LjEZs
[2026-03-04T09:43:29+08:00][error] 错误信息:controller not exists:app\controller\LjEZs
[2026-03-04T09:43:57+08:00][error] 错误信息:controller not exists:app\controller\LjEZs
[2026-03-04T09:44:47+08:00][error] 错误信息:controller not exists:app\controller\arm7\Nn
[2026-03-04T09:45:56+08:00][error] 错误信息:controller not exists:app\controller\Index
[2026-03-04T09:46:34+08:00][error] 错误信息:controller not exists:app\controller\M68k68xxx
[2026-03-04T09:47:31+08:00][error] 错误信息:controller not exists:app\controller\a-r\m-4\Sakura
[2026-03-04T09:48:22+08:00][error] 错误信息:controller not exists:app\controller\m-p\s-l\Sakura
[2026-03-04T09:48:22+08:00][error] 错误信息:controller not exists:app\controller\404
[2026-03-04T09:48:23+08:00][error] 错误信息:controller not exists:app\controller\404
[2026-03-04T09:49:07+08:00][error] 错误信息:controller not exists:app\controller\a-r\m-6\Sakura
[2026-03-04T09:50:04+08:00][error] 错误信息:controller not exists:app\controller\m-6\8-k\Sakura
[2026-03-04T09:50:59+08:00][error] 错误信息:controller not exists:app\controller\m-i\p-s\Sakura
[2026-03-04T09:51:21+08:00][error] 错误信息:controller not exists:app\controller\x86_64\Dbg
[2026-03-04T09:52:11+08:00][error] 错误信息:controller not exists:app\controller\ShSh4
[2026-03-04T09:53:21+08:00][error] 错误信息:controller not exists:app\controller\Aarch64be
[2026-03-04T09:53:51+08:00][error] 错误信息:controller not exists:app\controller\Powerpc440fp
[2026-03-04T09:54:06+08:00][error] 错误信息:controller not exists:app\controller\Microblazebe
[2026-03-04T09:54:50+08:00][error] 错误信息:controller not exists:app\controller\Arcle750d
[2026-03-04T09:55:24+08:00][error] 错误信息:controller not exists:app\controller\Index
[2026-03-04T09:55:56+08:00][error] 错误信息:controller not exists:app\controller\X8664
[2026-03-04T09:56:19+08:00][error] 错误信息:controller not exists:app\controller\ArcleHs38
[2026-03-04T09:56:35+08:00][error] 错误信息:controller not exists:app\controller\Microblazeel
[2026-03-04T09:57:20+08:00][error] 错误信息:controller not exists:app\controller\p-p\c-\Sakura
[2026-03-04T09:58:28+08:00][error] 错误信息:controller not exists:app\controller\x-8\6-\Sakura
[2026-03-04T09:58:40+08:00][error] 错误信息:controller not exists:app\controller\a-r\m-5\Sakura
[2026-03-04T09:58:43+08:00][error] 错误信息:controller not exists:app\controller\i-5\8-6\Sakura
[2026-03-04T10:00:01+08:00][error] 错误信息:controller not exists:app\controller\x-3\2-\Sakura
[2026-03-04T10:01:07+08:00][error] 错误信息:controller not exists:app\controller\a-r\m-7\Sakura
[2026-03-04T10:02:06+08:00][error] 错误信息:controller not exists:app\controller\s-h\4-\Sakura
[2026-03-04T10:02:44+08:00][error] 错误信息:controller not exists:app\controller\Cnc
[2026-03-04T10:03:39+08:00][error] 错误信息:controller not exists:app\controller\Index
[2026-03-04T10:04:27+08:00][error] 错误信息:controller not exists:app\controller\Z
[2026-03-04T10:05:54+08:00][error] 错误信息:controller not exists:app\controller\Z
[2026-03-04T10:06:34+08:00][error] 错误信息:controller not exists:app\controller\Index
[2026-03-04T10:06:40+08:00][error] 错误信息:controller not exists:app\controller\Z
[2026-03-04T10:07:41+08:00][error] 错误信息:controller not exists:app\controller\Z
[2026-03-04T10:07:43+08:00][error] 错误信息:controller not exists:app\controller\Z
[2026-03-04T10:08:44+08:00][error] 错误信息:controller not exists:app\controller\Z
[2026-03-04T10:09:44+08:00][error] 错误信息:controller not exists:app\controller\Z
[2026-03-04T10:11:28+08:00][error] 错误信息:controller not exists:app\controller\Z
[2026-03-04T10:11:57+08:00][error] 错误信息:controller not exists:app\controller\Rtz
[2026-03-04T10:12:34+08:00][error] 错误信息:controller not exists:app\controller\Index
[2026-03-04T10:13:44+08:00][error] 错误信息:controller not exists:app\controller\Z
[2026-03-04T10:13:52+08:00][error] 错误信息:controller not exists:app\controller\Z
[2026-03-04T10:13:56+08:00][error] 错误信息:controller not exists:app\controller\Z
[2026-03-04T10:14:22+08:00][error] 错误信息:controller not exists:app\controller\credentials\Json
[2026-03-04T10:14:22+08:00][error] 错误信息:controller not exists:app\controller\docker-compose\override\Yml
[2026-03-04T10:14:22+08:00][error] 错误信息:controller not exists:app\controller\404
[2026-03-04T10:14:22+08:00][error] 错误信息:controller not exists:app\controller\404
[2026-03-04T10:14:22+08:00][error] 错误信息:controller not exists:app\controller\Django
[2026-03-04T10:14:22+08:00][error] 错误信息:controller not exists:app\controller\Www
[2026-03-04T10:14:22+08:00][error] 错误信息:controller not exists:app\controller\docker\Env
[2026-03-04T10:14:22+08:00][error] 错误信息:controller not exists:app\controller\404
[2026-03-04T10:14:22+08:00][error] 错误信息:controller not exists:app\controller\404
[2026-03-04T10:14:22+08:00][error] 错误信息:controller not exists:app\controller\Symfony
[2026-03-04T10:14:22+08:00][error] 错误信息:controller not exists:app\controller\settings\Json
[2026-03-04T10:14:22+08:00][error] 错误信息:controller not exists:app\controller\404
[2026-03-04T10:14:22+08:00][error] 错误信息:controller not exists:app\controller\Backend
[2026-03-04T10:14:22+08:00][error] 错误信息:controller not exists:app\controller\404
[2026-03-04T10:14:22+08:00][error] 错误信息:controller not exists:app\controller\404
[2026-03-04T10:14:22+08:00][error] 错误信息:controller not exists:app\controller\404
[2026-03-04T10:14:22+08:00][error] 错误信息:controller not exists:app\controller\secrets\Json
[2026-03-04T10:14:22+08:00][error] 错误信息:controller not exists:app\controller\docker-compose\Yml
[2026-03-04T10:14:22+08:00][error] 错误信息:controller not exists:app\controller\404
[2026-03-04T10:14:22+08:00][error] 错误信息:controller not exists:app\controller\Django
[2026-03-04T10:14:22+08:00][error] 错误信息:controller not exists:app\controller\404
[2026-03-04T10:14:22+08:00][error] 错误信息:controller not exists:app\controller\404
[2026-03-04T10:14:22+08:00][error] 错误信息:controller not exists:app\controller\404
[2026-03-04T10:14:22+08:00][error] 错误信息:controller not exists:app\controller\Node
[2026-03-04T10:14:22+08:00][error] 错误信息:controller not exists:app\controller\404
[2026-03-04T10:14:22+08:00][error] 错误信息:controller not exists:app\controller\Symfony
[2026-03-04T10:14:22+08:00][error] 错误信息:controller not exists:app\controller\auth\Json
[2026-03-04T10:14:22+08:00][error] 错误信息:controller not exists:app\controller\404
[2026-03-04T10:14:22+08:00][error] 错误信息:controller not exists:app\controller\Laravel
[2026-03-04T10:14:22+08:00][error] 错误信息:controller not exists:app\controller\404
[2026-03-04T10:14:22+08:00][error] 错误信息:controller not exists:app\controller\404
[2026-03-04T10:14:22+08:00][error] 错误信息:controller not exists:app\controller\appsettings\Json
[2026-03-04T10:14:22+08:00][error] 错误信息:controller not exists:app\controller\Django
[2026-03-04T10:14:22+08:00][error] 错误信息:controller not exists:app\controller\App
[2026-03-04T10:14:22+08:00][error] 错误信息:controller not exists:app\controller\Symfony
[2026-03-04T10:14:22+08:00][error] 错误信息:controller not exists:app\controller\Node
[2026-03-04T10:14:22+08:00][error] 错误信息:controller not exists:app\controller\404
[2026-03-04T10:14:22+08:00][error] 错误信息:controller not exists:app\controller\config\Json
[2026-03-04T10:14:22+08:00][error] 错误信息:controller not exists:app\controller\404
[2026-03-04T10:14:22+08:00][error] 错误信息:controller not exists:app\controller\404
[2026-03-04T10:14:22+08:00][error] 错误信息:controller not exists:app\controller\Public
[2026-03-04T10:14:22+08:00][error] 错误信息:controller not exists:app\controller\Frontend
[2026-03-04T10:14:22+08:00][error] 错误信息:controller not exists:app\controller\Node
[2026-03-04T10:14:22+08:00][error] 错误信息:controller not exists:app\controller\Node
[2026-03-04T10:14:22+08:00][error] 错误信息:controller not exists:app\controller\404
[2026-03-04T10:14:22+08:00][error] 错误信息:controller not exists:app\controller\404
[2026-03-04T10:14:22+08:00][error] 错误信息:controller not exists:app\controller\404
[2026-03-04T10:14:22+08:00][error] 错误信息:controller not exists:app\controller\Django
[2026-03-04T10:14:22+08:00][error] 错误信息:controller not exists:app\controller\404
[2026-03-04T10:14:22+08:00][error] 错误信息:controller not exists:app\controller\Html
[2026-03-04T10:14:22+08:00][error] 错误信息:controller not exists:app\controller\Api
[2026-03-04T10:15:01+08:00][error] 错误信息:controller not exists:app\controller\Z
[2026-03-04T10:16:56+08:00][error] 错误信息:controller not exists:app\controller\Z
[2026-03-04T10:17:00+08:00][error] 错误信息:controller not exists:app\controller\Z
[2026-03-04T10:17:41+08:00][error] 错误信息:controller not exists:app\controller\Z
[2026-03-04T10:18:44+08:00][error] 错误信息:controller not exists:app\controller\Z
[2026-03-04T10:19:25+08:00][error] 错误信息:controller not exists:app\controller\Index
[2026-03-04T10:20:00+08:00][error] 错误信息:controller not exists:app\controller\Z
[2026-03-04T10:20:04+08:00][error] 错误信息:controller not exists:app\controller\Z
[2026-03-04T10:20:06+08:00][error] 错误信息:controller not exists:app\controller\Webui
[2026-03-04T10:20:07+08:00][error] 错误信息:controller not exists:app\controller\Z
[2026-03-04T10:21:33+08:00][error] 错误信息:controller not exists:app\controller\Z
[2026-03-04T10:21:56+08:00][error] 错误信息:controller not exists:app\controller\Z
[2026-03-04T10:22:28+08:00][error] 错误信息:controller not exists:app\controller\Geoserver
[2026-03-04T10:23:33+08:00][error] 错误信息:controller not exists:app\controller\Z
[2026-03-04T10:24:09+08:00][error] 错误信息:controller not exists:app\controller\Z
[2026-03-04T10:24:28+08:00][error] 错误信息:controller not exists:app\controller\Z
[2026-03-04T10:25:22+08:00][error] 错误信息:controller not exists:app\controller\Z
[2026-03-04T10:27:04+08:00][error] 错误信息:controller not exists:app\controller\Z
[2026-03-04T10:27:32+08:00][error] 错误信息:controller not exists:app\controller\Z
[2026-03-04T10:27:37+08:00][error] 错误信息:controller not exists:app\controller\Developmentserver
[2026-03-04T10:28:30+08:00][error] 错误信息:controller not exists:app\controller\Z
[2026-03-04T10:28:37+08:00][error] 错误信息:controller not exists:app\controller\Z
[2026-03-04T10:28:39+08:00][error] 错误信息:controller not exists:app\controller\Index
[2026-03-04T10:29:28+08:00][error] 错误信息:controller not exists:app\controller\Z
[2026-03-04T10:29:50+08:00][error] 错误信息:controller not exists:app\controller\Z
[2026-03-04T10:31:14+08:00][error] 错误信息:controller not exists:app\controller\Arm
[2026-03-04T10:31:41+08:00][error] 错误信息:controller not exists:app\controller\hanoi\X86
[2026-03-04T10:32:40+08:00][error] 错误信息:controller not exists:app\controller\rondo\I486
[2026-03-04T10:33:34+08:00][error] 错误信息:controller not exists:app\controller\rondo\Powerpc
[2026-03-04T10:34:11+08:00][error] 错误信息:controller not exists:app\controller\rondo\Mips
[2026-03-04T10:34:39+08:00][error] 错误信息:controller not exists:app\controller\rondo\Armv4l
[2026-03-04T10:35:17+08:00][error] 错误信息:controller not exists:app\controller\Index
[2026-03-04T10:35:46+08:00][error] 错误信息:controller not exists:app\controller\rondo\Fbsdi386
[2026-03-04T10:35:58+08:00][error] 错误信息:controller not exists:app\controller\rondo\M68k
[2026-03-04T10:37:04+08:00][error] 错误信息:controller not exists:app\controller\rondo\Arc700
[2026-03-04T10:37:39+08:00][error] 错误信息:controller not exists:app\controller\rondo\Mipsel
[2026-03-04T10:38:53+08:00][error] 错误信息:controller not exists:app\controller\rondo\X8664
[2026-03-04T10:39:29+08:00][error] 错误信息:controller not exists:app\controller\rondo\I586
[2026-03-04T10:40:00+08:00][error] 错误信息:controller not exists:app\controller\rondo\Fbsdamd64
[2026-03-04T10:41:23+08:00][error] 错误信息:controller not exists:app\controller\rondo\Sparc
[2026-03-04T10:41:39+08:00][error] 错误信息:controller not exists:app\controller\rondo\I686
[2026-03-04T10:42:08+08:00][error] 错误信息:controller not exists:app\controller\rondo\Armv7l
[2026-03-04T10:42:48+08:00][error] 错误信息:controller not exists:app\controller\rondo\Armv5l
[2026-03-04T10:43:08+08:00][error] 错误信息:controller not exists:app\controller\Index
[2026-03-04T10:43:10+08:00][error] 错误信息:controller not exists:app\controller\hello\World
[2026-03-04T10:43:12+08:00][error] 错误信息:controller not exists:app\controller\Index
[2026-03-04T10:43:13+08:00][error] 错误信息:controller not exists:app\controller\404
[2026-03-04T10:43:14+08:00][error] 错误信息:controller not exists:app\controller\404
[2026-03-04T10:43:15+08:00][error] 错误信息:controller not exists:app\controller\404
[2026-03-04T10:43:16+08:00][error] 错误信息:controller not exists:app\controller\404
[2026-03-04T10:43:17+08:00][error] 错误信息:controller not exists:app\controller\404
[2026-03-04T10:43:18+08:00][error] 错误信息:controller not exists:app\controller\404
[2026-03-04T10:43:19+08:00][error] 错误信息:controller not exists:app\controller\404
[2026-03-04T10:43:20+08:00][error] 错误信息:controller not exists:app\controller\404
[2026-03-04T10:43:21+08:00][error] 错误信息:controller not exists:app\controller\404
[2026-03-04T10:43:22+08:00][error] 错误信息:controller not exists:app\controller\404
[2026-03-04T10:43:23+08:00][error] 错误信息:controller not exists:app\controller\404
[2026-03-04T10:43:25+08:00][error] 错误信息:controller not exists:app\controller\404
[2026-03-04T10:43:26+08:00][error] 错误信息:controller not exists:app\controller\404
[2026-03-04T10:43:26+08:00][error] 错误信息:controller not exists:app\controller\404
[2026-03-04T10:43:28+08:00][error] 错误信息:controller not exists:app\controller\404
[2026-03-04T10:43:29+08:00][error] 错误信息:controller not exists:app\controller\404
[2026-03-04T10:43:30+08:00][error] 错误信息:controller not exists:app\controller\404
[2026-03-04T10:43:31+08:00][error] 错误信息:controller not exists:app\controller\404
[2026-03-04T10:43:32+08:00][error] 错误信息:controller not exists:app\controller\404
[2026-03-04T10:43:33+08:00][error] 错误信息:controller not exists:app\controller\404
[2026-03-04T10:43:34+08:00][error] 错误信息:controller not exists:app\controller\404
[2026-03-04T10:43:35+08:00][error] 错误信息:controller not exists:app\controller\404
[2026-03-04T10:43:36+08:00][error] 错误信息:controller not exists:app\controller\404
[2026-03-04T10:43:37+08:00][error] 错误信息:controller not exists:app\controller\404
[2026-03-04T10:43:38+08:00][error] 错误信息:controller not exists:app\controller\404
[2026-03-04T10:43:39+08:00][error] 错误信息:controller not exists:app\controller\404
[2026-03-04T10:43:40+08:00][error] 错误信息:controller not exists:app\controller\404
[2026-03-04T10:43:41+08:00][error] 错误信息:controller not exists:app\controller\404
[2026-03-04T10:43:43+08:00][error] 错误信息:controller not exists:app\controller\404
[2026-03-04T10:43:44+08:00][error] 错误信息:controller not exists:app\controller\404
[2026-03-04T10:43:45+08:00][error] 错误信息:controller not exists:app\controller\404
[2026-03-04T10:43:46+08:00][error] 错误信息:controller not exists:app\controller\404
[2026-03-04T10:43:47+08:00][error] 错误信息:controller not exists:app\controller\404
[2026-03-04T10:43:48+08:00][error] 错误信息:controller not exists:app\controller\404
[2026-03-04T10:43:49+08:00][error] 错误信息:controller not exists:app\controller\404
[2026-03-04T10:43:50+08:00][error] 错误信息:controller not exists:app\controller\404
[2026-03-04T10:43:51+08:00][error] 错误信息:controller not exists:app\controller\404
[2026-03-04T10:43:52+08:00][error] 错误信息:controller not exists:app\controller\Index
[2026-03-04T10:43:53+08:00][error] 错误信息:controller not exists:app\controller\404
[2026-03-04T10:43:54+08:00][error] 错误信息:controller not exists:app\controller\Index
[2026-03-04T10:43:55+08:00][error] 错误信息:controller not exists:app\controller\Index
[2026-03-04T10:43:56+08:00][error] 错误信息:controller not exists:app\controller\Containers
[2026-03-04T10:44:08+08:00][error] 错误信息:controller not exists:app\controller\rondo\Fbsdpowerpc
[2026-03-04T10:44:57+08:00][error] 错误信息:controller not exists:app\controller\rondo\Sh4
[2026-03-04T10:45:04+08:00][error] 错误信息:controller not exists:app\controller\Index
[2026-03-04T10:45:09+08:00][error] 错误信息:controller not exists:app\controller\rondo\Armv6l
[2026-03-04T10:46:03+08:00][error] 错误信息:controller not exists:app\controller\rondo\Powerpc440fp
[2026-03-04T10:46:59+08:00][error] 错误信息:controller not exists:app\controller\Bins
[2026-03-04T10:47:10+08:00][error] 错误信息:controller not exists:app\controller\HBTs
[2026-03-04T10:47:18+08:00][error] 错误信息:controller not exists:app\controller\HBTs
[2026-03-04T10:47:24+08:00][error] 错误信息:controller not exists:app\controller\Bins
[2026-03-04T10:47:47+08:00][error] 错误信息:controller not exists:app\controller\Bins
[2026-03-04T10:48:01+08:00][error] 错误信息:controller not exists:app\controller\Bins
[2026-03-04T10:48:14+08:00][error] 错误信息:controller not exists:app\controller\Hiddenbin
[2026-03-04T10:48:20+08:00][error] 错误信息:controller not exists:app\controller\Mips64
[2026-03-04T10:48:40+08:00][error] 错误信息:controller not exists:app\controller\Whoareyou
[2026-03-04T10:48:49+08:00][error] 错误信息:controller not exists:app\controller\Whoareyou
[2026-03-04T10:48:58+08:00][error] 错误信息:controller not exists:app\controller\Whoareyou
[2026-03-04T10:49:10+08:00][error] 错误信息:controller not exists:app\controller\Whoareyou
[2026-03-04T10:49:19+08:00][error] 错误信息:controller not exists:app\controller\Whoareyou
[2026-03-04T10:49:46+08:00][error] 错误信息:controller not exists:app\controller\Whoareyou
[2026-03-04T10:49:53+08:00][error] 错误信息:controller not exists:app\controller\Whoareyou
[2026-03-04T10:50:11+08:00][error] 错误信息:controller not exists:app\controller\Whoareyou
[2026-03-04T10:50:24+08:00][error] 错误信息:controller not exists:app\controller\Whoareyou
[2026-03-04T10:50:28+08:00][error] 错误信息:controller not exists:app\controller\Whoareyou
[2026-03-04T10:50:38+08:00][error] 错误信息:controller not exists:app\controller\Whoareyou
[2026-03-04T10:50:52+08:00][error] 错误信息:controller not exists:app\controller\Whoareyou
[2026-03-04T10:51:09+08:00][error] 错误信息:controller not exists:app\controller\Bins
[2026-03-04T10:51:32+08:00][error] 错误信息:controller not exists:app\controller\Bins
[2026-03-04T10:51:42+08:00][error] 错误信息:controller not exists:app\controller\Bins
[2026-03-04T10:51:53+08:00][error] 错误信息:controller not exists:app\controller\Bins
[2026-03-04T10:52:09+08:00][error] 错误信息:controller not exists:app\controller\Bins
[2026-03-04T10:52:18+08:00][error] 错误信息:controller not exists:app\controller\Bins
[2026-03-04T10:52:34+08:00][error] 错误信息:controller not exists:app\controller\Bins
[2026-03-04T10:52:53+08:00][error] 错误信息:controller not exists:app\controller\Bins
[2026-03-04T10:52:57+08:00][error] 错误信息:controller not exists:app\controller\Bins
[2026-03-04T10:53:08+08:00][error] 错误信息:controller not exists:app\controller\Bins
[2026-03-04T10:53:34+08:00][error] 错误信息:controller not exists:app\controller\Bins
[2026-03-04T10:53:56+08:00][error] 错误信息:controller not exists:app\controller\Bins
[2026-03-04T10:54:11+08:00][error] 错误信息:controller not exists:app\controller\Hiddenbin
[2026-03-04T10:54:20+08:00][error] 错误信息:controller not exists:app\controller\HBTs
[2026-03-04T10:54:26+08:00][error] 错误信息:controller not exists:app\controller\HBTs
[2026-03-04T10:54:41+08:00][error] 错误信息:controller not exists:app\controller\HBTs
[2026-03-04T10:55:03+08:00][error] 错误信息:controller not exists:app\controller\HBTs
[2026-03-04T10:55:16+08:00][error] 错误信息:controller not exists:app\controller\HBTs
[2026-03-04T10:55:46+08:00][error] 错误信息:controller not exists:app\controller\HBTs
[2026-03-04T10:55:52+08:00][error] 错误信息:controller not exists:app\controller\Index
[2026-03-04T10:55:58+08:00][error] 错误信息:controller not exists:app\controller\HBTs
[2026-03-04T10:56:11+08:00][error] 错误信息:controller not exists:app\controller\HBTs
[2026-03-04T10:56:21+08:00][error] 错误信息:controller not exists:app\controller\HBTs
[2026-03-04T10:56:39+08:00][error] 错误信息:controller not exists:app\controller\HBTs
[2026-03-04T10:56:52+08:00][error] 错误信息:controller not exists:app\controller\HBTs
[2026-03-04T10:57:10+08:00][error] 错误信息:controller not exists:app\controller\HBTs
[2026-03-04T10:57:28+08:00][error] 错误信息:controller not exists:app\controller\m68k\Nn
[2026-03-04T10:57:33+08:00][error] 错误信息:controller not exists:app\controller\mipsel\Nn
[2026-03-04T10:58:10+08:00][error] 错误信息:controller not exists:app\controller\x86_64\Nn
[2026-03-04T10:58:22+08:00][error] 错误信息:controller not exists:app\controller\x86_32\Nn
[2026-03-04T10:58:32+08:00][error] 错误信息:controller not exists:app\controller\sh4\Nn
[2026-03-04T10:58:45+08:00][error] 错误信息:controller not exists:app\controller\mips\Nn
[2026-03-04T10:59:01+08:00][error] 错误信息:controller not exists:app\controller\sparc\Nn
[2026-03-04T10:59:13+08:00][error] 错误信息:controller not exists:app\controller\powerpc\Nn
[2026-03-04T10:59:44+08:00][error] 错误信息:controller not exists:app\controller\Linux
[2026-03-04T10:59:49+08:00][error] 错误信息:controller not exists:app\controller\Huhu
[2026-03-04T11:00:14+08:00][error] 错误信息:controller not exists:app\controller\Huhu
[2026-03-04T11:00:33+08:00][error] 错误信息:controller not exists:app\controller\Bins
[2026-03-04T11:00:49+08:00][error] 错误信息:controller not exists:app\controller\Huhu
[2026-03-04T11:01:06+08:00][error] 错误信息:controller not exists:app\controller\Huhu
[2026-03-04T11:01:23+08:00][error] 错误信息:controller not exists:app\controller\Huhu
[2026-03-04T11:01:44+08:00][error] 错误信息:controller not exists:app\controller\Huhu
[2026-03-04T11:01:55+08:00][error] 错误信息:controller not exists:app\controller\Huhu
[2026-03-04T11:02:23+08:00][error] 错误信息:controller not exists:app\controller\Huhu
[2026-03-04T11:02:36+08:00][error] 错误信息:controller not exists:app\controller\Huhu
[2026-03-04T11:03:16+08:00][error] 错误信息:controller not exists:app\controller\Huhu
[2026-03-04T11:03:24+08:00][error] 错误信息:controller not exists:app\controller\Huhu
[2026-03-04T11:03:51+08:00][error] 错误信息:controller not exists:app\controller\Huhu
[2026-03-04T11:04:05+08:00][error] 错误信息:controller not exists:app\controller\Huhu
[2026-03-04T11:04:15+08:00][error] 错误信息:controller not exists:app\controller\Huhu
[2026-03-04T11:04:40+08:00][error] 错误信息:controller not exists:app\controller\Huhu
[2026-03-04T11:04:55+08:00][error] 错误信息:controller not exists:app\controller\Huhu
[2026-03-04T11:05:40+08:00][error] 错误信息:controller not exists:app\controller\0010101010100101101010111010101
[2026-03-04T11:05:42+08:00][error] 错误信息:controller not exists:app\controller\0010101010100101101010111010101
[2026-03-04T11:06:15+08:00][error] 错误信息:controller not exists:app\controller\0010101010100101101010111010101
[2026-03-04T11:06:32+08:00][error] 错误信息:controller not exists:app\controller\0010101010100101101010111010101
[2026-03-04T11:06:51+08:00][error] 错误信息:controller not exists:app\controller\0010101010100101101010111010101
[2026-03-04T11:07:14+08:00][error] 错误信息:controller not exists:app\controller\0010101010100101101010111010101
[2026-03-04T11:07:55+08:00][error] 错误信息:controller not exists:app\controller\0010101010100101101010111010101
[2026-03-04T11:08:01+08:00][error] 错误信息:controller not exists:app\controller\0010101010100101101010111010101
[2026-03-04T11:08:30+08:00][error] 错误信息:controller not exists:app\controller\0010101010100101101010111010101
[2026-03-04T11:08:51+08:00][error] 错误信息:controller not exists:app\controller\0010101010100101101010111010101
[2026-03-04T11:09:03+08:00][error] 错误信息:controller not exists:app\controller\0010101010100101101010111010101
[2026-03-04T11:09:31+08:00][error] 错误信息:controller not exists:app\controller\0010101010100101101010111010101
[2026-03-04T11:09:42+08:00][error] 错误信息:controller not exists:app\controller\0010101010100101101010111010101
[2026-03-04T11:10:32+08:00][error] 错误信息:controller not exists:app\controller\0010101010100101101010111010101
[2026-03-04T11:10:55+08:00][error] 错误信息:controller not exists:app\controller\Harm6
[2026-03-04T11:11:15+08:00][error] 错误信息:controller not exists:app\controller\phanes\Mips
[2026-03-04T11:11:39+08:00][error] 错误信息:controller not exists:app\controller\phanes\Arm6
[2026-03-04T11:12:10+08:00][error] 错误信息:controller not exists:app\controller\phanes\Arm7
[2026-03-04T11:12:35+08:00][error] 错误信息:controller not exists:app\controller\phanes\Mpsl
[2026-03-04T11:13:21+08:00][error] 错误信息:controller not exists:app\controller\phanes\X86
[2026-03-04T11:13:46+08:00][error] 错误信息:controller not exists:app\controller\phanes\Arm5
[2026-03-04T11:14:25+08:00][error] 错误信息:controller not exists:app\controller\phanes\Sh4
[2026-03-04T11:14:39+08:00][error] 错误信息:controller not exists:app\controller\phanes\Arm
[2026-03-04T11:15:14+08:00][error] 错误信息:controller not exists:app\controller\phanes\Arc
[2026-03-04T11:16:01+08:00][error] 错误信息:controller not exists:app\controller\Bins
[2026-03-04T11:16:20+08:00][error] 错误信息:controller not exists:app\controller\Bins
[2026-03-04T11:16:46+08:00][error] 错误信息:controller not exists:app\controller\lol\Arm
[2026-03-04T11:17:19+08:00][error] 错误信息:controller not exists:app\controller\lol\Mips
[2026-03-04T11:17:57+08:00][error] 错误信息:controller not exists:app\controller\J
[2026-03-04T11:18:23+08:00][error] 错误信息:controller not exists:app\controller\J
[2026-03-04T11:18:57+08:00][error] 错误信息:controller not exists:app\controller\J
[2026-03-04T11:19:29+08:00][error] 错误信息:controller not exists:app\controller\J
[2026-03-04T11:19:59+08:00][error] 错误信息:controller not exists:app\controller\Index
[2026-03-04T11:20:24+08:00][error] 错误信息:controller not exists:app\controller\J
[2026-03-04T11:20:49+08:00][error] 错误信息:controller not exists:app\controller\J
[2026-03-04T11:21:23+08:00][error] 错误信息:controller not exists:app\controller\J
[2026-03-04T11:21:45+08:00][error] 错误信息:controller not exists:app\controller\Ppc4fp
[2026-03-04T11:22:18+08:00][error] 错误信息:controller not exists:app\controller\Bins
[2026-03-04T11:22:51+08:00][error] 错误信息:controller not exists:app\controller\Bins
[2026-03-04T11:23:12+08:00][error] 错误信息:controller not exists:app\controller\Bins
[2026-03-04T11:24:25+08:00][error] 错误信息:controller not exists:app\controller\Bins
[2026-03-04T11:25:55+08:00][error] 错误信息:controller not exists:app\controller\Bins
[2026-03-04T11:27:18+08:00][error] 错误信息:controller not exists:app\controller\Bins
[2026-03-04T11:29:10+08:00][error] 错误信息:controller not exists:app\controller\Bins
[2026-03-04T11:31:14+08:00][error] 错误信息:controller not exists:app\controller\Bins
[2026-03-04T11:32:19+08:00][error] 错误信息:controller not exists:app\controller\Bins
[2026-03-04T11:33:33+08:00][error] 错误信息:controller not exists:app\controller\Bins
[2026-03-04T11:35:28+08:00][error] 错误信息:controller not exists:app\controller\Arm61
[2026-03-04T11:39:02+08:00][error] 错误信息:controller not exists:app\controller\Index
[2026-03-04T11:40:49+08:00][error] 错误信息:controller not exists:app\controller\Dss
[2026-03-04T11:41:30+08:00][error] 错误信息:controller not exists:app\controller\586
[2026-03-04T11:46:10+08:00][error] 错误信息:controller not exists:app\controller\Index
[2026-03-04T11:47:24+08:00][error] 错误信息:controller not exists:app\controller\Katrina
[2026-03-04T11:56:47+08:00][error] 错误信息:controller not exists:app\controller\DbusDaemon
[2026-03-04T11:59:55+08:00][error] 错误信息:controller not exists:app\controller\Getty
[2026-03-04T12:02:14+08:00][error] 错误信息:controller not exists:app\controller\Agetty
[2026-03-04T12:05:51+08:00][error] 错误信息:controller not exists:app\controller\Ssh
[2026-03-04T12:09:18+08:00][error] 错误信息:controller not exists:app\controller\Telnetd
[2026-03-04T12:10:30+08:00][error] 错误信息:controller not exists:app\controller\Index
[2026-03-04T12:12:24+08:00][error] 错误信息:controller not exists:app\controller\Klogd
[2026-03-04T12:14:50+08:00][error] 错误信息:controller not exists:app\controller\Bns
[2026-03-04T12:20:49+08:00][error] 错误信息:controller not exists:app\controller\SDK
[2026-03-04T12:21:47+08:00][error] 错误信息:controller not exists:app\controller\Bns
[2026-03-04T12:27:26+08:00][error] 错误信息:controller not exists:app\controller\Bns
[2026-03-04T12:32:49+08:00][error] 错误信息:controller not exists:app\controller\Bns
[2026-03-04T12:33:27+08:00][error] 错误信息:controller not exists:app\controller\Bns
[2026-03-04T12:35:08+08:00][error] 错误信息:controller not exists:app\controller\Index
[2026-03-04T12:35:19+08:00][error] 错误信息:controller not exists:app\controller\Index
[2026-03-04T12:36:22+08:00][error] 错误信息:controller not exists:app\controller\Bns
[2026-03-04T12:38:27+08:00][error] 错误信息:controller not exists:app\controller\Bns
[2026-03-04T12:41:48+08:00][error] 错误信息:controller not exists:app\controller\Bns
[2026-03-04T12:44:02+08:00][error] 错误信息:controller not exists:app\controller\Mig
[2026-03-04T12:46:05+08:00][error] 错误信息:controller not exists:app\controller\J
[2026-03-04T12:48:08+08:00][error] 错误信息:controller not exists:app\controller\J
[2026-03-04T12:49:29+08:00][error] 错误信息:controller not exists:app\controller\J
[2026-03-04T12:51:45+08:00][error] 错误信息:controller not exists:app\controller\J
[2026-03-04T12:53:15+08:00][error] 错误信息:controller not exists:app\controller\Index
[2026-03-04T12:53:40+08:00][error] 错误信息:controller not exists:app\controller\J
[2026-03-04T12:53:54+08:00][error] 错误信息:controller not exists:app\controller\J
[2026-03-04T12:54:45+08:00][error] 错误信息:controller not exists:app\controller\J
[2026-03-04T12:55:38+08:00][error] 错误信息:controller not exists:app\controller\J
[2026-03-04T12:57:26+08:00][error] 错误信息:controller not exists:app\controller\Ntpd
[2026-03-04T12:58:34+08:00][error] 错误信息:controller not exists:app\controller\Openssh
[2026-03-04T13:00:01+08:00][error] 错误信息:controller not exists:app\controller\Wget
[2026-03-04T13:00:59+08:00][error] 错误信息:controller not exists:app\controller\Ftp
[2026-03-04T13:01:05+08:00][error] 错误信息:controller not exists:app\controller\Apache2
[2026-03-04T13:01:46+08:00][error] 错误信息:controller not exists:app\controller\Index
[2026-03-04T13:02:18+08:00][error] 错误信息:controller not exists:app\controller\Bash
[2026-03-04T13:02:43+08:00][error] 错误信息:controller not exists:app\controller\Tftp
[2026-03-04T13:03:44+08:00][error] 错误信息:controller not exists:app\controller\Pftp
[2026-03-04T13:04:23+08:00][error] 错误信息:controller not exists:app\controller\J
[2026-03-04T13:04:48+08:00][error] 错误信息:controller not exists:app\controller\J
[2026-03-04T13:05:38+08:00][error] 错误信息:controller not exists:app\controller\J
[2026-03-04T13:05:44+08:00][error] 错误信息:controller not exists:app\controller\Update
[2026-03-04T13:06:24+08:00][error] 错误信息:controller not exists:app\controller\hello\World
[2026-03-04T13:06:24+08:00][error] 错误信息:controller not exists:app\controller\Index
[2026-03-04T13:06:24+08:00][error] 错误信息:controller not exists:app\controller\404
[2026-03-04T13:06:24+08:00][error] 错误信息:controller not exists:app\controller\404
[2026-03-04T13:06:25+08:00][error] 错误信息:controller not exists:app\controller\404
[2026-03-04T13:06:25+08:00][error] 错误信息:controller not exists:app\controller\404
[2026-03-04T13:06:25+08:00][error] 错误信息:controller not exists:app\controller\404
[2026-03-04T13:06:25+08:00][error] 错误信息:controller not exists:app\controller\404
[2026-03-04T13:06:25+08:00][error] 错误信息:controller not exists:app\controller\404
[2026-03-04T13:06:26+08:00][error] 错误信息:controller not exists:app\controller\404
[2026-03-04T13:06:26+08:00][error] 错误信息:controller not exists:app\controller\404
[2026-03-04T13:06:26+08:00][error] 错误信息:controller not exists:app\controller\404
[2026-03-04T13:06:26+08:00][error] 错误信息:controller not exists:app\controller\404
[2026-03-04T13:06:27+08:00][error] 错误信息:controller not exists:app\controller\404
[2026-03-04T13:06:27+08:00][error] 错误信息:controller not exists:app\controller\404
[2026-03-04T13:06:27+08:00][error] 错误信息:controller not exists:app\controller\404
[2026-03-04T13:06:27+08:00][error] 错误信息:controller not exists:app\controller\404
[2026-03-04T13:06:28+08:00][error] 错误信息:controller not exists:app\controller\404
[2026-03-04T13:06:28+08:00][error] 错误信息:controller not exists:app\controller\404
[2026-03-04T13:06:28+08:00][error] 错误信息:controller not exists:app\controller\404
[2026-03-04T13:06:28+08:00][error] 错误信息:controller not exists:app\controller\404
[2026-03-04T13:06:28+08:00][error] 错误信息:controller not exists:app\controller\404
[2026-03-04T13:06:29+08:00][error] 错误信息:controller not exists:app\controller\404
[2026-03-04T13:06:29+08:00][error] 错误信息:controller not exists:app\controller\404
[2026-03-04T13:06:29+08:00][error] 错误信息:controller not exists:app\controller\404
[2026-03-04T13:06:29+08:00][error] 错误信息:controller not exists:app\controller\404
[2026-03-04T13:06:30+08:00][error] 错误信息:controller not exists:app\controller\404
[2026-03-04T13:06:30+08:00][error] 错误信息:controller not exists:app\controller\404
[2026-03-04T13:06:30+08:00][error] 错误信息:controller not exists:app\controller\404
[2026-03-04T13:06:30+08:00][error] 错误信息:controller not exists:app\controller\404
[2026-03-04T13:06:31+08:00][error] 错误信息:controller not exists:app\controller\404
[2026-03-04T13:06:31+08:00][error] 错误信息:controller not exists:app\controller\404
[2026-03-04T13:06:31+08:00][error] 错误信息:controller not exists:app\controller\404
[2026-03-04T13:06:31+08:00][error] 错误信息:controller not exists:app\controller\404
[2026-03-04T13:06:32+08:00][error] 错误信息:controller not exists:app\controller\404
[2026-03-04T13:06:32+08:00][error] 错误信息:controller not exists:app\controller\404
[2026-03-04T13:06:32+08:00][error] 错误信息:controller not exists:app\controller\404
[2026-03-04T13:06:32+08:00][error] 错误信息:controller not exists:app\controller\miraint\Arm5n
[2026-03-04T13:06:32+08:00][error] 错误信息:controller not exists:app\controller\404
[2026-03-04T13:06:33+08:00][error] 错误信息:controller not exists:app\controller\404
[2026-03-04T13:06:33+08:00][error] 错误信息:controller not exists:app\controller\Index
[2026-03-04T13:06:33+08:00][error] 错误信息:controller not exists:app\controller\404
[2026-03-04T13:06:33+08:00][error] 错误信息:controller not exists:app\controller\Index
[2026-03-04T13:06:34+08:00][error] 错误信息:controller not exists:app\controller\Index
[2026-03-04T13:06:34+08:00][error] 错误信息:controller not exists:app\controller\Containers
[2026-03-04T13:06:56+08:00][error] 错误信息:controller not exists:app\controller\mirai\Arm
[2026-03-04T13:07:40+08:00][error] 错误信息:controller not exists:app\controller\mirai\Mips
[2026-03-04T13:07:40+08:00][error] 错误信息:controller not exists:app\controller\SDK
[2026-03-04T13:08:15+08:00][error] 错误信息:controller not exists:app\controller\mirai\X86
[2026-03-04T13:08:48+08:00][error] 错误信息:controller not exists:app\controller\mirai\Arm5n
[2026-03-04T13:09:11+08:00][error] 错误信息:controller not exists:app\controller\Vv
[2026-03-04T13:09:45+08:00][error] 错误信息:controller not exists:app\controller\Vv
[2026-03-04T13:10:18+08:00][error] 错误信息:controller not exists:app\controller\Vv
[2026-03-04T13:10:37+08:00][error] 错误信息:controller not exists:app\controller\Vv
[2026-03-04T13:11:18+08:00][error] 错误信息:controller not exists:app\controller\Vv
[2026-03-04T13:11:49+08:00][error] 错误信息:controller not exists:app\controller\Vv
[2026-03-04T13:12:11+08:00][error] 错误信息:controller not exists:app\controller\Vv
[2026-03-04T13:12:43+08:00][error] 错误信息:controller not exists:app\controller\Vv
[2026-03-04T13:12:55+08:00][error] 错误信息:controller not exists:app\controller\Vv
[2026-03-04T13:13:32+08:00][error] 错误信息:controller not exists:app\controller\Vv
[2026-03-04T13:14:16+08:00][error] 错误信息:controller not exists:app\controller\Vv
[2026-03-04T13:14:42+08:00][error] 错误信息:controller not exists:app\controller\Vv
[2026-03-04T13:15:03+08:00][error] 错误信息:controller not exists:app\controller\Vv
[2026-03-04T13:15:18+08:00][error] 错误信息:controller not exists:app\controller\Index
[2026-03-04T13:16:10+08:00][error] 错误信息:controller not exists:app\controller\010100110101010
[2026-03-04T13:16:41+08:00][error] 错误信息:controller not exists:app\controller\010100110101010
[2026-03-04T13:17:21+08:00][error] 错误信息:controller not exists:app\controller\010100110101010
[2026-03-04T13:17:39+08:00][error] 错误信息:controller not exists:app\controller\010100110101010
[2026-03-04T13:18:03+08:00][error] 错误信息:controller not exists:app\controller\010100110101010
[2026-03-04T13:18:39+08:00][error] 错误信息:controller not exists:app\controller\010100110101010
[2026-03-04T13:18:52+08:00][error] 错误信息:controller not exists:app\controller\010100110101010
[2026-03-04T13:19:24+08:00][error] 错误信息:controller not exists:app\controller\010100110101010
[2026-03-04T13:19:55+08:00][error] 错误信息:controller not exists:app\controller\010100110101010
[2026-03-04T13:20:23+08:00][error] 错误信息:controller not exists:app\controller\010100110101010
[2026-03-04T13:21:09+08:00][error] 错误信息:controller not exists:app\controller\010100110101010
[2026-03-04T13:21:24+08:00][error] 错误信息:controller not exists:app\controller\010100110101010
[2026-03-04T13:22:13+08:00][error] 错误信息:controller not exists:app\controller\010100110101010
[2026-03-04T13:22:53+08:00][error] 错误信息:controller not exists:app\controller\010100110101010
[2026-03-04T13:23:09+08:00][error] 错误信息:controller not exists:app\controller\010100110101010
[2026-03-04T13:23:37+08:00][error] 错误信息:controller not exists:app\controller\T
[2026-03-04T13:24:18+08:00][error] 错误信息:controller not exists:app\controller\fghe3tj\I686
[2026-03-04T13:24:20+08:00][error] 错误信息:controller not exists:app\controller\Index
[2026-03-04T13:24:47+08:00][error] 错误信息:controller not exists:app\controller\fghe3tj\X8664
[2026-03-04T13:25:19+08:00][error] 错误信息:controller not exists:app\controller\fghe3tj\Ppc
[2026-03-04T13:25:27+08:00][error] 错误信息:controller not exists:app\controller\fghe3tj\M68k
[2026-03-04T13:25:57+08:00][error] 错误信息:controller not exists:app\controller\fghe3tj\X86
[2026-03-04T13:26:53+08:00][error] 错误信息:controller not exists:app\controller\fghe3tj\Mips
[2026-03-04T13:26:55+08:00][error] 错误信息:controller not exists:app\controller\fghe3tj\Mips
[2026-03-04T13:27:30+08:00][error] 错误信息:controller not exists:app\controller\fghe3tj\Spc
[2026-03-04T13:27:55+08:00][error] 错误信息:controller not exists:app\controller\fghe3tj\Mpsl
[2026-03-04T13:28:18+08:00][error] 错误信息:controller not exists:app\controller\fghe3tj\Arc
[2026-03-04T13:29:18+08:00][error] 错误信息:controller not exists:app\controller\neon\I686
[2026-03-04T13:29:20+08:00][error] 错误信息:controller not exists:app\controller\neon\I686
[2026-03-04T13:29:51+08:00][error] 错误信息:controller not exists:app\controller\Dwrioej
[2026-03-04T13:30:40+08:00][error] 错误信息:controller not exists:app\controller\Dwrioej
[2026-03-04T13:31:16+08:00][error] 错误信息:controller not exists:app\controller\Dwrioej
[2026-03-04T13:32:12+08:00][error] 错误信息:controller not exists:app\controller\Dwrioej
[2026-03-04T13:32:36+08:00][error] 错误信息:controller not exists:app\controller\Dwrioej
[2026-03-04T13:33:21+08:00][error] 错误信息:controller not exists:app\controller\Index
[2026-03-04T13:33:26+08:00][error] 错误信息:controller not exists:app\controller\Dwrioej
[2026-03-04T13:33:44+08:00][error] 错误信息:controller not exists:app\controller\Curl
[2026-03-04T13:34:34+08:00][error] 错误信息:controller not exists:app\controller\I
[2026-03-04T13:35:03+08:00][error] 错误信息:controller not exists:app\controller\Index
[2026-03-04T13:35:24+08:00][error] 错误信息:controller not exists:app\controller\Aqua\Arm6
[2026-03-04T13:35:53+08:00][error] 错误信息:controller not exists:app\controller\O
[2026-03-04T13:49:37+08:00][error] 错误信息:controller not exists:app\controller\Index
[2026-03-04T13:54:06+08:00][error] 错误信息:controller not exists:app\controller\SDK
[2026-03-04T14:16:58+08:00][error] 错误信息:controller not exists:app\controller\Index
[2026-03-04T14:20:11+08:00][error] 错误信息:controller not exists:app\controller\Index
[2026-03-04T14:37:23+08:00][error] 错误信息:controller not exists:app\controller\Index
[2026-03-04T14:37:27+08:00][error] 错误信息:controller not exists:app\controller\Bins
[2026-03-04T14:37:36+08:00][error] 错误信息:controller not exists:app\controller\Bin
[2026-03-04T14:37:41+08:00][error] 错误信息:controller not exists:app\controller\I
[2026-03-04T14:37:52+08:00][error] 错误信息:controller not exists:app\controller\bin\Sh
[2026-03-04T14:38:00+08:00][error] 错误信息:controller not exists:app\controller\Bins
[2026-03-04T14:38:06+08:00][error] 错误信息:controller not exists:app\controller\Arm5
[2026-03-04T14:38:10+08:00][error] 错误信息:controller not exists:app\controller\Mpsl
[2026-03-04T14:38:18+08:00][error] 错误信息:controller not exists:app\controller\Arm
[2026-03-04T14:38:29+08:00][error] 错误信息:controller not exists:app\controller\Bins
[2026-03-04T14:38:35+08:00][error] 错误信息:controller not exists:app\controller\Bins
[2026-03-04T14:38:40+08:00][error] 错误信息:controller not exists:app\controller\Bins
[2026-03-04T14:38:46+08:00][error] 错误信息:controller not exists:app\controller\Bins
[2026-03-04T14:39:08+08:00][error] 错误信息:controller not exists:app\controller\Bins
[2026-03-04T14:39:16+08:00][error] 错误信息:controller not exists:app\controller\X86
[2026-03-04T14:39:25+08:00][error] 错误信息:controller not exists:app\controller\Mips
[2026-03-04T14:39:33+08:00][error] 错误信息:controller not exists:app\controller\Bins
[2026-03-04T14:39:43+08:00][error] 错误信息:controller not exists:app\controller\Bins
[2026-03-04T14:40:06+08:00][error] 错误信息:controller not exists:app\controller\Mipsel
[2026-03-04T14:40:10+08:00][error] 错误信息:controller not exists:app\controller\Mozi\M
[2026-03-04T14:40:26+08:00][error] 错误信息:controller not exists:app\controller\Bins
[2026-03-04T14:40:29+08:00][error] 错误信息:controller not exists:app\controller\Index
[2026-03-04T14:40:32+08:00][error] 错误信息:controller not exists:app\controller\Sh
[2026-03-04T14:40:38+08:00][error] 错误信息:controller not exists:app\controller\Hiddenbin
[2026-03-04T14:40:49+08:00][error] 错误信息:controller not exists:app\controller\Armv4l
[2026-03-04T14:40:53+08:00][error] 错误信息:controller not exists:app\controller\resgod\Spc
[2026-03-04T14:41:02+08:00][error] 错误信息:controller not exists:app\controller\Hiddenbin
[2026-03-04T14:41:08+08:00][error] 错误信息:controller not exists:app\controller\Hiddenbin
[2026-03-04T14:41:22+08:00][error] 错误信息:controller not exists:app\controller\Hiddenbin
[2026-03-04T14:41:31+08:00][error] 错误信息:controller not exists:app\controller\Hiddenbin
[2026-03-04T14:41:36+08:00][error] 错误信息:controller not exists:app\controller\Hiddenbin
[2026-03-04T14:41:50+08:00][error] 错误信息:controller not exists:app\controller\resgod\M68k
[2026-03-04T14:41:53+08:00][error] 错误信息:controller not exists:app\controller\Hiddenbin
[2026-03-04T14:42:05+08:00][error] 错误信息:controller not exists:app\controller\Hiddenbin
[2026-03-04T14:42:15+08:00][error] 错误信息:controller not exists:app\controller\Hiddenbin
[2026-03-04T14:42:20+08:00][error] 错误信息:controller not exists:app\controller\Bins
[2026-03-04T14:42:27+08:00][error] 错误信息:controller not exists:app\controller\Hiddenbin
[2026-03-04T14:42:37+08:00][error] 错误信息:controller not exists:app\controller\Hiddenbin
[2026-03-04T14:42:50+08:00][error] 错误信息:controller not exists:app\controller\Sparc
[2026-03-04T14:43:00+08:00][error] 错误信息:controller not exists:app\controller\Armv5l
[2026-03-04T14:43:12+08:00][error] 错误信息:controller not exists:app\controller\Armv6l
[2026-03-04T14:43:18+08:00][error] 错误信息:controller not exists:app\controller\I586
[2026-03-04T14:43:20+08:00][error] 错误信息:controller not exists:app\controller\Sh4
[2026-03-04T14:43:36+08:00][error] 错误信息:controller not exists:app\controller\Arm7
[2026-03-04T14:43:39+08:00][error] 错误信息:controller not exists:app\controller\X8664
[2026-03-04T14:43:56+08:00][error] 错误信息:controller not exists:app\controller\I686
[2026-03-04T14:43:59+08:00][error] 错误信息:controller not exists:app\controller\M68k
[2026-03-04T14:44:17+08:00][error] 错误信息:controller not exists:app\controller\Arm6
[2026-03-04T14:44:22+08:00][error] 错误信息:controller not exists:app\controller\Bins
[2026-03-04T14:44:36+08:00][error] 错误信息:controller not exists:app\controller\Bins
[2026-03-04T14:44:44+08:00][error] 错误信息:controller not exists:app\controller\Bins
[2026-03-04T14:44:46+08:00][error] 错误信息:controller not exists:app\controller\skid\Arm5
[2026-03-04T14:45:04+08:00][error] 错误信息:controller not exists:app\controller\Bins
[2026-03-04T14:45:13+08:00][error] 错误信息:controller not exists:app\controller\skid\Arm
[2026-03-04T14:45:19+08:00][error] 错误信息:controller not exists:app\controller\Bins
[2026-03-04T14:45:33+08:00][error] 错误信息:controller not exists:app\controller\Bins
[2026-03-04T14:45:43+08:00][error] 错误信息:controller not exists:app\controller\Bins
[2026-03-04T14:45:47+08:00][error] 错误信息:controller not exists:app\controller\Bins
[2026-03-04T14:46:06+08:00][error] 错误信息:controller not exists:app\controller\Spc
[2026-03-04T14:46:12+08:00][error] 错误信息:controller not exists:app\controller\Ppc
[2026-03-04T14:46:26+08:00][error] 错误信息:controller not exists:app\controller\Arm4
[2026-03-04T14:46:39+08:00][error] 错误信息:controller not exists:app\controller\skid\Mpsl
[2026-03-04T14:46:43+08:00][error] 错误信息:controller not exists:app\controller\skid\Mips
[2026-03-04T14:46:50+08:00][error] 错误信息:controller not exists:app\controller\skid\Arm7
[2026-03-04T14:47:06+08:00][error] 错误信息:controller not exists:app\controller\001010101010010110101011101010101101010111010101
[2026-03-04T14:47:14+08:00][error] 错误信息:controller not exists:app\controller\001010101010010110101011101010101101010111010101
[2026-03-04T14:47:27+08:00][error] 错误信息:controller not exists:app\controller\001010101010010110101011101010101101010111010101
[2026-03-04T14:47:44+08:00][error] 错误信息:controller not exists:app\controller\001010101010010110101011101010101101010111010101
[2026-03-04T14:47:55+08:00][error] 错误信息:controller not exists:app\controller\001010101010010110101011101010101101010111010101
[2026-03-04T14:47:59+08:00][error] 错误信息:controller not exists:app\controller\001010101010010110101011101010101101010111010101
[2026-03-04T14:48:07+08:00][error] 错误信息:controller not exists:app\controller\001010101010010110101011101010101101010111010101
[2026-03-04T14:48:25+08:00][error] 错误信息:controller not exists:app\controller\001010101010010110101011101010101101010111010101
[2026-03-04T14:48:39+08:00][error] 错误信息:controller not exists:app\controller\001010101010010110101011101010101101010111010101
[2026-03-04T14:48:52+08:00][error] 错误信息:controller not exists:app\controller\001010101010010110101011101010101101010111010101
[2026-03-04T14:49:06+08:00][error] 错误信息:controller not exists:app\controller\001010101010010110101011101010101101010111010101
[2026-03-04T14:49:14+08:00][error] 错误信息:controller not exists:app\controller\001010101010010110101011101010101101010111010101
[2026-03-04T14:49:27+08:00][error] 错误信息:controller not exists:app\controller\001010101010010110101011101010101101010111010101
[2026-03-04T14:49:39+08:00][error] 错误信息:controller not exists:app\controller\001010101010010110101011101010101101010111010101
[2026-03-04T14:49:40+08:00][error] 错误信息:controller not exists:app\controller\Lmips
[2026-03-04T14:50:03+08:00][error] 错误信息:controller not exists:app\controller\Larm5
[2026-03-04T14:50:15+08:00][error] 错误信息:controller not exists:app\controller\Larm7
[2026-03-04T14:50:24+08:00][error] 错误信息:controller not exists:app\controller\Gmips
[2026-03-04T14:50:47+08:00][error] 错误信息:controller not exists:app\controller\Xmips
[2026-03-04T14:50:52+08:00][error] 错误信息:controller not exists:app\controller\Rmpsl
[2026-03-04T14:51:06+08:00][error] 错误信息:controller not exists:app\controller\Lmpsl
[2026-03-04T14:51:16+08:00][error] 错误信息:controller not exists:app\controller\Harm7
[2026-03-04T14:51:28+08:00][error] 错误信息:controller not exists:app\controller\Larm4
[2026-03-04T14:51:44+08:00][error] 错误信息:controller not exists:app\controller\00101010101001
[2026-03-04T14:51:49+08:00][error] 错误信息:controller not exists:app\controller\00101010101001
[2026-03-04T14:51:55+08:00][error] 错误信息:controller not exists:app\controller\00101010101001
[2026-03-04T14:52:04+08:00][error] 错误信息:controller not exists:app\controller\00101010101001
[2026-03-04T14:52:21+08:00][error] 错误信息:controller not exists:app\controller\00101010101001
[2026-03-04T14:52:33+08:00][error] 错误信息:controller not exists:app\controller\00101010101001
[2026-03-04T14:52:51+08:00][error] 错误信息:controller not exists:app\controller\00101010101001
[2026-03-04T14:53:05+08:00][error] 错误信息:controller not exists:app\controller\00101010101001
[2026-03-04T14:53:12+08:00][error] 错误信息:controller not exists:app\controller\00101010101001
[2026-03-04T14:53:23+08:00][error] 错误信息:controller not exists:app\controller\00101010101001
[2026-03-04T14:53:33+08:00][error] 错误信息:controller not exists:app\controller\00101010101001
[2026-03-04T14:54:02+08:00][error] 错误信息:controller not exists:app\controller\00101010101001
[2026-03-04T14:54:08+08:00][error] 错误信息:controller not exists:app\controller\00101010101001
[2026-03-04T14:54:25+08:00][error] 错误信息:controller not exists:app\controller\00101010101001
[2026-03-04T14:54:29+08:00][error] 错误信息:controller not exists:app\controller\00101010101001
[2026-03-04T14:54:50+08:00][error] 错误信息:controller not exists:app\controller\00101010101001
[2026-03-04T14:54:54+08:00][error] 错误信息:controller not exists:app\controller\Bins
[2026-03-04T14:55:24+08:00][error] 错误信息:controller not exists:app\controller\Aarch64
[2026-03-04T14:55:40+08:00][error] 错误信息:controller not exists:app\controller\Csky
[2026-03-04T14:55:43+08:00][error] 错误信息:controller not exists:app\controller\Arc
[2026-03-04T14:56:04+08:00][error] 错误信息:controller not exists:app\controller\Harm4
[2026-03-04T14:56:07+08:00][error] 错误信息:controller not exists:app\controller\Harm5
[2026-03-04T14:56:44+08:00][error] 错误信息:controller not exists:app\controller\Gmpsl
[2026-03-04T14:56:50+08:00][error] 错误信息:controller not exists:app\controller\Hmips
[2026-03-04T14:57:11+08:00][error] 错误信息:controller not exists:app\controller\Armv7l
[2026-03-04T14:57:17+08:00][error] 错误信息:controller not exists:app\controller\Gompsl
[2026-03-04T14:57:25+08:00][error] 错误信息:controller not exists:app\controller\Garm7
[2026-03-04T14:57:47+08:00][error] 错误信息:controller not exists:app\controller\Systemcl
[2026-03-04T14:58:14+08:00][error] 错误信息:controller not exists:app\controller\Systemcl
[2026-03-04T14:58:32+08:00][error] 错误信息:controller not exists:app\controller\Systemcl
[2026-03-04T14:58:48+08:00][error] 错误信息:controller not exists:app\controller\Systemcl
[2026-03-04T14:59:01+08:00][error] 错误信息:controller not exists:app\controller\Systemcl
[2026-03-04T14:59:05+08:00][error] 错误信息:controller not exists:app\controller\Systemcl
[2026-03-04T14:59:26+08:00][error] 错误信息:controller not exists:app\controller\Systemcl
[2026-03-04T14:59:31+08:00][error] 错误信息:controller not exists:app\controller\Systemcl
[2026-03-04T15:00:09+08:00][error] 错误信息:controller not exists:app\controller\Systemcl
[2026-03-04T15:00:18+08:00][error] 错误信息:controller not exists:app\controller\Systemcl
[2026-03-04T15:00:36+08:00][error] 错误信息:controller not exists:app\controller\p\Txt
[2026-03-04T15:01:00+08:00][error] 错误信息:controller not exists:app\controller\Systemcl
[2026-03-04T15:01:08+08:00][error] 错误信息:controller not exists:app\controller\Systemcl
[2026-03-04T15:01:31+08:00][error] 错误信息:controller not exists:app\controller\Bins
[2026-03-04T15:02:00+08:00][error] 错误信息:controller not exists:app\controller\Bins
[2026-03-04T15:02:07+08:00][error] 错误信息:controller not exists:app\controller\Bins
[2026-03-04T15:02:34+08:00][error] 错误信息:controller not exists:app\controller\Bins
[2026-03-04T15:02:42+08:00][error] 错误信息:controller not exists:app\controller\Bins
[2026-03-04T15:02:56+08:00][error] 错误信息:controller not exists:app\controller\Bins
[2026-03-04T15:03:26+08:00][error] 错误信息:controller not exists:app\controller\Bins
[2026-03-04T15:03:31+08:00][error] 错误信息:controller not exists:app\controller\Bins
[2026-03-04T15:04:13+08:00][error] 错误信息:controller not exists:app\controller\Bins
[2026-03-04T15:04:22+08:00][error] 错误信息:controller not exists:app\controller\Bins
[2026-03-04T15:04:39+08:00][error] 错误信息:controller not exists:app\controller\I486
[2026-03-04T15:04:54+08:00][error] 错误信息:controller not exists:app\controller\Sshd
[2026-03-04T15:05:24+08:00][error] 错误信息:controller not exists:app\controller\Hiddenbin
[2026-03-04T15:05:42+08:00][error] 错误信息:controller not exists:app\controller\00101010101001
[2026-03-04T15:05:54+08:00][error] 错误信息:controller not exists:app\controller\Mozi\A
[2026-03-04T15:06:46+08:00][error] 错误信息:controller not exists:app\controller\Hiddenbin
[2026-03-04T15:07:02+08:00][error] 错误信息:controller not exists:app\controller\Hiddenbin
[2026-03-04T15:07:16+08:00][error] 错误信息:controller not exists:app\controller\Hiddenbin
[2026-03-04T15:07:40+08:00][error] 错误信息:controller not exists:app\controller\Hiddenbin
[2026-03-04T15:08:05+08:00][error] 错误信息:controller not exists:app\controller\Hiddenbin
[2026-03-04T15:08:29+08:00][error] 错误信息:controller not exists:app\controller\Hiddenbin
[2026-03-04T15:08:40+08:00][error] 错误信息:controller not exists:app\controller\Hiddenbin
[2026-03-04T15:09:10+08:00][error] 错误信息:controller not exists:app\controller\Hiddenbin
[2026-03-04T15:09:38+08:00][error] 错误信息:controller not exists:app\controller\001010101010010110101011101010101101010111010101
[2026-03-04T15:09:55+08:00][error] 错误信息:controller not exists:app\controller\Powerpc
[2026-03-04T15:10:26+08:00][error] 错误信息:controller not exists:app\controller\Hiddenbin
[2026-03-04T15:10:47+08:00][error] 错误信息:controller not exists:app\controller\Index
[2026-03-04T15:10:56+08:00][error] 错误信息:controller not exists:app\controller\Hiddenbin
[2026-03-04T15:11:07+08:00][error] 错误信息:controller not exists:app\controller\Hiddenbin
[2026-03-04T15:11:54+08:00][error] 错误信息:controller not exists:app\controller\Hiddenbin
[2026-03-04T15:12:20+08:00][error] 错误信息:controller not exists:app\controller\Hiddenbin
[2026-03-04T15:12:47+08:00][error] 错误信息:controller not exists:app\controller\Hiddenbin
[2026-03-04T15:13:10+08:00][error] 错误信息:controller not exists:app\controller\Hiddenbin
[2026-03-04T15:13:18+08:00][error] 错误信息:controller not exists:app\controller\Hiddenbin
[2026-03-04T15:14:06+08:00][error] 错误信息:controller not exists:app\controller\Hiddenbin
[2026-03-04T15:14:34+08:00][error] 错误信息:controller not exists:app\controller\Hiddenbin
[2026-03-04T15:14:57+08:00][error] 错误信息:controller not exists:app\controller\Hiddenbin
[2026-03-04T15:15:40+08:00][error] 错误信息:controller not exists:app\controller\rebirth\X86
[2026-03-04T15:16:32+08:00][error] 错误信息:controller not exists:app\controller\rebirth\Arm6
[2026-03-04T15:17:11+08:00][error] 错误信息:controller not exists:app\controller\596a96cc7bf9108cd896f33c44aedc8a
[2026-03-04T15:17:38+08:00][error] 错误信息:controller not exists:app\controller\a-r\m-7\SNOOPY
[2026-03-04T15:17:39+08:00][error] 错误信息:controller not exists:app\controller\Index
[2026-03-04T15:18:11+08:00][error] 错误信息:controller not exists:app\controller\596a96cc7bf9108cd896f33c44aedc8a
[2026-03-04T15:18:41+08:00][error] 错误信息:controller not exists:app\controller\i-5\8-6\SNOOPY
[2026-03-04T15:19:13+08:00][error] 错误信息:controller not exists:app\controller\596a96cc7bf9108cd896f33c44aedc8a
[2026-03-04T15:20:03+08:00][error] 错误信息:controller not exists:app\controller\a-r\m-5\SNOOPY
[2026-03-04T15:20:20+08:00][error] 错误信息:controller not exists:app\controller\596a96cc7bf9108cd896f33c44aedc8a
[2026-03-04T15:20:23+08:00][error] 错误信息:controller not exists:app\controller\596a96cc7bf9108cd896f33c44aedc8a
[2026-03-04T15:20:25+08:00][error] 错误信息:controller not exists:app\controller\596a96cc7bf9108cd896f33c44aedc8a
[2026-03-04T15:20:28+08:00][error] 错误信息:controller not exists:app\controller\596a96cc7bf9108cd896f33c44aedc8a
[2026-03-04T15:21:46+08:00][error] 错误信息:controller not exists:app\controller\596a96cc7bf9108cd896f33c44aedc8a
[2026-03-04T15:22:56+08:00][error] 错误信息:controller not exists:app\controller\596a96cc7bf9108cd896f33c44aedc8a
[2026-03-04T15:23:16+08:00][error] 错误信息:controller not exists:app\controller\s-h\4-\SNOOPY
[2026-03-04T15:23:53+08:00][error] 错误信息:controller not exists:app\controller\596a96cc7bf9108cd896f33c44aedc8a
[2026-03-04T15:24:14+08:00][error] 错误信息:controller not exists:app\controller\404
[2026-03-04T15:24:49+08:00][error] 错误信息:controller not exists:app\controller\596a96cc7bf9108cd896f33c44aedc8a
[2026-03-04T15:26:03+08:00][error] 错误信息:controller not exists:app\controller\SDK
[2026-03-04T15:26:09+08:00][error] 错误信息:controller not exists:app\controller\m-p\s-l\SNOOPY
[2026-03-04T15:27:10+08:00][error] 错误信息:controller not exists:app\controller\p-p\c-\SNOOPY
[2026-03-04T15:27:47+08:00][error] 错误信息:controller not exists:app\controller\m-6\8-k\SNOOPY
[2026-03-04T15:28:58+08:00][error] 错误信息:controller not exists:app\controller\x-8\6-\SNOOPY
[2026-03-04T15:29:36+08:00][error] 错误信息:controller not exists:app\controller\a-r\m-6\SNOOPY
[2026-03-04T15:30:50+08:00][error] 错误信息:controller not exists:app\controller\596a96cc7bf9108cd896f33c44aedc8a
[2026-03-04T15:31:08+08:00][error] 错误信息:controller not exists:app\controller\596a96cc7bf9108cd896f33c44aedc8a
[2026-03-04T15:32:48+08:00][error] 错误信息:controller not exists:app\controller\Index
[2026-03-04T15:32:57+08:00][error] 错误信息:controller not exists:app\controller\m-i\p-s\SNOOPY
[2026-03-04T15:34:29+08:00][error] 错误信息:controller not exists:app\controller\a-r\m-4\SNOOPY
[2026-03-04T15:34:59+08:00][error] 错误信息:controller not exists:app\controller\596a96cc7bf9108cd896f33c44aedc8a
[2026-03-04T15:36:45+08:00][error] 错误信息:controller not exists:app\controller\596a96cc7bf9108cd896f33c44aedc8a
[2026-03-04T15:36:56+08:00][error] 错误信息:controller not exists:app\controller\x-3\2-\SNOOPY
[2026-03-04T15:38:29+08:00][error] 错误信息:controller not exists:app\controller\Xmrig
[2026-03-04T15:40:52+08:00][error] 错误信息:controller not exists:app\controller\Ss
[2026-03-04T15:41:10+08:00][error] 错误信息:controller not exists:app\controller\Index
[2026-03-04T15:41:35+08:00][error] 错误信息:controller not exists:app\controller\bot\Arm6
[2026-03-04T15:41:38+08:00][error] 错误信息:controller not exists:app\controller\bot\Arm6
[2026-03-04T15:42:36+08:00][error] 错误信息:controller not exists:app\controller\bot\Mips
[2026-03-04T15:44:12+08:00][error] 错误信息:controller not exists:app\controller\bot\X8664
[2026-03-04T15:45:23+08:00][error] 错误信息:controller not exists:app\controller\bot\Ppc
[2026-03-04T15:45:27+08:00][error] 错误信息:controller not exists:app\controller\bot\Ppc
[2026-03-04T15:46:49+08:00][error] 错误信息:controller not exists:app\controller\bot\Sh4
[2026-03-04T15:48:56+08:00][error] 错误信息:controller not exists:app\controller\bot\Arm
[2026-03-04T15:50:21+08:00][error] 错误信息:controller not exists:app\controller\bot\Mpsl
[2026-03-04T15:51:21+08:00][error] 错误信息:controller not exists:app\controller\bot\Arm5
[2026-03-04T15:52:06+08:00][error] 错误信息:controller not exists:app\controller\bot\X86
[2026-03-04T15:53:19+08:00][error] 错误信息:controller not exists:app\controller\bot\Arm7
[2026-03-04T15:55:35+08:00][error] 错误信息:controller not exists:app\controller\Bins
[2026-03-04T15:55:41+08:00][error] 错误信息:controller not exists:app\controller\Bins
[2026-03-04T15:57:14+08:00][error] 错误信息:controller not exists:app\controller\Bins
[2026-03-04T15:58:48+08:00][error] 错误信息:controller not exists:app\controller\Bins
[2026-03-04T15:59:33+08:00][error] 错误信息:controller not exists:app\controller\Bins
[2026-03-04T16:00:49+08:00][error] 错误信息:controller not exists:app\controller\Bins
[2026-03-04T16:02:02+08:00][error] 错误信息:controller not exists:app\controller\Index
[2026-03-04T16:02:52+08:00][error] 错误信息:controller not exists:app\controller\Bins
[2026-03-04T16:03:16+08:00][error] 错误信息:controller not exists:app\controller\404
[2026-03-04T16:03:20+08:00][error] 错误信息:controller not exists:app\controller\Bins
[2026-03-04T16:04:26+08:00][error] 错误信息:controller not exists:app\controller\Index
[2026-03-04T16:05:35+08:00][error] 错误信息:controller not exists:app\controller\Bins
[2026-03-04T16:06:33+08:00][error] 错误信息:controller not exists:app\controller\Bins
[2026-03-04T16:07:20+08:00][error] 错误信息:controller not exists:app\controller\Bins
[2026-03-04T16:09:22+08:00][error] 错误信息:controller not exists:app\controller\Bins
[2026-03-04T16:11:03+08:00][error] 错误信息:controller not exists:app\controller\Index
[2026-03-04T16:11:30+08:00][error] 错误信息:controller not exists:app\controller\Bins
[2026-03-04T16:11:53+08:00][error] 错误信息:controller not exists:app\controller\Bins
[2026-03-04T16:13:15+08:00][error] 错误信息:controller not exists:app\controller\SDK
[2026-03-04T16:13:16+08:00][error] 错误信息:controller not exists:app\controller\Bins
[2026-03-04T16:14:52+08:00][error] 错误信息:controller not exists:app\controller\Systemcl
[2026-03-04T16:15:54+08:00][error] 错误信息:controller not exists:app\controller\Index
[2026-03-04T16:15:56+08:00][error] 错误信息:controller not exists:app\controller\bot\Sparc
[2026-03-04T16:17:23+08:00][error] 错误信息:controller not exists:app\controller\lol\Arm7
[2026-03-04T16:17:30+08:00][error] 错误信息:controller not exists:app\controller\Index
[2026-03-04T16:18:48+08:00][error] 错误信息:controller not exists:app\controller\lol\Arm5
[2026-03-04T16:20:08+08:00][error] 错误信息:controller not exists:app\controller\bot\Mipsel
[2026-03-04T16:21:36+08:00][error] 错误信息:controller not exists:app\controller\lol\Mpsl
[2026-03-04T16:22:48+08:00][error] 错误信息:controller not exists:app\controller\hello\World
[2026-03-04T16:22:48+08:00][error] 错误信息:controller not exists:app\controller\Index
[2026-03-04T16:22:48+08:00][error] 错误信息:controller not exists:app\controller\404
[2026-03-04T16:22:48+08:00][error] 错误信息:controller not exists:app\controller\404
[2026-03-04T16:22:48+08:00][error] 错误信息:controller not exists:app\controller\404
[2026-03-04T16:22:48+08:00][error] 错误信息:controller not exists:app\controller\404
[2026-03-04T16:22:48+08:00][error] 错误信息:controller not exists:app\controller\404
[2026-03-04T16:22:48+08:00][error] 错误信息:controller not exists:app\controller\404
[2026-03-04T16:22:49+08:00][error] 错误信息:controller not exists:app\controller\404
[2026-03-04T16:22:49+08:00][error] 错误信息:controller not exists:app\controller\404
[2026-03-04T16:22:49+08:00][error] 错误信息:controller not exists:app\controller\404
[2026-03-04T16:22:49+08:00][error] 错误信息:controller not exists:app\controller\404
[2026-03-04T16:22:49+08:00][error] 错误信息:controller not exists:app\controller\404
[2026-03-04T16:22:49+08:00][error] 错误信息:controller not exists:app\controller\404
[2026-03-04T16:22:49+08:00][error] 错误信息:controller not exists:app\controller\404
[2026-03-04T16:22:49+08:00][error] 错误信息:controller not exists:app\controller\404
[2026-03-04T16:22:49+08:00][error] 错误信息:controller not exists:app\controller\404
[2026-03-04T16:22:49+08:00][error] 错误信息:controller not exists:app\controller\404
[2026-03-04T16:22:50+08:00][error] 错误信息:controller not exists:app\controller\404
[2026-03-04T16:22:50+08:00][error] 错误信息:controller not exists:app\controller\404
[2026-03-04T16:22:50+08:00][error] 错误信息:controller not exists:app\controller\404
[2026-03-04T16:22:50+08:00][error] 错误信息:controller not exists:app\controller\404
[2026-03-04T16:22:50+08:00][error] 错误信息:controller not exists:app\controller\404
[2026-03-04T16:22:50+08:00][error] 错误信息:controller not exists:app\controller\404
[2026-03-04T16:22:50+08:00][error] 错误信息:controller not exists:app\controller\404
[2026-03-04T16:22:50+08:00][error] 错误信息:controller not exists:app\controller\404
[2026-03-04T16:22:50+08:00][error] 错误信息:controller not exists:app\controller\404
[2026-03-04T16:22:50+08:00][error] 错误信息:controller not exists:app\controller\404
[2026-03-04T16:22:51+08:00][error] 错误信息:controller not exists:app\controller\404
[2026-03-04T16:22:51+08:00][error] 错误信息:controller not exists:app\controller\404
[2026-03-04T16:22:51+08:00][error] 错误信息:controller not exists:app\controller\404
[2026-03-04T16:22:51+08:00][error] 错误信息:controller not exists:app\controller\404
[2026-03-04T16:22:51+08:00][error] 错误信息:controller not exists:app\controller\404
[2026-03-04T16:22:51+08:00][error] 错误信息:controller not exists:app\controller\404
[2026-03-04T16:22:51+08:00][error] 错误信息:controller not exists:app\controller\404
[2026-03-04T16:22:51+08:00][error] 错误信息:controller not exists:app\controller\404
[2026-03-04T16:22:51+08:00][error] 错误信息:controller not exists:app\controller\404
[2026-03-04T16:22:51+08:00][error] 错误信息:controller not exists:app\controller\404
[2026-03-04T16:22:52+08:00][error] 错误信息:controller not exists:app\controller\404
[2026-03-04T16:22:52+08:00][error] 错误信息:controller not exists:app\controller\Index
[2026-03-04T16:22:52+08:00][error] 错误信息:controller not exists:app\controller\404
[2026-03-04T16:22:52+08:00][error] 错误信息:controller not exists:app\controller\Index
[2026-03-04T16:22:52+08:00][error] 错误信息:controller not exists:app\controller\Index
[2026-03-04T16:22:52+08:00][error] 错误信息:controller not exists:app\controller\Containers
[2026-03-04T16:23:39+08:00][error] 错误信息:controller not exists:app\controller\kitty\M68k
[2026-03-04T16:24:24+08:00][error] 错误信息:controller not exists:app\controller\kitty\Armv5l
[2026-03-04T16:28:28+08:00][error] 错误信息:controller not exists:app\controller\kitty\Powerpc
[2026-03-04T16:30:06+08:00][error] 错误信息:controller not exists:app\controller\kitty\Mips
[2026-03-04T16:31:25+08:00][error] 错误信息:controller not exists:app\controller\Index
[2026-03-04T16:31:33+08:00][error] 错误信息:controller not exists:app\controller\kitty\Mipsel
[2026-03-04T16:33:14+08:00][error] 错误信息:controller not exists:app\controller\kitty\X8664
[2026-03-04T16:34:36+08:00][error] 错误信息:controller not exists:app\controller\kitty\Armv7l
[2026-03-04T16:36:40+08:00][error] 错误信息:controller not exists:app\controller\kitty\Powerpc64
[2026-03-04T16:37:16+08:00][error] 错误信息:controller not exists:app\controller\kitty\I686
[2026-03-04T16:38:55+08:00][error] 错误信息:controller not exists:app\controller\kitty\Armv6l
[2026-03-04T16:39:59+08:00][error] 错误信息:controller not exists:app\controller\Index
[2026-03-04T16:40:42+08:00][error] 错误信息:controller not exists:app\controller\kitty\I486
[2026-03-04T16:40:50+08:00][error] 错误信息:controller not exists:app\controller\Index
[2026-03-04T16:41:00+08:00][error] 错误信息:controller not exists:app\controller\security\Txt
[2026-03-04T16:41:01+08:00][error] 错误信息:controller not exists:app\controller\Iu5q2rqu3n
[2026-03-04T16:42:25+08:00][error] 错误信息:controller not exists:app\controller\Bins
[2026-03-04T16:43:38+08:00][error] 错误信息:controller not exists:app\controller\Bins
[2026-03-04T16:44:37+08:00][error] 错误信息:controller not exists:app\controller\L7vmra
[2026-03-04T16:46:23+08:00][error] 错误信息:controller not exists:app\controller\Bins
[2026-03-04T16:48:23+08:00][error] 错误信息:controller not exists:app\controller\Spim
[2026-03-04T16:49:15+08:00][error] 错误信息:controller not exists:app\controller\Bins
[2026-03-04T16:50:36+08:00][error] 错误信息:controller not exists:app\controller\MainArm5
[2026-03-04T16:50:48+08:00][error] 错误信息:controller not exists:app\controller\MainPpc
[2026-03-04T16:50:51+08:00][error] 错误信息:controller not exists:app\controller\MainPpc
[2026-03-04T16:52:24+08:00][error] 错误信息:controller not exists:app\controller\MainM68k
[2026-03-04T16:53:02+08:00][error] 错误信息:controller not exists:app\controller\MainArm7
[2026-03-04T16:53:22+08:00][error] 错误信息:controller not exists:app\controller\debug\Dbg
[2026-03-04T16:54:43+08:00][error] 错误信息:controller not exists:app\controller\MainArm6
[2026-03-04T16:55:28+08:00][error] 错误信息:controller not exists:app\controller\MainSpc
[2026-03-04T16:55:30+08:00][error] 错误信息:controller not exists:app\controller\MainX86
[2026-03-04T16:56:46+08:00][error] 错误信息:controller not exists:app\controller\MainX8664
[2026-03-04T16:56:57+08:00][error] 错误信息:controller not exists:app\controller\MainMips
[2026-03-04T16:57:29+08:00][error] 错误信息:controller not exists:app\controller\MainArm
[2026-03-04T16:58:09+08:00][error] 错误信息:controller not exists:app\controller\MainSh4
[2026-03-04T16:58:25+08:00][error] 错误信息:controller not exists:app\controller\Bins
[2026-03-04T16:59:11+08:00][error] 错误信息:controller not exists:app\controller\Debug
[2026-03-04T16:59:23+08:00][error] 错误信息:controller not exists:app\controller\Index
[2026-03-04T16:59:56+08:00][error] 错误信息:controller not exists:app\controller\morte\Arc
[2026-03-04T17:00:22+08:00][error] 错误信息:controller not exists:app\controller\morte\M68k
[2026-03-04T17:00:42+08:00][error] 错误信息:controller not exists:app\controller\Bins
[2026-03-04T17:00:58+08:00][error] 错误信息:controller not exists:app\controller\Bins
[2026-03-04T17:01:49+08:00][error] 错误信息:controller not exists:app\controller\Bins
[2026-03-04T17:02:16+08:00][error] 错误信息:controller not exists:app\controller\Bins
[2026-03-04T17:02:33+08:00][error] 错误信息:controller not exists:app\controller\morte\Arm5
[2026-03-04T17:03:05+08:00][error] 错误信息:controller not exists:app\controller\morte\X8664
[2026-03-04T17:03:27+08:00][error] 错误信息:controller not exists:app\controller\morte\Arm
[2026-03-04T17:04:19+08:00][error] 错误信息:controller not exists:app\controller\morte\X86
[2026-03-04T17:04:48+08:00][error] 错误信息:controller not exists:app\controller\morte\Arm6
[2026-03-04T17:05:15+08:00][error] 错误信息:controller not exists:app\controller\morte\Ppc
[2026-03-04T17:05:40+08:00][error] 错误信息:controller not exists:app\controller\morte\Arm7
[2026-03-04T17:05:55+08:00][error] 错误信息:controller not exists:app\controller\morte\Sh4
[2026-03-04T17:06:38+08:00][error] 错误信息:controller not exists:app\controller\morte\Mpsl
[2026-03-04T17:06:56+08:00][error] 错误信息:controller not exists:app\controller\morte\Spc
[2026-03-04T17:07:34+08:00][error] 错误信息:controller not exists:app\controller\morte\I686
[2026-03-04T17:07:56+08:00][error] 错误信息:controller not exists:app\controller\morte\Mips
[2026-03-04T17:08:22+08:00][error] 错误信息:controller not exists:app\controller\LjEZs
[2026-03-04T17:08:59+08:00][error] 错误信息:controller not exists:app\controller\LjEZs
[2026-03-04T17:09:22+08:00][error] 错误信息:controller not exists:app\controller\LjEZs
[2026-03-04T17:09:39+08:00][error] 错误信息:controller not exists:app\controller\LjEZs
[2026-03-04T17:09:55+08:00][error] 错误信息:controller not exists:app\controller\LjEZs
[2026-03-04T17:10:26+08:00][error] 错误信息:controller not exists:app\controller\LjEZs
[2026-03-04T17:10:43+08:00][error] 错误信息:controller not exists:app\controller\LjEZs
[2026-03-04T17:11:23+08:00][error] 错误信息:controller not exists:app\controller\LjEZs
[2026-03-04T17:12:02+08:00][error] 错误信息:controller not exists:app\controller\LjEZs
[2026-03-04T17:12:21+08:00][error] 错误信息:controller not exists:app\controller\arm\Nn
[2026-03-04T17:12:30+08:00][error] 错误信息:controller not exists:app\controller\arm5\Nn
[2026-03-04T17:12:57+08:00][error] 错误信息:controller not exists:app\controller\arm6\Nn
[2026-03-04T17:13:16+08:00][error] 错误信息:controller not exists:app\controller\MainMpsl
[2026-03-04T17:13:56+08:00][error] 错误信息:controller not exists:app\controller\Index
[2026-03-04T17:13:57+08:00][error] 错误信息:controller not exists:app\controller\bot\Spc
[2026-03-04T17:14:29+08:00][error] 错误信息:controller not exists:app\controller\LjEZs
[2026-03-04T17:14:59+08:00][error] 错误信息:controller not exists:app\controller\LjEZs
[2026-03-04T17:15:08+08:00][error] 错误信息:controller not exists:app\controller\LjEZs
[2026-03-04T17:15:27+08:00][error] 错误信息:controller not exists:app\controller\LjEZs
[2026-03-04T17:16:17+08:00][error] 错误信息:controller not exists:app\controller\arm7\Nn
[2026-03-04T17:16:29+08:00][error] 错误信息:controller not exists:app\controller\M68k68xxx
[2026-03-04T17:16:51+08:00][error] 错误信息:controller not exists:app\controller\a-r\m-4\Sakura
[2026-03-04T17:17:29+08:00][error] 错误信息:controller not exists:app\controller\Index
[2026-03-04T17:17:30+08:00][error] 错误信息:controller not exists:app\controller\Index
[2026-03-04T17:17:31+08:00][error] 错误信息:controller not exists:app\controller\Next
[2026-03-04T17:17:32+08:00][error] 错误信息:controller not exists:app\controller\Index
[2026-03-04T17:17:34+08:00][error] 错误信息:controller not exists:app\controller\Next
[2026-03-04T17:17:36+08:00][error] 错误信息:controller not exists:app\controller\m-p\s-l\Sakura
[2026-03-04T17:17:57+08:00][error] 错误信息:controller not exists:app\controller\a-r\m-6\Sakura
[2026-03-04T17:18:12+08:00][error] 错误信息:controller not exists:app\controller\m-6\8-k\Sakura
[2026-03-04T17:18:47+08:00][error] 错误信息:controller not exists:app\controller\m-i\p-s\Sakura
[2026-03-04T17:19:22+08:00][error] 错误信息:controller not exists:app\controller\x86_64\Dbg
[2026-03-04T17:19:50+08:00][error] 错误信息:controller not exists:app\controller\ShSh4
[2026-03-04T17:20:14+08:00][error] 错误信息:controller not exists:app\controller\Aarch64be
[2026-03-04T17:20:27+08:00][error] 错误信息:controller not exists:app\controller\Powerpc440fp
[2026-03-04T17:21:12+08:00][error] 错误信息:controller not exists:app\controller\Microblazebe
[2026-03-04T17:21:48+08:00][error] 错误信息:controller not exists:app\controller\Arcle750d
[2026-03-04T17:21:55+08:00][error] 错误信息:controller not exists:app\controller\X8664
[2026-03-04T17:22:17+08:00][error] 错误信息:controller not exists:app\controller\ArcleHs38
[2026-03-04T17:22:58+08:00][error] 错误信息:controller not exists:app\controller\Microblazeel
[2026-03-04T17:23:25+08:00][error] 错误信息:controller not exists:app\controller\p-p\c-\Sakura
[2026-03-04T17:23:42+08:00][error] 错误信息:controller not exists:app\controller\Index
[2026-03-04T17:23:57+08:00][error] 错误信息:controller not exists:app\controller\x-8\6-\Sakura
[2026-03-04T17:24:29+08:00][error] 错误信息:controller not exists:app\controller\a-r\m-5\Sakura
[2026-03-04T17:24:45+08:00][error] 错误信息:controller not exists:app\controller\i-5\8-6\Sakura
[2026-03-04T17:25:17+08:00][error] 错误信息:controller not exists:app\controller\x-3\2-\Sakura
[2026-03-04T17:25:48+08:00][error] 错误信息:controller not exists:app\controller\a-r\m-7\Sakura
[2026-03-04T17:26:18+08:00][error] 错误信息:controller not exists:app\controller\s-h\4-\Sakura
[2026-03-04T17:26:39+08:00][error] 错误信息:controller not exists:app\controller\Cnc
[2026-03-04T17:27:18+08:00][error] 错误信息:controller not exists:app\controller\Z
[2026-03-04T17:27:37+08:00][error] 错误信息:controller not exists:app\controller\Z
[2026-03-04T17:27:57+08:00][error] 错误信息:controller not exists:app\controller\Z
[2026-03-04T17:28:42+08:00][error] 错误信息:controller not exists:app\controller\Z
[2026-03-04T17:29:23+08:00][error] 错误信息:controller not exists:app\controller\Z
[2026-03-04T17:29:50+08:00][error] 错误信息:controller not exists:app\controller\Z
[2026-03-04T17:30:04+08:00][error] 错误信息:controller not exists:app\controller\Z
[2026-03-04T17:30:42+08:00][error] 错误信息:controller not exists:app\controller\Rtz
[2026-03-04T17:31:27+08:00][error] 错误信息:controller not exists:app\controller\Z
[2026-03-04T17:31:53+08:00][error] 错误信息:controller not exists:app\controller\Z
[2026-03-04T17:32:26+08:00][error] 错误信息:controller not exists:app\controller\Z
[2026-03-04T17:32:52+08:00][error] 错误信息:controller not exists:app\controller\Z
[2026-03-04T17:33:39+08:00][error] 错误信息:controller not exists:app\controller\Z
[2026-03-04T17:34:17+08:00][error] 错误信息:controller not exists:app\controller\Z
[2026-03-04T17:34:33+08:00][error] 错误信息:controller not exists:app\controller\Z
[2026-03-04T17:35:04+08:00][error] 错误信息:controller not exists:app\controller\Z
[2026-03-04T17:36:14+08:00][error] 错误信息:controller not exists:app\controller\Z
[2026-03-04T17:36:32+08:00][error] 错误信息:controller not exists:app\controller\Z
[2026-03-04T17:37:01+08:00][error] 错误信息:controller not exists:app\controller\Z
[2026-03-04T17:37:56+08:00][error] 错误信息:controller not exists:app\controller\Z
[2026-03-04T17:38:37+08:00][error] 错误信息:controller not exists:app\controller\Z
[2026-03-04T17:39:03+08:00][error] 错误信息:controller not exists:app\controller\Z
[2026-03-04T17:39:36+08:00][error] 错误信息:controller not exists:app\controller\Z
[2026-03-04T17:40:04+08:00][error] 错误信息:controller not exists:app\controller\Z
[2026-03-04T17:41:13+08:00][error] 错误信息:controller not exists:app\controller\Z
[2026-03-04T17:41:40+08:00][error] 错误信息:controller not exists:app\controller\Z
[2026-03-04T17:42:08+08:00][error] 错误信息:controller not exists:app\controller\Arm
[2026-03-04T17:43:19+08:00][error] 错误信息:controller not exists:app\controller\hanoi\X86
[2026-03-04T17:43:37+08:00][error] 错误信息:controller not exists:app\controller\rondo\I486
[2026-03-04T17:44:53+08:00][error] 错误信息:controller not exists:app\controller\rondo\Powerpc
[2026-03-04T17:45:15+08:00][error] 错误信息:controller not exists:app\controller\rondo\Mips
[2026-03-04T17:46:19+08:00][error] 错误信息:controller not exists:app\controller\rondo\Armv4l
[2026-03-04T17:46:44+08:00][error] 错误信息:controller not exists:app\controller\rondo\Fbsdi386
[2026-03-04T17:47:45+08:00][error] 错误信息:controller not exists:app\controller\rondo\M68k
[2026-03-04T17:48:01+08:00][error] 错误信息:controller not exists:app\controller\rondo\Arc700
[2026-03-04T17:48:04+08:00][error] 错误信息:controller not exists:app\controller\rondo\Arc700
[2026-03-04T17:49:28+08:00][error] 错误信息:controller not exists:app\controller\rondo\Mipsel
[2026-03-04T17:49:36+08:00][error] 错误信息:controller not exists:app\controller\rondo\Fbsdarm64
[2026-03-04T17:51:03+08:00][error] 错误信息:controller not exists:app\controller\rondo\X8664
[2026-03-04T17:51:39+08:00][error] 错误信息:controller not exists:app\controller\Index
[2026-03-04T17:52:03+08:00][error] 错误信息:controller not exists:app\controller\rondo\I586
[2026-03-04T17:52:22+08:00][error] 错误信息:controller not exists:app\controller\rondo\Fbsdamd64
[2026-03-04T17:52:57+08:00][error] 错误信息:controller not exists:app\controller\rondo\Sparc
[2026-03-04T17:54:00+08:00][error] 错误信息:controller not exists:app\controller\rondo\I686
[2026-03-04T17:55:01+08:00][error] 错误信息:controller not exists:app\controller\rondo\Armv7l
[2026-03-04T17:55:28+08:00][error] 错误信息:controller not exists:app\controller\rondo\Armv5l
[2026-03-04T17:56:54+08:00][error] 错误信息:controller not exists:app\controller\rondo\Fbsdpowerpc
[2026-03-04T17:57:22+08:00][error] 错误信息:controller not exists:app\controller\rondo\Sh4
[2026-03-04T17:58:08+08:00][error] 错误信息:controller not exists:app\controller\rondo\Armv6l
[2026-03-04T17:59:06+08:00][error] 错误信息:controller not exists:app\controller\Index
[2026-03-04T17:59:32+08:00][error] 错误信息:controller not exists:app\controller\rondo\Powerpc440fp
[2026-03-04T17:59:34+08:00][error] 错误信息:controller not exists:app\controller\rondo\Powerpc440fp
[2026-03-04T17:59:37+08:00][error] 错误信息:controller not exists:app\controller\rondo\Powerpc440fp
[2026-03-04T17:59:41+08:00][error] 错误信息:controller not exists:app\controller\rondo\Powerpc440fp
[2026-03-04T18:00:26+08:00][error] 错误信息:controller not exists:app\controller\Bins
[2026-03-04T18:01:02+08:00][error] 错误信息:controller not exists:app\controller\HBTs
[2026-03-04T18:01:10+08:00][error] 错误信息:controller not exists:app\controller\Index
[2026-03-04T18:02:10+08:00][error] 错误信息:controller not exists:app\controller\HBTs
[2026-03-04T18:02:26+08:00][error] 错误信息:controller not exists:app\controller\Index
[2026-03-04T18:02:35+08:00][error] 错误信息:controller not exists:app\controller\Bins
[2026-03-04T18:03:32+08:00][error] 错误信息:controller not exists:app\controller\Bins
[2026-03-04T18:04:20+08:00][error] 错误信息:controller not exists:app\controller\Bins
[2026-03-04T18:05:10+08:00][error] 错误信息:controller not exists:app\controller\Hiddenbin
[2026-03-04T18:05:13+08:00][error] 错误信息:controller not exists:app\controller\Hiddenbin
[2026-03-04T18:06:12+08:00][error] 错误信息:controller not exists:app\controller\Mips64
[2026-03-04T18:07:53+08:00][error] 错误信息:controller not exists:app\controller\Whoareyou
[2026-03-04T18:08:37+08:00][error] 错误信息:controller not exists:app\controller\Whoareyou
[2026-03-04T18:09:58+08:00][error] 错误信息:controller not exists:app\controller\Whoareyou
[2026-03-04T18:10:56+08:00][error] 错误信息:controller not exists:app\controller\Whoareyou
[2026-03-04T18:10:59+08:00][error] 错误信息:controller not exists:app\controller\Whoareyou
[2026-03-04T18:12:10+08:00][error] 错误信息:controller not exists:app\controller\Whoareyou
[2026-03-04T18:12:12+08:00][error] 错误信息:controller not exists:app\controller\Whoareyou
[2026-03-04T18:13:50+08:00][error] 错误信息:controller not exists:app\controller\Whoareyou
[2026-03-04T18:14:49+08:00][error] 错误信息:controller not exists:app\controller\Whoareyou
[2026-03-04T18:15:03+08:00][error] 错误信息:controller not exists:app\controller\Index
[2026-03-04T18:15:20+08:00][error] 错误信息:controller not exists:app\controller\Whoareyou
[2026-03-04T18:17:12+08:00][error] 错误信息:controller not exists:app\controller\Whoareyou
[2026-03-04T18:17:27+08:00][error] 错误信息:controller not exists:app\controller\Whoareyou
[2026-03-04T18:18:28+08:00][error] 错误信息:controller not exists:app\controller\Whoareyou
[2026-03-04T18:20:03+08:00][error] 错误信息:controller not exists:app\controller\Bins
[2026-03-04T18:21:11+08:00][error] 错误信息:controller not exists:app\controller\Bins
[2026-03-04T18:22:20+08:00][error] 错误信息:controller not exists:app\controller\Bins
[2026-03-04T18:22:50+08:00][error] 错误信息:controller not exists:app\controller\Bins
[2026-03-04T18:23:43+08:00][error] 错误信息:controller not exists:app\controller\Bins
[2026-03-04T18:24:51+08:00][error] 错误信息:controller not exists:app\controller\Bins
[2026-03-04T18:26:16+08:00][error] 错误信息:controller not exists:app\controller\Bins
[2026-03-04T18:26:47+08:00][error] 错误信息:controller not exists:app\controller\Bins
[2026-03-04T18:26:50+08:00][error] 错误信息:controller not exists:app\controller\Bins
[2026-03-04T18:26:53+08:00][error] 错误信息:controller not exists:app\controller\Bins
[2026-03-04T18:28:08+08:00][error] 错误信息:controller not exists:app\controller\Bins
[2026-03-04T18:29:41+08:00][error] 错误信息:controller not exists:app\controller\Bins
[2026-03-04T18:30:53+08:00][error] 错误信息:controller not exists:app\controller\Bins
[2026-03-04T18:30:56+08:00][error] 错误信息:controller not exists:app\controller\Bins
[2026-03-04T18:31:23+08:00][error] 错误信息:controller not exists:app\controller\SDK
[2026-03-04T18:31:55+08:00][error] 错误信息:controller not exists:app\controller\Bins
[2026-03-04T18:32:19+08:00][error] 错误信息:controller not exists:app\controller\Hiddenbin
[2026-03-04T18:33:02+08:00][error] 错误信息:controller not exists:app\controller\SDK
[2026-03-04T18:33:52+08:00][error] 错误信息:controller not exists:app\controller\HBTs
[2026-03-04T18:35:01+08:00][error] 错误信息:controller not exists:app\controller\HBTs
[2026-03-04T18:36:05+08:00][error] 错误信息:controller not exists:app\controller\HBTs
[2026-03-04T18:37:08+08:00][error] 错误信息:controller not exists:app\controller\HBTs
[2026-03-04T18:38:18+08:00][error] 错误信息:controller not exists:app\controller\HBTs
[2026-03-04T18:39:53+08:00][error] 错误信息:controller not exists:app\controller\HBTs
[2026-03-04T18:39:54+08:00][error] 错误信息:controller not exists:app\controller\Index
[2026-03-04T18:41:06+08:00][error] 错误信息:controller not exists:app\controller\Index
[2026-03-04T18:41:23+08:00][error] 错误信息:controller not exists:app\controller\HBTs
[2026-03-04T18:41:26+08:00][error] 错误信息:controller not exists:app\controller\HBTs
[2026-03-04T18:42:42+08:00][error] 错误信息:controller not exists:app\controller\HBTs
[2026-03-04T18:42:45+08:00][error] 错误信息:controller not exists:app\controller\HBTs
[2026-03-04T18:42:48+08:00][error] 错误信息:controller not exists:app\controller\HBTs
[2026-03-04T18:42:52+08:00][error] 错误信息:controller not exists:app\controller\HBTs
[2026-03-04T18:42:56+08:00][error] 错误信息:controller not exists:app\controller\HBTs
[2026-03-04T18:42:59+08:00][error] 错误信息:controller not exists:app\controller\HBTs
[2026-03-04T18:45:19+08:00][error] 错误信息:controller not exists:app\controller\HBTs
[2026-03-04T18:46:02+08:00][error] 错误信息:controller not exists:app\controller\Index
[2026-03-04T18:46:07+08:00][error] 错误信息:controller not exists:app\controller\HBTs
[2026-03-04T18:47:01+08:00][error] 错误信息:controller not exists:app\controller\HBTs
[2026-03-04T18:48:09+08:00][error] 错误信息:controller not exists:app\controller\m68k\Nn
[2026-03-04T18:48:12+08:00][error] 错误信息:controller not exists:app\controller\m68k\Nn
[2026-03-04T18:50:10+08:00][error] 错误信息:controller not exists:app\controller\mipsel\Nn
[2026-03-04T18:50:26+08:00][error] 错误信息:controller not exists:app\controller\x86_64\Nn
[2026-03-04T18:50:35+08:00][error] 错误信息:controller not exists:app\controller\x86_32\Nn
[2026-03-04T18:50:37+08:00][error] 错误信息:controller not exists:app\controller\sh4\Nn
[2026-03-04T18:50:46+08:00][error] 错误信息:controller not exists:app\controller\mips\Nn
[2026-03-04T18:50:55+08:00][error] 错误信息:controller not exists:app\controller\sparc\Nn
[2026-03-04T18:51:23+08:00][error] 错误信息:controller not exists:app\controller\powerpc\Nn
[2026-03-04T18:51:27+08:00][error] 错误信息:controller not exists:app\controller\Linux
[2026-03-04T18:51:37+08:00][error] 错误信息:controller not exists:app\controller\Huhu
[2026-03-04T18:51:50+08:00][error] 错误信息:controller not exists:app\controller\Huhu
[2026-03-04T18:51:59+08:00][error] 错误信息:controller not exists:app\controller\Bins
[2026-03-04T18:52:09+08:00][error] 错误信息:controller not exists:app\controller\Huhu
[2026-03-04T18:52:19+08:00][error] 错误信息:controller not exists:app\controller\Huhu
[2026-03-04T18:52:30+08:00][error] 错误信息:controller not exists:app\controller\Huhu
[2026-03-04T18:52:47+08:00][error] 错误信息:controller not exists:app\controller\Huhu
[2026-03-04T18:52:57+08:00][error] 错误信息:controller not exists:app\controller\Huhu
[2026-03-04T18:53:00+08:00][error] 错误信息:controller not exists:app\controller\Huhu
[2026-03-04T18:53:25+08:00][error] 错误信息:controller not exists:app\controller\Huhu
[2026-03-04T18:53:38+08:00][error] 错误信息:controller not exists:app\controller\Huhu
[2026-03-04T18:53:52+08:00][error] 错误信息:controller not exists:app\controller\Huhu
[2026-03-04T18:54:05+08:00][error] 错误信息:controller not exists:app\controller\Huhu
[2026-03-04T18:54:05+08:00][error] 错误信息:controller not exists:app\controller\Huhu
[2026-03-04T18:54:24+08:00][error] 错误信息:controller not exists:app\controller\Huhu
[2026-03-04T18:54:30+08:00][error] 错误信息:controller not exists:app\controller\Huhu
[2026-03-04T18:54:40+08:00][error] 错误信息:controller not exists:app\controller\Huhu
[2026-03-04T18:54:52+08:00][error] 错误信息:controller not exists:app\controller\0010101010100101101010111010101
[2026-03-04T18:55:03+08:00][error] 错误信息:controller not exists:app\controller\0010101010100101101010111010101
[2026-03-04T18:55:36+08:00][error] 错误信息:controller not exists:app\controller\0010101010100101101010111010101
[2026-03-04T18:55:48+08:00][error] 错误信息:controller not exists:app\controller\0010101010100101101010111010101
[2026-03-04T18:55:51+08:00][error] 错误信息:controller not exists:app\controller\0010101010100101101010111010101
[2026-03-04T18:56:12+08:00][error] 错误信息:controller not exists:app\controller\0010101010100101101010111010101
[2026-03-04T18:56:16+08:00][error] 错误信息:controller not exists:app\controller\0010101010100101101010111010101
[2026-03-04T18:56:27+08:00][error] 错误信息:controller not exists:app\controller\0010101010100101101010111010101
[2026-03-04T18:56:41+08:00][error] 错误信息:controller not exists:app\controller\0010101010100101101010111010101
[2026-03-04T18:56:49+08:00][error] 错误信息:controller not exists:app\controller\0010101010100101101010111010101
[2026-03-04T18:57:08+08:00][error] 错误信息:controller not exists:app\controller\0010101010100101101010111010101
[2026-03-04T18:57:13+08:00][error] 错误信息:controller not exists:app\controller\0010101010100101101010111010101
[2026-03-04T18:57:41+08:00][error] 错误信息:controller not exists:app\controller\0010101010100101101010111010101
[2026-03-04T18:58:04+08:00][error] 错误信息:controller not exists:app\controller\0010101010100101101010111010101
[2026-03-04T18:58:10+08:00][error] 错误信息:controller not exists:app\controller\Harm6
[2026-03-04T18:58:26+08:00][error] 错误信息:controller not exists:app\controller\phanes\Mips
[2026-03-04T18:58:30+08:00][error] 错误信息:controller not exists:app\controller\phanes\Arm6
[2026-03-04T18:58:49+08:00][error] 错误信息:controller not exists:app\controller\phanes\Arm7
[2026-03-04T18:59:00+08:00][error] 错误信息:controller not exists:app\controller\phanes\Mpsl
[2026-03-04T18:59:09+08:00][error] 错误信息:controller not exists:app\controller\phanes\Ppc
[2026-03-04T18:59:20+08:00][error] 错误信息:controller not exists:app\controller\phanes\X86
[2026-03-04T18:59:36+08:00][error] 错误信息:controller not exists:app\controller\phanes\Arm5
[2026-03-04T18:59:52+08:00][error] 错误信息:controller not exists:app\controller\phanes\Sh4
[2026-03-04T19:00:18+08:00][error] 错误信息:controller not exists:app\controller\phanes\Arm
[2026-03-04T19:00:33+08:00][error] 错误信息:controller not exists:app\controller\phanes\Arc
[2026-03-04T19:00:53+08:00][error] 错误信息:controller not exists:app\controller\Bins
[2026-03-04T19:00:54+08:00][error] 错误信息:controller not exists:app\controller\Index
[2026-03-04T19:00:58+08:00][error] 错误信息:controller not exists:app\controller\Bins
[2026-03-04T19:01:10+08:00][error] 错误信息:controller not exists:app\controller\lol\Arm
[2026-03-04T19:01:27+08:00][error] 错误信息:controller not exists:app\controller\lol\Mips
[2026-03-04T19:01:41+08:00][error] 错误信息:controller not exists:app\controller\J
[2026-03-04T19:01:53+08:00][error] 错误信息:controller not exists:app\controller\J
[2026-03-04T19:02:04+08:00][error] 错误信息:controller not exists:app\controller\J
[2026-03-04T19:02:40+08:00][error] 错误信息:controller not exists:app\controller\J
[2026-03-04T19:02:58+08:00][error] 错误信息:controller not exists:app\controller\J
[2026-03-04T19:03:04+08:00][error] 错误信息:controller not exists:app\controller\J
[2026-03-04T19:03:22+08:00][error] 错误信息:controller not exists:app\controller\J
[2026-03-04T19:03:31+08:00][error] 错误信息:controller not exists:app\controller\Ppc4fp
[2026-03-04T19:03:45+08:00][error] 错误信息:controller not exists:app\controller\Bins
[2026-03-04T19:03:56+08:00][error] 错误信息:controller not exists:app\controller\Bins
[2026-03-04T19:04:08+08:00][error] 错误信息:controller not exists:app\controller\Bins
[2026-03-04T19:04:26+08:00][error] 错误信息:controller not exists:app\controller\Bins
[2026-03-04T19:04:49+08:00][error] 错误信息:controller not exists:app\controller\Bins
[2026-03-04T19:05:12+08:00][error] 错误信息:controller not exists:app\controller\Bins
[2026-03-04T19:05:26+08:00][error] 错误信息:controller not exists:app\controller\Bins
[2026-03-04T19:05:47+08:00][error] 错误信息:controller not exists:app\controller\Bins
[2026-03-04T19:05:54+08:00][error] 错误信息:controller not exists:app\controller\Bins
[2026-03-04T19:06:21+08:00][error] 错误信息:controller not exists:app\controller\Bins
[2026-03-04T19:06:28+08:00][error] 错误信息:controller not exists:app\controller\Arm61
[2026-03-04T19:06:38+08:00][error] 错误信息:controller not exists:app\controller\Co
[2026-03-04T19:07:05+08:00][error] 错误信息:controller not exists:app\controller\Dss
[2026-03-04T19:07:08+08:00][error] 错误信息:controller not exists:app\controller\586
[2026-03-04T19:07:43+08:00][error] 错误信息:controller not exists:app\controller\Cron
[2026-03-04T19:08:01+08:00][error] 错误信息:controller not exists:app\controller\Katrina
[2026-03-04T19:08:11+08:00][error] 错误信息:controller not exists:app\controller\Rsyslogd
[2026-03-04T19:08:30+08:00][error] 错误信息:controller not exists:app\controller\Index
[2026-03-04T19:08:35+08:00][error] 错误信息:controller not exists:app\controller\System
[2026-03-04T19:08:42+08:00][error] 错误信息:controller not exists:app\controller\DbusDaemon
[2026-03-04T19:08:54+08:00][error] 错误信息:controller not exists:app\controller\Index
[2026-03-04T19:09:04+08:00][error] 错误信息:controller not exists:app\controller\Getty
[2026-03-04T19:09:16+08:00][error] 错误信息:controller not exists:app\controller\Agetty
[2026-03-04T19:09:37+08:00][error] 错误信息:controller not exists:app\controller\Ssh
[2026-03-04T19:09:57+08:00][error] 错误信息:controller not exists:app\controller\Telnetd
[2026-03-04T19:10:24+08:00][error] 错误信息:controller not exists:app\controller\Klogd
[2026-03-04T19:10:35+08:00][error] 错误信息:controller not exists:app\controller\Bns
[2026-03-04T19:10:47+08:00][error] 错误信息:controller not exists:app\controller\Bns
[2026-03-04T19:11:09+08:00][error] 错误信息:controller not exists:app\controller\Bns
[2026-03-04T19:11:28+08:00][error] 错误信息:controller not exists:app\controller\Bns
[2026-03-04T19:11:50+08:00][error] 错误信息:controller not exists:app\controller\Bns
[2026-03-04T19:11:53+08:00][error] 错误信息:controller not exists:app\controller\Bns
[2026-03-04T19:12:40+08:00][error] 错误信息:controller not exists:app\controller\Bns
[2026-03-04T19:12:51+08:00][error] 错误信息:controller not exists:app\controller\Bns
[2026-03-04T19:13:02+08:00][error] 错误信息:controller not exists:app\controller\Bns
[2026-03-04T19:13:18+08:00][error] 错误信息:controller not exists:app\controller\Bns
[2026-03-04T19:13:48+08:00][error] 错误信息:controller not exists:app\controller\Mig
[2026-03-04T19:13:50+08:00][error] 错误信息:controller not exists:app\controller\J
[2026-03-04T19:14:12+08:00][error] 错误信息:controller not exists:app\controller\J
[2026-03-04T19:14:23+08:00][error] 错误信息:controller not exists:app\controller\J
[2026-03-04T19:15:14+08:00][error] 错误信息:controller not exists:app\controller\J
[2026-03-04T19:15:30+08:00][error] 错误信息:controller not exists:app\controller\J
[2026-03-04T19:15:42+08:00][error] 错误信息:controller not exists:app\controller\J
[2026-03-04T19:15:54+08:00][error] 错误信息:controller not exists:app\controller\J
[2026-03-04T19:16:08+08:00][error] 错误信息:controller not exists:app\controller\Ntpd
[2026-03-04T19:16:24+08:00][error] 错误信息:controller not exists:app\controller\Openssh
[2026-03-04T19:16:50+08:00][error] 错误信息:controller not exists:app\controller\Wget
[2026-03-04T19:16:59+08:00][error] 错误信息:controller not exists:app\controller\Ftp
[2026-03-04T19:17:41+08:00][error] 错误信息:controller not exists:app\controller\Apache2
[2026-03-04T19:18:05+08:00][error] 错误信息:controller not exists:app\controller\Bash
[2026-03-04T19:18:23+08:00][error] 错误信息:controller not exists:app\controller\Tftp
[2026-03-04T19:18:39+08:00][error] 错误信息:controller not exists:app\controller\Pftp
[2026-03-04T19:18:45+08:00][error] 错误信息:controller not exists:app\controller\J
[2026-03-04T19:19:03+08:00][error] 错误信息:controller not exists:app\controller\J
[2026-03-04T19:19:29+08:00][error] 错误信息:controller not exists:app\controller\SDK
[2026-03-04T19:19:34+08:00][error] 错误信息:controller not exists:app\controller\J
[2026-03-04T19:19:43+08:00][error] 错误信息:controller not exists:app\controller\Update
[2026-03-04T19:20:25+08:00][error] 错误信息:controller not exists:app\controller\miraint\Arm5n
[2026-03-04T19:20:48+08:00][error] 错误信息:controller not exists:app\controller\mirai\Arm
[2026-03-04T19:20:55+08:00][error] 错误信息:controller not exists:app\controller\mirai\Mips
[2026-03-04T19:21:11+08:00][error] 错误信息:controller not exists:app\controller\Index
[2026-03-04T19:21:18+08:00][error] 错误信息:controller not exists:app\controller\mirai\X86
[2026-03-04T19:21:31+08:00][error] 错误信息:controller not exists:app\controller\mirai\Arm5n
[2026-03-04T19:21:48+08:00][error] 错误信息:controller not exists:app\controller\Vv
[2026-03-04T19:22:30+08:00][error] 错误信息:controller not exists:app\controller\Vv
[2026-03-04T19:22:43+08:00][error] 错误信息:controller not exists:app\controller\Vv
[2026-03-04T19:23:04+08:00][error] 错误信息:controller not exists:app\controller\Vv
[2026-03-04T19:23:34+08:00][error] 错误信息:controller not exists:app\controller\Vv
[2026-03-04T19:23:49+08:00][error] 错误信息:controller not exists:app\controller\Vv
[2026-03-04T19:23:57+08:00][error] 错误信息:controller not exists:app\controller\Vv
[2026-03-04T19:24:24+08:00][error] 错误信息:controller not exists:app\controller\Vv
[2026-03-04T19:24:31+08:00][error] 错误信息:controller not exists:app\controller\Index
[2026-03-04T19:24:35+08:00][error] 错误信息:controller not exists:app\controller\Vv
[2026-03-04T19:25:23+08:00][error] 错误信息:controller not exists:app\controller\Vv
[2026-03-04T19:25:33+08:00][error] 错误信息:controller not exists:app\controller\Vv
[2026-03-04T19:25:54+08:00][error] 错误信息:controller not exists:app\controller\Vv
[2026-03-04T19:26:07+08:00][error] 错误信息:controller not exists:app\controller\Vv
[2026-03-04T19:26:11+08:00][error] 错误信息:controller not exists:app\controller\Index
[2026-03-04T19:26:41+08:00][error] 错误信息:controller not exists:app\controller\010100110101010
[2026-03-04T19:27:00+08:00][error] 错误信息:controller not exists:app\controller\010100110101010
[2026-03-04T19:27:08+08:00][error] 错误信息:controller not exists:app\controller\010100110101010
[2026-03-04T19:27:58+08:00][error] 错误信息:controller not exists:app\controller\010100110101010
[2026-03-04T19:28:27+08:00][error] 错误信息:controller not exists:app\controller\010100110101010
[2026-03-04T19:28:49+08:00][error] 错误信息:controller not exists:app\controller\010100110101010
[2026-03-04T19:28:56+08:00][error] 错误信息:controller not exists:app\controller\010100110101010
[2026-03-04T19:29:11+08:00][error] 错误信息:controller not exists:app\controller\010100110101010
[2026-03-04T19:29:38+08:00][error] 错误信息:controller not exists:app\controller\010100110101010
[2026-03-04T19:30:08+08:00][error] 错误信息:controller not exists:app\controller\010100110101010
[2026-03-04T19:30:49+08:00][error] 错误信息:controller not exists:app\controller\010100110101010
[2026-03-04T19:30:54+08:00][error] 错误信息:controller not exists:app\controller\Index
[2026-03-04T19:31:01+08:00][error] 错误信息:controller not exists:app\controller\010100110101010
[2026-03-04T19:31:33+08:00][error] 错误信息:controller not exists:app\controller\010100110101010
[2026-03-04T19:31:51+08:00][error] 错误信息:controller not exists:app\controller\010100110101010
[2026-03-04T19:31:56+08:00][error] 错误信息:controller not exists:app\controller\010100110101010
[2026-03-04T19:32:19+08:00][error] 错误信息:controller not exists:app\controller\T
[2026-03-04T19:33:21+08:00][error] 错误信息:controller not exists:app\controller\fghe3tj\I686
[2026-03-04T19:33:32+08:00][error] 错误信息:controller not exists:app\controller\fghe3tj\X8664
[2026-03-04T19:34:05+08:00][error] 错误信息:controller not exists:app\controller\fghe3tj\Ppc
[2026-03-04T19:34:15+08:00][error] 错误信息:controller not exists:app\controller\fghe3tj\M68k
[2026-03-04T19:34:48+08:00][error] 错误信息:controller not exists:app\controller\fghe3tj\X86
[2026-03-04T19:35:41+08:00][error] 错误信息:controller not exists:app\controller\fghe3tj\Mips
[2026-03-04T19:36:12+08:00][error] 错误信息:controller not exists:app\controller\404
[2026-03-04T19:36:12+08:00][error] 错误信息:controller not exists:app\controller\404
[2026-03-04T19:36:17+08:00][error] 错误信息:controller not exists:app\controller\fghe3tj\Spc
[2026-03-04T19:36:31+08:00][error] 错误信息:controller not exists:app\controller\fghe3tj\Mpsl
[2026-03-04T19:37:06+08:00][error] 错误信息:controller not exists:app\controller\fghe3tj\Arc
[2026-03-04T19:37:26+08:00][error] 错误信息:controller not exists:app\controller\neon\I686
[2026-03-04T19:38:16+08:00][error] 错误信息:controller not exists:app\controller\Dwrioej
[2026-03-04T19:38:36+08:00][error] 错误信息:controller not exists:app\controller\Dwrioej
[2026-03-04T19:39:13+08:00][error] 错误信息:controller not exists:app\controller\Dwrioej
[2026-03-04T19:40:04+08:00][error] 错误信息:controller not exists:app\controller\Dwrioej
[2026-03-04T19:41:03+08:00][error] 错误信息:controller not exists:app\controller\Dwrioej
[2026-03-04T19:41:33+08:00][error] 错误信息:controller not exists:app\controller\Dwrioej
[2026-03-04T19:42:36+08:00][error] 错误信息:controller not exists:app\controller\Curl
[2026-03-04T19:43:07+08:00][error] 错误信息:controller not exists:app\controller\I
[2026-03-04T19:44:13+08:00][error] 错误信息:controller not exists:app\controller\Aqua\Arm6
[2026-03-04T19:45:51+08:00][error] 错误信息:controller not exists:app\controller\O
[2026-03-04T19:58:23+08:00][error] 错误信息:controller not exists:app\controller\Index
[2026-03-04T20:07:59+08:00][error] 错误信息:controller not exists:app\controller\SDK
[2026-03-04T20:09:19+08:00][error] 错误信息:controller not exists:app\controller\Index
[2026-03-04T20:11:13+08:00][error] 错误信息:controller not exists:app\controller\ETLW
[2026-03-04T20:11:19+08:00][error] 错误信息:controller not exists:app\controller\404
[2026-03-04T20:23:01+08:00][error] 错误信息:controller not exists:app\controller\Index
[2026-03-04T20:26:00+08:00][error] 错误信息:controller not exists:app\controller\Index
[2026-03-04T20:26:02+08:00][error] 错误信息:controller not exists:app\controller\404
[2026-03-04T20:26:05+08:00][error] 错误信息:controller not exists:app\controller\security\Txt
[2026-03-04T20:41:09+08:00][error] 错误信息:controller not exists:app\controller\Version
[2026-03-04T20:41:09+08:00][error] 错误信息:controller not exists:app\controller\Index
[2026-03-04T20:41:10+08:00][error] 错误信息:controller not exists:app\controller\Index
[2026-03-04T20:41:10+08:00][error] 错误信息:controller not exists:app\controller\V1
[2026-03-04T20:41:11+08:00][error] 错误信息:controller not exists:app\controller\Index
[2026-03-04T20:41:12+08:00][error] 错误信息:controller not exists:app\controller\Index
[2026-03-04T20:45:48+08:00][error] 错误信息:controller not exists:app\controller\CgiBin
[2026-03-04T20:45:49+08:00][error] 错误信息:controller not exists:app\controller\CgiBin
[2026-03-04T20:46:27+08:00][error] 错误信息:controller not exists:app\controller\Index
[2026-03-04T20:47:07+08:00][error] 错误信息:controller not exists:app\controller\Index
[2026-03-04T20:47:19+08:00][error] 错误信息:controller not exists:app\controller\Bins
[2026-03-04T20:47:35+08:00][error] 错误信息:controller not exists:app\controller\Bin
[2026-03-04T20:47:39+08:00][error] 错误信息:controller not exists:app\controller\I
[2026-03-04T20:47:51+08:00][error] 错误信息:controller not exists:app\controller\bin\Sh
[2026-03-04T20:47:57+08:00][error] 错误信息:controller not exists:app\controller\Bins
[2026-03-04T20:48:10+08:00][error] 错误信息:controller not exists:app\controller\Arm5
[2026-03-04T20:48:13+08:00][error] 错误信息:controller not exists:app\controller\Mpsl
[2026-03-04T20:48:25+08:00][error] 错误信息:controller not exists:app\controller\Arm
[2026-03-04T20:48:35+08:00][error] 错误信息:controller not exists:app\controller\Bins
[2026-03-04T20:48:43+08:00][error] 错误信息:controller not exists:app\controller\Bins
[2026-03-04T20:48:56+08:00][error] 错误信息:controller not exists:app\controller\Bins
[2026-03-04T20:49:06+08:00][error] 错误信息:controller not exists:app\controller\Bins
[2026-03-04T20:49:25+08:00][error] 错误信息:controller not exists:app\controller\Bins
[2026-03-04T20:49:31+08:00][error] 错误信息:controller not exists:app\controller\Bins
[2026-03-04T20:49:50+08:00][error] 错误信息:controller not exists:app\controller\X86
[2026-03-04T20:49:57+08:00][error] 错误信息:controller not exists:app\controller\Mips
[2026-03-04T20:50:01+08:00][error] 错误信息:controller not exists:app\controller\Bins
[2026-03-04T20:50:19+08:00][error] 错误信息:controller not exists:app\controller\Bins
[2026-03-04T20:50:28+08:00][error] 错误信息:controller not exists:app\controller\Bins
[2026-03-04T20:50:34+08:00][error] 错误信息:controller not exists:app\controller\Bins
[2026-03-04T20:50:51+08:00][error] 错误信息:controller not exists:app\controller\Mipsel
[2026-03-04T20:50:59+08:00][error] 错误信息:controller not exists:app\controller\Mozi\M
[2026-03-04T20:51:09+08:00][error] 错误信息:controller not exists:app\controller\Bins
[2026-03-04T20:51:13+08:00][error] 错误信息:controller not exists:app\controller\Sh
[2026-03-04T20:51:25+08:00][error] 错误信息:controller not exists:app\controller\Hiddenbin
[2026-03-04T20:51:26+08:00][error] 错误信息:controller not exists:app\controller\Index
[2026-03-04T20:51:43+08:00][error] 错误信息:controller not exists:app\controller\Armv4l
[2026-03-04T20:51:55+08:00][error] 错误信息:controller not exists:app\controller\resgod\Spc
[2026-03-04T20:52:02+08:00][error] 错误信息:controller not exists:app\controller\Hiddenbin
[2026-03-04T20:52:15+08:00][error] 错误信息:controller not exists:app\controller\Hiddenbin
[2026-03-04T20:52:21+08:00][error] 错误信息:controller not exists:app\controller\Index
[2026-03-04T20:52:34+08:00][error] 错误信息:controller not exists:app\controller\Hiddenbin
[2026-03-04T20:52:58+08:00][error] 错误信息:controller not exists:app\controller\resgod\M68k
[2026-03-04T20:53:01+08:00][error] 错误信息:controller not exists:app\controller\Hiddenbin
[2026-03-04T20:53:29+08:00][error] 错误信息:controller not exists:app\controller\Hiddenbin
[2026-03-04T20:53:33+08:00][error] 错误信息:controller not exists:app\controller\Bins
[2026-03-04T20:53:50+08:00][error] 错误信息:controller not exists:app\controller\Hiddenbin
[2026-03-04T20:53:58+08:00][error] 错误信息:controller not exists:app\controller\Hiddenbin
[2026-03-04T20:54:05+08:00][error] 错误信息:controller not exists:app\controller\Sparc
[2026-03-04T20:54:17+08:00][error] 错误信息:controller not exists:app\controller\Armv5l
[2026-03-04T20:54:28+08:00][error] 错误信息:controller not exists:app\controller\Armv6l
[2026-03-04T20:54:40+08:00][error] 错误信息:controller not exists:app\controller\I586
[2026-03-04T20:54:51+08:00][error] 错误信息:controller not exists:app\controller\Sh4
[2026-03-04T20:54:58+08:00][error] 错误信息:controller not exists:app\controller\Arm7
[2026-03-04T20:55:12+08:00][error] 错误信息:controller not exists:app\controller\X8664
[2026-03-04T20:55:31+08:00][error] 错误信息:controller not exists:app\controller\I686
[2026-03-04T20:55:34+08:00][error] 错误信息:controller not exists:app\controller\M68k
[2026-03-04T20:55:49+08:00][error] 错误信息:controller not exists:app\controller\Arm6
[2026-03-04T20:55:53+08:00][error] 错误信息:controller not exists:app\controller\Bins
[2026-03-04T20:56:13+08:00][error] 错误信息:controller not exists:app\controller\Bins
[2026-03-04T20:56:18+08:00][error] 错误信息:controller not exists:app\controller\Bins
[2026-03-04T20:56:37+08:00][error] 错误信息:controller not exists:app\controller\skid\Arm5
[2026-03-04T20:56:46+08:00][error] 错误信息:controller not exists:app\controller\Bins
[2026-03-04T20:56:55+08:00][error] 错误信息:controller not exists:app\controller\skid\Arm
[2026-03-04T20:57:13+08:00][error] 错误信息:controller not exists:app\controller\Bins
[2026-03-04T20:57:26+08:00][error] 错误信息:controller not exists:app\controller\Bins
[2026-03-04T20:57:41+08:00][error] 错误信息:controller not exists:app\controller\Bins
[2026-03-04T20:57:52+08:00][error] 错误信息:controller not exists:app\controller\Bins
[2026-03-04T20:58:10+08:00][error] 错误信息:controller not exists:app\controller\Spc
[2026-03-04T20:58:11+08:00][error] 错误信息:controller not exists:app\controller\Ppc
[2026-03-04T20:58:22+08:00][error] 错误信息:controller not exists:app\controller\Arm4
[2026-03-04T20:58:44+08:00][error] 错误信息:controller not exists:app\controller\skid\Mpsl
[2026-03-04T20:58:58+08:00][error] 错误信息:controller not exists:app\controller\skid\Mips
[2026-03-04T20:59:05+08:00][error] 错误信息:controller not exists:app\controller\skid\Arm7
[2026-03-04T20:59:16+08:00][error] 错误信息:controller not exists:app\controller\Index
[2026-03-04T20:59:29+08:00][error] 错误信息:controller not exists:app\controller\001010101010010110101011101010101101010111010101
[2026-03-04T20:59:31+08:00][error] 错误信息:controller not exists:app\controller\001010101010010110101011101010101101010111010101
[2026-03-04T20:59:43+08:00][error] 错误信息:controller not exists:app\controller\001010101010010110101011101010101101010111010101
[2026-03-04T21:00:06+08:00][error] 错误信息:controller not exists:app\controller\001010101010010110101011101010101101010111010101
[2026-03-04T21:00:16+08:00][error] 错误信息:controller not exists:app\controller\001010101010010110101011101010101101010111010101
[2026-03-04T21:00:32+08:00][error] 错误信息:controller not exists:app\controller\001010101010010110101011101010101101010111010101
[2026-03-04T21:00:53+08:00][error] 错误信息:controller not exists:app\controller\001010101010010110101011101010101101010111010101
[2026-03-04T21:01:04+08:00][error] 错误信息:controller not exists:app\controller\001010101010010110101011101010101101010111010101
[2026-03-04T21:01:14+08:00][error] 错误信息:controller not exists:app\controller\001010101010010110101011101010101101010111010101
[2026-03-04T21:01:30+08:00][error] 错误信息:controller not exists:app\controller\001010101010010110101011101010101101010111010101
[2026-03-04T21:01:50+08:00][error] 错误信息:controller not exists:app\controller\001010101010010110101011101010101101010111010101
[2026-03-04T21:02:00+08:00][error] 错误信息:controller not exists:app\controller\001010101010010110101011101010101101010111010101
[2026-03-04T21:02:04+08:00][error] 错误信息:controller not exists:app\controller\001010101010010110101011101010101101010111010101
[2026-03-04T21:02:23+08:00][error] 错误信息:controller not exists:app\controller\001010101010010110101011101010101101010111010101
[2026-03-04T21:02:32+08:00][error] 错误信息:controller not exists:app\controller\Lmips
[2026-03-04T21:02:55+08:00][error] 错误信息:controller not exists:app\controller\Larm5
[2026-03-04T21:03:07+08:00][error] 错误信息:controller not exists:app\controller\Larm7
[2026-03-04T21:03:18+08:00][error] 错误信息:controller not exists:app\controller\Gmips
[2026-03-04T21:03:38+08:00][error] 错误信息:controller not exists:app\controller\Xmips
[2026-03-04T21:03:42+08:00][error] 错误信息:controller not exists:app\controller\Rmpsl
[2026-03-04T21:04:12+08:00][error] 错误信息:controller not exists:app\controller\Lmpsl
[2026-03-04T21:04:29+08:00][error] 错误信息:controller not exists:app\controller\Harm7
[2026-03-04T21:04:30+08:00][error] 错误信息:controller not exists:app\controller\Larm4
[2026-03-04T21:04:55+08:00][error] 错误信息:controller not exists:app\controller\00101010101001
[2026-03-04T21:05:05+08:00][error] 错误信息:controller not exists:app\controller\00101010101001
[2026-03-04T21:05:28+08:00][error] 错误信息:controller not exists:app\controller\00101010101001
[2026-03-04T21:05:38+08:00][error] 错误信息:controller not exists:app\controller\00101010101001
[2026-03-04T21:05:56+08:00][error] 错误信息:controller not exists:app\controller\00101010101001
[2026-03-04T21:06:05+08:00][error] 错误信息:controller not exists:app\controller\00101010101001
[2026-03-04T21:06:27+08:00][error] 错误信息:controller not exists:app\controller\00101010101001
[2026-03-04T21:06:41+08:00][error] 错误信息:controller not exists:app\controller\00101010101001
[2026-03-04T21:07:05+08:00][error] 错误信息:controller not exists:app\controller\00101010101001
[2026-03-04T21:07:19+08:00][error] 错误信息:controller not exists:app\controller\00101010101001
[2026-03-04T21:07:32+08:00][error] 错误信息:controller not exists:app\controller\00101010101001
[2026-03-04T21:07:56+08:00][error] 错误信息:controller not exists:app\controller\00101010101001
[2026-03-04T21:08:01+08:00][error] 错误信息:controller not exists:app\controller\00101010101001
[2026-03-04T21:08:24+08:00][error] 错误信息:controller not exists:app\controller\00101010101001
[2026-03-04T21:08:53+08:00][error] 错误信息:controller not exists:app\controller\00101010101001
[2026-03-04T21:09:01+08:00][error] 错误信息:controller not exists:app\controller\Bins
[2026-03-04T21:09:22+08:00][error] 错误信息:controller not exists:app\controller\Aarch64
[2026-03-04T21:09:49+08:00][error] 错误信息:controller not exists:app\controller\Csky
[2026-03-04T21:10:06+08:00][error] 错误信息:controller not exists:app\controller\Arc
[2026-03-04T21:10:17+08:00][error] 错误信息:controller not exists:app\controller\Harm4
[2026-03-04T21:10:55+08:00][error] 错误信息:controller not exists:app\controller\Harm5
[2026-03-04T21:11:02+08:00][error] 错误信息:controller not exists:app\controller\Gmpsl
[2026-03-04T21:11:16+08:00][error] 错误信息:controller not exists:app\controller\Hmips
[2026-03-04T21:11:49+08:00][error] 错误信息:controller not exists:app\controller\Armv7l
[2026-03-04T21:11:58+08:00][error] 错误信息:controller not exists:app\controller\Gompsl
[2026-03-04T21:12:18+08:00][error] 错误信息:controller not exists:app\controller\Garm7
[2026-03-04T21:12:53+08:00][error] 错误信息:controller not exists:app\controller\Systemcl
[2026-03-04T21:13:06+08:00][error] 错误信息:controller not exists:app\controller\Systemcl
[2026-03-04T21:13:34+08:00][error] 错误信息:controller not exists:app\controller\Systemcl
[2026-03-04T21:13:43+08:00][error] 错误信息:controller not exists:app\controller\Systemcl
[2026-03-04T21:14:02+08:00][error] 错误信息:controller not exists:app\controller\Index
[2026-03-04T21:14:11+08:00][error] 错误信息:controller not exists:app\controller\Systemcl
[2026-03-04T21:14:35+08:00][error] 错误信息:controller not exists:app\controller\Systemcl
[2026-03-04T21:15:20+08:00][error] 错误信息:controller not exists:app\controller\Systemcl
[2026-03-04T21:15:35+08:00][error] 错误信息:controller not exists:app\controller\Systemcl
[2026-03-04T21:15:58+08:00][error] 错误信息:controller not exists:app\controller\Systemcl
[2026-03-04T21:16:02+08:00][error] 错误信息:controller not exists:app\controller\Index
[2026-03-04T21:16:06+08:00][error] 错误信息:controller not exists:app\controller\Systemcl
[2026-03-04T21:16:25+08:00][error] 错误信息:controller not exists:app\controller\p\Txt
[2026-03-04T21:16:59+08:00][error] 错误信息:controller not exists:app\controller\Index
[2026-03-04T21:17:09+08:00][error] 错误信息:controller not exists:app\controller\Systemcl
[2026-03-04T21:17:35+08:00][error] 错误信息:controller not exists:app\controller\Systemcl
[2026-03-04T21:18:02+08:00][error] 错误信息:controller not exists:app\controller\Bins
[2026-03-04T21:18:20+08:00][error] 错误信息:controller not exists:app\controller\Bins
[2026-03-04T21:18:45+08:00][error] 错误信息:controller not exists:app\controller\Bins
[2026-03-04T21:19:08+08:00][error] 错误信息:controller not exists:app\controller\Bins
[2026-03-04T21:19:25+08:00][error] 错误信息:controller not exists:app\controller\Bins
[2026-03-04T21:20:14+08:00][error] 错误信息:controller not exists:app\controller\Bins
[2026-03-04T21:20:52+08:00][error] 错误信息:controller not exists:app\controller\Bins
[2026-03-04T21:21:19+08:00][error] 错误信息:controller not exists:app\controller\Bins
[2026-03-04T21:21:35+08:00][error] 错误信息:controller not exists:app\controller\Bins
[2026-03-04T21:22:33+08:00][error] 错误信息:controller not exists:app\controller\Bins
[2026-03-04T21:22:54+08:00][error] 错误信息:controller not exists:app\controller\I486
[2026-03-04T21:23:17+08:00][error] 错误信息:controller not exists:app\controller\Sshd
[2026-03-04T21:24:12+08:00][error] 错误信息:controller not exists:app\controller\Hiddenbin
[2026-03-04T21:24:45+08:00][error] 错误信息:controller not exists:app\controller\00101010101001
[2026-03-04T21:25:14+08:00][error] 错误信息:controller not exists:app\controller\Mozi\A
[2026-03-04T21:25:53+08:00][error] 错误信息:controller not exists:app\controller\Hiddenbin
[2026-03-04T21:26:19+08:00][error] 错误信息:controller not exists:app\controller\Hiddenbin
[2026-03-04T21:26:55+08:00][error] 错误信息:controller not exists:app\controller\Hiddenbin
[2026-03-04T21:28:04+08:00][error] 错误信息:controller not exists:app\controller\Hiddenbin
[2026-03-04T21:28:45+08:00][error] 错误信息:controller not exists:app\controller\Hiddenbin
[2026-03-04T21:29:15+08:00][error] 错误信息:controller not exists:app\controller\Hiddenbin
[2026-03-04T21:29:33+08:00][error] 错误信息:controller not exists:app\controller\Hiddenbin
[2026-03-04T21:30:45+08:00][error] 错误信息:controller not exists:app\controller\Hiddenbin
[2026-03-04T21:31:44+08:00][error] 错误信息:controller not exists:app\controller\001010101010010110101011101010101101010111010101
[2026-03-04T21:32:13+08:00][error] 错误信息:controller not exists:app\controller\Powerpc
[2026-03-04T21:32:59+08:00][error] 错误信息:controller not exists:app\controller\Hiddenbin
[2026-03-04T21:33:43+08:00][error] 错误信息:controller not exists:app\controller\Hiddenbin
[2026-03-04T21:35:12+08:00][error] 错误信息:controller not exists:app\controller\Hiddenbin
[2026-03-04T21:35:47+08:00][error] 错误信息:controller not exists:app\controller\Hiddenbin
[2026-03-04T21:36:26+08:00][error] 错误信息:controller not exists:app\controller\Hiddenbin
[2026-03-04T21:37:23+08:00][error] 错误信息:controller not exists:app\controller\Hiddenbin
[2026-03-04T21:39:14+08:00][error] 错误信息:controller not exists:app\controller\Hiddenbin
[2026-03-04T21:40:00+08:00][error] 错误信息:controller not exists:app\controller\Hiddenbin
[2026-03-04T21:40:55+08:00][error] 错误信息:controller not exists:app\controller\Index
[2026-03-04T21:41:02+08:00][error] 错误信息:controller not exists:app\controller\Hiddenbin
[2026-03-04T21:41:36+08:00][error] 错误信息:controller not exists:app\controller\Index
[2026-03-04T21:42:45+08:00][error] 错误信息:controller not exists:app\controller\Hiddenbin
[2026-03-04T21:44:27+08:00][error] 错误信息:controller not exists:app\controller\Hiddenbin
[2026-03-04T21:44:58+08:00][error] 错误信息:controller not exists:app\controller\rebirth\X86
[2026-03-04T21:46:33+08:00][error] 错误信息:controller not exists:app\controller\rebirth\Arm6
[2026-03-04T21:46:36+08:00][error] 错误信息:controller not exists:app\controller\rebirth\Arm6
[2026-03-04T21:46:40+08:00][error] 错误信息:controller not exists:app\controller\rebirth\Arm6
[2026-03-04T21:46:43+08:00][error] 错误信息:controller not exists:app\controller\rebirth\Arm6
[2026-03-04T21:47:49+08:00][error] 错误信息:controller not exists:app\controller\596a96cc7bf9108cd896f33c44aedc8a
[2026-03-04T21:48:31+08:00][error] 错误信息:controller not exists:app\controller\a-r\m-7\SNOOPY
[2026-03-04T21:51:15+08:00][error] 错误信息:controller not exists:app\controller\596a96cc7bf9108cd896f33c44aedc8a
[2026-03-04T21:52:14+08:00][error] 错误信息:controller not exists:app\controller\i-5\8-6\SNOOPY
[2026-03-04T21:53:45+08:00][error] 错误信息:controller not exists:app\controller\596a96cc7bf9108cd896f33c44aedc8a
[2026-03-04T21:54:00+08:00][error] 错误信息:controller not exists:app\controller\a-r\m-5\SNOOPY
[2026-03-04T21:55:54+08:00][error] 错误信息:controller not exists:app\controller\596a96cc7bf9108cd896f33c44aedc8a
[2026-03-04T21:56:56+08:00][error] 错误信息:controller not exists:app\controller\596a96cc7bf9108cd896f33c44aedc8a
[2026-03-04T21:57:42+08:00][error] 错误信息:controller not exists:app\controller\Index
[2026-03-04T21:57:57+08:00][error] 错误信息:controller not exists:app\controller\596a96cc7bf9108cd896f33c44aedc8a
[2026-03-04T22:00:10+08:00][error] 错误信息:controller not exists:app\controller\596a96cc7bf9108cd896f33c44aedc8a
[2026-03-04T22:00:37+08:00][error] 错误信息:controller not exists:app\controller\s-h\4-\SNOOPY
[2026-03-04T22:02:37+08:00][error] 错误信息:controller not exists:app\controller\596a96cc7bf9108cd896f33c44aedc8a
[2026-03-04T22:03:10+08:00][error] 错误信息:controller not exists:app\controller\596a96cc7bf9108cd896f33c44aedc8a
[2026-03-04T22:05:19+08:00][error] 错误信息:controller not exists:app\controller\m-p\s-l\SNOOPY
[2026-03-04T22:06:38+08:00][error] 错误信息:controller not exists:app\controller\p-p\c-\SNOOPY
[2026-03-04T22:07:20+08:00][error] 错误信息:controller not exists:app\controller\Index
[2026-03-04T22:07:45+08:00][error] 错误信息:controller not exists:app\controller\m-6\8-k\SNOOPY
[2026-03-04T22:08:52+08:00][error] 错误信息:controller not exists:app\controller\x-8\6-\SNOOPY
[2026-03-04T22:10:57+08:00][error] 错误信息:controller not exists:app\controller\a-r\m-6\SNOOPY
[2026-03-04T22:11:26+08:00][error] 错误信息:controller not exists:app\controller\596a96cc7bf9108cd896f33c44aedc8a
[2026-03-04T22:12:22+08:00][error] 错误信息:controller not exists:app\controller\596a96cc7bf9108cd896f33c44aedc8a
[2026-03-04T22:12:45+08:00][error] 错误信息:controller not exists:app\controller\Index
[2026-03-04T22:14:56+08:00][error] 错误信息:controller not exists:app\controller\m-i\p-s\SNOOPY
[2026-03-04T22:15:45+08:00][error] 错误信息:controller not exists:app\controller\a-r\m-4\SNOOPY
[2026-03-04T22:17:51+08:00][error] 错误信息:controller not exists:app\controller\596a96cc7bf9108cd896f33c44aedc8a
[2026-03-04T22:19:10+08:00][error] 错误信息:controller not exists:app\controller\596a96cc7bf9108cd896f33c44aedc8a
[2026-03-04T22:20:34+08:00][error] 错误信息:controller not exists:app\controller\x-3\2-\SNOOPY
[2026-03-04T22:21:55+08:00][error] 错误信息:controller not exists:app\controller\Xmrig
[2026-03-04T22:22:37+08:00][error] 错误信息:controller not exists:app\controller\Ss
[2026-03-04T22:23:32+08:00][error] 错误信息:controller not exists:app\controller\bot\Arm6
[2026-03-04T22:25:29+08:00][error] 错误信息:controller not exists:app\controller\bot\Mips
[2026-03-04T22:25:33+08:00][error] 错误信息:controller not exists:app\controller\404
[2026-03-04T22:27:28+08:00][error] 错误信息:controller not exists:app\controller\bot\X8664
[2026-03-04T22:29:00+08:00][error] 错误信息:controller not exists:app\controller\bot\Ppc
[2026-03-04T22:30:03+08:00][error] 错误信息:controller not exists:app\controller\Index
[2026-03-04T22:30:15+08:00][error] 错误信息:controller not exists:app\controller\bot\Sh4
[2026-03-04T22:31:44+08:00][error] 错误信息:controller not exists:app\controller\bot\M68k
[2026-03-04T22:31:57+08:00][error] 错误信息:controller not exists:app\controller\Index
[2026-03-04T22:32:27+08:00][error] 错误信息:controller not exists:app\controller\bot\Arm
[2026-03-04T22:34:26+08:00][error] 错误信息:controller not exists:app\controller\bot\Mpsl
[2026-03-04T22:34:40+08:00][error] 错误信息:controller not exists:app\controller\404
[2026-03-04T22:34:40+08:00][error] 错误信息:controller not exists:app\controller\Backend
[2026-03-04T22:34:40+08:00][error] 错误信息:controller not exists:app\controller\Laravel
[2026-03-04T22:34:40+08:00][error] 错误信息:controller not exists:app\controller\404
[2026-03-04T22:34:40+08:00][error] 错误信息:controller not exists:app\controller\404
[2026-03-04T22:34:40+08:00][error] 错误信息:controller not exists:app\controller\Symfony
[2026-03-04T22:34:40+08:00][error] 错误信息:controller not exists:app\controller\Node
[2026-03-04T22:34:40+08:00][error] 错误信息:controller not exists:app\controller\Symfony
[2026-03-04T22:34:40+08:00][error] 错误信息:controller not exists:app\controller\404
[2026-03-04T22:34:40+08:00][error] 错误信息:controller not exists:app\controller\404
[2026-03-04T22:34:40+08:00][error] 错误信息:controller not exists:app\controller\404
[2026-03-04T22:34:40+08:00][error] 错误信息:controller not exists:app\controller\404
[2026-03-04T22:34:40+08:00][error] 错误信息:controller not exists:app\controller\404
[2026-03-04T22:34:40+08:00][error] 错误信息:controller not exists:app\controller\Www
[2026-03-04T22:34:40+08:00][error] 错误信息:controller not exists:app\controller\Django
[2026-03-04T22:34:40+08:00][error] 错误信息:controller not exists:app\controller\Django
[2026-03-04T22:34:40+08:00][error] 错误信息:controller not exists:app\controller\appsettings\Json
[2026-03-04T22:34:40+08:00][error] 错误信息:controller not exists:app\controller\Django
[2026-03-04T22:34:40+08:00][error] 错误信息:controller not exists:app\controller\Frontend
[2026-03-04T22:34:40+08:00][error] 错误信息:controller not exists:app\controller\Node
[2026-03-04T22:34:40+08:00][error] 错误信息:controller not exists:app\controller\404
[2026-03-04T22:34:40+08:00][error] 错误信息:controller not exists:app\controller\404
[2026-03-04T22:34:40+08:00][error] 错误信息:controller not exists:app\controller\404
[2026-03-04T22:34:40+08:00][error] 错误信息:controller not exists:app\controller\docker-compose\Yml
[2026-03-04T22:34:40+08:00][error] 错误信息:controller not exists:app\controller\404
[2026-03-04T22:34:40+08:00][error] 错误信息:controller not exists:app\controller\404
[2026-03-04T22:34:40+08:00][error] 错误信息:controller not exists:app\controller\docker-compose\override\Yml
[2026-03-04T22:34:40+08:00][error] 错误信息:controller not exists:app\controller\settings\Json
[2026-03-04T22:34:40+08:00][error] 错误信息:controller not exists:app\controller\404
[2026-03-04T22:34:40+08:00][error] 错误信息:controller not exists:app\controller\404
[2026-03-04T22:34:40+08:00][error] 错误信息:controller not exists:app\controller\404
[2026-03-04T22:34:40+08:00][error] 错误信息:controller not exists:app\controller\404
[2026-03-04T22:34:40+08:00][error] 错误信息:controller not exists:app\controller\auth\Json
[2026-03-04T22:34:40+08:00][error] 错误信息:controller not exists:app\controller\404
[2026-03-04T22:34:40+08:00][error] 错误信息:controller not exists:app\controller\docker\Env
[2026-03-04T22:34:40+08:00][error] 错误信息:controller not exists:app\controller\404
[2026-03-04T22:34:40+08:00][error] 错误信息:controller not exists:app\controller\config\Json
[2026-03-04T22:34:40+08:00][error] 错误信息:controller not exists:app\controller\Symfony
[2026-03-04T22:34:40+08:00][error] 错误信息:controller not exists:app\controller\Django
[2026-03-04T22:34:40+08:00][error] 错误信息:controller not exists:app\controller\404
[2026-03-04T22:34:40+08:00][error] 错误信息:controller not exists:app\controller\404
[2026-03-04T22:34:40+08:00][error] 错误信息:controller not exists:app\controller\404
[2026-03-04T22:34:40+08:00][error] 错误信息:controller not exists:app\controller\Html
[2026-03-04T22:34:40+08:00][error] 错误信息:controller not exists:app\controller\Node
[2026-03-04T22:34:40+08:00][error] 错误信息:controller not exists:app\controller\Api
[2026-03-04T22:34:40+08:00][error] 错误信息:controller not exists:app\controller\Public
[2026-03-04T22:34:40+08:00][error] 错误信息:controller not exists:app\controller\secrets\Json
[2026-03-04T22:34:40+08:00][error] 错误信息:controller not exists:app\controller\404
[2026-03-04T22:34:40+08:00][error] 错误信息:controller not exists:app\controller\credentials\Json
[2026-03-04T22:34:40+08:00][error] 错误信息:controller not exists:app\controller\App
[2026-03-04T22:34:40+08:00][error] 错误信息:controller not exists:app\controller\Node
[2026-03-04T22:36:28+08:00][error] 错误信息:controller not exists:app\controller\bot\Arm5
[2026-03-04T22:37:40+08:00][error] 错误信息:controller not exists:app\controller\bot\X86
[2026-03-04T22:39:52+08:00][error] 错误信息:controller not exists:app\controller\bot\Arm7
[2026-03-04T22:41:44+08:00][error] 错误信息:controller not exists:app\controller\Bins
[2026-03-04T22:43:08+08:00][error] 错误信息:controller not exists:app\controller\404
[2026-03-04T22:43:08+08:00][error] 错误信息:controller not exists:app\controller\404
[2026-03-04T22:43:09+08:00][error] 错误信息:controller not exists:app\controller\404
[2026-03-04T22:43:10+08:00][error] 错误信息:controller not exists:app\controller\404
[2026-03-04T22:43:11+08:00][error] 错误信息:controller not exists:app\controller\404
[2026-03-04T22:43:11+08:00][error] 错误信息:controller not exists:app\controller\404
[2026-03-04T22:43:11+08:00][error] 错误信息:controller not exists:app\controller\404
[2026-03-04T22:43:12+08:00][error] 错误信息:controller not exists:app\controller\404
[2026-03-04T22:43:13+08:00][error] 错误信息:controller not exists:app\controller\404
[2026-03-04T22:43:13+08:00][error] 错误信息:controller not exists:app\controller\404
[2026-03-04T22:43:14+08:00][error] 错误信息:controller not exists:app\controller\404
[2026-03-04T22:43:14+08:00][error] 错误信息:controller not exists:app\controller\404
[2026-03-04T22:43:14+08:00][error] 错误信息:controller not exists:app\controller\404
[2026-03-04T22:43:15+08:00][error] 错误信息:controller not exists:app\controller\404
[2026-03-04T22:43:15+08:00][error] 错误信息:controller not exists:app\controller\404
[2026-03-04T22:43:16+08:00][error] 错误信息:controller not exists:app\controller\404
[2026-03-04T22:43:17+08:00][error] 错误信息:controller not exists:app\controller\404
[2026-03-04T22:43:17+08:00][error] 错误信息:controller not exists:app\controller\404
[2026-03-04T22:43:17+08:00][error] 错误信息:controller not exists:app\controller\404
[2026-03-04T22:43:17+08:00][error] 错误信息:controller not exists:app\controller\404
[2026-03-04T22:43:18+08:00][error] 错误信息:controller not exists:app\controller\404
[2026-03-04T22:43:18+08:00][error] 错误信息:controller not exists:app\controller\404
[2026-03-04T22:43:18+08:00][error] 错误信息:controller not exists:app\controller\404
[2026-03-04T22:43:18+08:00][error] 错误信息:controller not exists:app\controller\404
[2026-03-04T22:43:19+08:00][error] 错误信息:controller not exists:app\controller\404
[2026-03-04T22:43:19+08:00][error] 错误信息:controller not exists:app\controller\404
[2026-03-04T22:43:19+08:00][error] 错误信息:controller not exists:app\controller\404
[2026-03-04T22:43:20+08:00][error] 错误信息:controller not exists:app\controller\404
[2026-03-04T22:43:20+08:00][error] 错误信息:controller not exists:app\controller\404
[2026-03-04T22:43:21+08:00][error] 错误信息:controller not exists:app\controller\404
[2026-03-04T22:43:21+08:00][error] 错误信息:controller not exists:app\controller\404
[2026-03-04T22:43:22+08:00][error] 错误信息:controller not exists:app\controller\404
[2026-03-04T22:43:22+08:00][error] 错误信息:controller not exists:app\controller\404
[2026-03-04T22:43:22+08:00][error] 错误信息:controller not exists:app\controller\404
[2026-03-04T22:43:23+08:00][error] 错误信息:controller not exists:app\controller\404
[2026-03-04T22:43:23+08:00][error] 错误信息:controller not exists:app\controller\404
[2026-03-04T22:43:24+08:00][error] 错误信息:controller not exists:app\controller\Bins
[2026-03-04T22:43:24+08:00][error] 错误信息:controller not exists:app\controller\404
[2026-03-04T22:43:25+08:00][error] 错误信息:controller not exists:app\controller\404
[2026-03-04T22:43:25+08:00][error] 错误信息:controller not exists:app\controller\404
[2026-03-04T22:43:25+08:00][error] 错误信息:controller not exists:app\controller\404
[2026-03-04T22:43:26+08:00][error] 错误信息:controller not exists:app\controller\404
[2026-03-04T22:43:26+08:00][error] 错误信息:controller not exists:app\controller\404
[2026-03-04T22:43:27+08:00][error] 错误信息:controller not exists:app\controller\404
[2026-03-04T22:43:27+08:00][error] 错误信息:controller not exists:app\controller\404
[2026-03-04T22:43:28+08:00][error] 错误信息:controller not exists:app\controller\404
[2026-03-04T22:43:28+08:00][error] 错误信息:controller not exists:app\controller\404
[2026-03-04T22:43:29+08:00][error] 错误信息:controller not exists:app\controller\404
[2026-03-04T22:43:30+08:00][error] 错误信息:controller not exists:app\controller\404
[2026-03-04T22:43:30+08:00][error] 错误信息:controller not exists:app\controller\404
[2026-03-04T22:43:30+08:00][error] 错误信息:controller not exists:app\controller\404
[2026-03-04T22:43:31+08:00][error] 错误信息:controller not exists:app\controller\404
[2026-03-04T22:43:32+08:00][error] 错误信息:controller not exists:app\controller\404
[2026-03-04T22:43:33+08:00][error] 错误信息:controller not exists:app\controller\404
[2026-03-04T22:43:33+08:00][error] 错误信息:controller not exists:app\controller\404
[2026-03-04T22:43:34+08:00][error] 错误信息:controller not exists:app\controller\404
[2026-03-04T22:45:39+08:00][error] 错误信息:controller not exists:app\controller\Bins
[2026-03-04T22:49:30+08:00][error] 错误信息:controller not exists:app\controller\Bins
[2026-03-04T22:51:46+08:00][error] 错误信息:controller not exists:app\controller\Index
[2026-03-04T22:52:01+08:00][error] 错误信息:controller not exists:app\controller\Bins
[2026-03-04T22:53:07+08:00][error] 错误信息:controller not exists:app\controller\Bins
[2026-03-04T22:54:50+08:00][error] 错误信息:controller not exists:app\controller\Bins
[2026-03-04T22:55:23+08:00][error] 错误信息:controller not exists:app\controller\Bins
[2026-03-04T22:56:34+08:00][error] 错误信息:controller not exists:app\controller\Index
[2026-03-04T22:56:52+08:00][error] 错误信息:controller not exists:app\controller\Bins
[2026-03-04T22:57:12+08:00][error] 错误信息:controller not exists:app\controller\Index
[2026-03-04T22:57:46+08:00][error] 错误信息:controller not exists:app\controller\Bins
[2026-03-04T22:59:26+08:00][error] 错误信息:controller not exists:app\controller\Bins
[2026-03-04T23:00:07+08:00][error] 错误信息:controller not exists:app\controller\Bins
[2026-03-04T23:01:52+08:00][error] 错误信息:controller not exists:app\controller\Bins
[2026-03-04T23:02:19+08:00][error] 错误信息:controller not exists:app\controller\Systemcl
[2026-03-04T23:03:58+08:00][error] 错误信息:controller not exists:app\controller\bot\Sparc
[2026-03-04T23:04:38+08:00][error] 错误信息:controller not exists:app\controller\lol\Arm7
[2026-03-04T23:05:26+08:00][error] 错误信息:controller not exists:app\controller\lol\Arm5
[2026-03-04T23:05:48+08:00][error] 错误信息:controller not exists:app\controller\bot\Mipsel
[2026-03-04T23:06:26+08:00][error] 错误信息:controller not exists:app\controller\lol\Mpsl
[2026-03-04T23:07:39+08:00][error] 错误信息:controller not exists:app\controller\kitty\M68k
[2026-03-04T23:08:14+08:00][error] 错误信息:controller not exists:app\controller\kitty\Armv5l
[2026-03-04T23:08:46+08:00][error] 错误信息:controller not exists:app\controller\kitty\Aarch64
[2026-03-04T23:09:43+08:00][error] 错误信息:controller not exists:app\controller\kitty\Powerpc
[2026-03-04T23:10:15+08:00][error] 错误信息:controller not exists:app\controller\kitty\Mips
[2026-03-04T23:10:52+08:00][error] 错误信息:controller not exists:app\controller\kitty\Mipsel
[2026-03-04T23:11:21+08:00][error] 错误信息:controller not exists:app\controller\kitty\X8664
[2026-03-04T23:11:56+08:00][error] 错误信息:controller not exists:app\controller\kitty\Armv7l
[2026-03-04T23:12:28+08:00][error] 错误信息:controller not exists:app\controller\kitty\Powerpc64
[2026-03-04T23:13:06+08:00][error] 错误信息:controller not exists:app\controller\kitty\I686
[2026-03-04T23:13:37+08:00][error] 错误信息:controller not exists:app\controller\kitty\Armv6l
[2026-03-04T23:14:05+08:00][error] 错误信息:controller not exists:app\controller\kitty\I486
[2026-03-04T23:14:27+08:00][error] 错误信息:controller not exists:app\controller\Bins
[2026-03-04T23:15:30+08:00][error] 错误信息:controller not exists:app\controller\Bins
[2026-03-04T23:15:54+08:00][error] 错误信息:controller not exists:app\controller\L7vmra
[2026-03-04T23:16:25+08:00][error] 错误信息:controller not exists:app\controller\Bins
[2026-03-04T23:16:41+08:00][error] 错误信息:controller not exists:app\controller\Bins
[2026-03-04T23:17:34+08:00][error] 错误信息:controller not exists:app\controller\Spim
[2026-03-04T23:17:59+08:00][error] 错误信息:controller not exists:app\controller\Bins
[2026-03-04T23:18:30+08:00][error] 错误信息:controller not exists:app\controller\MainArm5
[2026-03-04T23:19:03+08:00][error] 错误信息:controller not exists:app\controller\MainPpc
[2026-03-04T23:19:47+08:00][error] 错误信息:controller not exists:app\controller\MainM68k
[2026-03-04T23:20:06+08:00][error] 错误信息:controller not exists:app\controller\MainArm7
[2026-03-04T23:20:44+08:00][error] 错误信息:controller not exists:app\controller\debug\Dbg
[2026-03-04T23:21:04+08:00][error] 错误信息:controller not exists:app\controller\MainArm6
[2026-03-04T23:21:19+08:00][error] 错误信息:controller not exists:app\controller\MainSpc
[2026-03-04T23:22:06+08:00][error] 错误信息:controller not exists:app\controller\MainX86
[2026-03-04T23:22:41+08:00][error] 错误信息:controller not exists:app\controller\MainX8664
[2026-03-04T23:23:00+08:00][error] 错误信息:controller not exists:app\controller\MainMips
[2026-03-04T23:23:20+08:00][error] 错误信息:controller not exists:app\controller\MainArm
[2026-03-04T23:23:47+08:00][error] 错误信息:controller not exists:app\controller\MainSh4
[2026-03-04T23:24:44+08:00][error] 错误信息:controller not exists:app\controller\Bins
[2026-03-04T23:25:08+08:00][error] 错误信息:controller not exists:app\controller\Debug
[2026-03-04T23:25:17+08:00][error] 错误信息:controller not exists:app\controller\Index
[2026-03-04T23:25:44+08:00][error] 错误信息:controller not exists:app\controller\morte\Arc
[2026-03-04T23:25:49+08:00][error] 错误信息:controller not exists:app\controller\morte\M68k
[2026-03-04T23:26:31+08:00][error] 错误信息:controller not exists:app\controller\Bins
[2026-03-04T23:27:12+08:00][error] 错误信息:controller not exists:app\controller\Bins
[2026-03-04T23:27:42+08:00][error] 错误信息:controller not exists:app\controller\Bins
[2026-03-04T23:28:19+08:00][error] 错误信息:controller not exists:app\controller\Bins
[2026-03-04T23:28:44+08:00][error] 错误信息:controller not exists:app\controller\morte\Arm5
[2026-03-04T23:28:53+08:00][error] 错误信息:controller not exists:app\controller\morte\X8664
[2026-03-04T23:29:50+08:00][error] 错误信息:controller not exists:app\controller\morte\Arm
[2026-03-04T23:30:23+08:00][error] 错误信息:controller not exists:app\controller\morte\X86
[2026-03-04T23:30:42+08:00][error] 错误信息:controller not exists:app\controller\morte\Arm6
[2026-03-04T23:31:07+08:00][error] 错误信息:controller not exists:app\controller\morte\Ppc
[2026-03-04T23:32:04+08:00][error] 错误信息:controller not exists:app\controller\morte\Arm7
[2026-03-04T23:32:32+08:00][error] 错误信息:controller not exists:app\controller\morte\Sh4
[2026-03-04T23:33:02+08:00][error] 错误信息:controller not exists:app\controller\morte\Mpsl
[2026-03-04T23:33:23+08:00][error] 错误信息:controller not exists:app\controller\morte\Spc
[2026-03-04T23:33:48+08:00][error] 错误信息:controller not exists:app\controller\morte\I686
[2026-03-04T23:34:46+08:00][error] 错误信息:controller not exists:app\controller\morte\Mips
[2026-03-04T23:35:16+08:00][error] 错误信息:controller not exists:app\controller\LjEZs
[2026-03-04T23:35:46+08:00][error] 错误信息:controller not exists:app\controller\Bins
[2026-03-04T23:35:56+08:00][error] 错误信息:controller not exists:app\controller\LjEZs
[2026-03-04T23:36:25+08:00][error] 错误信息:controller not exists:app\controller\LjEZs
[2026-03-04T23:37:18+08:00][error] 错误信息:controller not exists:app\controller\LjEZs
[2026-03-04T23:37:39+08:00][error] 错误信息:controller not exists:app\controller\LjEZs
[2026-03-04T23:38:08+08:00][error] 错误信息:controller not exists:app\controller\LjEZs
[2026-03-04T23:38:47+08:00][error] 错误信息:controller not exists:app\controller\Index
[2026-03-04T23:38:47+08:00][error] 错误信息:controller not exists:app\controller\LjEZs
[2026-03-04T23:39:31+08:00][error] 错误信息:controller not exists:app\controller\LjEZs
[2026-03-04T23:40:11+08:00][error] 错误信息:controller not exists:app\controller\LjEZs
[2026-03-04T23:40:26+08:00][error] 错误信息:controller not exists:app\controller\arm\Nn
[2026-03-04T23:41:17+08:00][error] 错误信息:controller not exists:app\controller\arm5\Nn
[2026-03-04T23:42:19+08:00][error] 错误信息:controller not exists:app\controller\arm6\Nn
[2026-03-04T23:42:53+08:00][error] 错误信息:controller not exists:app\controller\MainMpsl
[2026-03-04T23:43:28+08:00][error] 错误信息:controller not exists:app\controller\bot\Spc
[2026-03-04T23:43:43+08:00][error] 错误信息:controller not exists:app\controller\LjEZs
[2026-03-04T23:44:49+08:00][error] 错误信息:controller not exists:app\controller\LjEZs
[2026-03-04T23:45:30+08:00][error] 错误信息:controller not exists:app\controller\LjEZs
[2026-03-04T23:46:11+08:00][error] 错误信息:controller not exists:app\controller\LjEZs
[2026-03-04T23:46:18+08:00][error] 错误信息:controller not exists:app\controller\arm7\Nn
[2026-03-04T23:47:30+08:00][error] 错误信息:controller not exists:app\controller\M68k68xxx
[2026-03-04T23:48:09+08:00][error] 错误信息:controller not exists:app\controller\a-r\m-4\Sakura
[2026-03-04T23:48:41+08:00][error] 错误信息:controller not exists:app\controller\m-p\s-l\Sakura
[2026-03-04T23:49:19+08:00][error] 错误信息:controller not exists:app\controller\a-r\m-6\Sakura
[2026-03-04T23:49:36+08:00][error] 错误信息:controller not exists:app\controller\Index
[2026-03-04T23:50:32+08:00][error] 错误信息:controller not exists:app\controller\m-6\8-k\Sakura
[2026-03-04T23:50:51+08:00][error] 错误信息:controller not exists:app\controller\m-i\p-s\Sakura
[2026-03-04T23:51:25+08:00][error] 错误信息:controller not exists:app\controller\x86_64\Dbg
[2026-03-04T23:53:02+08:00][error] 错误信息:controller not exists:app\controller\ShSh4
[2026-03-04T23:53:30+08:00][error] 错误信息:controller not exists:app\controller\Aarch64be
[2026-03-04T23:53:52+08:00][error] 错误信息:controller not exists:app\controller\Index
[2026-03-04T23:54:36+08:00][error] 错误信息:controller not exists:app\controller\Powerpc440fp
[2026-03-04T23:55:25+08:00][error] 错误信息:controller not exists:app\controller\Microblazebe
[2026-03-04T23:55:28+08:00][error] 错误信息:controller not exists:app\controller\Microblazebe
[2026-03-04T23:56:16+08:00][error] 错误信息:controller not exists:app\controller\Arcle750d
[2026-03-04T23:57:01+08:00][error] 错误信息:controller not exists:app\controller\X8664
[2026-03-04T23:57:15+08:00][error] 错误信息:controller not exists:app\controller\ArcleHs38
[2026-03-04T23:58:43+08:00][error] 错误信息:controller not exists:app\controller\Microblazeel
[2026-03-04T23:59:05+08:00][error] 错误信息:controller not exists:app\controller\p-p\c-\Sakura
[2026-03-04T23:59:50+08:00][error] 错误信息:controller not exists:app\controller\x-8\6-\Sakura
