[2026-03-05T00:00:33+08:00][error] 错误信息:controller not exists:app\controller\a-r\m-5\Sakura
[2026-03-05T00:02:10+08:00][error] 错误信息:controller not exists:app\controller\i-5\8-6\Sakura
[2026-03-05T00:02:56+08:00][error] 错误信息:controller not exists:app\controller\x-3\2-\Sakura
[2026-03-05T00:03:37+08:00][error] 错误信息:controller not exists:app\controller\a-r\m-7\Sakura
[2026-03-05T00:03:57+08:00][error] 错误信息:controller not exists:app\controller\s-h\4-\Sakura
[2026-03-05T00:05:07+08:00][error] 错误信息:controller not exists:app\controller\Cnc
[2026-03-05T00:05:55+08:00][error] 错误信息:controller not exists:app\controller\Z
[2026-03-05T00:06:57+08:00][error] 错误信息:controller not exists:app\controller\Z
[2026-03-05T00:08:25+08:00][error] 错误信息:controller not exists:app\controller\Z
[2026-03-05T00:08:48+08:00][error] 错误信息:controller not exists:app\controller\Z
[2026-03-05T00:09:57+08:00][error] 错误信息:controller not exists:app\controller\Z
[2026-03-05T00:11:18+08:00][error] 错误信息:controller not exists:app\controller\Z
[2026-03-05T00:11:21+08:00][error] 错误信息:controller not exists:app\controller\Z
[2026-03-05T00:13:07+08:00][error] 错误信息:controller not exists:app\controller\Rtz
[2026-03-05T00:14:06+08:00][error] 错误信息:controller not exists:app\controller\Z
[2026-03-05T00:14:55+08:00][error] 错误信息:controller not exists:app\controller\Z
[2026-03-05T00:15:18+08:00][error] 错误信息:controller not exists:app\controller\Z
[2026-03-05T00:16:02+08:00][error] 错误信息:controller not exists:app\controller\Z
[2026-03-05T00:17:02+08:00][error] 错误信息:controller not exists:app\controller\Z
[2026-03-05T00:17:34+08:00][error] 错误信息:controller not exists:app\controller\Index
[2026-03-05T00:18:06+08:00][error] 错误信息:controller not exists:app\controller\Z
[2026-03-05T00:18:09+08:00][error] 错误信息:controller not exists:app\controller\Z
[2026-03-05T00:18:47+08:00][error] 错误信息:controller not exists:app\controller\Z
[2026-03-05T00:20:21+08:00][error] 错误信息:controller not exists:app\controller\Z
[2026-03-05T00:21:37+08:00][error] 错误信息:controller not exists:app\controller\Z
[2026-03-05T00:22:52+08:00][error] 错误信息:controller not exists:app\controller\Z
[2026-03-05T00:23:09+08:00][error] 错误信息:controller not exists:app\controller\Z
[2026-03-05T00:24:06+08:00][error] 错误信息:controller not exists:app\controller\SDK
[2026-03-05T00:24:29+08:00][error] 错误信息:controller not exists:app\controller\Z
[2026-03-05T00:25:56+08:00][error] 错误信息:controller not exists:app\controller\Z
[2026-03-05T00:25:59+08:00][error] 错误信息:controller not exists:app\controller\Z
[2026-03-05T00:27:03+08:00][error] 错误信息:controller not exists:app\controller\Z
[2026-03-05T00:27:37+08:00][error] 错误信息:controller not exists:app\controller\Z
[2026-03-05T00:27:40+08:00][error] 错误信息:controller not exists:app\controller\Z
[2026-03-05T00:27:42+08:00][error] 错误信息:controller not exists:app\controller\Index
[2026-03-05T00:28:16+08:00][error] 错误信息:controller not exists:app\controller\Z
[2026-03-05T00:28:19+08:00][error] 错误信息:controller not exists:app\controller\Z
[2026-03-05T00:29:58+08:00][error] 错误信息:controller not exists:app\controller\Z
[2026-03-05T00:31:06+08:00][error] 错误信息:controller not exists:app\controller\Z
[2026-03-05T00:32:22+08:00][error] 错误信息:controller not exists:app\controller\Z
[2026-03-05T00:33:08+08:00][error] 错误信息:controller not exists:app\controller\Index
[2026-03-05T00:34:03+08:00][error] 错误信息:controller not exists:app\controller\Arm
[2026-03-05T00:34:06+08:00][error] 错误信息:controller not exists:app\controller\Arm
[2026-03-05T00:35:03+08:00][error] 错误信息:controller not exists:app\controller\hanoi\X86
[2026-03-05T00:35:43+08:00][error] 错误信息:controller not exists:app\controller\rondo\I486
[2026-03-05T00:37:07+08:00][error] 错误信息:controller not exists:app\controller\rondo\Powerpc
[2026-03-05T00:38:34+08:00][error] 错误信息:controller not exists:app\controller\rondo\Mips
[2026-03-05T00:39:29+08:00][error] 错误信息:controller not exists:app\controller\rondo\Armv4l
[2026-03-05T00:40:06+08:00][error] 错误信息:controller not exists:app\controller\rondo\Fbsdi386
[2026-03-05T00:41:26+08:00][error] 错误信息:controller not exists:app\controller\rondo\M68k
[2026-03-05T00:42:35+08:00][error] 错误信息:controller not exists:app\controller\rondo\Arc700
[2026-03-05T00:43:39+08:00][error] 错误信息:controller not exists:app\controller\Index
[2026-03-05T00:43:50+08:00][error] 错误信息:controller not exists:app\controller\rondo\Mipsel
[2026-03-05T00:45:18+08:00][error] 错误信息:controller not exists:app\controller\rondo\Fbsdarm64
[2026-03-05T00:46:15+08:00][error] 错误信息:controller not exists:app\controller\rondo\X8664
[2026-03-05T00:47:38+08:00][error] 错误信息:controller not exists:app\controller\Index
[2026-03-05T00:48:02+08:00][error] 错误信息:controller not exists:app\controller\rondo\I586
[2026-03-05T00:48:49+08:00][error] 错误信息:controller not exists:app\controller\rondo\Fbsdamd64
[2026-03-05T00:50:30+08:00][error] 错误信息:controller not exists:app\controller\rondo\Sparc
[2026-03-05T00:51:36+08:00][error] 错误信息:controller not exists:app\controller\rondo\I686
[2026-03-05T00:52:58+08:00][error] 错误信息:controller not exists:app\controller\rondo\Armv7l
[2026-03-05T00:53:01+08:00][error] 错误信息:controller not exists:app\controller\rondo\Armv7l
[2026-03-05T00:55:18+08:00][error] 错误信息:controller not exists:app\controller\rondo\Fbsdpowerpc
[2026-03-05T00:55:21+08:00][error] 错误信息:controller not exists:app\controller\rondo\Fbsdpowerpc
[2026-03-05T00:55:58+08:00][error] 错误信息:controller not exists:app\controller\rondo\Sh4
[2026-03-05T00:58:31+08:00][error] 错误信息:controller not exists:app\controller\rondo\Armv6l
[2026-03-05T00:58:32+08:00][error] 错误信息:controller not exists:app\controller\rondo\Powerpc440fp
[2026-03-05T00:58:35+08:00][error] 错误信息:controller not exists:app\controller\rondo\Armv6l
[2026-03-05T01:00:29+08:00][error] 错误信息:controller not exists:app\controller\Bins
[2026-03-05T01:01:35+08:00][error] 错误信息:controller not exists:app\controller\Index
[2026-03-05T01:01:36+08:00][error] 错误信息:controller not exists:app\controller\HBTs
[2026-03-05T01:02:44+08:00][error] 错误信息:controller not exists:app\controller\HBTs
[2026-03-05T01:04:01+08:00][error] 错误信息:controller not exists:app\controller\Bins
[2026-03-05T01:05:18+08:00][error] 错误信息:controller not exists:app\controller\Bins
[2026-03-05T01:06:21+08:00][error] 错误信息:controller not exists:app\controller\Bins
[2026-03-05T01:08:05+08:00][error] 错误信息:controller not exists:app\controller\Hiddenbin
[2026-03-05T01:09:22+08:00][error] 错误信息:controller not exists:app\controller\Mips64
[2026-03-05T01:09:33+08:00][error] 错误信息:controller not exists:app\controller\Whoareyou
[2026-03-05T01:09:36+08:00][error] 错误信息:controller not exists:app\controller\Whoareyou
[2026-03-05T01:10:52+08:00][error] 错误信息:controller not exists:app\controller\Index
[2026-03-05T01:11:01+08:00][error] 错误信息:controller not exists:app\controller\Whoareyou
[2026-03-05T01:11:06+08:00][error] 错误信息:controller not exists:app\controller\SDK
[2026-03-05T01:11:40+08:00][error] 错误信息:controller not exists:app\controller\Index
[2026-03-05T01:11:47+08:00][error] 错误信息:controller not exists:app\controller\Whoareyou
[2026-03-05T01:11:58+08:00][error] 错误信息:controller not exists:app\controller\Version
[2026-03-05T01:11:58+08:00][error] 错误信息:controller not exists:app\controller\Index
[2026-03-05T01:11:59+08:00][error] 错误信息:controller not exists:app\controller\Index
[2026-03-05T01:11:59+08:00][error] 错误信息:controller not exists:app\controller\V1
[2026-03-05T01:11:59+08:00][error] 错误信息:controller not exists:app\controller\Index
[2026-03-05T01:12:00+08:00][error] 错误信息:controller not exists:app\controller\Index
[2026-03-05T01:12:41+08:00][error] 错误信息:controller not exists:app\controller\Whoareyou
[2026-03-05T01:13:48+08:00][error] 错误信息:controller not exists:app\controller\Whoareyou
[2026-03-05T01:15:30+08:00][error] 错误信息:controller not exists:app\controller\Whoareyou
[2026-03-05T01:16:02+08:00][error] 错误信息:controller not exists:app\controller\Whoareyou
[2026-03-05T01:16:37+08:00][error] 错误信息:controller not exists:app\controller\Whoareyou
[2026-03-05T01:17:48+08:00][error] 错误信息:controller not exists:app\controller\Whoareyou
[2026-03-05T01:18:13+08:00][error] 错误信息:controller not exists:app\controller\Whoareyou
[2026-03-05T01:18:48+08:00][error] 错误信息:controller not exists:app\controller\Whoareyou
[2026-03-05T01:20:07+08:00][error] 错误信息:controller not exists:app\controller\Whoareyou
[2026-03-05T01:20:57+08:00][error] 错误信息:controller not exists:app\controller\Bins
[2026-03-05T01:21:13+08:00][error] 错误信息:controller not exists:app\controller\Bins
[2026-03-05T01:22:00+08:00][error] 错误信息:controller not exists:app\controller\Bins
[2026-03-05T01:22:43+08:00][error] 错误信息:controller not exists:app\controller\Bins
[2026-03-05T01:23:37+08:00][error] 错误信息:controller not exists:app\controller\Bins
[2026-03-05T01:24:24+08:00][error] 错误信息:controller not exists:app\controller\Bins
[2026-03-05T01:25:09+08:00][error] 错误信息:controller not exists:app\controller\Bins
[2026-03-05T01:25:44+08:00][error] 错误信息:controller not exists:app\controller\Bins
[2026-03-05T01:26:24+08:00][error] 错误信息:controller not exists:app\controller\Bins
[2026-03-05T01:26:59+08:00][error] 错误信息:controller not exists:app\controller\Bins
[2026-03-05T01:28:09+08:00][error] 错误信息:controller not exists:app\controller\Bins
[2026-03-05T01:28:56+08:00][error] 错误信息:controller not exists:app\controller\Bins
[2026-03-05T01:29:18+08:00][error] 错误信息:controller not exists:app\controller\Hiddenbin
[2026-03-05T01:30:01+08:00][error] 错误信息:controller not exists:app\controller\HBTs
[2026-03-05T01:30:12+08:00][error] 错误信息:controller not exists:app\controller\HBTs
[2026-03-05T01:31:01+08:00][error] 错误信息:controller not exists:app\controller\HBTs
[2026-03-05T01:31:48+08:00][error] 错误信息:controller not exists:app\controller\HBTs
[2026-03-05T01:32:19+08:00][error] 错误信息:controller not exists:app\controller\HBTs
[2026-03-05T01:33:13+08:00][error] 错误信息:controller not exists:app\controller\HBTs
[2026-03-05T01:34:01+08:00][error] 错误信息:controller not exists:app\controller\HBTs
[2026-03-05T01:34:18+08:00][error] 错误信息:controller not exists:app\controller\HBTs
[2026-03-05T01:35:09+08:00][error] 错误信息:controller not exists:app\controller\HBTs
[2026-03-05T01:35:34+08:00][error] 错误信息:controller not exists:app\controller\Index
[2026-03-05T01:36:02+08:00][error] 错误信息:controller not exists:app\controller\HBTs
[2026-03-05T01:36:23+08:00][error] 错误信息:controller not exists:app\controller\HBTs
[2026-03-05T01:36:56+08:00][error] 错误信息:controller not exists:app\controller\HBTs
[2026-03-05T01:37:11+08:00][error] 错误信息:controller not exists:app\controller\m68k\Nn
[2026-03-05T01:38:17+08:00][error] 错误信息:controller not exists:app\controller\mipsel\Nn
[2026-03-05T01:38:25+08:00][error] 错误信息:controller not exists:app\controller\Index
[2026-03-05T01:39:00+08:00][error] 错误信息:controller not exists:app\controller\x86_64\Nn
[2026-03-05T01:39:21+08:00][error] 错误信息:controller not exists:app\controller\x86_32\Nn
[2026-03-05T01:39:52+08:00][error] 错误信息:controller not exists:app\controller\sh4\Nn
[2026-03-05T01:40:27+08:00][error] 错误信息:controller not exists:app\controller\mips\Nn
[2026-03-05T01:41:12+08:00][error] 错误信息:controller not exists:app\controller\sparc\Nn
[2026-03-05T01:42:06+08:00][error] 错误信息:controller not exists:app\controller\powerpc\Nn
[2026-03-05T01:42:35+08:00][error] 错误信息:controller not exists:app\controller\Linux
[2026-03-05T01:43:29+08:00][error] 错误信息:controller not exists:app\controller\Huhu
[2026-03-05T01:44:03+08:00][error] 错误信息:controller not exists:app\controller\Huhu
[2026-03-05T01:44:50+08:00][error] 错误信息:controller not exists:app\controller\Bins
[2026-03-05T01:44:54+08:00][error] 错误信息:controller not exists:app\controller\Huhu
[2026-03-05T01:46:02+08:00][error] 错误信息:controller not exists:app\controller\Huhu
[2026-03-05T01:46:05+08:00][error] 错误信息:controller not exists:app\controller\Huhu
[2026-03-05T01:46:36+08:00][error] 错误信息:controller not exists:app\controller\Huhu
[2026-03-05T01:46:51+08:00][error] 错误信息:controller not exists:app\controller\Huhu
[2026-03-05T01:47:50+08:00][error] 错误信息:controller not exists:app\controller\Huhu
[2026-03-05T01:48:38+08:00][error] 错误信息:controller not exists:app\controller\Huhu
[2026-03-05T01:49:23+08:00][error] 错误信息:controller not exists:app\controller\Huhu
[2026-03-05T01:49:26+08:00][error] 错误信息:controller not exists:app\controller\Huhu
[2026-03-05T01:49:32+08:00][error] 错误信息:controller not exists:app\controller\Huhu
[2026-03-05T01:49:35+08:00][error] 错误信息:controller not exists:app\controller\Huhu
[2026-03-05T01:50:26+08:00][error] 错误信息:controller not exists:app\controller\Huhu
[2026-03-05T01:51:11+08:00][error] 错误信息:controller not exists:app\controller\Index
[2026-03-05T01:51:13+08:00][error] 错误信息:controller not exists:app\controller\Huhu
[2026-03-05T01:51:43+08:00][error] 错误信息:controller not exists:app\controller\Huhu
[2026-03-05T01:52:36+08:00][error] 错误信息:controller not exists:app\controller\Huhu
[2026-03-05T01:52:40+08:00][error] 错误信息:controller not exists:app\controller\Huhu
[2026-03-05T01:53:55+08:00][error] 错误信息:controller not exists:app\controller\Huhu
[2026-03-05T01:54:37+08:00][error] 错误信息:controller not exists:app\controller\0010101010100101101010111010101
[2026-03-05T01:54:55+08:00][error] 错误信息:controller not exists:app\controller\0010101010100101101010111010101
[2026-03-05T01:55:47+08:00][error] 错误信息:controller not exists:app\controller\0010101010100101101010111010101
[2026-03-05T01:56:43+08:00][error] 错误信息:controller not exists:app\controller\0010101010100101101010111010101
[2026-03-05T01:57:27+08:00][error] 错误信息:controller not exists:app\controller\0010101010100101101010111010101
[2026-03-05T01:57:43+08:00][error] 错误信息:controller not exists:app\controller\0010101010100101101010111010101
[2026-03-05T01:57:55+08:00][error] 错误信息:controller not exists:app\controller\SDK
[2026-03-05T01:58:17+08:00][error] 错误信息:controller not exists:app\controller\0010101010100101101010111010101
[2026-03-05T01:59:21+08:00][error] 错误信息:controller not exists:app\controller\0010101010100101101010111010101
[2026-03-05T02:00:15+08:00][error] 错误信息:controller not exists:app\controller\0010101010100101101010111010101
[2026-03-05T02:00:18+08:00][error] 错误信息:controller not exists:app\controller\0010101010100101101010111010101
[2026-03-05T02:01:02+08:00][error] 错误信息:controller not exists:app\controller\0010101010100101101010111010101
[2026-03-05T02:01:29+08:00][error] 错误信息:controller not exists:app\controller\0010101010100101101010111010101
[2026-03-05T02:02:18+08:00][error] 错误信息:controller not exists:app\controller\0010101010100101101010111010101
[2026-03-05T02:02:57+08:00][error] 错误信息:controller not exists:app\controller\0010101010100101101010111010101
[2026-03-05T02:03:25+08:00][error] 错误信息:controller not exists:app\controller\0010101010100101101010111010101
[2026-03-05T02:03:27+08:00][error] 错误信息:controller not exists:app\controller\0010101010100101101010111010101
[2026-03-05T02:03:57+08:00][error] 错误信息:controller not exists:app\controller\Index
[2026-03-05T02:04:20+08:00][error] 错误信息:controller not exists:app\controller\Harm6
[2026-03-05T02:04:44+08:00][error] 错误信息:controller not exists:app\controller\phanes\Mips
[2026-03-05T02:06:09+08:00][error] 错误信息:controller not exists:app\controller\phanes\Arm6
[2026-03-05T02:06:35+08:00][error] 错误信息:controller not exists:app\controller\phanes\Arm7
[2026-03-05T02:06:59+08:00][error] 错误信息:controller not exists:app\controller\phanes\Mpsl
[2026-03-05T02:08:05+08:00][error] 错误信息:controller not exists:app\controller\phanes\Ppc
[2026-03-05T02:08:08+08:00][error] 错误信息:controller not exists:app\controller\phanes\Ppc
[2026-03-05T02:08:55+08:00][error] 错误信息:controller not exists:app\controller\phanes\X86
[2026-03-05T02:09:37+08:00][error] 错误信息:controller not exists:app\controller\phanes\Arm5
[2026-03-05T02:09:40+08:00][error] 错误信息:controller not exists:app\controller\phanes\Arm5
[2026-03-05T02:10:16+08:00][error] 错误信息:controller not exists:app\controller\phanes\Sh4
[2026-03-05T02:10:37+08:00][error] 错误信息:controller not exists:app\controller\phanes\Arm
[2026-03-05T02:12:05+08:00][error] 错误信息:controller not exists:app\controller\phanes\Arc
[2026-03-05T02:12:34+08:00][error] 错误信息:controller not exists:app\controller\Index
[2026-03-05T02:12:34+08:00][error] 错误信息:controller not exists:app\controller\Index
[2026-03-05T02:12:35+08:00][error] 错误信息:controller not exists:app\controller\WpIncludes
[2026-03-05T02:12:35+08:00][error] 错误信息:controller not exists:app\controller\404
[2026-03-05T02:12:35+08:00][error] 错误信息:controller not exists:app\controller\Index
[2026-03-05T02:12:35+08:00][error] 错误信息:controller not exists:app\controller\Blog
[2026-03-05T02:12:35+08:00][error] 错误信息:controller not exists:app\controller\Web
[2026-03-05T02:12:35+08:00][error] 错误信息:controller not exists:app\controller\Wordpress
[2026-03-05T02:12:35+08:00][error] 错误信息:controller not exists:app\controller\Website
[2026-03-05T02:12:35+08:00][error] 错误信息:controller not exists:app\controller\Wp
[2026-03-05T02:12:35+08:00][error] 错误信息:controller not exists:app\controller\News
[2026-03-05T02:12:35+08:00][error] 错误信息:controller not exists:app\controller\2020
[2026-03-05T02:12:35+08:00][error] 错误信息:controller not exists:app\controller\2019
[2026-03-05T02:12:35+08:00][error] 错误信息:controller not exists:app\controller\Shop
[2026-03-05T02:12:35+08:00][error] 错误信息:controller not exists:app\controller\Wp1
[2026-03-05T02:12:35+08:00][error] 错误信息:controller not exists:app\controller\Test
[2026-03-05T02:12:35+08:00][error] 错误信息:controller not exists:app\controller\Wp2
[2026-03-05T02:12:35+08:00][error] 错误信息:controller not exists:app\controller\Site
[2026-03-05T02:12:35+08:00][error] 错误信息:controller not exists:app\controller\Cms
[2026-03-05T02:12:36+08:00][error] 错误信息:controller not exists:app\controller\Sito
[2026-03-05T02:12:44+08:00][error] 错误信息:controller not exists:app\controller\Bins
[2026-03-05T02:12:53+08:00][error] 错误信息:controller not exists:app\controller\Bins
[2026-03-05T02:14:13+08:00][error] 错误信息:controller not exists:app\controller\lol\Arm
[2026-03-05T02:14:32+08:00][error] 错误信息:controller not exists:app\controller\lol\Mips
[2026-03-05T02:15:36+08:00][error] 错误信息:controller not exists:app\controller\J
[2026-03-05T02:16:13+08:00][error] 错误信息:controller not exists:app\controller\Index
[2026-03-05T02:16:26+08:00][error] 错误信息:controller not exists:app\controller\J
[2026-03-05T02:17:12+08:00][error] 错误信息:controller not exists:app\controller\J
[2026-03-05T02:17:41+08:00][error] 错误信息:controller not exists:app\controller\J
[2026-03-05T02:18:03+08:00][error] 错误信息:controller not exists:app\controller\J
[2026-03-05T02:19:28+08:00][error] 错误信息:controller not exists:app\controller\J
[2026-03-05T02:20:08+08:00][error] 错误信息:controller not exists:app\controller\J
[2026-03-05T02:20:52+08:00][error] 错误信息:controller not exists:app\controller\Ppc4fp
[2026-03-05T02:21:27+08:00][error] 错误信息:controller not exists:app\controller\Bins
[2026-03-05T02:21:42+08:00][error] 错误信息:controller not exists:app\controller\Index
[2026-03-05T02:22:34+08:00][error] 错误信息:controller not exists:app\controller\Bins
[2026-03-05T02:22:41+08:00][error] 错误信息:controller not exists:app\controller\Bins
[2026-03-05T02:22:44+08:00][error] 错误信息:controller not exists:app\controller\Bins
[2026-03-05T02:24:06+08:00][error] 错误信息:controller not exists:app\controller\Bins
[2026-03-05T02:24:48+08:00][error] 错误信息:controller not exists:app\controller\404
[2026-03-05T02:24:53+08:00][error] 错误信息:controller not exists:app\controller\Bins
[2026-03-05T02:25:27+08:00][error] 错误信息:controller not exists:app\controller\Bins
[2026-03-05T02:26:03+08:00][error] 错误信息:controller not exists:app\controller\Bins
[2026-03-05T02:27:09+08:00][error] 错误信息:controller not exists:app\controller\Bins
[2026-03-05T02:27:41+08:00][error] 错误信息:controller not exists:app\controller\Index
[2026-03-05T02:28:19+08:00][error] 错误信息:controller not exists:app\controller\Bins
[2026-03-05T02:28:38+08:00][error] 错误信息:controller not exists:app\controller\Bins
[2026-03-05T02:29:54+08:00][error] 错误信息:controller not exists:app\controller\Arm61
[2026-03-05T02:30:25+08:00][error] 错误信息:controller not exists:app\controller\Co
[2026-03-05T02:32:55+08:00][error] 错误信息:controller not exists:app\controller\586
[2026-03-05T02:33:04+08:00][error] 错误信息:controller not exists:app\controller\Cron
[2026-03-05T02:33:06+08:00][error] 错误信息:controller not exists:app\controller\Cron
[2026-03-05T02:34:04+08:00][error] 错误信息:controller not exists:app\controller\Index
[2026-03-05T02:34:50+08:00][error] 错误信息:controller not exists:app\controller\Katrina
[2026-03-05T02:35:30+08:00][error] 错误信息:controller not exists:app\controller\Rsyslogd
[2026-03-05T02:35:58+08:00][error] 错误信息:controller not exists:app\controller\System
[2026-03-05T02:37:06+08:00][error] 错误信息:controller not exists:app\controller\DbusDaemon
[2026-03-05T02:37:49+08:00][error] 错误信息:controller not exists:app\controller\Getty
[2026-03-05T02:37:53+08:00][error] 错误信息:controller not exists:app\controller\Getty
[2026-03-05T02:38:59+08:00][error] 错误信息:controller not exists:app\controller\Agetty
[2026-03-05T02:39:01+08:00][error] 错误信息:controller not exists:app\controller\Agetty
[2026-03-05T02:40:24+08:00][error] 错误信息:controller not exists:app\controller\Ssh
[2026-03-05T02:41:01+08:00][error] 错误信息:controller not exists:app\controller\Telnetd
[2026-03-05T02:42:10+08:00][error] 错误信息:controller not exists:app\controller\Klogd
[2026-03-05T02:42:25+08:00][error] 错误信息:controller not exists:app\controller\Bns
[2026-03-05T02:44:01+08:00][error] 错误信息:controller not exists:app\controller\Bns
[2026-03-05T02:44:15+08:00][error] 错误信息:controller not exists:app\controller\Bns
[2026-03-05T02:44:18+08:00][error] 错误信息:controller not exists:app\controller\Bns
[2026-03-05T02:45:20+08:00][error] 错误信息:controller not exists:app\controller\Bns
[2026-03-05T02:46:36+08:00][error] 错误信息:controller not exists:app\controller\Bns
[2026-03-05T02:47:31+08:00][error] 错误信息:controller not exists:app\controller\Bns
[2026-03-05T02:48:40+08:00][error] 错误信息:controller not exists:app\controller\Bns
[2026-03-05T02:48:48+08:00][error] 错误信息:controller not exists:app\controller\Index
[2026-03-05T02:48:49+08:00][error] 错误信息:controller not exists:app\controller\Index
[2026-03-05T02:50:24+08:00][error] 错误信息:controller not exists:app\controller\Bns
[2026-03-05T02:50:58+08:00][error] 错误信息:controller not exists:app\controller\Bns
[2026-03-05T02:51:59+08:00][error] 错误信息:controller not exists:app\controller\Bns
[2026-03-05T02:52:31+08:00][error] 错误信息:controller not exists:app\controller\Mig
[2026-03-05T02:53:04+08:00][error] 错误信息:controller not exists:app\controller\Index
[2026-03-05T02:53:24+08:00][error] 错误信息:controller not exists:app\controller\J
[2026-03-05T02:55:16+08:00][error] 错误信息:controller not exists:app\controller\J
[2026-03-05T02:55:21+08:00][error] 错误信息:controller not exists:app\controller\J
[2026-03-05T02:56:03+08:00][error] 错误信息:controller not exists:app\controller\J
[2026-03-05T02:57:08+08:00][error] 错误信息:controller not exists:app\controller\J
[2026-03-05T02:57:47+08:00][error] 错误信息:controller not exists:app\controller\Bin
[2026-03-05T02:57:48+08:00][error] 错误信息:controller not exists:app\controller\J
[2026-03-05T02:58:48+08:00][error] 错误信息:controller not exists:app\controller\J
[2026-03-05T03:00:08+08:00][error] 错误信息:controller not exists:app\controller\J
[2026-03-05T03:01:20+08:00][error] 错误信息:controller not exists:app\controller\Ntpd
[2026-03-05T03:01:47+08:00][error] 错误信息:controller not exists:app\controller\Openssh
[2026-03-05T03:02:08+08:00][error] 错误信息:controller not exists:app\controller\Index
[2026-03-05T03:03:22+08:00][error] 错误信息:controller not exists:app\controller\Wget
[2026-03-05T03:03:25+08:00][error] 错误信息:controller not exists:app\controller\Wget
[2026-03-05T03:04:33+08:00][error] 错误信息:controller not exists:app\controller\Ftp
[2026-03-05T03:05:25+08:00][error] 错误信息:controller not exists:app\controller\Apache2
[2026-03-05T03:05:27+08:00][error] 错误信息:controller not exists:app\controller\Index
[2026-03-05T03:06:14+08:00][error] 错误信息:controller not exists:app\controller\Bash
[2026-03-05T03:07:35+08:00][error] 错误信息:controller not exists:app\controller\Tftp
[2026-03-05T03:09:05+08:00][error] 错误信息:controller not exists:app\controller\Pftp
[2026-03-05T03:09:45+08:00][error] 错误信息:controller not exists:app\controller\J
[2026-03-05T03:10:44+08:00][error] 错误信息:controller not exists:app\controller\J
[2026-03-05T03:11:49+08:00][error] 错误信息:controller not exists:app\controller\J
[2026-03-05T03:12:47+08:00][error] 错误信息:controller not exists:app\controller\Update
[2026-03-05T03:13:56+08:00][error] 错误信息:controller not exists:app\controller\miraint\Arm5n
[2026-03-05T03:14:45+08:00][error] 错误信息:controller not exists:app\controller\mirai\Arm
[2026-03-05T03:16:19+08:00][error] 错误信息:controller not exists:app\controller\mirai\Mips
[2026-03-05T03:17:45+08:00][error] 错误信息:controller not exists:app\controller\mirai\X86
[2026-03-05T03:17:59+08:00][error] 错误信息:controller not exists:app\controller\mirai\Arm5n
[2026-03-05T03:18:54+08:00][error] 错误信息:controller not exists:app\controller\Vv
[2026-03-05T03:21:53+08:00][error] 错误信息:controller not exists:app\controller\Vv
[2026-03-05T03:21:56+08:00][error] 错误信息:controller not exists:app\controller\Vv
[2026-03-05T03:22:16+08:00][error] 错误信息:controller not exists:app\controller\Vv
[2026-03-05T03:23:43+08:00][error] 错误信息:controller not exists:app\controller\Vv
[2026-03-05T03:24:30+08:00][error] 错误信息:controller not exists:app\controller\Index
[2026-03-05T03:24:36+08:00][error] 错误信息:controller not exists:app\controller\Vv
[2026-03-05T03:24:39+08:00][error] 错误信息:controller not exists:app\controller\Vv
[2026-03-05T03:25:30+08:00][error] 错误信息:controller not exists:app\controller\Vv
[2026-03-05T03:25:33+08:00][error] 错误信息:controller not exists:app\controller\Vv
[2026-03-05T03:27:03+08:00][error] 错误信息:controller not exists:app\controller\Vv
[2026-03-05T03:27:26+08:00][error] 错误信息:controller not exists:app\controller\Vv
[2026-03-05T03:27:56+08:00][error] 错误信息:controller not exists:app\controller\Index
[2026-03-05T03:28:02+08:00][error] 错误信息:controller not exists:app\controller\Index
[2026-03-05T03:28:21+08:00][error] 错误信息:controller not exists:app\controller\Vv
[2026-03-05T03:29:33+08:00][error] 错误信息:controller not exists:app\controller\Vv
[2026-03-05T03:29:37+08:00][error] 错误信息:controller not exists:app\controller\Vv
[2026-03-05T03:29:40+08:00][error] 错误信息:controller not exists:app\controller\Vv
[2026-03-05T03:29:43+08:00][error] 错误信息:controller not exists:app\controller\Vv
[2026-03-05T03:29:46+08:00][error] 错误信息:controller not exists:app\controller\Vv
[2026-03-05T03:30:38+08:00][error] 错误信息:controller not exists:app\controller\Vv
[2026-03-05T03:31:34+08:00][error] 错误信息:controller not exists:app\controller\Vv
[2026-03-05T03:32:57+08:00][error] 错误信息:controller not exists:app\controller\Index
[2026-03-05T03:33:00+08:00][error] 错误信息:controller not exists:app\controller\Index
[2026-03-05T03:33:46+08:00][error] 错误信息:controller not exists:app\controller\010100110101010
[2026-03-05T03:34:41+08:00][error] 错误信息:controller not exists:app\controller\010100110101010
[2026-03-05T03:34:59+08:00][error] 错误信息:controller not exists:app\controller\010100110101010
[2026-03-05T03:36:02+08:00][error] 错误信息:controller not exists:app\controller\010100110101010
[2026-03-05T03:37:39+08:00][error] 错误信息:controller not exists:app\controller\010100110101010
[2026-03-05T03:38:05+08:00][error] 错误信息:controller not exists:app\controller\010100110101010
[2026-03-05T03:39:24+08:00][error] 错误信息:controller not exists:app\controller\010100110101010
[2026-03-05T03:40:10+08:00][error] 错误信息:controller not exists:app\controller\010100110101010
[2026-03-05T03:40:58+08:00][error] 错误信息:controller not exists:app\controller\010100110101010
[2026-03-05T03:41:58+08:00][error] 错误信息:controller not exists:app\controller\010100110101010
[2026-03-05T03:42:26+08:00][error] 错误信息:controller not exists:app\controller\010100110101010
[2026-03-05T03:43:22+08:00][error] 错误信息:controller not exists:app\controller\010100110101010
[2026-03-05T03:43:35+08:00][error] 错误信息:controller not exists:app\controller\Index
[2026-03-05T03:43:43+08:00][error] 错误信息:controller not exists:app\controller\010100110101010
[2026-03-05T03:43:49+08:00][error] 错误信息:controller not exists:app\controller\404
[2026-03-05T03:43:57+08:00][error] 错误信息:controller not exists:app\controller\security\Txt
[2026-03-05T03:44:44+08:00][error] 错误信息:controller not exists:app\controller\Index
[2026-03-05T03:45:11+08:00][error] 错误信息:controller not exists:app\controller\010100110101010
[2026-03-05T03:45:12+08:00][error] 错误信息:controller not exists:app\controller\T
[2026-03-05T03:46:14+08:00][error] 错误信息:controller not exists:app\controller\fghe3tj\I686
[2026-03-05T03:46:17+08:00][error] 错误信息:controller not exists:app\controller\fghe3tj\I686
[2026-03-05T03:47:03+08:00][error] 错误信息:controller not exists:app\controller\fghe3tj\X8664
[2026-03-05T03:47:40+08:00][error] 错误信息:controller not exists:app\controller\fghe3tj\Ppc
[2026-03-05T03:47:56+08:00][error] 错误信息:controller not exists:app\controller\fghe3tj\M68k
[2026-03-05T03:48:45+08:00][error] 错误信息:controller not exists:app\controller\fghe3tj\X86
[2026-03-05T03:49:36+08:00][error] 错误信息:controller not exists:app\controller\fghe3tj\Mips
[2026-03-05T03:50:15+08:00][error] 错误信息:controller not exists:app\controller\hello\World
[2026-03-05T03:50:15+08:00][error] 错误信息:controller not exists:app\controller\Index
[2026-03-05T03:50:16+08:00][error] 错误信息:controller not exists:app\controller\404
[2026-03-05T03:50:16+08:00][error] 错误信息:controller not exists:app\controller\404
[2026-03-05T03:50:16+08:00][error] 错误信息:controller not exists:app\controller\404
[2026-03-05T03:50:16+08:00][error] 错误信息:controller not exists:app\controller\404
[2026-03-05T03:50:16+08:00][error] 错误信息:controller not exists:app\controller\404
[2026-03-05T03:50:17+08:00][error] 错误信息:controller not exists:app\controller\404
[2026-03-05T03:50:17+08:00][error] 错误信息:controller not exists:app\controller\404
[2026-03-05T03:50:17+08:00][error] 错误信息:controller not exists:app\controller\404
[2026-03-05T03:50:17+08:00][error] 错误信息:controller not exists:app\controller\404
[2026-03-05T03:50:17+08:00][error] 错误信息:controller not exists:app\controller\404
[2026-03-05T03:50:17+08:00][error] 错误信息:controller not exists:app\controller\404
[2026-03-05T03:50:18+08:00][error] 错误信息:controller not exists:app\controller\404
[2026-03-05T03:50:18+08:00][error] 错误信息:controller not exists:app\controller\404
[2026-03-05T03:50:18+08:00][error] 错误信息:controller not exists:app\controller\404
[2026-03-05T03:50:18+08:00][error] 错误信息:controller not exists:app\controller\404
[2026-03-05T03:50:18+08:00][error] 错误信息:controller not exists:app\controller\404
[2026-03-05T03:50:19+08:00][error] 错误信息:controller not exists:app\controller\404
[2026-03-05T03:50:19+08:00][error] 错误信息:controller not exists:app\controller\404
[2026-03-05T03:50:19+08:00][error] 错误信息:controller not exists:app\controller\404
[2026-03-05T03:50:19+08:00][error] 错误信息:controller not exists:app\controller\404
[2026-03-05T03:50:19+08:00][error] 错误信息:controller not exists:app\controller\404
[2026-03-05T03:50:20+08:00][error] 错误信息:controller not exists:app\controller\404
[2026-03-05T03:50:20+08:00][error] 错误信息:controller not exists:app\controller\404
[2026-03-05T03:50:20+08:00][error] 错误信息:controller not exists:app\controller\404
[2026-03-05T03:50:20+08:00][error] 错误信息:controller not exists:app\controller\404
[2026-03-05T03:50:20+08:00][error] 错误信息:controller not exists:app\controller\404
[2026-03-05T03:50:21+08:00][error] 错误信息:controller not exists:app\controller\404
[2026-03-05T03:50:21+08:00][error] 错误信息:controller not exists:app\controller\404
[2026-03-05T03:50:21+08:00][error] 错误信息:controller not exists:app\controller\404
[2026-03-05T03:50:21+08:00][error] 错误信息:controller not exists:app\controller\404
[2026-03-05T03:50:21+08:00][error] 错误信息:controller not exists:app\controller\404
[2026-03-05T03:50:21+08:00][error] 错误信息:controller not exists:app\controller\404
[2026-03-05T03:50:22+08:00][error] 错误信息:controller not exists:app\controller\404
[2026-03-05T03:50:22+08:00][error] 错误信息:controller not exists:app\controller\404
[2026-03-05T03:50:22+08:00][error] 错误信息:controller not exists:app\controller\404
[2026-03-05T03:50:22+08:00][error] 错误信息:controller not exists:app\controller\404
[2026-03-05T03:50:22+08:00][error] 错误信息:controller not exists:app\controller\404
[2026-03-05T03:50:23+08:00][error] 错误信息:controller not exists:app\controller\Index
[2026-03-05T03:50:23+08:00][error] 错误信息:controller not exists:app\controller\404
[2026-03-05T03:50:23+08:00][error] 错误信息:controller not exists:app\controller\Index
[2026-03-05T03:50:23+08:00][error] 错误信息:controller not exists:app\controller\Index
[2026-03-05T03:50:23+08:00][error] 错误信息:controller not exists:app\controller\Containers
[2026-03-05T03:50:37+08:00][error] 错误信息:controller not exists:app\controller\fghe3tj\Spc
[2026-03-05T03:50:54+08:00][error] 错误信息:controller not exists:app\controller\fghe3tj\Mpsl
[2026-03-05T03:51:52+08:00][error] 错误信息:controller not exists:app\controller\fghe3tj\Arc
[2026-03-05T03:52:54+08:00][error] 错误信息:controller not exists:app\controller\neon\I686
[2026-03-05T03:53:06+08:00][error] 错误信息:controller not exists:app\controller\Dwrioej
[2026-03-05T03:53:55+08:00][error] 错误信息:controller not exists:app\controller\Dwrioej
[2026-03-05T03:54:36+08:00][error] 错误信息:controller not exists:app\controller\Dwrioej
[2026-03-05T03:55:09+08:00][error] 错误信息:controller not exists:app\controller\Dwrioej
[2026-03-05T03:55:56+08:00][error] 错误信息:controller not exists:app\controller\Dwrioej
[2026-03-05T03:56:42+08:00][error] 错误信息:controller not exists:app\controller\Dwrioej
[2026-03-05T03:57:22+08:00][error] 错误信息:controller not exists:app\controller\Curl
[2026-03-05T03:57:51+08:00][error] 错误信息:controller not exists:app\controller\I
[2026-03-05T03:58:46+08:00][error] 错误信息:controller not exists:app\controller\Aqua\Arm6
[2026-03-05T04:02:00+08:00][error] 错误信息:controller not exists:app\controller\Index
[2026-03-05T04:02:48+08:00][error] 错误信息:controller not exists:app\controller\sitemap\Xml
[2026-03-05T04:03:17+08:00][error] 错误信息:controller not exists:app\controller\U3i4due8v4dkwwv
[2026-03-05T04:05:57+08:00][error] 错误信息:controller not exists:app\controller\Backup
[2026-03-05T04:10:35+08:00][error] 错误信息:controller not exists:app\controller\Index
[2026-03-05T04:24:17+08:00][error] 错误信息:controller not exists:app\controller\Index
[2026-03-05T04:29:55+08:00][error] 错误信息:controller not exists:app\controller\Index
[2026-03-05T04:34:39+08:00][error] 错误信息:controller not exists:app\controller\Index
[2026-03-05T04:35:33+08:00][error] 错误信息:controller not exists:app\controller\Index
[2026-03-05T04:36:21+08:00][error] 错误信息:controller not exists:app\controller\Index
[2026-03-05T04:46:25+08:00][error] 错误信息:controller not exists:app\controller\SDK
[2026-03-05T05:00:12+08:00][error] 错误信息:controller not exists:app\controller\Index
[2026-03-05T05:00:59+08:00][error] 错误信息:controller not exists:app\controller\Index
[2026-03-05T05:01:10+08:00][error] 错误信息:controller not exists:app\controller\Bins
[2026-03-05T05:01:19+08:00][error] 错误信息:controller not exists:app\controller\Bin
[2026-03-05T05:01:20+08:00][error] 错误信息:controller not exists:app\controller\I
[2026-03-05T05:01:33+08:00][error] 错误信息:controller not exists:app\controller\bin\Sh
[2026-03-05T05:01:41+08:00][error] 错误信息:controller not exists:app\controller\Bins
[2026-03-05T05:01:49+08:00][error] 错误信息:controller not exists:app\controller\Arm5
[2026-03-05T05:01:52+08:00][error] 错误信息:controller not exists:app\controller\Mpsl
[2026-03-05T05:02:07+08:00][error] 错误信息:controller not exists:app\controller\Arm
[2026-03-05T05:02:12+08:00][error] 错误信息:controller not exists:app\controller\Bins
[2026-03-05T05:02:17+08:00][error] 错误信息:controller not exists:app\controller\Bins
[2026-03-05T05:02:24+08:00][error] 错误信息:controller not exists:app\controller\Bins
[2026-03-05T05:02:33+08:00][error] 错误信息:controller not exists:app\controller\Bins
[2026-03-05T05:02:44+08:00][error] 错误信息:controller not exists:app\controller\Bins
[2026-03-05T05:02:55+08:00][error] 错误信息:controller not exists:app\controller\Bins
[2026-03-05T05:03:02+08:00][error] 错误信息:controller not exists:app\controller\X86
[2026-03-05T05:03:14+08:00][error] 错误信息:controller not exists:app\controller\Mips
[2026-03-05T05:03:20+08:00][error] 错误信息:controller not exists:app\controller\Bins
[2026-03-05T05:03:30+08:00][error] 错误信息:controller not exists:app\controller\Bins
[2026-03-05T05:03:40+08:00][error] 错误信息:controller not exists:app\controller\Bins
[2026-03-05T05:03:53+08:00][error] 错误信息:controller not exists:app\controller\Bins
[2026-03-05T05:03:55+08:00][error] 错误信息:controller not exists:app\controller\Mipsel
[2026-03-05T05:04:08+08:00][error] 错误信息:controller not exists:app\controller\Mozi\M
[2026-03-05T05:04:24+08:00][error] 错误信息:controller not exists:app\controller\Bins
[2026-03-05T05:04:27+08:00][error] 错误信息:controller not exists:app\controller\Sh
[2026-03-05T05:04:39+08:00][error] 错误信息:controller not exists:app\controller\Hiddenbin
[2026-03-05T05:04:44+08:00][error] 错误信息:controller not exists:app\controller\Armv4l
[2026-03-05T05:04:54+08:00][error] 错误信息:controller not exists:app\controller\resgod\Spc
[2026-03-05T05:05:10+08:00][error] 错误信息:controller not exists:app\controller\Hiddenbin
[2026-03-05T05:05:19+08:00][error] 错误信息:controller not exists:app\controller\Hiddenbin
[2026-03-05T05:05:28+08:00][error] 错误信息:controller not exists:app\controller\Hiddenbin
[2026-03-05T05:05:37+08:00][error] 错误信息:controller not exists:app\controller\Hiddenbin
[2026-03-05T05:05:44+08:00][error] 错误信息:controller not exists:app\controller\Hiddenbin
[2026-03-05T05:05:59+08:00][error] 错误信息:controller not exists:app\controller\resgod\M68k
[2026-03-05T05:06:11+08:00][error] 错误信息:controller not exists:app\controller\Hiddenbin
[2026-03-05T05:06:17+08:00][error] 错误信息:controller not exists:app\controller\Hiddenbin
[2026-03-05T05:06:27+08:00][error] 错误信息:controller not exists:app\controller\Hiddenbin
[2026-03-05T05:06:37+08:00][error] 错误信息:controller not exists:app\controller\Bins
[2026-03-05T05:06:41+08:00][error] 错误信息:controller not exists:app\controller\Hiddenbin
[2026-03-05T05:06:59+08:00][error] 错误信息:controller not exists:app\controller\Hiddenbin
[2026-03-05T05:07:04+08:00][error] 错误信息:controller not exists:app\controller\Sparc
[2026-03-05T05:07:22+08:00][error] 错误信息:controller not exists:app\controller\Armv5l
[2026-03-05T05:07:33+08:00][error] 错误信息:controller not exists:app\controller\Armv6l
[2026-03-05T05:07:36+08:00][error] 错误信息:controller not exists:app\controller\I586
[2026-03-05T05:07:48+08:00][error] 错误信息:controller not exists:app\controller\Sh4
[2026-03-05T05:08:00+08:00][error] 错误信息:controller not exists:app\controller\Arm7
[2026-03-05T05:08:16+08:00][error] 错误信息:controller not exists:app\controller\X8664
[2026-03-05T05:08:24+08:00][error] 错误信息:controller not exists:app\controller\I686
[2026-03-05T05:08:36+08:00][error] 错误信息:controller not exists:app\controller\M68k
[2026-03-05T05:08:49+08:00][error] 错误信息:controller not exists:app\controller\Arm6
[2026-03-05T05:08:54+08:00][error] 错误信息:controller not exists:app\controller\Bins
[2026-03-05T05:09:09+08:00][error] 错误信息:controller not exists:app\controller\Bins
[2026-03-05T05:09:23+08:00][error] 错误信息:controller not exists:app\controller\Bins
[2026-03-05T05:09:39+08:00][error] 错误信息:controller not exists:app\controller\skid\Arm5
[2026-03-05T05:09:45+08:00][error] 错误信息:controller not exists:app\controller\Bins
[2026-03-05T05:09:56+08:00][error] 错误信息:controller not exists:app\controller\skid\Arm
[2026-03-05T05:10:08+08:00][error] 错误信息:controller not exists:app\controller\Bins
[2026-03-05T05:10:22+08:00][error] 错误信息:controller not exists:app\controller\Bins
[2026-03-05T05:10:26+08:00][error] 错误信息:controller not exists:app\controller\Bins
[2026-03-05T05:10:48+08:00][error] 错误信息:controller not exists:app\controller\Bins
[2026-03-05T05:11:00+08:00][error] 错误信息:controller not exists:app\controller\Spc
[2026-03-05T05:11:05+08:00][error] 错误信息:controller not exists:app\controller\Ppc
[2026-03-05T05:11:27+08:00][error] 错误信息:controller not exists:app\controller\Arm4
[2026-03-05T05:11:39+08:00][error] 错误信息:controller not exists:app\controller\skid\Mpsl
[2026-03-05T05:11:43+08:00][error] 错误信息:controller not exists:app\controller\skid\Mips
[2026-03-05T05:12:04+08:00][error] 错误信息:controller not exists:app\controller\skid\Arm7
[2026-03-05T05:12:15+08:00][error] 错误信息:controller not exists:app\controller\001010101010010110101011101010101101010111010101
[2026-03-05T05:12:28+08:00][error] 错误信息:controller not exists:app\controller\001010101010010110101011101010101101010111010101
[2026-03-05T05:12:46+08:00][error] 错误信息:controller not exists:app\controller\001010101010010110101011101010101101010111010101
[2026-03-05T05:12:55+08:00][error] 错误信息:controller not exists:app\controller\001010101010010110101011101010101101010111010101
[2026-03-05T05:13:04+08:00][error] 错误信息:controller not exists:app\controller\001010101010010110101011101010101101010111010101
[2026-03-05T05:13:23+08:00][error] 错误信息:controller not exists:app\controller\001010101010010110101011101010101101010111010101
[2026-03-05T05:13:41+08:00][error] 错误信息:controller not exists:app\controller\001010101010010110101011101010101101010111010101
[2026-03-05T05:13:59+08:00][error] 错误信息:controller not exists:app\controller\001010101010010110101011101010101101010111010101
[2026-03-05T05:14:01+08:00][error] 错误信息:controller not exists:app\controller\001010101010010110101011101010101101010111010101
[2026-03-05T05:14:11+08:00][error] 错误信息:controller not exists:app\controller\001010101010010110101011101010101101010111010101
[2026-03-05T05:14:37+08:00][error] 错误信息:controller not exists:app\controller\001010101010010110101011101010101101010111010101
[2026-03-05T05:14:44+08:00][error] 错误信息:controller not exists:app\controller\001010101010010110101011101010101101010111010101
[2026-03-05T05:14:59+08:00][error] 错误信息:controller not exists:app\controller\001010101010010110101011101010101101010111010101
[2026-03-05T05:15:15+08:00][error] 错误信息:controller not exists:app\controller\001010101010010110101011101010101101010111010101
[2026-03-05T05:15:42+08:00][error] 错误信息:controller not exists:app\controller\Lmips
[2026-03-05T05:15:43+08:00][error] 错误信息:controller not exists:app\controller\Larm5
[2026-03-05T05:15:59+08:00][error] 错误信息:controller not exists:app\controller\Larm7
[2026-03-05T05:16:15+08:00][error] 错误信息:controller not exists:app\controller\Gmips
[2026-03-05T05:16:38+08:00][error] 错误信息:controller not exists:app\controller\Xmips
[2026-03-05T05:16:40+08:00][error] 错误信息:controller not exists:app\controller\Xmips
[2026-03-05T05:16:55+08:00][error] 错误信息:controller not exists:app\controller\Rmpsl
[2026-03-05T05:17:01+08:00][error] 错误信息:controller not exists:app\controller\Lmpsl
[2026-03-05T05:17:25+08:00][error] 错误信息:controller not exists:app\controller\Harm7
[2026-03-05T05:17:49+08:00][error] 错误信息:controller not exists:app\controller\Larm4
[2026-03-05T05:17:54+08:00][error] 错误信息:controller not exists:app\controller\Larm4
[2026-03-05T05:17:55+08:00][error] 错误信息:controller not exists:app\controller\00101010101001
[2026-03-05T05:18:12+08:00][error] 错误信息:controller not exists:app\controller\00101010101001
[2026-03-05T05:18:26+08:00][error] 错误信息:controller not exists:app\controller\00101010101001
[2026-03-05T05:18:46+08:00][error] 错误信息:controller not exists:app\controller\00101010101001
[2026-03-05T05:18:57+08:00][error] 错误信息:controller not exists:app\controller\00101010101001
[2026-03-05T05:19:14+08:00][error] 错误信息:controller not exists:app\controller\00101010101001
[2026-03-05T05:19:41+08:00][error] 错误信息:controller not exists:app\controller\00101010101001
[2026-03-05T05:19:51+08:00][error] 错误信息:controller not exists:app\controller\00101010101001
[2026-03-05T05:20:08+08:00][error] 错误信息:controller not exists:app\controller\00101010101001
[2026-03-05T05:20:26+08:00][error] 错误信息:controller not exists:app\controller\00101010101001
[2026-03-05T05:20:42+08:00][error] 错误信息:controller not exists:app\controller\00101010101001
[2026-03-05T05:20:51+08:00][error] 错误信息:controller not exists:app\controller\00101010101001
[2026-03-05T05:21:12+08:00][error] 错误信息:controller not exists:app\controller\Index
[2026-03-05T05:21:24+08:00][error] 错误信息:controller not exists:app\controller\00101010101001
[2026-03-05T05:21:41+08:00][error] 错误信息:controller not exists:app\controller\00101010101001
[2026-03-05T05:22:11+08:00][error] 错误信息:controller not exists:app\controller\00101010101001
[2026-03-05T05:22:17+08:00][error] 错误信息:controller not exists:app\controller\Bins
[2026-03-05T05:22:41+08:00][error] 错误信息:controller not exists:app\controller\Aarch64
[2026-03-05T05:22:56+08:00][error] 错误信息:controller not exists:app\controller\Csky
[2026-03-05T05:23:24+08:00][error] 错误信息:controller not exists:app\controller\Arc
[2026-03-05T05:23:51+08:00][error] 错误信息:controller not exists:app\controller\Harm4
[2026-03-05T05:24:01+08:00][error] 错误信息:controller not exists:app\controller\Harm5
[2026-03-05T05:24:28+08:00][error] 错误信息:controller not exists:app\controller\Gmpsl
[2026-03-05T05:24:42+08:00][error] 错误信息:controller not exists:app\controller\Hmips
[2026-03-05T05:24:53+08:00][error] 错误信息:controller not exists:app\controller\Armv7l
[2026-03-05T05:25:40+08:00][error] 错误信息:controller not exists:app\controller\Gompsl
[2026-03-05T05:25:42+08:00][error] 错误信息:controller not exists:app\controller\Garm7
[2026-03-05T05:26:09+08:00][error] 错误信息:controller not exists:app\controller\Systemcl
[2026-03-05T05:26:30+08:00][error] 错误信息:controller not exists:app\controller\Systemcl
[2026-03-05T05:26:57+08:00][error] 错误信息:controller not exists:app\controller\Systemcl
[2026-03-05T05:27:20+08:00][error] 错误信息:controller not exists:app\controller\Systemcl
[2026-03-05T05:27:26+08:00][error] 错误信息:controller not exists:app\controller\Index
[2026-03-05T05:27:48+08:00][error] 错误信息:controller not exists:app\controller\Systemcl
[2026-03-05T05:28:05+08:00][error] 错误信息:controller not exists:app\controller\Systemcl
[2026-03-05T05:28:29+08:00][error] 错误信息:controller not exists:app\controller\Systemcl
[2026-03-05T05:28:55+08:00][error] 错误信息:controller not exists:app\controller\Systemcl
[2026-03-05T05:29:26+08:00][error] 错误信息:controller not exists:app\controller\Systemcl
[2026-03-05T05:29:55+08:00][error] 错误信息:controller not exists:app\controller\Systemcl
[2026-03-05T05:30:34+08:00][error] 错误信息:controller not exists:app\controller\p\Txt
[2026-03-05T05:31:03+08:00][error] 错误信息:controller not exists:app\controller\Systemcl
[2026-03-05T05:31:07+08:00][error] 错误信息:controller not exists:app\controller\Systemcl
[2026-03-05T05:31:38+08:00][error] 错误信息:controller not exists:app\controller\Bins
[2026-03-05T05:32:20+08:00][error] 错误信息:controller not exists:app\controller\Bins
[2026-03-05T05:32:50+08:00][error] 错误信息:controller not exists:app\controller\Bins
[2026-03-05T05:33:45+08:00][error] 错误信息:controller not exists:app\controller\Bins
[2026-03-05T05:34:15+08:00][error] 错误信息:controller not exists:app\controller\Bins
[2026-03-05T05:34:18+08:00][error] 错误信息:controller not exists:app\controller\Bins
[2026-03-05T05:34:22+08:00][error] 错误信息:controller not exists:app\controller\Bins
[2026-03-05T05:35:19+08:00][error] 错误信息:controller not exists:app\controller\Bins
[2026-03-05T05:35:47+08:00][error] 错误信息:controller not exists:app\controller\Bins
[2026-03-05T05:36:28+08:00][error] 错误信息:controller not exists:app\controller\Bins
[2026-03-05T05:37:09+08:00][error] 错误信息:controller not exists:app\controller\Bins
[2026-03-05T05:37:25+08:00][error] 错误信息:controller not exists:app\controller\I486
[2026-03-05T05:38:48+08:00][error] 错误信息:controller not exists:app\controller\Sshd
[2026-03-05T05:39:06+08:00][error] 错误信息:controller not exists:app\controller\Hiddenbin
[2026-03-05T05:39:51+08:00][error] 错误信息:controller not exists:app\controller\00101010101001
[2026-03-05T05:40:38+08:00][error] 错误信息:controller not exists:app\controller\Mozi\A
[2026-03-05T05:41:27+08:00][error] 错误信息:controller not exists:app\controller\Hiddenbin
[2026-03-05T05:42:04+08:00][error] 错误信息:controller not exists:app\controller\Hiddenbin
[2026-03-05T05:43:24+08:00][error] 错误信息:controller not exists:app\controller\Hiddenbin
[2026-03-05T05:44:07+08:00][error] 错误信息:controller not exists:app\controller\Hiddenbin
[2026-03-05T05:45:44+08:00][error] 错误信息:controller not exists:app\controller\Hiddenbin
[2026-03-05T05:45:55+08:00][error] 错误信息:controller not exists:app\controller\Hiddenbin
[2026-03-05T05:47:01+08:00][error] 错误信息:controller not exists:app\controller\Hiddenbin
[2026-03-05T05:48:26+08:00][error] 错误信息:controller not exists:app\controller\Hiddenbin
[2026-03-05T05:49:08+08:00][error] 错误信息:controller not exists:app\controller\001010101010010110101011101010101101010111010101
[2026-03-05T05:51:08+08:00][error] 错误信息:controller not exists:app\controller\Powerpc
[2026-03-05T05:51:11+08:00][error] 错误信息:controller not exists:app\controller\Powerpc
[2026-03-05T05:51:38+08:00][error] 错误信息:controller not exists:app\controller\Hiddenbin
[2026-03-05T05:52:24+08:00][error] 错误信息:controller not exists:app\controller\Index
[2026-03-05T05:52:49+08:00][error] 错误信息:controller not exists:app\controller\Hiddenbin
[2026-03-05T05:52:52+08:00][error] 错误信息:controller not exists:app\controller\Hiddenbin
[2026-03-05T05:54:17+08:00][error] 错误信息:controller not exists:app\controller\Hiddenbin
[2026-03-05T05:56:39+08:00][error] 错误信息:controller not exists:app\controller\Hiddenbin
[2026-03-05T05:56:43+08:00][error] 错误信息:controller not exists:app\controller\Hiddenbin
[2026-03-05T05:56:46+08:00][error] 错误信息:controller not exists:app\controller\Hiddenbin
[2026-03-05T05:57:20+08:00][error] 错误信息:controller not exists:app\controller\Hiddenbin
[2026-03-05T05:59:40+08:00][error] 错误信息:controller not exists:app\controller\Hiddenbin
[2026-03-05T05:59:53+08:00][error] 错误信息:controller not exists:app\controller\Index
[2026-03-05T06:00:14+08:00][error] 错误信息:controller not exists:app\controller\Hiddenbin
[2026-03-05T06:00:15+08:00][error] 错误信息:controller not exists:app\controller\Hacdocuu2
[2026-03-05T06:01:06+08:00][error] 错误信息:controller not exists:app\controller\Hiddenbin
[2026-03-05T06:03:45+08:00][error] 错误信息:controller not exists:app\controller\Hiddenbin
[2026-03-05T06:05:23+08:00][error] 错误信息:controller not exists:app\controller\Hiddenbin
[2026-03-05T06:06:51+08:00][error] 错误信息:controller not exists:app\controller\Hiddenbin
[2026-03-05T06:07:14+08:00][error] 错误信息:controller not exists:app\controller\rebirth\X86
[2026-03-05T06:08:34+08:00][error] 错误信息:controller not exists:app\controller\rebirth\Arm6
[2026-03-05T06:09:58+08:00][error] 错误信息:controller not exists:app\controller\596a96cc7bf9108cd896f33c44aedc8a
[2026-03-05T06:11:30+08:00][error] 错误信息:controller not exists:app\controller\Index
[2026-03-05T06:11:44+08:00][error] 错误信息:controller not exists:app\controller\Index
[2026-03-05T06:11:51+08:00][error] 错误信息:controller not exists:app\controller\a-r\m-7\SNOOPY
[2026-03-05T06:12:49+08:00][error] 错误信息:controller not exists:app\controller\596a96cc7bf9108cd896f33c44aedc8a
[2026-03-05T06:15:14+08:00][error] 错误信息:controller not exists:app\controller\Index
[2026-03-05T06:16:08+08:00][error] 错误信息:controller not exists:app\controller\596a96cc7bf9108cd896f33c44aedc8a
[2026-03-05T06:17:32+08:00][error] 错误信息:controller not exists:app\controller\a-r\m-5\SNOOPY
[2026-03-05T06:18:01+08:00][error] 错误信息:controller not exists:app\controller\Index
[2026-03-05T06:18:33+08:00][error] 错误信息:controller not exists:app\controller\596a96cc7bf9108cd896f33c44aedc8a
[2026-03-05T06:20:00+08:00][error] 错误信息:controller not exists:app\controller\596a96cc7bf9108cd896f33c44aedc8a
[2026-03-05T06:20:59+08:00][error] 错误信息:controller not exists:app\controller\596a96cc7bf9108cd896f33c44aedc8a
[2026-03-05T06:21:39+08:00][error] 错误信息:controller not exists:app\controller\596a96cc7bf9108cd896f33c44aedc8a
[2026-03-05T06:21:42+08:00][error] 错误信息:controller not exists:app\controller\596a96cc7bf9108cd896f33c44aedc8a
[2026-03-05T06:23:20+08:00][error] 错误信息:controller not exists:app\controller\s-h\4-\SNOOPY
[2026-03-05T06:23:49+08:00][error] 错误信息:controller not exists:app\controller\596a96cc7bf9108cd896f33c44aedc8a
[2026-03-05T06:24:49+08:00][error] 错误信息:controller not exists:app\controller\596a96cc7bf9108cd896f33c44aedc8a
[2026-03-05T06:26:20+08:00][error] 错误信息:controller not exists:app\controller\p-p\c-\SNOOPY
[2026-03-05T06:26:47+08:00][error] 错误信息:controller not exists:app\controller\m-6\8-k\SNOOPY
[2026-03-05T06:27:06+08:00][error] 错误信息:controller not exists:app\controller\x-8\6-\SNOOPY
[2026-03-05T06:27:07+08:00][error] 错误信息:controller not exists:app\controller\x-8\6-\SNOOPY
[2026-03-05T06:27:57+08:00][error] 错误信息:controller not exists:app\controller\a-r\m-6\SNOOPY
[2026-03-05T06:29:00+08:00][error] 错误信息:controller not exists:app\controller\596a96cc7bf9108cd896f33c44aedc8a
[2026-03-05T06:29:10+08:00][error] 错误信息:controller not exists:app\controller\596a96cc7bf9108cd896f33c44aedc8a
[2026-03-05T06:29:46+08:00][error] 错误信息:controller not exists:app\controller\m-i\p-s\SNOOPY
[2026-03-05T06:30:30+08:00][error] 错误信息:controller not exists:app\controller\a-r\m-4\SNOOPY
[2026-03-05T06:31:04+08:00][error] 错误信息:controller not exists:app\controller\596a96cc7bf9108cd896f33c44aedc8a
[2026-03-05T06:31:15+08:00][error] 错误信息:controller not exists:app\controller\596a96cc7bf9108cd896f33c44aedc8a
[2026-03-05T06:31:45+08:00][error] 错误信息:controller not exists:app\controller\x-3\2-\SNOOPY
[2026-03-05T06:31:55+08:00][error] 错误信息:controller not exists:app\controller\Xmrig
[2026-03-05T06:32:25+08:00][error] 错误信息:controller not exists:app\controller\Ss
[2026-03-05T06:32:28+08:00][error] 错误信息:controller not exists:app\controller\Ss
[2026-03-05T06:33:01+08:00][error] 错误信息:controller not exists:app\controller\bot\Arm6
[2026-03-05T06:33:41+08:00][error] 错误信息:controller not exists:app\controller\bot\Mips
[2026-03-05T06:34:04+08:00][error] 错误信息:controller not exists:app\controller\bot\X8664
[2026-03-05T06:34:16+08:00][error] 错误信息:controller not exists:app\controller\bot\Ppc
[2026-03-05T06:34:30+08:00][error] 错误信息:controller not exists:app\controller\bot\Sh4
[2026-03-05T06:34:52+08:00][error] 错误信息:controller not exists:app\controller\bot\M68k
[2026-03-05T06:35:34+08:00][error] 错误信息:controller not exists:app\controller\bot\Arm
[2026-03-05T06:36:01+08:00][error] 错误信息:controller not exists:app\controller\bot\Mpsl
[2026-03-05T06:36:32+08:00][error] 错误信息:controller not exists:app\controller\bot\Arm5
[2026-03-05T06:36:52+08:00][error] 错误信息:controller not exists:app\controller\bot\X86
[2026-03-05T06:37:17+08:00][error] 错误信息:controller not exists:app\controller\bot\Arm7
[2026-03-05T06:37:34+08:00][error] 错误信息:controller not exists:app\controller\Bins
[2026-03-05T06:37:59+08:00][error] 错误信息:controller not exists:app\controller\Bins
[2026-03-05T06:38:01+08:00][error] 错误信息:controller not exists:app\controller\Bins
[2026-03-05T06:38:58+08:00][error] 错误信息:controller not exists:app\controller\Bins
[2026-03-05T06:39:13+08:00][error] 错误信息:controller not exists:app\controller\Bins
[2026-03-05T06:39:42+08:00][error] 错误信息:controller not exists:app\controller\Bins
[2026-03-05T06:40:02+08:00][error] 错误信息:controller not exists:app\controller\Bins
[2026-03-05T06:40:29+08:00][error] 错误信息:controller not exists:app\controller\Bins
[2026-03-05T06:41:00+08:00][error] 错误信息:controller not exists:app\controller\Bins
[2026-03-05T06:41:27+08:00][error] 错误信息:controller not exists:app\controller\Bins
[2026-03-05T06:41:53+08:00][error] 错误信息:controller not exists:app\controller\Bins
[2026-03-05T06:42:29+08:00][error] 错误信息:controller not exists:app\controller\Bins
[2026-03-05T06:42:50+08:00][error] 错误信息:controller not exists:app\controller\Index
[2026-03-05T06:43:04+08:00][error] 错误信息:controller not exists:app\controller\Bins
[2026-03-05T06:43:06+08:00][error] 错误信息:controller not exists:app\controller\Index
[2026-03-05T06:43:32+08:00][error] 错误信息:controller not exists:app\controller\Bins
[2026-03-05T06:44:25+08:00][error] 错误信息:controller not exists:app\controller\Bins
[2026-03-05T06:44:56+08:00][error] 错误信息:controller not exists:app\controller\Systemcl
[2026-03-05T06:45:14+08:00][error] 错误信息:controller not exists:app\controller\bot\Sparc
[2026-03-05T06:46:01+08:00][error] 错误信息:controller not exists:app\controller\lol\Arm7
[2026-03-05T06:46:33+08:00][error] 错误信息:controller not exists:app\controller\lol\Arm5
[2026-03-05T06:47:21+08:00][error] 错误信息:controller not exists:app\controller\bot\Mipsel
[2026-03-05T06:48:03+08:00][error] 错误信息:controller not exists:app\controller\lol\Mpsl
[2026-03-05T06:48:15+08:00][error] 错误信息:controller not exists:app\controller\kitty\M68k
[2026-03-05T06:49:16+08:00][error] 错误信息:controller not exists:app\controller\kitty\Armv5l
[2026-03-05T06:49:47+08:00][error] 错误信息:controller not exists:app\controller\kitty\Aarch64
[2026-03-05T06:50:28+08:00][error] 错误信息:controller not exists:app\controller\kitty\Powerpc
[2026-03-05T06:51:31+08:00][error] 错误信息:controller not exists:app\controller\kitty\Mips
[2026-03-05T06:53:01+08:00][error] 错误信息:controller not exists:app\controller\kitty\Mipsel
[2026-03-05T06:53:27+08:00][error] 错误信息:controller not exists:app\controller\kitty\X8664
[2026-03-05T06:55:19+08:00][error] 错误信息:controller not exists:app\controller\kitty\Armv7l
[2026-03-05T06:55:56+08:00][error] 错误信息:controller not exists:app\controller\kitty\Powerpc64
[2026-03-05T06:56:37+08:00][error] 错误信息:controller not exists:app\controller\kitty\I686
[2026-03-05T06:58:25+08:00][error] 错误信息:controller not exists:app\controller\kitty\Armv6l
[2026-03-05T06:58:51+08:00][error] 错误信息:controller not exists:app\controller\kitty\I486
[2026-03-05T06:59:50+08:00][error] 错误信息:controller not exists:app\controller\Bins
[2026-03-05T07:01:25+08:00][error] 错误信息:controller not exists:app\controller\Bins
[2026-03-05T07:02:05+08:00][error] 错误信息:controller not exists:app\controller\L7vmra
[2026-03-05T07:02:55+08:00][error] 错误信息:controller not exists:app\controller\Bins
[2026-03-05T07:03:41+08:00][error] 错误信息:controller not exists:app\controller\Bins
[2026-03-05T07:04:25+08:00][error] 错误信息:controller not exists:app\controller\Spim
[2026-03-05T07:05:08+08:00][error] 错误信息:controller not exists:app\controller\Bins
[2026-03-05T07:05:55+08:00][error] 错误信息:controller not exists:app\controller\MainArm5
[2026-03-05T07:06:56+08:00][error] 错误信息:controller not exists:app\controller\MainPpc
[2026-03-05T07:07:07+08:00][error] 错误信息:controller not exists:app\controller\MainM68k
[2026-03-05T07:07:53+08:00][error] 错误信息:controller not exists:app\controller\Index
[2026-03-05T07:07:55+08:00][error] 错误信息:controller not exists:app\controller\MainArm7
[2026-03-05T07:08:30+08:00][error] 错误信息:controller not exists:app\controller\debug\Dbg
[2026-03-05T07:08:43+08:00][error] 错误信息:controller not exists:app\controller\MainArm6
[2026-03-05T07:09:36+08:00][error] 错误信息:controller not exists:app\controller\MainSpc
[2026-03-05T07:09:53+08:00][error] 错误信息:controller not exists:app\controller\MainX86
[2026-03-05T07:10:20+08:00][error] 错误信息:controller not exists:app\controller\MainX8664
[2026-03-05T07:10:45+08:00][error] 错误信息:controller not exists:app\controller\MainMips
[2026-03-05T07:11:09+08:00][error] 错误信息:controller not exists:app\controller\MainArm
[2026-03-05T07:11:43+08:00][error] 错误信息:controller not exists:app\controller\MainSh4
[2026-03-05T07:12:17+08:00][error] 错误信息:controller not exists:app\controller\Index
[2026-03-05T07:12:23+08:00][error] 错误信息:controller not exists:app\controller\Bins
[2026-03-05T07:12:25+08:00][error] 错误信息:controller not exists:app\controller\Bins
[2026-03-05T07:12:44+08:00][error] 错误信息:controller not exists:app\controller\Debug
[2026-03-05T07:13:17+08:00][error] 错误信息:controller not exists:app\controller\morte\Arc
[2026-03-05T07:14:44+08:00][error] 错误信息:controller not exists:app\controller\Bins
[2026-03-05T07:15:15+08:00][error] 错误信息:controller not exists:app\controller\Bins
[2026-03-05T07:15:45+08:00][error] 错误信息:controller not exists:app\controller\Bins
[2026-03-05T07:16:37+08:00][error] 错误信息:controller not exists:app\controller\Bins
[2026-03-05T07:17:19+08:00][error] 错误信息:controller not exists:app\controller\morte\Arm5
[2026-03-05T07:17:25+08:00][error] 错误信息:controller not exists:app\controller\morte\X8664
[2026-03-05T07:17:57+08:00][error] 错误信息:controller not exists:app\controller\Index
[2026-03-05T07:18:22+08:00][error] 错误信息:controller not exists:app\controller\morte\Arm
[2026-03-05T07:18:34+08:00][error] 错误信息:controller not exists:app\controller\morte\X86
[2026-03-05T07:18:57+08:00][error] 错误信息:controller not exists:app\controller\morte\Arm6
[2026-03-05T07:20:14+08:00][error] 错误信息:controller not exists:app\controller\morte\Ppc
[2026-03-05T07:20:47+08:00][error] 错误信息:controller not exists:app\controller\morte\Arm7
[2026-03-05T07:20:50+08:00][error] 错误信息:controller not exists:app\controller\morte\Arm7
[2026-03-05T07:21:12+08:00][error] 错误信息:controller not exists:app\controller\morte\Sh4
[2026-03-05T07:21:33+08:00][error] 错误信息:controller not exists:app\controller\morte\Mpsl
[2026-03-05T07:22:55+08:00][error] 错误信息:controller not exists:app\controller\morte\Spc
[2026-03-05T07:23:08+08:00][error] 错误信息:controller not exists:app\controller\morte\I686
[2026-03-05T07:23:49+08:00][error] 错误信息:controller not exists:app\controller\morte\Mips
[2026-03-05T07:25:25+08:00][error] 错误信息:controller not exists:app\controller\LjEZs
[2026-03-05T07:25:53+08:00][error] 错误信息:controller not exists:app\controller\LjEZs
[2026-03-05T07:26:16+08:00][error] 错误信息:controller not exists:app\controller\LjEZs
[2026-03-05T07:27:15+08:00][error] 错误信息:controller not exists:app\controller\LjEZs
[2026-03-05T07:28:25+08:00][error] 错误信息:controller not exists:app\controller\LjEZs
[2026-03-05T07:28:29+08:00][error] 错误信息:controller not exists:app\controller\LjEZs
[2026-03-05T07:29:14+08:00][error] 错误信息:controller not exists:app\controller\LjEZs
[2026-03-05T07:29:17+08:00][error] 错误信息:controller not exists:app\controller\LjEZs
[2026-03-05T07:30:01+08:00][error] 错误信息:controller not exists:app\controller\LjEZs
[2026-03-05T07:30:04+08:00][error] 错误信息:controller not exists:app\controller\LjEZs
[2026-03-05T07:32:00+08:00][error] 错误信息:controller not exists:app\controller\LjEZs
[2026-03-05T07:32:26+08:00][error] 错误信息:controller not exists:app\controller\LjEZs
[2026-03-05T07:33:51+08:00][error] 错误信息:controller not exists:app\controller\arm\Nn
[2026-03-05T07:34:01+08:00][error] 错误信息:controller not exists:app\controller\Index
[2026-03-05T07:35:16+08:00][error] 错误信息:controller not exists:app\controller\arm5\Nn
[2026-03-05T07:36:49+08:00][error] 错误信息:controller not exists:app\controller\arm6\Nn
[2026-03-05T07:37:38+08:00][error] 错误信息:controller not exists:app\controller\MainMpsl
[2026-03-05T07:38:43+08:00][error] 错误信息:controller not exists:app\controller\bot\Spc
[2026-03-05T07:40:33+08:00][error] 错误信息:controller not exists:app\controller\LjEZs
[2026-03-05T07:41:49+08:00][error] 错误信息:controller not exists:app\controller\LjEZs
[2026-03-05T07:42:56+08:00][error] 错误信息:controller not exists:app\controller\LjEZs
[2026-03-05T07:44:12+08:00][error] 错误信息:controller not exists:app\controller\LjEZs
[2026-03-05T07:45:43+08:00][error] 错误信息:controller not exists:app\controller\arm7\Nn
[2026-03-05T07:45:59+08:00][error] 错误信息:controller not exists:app\controller\M68k68xxx
[2026-03-05T07:48:04+08:00][error] 错误信息:controller not exists:app\controller\a-r\m-4\Sakura
[2026-03-05T07:49:14+08:00][error] 错误信息:controller not exists:app\controller\m-p\s-l\Sakura
[2026-03-05T07:50:34+08:00][error] 错误信息:controller not exists:app\controller\a-r\m-6\Sakura
[2026-03-05T07:51:32+08:00][error] 错误信息:controller not exists:app\controller\m-6\8-k\Sakura
[2026-03-05T07:52:12+08:00][error] 错误信息:controller not exists:app\controller\m-i\p-s\Sakura
[2026-03-05T07:53:44+08:00][error] 错误信息:controller not exists:app\controller\x86_64\Dbg
[2026-03-05T07:54:56+08:00][error] 错误信息:controller not exists:app\controller\ShSh4
[2026-03-05T07:55:55+08:00][error] 错误信息:controller not exists:app\controller\Index
[2026-03-05T07:56:40+08:00][error] 错误信息:controller not exists:app\controller\Aarch64be
[2026-03-05T07:57:21+08:00][error] 错误信息:controller not exists:app\controller\Powerpc440fp
[2026-03-05T07:58:51+08:00][error] 错误信息:controller not exists:app\controller\Index
[2026-03-05T07:59:12+08:00][error] 错误信息:controller not exists:app\controller\Microblazebe
[2026-03-05T07:59:22+08:00][error] 错误信息:controller not exists:app\controller\Arcle750d
[2026-03-05T07:59:39+08:00][error] 错误信息:controller not exists:app\controller\X8664
[2026-03-05T07:59:42+08:00][error] 错误信息:controller not exists:app\controller\ArcleHs38
[2026-03-05T08:00:03+08:00][error] 错误信息:controller not exists:app\controller\Microblazeel
[2026-03-05T08:00:20+08:00][error] 错误信息:controller not exists:app\controller\p-p\c-\Sakura
[2026-03-05T08:00:35+08:00][error] 错误信息:controller not exists:app\controller\x-8\6-\Sakura
[2026-03-05T08:00:49+08:00][error] 错误信息:controller not exists:app\controller\a-r\m-5\Sakura
[2026-03-05T08:01:17+08:00][error] 错误信息:controller not exists:app\controller\i-5\8-6\Sakura
[2026-03-05T08:01:35+08:00][error] 错误信息:controller not exists:app\controller\x-3\2-\Sakura
[2026-03-05T08:01:50+08:00][error] 错误信息:controller not exists:app\controller\a-r\m-7\Sakura
[2026-03-05T08:02:05+08:00][error] 错误信息:controller not exists:app\controller\s-h\4-\Sakura
[2026-03-05T08:02:34+08:00][error] 错误信息:controller not exists:app\controller\Cnc
[2026-03-05T08:02:39+08:00][error] 错误信息:controller not exists:app\controller\Z
[2026-03-05T08:02:53+08:00][error] 错误信息:controller not exists:app\controller\Z
[2026-03-05T08:03:19+08:00][error] 错误信息:controller not exists:app\controller\Z
[2026-03-05T08:03:28+08:00][error] 错误信息:controller not exists:app\controller\Z
[2026-03-05T08:04:00+08:00][error] 错误信息:controller not exists:app\controller\Z
[2026-03-05T08:04:19+08:00][error] 错误信息:controller not exists:app\controller\Z
[2026-03-05T08:04:34+08:00][error] 错误信息:controller not exists:app\controller\Z
[2026-03-05T08:04:56+08:00][error] 错误信息:controller not exists:app\controller\Rtz
[2026-03-05T08:05:22+08:00][error] 错误信息:controller not exists:app\controller\Z
[2026-03-05T08:05:28+08:00][error] 错误信息:controller not exists:app\controller\Z
[2026-03-05T08:05:55+08:00][error] 错误信息:controller not exists:app\controller\Index
[2026-03-05T08:06:08+08:00][error] 错误信息:controller not exists:app\controller\Z
[2026-03-05T08:06:23+08:00][error] 错误信息:controller not exists:app\controller\Z
[2026-03-05T08:06:49+08:00][error] 错误信息:controller not exists:app\controller\Z
[2026-03-05T08:07:11+08:00][error] 错误信息:controller not exists:app\controller\Z
[2026-03-05T08:07:18+08:00][error] 错误信息:controller not exists:app\controller\Z
[2026-03-05T08:07:39+08:00][error] 错误信息:controller not exists:app\controller\Z
[2026-03-05T08:07:51+08:00][error] 错误信息:controller not exists:app\controller\Z
[2026-03-05T08:08:22+08:00][error] 错误信息:controller not exists:app\controller\Z
[2026-03-05T08:08:26+08:00][error] 错误信息:controller not exists:app\controller\Z
[2026-03-05T08:08:57+08:00][error] 错误信息:controller not exists:app\controller\Z
[2026-03-05T08:09:27+08:00][error] 错误信息:controller not exists:app\controller\Z
[2026-03-05T08:09:29+08:00][error] 错误信息:controller not exists:app\controller\Z
[2026-03-05T08:09:56+08:00][error] 错误信息:controller not exists:app\controller\Z
[2026-03-05T08:10:11+08:00][error] 错误信息:controller not exists:app\controller\Z
[2026-03-05T08:10:29+08:00][error] 错误信息:controller not exists:app\controller\Z
[2026-03-05T08:10:59+08:00][error] 错误信息:controller not exists:app\controller\Z
[2026-03-05T08:11:35+08:00][error] 错误信息:controller not exists:app\controller\Z
[2026-03-05T08:11:53+08:00][error] 错误信息:controller not exists:app\controller\Arm
[2026-03-05T08:12:18+08:00][error] 错误信息:controller not exists:app\controller\hanoi\X86
[2026-03-05T08:12:53+08:00][error] 错误信息:controller not exists:app\controller\rondo\I486
[2026-03-05T08:12:54+08:00][error] 错误信息:controller not exists:app\controller\rondo\Powerpc
[2026-03-05T08:13:45+08:00][error] 错误信息:controller not exists:app\controller\rondo\Mips
[2026-03-05T08:14:16+08:00][error] 错误信息:controller not exists:app\controller\rondo\Armv4l
[2026-03-05T08:14:40+08:00][error] 错误信息:controller not exists:app\controller\rondo\Fbsdi386
[2026-03-05T08:14:54+08:00][error] 错误信息:controller not exists:app\controller\rondo\M68k
[2026-03-05T08:15:23+08:00][error] 错误信息:controller not exists:app\controller\rondo\Arc700
[2026-03-05T08:15:42+08:00][error] 错误信息:controller not exists:app\controller\rondo\Mipsel
[2026-03-05T08:16:19+08:00][error] 错误信息:controller not exists:app\controller\rondo\Fbsdarm64
[2026-03-05T08:17:01+08:00][error] 错误信息:controller not exists:app\controller\rondo\I586
[2026-03-05T08:17:33+08:00][error] 错误信息:controller not exists:app\controller\rondo\Fbsdamd64
[2026-03-05T08:17:58+08:00][error] 错误信息:controller not exists:app\controller\rondo\Sparc
[2026-03-05T08:19:00+08:00][error] 错误信息:controller not exists:app\controller\rondo\I686
[2026-03-05T08:19:15+08:00][error] 错误信息:controller not exists:app\controller\rondo\Armv7l
[2026-03-05T08:19:29+08:00][error] 错误信息:controller not exists:app\controller\rondo\Armv5l
[2026-03-05T08:19:55+08:00][error] 错误信息:controller not exists:app\controller\rondo\Fbsdpowerpc
[2026-03-05T08:20:39+08:00][error] 错误信息:controller not exists:app\controller\rondo\Sh4
[2026-03-05T08:21:03+08:00][error] 错误信息:controller not exists:app\controller\rondo\Armv6l
[2026-03-05T08:21:35+08:00][error] 错误信息:controller not exists:app\controller\rondo\Powerpc440fp
[2026-03-05T08:22:09+08:00][error] 错误信息:controller not exists:app\controller\Bins
[2026-03-05T08:22:51+08:00][error] 错误信息:controller not exists:app\controller\HBTs
[2026-03-05T08:23:03+08:00][error] 错误信息:controller not exists:app\controller\HBTs
[2026-03-05T08:23:47+08:00][error] 错误信息:controller not exists:app\controller\Bins
[2026-03-05T08:23:50+08:00][error] 错误信息:controller not exists:app\controller\Bins
[2026-03-05T08:24:18+08:00][error] 错误信息:controller not exists:app\controller\Bins
[2026-03-05T08:24:42+08:00][error] 错误信息:controller not exists:app\controller\Index
[2026-03-05T08:25:05+08:00][error] 错误信息:controller not exists:app\controller\Bins
[2026-03-05T08:25:33+08:00][error] 错误信息:controller not exists:app\controller\Hiddenbin
[2026-03-05T08:25:35+08:00][error] 错误信息:controller not exists:app\controller\Hiddenbin
[2026-03-05T08:25:45+08:00][error] 错误信息:controller not exists:app\controller\Mips64
[2026-03-05T08:26:49+08:00][error] 错误信息:controller not exists:app\controller\Whoareyou
[2026-03-05T08:27:19+08:00][error] 错误信息:controller not exists:app\controller\Whoareyou
[2026-03-05T08:27:42+08:00][error] 错误信息:controller not exists:app\controller\Whoareyou
[2026-03-05T08:28:07+08:00][error] 错误信息:controller not exists:app\controller\Whoareyou
[2026-03-05T08:28:20+08:00][error] 错误信息:controller not exists:app\controller\Whoareyou
[2026-03-05T08:29:24+08:00][error] 错误信息:controller not exists:app\controller\Whoareyou
[2026-03-05T08:30:02+08:00][error] 错误信息:controller not exists:app\controller\Whoareyou
[2026-03-05T08:30:12+08:00][error] 错误信息:controller not exists:app\controller\Whoareyou
[2026-03-05T08:30:35+08:00][error] 错误信息:controller not exists:app\controller\Whoareyou
[2026-03-05T08:31:20+08:00][error] 错误信息:controller not exists:app\controller\Whoareyou
[2026-03-05T08:32:03+08:00][error] 错误信息:controller not exists:app\controller\Whoareyou
[2026-03-05T08:32:24+08:00][error] 错误信息:controller not exists:app\controller\Whoareyou
[2026-03-05T08:33:12+08:00][error] 错误信息:controller not exists:app\controller\Bins
[2026-03-05T08:33:22+08:00][error] 错误信息:controller not exists:app\controller\Bins
[2026-03-05T08:34:00+08:00][error] 错误信息:controller not exists:app\controller\Bins
[2026-03-05T08:34:29+08:00][error] 错误信息:controller not exists:app\controller\Bins
[2026-03-05T08:34:49+08:00][error] 错误信息:controller not exists:app\controller\Bins
[2026-03-05T08:35:16+08:00][error] 错误信息:controller not exists:app\controller\Bins
[2026-03-05T08:36:41+08:00][error] 错误信息:controller not exists:app\controller\Bins
[2026-03-05T08:37:06+08:00][error] 错误信息:controller not exists:app\controller\Bins
[2026-03-05T08:38:46+08:00][error] 错误信息:controller not exists:app\controller\Bins
[2026-03-05T08:39:47+08:00][error] 错误信息:controller not exists:app\controller\Bins
[2026-03-05T08:40:38+08:00][error] 错误信息:controller not exists:app\controller\Bins
[2026-03-05T08:40:51+08:00][error] 错误信息:controller not exists:app\controller\Bins
[2026-03-05T08:42:43+08:00][error] 错误信息:controller not exists:app\controller\Hiddenbin
[2026-03-05T08:43:30+08:00][error] 错误信息:controller not exists:app\controller\HBTs
[2026-03-05T08:44:18+08:00][error] 错误信息:controller not exists:app\controller\HBTs
[2026-03-05T08:45:58+08:00][error] 错误信息:controller not exists:app\controller\HBTs
[2026-03-05T08:46:02+08:00][error] 错误信息:controller not exists:app\controller\HBTs
[2026-03-05T08:47:01+08:00][error] 错误信息:controller not exists:app\controller\HBTs
[2026-03-05T08:47:39+08:00][error] 错误信息:controller not exists:app\controller\HBTs
[2026-03-05T08:49:14+08:00][error] 错误信息:controller not exists:app\controller\HBTs
[2026-03-05T08:50:14+08:00][error] 错误信息:controller not exists:app\controller\HBTs
[2026-03-05T08:51:09+08:00][error] 错误信息:controller not exists:app\controller\HBTs
[2026-03-05T08:51:51+08:00][error] 错误信息:controller not exists:app\controller\Index
[2026-03-05T08:53:27+08:00][error] 错误信息:controller not exists:app\controller\HBTs
[2026-03-05T08:55:06+08:00][error] 错误信息:controller not exists:app\controller\HBTs
[2026-03-05T08:55:36+08:00][error] 错误信息:controller not exists:app\controller\Index
[2026-03-05T08:56:19+08:00][error] 错误信息:controller not exists:app\controller\HBTs
[2026-03-05T08:57:03+08:00][error] 错误信息:controller not exists:app\controller\m68k\Nn
[2026-03-05T08:57:43+08:00][error] 错误信息:controller not exists:app\controller\Index
[2026-03-05T08:58:58+08:00][error] 错误信息:controller not exists:app\controller\mipsel\Nn
[2026-03-05T09:01:08+08:00][error] 错误信息:controller not exists:app\controller\x86_64\Nn
[2026-03-05T09:01:09+08:00][error] 错误信息:controller not exists:app\controller\x86_32\Nn
[2026-03-05T09:03:03+08:00][error] 错误信息:controller not exists:app\controller\sh4\Nn
[2026-03-05T09:05:22+08:00][error] 错误信息:controller not exists:app\controller\mips\Nn
[2026-03-05T09:06:52+08:00][error] 错误信息:controller not exists:app\controller\sparc\Nn
[2026-03-05T09:08:03+08:00][error] 错误信息:controller not exists:app\controller\powerpc\Nn
[2026-03-05T09:10:45+08:00][error] 错误信息:controller not exists:app\controller\Huhu
[2026-03-05T09:11:53+08:00][error] 错误信息:controller not exists:app\controller\Huhu
[2026-03-05T09:13:27+08:00][error] 错误信息:controller not exists:app\controller\Bins
[2026-03-05T09:16:56+08:00][error] 错误信息:controller not exists:app\controller\Huhu
[2026-03-05T09:17:36+08:00][error] 错误信息:controller not exists:app\controller\Index
[2026-03-05T09:18:22+08:00][error] 错误信息:controller not exists:app\controller\Huhu
[2026-03-05T09:20:21+08:00][error] 错误信息:controller not exists:app\controller\Huhu
[2026-03-05T09:20:46+08:00][error] 错误信息:controller not exists:app\controller\Huhu
[2026-03-05T09:21:59+08:00][error] 错误信息:controller not exists:app\controller\Huhu
[2026-03-05T09:24:09+08:00][error] 错误信息:controller not exists:app\controller\Huhu
[2026-03-05T09:25:56+08:00][error] 错误信息:controller not exists:app\controller\Huhu
[2026-03-05T09:26:03+08:00][error] 错误信息:controller not exists:app\controller\Huhu
[2026-03-05T09:26:40+08:00][error] 错误信息:controller not exists:app\controller\Huhu
[2026-03-05T09:26:54+08:00][error] 错误信息:controller not exists:app\controller\Huhu
[2026-03-05T09:27:10+08:00][error] 错误信息:controller not exists:app\controller\Huhu
[2026-03-05T09:27:31+08:00][error] 错误信息:controller not exists:app\controller\Huhu
[2026-03-05T09:27:41+08:00][error] 错误信息:controller not exists:app\controller\Huhu
[2026-03-05T09:27:53+08:00][error] 错误信息:controller not exists:app\controller\0010101010100101101010111010101
[2026-03-05T09:28:11+08:00][error] 错误信息:controller not exists:app\controller\0010101010100101101010111010101
[2026-03-05T09:28:28+08:00][error] 错误信息:controller not exists:app\controller\0010101010100101101010111010101
[2026-03-05T09:29:13+08:00][error] 错误信息:controller not exists:app\controller\0010101010100101101010111010101
[2026-03-05T09:29:21+08:00][error] 错误信息:controller not exists:app\controller\0010101010100101101010111010101
[2026-03-05T09:29:47+08:00][error] 错误信息:controller not exists:app\controller\0010101010100101101010111010101
[2026-03-05T09:29:59+08:00][error] 错误信息:controller not exists:app\controller\0010101010100101101010111010101
[2026-03-05T09:30:16+08:00][error] 错误信息:controller not exists:app\controller\0010101010100101101010111010101
[2026-03-05T09:30:39+08:00][error] 错误信息:controller not exists:app\controller\0010101010100101101010111010101
[2026-03-05T09:30:54+08:00][error] 错误信息:controller not exists:app\controller\0010101010100101101010111010101
[2026-03-05T09:31:38+08:00][error] 错误信息:controller not exists:app\controller\0010101010100101101010111010101
[2026-03-05T09:31:47+08:00][error] 错误信息:controller not exists:app\controller\0010101010100101101010111010101
[2026-03-05T09:32:09+08:00][error] 错误信息:controller not exists:app\controller\0010101010100101101010111010101
[2026-03-05T09:32:16+08:00][error] 错误信息:controller not exists:app\controller\0010101010100101101010111010101
[2026-03-05T09:32:50+08:00][error] 错误信息:controller not exists:app\controller\Harm6
[2026-03-05T09:33:03+08:00][error] 错误信息:controller not exists:app\controller\phanes\Mips
[2026-03-05T09:33:25+08:00][error] 错误信息:controller not exists:app\controller\phanes\Arm6
[2026-03-05T09:33:42+08:00][error] 错误信息:controller not exists:app\controller\phanes\Arm7
[2026-03-05T09:34:05+08:00][error] 错误信息:controller not exists:app\controller\phanes\Mpsl
[2026-03-05T09:34:27+08:00][error] 错误信息:controller not exists:app\controller\phanes\Ppc
[2026-03-05T09:34:52+08:00][error] 错误信息:controller not exists:app\controller\phanes\X86
[2026-03-05T09:35:21+08:00][error] 错误信息:controller not exists:app\controller\phanes\Arm5
[2026-03-05T09:35:31+08:00][error] 错误信息:controller not exists:app\controller\phanes\Sh4
[2026-03-05T09:36:01+08:00][error] 错误信息:controller not exists:app\controller\phanes\Arm
[2026-03-05T09:36:29+08:00][error] 错误信息:controller not exists:app\controller\phanes\Arc
[2026-03-05T09:36:46+08:00][error] 错误信息:controller not exists:app\controller\Bins
[2026-03-05T09:37:20+08:00][error] 错误信息:controller not exists:app\controller\Bins
[2026-03-05T09:37:30+08:00][error] 错误信息:controller not exists:app\controller\lol\Arm
[2026-03-05T09:37:54+08:00][error] 错误信息:controller not exists:app\controller\lol\Mips
[2026-03-05T09:38:09+08:00][error] 错误信息:controller not exists:app\controller\J
[2026-03-05T09:38:54+08:00][error] 错误信息:controller not exists:app\controller\J
[2026-03-05T09:39:27+08:00][error] 错误信息:controller not exists:app\controller\J
[2026-03-05T09:39:33+08:00][error] 错误信息:controller not exists:app\controller\J
[2026-03-05T09:39:58+08:00][error] 错误信息:controller not exists:app\controller\J
[2026-03-05T09:40:27+08:00][error] 错误信息:controller not exists:app\controller\J
[2026-03-05T09:40:36+08:00][error] 错误信息:controller not exists:app\controller\J
[2026-03-05T09:41:27+08:00][error] 错误信息:controller not exists:app\controller\Ppc4fp
[2026-03-05T09:41:50+08:00][error] 错误信息:controller not exists:app\controller\Bins
[2026-03-05T09:42:24+08:00][error] 错误信息:controller not exists:app\controller\Bins
[2026-03-05T09:42:42+08:00][error] 错误信息:controller not exists:app\controller\Bins
[2026-03-05T09:42:57+08:00][error] 错误信息:controller not exists:app\controller\Bins
[2026-03-05T09:43:20+08:00][error] 错误信息:controller not exists:app\controller\Index
[2026-03-05T09:43:51+08:00][error] 错误信息:controller not exists:app\controller\Bins
[2026-03-05T09:44:14+08:00][error] 错误信息:controller not exists:app\controller\Bins
[2026-03-05T09:44:37+08:00][error] 错误信息:controller not exists:app\controller\Bins
[2026-03-05T09:44:59+08:00][error] 错误信息:controller not exists:app\controller\Bins
[2026-03-05T09:45:17+08:00][error] 错误信息:controller not exists:app\controller\Bins
[2026-03-05T09:45:34+08:00][error] 错误信息:controller not exists:app\controller\Bins
[2026-03-05T09:46:21+08:00][error] 错误信息:controller not exists:app\controller\Arm61
[2026-03-05T09:46:59+08:00][error] 错误信息:controller not exists:app\controller\M95ck0q7fg67i
[2026-03-05T09:47:01+08:00][error] 错误信息:controller not exists:app\controller\Co
[2026-03-05T09:47:09+08:00][error] 错误信息:controller not exists:app\controller\Dss
[2026-03-05T09:47:47+08:00][error] 错误信息:controller not exists:app\controller\586
[2026-03-05T09:48:00+08:00][error] 错误信息:controller not exists:app\controller\Cron
[2026-03-05T09:48:54+08:00][error] 错误信息:controller not exists:app\controller\Katrina
[2026-03-05T09:49:22+08:00][error] 错误信息:controller not exists:app\controller\Rsyslogd
[2026-03-05T09:49:51+08:00][error] 错误信息:controller not exists:app\controller\System
[2026-03-05T09:50:16+08:00][error] 错误信息:controller not exists:app\controller\DbusDaemon
[2026-03-05T09:50:37+08:00][error] 错误信息:controller not exists:app\controller\Getty
[2026-03-05T09:50:59+08:00][error] 错误信息:controller not exists:app\controller\Agetty
[2026-03-05T09:51:46+08:00][error] 错误信息:controller not exists:app\controller\Ssh
[2026-03-05T09:51:58+08:00][error] 错误信息:controller not exists:app\controller\Index
[2026-03-05T09:52:28+08:00][error] 错误信息:controller not exists:app\controller\Telnetd
[2026-03-05T09:52:53+08:00][error] 错误信息:controller not exists:app\controller\Klogd
[2026-03-05T09:53:16+08:00][error] 错误信息:controller not exists:app\controller\Bns
[2026-03-05T09:53:57+08:00][error] 错误信息:controller not exists:app\controller\Bns
[2026-03-05T09:54:17+08:00][error] 错误信息:controller not exists:app\controller\Index
[2026-03-05T09:54:22+08:00][error] 错误信息:controller not exists:app\controller\hello\World
[2026-03-05T09:54:23+08:00][error] 错误信息:controller not exists:app\controller\Bns
[2026-03-05T09:54:23+08:00][error] 错误信息:controller not exists:app\controller\Index
[2026-03-05T09:54:24+08:00][error] 错误信息:controller not exists:app\controller\404
[2026-03-05T09:54:25+08:00][error] 错误信息:controller not exists:app\controller\404
[2026-03-05T09:54:26+08:00][error] 错误信息:controller not exists:app\controller\404
[2026-03-05T09:54:26+08:00][error] 错误信息:controller not exists:app\controller\404
[2026-03-05T09:54:27+08:00][error] 错误信息:controller not exists:app\controller\404
[2026-03-05T09:54:28+08:00][error] 错误信息:controller not exists:app\controller\404
[2026-03-05T09:54:28+08:00][error] 错误信息:controller not exists:app\controller\404
[2026-03-05T09:54:29+08:00][error] 错误信息:controller not exists:app\controller\404
[2026-03-05T09:54:30+08:00][error] 错误信息:controller not exists:app\controller\404
[2026-03-05T09:54:30+08:00][error] 错误信息:controller not exists:app\controller\404
[2026-03-05T09:54:31+08:00][error] 错误信息:controller not exists:app\controller\404
[2026-03-05T09:54:32+08:00][error] 错误信息:controller not exists:app\controller\404
[2026-03-05T09:54:32+08:00][error] 错误信息:controller not exists:app\controller\404
[2026-03-05T09:54:33+08:00][error] 错误信息:controller not exists:app\controller\404
[2026-03-05T09:54:33+08:00][error] 错误信息:controller not exists:app\controller\404
[2026-03-05T09:54:34+08:00][error] 错误信息:controller not exists:app\controller\404
[2026-03-05T09:54:34+08:00][error] 错误信息:controller not exists:app\controller\404
[2026-03-05T09:54:35+08:00][error] 错误信息:controller not exists:app\controller\404
[2026-03-05T09:54:35+08:00][error] 错误信息:controller not exists:app\controller\404
[2026-03-05T09:54:36+08:00][error] 错误信息:controller not exists:app\controller\404
[2026-03-05T09:54:37+08:00][error] 错误信息:controller not exists:app\controller\404
[2026-03-05T09:54:38+08:00][error] 错误信息:controller not exists:app\controller\404
[2026-03-05T09:54:38+08:00][error] 错误信息:controller not exists:app\controller\404
[2026-03-05T09:54:40+08:00][error] 错误信息:controller not exists:app\controller\404
[2026-03-05T09:54:41+08:00][error] 错误信息:controller not exists:app\controller\404
[2026-03-05T09:54:42+08:00][error] 错误信息:controller not exists:app\controller\404
[2026-03-05T09:54:43+08:00][error] 错误信息:controller not exists:app\controller\404
[2026-03-05T09:54:43+08:00][error] 错误信息:controller not exists:app\controller\404
[2026-03-05T09:54:44+08:00][error] 错误信息:controller not exists:app\controller\404
[2026-03-05T09:54:45+08:00][error] 错误信息:controller not exists:app\controller\404
[2026-03-05T09:54:46+08:00][error] 错误信息:controller not exists:app\controller\404
[2026-03-05T09:54:47+08:00][error] 错误信息:controller not exists:app\controller\404
[2026-03-05T09:54:48+08:00][error] 错误信息:controller not exists:app\controller\404
[2026-03-05T09:54:48+08:00][error] 错误信息:controller not exists:app\controller\404
[2026-03-05T09:54:49+08:00][error] 错误信息:controller not exists:app\controller\404
[2026-03-05T09:54:50+08:00][error] 错误信息:controller not exists:app\controller\404
[2026-03-05T09:54:50+08:00][error] 错误信息:controller not exists:app\controller\404
[2026-03-05T09:54:51+08:00][error] 错误信息:controller not exists:app\controller\Index
[2026-03-05T09:54:51+08:00][error] 错误信息:controller not exists:app\controller\404
[2026-03-05T09:54:52+08:00][error] 错误信息:controller not exists:app\controller\Index
[2026-03-05T09:54:52+08:00][error] 错误信息:controller not exists:app\controller\Index
[2026-03-05T09:54:53+08:00][error] 错误信息:controller not exists:app\controller\Containers
[2026-03-05T09:55:00+08:00][error] 错误信息:controller not exists:app\controller\Bns
[2026-03-05T09:55:19+08:00][error] 错误信息:controller not exists:app\controller\Bns
[2026-03-05T09:56:27+08:00][error] 错误信息:controller not exists:app\controller\Index
[2026-03-05T09:56:29+08:00][error] 错误信息:controller not exists:app\controller\Bns
[2026-03-05T09:56:50+08:00][error] 错误信息:controller not exists:app\controller\Bns
[2026-03-05T09:57:18+08:00][error] 错误信息:controller not exists:app\controller\Bns
[2026-03-05T09:57:34+08:00][error] 错误信息:controller not exists:app\controller\Bns
[2026-03-05T09:58:22+08:00][error] 错误信息:controller not exists:app\controller\Bns
[2026-03-05T09:59:14+08:00][error] 错误信息:controller not exists:app\controller\Mig
[2026-03-05T09:59:35+08:00][error] 错误信息:controller not exists:app\controller\J
[2026-03-05T10:00:19+08:00][error] 错误信息:controller not exists:app\controller\J
[2026-03-05T10:00:24+08:00][error] 错误信息:controller not exists:app\controller\J
[2026-03-05T10:00:56+08:00][error] 错误信息:controller not exists:app\controller\J
[2026-03-05T10:01:40+08:00][error] 错误信息:controller not exists:app\controller\J
[2026-03-05T10:01:55+08:00][error] 错误信息:controller not exists:app\controller\J
[2026-03-05T10:02:42+08:00][error] 错误信息:controller not exists:app\controller\J
[2026-03-05T10:03:14+08:00][error] 错误信息:controller not exists:app\controller\Ntpd
[2026-03-05T10:04:38+08:00][error] 错误信息:controller not exists:app\controller\Openssh
[2026-03-05T10:06:12+08:00][error] 错误信息:controller not exists:app\controller\Wget
[2026-03-05T10:07:34+08:00][error] 错误信息:controller not exists:app\controller\Ftp
[2026-03-05T10:09:32+08:00][error] 错误信息:controller not exists:app\controller\Apache2
[2026-03-05T10:10:48+08:00][error] 错误信息:controller not exists:app\controller\Bash
[2026-03-05T10:10:51+08:00][error] 错误信息:controller not exists:app\controller\Index
[2026-03-05T10:11:13+08:00][error] 错误信息:controller not exists:app\controller\Tftp
[2026-03-05T10:13:04+08:00][error] 错误信息:controller not exists:app\controller\Pftp
[2026-03-05T10:13:56+08:00][error] 错误信息:controller not exists:app\controller\J
[2026-03-05T10:15:30+08:00][error] 错误信息:controller not exists:app\controller\J
[2026-03-05T10:17:09+08:00][error] 错误信息:controller not exists:app\controller\J
[2026-03-05T10:20:13+08:00][error] 错误信息:controller not exists:app\controller\miraint\Arm5n
[2026-03-05T10:22:35+08:00][error] 错误信息:controller not exists:app\controller\mirai\Mips
[2026-03-05T10:23:19+08:00][error] 错误信息:controller not exists:app\controller\mirai\X86
[2026-03-05T10:24:13+08:00][error] 错误信息:controller not exists:app\controller\mirai\Arm5n
[2026-03-05T10:26:40+08:00][error] 错误信息:controller not exists:app\controller\Vv
[2026-03-05T10:27:29+08:00][error] 错误信息:controller not exists:app\controller\Vv
[2026-03-05T10:27:34+08:00][error] 错误信息:controller not exists:app\controller\Index
[2026-03-05T10:28:41+08:00][error] 错误信息:controller not exists:app\controller\Vv
[2026-03-05T10:29:28+08:00][error] 错误信息:controller not exists:app\controller\Vv
[2026-03-05T10:31:30+08:00][error] 错误信息:controller not exists:app\controller\Vv
[2026-03-05T10:32:33+08:00][error] 错误信息:controller not exists:app\controller\Vv
[2026-03-05T10:32:38+08:00][error] 错误信息:controller not exists:app\controller\Index
[2026-03-05T10:34:03+08:00][error] 错误信息:controller not exists:app\controller\Vv
[2026-03-05T10:34:23+08:00][error] 错误信息:controller not exists:app\controller\Vv
[2026-03-05T10:35:48+08:00][error] 错误信息:controller not exists:app\controller\login\Asp
[2026-03-05T10:36:29+08:00][error] 错误信息:controller not exists:app\controller\Vv
[2026-03-05T10:37:05+08:00][error] 错误信息:controller not exists:app\controller\Vv
[2026-03-05T10:38:58+08:00][error] 错误信息:controller not exists:app\controller\Vv
[2026-03-05T10:40:16+08:00][error] 错误信息:controller not exists:app\controller\Index
[2026-03-05T10:40:26+08:00][error] 错误信息:controller not exists:app\controller\Vv
[2026-03-05T10:41:18+08:00][error] 错误信息:controller not exists:app\controller\Vv
[2026-03-05T10:42:50+08:00][error] 错误信息:controller not exists:app\controller\Index
[2026-03-05T10:44:26+08:00][error] 错误信息:controller not exists:app\controller\010100110101010
[2026-03-05T10:44:30+08:00][error] 错误信息:controller not exists:app\controller\010100110101010
[2026-03-05T10:44:40+08:00][error] 错误信息:controller not exists:app\controller\010100110101010
[2026-03-05T10:46:05+08:00][error] 错误信息:controller not exists:app\controller\010100110101010
[2026-03-05T10:48:06+08:00][error] 错误信息:controller not exists:app\controller\010100110101010
[2026-03-05T10:48:16+08:00][error] 错误信息:controller not exists:app\controller\Index
[2026-03-05T10:49:14+08:00][error] 错误信息:controller not exists:app\controller\010100110101010
[2026-03-05T10:50:16+08:00][error] 错误信息:controller not exists:app\controller\010100110101010
[2026-03-05T10:51:42+08:00][error] 错误信息:controller not exists:app\controller\010100110101010
[2026-03-05T10:52:12+08:00][error] 错误信息:controller not exists:app\controller\010100110101010
[2026-03-05T10:54:27+08:00][error] 错误信息:controller not exists:app\controller\010100110101010
[2026-03-05T10:55:14+08:00][error] 错误信息:controller not exists:app\controller\010100110101010
[2026-03-05T10:56:32+08:00][error] 错误信息:controller not exists:app\controller\010100110101010
[2026-03-05T10:57:47+08:00][error] 错误信息:controller not exists:app\controller\010100110101010
[2026-03-05T10:58:35+08:00][error] 错误信息:controller not exists:app\controller\010100110101010
[2026-03-05T10:59:57+08:00][error] 错误信息:controller not exists:app\controller\010100110101010
[2026-03-05T11:01:36+08:00][error] 错误信息:controller not exists:app\controller\Index
[2026-03-05T11:01:39+08:00][error] 错误信息:controller not exists:app\controller\010100110101010
[2026-03-05T11:01:45+08:00][error] 错误信息:controller not exists:app\controller\010100110101010
[2026-03-05T11:02:56+08:00][error] 错误信息:controller not exists:app\controller\T
[2026-03-05T11:02:59+08:00][error] 错误信息:controller not exists:app\controller\T
[2026-03-05T11:03:46+08:00][error] 错误信息:controller not exists:app\controller\fghe3tj\I686
[2026-03-05T11:04:53+08:00][error] 错误信息:controller not exists:app\controller\fghe3tj\X8664
[2026-03-05T11:06:14+08:00][error] 错误信息:controller not exists:app\controller\fghe3tj\Ppc
[2026-03-05T11:08:35+08:00][error] 错误信息:controller not exists:app\controller\fghe3tj\X86
[2026-03-05T11:10:22+08:00][error] 错误信息:controller not exists:app\controller\fghe3tj\Mips
[2026-03-05T11:11:14+08:00][error] 错误信息:controller not exists:app\controller\fghe3tj\Spc
[2026-03-05T11:13:11+08:00][error] 错误信息:controller not exists:app\controller\fghe3tj\Mpsl
[2026-03-05T11:14:21+08:00][error] 错误信息:controller not exists:app\controller\fghe3tj\Arc
[2026-03-05T11:14:25+08:00][error] 错误信息:controller not exists:app\controller\fghe3tj\Arc
[2026-03-05T11:15:00+08:00][error] 错误信息:controller not exists:app\controller\neon\I686
[2026-03-05T11:16:14+08:00][error] 错误信息:controller not exists:app\controller\Dwrioej
[2026-03-05T11:18:23+08:00][error] 错误信息:controller not exists:app\controller\Dwrioej
[2026-03-05T11:18:33+08:00][error] 错误信息:controller not exists:app\controller\Dwrioej
[2026-03-05T11:21:01+08:00][error] 错误信息:controller not exists:app\controller\Dwrioej
[2026-03-05T11:22:12+08:00][error] 错误信息:controller not exists:app\controller\Dwrioej
[2026-03-05T11:22:15+08:00][error] 错误信息:controller not exists:app\controller\Dwrioej
[2026-03-05T11:22:25+08:00][error] 错误信息:controller not exists:app\controller\Index
[2026-03-05T11:23:40+08:00][error] 错误信息:controller not exists:app\controller\Dwrioej
[2026-03-05T11:24:47+08:00][error] 错误信息:controller not exists:app\controller\Curl
[2026-03-05T11:25:39+08:00][error] 错误信息:controller not exists:app\controller\I
[2026-03-05T11:26:42+08:00][error] 错误信息:controller not exists:app\controller\Index
[2026-03-05T11:27:10+08:00][error] 错误信息:controller not exists:app\controller\Aqua\Arm6
[2026-03-05T11:27:47+08:00][error] 错误信息:controller not exists:app\controller\O
[2026-03-05T11:29:34+08:00][error] 错误信息:controller not exists:app\controller\Index
[2026-03-05T11:47:19+08:00][error] 错误信息:controller not exists:app\controller\Index
[2026-03-05T11:49:19+08:00][error] 错误信息:controller not exists:app\controller\Index
[2026-03-05T12:16:46+08:00][error] 错误信息:controller not exists:app\controller\Index
[2026-03-05T12:24:40+08:00][error] 错误信息:controller not exists:app\controller\Index
[2026-03-05T12:25:31+08:00][error] 错误信息:controller not exists:app\controller\hello\World
[2026-03-05T12:25:32+08:00][error] 错误信息:controller not exists:app\controller\Index
[2026-03-05T12:25:32+08:00][error] 错误信息:controller not exists:app\controller\404
[2026-03-05T12:25:37+08:00][error] 错误信息:controller not exists:app\controller\404
[2026-03-05T12:25:38+08:00][error] 错误信息:controller not exists:app\controller\404
[2026-03-05T12:25:39+08:00][error] 错误信息:controller not exists:app\controller\404
[2026-03-05T12:25:39+08:00][error] 错误信息:controller not exists:app\controller\404
[2026-03-05T12:25:41+08:00][error] 错误信息:controller not exists:app\controller\404
[2026-03-05T12:25:43+08:00][error] 错误信息:controller not exists:app\controller\404
[2026-03-05T12:25:43+08:00][error] 错误信息:controller not exists:app\controller\404
[2026-03-05T12:25:44+08:00][error] 错误信息:controller not exists:app\controller\404
[2026-03-05T12:25:46+08:00][error] 错误信息:controller not exists:app\controller\404
[2026-03-05T12:25:47+08:00][error] 错误信息:controller not exists:app\controller\404
[2026-03-05T12:25:50+08:00][error] 错误信息:controller not exists:app\controller\404
[2026-03-05T12:25:51+08:00][error] 错误信息:controller not exists:app\controller\404
[2026-03-05T12:25:51+08:00][error] 错误信息:controller not exists:app\controller\404
[2026-03-05T12:25:52+08:00][error] 错误信息:controller not exists:app\controller\404
[2026-03-05T12:25:54+08:00][error] 错误信息:controller not exists:app\controller\404
[2026-03-05T12:25:54+08:00][error] 错误信息:controller not exists:app\controller\404
[2026-03-05T12:25:54+08:00][error] 错误信息:controller not exists:app\controller\404
[2026-03-05T12:25:55+08:00][error] 错误信息:controller not exists:app\controller\404
[2026-03-05T12:25:55+08:00][error] 错误信息:controller not exists:app\controller\404
[2026-03-05T12:25:57+08:00][error] 错误信息:controller not exists:app\controller\404
[2026-03-05T12:25:57+08:00][error] 错误信息:controller not exists:app\controller\404
[2026-03-05T12:25:59+08:00][error] 错误信息:controller not exists:app\controller\404
[2026-03-05T12:25:59+08:00][error] 错误信息:controller not exists:app\controller\404
[2026-03-05T12:26:00+08:00][error] 错误信息:controller not exists:app\controller\404
[2026-03-05T12:26:01+08:00][error] 错误信息:controller not exists:app\controller\404
[2026-03-05T12:26:05+08:00][error] 错误信息:controller not exists:app\controller\404
[2026-03-05T12:26:07+08:00][error] 错误信息:controller not exists:app\controller\404
[2026-03-05T12:26:08+08:00][error] 错误信息:controller not exists:app\controller\404
[2026-03-05T12:26:16+08:00][error] 错误信息:controller not exists:app\controller\404
[2026-03-05T12:26:16+08:00][error] 错误信息:controller not exists:app\controller\404
[2026-03-05T12:26:18+08:00][error] 错误信息:controller not exists:app\controller\404
[2026-03-05T12:26:21+08:00][error] 错误信息:controller not exists:app\controller\404
[2026-03-05T12:26:22+08:00][error] 错误信息:controller not exists:app\controller\404
[2026-03-05T12:26:22+08:00][error] 错误信息:controller not exists:app\controller\404
[2026-03-05T12:26:23+08:00][error] 错误信息:controller not exists:app\controller\404
[2026-03-05T12:26:24+08:00][error] 错误信息:controller not exists:app\controller\404
[2026-03-05T12:26:26+08:00][error] 错误信息:controller not exists:app\controller\Index
[2026-03-05T12:26:33+08:00][error] 错误信息:controller not exists:app\controller\404
[2026-03-05T12:26:37+08:00][error] 错误信息:controller not exists:app\controller\Index
[2026-03-05T12:26:37+08:00][error] 错误信息:controller not exists:app\controller\Index
[2026-03-05T12:26:39+08:00][error] 错误信息:controller not exists:app\controller\Containers
[2026-03-05T12:30:06+08:00][error] 错误信息:controller not exists:app\controller\Index
[2026-03-05T12:30:16+08:00][error] 错误信息:controller not exists:app\controller\Bins
[2026-03-05T12:30:20+08:00][error] 错误信息:controller not exists:app\controller\Bin
[2026-03-05T12:30:28+08:00][error] 错误信息:controller not exists:app\controller\I
[2026-03-05T12:30:38+08:00][error] 错误信息:controller not exists:app\controller\bin\Sh
[2026-03-05T12:30:46+08:00][error] 错误信息:controller not exists:app\controller\Bins
[2026-03-05T12:30:50+08:00][error] 错误信息:controller not exists:app\controller\Arm5
[2026-03-05T12:31:03+08:00][error] 错误信息:controller not exists:app\controller\Mpsl
[2026-03-05T12:31:05+08:00][error] 错误信息:controller not exists:app\controller\Arm
[2026-03-05T12:31:15+08:00][error] 错误信息:controller not exists:app\controller\Bins
[2026-03-05T12:31:22+08:00][error] 错误信息:controller not exists:app\controller\Bins
[2026-03-05T12:31:29+08:00][error] 错误信息:controller not exists:app\controller\Bins
[2026-03-05T12:31:41+08:00][error] 错误信息:controller not exists:app\controller\Bins
[2026-03-05T12:31:50+08:00][error] 错误信息:controller not exists:app\controller\Bins
[2026-03-05T12:31:58+08:00][error] 错误信息:controller not exists:app\controller\Bins
[2026-03-05T12:32:02+08:00][error] 错误信息:controller not exists:app\controller\X86
[2026-03-05T12:32:15+08:00][error] 错误信息:controller not exists:app\controller\Mips
[2026-03-05T12:32:21+08:00][error] 错误信息:controller not exists:app\controller\Bins
[2026-03-05T12:32:31+08:00][error] 错误信息:controller not exists:app\controller\Bins
[2026-03-05T12:32:38+08:00][error] 错误信息:controller not exists:app\controller\Bins
[2026-03-05T12:32:50+08:00][error] 错误信息:controller not exists:app\controller\Bins
[2026-03-05T12:33:00+08:00][error] 错误信息:controller not exists:app\controller\Mipsel
[2026-03-05T12:33:06+08:00][error] 错误信息:controller not exists:app\controller\Mozi\M
[2026-03-05T12:33:18+08:00][error] 错误信息:controller not exists:app\controller\Bins
[2026-03-05T12:33:21+08:00][error] 错误信息:controller not exists:app\controller\Sh
[2026-03-05T12:33:33+08:00][error] 错误信息:controller not exists:app\controller\Hiddenbin
[2026-03-05T12:33:38+08:00][error] 错误信息:controller not exists:app\controller\Armv4l
[2026-03-05T12:33:50+08:00][error] 错误信息:controller not exists:app\controller\resgod\Spc
[2026-03-05T12:34:01+08:00][error] 错误信息:controller not exists:app\controller\Hiddenbin
[2026-03-05T12:34:05+08:00][error] 错误信息:controller not exists:app\controller\Hiddenbin
[2026-03-05T12:34:20+08:00][error] 错误信息:controller not exists:app\controller\Hiddenbin
[2026-03-05T12:34:25+08:00][error] 错误信息:controller not exists:app\controller\Hiddenbin
[2026-03-05T12:34:33+08:00][error] 错误信息:controller not exists:app\controller\Hiddenbin
[2026-03-05T12:34:42+08:00][error] 错误信息:controller not exists:app\controller\resgod\M68k
[2026-03-05T12:34:52+08:00][error] 错误信息:controller not exists:app\controller\Hiddenbin
[2026-03-05T12:35:00+08:00][error] 错误信息:controller not exists:app\controller\Hiddenbin
[2026-03-05T12:35:13+08:00][error] 错误信息:controller not exists:app\controller\Hiddenbin
[2026-03-05T12:35:18+08:00][error] 错误信息:controller not exists:app\controller\Bins
[2026-03-05T12:35:33+08:00][error] 错误信息:controller not exists:app\controller\Hiddenbin
[2026-03-05T12:35:36+08:00][error] 错误信息:controller not exists:app\controller\Hiddenbin
[2026-03-05T12:35:54+08:00][error] 错误信息:controller not exists:app\controller\Sparc
[2026-03-05T12:35:55+08:00][error] 错误信息:controller not exists:app\controller\Armv5l
[2026-03-05T12:36:15+08:00][error] 错误信息:controller not exists:app\controller\Armv6l
[2026-03-05T12:36:21+08:00][error] 错误信息:controller not exists:app\controller\I586
[2026-03-05T12:36:36+08:00][error] 错误信息:controller not exists:app\controller\Sh4
[2026-03-05T12:36:43+08:00][error] 错误信息:controller not exists:app\controller\Arm7
[2026-03-05T12:36:58+08:00][error] 错误信息:controller not exists:app\controller\X8664
[2026-03-05T12:37:00+08:00][error] 错误信息:controller not exists:app\controller\I686
[2026-03-05T12:37:15+08:00][error] 错误信息:controller not exists:app\controller\M68k
[2026-03-05T12:37:25+08:00][error] 错误信息:controller not exists:app\controller\Arm6
[2026-03-05T12:37:36+08:00][error] 错误信息:controller not exists:app\controller\Bins
[2026-03-05T12:37:50+08:00][error] 错误信息:controller not exists:app\controller\Bins
[2026-03-05T12:37:55+08:00][error] 错误信息:controller not exists:app\controller\Bins
[2026-03-05T12:38:09+08:00][error] 错误信息:controller not exists:app\controller\skid\Arm5
[2026-03-05T12:38:24+08:00][error] 错误信息:controller not exists:app\controller\Bins
[2026-03-05T12:38:30+08:00][error] 错误信息:controller not exists:app\controller\skid\Arm
[2026-03-05T12:38:44+08:00][error] 错误信息:controller not exists:app\controller\Bins
[2026-03-05T12:38:46+08:00][error] 错误信息:controller not exists:app\controller\Bins
[2026-03-05T12:39:06+08:00][error] 错误信息:controller not exists:app\controller\Bins
[2026-03-05T12:39:11+08:00][error] 错误信息:controller not exists:app\controller\Bins
[2026-03-05T12:39:29+08:00][error] 错误信息:controller not exists:app\controller\Spc
[2026-03-05T12:39:31+08:00][error] 错误信息:controller not exists:app\controller\Spc
[2026-03-05T12:39:43+08:00][error] 错误信息:controller not exists:app\controller\Ppc
[2026-03-05T12:39:55+08:00][error] 错误信息:controller not exists:app\controller\Arm4
[2026-03-05T12:39:57+08:00][error] 错误信息:controller not exists:app\controller\skid\Mpsl
[2026-03-05T12:40:12+08:00][error] 错误信息:controller not exists:app\controller\skid\Mips
[2026-03-05T12:40:31+08:00][error] 错误信息:controller not exists:app\controller\skid\Arm7
[2026-03-05T12:40:36+08:00][error] 错误信息:controller not exists:app\controller\001010101010010110101011101010101101010111010101
[2026-03-05T12:40:55+08:00][error] 错误信息:controller not exists:app\controller\001010101010010110101011101010101101010111010101
[2026-03-05T12:41:01+08:00][error] 错误信息:controller not exists:app\controller\001010101010010110101011101010101101010111010101
[2026-03-05T12:41:16+08:00][error] 错误信息:controller not exists:app\controller\001010101010010110101011101010101101010111010101
[2026-03-05T12:41:21+08:00][error] 错误信息:controller not exists:app\controller\Index
[2026-03-05T12:41:21+08:00][error] 错误信息:controller not exists:app\controller\Aaa9
[2026-03-05T12:41:21+08:00][error] 错误信息:controller not exists:app\controller\Index
[2026-03-05T12:41:21+08:00][error] 错误信息:controller not exists:app\controller\Index
[2026-03-05T12:41:21+08:00][error] 错误信息:controller not exists:app\controller\Aab9
[2026-03-05T12:41:21+08:00][error] 错误信息:controller not exists:app\controller\Index
[2026-03-05T12:41:21+08:00][error] 错误信息:controller not exists:app\controller\Index
[2026-03-05T12:41:39+08:00][error] 错误信息:controller not exists:app\controller\001010101010010110101011101010101101010111010101
[2026-03-05T12:41:45+08:00][error] 错误信息:controller not exists:app\controller\001010101010010110101011101010101101010111010101
[2026-03-05T12:41:51+08:00][error] 错误信息:controller not exists:app\controller\001010101010010110101011101010101101010111010101
[2026-03-05T12:42:10+08:00][error] 错误信息:controller not exists:app\controller\001010101010010110101011101010101101010111010101
[2026-03-05T12:42:26+08:00][error] 错误信息:controller not exists:app\controller\001010101010010110101011101010101101010111010101
[2026-03-05T12:42:31+08:00][error] 错误信息:controller not exists:app\controller\001010101010010110101011101010101101010111010101
[2026-03-05T12:42:48+08:00][error] 错误信息:controller not exists:app\controller\001010101010010110101011101010101101010111010101
[2026-03-05T12:42:54+08:00][error] 错误信息:controller not exists:app\controller\001010101010010110101011101010101101010111010101
[2026-03-05T12:43:08+08:00][error] 错误信息:controller not exists:app\controller\001010101010010110101011101010101101010111010101
[2026-03-05T12:43:14+08:00][error] 错误信息:controller not exists:app\controller\Index
[2026-03-05T12:43:20+08:00][error] 错误信息:controller not exists:app\controller\Index
[2026-03-05T12:43:25+08:00][error] 错误信息:controller not exists:app\controller\001010101010010110101011101010101101010111010101
[2026-03-05T12:43:44+08:00][error] 错误信息:controller not exists:app\controller\Lmips
[2026-03-05T12:43:58+08:00][error] 错误信息:controller not exists:app\controller\Larm5
[2026-03-05T12:44:12+08:00][error] 错误信息:controller not exists:app\controller\Larm7
[2026-03-05T12:44:25+08:00][error] 错误信息:controller not exists:app\controller\Gmips
[2026-03-05T12:44:39+08:00][error] 错误信息:controller not exists:app\controller\Xmips
[2026-03-05T12:44:42+08:00][error] 错误信息:controller not exists:app\controller\Rmpsl
[2026-03-05T12:45:04+08:00][error] 错误信息:controller not exists:app\controller\Lmpsl
[2026-03-05T12:45:25+08:00][error] 错误信息:controller not exists:app\controller\Harm7
[2026-03-05T12:45:34+08:00][error] 错误信息:controller not exists:app\controller\Larm4
[2026-03-05T12:45:48+08:00][error] 错误信息:controller not exists:app\controller\00101010101001
[2026-03-05T12:46:00+08:00][error] 错误信息:controller not exists:app\controller\00101010101001
[2026-03-05T12:46:12+08:00][error] 错误信息:controller not exists:app\controller\00101010101001
[2026-03-05T12:46:39+08:00][error] 错误信息:controller not exists:app\controller\00101010101001
[2026-03-05T12:46:40+08:00][error] 错误信息:controller not exists:app\controller\00101010101001
[2026-03-05T12:46:56+08:00][error] 错误信息:controller not exists:app\controller\00101010101001
[2026-03-05T12:47:14+08:00][error] 错误信息:controller not exists:app\controller\00101010101001
[2026-03-05T12:47:22+08:00][error] 错误信息:controller not exists:app\controller\00101010101001
[2026-03-05T12:47:36+08:00][error] 错误信息:controller not exists:app\controller\00101010101001
[2026-03-05T12:47:45+08:00][error] 错误信息:controller not exists:app\controller\00101010101001
[2026-03-05T12:48:22+08:00][error] 错误信息:controller not exists:app\controller\00101010101001
[2026-03-05T12:48:29+08:00][error] 错误信息:controller not exists:app\controller\00101010101001
[2026-03-05T12:48:54+08:00][error] 错误信息:controller not exists:app\controller\00101010101001
[2026-03-05T12:49:15+08:00][error] 错误信息:controller not exists:app\controller\00101010101001
[2026-03-05T12:49:44+08:00][error] 错误信息:controller not exists:app\controller\Bins
[2026-03-05T12:49:58+08:00][error] 错误信息:controller not exists:app\controller\Aarch64
[2026-03-05T12:50:06+08:00][error] 错误信息:controller not exists:app\controller\Csky
[2026-03-05T12:50:27+08:00][error] 错误信息:controller not exists:app\controller\Arc
[2026-03-05T12:50:39+08:00][error] 错误信息:controller not exists:app\controller\Harm4
[2026-03-05T12:50:58+08:00][error] 错误信息:controller not exists:app\controller\Harm5
[2026-03-05T12:51:02+08:00][error] 错误信息:controller not exists:app\controller\Gmpsl
[2026-03-05T12:51:31+08:00][error] 错误信息:controller not exists:app\controller\Hmips
[2026-03-05T12:52:01+08:00][error] 错误信息:controller not exists:app\controller\Armv7l
[2026-03-05T12:52:09+08:00][error] 错误信息:controller not exists:app\controller\Gompsl
[2026-03-05T12:52:26+08:00][error] 错误信息:controller not exists:app\controller\Garm7
[2026-03-05T12:52:50+08:00][error] 错误信息:controller not exists:app\controller\Systemcl
[2026-03-05T12:52:58+08:00][error] 错误信息:controller not exists:app\controller\Systemcl
[2026-03-05T12:53:30+08:00][error] 错误信息:controller not exists:app\controller\Systemcl
[2026-03-05T12:53:42+08:00][error] 错误信息:controller not exists:app\controller\Systemcl
[2026-03-05T12:54:08+08:00][error] 错误信息:controller not exists:app\controller\Systemcl
[2026-03-05T12:54:17+08:00][error] 错误信息:controller not exists:app\controller\Systemcl
[2026-03-05T12:54:42+08:00][error] 错误信息:controller not exists:app\controller\Systemcl
[2026-03-05T12:54:49+08:00][error] 错误信息:controller not exists:app\controller\Index
[2026-03-05T12:54:56+08:00][error] 错误信息:controller not exists:app\controller\Systemcl
[2026-03-05T12:55:16+08:00][error] 错误信息:controller not exists:app\controller\Systemcl
[2026-03-05T12:55:33+08:00][error] 错误信息:controller not exists:app\controller\Systemcl
[2026-03-05T12:56:11+08:00][error] 错误信息:controller not exists:app\controller\p\Txt
[2026-03-05T12:56:17+08:00][error] 错误信息:controller not exists:app\controller\Systemcl
[2026-03-05T12:56:35+08:00][error] 错误信息:controller not exists:app\controller\Systemcl
[2026-03-05T12:57:00+08:00][error] 错误信息:controller not exists:app\controller\Bins
[2026-03-05T12:57:24+08:00][error] 错误信息:controller not exists:app\controller\Bins
[2026-03-05T12:57:53+08:00][error] 错误信息:controller not exists:app\controller\Bins
[2026-03-05T12:58:09+08:00][error] 错误信息:controller not exists:app\controller\Bins
[2026-03-05T12:58:29+08:00][error] 错误信息:controller not exists:app\controller\Bins
[2026-03-05T12:58:45+08:00][error] 错误信息:controller not exists:app\controller\Bins
[2026-03-05T12:59:10+08:00][error] 错误信息:controller not exists:app\controller\Bins
[2026-03-05T12:59:43+08:00][error] 错误信息:controller not exists:app\controller\Bins
[2026-03-05T13:00:02+08:00][error] 错误信息:controller not exists:app\controller\Bins
[2026-03-05T13:00:29+08:00][error] 错误信息:controller not exists:app\controller\Bins
[2026-03-05T13:00:56+08:00][error] 错误信息:controller not exists:app\controller\I486
[2026-03-05T13:01:19+08:00][error] 错误信息:controller not exists:app\controller\Sshd
[2026-03-05T13:01:49+08:00][error] 错误信息:controller not exists:app\controller\Hiddenbin
[2026-03-05T13:02:09+08:00][error] 错误信息:controller not exists:app\controller\00101010101001
[2026-03-05T13:02:53+08:00][error] 错误信息:controller not exists:app\controller\Mozi\A
[2026-03-05T13:03:21+08:00][error] 错误信息:controller not exists:app\controller\Hiddenbin
[2026-03-05T13:03:31+08:00][error] 错误信息:controller not exists:app\controller\Hiddenbin
[2026-03-05T13:04:00+08:00][error] 错误信息:controller not exists:app\controller\Hiddenbin
[2026-03-05T13:04:28+08:00][error] 错误信息:controller not exists:app\controller\Hiddenbin
[2026-03-05T13:04:44+08:00][error] 错误信息:controller not exists:app\controller\Hiddenbin
[2026-03-05T13:05:46+08:00][error] 错误信息:controller not exists:app\controller\Hiddenbin
[2026-03-05T13:06:00+08:00][error] 错误信息:controller not exists:app\controller\Index
[2026-03-05T13:06:04+08:00][error] 错误信息:controller not exists:app\controller\Hiddenbin
[2026-03-05T13:06:20+08:00][error] 错误信息:controller not exists:app\controller\Hiddenbin
[2026-03-05T13:07:05+08:00][error] 错误信息:controller not exists:app\controller\001010101010010110101011101010101101010111010101
[2026-03-05T13:07:26+08:00][error] 错误信息:controller not exists:app\controller\Powerpc
[2026-03-05T13:08:05+08:00][error] 错误信息:controller not exists:app\controller\Hiddenbin
[2026-03-05T13:08:57+08:00][error] 错误信息:controller not exists:app\controller\Hiddenbin
[2026-03-05T13:09:37+08:00][error] 错误信息:controller not exists:app\controller\Hiddenbin
[2026-03-05T13:09:58+08:00][error] 错误信息:controller not exists:app\controller\Hiddenbin
[2026-03-05T13:11:07+08:00][error] 错误信息:controller not exists:app\controller\Hiddenbin
[2026-03-05T13:11:18+08:00][error] 错误信息:controller not exists:app\controller\Hiddenbin
[2026-03-05T13:12:22+08:00][error] 错误信息:controller not exists:app\controller\Hiddenbin
[2026-03-05T13:12:35+08:00][error] 错误信息:controller not exists:app\controller\Hiddenbin
[2026-03-05T13:13:41+08:00][error] 错误信息:controller not exists:app\controller\Hiddenbin
[2026-03-05T13:13:54+08:00][error] 错误信息:controller not exists:app\controller\Hiddenbin
[2026-03-05T13:13:57+08:00][error] 错误信息:controller not exists:app\controller\Hiddenbin
[2026-03-05T13:14:51+08:00][error] 错误信息:controller not exists:app\controller\Hiddenbin
[2026-03-05T13:15:15+08:00][error] 错误信息:controller not exists:app\controller\rebirth\X86
[2026-03-05T13:16:17+08:00][error] 错误信息:controller not exists:app\controller\rebirth\Arm6
[2026-03-05T13:17:11+08:00][error] 错误信息:controller not exists:app\controller\596a96cc7bf9108cd896f33c44aedc8a
[2026-03-05T13:17:14+08:00][error] 错误信息:controller not exists:app\controller\596a96cc7bf9108cd896f33c44aedc8a
[2026-03-05T13:17:17+08:00][error] 错误信息:controller not exists:app\controller\596a96cc7bf9108cd896f33c44aedc8a
[2026-03-05T13:18:15+08:00][error] 错误信息:controller not exists:app\controller\a-r\m-7\SNOOPY
[2026-03-05T13:19:41+08:00][error] 错误信息:controller not exists:app\controller\596a96cc7bf9108cd896f33c44aedc8a
[2026-03-05T13:20:04+08:00][error] 错误信息:controller not exists:app\controller\i-5\8-6\SNOOPY
[2026-03-05T13:20:07+08:00][error] 错误信息:controller not exists:app\controller\i-5\8-6\SNOOPY
[2026-03-05T13:20:10+08:00][error] 错误信息:controller not exists:app\controller\i-5\8-6\SNOOPY
[2026-03-05T13:21:51+08:00][error] 错误信息:controller not exists:app\controller\596a96cc7bf9108cd896f33c44aedc8a
[2026-03-05T13:22:02+08:00][error] 错误信息:controller not exists:app\controller\a-r\m-5\SNOOPY
[2026-03-05T13:22:05+08:00][error] 错误信息:controller not exists:app\controller\a-r\m-5\SNOOPY
[2026-03-05T13:24:11+08:00][error] 错误信息:controller not exists:app\controller\596a96cc7bf9108cd896f33c44aedc8a
[2026-03-05T13:25:08+08:00][error] 错误信息:controller not exists:app\controller\596a96cc7bf9108cd896f33c44aedc8a
[2026-03-05T13:25:39+08:00][error] 错误信息:controller not exists:app\controller\Index
[2026-03-05T13:25:50+08:00][error] 错误信息:controller not exists:app\controller\596a96cc7bf9108cd896f33c44aedc8a
[2026-03-05T13:26:14+08:00][error] 错误信息:controller not exists:app\controller\Index
[2026-03-05T13:27:09+08:00][error] 错误信息:controller not exists:app\controller\596a96cc7bf9108cd896f33c44aedc8a
[2026-03-05T13:27:24+08:00][error] 错误信息:controller not exists:app\controller\Webui
[2026-03-05T13:27:29+08:00][error] 错误信息:controller not exists:app\controller\Index
[2026-03-05T13:28:22+08:00][error] 错误信息:controller not exists:app\controller\s-h\4-\SNOOPY
[2026-03-05T13:30:30+08:00][error] 错误信息:controller not exists:app\controller\Geoserver
[2026-03-05T13:30:33+08:00][error] 错误信息:controller not exists:app\controller\596a96cc7bf9108cd896f33c44aedc8a
[2026-03-05T13:31:08+08:00][error] 错误信息:controller not exists:app\controller\596a96cc7bf9108cd896f33c44aedc8a
[2026-03-05T13:32:41+08:00][error] 错误信息:controller not exists:app\controller\Index
[2026-03-05T13:32:44+08:00][error] 错误信息:controller not exists:app\controller\m-p\s-l\SNOOPY
[2026-03-05T13:34:08+08:00][error] 错误信息:controller not exists:app\controller\p-p\c-\SNOOPY
[2026-03-05T13:35:15+08:00][error] 错误信息:controller not exists:app\controller\Index
[2026-03-05T13:35:20+08:00][error] 错误信息:controller not exists:app\controller\m-6\8-k\SNOOPY
[2026-03-05T13:36:58+08:00][error] 错误信息:controller not exists:app\controller\x-8\6-\SNOOPY
[2026-03-05T13:38:53+08:00][error] 错误信息:controller not exists:app\controller\a-r\m-6\SNOOPY
[2026-03-05T13:38:56+08:00][error] 错误信息:controller not exists:app\controller\a-r\m-6\SNOOPY
[2026-03-05T13:39:40+08:00][error] 错误信息:controller not exists:app\controller\596a96cc7bf9108cd896f33c44aedc8a
[2026-03-05T13:41:16+08:00][error] 错误信息:controller not exists:app\controller\596a96cc7bf9108cd896f33c44aedc8a
[2026-03-05T13:41:56+08:00][error] 错误信息:controller not exists:app\controller\m-i\p-s\SNOOPY
[2026-03-05T13:43:39+08:00][error] 错误信息:controller not exists:app\controller\a-r\m-4\SNOOPY
[2026-03-05T13:44:37+08:00][error] 错误信息:controller not exists:app\controller\596a96cc7bf9108cd896f33c44aedc8a
[2026-03-05T13:46:39+08:00][error] 错误信息:controller not exists:app\controller\596a96cc7bf9108cd896f33c44aedc8a
[2026-03-05T13:47:23+08:00][error] 错误信息:controller not exists:app\controller\x-3\2-\SNOOPY
[2026-03-05T13:48:12+08:00][error] 错误信息:controller not exists:app\controller\Xmrig
[2026-03-05T13:49:46+08:00][error] 错误信息:controller not exists:app\controller\Ss
[2026-03-05T13:52:14+08:00][error] 错误信息:controller not exists:app\controller\bot\Arm6
[2026-03-05T13:53:02+08:00][error] 错误信息:controller not exists:app\controller\bot\Mips
[2026-03-05T13:54:56+08:00][error] 错误信息:controller not exists:app\controller\bot\X8664
[2026-03-05T13:55:17+08:00][error] 错误信息:controller not exists:app\controller\bot\Ppc
[2026-03-05T13:56:30+08:00][error] 错误信息:controller not exists:app\controller\bot\Sh4
[2026-03-05T13:57:51+08:00][error] 错误信息:controller not exists:app\controller\bot\M68k
[2026-03-05T13:59:40+08:00][error] 错误信息:controller not exists:app\controller\Index
[2026-03-05T14:00:31+08:00][error] 错误信息:controller not exists:app\controller\bot\Arm
[2026-03-05T14:01:39+08:00][error] 错误信息:controller not exists:app\controller\bot\Mpsl
[2026-03-05T14:01:53+08:00][error] 错误信息:controller not exists:app\controller\bot\Arm5
[2026-03-05T14:03:54+08:00][error] 错误信息:controller not exists:app\controller\bot\X86
[2026-03-05T14:06:11+08:00][error] 错误信息:controller not exists:app\controller\bot\Arm7
[2026-03-05T14:06:40+08:00][error] 错误信息:controller not exists:app\controller\Index
[2026-03-05T14:07:10+08:00][error] 错误信息:controller not exists:app\controller\Bins
[2026-03-05T14:08:46+08:00][error] 错误信息:controller not exists:app\controller\Bins
[2026-03-05T14:09:20+08:00][error] 错误信息:controller not exists:app\controller\Bins
[2026-03-05T14:11:23+08:00][error] 错误信息:controller not exists:app\controller\Bins
[2026-03-05T14:12:23+08:00][error] 错误信息:controller not exists:app\controller\Bins
[2026-03-05T14:15:12+08:00][error] 错误信息:controller not exists:app\controller\Bins
[2026-03-05T14:17:07+08:00][error] 错误信息:controller not exists:app\controller\Bins
[2026-03-05T14:18:17+08:00][error] 错误信息:controller not exists:app\controller\Bins
[2026-03-05T14:19:26+08:00][error] 错误信息:controller not exists:app\controller\Bins
[2026-03-05T14:21:13+08:00][error] 错误信息:controller not exists:app\controller\Bins
[2026-03-05T14:22:30+08:00][error] 错误信息:controller not exists:app\controller\Index
[2026-03-05T14:23:29+08:00][error] 错误信息:controller not exists:app\controller\Bins
[2026-03-05T14:25:11+08:00][error] 错误信息:controller not exists:app\controller\Bins
[2026-03-05T14:26:42+08:00][error] 错误信息:controller not exists:app\controller\Bins
[2026-03-05T14:28:14+08:00][error] 错误信息:controller not exists:app\controller\Bins
[2026-03-05T14:30:25+08:00][error] 错误信息:controller not exists:app\controller\Bins
[2026-03-05T14:31:04+08:00][error] 错误信息:controller not exists:app\controller\Index
[2026-03-05T14:32:24+08:00][error] 错误信息:controller not exists:app\controller\Systemcl
[2026-03-05T14:32:56+08:00][error] 错误信息:controller not exists:app\controller\Actuator
[2026-03-05T14:34:07+08:00][error] 错误信息:controller not exists:app\controller\bot\Sparc
[2026-03-05T14:36:06+08:00][error] 错误信息:controller not exists:app\controller\lol\Arm7
[2026-03-05T14:36:44+08:00][error] 错误信息:controller not exists:app\controller\lol\Arm5
[2026-03-05T14:37:55+08:00][error] 错误信息:controller not exists:app\controller\bot\Mipsel
[2026-03-05T14:39:39+08:00][error] 错误信息:controller not exists:app\controller\lol\Mpsl
[2026-03-05T14:40:47+08:00][error] 错误信息:controller not exists:app\controller\kitty\M68k
[2026-03-05T14:41:38+08:00][error] 错误信息:controller not exists:app\controller\kitty\Armv5l
[2026-03-05T14:41:41+08:00][error] 错误信息:controller not exists:app\controller\kitty\Armv5l
[2026-03-05T14:41:45+08:00][error] 错误信息:controller not exists:app\controller\kitty\Armv5l
[2026-03-05T14:41:48+08:00][error] 错误信息:controller not exists:app\controller\kitty\Armv5l
[2026-03-05T14:42:59+08:00][error] 错误信息:controller not exists:app\controller\kitty\Aarch64
[2026-03-05T14:43:53+08:00][error] 错误信息:controller not exists:app\controller\kitty\Powerpc
[2026-03-05T14:45:44+08:00][error] 错误信息:controller not exists:app\controller\kitty\Mips
[2026-03-05T14:45:47+08:00][error] 错误信息:controller not exists:app\controller\kitty\Mips
[2026-03-05T14:46:12+08:00][error] 错误信息:controller not exists:app\controller\kitty\Mipsel
[2026-03-05T14:47:09+08:00][error] 错误信息:controller not exists:app\controller\kitty\X8664
[2026-03-05T14:47:54+08:00][error] 错误信息:controller not exists:app\controller\kitty\Armv7l
[2026-03-05T14:48:39+08:00][error] 错误信息:controller not exists:app\controller\kitty\Powerpc64
[2026-03-05T14:49:16+08:00][error] 错误信息:controller not exists:app\controller\kitty\I686
[2026-03-05T14:49:35+08:00][error] 错误信息:controller not exists:app\controller\kitty\Armv6l
[2026-03-05T14:50:16+08:00][error] 错误信息:controller not exists:app\controller\Index
[2026-03-05T14:50:43+08:00][error] 错误信息:controller not exists:app\controller\kitty\I486
[2026-03-05T14:51:00+08:00][error] 错误信息:controller not exists:app\controller\Bins
[2026-03-05T14:51:45+08:00][error] 错误信息:controller not exists:app\controller\Bins
[2026-03-05T14:52:07+08:00][error] 错误信息:controller not exists:app\controller\L7vmra
[2026-03-05T14:52:34+08:00][error] 错误信息:controller not exists:app\controller\Bins
[2026-03-05T14:52:40+08:00][error] 错误信息:controller not exists:app\controller\Index
[2026-03-05T14:53:35+08:00][error] 错误信息:controller not exists:app\controller\Bins
[2026-03-05T14:54:01+08:00][error] 错误信息:controller not exists:app\controller\Spim
[2026-03-05T14:54:35+08:00][error] 错误信息:controller not exists:app\controller\Bins
[2026-03-05T14:54:50+08:00][error] 错误信息:controller not exists:app\controller\MainArm5
[2026-03-05T14:55:04+08:00][error] 错误信息:controller not exists:app\controller\MainPpc
[2026-03-05T14:55:47+08:00][error] 错误信息:controller not exists:app\controller\MainM68k
[2026-03-05T14:56:23+08:00][error] 错误信息:controller not exists:app\controller\MainArm7
[2026-03-05T14:56:58+08:00][error] 错误信息:controller not exists:app\controller\debug\Dbg
[2026-03-05T14:57:28+08:00][error] 错误信息:controller not exists:app\controller\MainArm6
[2026-03-05T14:57:54+08:00][error] 错误信息:controller not exists:app\controller\MainSpc
[2026-03-05T14:58:30+08:00][error] 错误信息:controller not exists:app\controller\MainX86
[2026-03-05T14:59:09+08:00][error] 错误信息:controller not exists:app\controller\MainX8664
[2026-03-05T14:59:24+08:00][error] 错误信息:controller not exists:app\controller\MainMips
[2026-03-05T14:59:44+08:00][error] 错误信息:controller not exists:app\controller\MainArm
[2026-03-05T15:00:37+08:00][error] 错误信息:controller not exists:app\controller\MainSh4
[2026-03-05T15:01:03+08:00][error] 错误信息:controller not exists:app\controller\Bins
[2026-03-05T15:01:24+08:00][error] 错误信息:controller not exists:app\controller\Debug
[2026-03-05T15:02:05+08:00][error] 错误信息:controller not exists:app\controller\morte\Arc
[2026-03-05T15:02:20+08:00][error] 错误信息:controller not exists:app\controller\morte\M68k
[2026-03-05T15:02:59+08:00][error] 错误信息:controller not exists:app\controller\Bins
[2026-03-05T15:03:02+08:00][error] 错误信息:controller not exists:app\controller\Bins
[2026-03-05T15:03:29+08:00][error] 错误信息:controller not exists:app\controller\Bins
[2026-03-05T15:03:50+08:00][error] 错误信息:controller not exists:app\controller\Bins
[2026-03-05T15:04:04+08:00][error] 错误信息:controller not exists:app\controller\Bins
[2026-03-05T15:04:49+08:00][error] 错误信息:controller not exists:app\controller\morte\Arm5
[2026-03-05T15:05:14+08:00][error] 错误信息:controller not exists:app\controller\morte\X8664
[2026-03-05T15:05:33+08:00][error] 错误信息:controller not exists:app\controller\morte\Arm
[2026-03-05T15:06:00+08:00][error] 错误信息:controller not exists:app\controller\morte\X86
[2026-03-05T15:06:37+08:00][error] 错误信息:controller not exists:app\controller\morte\Arm6
[2026-03-05T15:07:05+08:00][error] 错误信息:controller not exists:app\controller\morte\Ppc
[2026-03-05T15:07:59+08:00][error] 错误信息:controller not exists:app\controller\morte\Arm7
[2026-03-05T15:08:10+08:00][error] 错误信息:controller not exists:app\controller\morte\Sh4
[2026-03-05T15:08:32+08:00][error] 错误信息:controller not exists:app\controller\morte\Mpsl
[2026-03-05T15:09:04+08:00][error] 错误信息:controller not exists:app\controller\morte\Spc
[2026-03-05T15:09:28+08:00][error] 错误信息:controller not exists:app\controller\morte\I686
[2026-03-05T15:09:52+08:00][error] 错误信息:controller not exists:app\controller\morte\Mips
[2026-03-05T15:10:35+08:00][error] 错误信息:controller not exists:app\controller\LjEZs
[2026-03-05T15:11:10+08:00][error] 错误信息:controller not exists:app\controller\LjEZs
[2026-03-05T15:11:32+08:00][error] 错误信息:controller not exists:app\controller\LjEZs
[2026-03-05T15:11:43+08:00][error] 错误信息:controller not exists:app\controller\LjEZs
[2026-03-05T15:12:19+08:00][error] 错误信息:controller not exists:app\controller\LjEZs
[2026-03-05T15:13:14+08:00][error] 错误信息:controller not exists:app\controller\LjEZs
[2026-03-05T15:13:25+08:00][error] 错误信息:controller not exists:app\controller\LjEZs
[2026-03-05T15:13:56+08:00][error] 错误信息:controller not exists:app\controller\Index
[2026-03-05T15:14:14+08:00][error] 错误信息:controller not exists:app\controller\LjEZs
[2026-03-05T15:14:32+08:00][error] 错误信息:controller not exists:app\controller\LjEZs
[2026-03-05T15:14:50+08:00][error] 错误信息:controller not exists:app\controller\arm\Nn
[2026-03-05T15:15:03+08:00][error] 错误信息:controller not exists:app\controller\arm\Nn
[2026-03-05T15:15:45+08:00][error] 错误信息:controller not exists:app\controller\arm5\Nn
[2026-03-05T15:16:10+08:00][error] 错误信息:controller not exists:app\controller\arm6\Nn
[2026-03-05T15:16:43+08:00][error] 错误信息:controller not exists:app\controller\MainMpsl
[2026-03-05T15:16:54+08:00][error] 错误信息:controller not exists:app\controller\bot\Spc
[2026-03-05T15:17:47+08:00][error] 错误信息:controller not exists:app\controller\LjEZs
[2026-03-05T15:18:08+08:00][error] 错误信息:controller not exists:app\controller\LjEZs
[2026-03-05T15:18:50+08:00][error] 错误信息:controller not exists:app\controller\LjEZs
[2026-03-05T15:19:15+08:00][error] 错误信息:controller not exists:app\controller\LjEZs
[2026-03-05T15:19:39+08:00][error] 错误信息:controller not exists:app\controller\arm7\Nn
[2026-03-05T15:20:09+08:00][error] 错误信息:controller not exists:app\controller\M68k68xxx
[2026-03-05T15:20:48+08:00][error] 错误信息:controller not exists:app\controller\a-r\m-4\Sakura
[2026-03-05T15:21:33+08:00][error] 错误信息:controller not exists:app\controller\m-p\s-l\Sakura
[2026-03-05T15:21:56+08:00][error] 错误信息:controller not exists:app\controller\a-r\m-6\Sakura
[2026-03-05T15:22:37+08:00][error] 错误信息:controller not exists:app\controller\m-6\8-k\Sakura
[2026-03-05T15:23:09+08:00][error] 错误信息:controller not exists:app\controller\m-i\p-s\Sakura
[2026-03-05T15:23:58+08:00][error] 错误信息:controller not exists:app\controller\x86_64\Dbg
[2026-03-05T15:24:09+08:00][error] 错误信息:controller not exists:app\controller\ShSh4
[2026-03-05T15:25:22+08:00][error] 错误信息:controller not exists:app\controller\Aarch64be
[2026-03-05T15:25:50+08:00][error] 错误信息:controller not exists:app\controller\Powerpc440fp
[2026-03-05T15:26:30+08:00][error] 错误信息:controller not exists:app\controller\Microblazebe
[2026-03-05T15:26:44+08:00][error] 错误信息:controller not exists:app\controller\Arcle750d
[2026-03-05T15:26:46+08:00][error] 错误信息:controller not exists:app\controller\Arcle750d
[2026-03-05T15:27:35+08:00][error] 错误信息:controller not exists:app\controller\X8664
[2026-03-05T15:28:27+08:00][error] 错误信息:controller not exists:app\controller\ArcleHs38
[2026-03-05T15:28:40+08:00][error] 错误信息:controller not exists:app\controller\Microblazeel
[2026-03-05T15:29:23+08:00][error] 错误信息:controller not exists:app\controller\Index
[2026-03-05T15:29:26+08:00][error] 错误信息:controller not exists:app\controller\p-p\c-\Sakura
[2026-03-05T15:29:35+08:00][error] 错误信息:controller not exists:app\controller\x-8\6-\Sakura
[2026-03-05T15:30:31+08:00][error] 错误信息:controller not exists:app\controller\a-r\m-5\Sakura
[2026-03-05T15:31:23+08:00][error] 错误信息:controller not exists:app\controller\i-5\8-6\Sakura
[2026-03-05T15:31:47+08:00][error] 错误信息:controller not exists:app\controller\x-3\2-\Sakura
[2026-03-05T15:32:56+08:00][error] 错误信息:controller not exists:app\controller\a-r\m-7\Sakura
[2026-03-05T15:33:21+08:00][error] 错误信息:controller not exists:app\controller\s-h\4-\Sakura
[2026-03-05T15:34:08+08:00][error] 错误信息:controller not exists:app\controller\Cnc
[2026-03-05T15:34:11+08:00][error] 错误信息:controller not exists:app\controller\Cnc
[2026-03-05T15:34:34+08:00][error] 错误信息:controller not exists:app\controller\Z
[2026-03-05T15:35:33+08:00][error] 错误信息:controller not exists:app\controller\Z
[2026-03-05T15:36:44+08:00][error] 错误信息:controller not exists:app\controller\Z
[2026-03-05T15:36:47+08:00][error] 错误信息:controller not exists:app\controller\Z
[2026-03-05T15:37:07+08:00][error] 错误信息:controller not exists:app\controller\Z
[2026-03-05T15:38:20+08:00][error] 错误信息:controller not exists:app\controller\Z
[2026-03-05T15:39:02+08:00][error] 错误信息:controller not exists:app\controller\Z
[2026-03-05T15:39:25+08:00][error] 错误信息:controller not exists:app\controller\Z
[2026-03-05T15:39:56+08:00][error] 错误信息:controller not exists:app\controller\Index
[2026-03-05T15:40:20+08:00][error] 错误信息:controller not exists:app\controller\Rtz
[2026-03-05T15:41:29+08:00][error] 错误信息:controller not exists:app\controller\Z
[2026-03-05T15:42:01+08:00][error] 错误信息:controller not exists:app\controller\Z
[2026-03-05T15:43:09+08:00][error] 错误信息:controller not exists:app\controller\Z
[2026-03-05T15:43:45+08:00][error] 错误信息:controller not exists:app\controller\Z
[2026-03-05T15:44:32+08:00][error] 错误信息:controller not exists:app\controller\Z
[2026-03-05T15:45:06+08:00][error] 错误信息:controller not exists:app\controller\Z
[2026-03-05T15:45:33+08:00][error] 错误信息:controller not exists:app\controller\Z
[2026-03-05T15:45:47+08:00][error] 错误信息:controller not exists:app\controller\Z
[2026-03-05T15:46:41+08:00][error] 错误信息:controller not exists:app\controller\Z
[2026-03-05T15:46:44+08:00][error] 错误信息:controller not exists:app\controller\Z
[2026-03-05T15:47:18+08:00][error] 错误信息:controller not exists:app\controller\SDK
[2026-03-05T15:47:40+08:00][error] 错误信息:controller not exists:app\controller\Z
[2026-03-05T15:49:04+08:00][error] 错误信息:controller not exists:app\controller\Z
[2026-03-05T15:49:51+08:00][error] 错误信息:controller not exists:app\controller\Z
[2026-03-05T15:49:59+08:00][error] 错误信息:controller not exists:app\controller\Index
[2026-03-05T15:50:55+08:00][error] 错误信息:controller not exists:app\controller\Z
[2026-03-05T15:50:58+08:00][error] 错误信息:controller not exists:app\controller\Z
[2026-03-05T15:51:22+08:00][error] 错误信息:controller not exists:app\controller\Z
[2026-03-05T15:52:49+08:00][error] 错误信息:controller not exists:app\controller\Z
[2026-03-05T15:53:02+08:00][error] 错误信息:controller not exists:app\controller\Z
[2026-03-05T15:54:07+08:00][error] 错误信息:controller not exists:app\controller\Z
[2026-03-05T15:55:39+08:00][error] 错误信息:controller not exists:app\controller\Z
[2026-03-05T15:56:57+08:00][error] 错误信息:controller not exists:app\controller\Z
[2026-03-05T15:57:28+08:00][error] 错误信息:controller not exists:app\controller\Arm
[2026-03-05T15:58:51+08:00][error] 错误信息:controller not exists:app\controller\hanoi\X86
[2026-03-05T15:59:46+08:00][error] 错误信息:controller not exists:app\controller\rondo\I486
[2026-03-05T16:00:01+08:00][error] 错误信息:controller not exists:app\controller\rondo\Powerpc
[2026-03-05T16:00:58+08:00][error] 错误信息:controller not exists:app\controller\rondo\Mips
[2026-03-05T16:02:37+08:00][error] 错误信息:controller not exists:app\controller\rondo\Armv4l
[2026-03-05T16:04:48+08:00][error] 错误信息:controller not exists:app\controller\rondo\M68k
[2026-03-05T16:04:52+08:00][error] 错误信息:controller not exists:app\controller\rondo\M68k
[2026-03-05T16:05:26+08:00][error] 错误信息:controller not exists:app\controller\rondo\Arc700
[2026-03-05T16:05:46+08:00][error] 错误信息:controller not exists:app\controller\Index
[2026-03-05T16:07:01+08:00][error] 错误信息:controller not exists:app\controller\rondo\Mipsel
[2026-03-05T16:07:29+08:00][error] 错误信息:controller not exists:app\controller\rondo\Fbsdarm64
[2026-03-05T16:09:14+08:00][error] 错误信息:controller not exists:app\controller\rondo\X8664
[2026-03-05T16:09:42+08:00][error] 错误信息:controller not exists:app\controller\rondo\I586
[2026-03-05T16:10:30+08:00][error] 错误信息:controller not exists:app\controller\rondo\Fbsdamd64
[2026-03-05T16:12:11+08:00][error] 错误信息:controller not exists:app\controller\rondo\Sparc
[2026-03-05T16:12:13+08:00][error] 错误信息:controller not exists:app\controller\Index
[2026-03-05T16:12:52+08:00][error] 错误信息:controller not exists:app\controller\rondo\I686
[2026-03-05T16:14:03+08:00][error] 错误信息:controller not exists:app\controller\rondo\Armv7l
[2026-03-05T16:15:01+08:00][error] 错误信息:controller not exists:app\controller\rondo\Armv5l
[2026-03-05T16:16:30+08:00][error] 错误信息:controller not exists:app\controller\rondo\Fbsdpowerpc
[2026-03-05T16:17:50+08:00][error] 错误信息:controller not exists:app\controller\rondo\Sh4
[2026-03-05T16:17:54+08:00][error] 错误信息:controller not exists:app\controller\rondo\Sh4
[2026-03-05T16:18:29+08:00][error] 错误信息:controller not exists:app\controller\rondo\Armv6l
[2026-03-05T16:19:53+08:00][error] 错误信息:controller not exists:app\controller\rondo\Powerpc440fp
[2026-03-05T16:19:56+08:00][error] 错误信息:controller not exists:app\controller\rondo\Powerpc440fp
[2026-03-05T16:22:09+08:00][error] 错误信息:controller not exists:app\controller\Bins
[2026-03-05T16:23:09+08:00][error] 错误信息:controller not exists:app\controller\Index
[2026-03-05T16:23:14+08:00][error] 错误信息:controller not exists:app\controller\HBTs
[2026-03-05T16:23:19+08:00][error] 错误信息:controller not exists:app\controller\Index
[2026-03-05T16:23:40+08:00][error] 错误信息:controller not exists:app\controller\HBTs
[2026-03-05T16:25:26+08:00][error] 错误信息:controller not exists:app\controller\Bins
[2026-03-05T16:27:18+08:00][error] 错误信息:controller not exists:app\controller\Bins
[2026-03-05T16:27:34+08:00][error] 错误信息:controller not exists:app\controller\Bins
[2026-03-05T16:28:40+08:00][error] 错误信息:controller not exists:app\controller\Hiddenbin
[2026-03-05T16:28:43+08:00][error] 错误信息:controller not exists:app\controller\Hiddenbin
[2026-03-05T16:30:34+08:00][error] 错误信息:controller not exists:app\controller\Mips64
[2026-03-05T16:31:59+08:00][error] 错误信息:controller not exists:app\controller\Whoareyou
[2026-03-05T16:32:00+08:00][error] 错误信息:controller not exists:app\controller\Index
[2026-03-05T16:32:03+08:00][error] 错误信息:controller not exists:app\controller\Whoareyou
[2026-03-05T16:33:03+08:00][error] 错误信息:controller not exists:app\controller\Whoareyou
[2026-03-05T16:34:39+08:00][error] 错误信息:controller not exists:app\controller\Whoareyou
[2026-03-05T16:35:28+08:00][error] 错误信息:controller not exists:app\controller\Whoareyou
[2026-03-05T16:36:37+08:00][error] 错误信息:controller not exists:app\controller\Whoareyou
[2026-03-05T16:36:40+08:00][error] 错误信息:controller not exists:app\controller\Whoareyou
[2026-03-05T16:38:32+08:00][error] 错误信息:controller not exists:app\controller\Whoareyou
[2026-03-05T16:38:35+08:00][error] 错误信息:controller not exists:app\controller\Whoareyou
[2026-03-05T16:39:03+08:00][error] 错误信息:controller not exists:app\controller\Whoareyou
[2026-03-05T16:40:52+08:00][error] 错误信息:controller not exists:app\controller\Whoareyou
[2026-03-05T16:40:56+08:00][error] 错误信息:controller not exists:app\controller\Whoareyou
[2026-03-05T16:42:09+08:00][error] 错误信息:controller not exists:app\controller\Whoareyou
[2026-03-05T16:42:21+08:00][error] 错误信息:controller not exists:app\controller\Whoareyou
[2026-03-05T16:43:25+08:00][error] 错误信息:controller not exists:app\controller\hello\World
[2026-03-05T16:43:28+08:00][error] 错误信息:controller not exists:app\controller\Index
[2026-03-05T16:44:13+08:00][error] 错误信息:controller not exists:app\controller\Whoareyou
[2026-03-05T16:45:03+08:00][error] 错误信息:controller not exists:app\controller\Whoareyou
[2026-03-05T16:45:06+08:00][error] 错误信息:controller not exists:app\controller\Whoareyou
[2026-03-05T16:46:39+08:00][error] 错误信息:controller not exists:app\controller\Bins
[2026-03-05T16:47:53+08:00][error] 错误信息:controller not exists:app\controller\Bins
[2026-03-05T16:48:53+08:00][error] 错误信息:controller not exists:app\controller\Bins
[2026-03-05T16:48:56+08:00][error] 错误信息:controller not exists:app\controller\Bins
[2026-03-05T16:50:54+08:00][error] 错误信息:controller not exists:app\controller\Bins
[2026-03-05T16:52:15+08:00][error] 错误信息:controller not exists:app\controller\Bins
[2026-03-05T16:52:18+08:00][error] 错误信息:controller not exists:app\controller\Bins
[2026-03-05T16:52:45+08:00][error] 错误信息:controller not exists:app\controller\Bins
[2026-03-05T16:52:48+08:00][error] 错误信息:controller not exists:app\controller\Bins
[2026-03-05T16:53:42+08:00][error] 错误信息:controller not exists:app\controller\Bins
[2026-03-05T16:54:33+08:00][error] 错误信息:controller not exists:app\controller\Bins
[2026-03-05T16:55:59+08:00][error] 错误信息:controller not exists:app\controller\Index
[2026-03-05T16:56:19+08:00][error] 错误信息:controller not exists:app\controller\Bins
[2026-03-05T16:56:33+08:00][error] 错误信息:controller not exists:app\controller\Index
[2026-03-05T16:57:04+08:00][error] 错误信息:controller not exists:app\controller\Bins
[2026-03-05T16:58:06+08:00][error] 错误信息:controller not exists:app\controller\Bins
[2026-03-05T16:58:36+08:00][error] 错误信息:controller not exists:app\controller\Login
[2026-03-05T16:58:50+08:00][error] 错误信息:controller not exists:app\controller\Tpxvd6kga7pn18esi
[2026-03-05T16:58:54+08:00][error] 错误信息:controller not exists:app\controller\Bins
[2026-03-05T16:59:53+08:00][error] 错误信息:controller not exists:app\controller\Hiddenbin
[2026-03-05T17:00:32+08:00][error] 错误信息:controller not exists:app\controller\HBTs
[2026-03-05T17:01:47+08:00][error] 错误信息:controller not exists:app\controller\HBTs
[2026-03-05T17:02:11+08:00][error] 错误信息:controller not exists:app\controller\HBTs
[2026-03-05T17:02:59+08:00][error] 错误信息:controller not exists:app\controller\HBTs
[2026-03-05T17:03:48+08:00][error] 错误信息:controller not exists:app\controller\HBTs
[2026-03-05T17:04:40+08:00][error] 错误信息:controller not exists:app\controller\HBTs
[2026-03-05T17:05:09+08:00][error] 错误信息:controller not exists:app\controller\HBTs
[2026-03-05T17:05:57+08:00][error] 错误信息:controller not exists:app\controller\HBTs
[2026-03-05T17:06:43+08:00][error] 错误信息:controller not exists:app\controller\HBTs
[2026-03-05T17:07:43+08:00][error] 错误信息:controller not exists:app\controller\HBTs
[2026-03-05T17:08:15+08:00][error] 错误信息:controller not exists:app\controller\HBTs
[2026-03-05T17:09:23+08:00][error] 错误信息:controller not exists:app\controller\Shell
[2026-03-05T17:09:26+08:00][error] 错误信息:controller not exists:app\controller\HBTs
[2026-03-05T17:09:55+08:00][error] 错误信息:controller not exists:app\controller\m68k\Nn
[2026-03-05T17:10:39+08:00][error] 错误信息:controller not exists:app\controller\mipsel\Nn
[2026-03-05T17:11:36+08:00][error] 错误信息:controller not exists:app\controller\x86_64\Nn
[2026-03-05T17:11:41+08:00][error] 错误信息:controller not exists:app\controller\x86_32\Nn
[2026-03-05T17:11:43+08:00][error] 错误信息:controller not exists:app\controller\x86_64\Nn
[2026-03-05T17:12:21+08:00][error] 错误信息:controller not exists:app\controller\sh4\Nn
[2026-03-05T17:13:14+08:00][error] 错误信息:controller not exists:app\controller\mips\Nn
[2026-03-05T17:13:35+08:00][error] 错误信息:controller not exists:app\controller\sparc\Nn
[2026-03-05T17:13:38+08:00][error] 错误信息:controller not exists:app\controller\sparc\Nn
[2026-03-05T17:14:42+08:00][error] 错误信息:controller not exists:app\controller\powerpc\Nn
[2026-03-05T17:14:47+08:00][error] 错误信息:controller not exists:app\controller\Linux
[2026-03-05T17:15:39+08:00][error] 错误信息:controller not exists:app\controller\Huhu
[2026-03-05T17:16:10+08:00][error] 错误信息:controller not exists:app\controller\Huhu
[2026-03-05T17:17:02+08:00][error] 错误信息:controller not exists:app\controller\Bins
[2026-03-05T17:17:32+08:00][error] 错误信息:controller not exists:app\controller\Huhu
[2026-03-05T17:18:02+08:00][error] 错误信息:controller not exists:app\controller\Huhu
[2026-03-05T17:18:04+08:00][error] 错误信息:controller not exists:app\controller\Huhu
[2026-03-05T17:18:27+08:00][error] 错误信息:controller not exists:app\controller\Huhu
[2026-03-05T17:19:35+08:00][error] 错误信息:controller not exists:app\controller\Huhu
[2026-03-05T17:20:07+08:00][error] 错误信息:controller not exists:app\controller\Huhu
[2026-03-05T17:20:34+08:00][error] 错误信息:controller not exists:app\controller\Huhu
[2026-03-05T17:20:58+08:00][error] 错误信息:controller not exists:app\controller\Huhu
[2026-03-05T17:20:59+08:00][error] 错误信息:controller not exists:app\controller\Index
[2026-03-05T17:21:14+08:00][error] 错误信息:controller not exists:app\controller\Index
[2026-03-05T17:21:21+08:00][error] 错误信息:controller not exists:app\controller\Huhu
[2026-03-05T17:22:33+08:00][error] 错误信息:controller not exists:app\controller\Huhu
[2026-03-05T17:22:49+08:00][error] 错误信息:controller not exists:app\controller\Huhu
[2026-03-05T17:23:34+08:00][error] 错误信息:controller not exists:app\controller\Huhu
[2026-03-05T17:24:00+08:00][error] 错误信息:controller not exists:app\controller\Huhu
[2026-03-05T17:24:41+08:00][error] 错误信息:controller not exists:app\controller\Huhu
[2026-03-05T17:25:33+08:00][error] 错误信息:controller not exists:app\controller\Huhu
[2026-03-05T17:25:57+08:00][error] 错误信息:controller not exists:app\controller\0010101010100101101010111010101
[2026-03-05T17:26:24+08:00][error] 错误信息:controller not exists:app\controller\0010101010100101101010111010101
[2026-03-05T17:27:23+08:00][error] 错误信息:controller not exists:app\controller\0010101010100101101010111010101
[2026-03-05T17:27:53+08:00][error] 错误信息:controller not exists:app\controller\0010101010100101101010111010101
[2026-03-05T17:28:10+08:00][error] 错误信息:controller not exists:app\controller\0010101010100101101010111010101
[2026-03-05T17:29:16+08:00][error] 错误信息:controller not exists:app\controller\0010101010100101101010111010101
[2026-03-05T17:29:37+08:00][error] 错误信息:controller not exists:app\controller\0010101010100101101010111010101
[2026-03-05T17:30:14+08:00][error] 错误信息:controller not exists:app\controller\0010101010100101101010111010101
[2026-03-05T17:30:57+08:00][error] 错误信息:controller not exists:app\controller\0010101010100101101010111010101
[2026-03-05T17:31:26+08:00][error] 错误信息:controller not exists:app\controller\0010101010100101101010111010101
[2026-03-05T17:32:03+08:00][error] 错误信息:controller not exists:app\controller\0010101010100101101010111010101
[2026-03-05T17:32:42+08:00][error] 错误信息:controller not exists:app\controller\0010101010100101101010111010101
[2026-03-05T17:33:06+08:00][error] 错误信息:controller not exists:app\controller\0010101010100101101010111010101
[2026-03-05T17:33:40+08:00][error] 错误信息:controller not exists:app\controller\0010101010100101101010111010101
[2026-03-05T17:34:54+08:00][error] 错误信息:controller not exists:app\controller\Harm6
[2026-03-05T17:35:07+08:00][error] 错误信息:controller not exists:app\controller\phanes\Mips
[2026-03-05T17:35:47+08:00][error] 错误信息:controller not exists:app\controller\phanes\Arm6
[2026-03-05T17:36:07+08:00][error] 错误信息:controller not exists:app\controller\phanes\Arm7
[2026-03-05T17:37:27+08:00][error] 错误信息:controller not exists:app\controller\phanes\Mpsl
[2026-03-05T17:37:55+08:00][error] 错误信息:controller not exists:app\controller\phanes\Ppc
[2026-03-05T17:38:22+08:00][error] 错误信息:controller not exists:app\controller\phanes\X86
[2026-03-05T17:38:52+08:00][error] 错误信息:controller not exists:app\controller\404
[2026-03-05T17:38:53+08:00][error] 错误信息:controller not exists:app\controller\404
[2026-03-05T17:38:54+08:00][error] 错误信息:controller not exists:app\controller\404
[2026-03-05T17:38:55+08:00][error] 错误信息:controller not exists:app\controller\404
[2026-03-05T17:38:55+08:00][error] 错误信息:controller not exists:app\controller\404
[2026-03-05T17:38:55+08:00][error] 错误信息:controller not exists:app\controller\404
[2026-03-05T17:38:56+08:00][error] 错误信息:controller not exists:app\controller\404
[2026-03-05T17:38:56+08:00][error] 错误信息:controller not exists:app\controller\404
[2026-03-05T17:38:56+08:00][error] 错误信息:controller not exists:app\controller\404
[2026-03-05T17:38:56+08:00][error] 错误信息:controller not exists:app\controller\404
[2026-03-05T17:38:57+08:00][error] 错误信息:controller not exists:app\controller\404
[2026-03-05T17:38:58+08:00][error] 错误信息:controller not exists:app\controller\404
[2026-03-05T17:38:58+08:00][error] 错误信息:controller not exists:app\controller\404
[2026-03-05T17:38:58+08:00][error] 错误信息:controller not exists:app\controller\404
[2026-03-05T17:38:59+08:00][error] 错误信息:controller not exists:app\controller\404
[2026-03-05T17:38:59+08:00][error] 错误信息:controller not exists:app\controller\404
[2026-03-05T17:39:00+08:00][error] 错误信息:controller not exists:app\controller\404
[2026-03-05T17:39:01+08:00][error] 错误信息:controller not exists:app\controller\404
[2026-03-05T17:39:02+08:00][error] 错误信息:controller not exists:app\controller\404
[2026-03-05T17:39:02+08:00][error] 错误信息:controller not exists:app\controller\404
[2026-03-05T17:39:03+08:00][error] 错误信息:controller not exists:app\controller\404
[2026-03-05T17:39:03+08:00][error] 错误信息:controller not exists:app\controller\404
[2026-03-05T17:39:04+08:00][error] 错误信息:controller not exists:app\controller\404
[2026-03-05T17:39:05+08:00][error] 错误信息:controller not exists:app\controller\404
[2026-03-05T17:39:05+08:00][error] 错误信息:controller not exists:app\controller\404
[2026-03-05T17:39:06+08:00][error] 错误信息:controller not exists:app\controller\404
[2026-03-05T17:39:07+08:00][error] 错误信息:controller not exists:app\controller\404
[2026-03-05T17:39:07+08:00][error] 错误信息:controller not exists:app\controller\404
[2026-03-05T17:39:08+08:00][error] 错误信息:controller not exists:app\controller\404
[2026-03-05T17:39:08+08:00][error] 错误信息:controller not exists:app\controller\404
[2026-03-05T17:39:08+08:00][error] 错误信息:controller not exists:app\controller\404
[2026-03-05T17:39:09+08:00][error] 错误信息:controller not exists:app\controller\404
[2026-03-05T17:39:09+08:00][error] 错误信息:controller not exists:app\controller\404
[2026-03-05T17:39:09+08:00][error] 错误信息:controller not exists:app\controller\404
[2026-03-05T17:39:09+08:00][error] 错误信息:controller not exists:app\controller\404
[2026-03-05T17:39:09+08:00][error] 错误信息:controller not exists:app\controller\404
[2026-03-05T17:39:10+08:00][error] 错误信息:controller not exists:app\controller\404
[2026-03-05T17:39:10+08:00][error] 错误信息:controller not exists:app\controller\404
[2026-03-05T17:39:10+08:00][error] 错误信息:controller not exists:app\controller\404
[2026-03-05T17:39:10+08:00][error] 错误信息:controller not exists:app\controller\404
[2026-03-05T17:39:10+08:00][error] 错误信息:controller not exists:app\controller\404
[2026-03-05T17:39:10+08:00][error] 错误信息:controller not exists:app\controller\404
[2026-03-05T17:39:11+08:00][error] 错误信息:controller not exists:app\controller\404
[2026-03-05T17:39:11+08:00][error] 错误信息:controller not exists:app\controller\404
[2026-03-05T17:39:12+08:00][error] 错误信息:controller not exists:app\controller\404
[2026-03-05T17:39:12+08:00][error] 错误信息:controller not exists:app\controller\404
[2026-03-05T17:39:13+08:00][error] 错误信息:controller not exists:app\controller\404
[2026-03-05T17:39:14+08:00][error] 错误信息:controller not exists:app\controller\404
[2026-03-05T17:39:14+08:00][error] 错误信息:controller not exists:app\controller\404
[2026-03-05T17:39:15+08:00][error] 错误信息:controller not exists:app\controller\404
[2026-03-05T17:39:15+08:00][error] 错误信息:controller not exists:app\controller\404
[2026-03-05T17:39:16+08:00][error] 错误信息:controller not exists:app\controller\404
[2026-03-05T17:39:16+08:00][error] 错误信息:controller not exists:app\controller\404
[2026-03-05T17:39:16+08:00][error] 错误信息:controller not exists:app\controller\phanes\Arm5
[2026-03-05T17:39:16+08:00][error] 错误信息:controller not exists:app\controller\404
[2026-03-05T17:39:16+08:00][error] 错误信息:controller not exists:app\controller\404
[2026-03-05T17:39:43+08:00][error] 错误信息:controller not exists:app\controller\phanes\Sh4
[2026-03-05T17:40:01+08:00][error] 错误信息:controller not exists:app\controller\phanes\Arm
[2026-03-05T17:40:03+08:00][error] 错误信息:controller not exists:app\controller\phanes\Arm
[2026-03-05T17:40:47+08:00][error] 错误信息:controller not exists:app\controller\phanes\Arc
[2026-03-05T17:41:42+08:00][error] 错误信息:controller not exists:app\controller\Bins
[2026-03-05T17:42:01+08:00][error] 错误信息:controller not exists:app\controller\Bins
[2026-03-05T17:42:33+08:00][error] 错误信息:controller not exists:app\controller\lol\Arm
[2026-03-05T17:43:30+08:00][error] 错误信息:controller not exists:app\controller\lol\Mips
[2026-03-05T17:43:57+08:00][error] 错误信息:controller not exists:app\controller\J
[2026-03-05T17:45:02+08:00][error] 错误信息:controller not exists:app\controller\J
[2026-03-05T17:45:36+08:00][error] 错误信息:controller not exists:app\controller\J
[2026-03-05T17:45:50+08:00][error] 错误信息:controller not exists:app\controller\J
[2026-03-05T17:46:47+08:00][error] 错误信息:controller not exists:app\controller\Index
[2026-03-05T17:47:04+08:00][error] 错误信息:controller not exists:app\controller\J
[2026-03-05T17:47:18+08:00][error] 错误信息:controller not exists:app\controller\J
[2026-03-05T17:48:07+08:00][error] 错误信息:controller not exists:app\controller\J
[2026-03-05T17:48:32+08:00][error] 错误信息:controller not exists:app\controller\Ppc4fp
[2026-03-05T17:50:06+08:00][error] 错误信息:controller not exists:app\controller\Bins
[2026-03-05T17:50:45+08:00][error] 错误信息:controller not exists:app\controller\Bins
[2026-03-05T17:50:56+08:00][error] 错误信息:controller not exists:app\controller\Bins
[2026-03-05T17:52:16+08:00][error] 错误信息:controller not exists:app\controller\Bins
[2026-03-05T17:52:21+08:00][error] 错误信息:controller not exists:app\controller\Bins
[2026-03-05T17:53:07+08:00][error] 错误信息:controller not exists:app\controller\Bins
[2026-03-05T17:53:50+08:00][error] 错误信息:controller not exists:app\controller\Bins
[2026-03-05T17:54:36+08:00][error] 错误信息:controller not exists:app\controller\Bins
[2026-03-05T17:55:38+08:00][error] 错误信息:controller not exists:app\controller\Bins
[2026-03-05T17:56:50+08:00][error] 错误信息:controller not exists:app\controller\Bins
[2026-03-05T17:57:16+08:00][error] 错误信息:controller not exists:app\controller\Arm61
[2026-03-05T17:57:51+08:00][error] 错误信息:controller not exists:app\controller\Co
[2026-03-05T17:58:34+08:00][error] 错误信息:controller not exists:app\controller\Dss
[2026-03-05T17:59:33+08:00][error] 错误信息:controller not exists:app\controller\586
[2026-03-05T18:00:26+08:00][error] 错误信息:controller not exists:app\controller\Cron
[2026-03-05T18:01:14+08:00][error] 错误信息:controller not exists:app\controller\Katrina
[2026-03-05T18:02:24+08:00][error] 错误信息:controller not exists:app\controller\Rsyslogd
[2026-03-05T18:03:13+08:00][error] 错误信息:controller not exists:app\controller\System
[2026-03-05T18:03:15+08:00][error] 错误信息:controller not exists:app\controller\System
[2026-03-05T18:04:06+08:00][error] 错误信息:controller not exists:app\controller\DbusDaemon
[2026-03-05T18:05:03+08:00][error] 错误信息:controller not exists:app\controller\Getty
[2026-03-05T18:05:49+08:00][error] 错误信息:controller not exists:app\controller\Agetty
[2026-03-05T18:06:00+08:00][error] 错误信息:controller not exists:app\controller\Ssh
[2026-03-05T18:07:17+08:00][error] 错误信息:controller not exists:app\controller\Telnetd
[2026-03-05T18:07:54+08:00][error] 错误信息:controller not exists:app\controller\Klogd
[2026-03-05T18:08:20+08:00][error] 错误信息:controller not exists:app\controller\Bns
[2026-03-05T18:08:31+08:00][error] 错误信息:controller not exists:app\controller\Bns
[2026-03-05T18:08:39+08:00][error] 错误信息:controller not exists:app\controller\Bns
[2026-03-05T18:08:53+08:00][error] 错误信息:controller not exists:app\controller\Bns
[2026-03-05T18:09:03+08:00][error] 错误信息:controller not exists:app\controller\Bns
[2026-03-05T18:09:05+08:00][error] 错误信息:controller not exists:app\controller\Bns
[2026-03-05T18:09:16+08:00][error] 错误信息:controller not exists:app\controller\Bns
[2026-03-05T18:09:39+08:00][error] 错误信息:controller not exists:app\controller\Bns
[2026-03-05T18:09:46+08:00][error] 错误信息:controller not exists:app\controller\Bns
[2026-03-05T18:09:56+08:00][error] 错误信息:controller not exists:app\controller\Bns
[2026-03-05T18:10:08+08:00][error] 错误信息:controller not exists:app\controller\Mig
[2026-03-05T18:10:23+08:00][error] 错误信息:controller not exists:app\controller\J
[2026-03-05T18:10:29+08:00][error] 错误信息:controller not exists:app\controller\J
[2026-03-05T18:10:42+08:00][error] 错误信息:controller not exists:app\controller\J
[2026-03-05T18:10:51+08:00][error] 错误信息:controller not exists:app\controller\J
[2026-03-05T18:11:11+08:00][error] 错误信息:controller not exists:app\controller\J
[2026-03-05T18:11:20+08:00][error] 错误信息:controller not exists:app\controller\J
[2026-03-05T18:11:35+08:00][error] 错误信息:controller not exists:app\controller\J
[2026-03-05T18:11:47+08:00][error] 错误信息:controller not exists:app\controller\Ntpd
[2026-03-05T18:11:56+08:00][error] 错误信息:controller not exists:app\controller\Openssh
[2026-03-05T18:12:08+08:00][error] 错误信息:controller not exists:app\controller\Wget
[2026-03-05T18:12:10+08:00][error] 错误信息:controller not exists:app\controller\Ftp
[2026-03-05T18:12:26+08:00][error] 错误信息:controller not exists:app\controller\Apache2
[2026-03-05T18:12:38+08:00][error] 错误信息:controller not exists:app\controller\Bash
[2026-03-05T18:12:46+08:00][error] 错误信息:controller not exists:app\controller\Tftp
[2026-03-05T18:12:51+08:00][error] 错误信息:controller not exists:app\controller\Index
[2026-03-05T18:13:02+08:00][error] 错误信息:controller not exists:app\controller\Pftp
[2026-03-05T18:13:20+08:00][error] 错误信息:controller not exists:app\controller\Index
[2026-03-05T18:13:20+08:00][error] 错误信息:controller not exists:app\controller\J
[2026-03-05T18:13:28+08:00][error] 错误信息:controller not exists:app\controller\J
[2026-03-05T18:13:45+08:00][error] 错误信息:controller not exists:app\controller\J
[2026-03-05T18:14:00+08:00][error] 错误信息:controller not exists:app\controller\Update
[2026-03-05T18:14:08+08:00][error] 错误信息:controller not exists:app\controller\miraint\Arm5n
[2026-03-05T18:14:17+08:00][error] 错误信息:controller not exists:app\controller\mirai\Arm
[2026-03-05T18:14:30+08:00][error] 错误信息:controller not exists:app\controller\mirai\Mips
[2026-03-05T18:14:35+08:00][error] 错误信息:controller not exists:app\controller\mirai\X86
[2026-03-05T18:15:00+08:00][error] 错误信息:controller not exists:app\controller\mirai\Arm5n
[2026-03-05T18:15:23+08:00][error] 错误信息:controller not exists:app\controller\Vv
[2026-03-05T18:15:34+08:00][error] 错误信息:controller not exists:app\controller\Vv
[2026-03-05T18:15:44+08:00][error] 错误信息:controller not exists:app\controller\Vv
[2026-03-05T18:15:59+08:00][error] 错误信息:controller not exists:app\controller\Vv
[2026-03-05T18:16:08+08:00][error] 错误信息:controller not exists:app\controller\Vv
[2026-03-05T18:16:12+08:00][error] 错误信息:controller not exists:app\controller\Vv
[2026-03-05T18:16:34+08:00][error] 错误信息:controller not exists:app\controller\Vv
[2026-03-05T18:16:46+08:00][error] 错误信息:controller not exists:app\controller\Vv
[2026-03-05T18:16:49+08:00][error] 错误信息:controller not exists:app\controller\Vv
[2026-03-05T18:17:12+08:00][error] 错误信息:controller not exists:app\controller\Vv
[2026-03-05T18:17:30+08:00][error] 错误信息:controller not exists:app\controller\Vv
[2026-03-05T18:17:52+08:00][error] 错误信息:controller not exists:app\controller\Vv
[2026-03-05T18:18:07+08:00][error] 错误信息:controller not exists:app\controller\Vv
[2026-03-05T18:18:09+08:00][error] 错误信息:controller not exists:app\controller\Index
[2026-03-05T18:18:33+08:00][error] 错误信息:controller not exists:app\controller\010100110101010
[2026-03-05T18:18:49+08:00][error] 错误信息:controller not exists:app\controller\010100110101010
[2026-03-05T18:19:12+08:00][error] 错误信息:controller not exists:app\controller\010100110101010
[2026-03-05T18:19:24+08:00][error] 错误信息:controller not exists:app\controller\010100110101010
[2026-03-05T18:19:44+08:00][error] 错误信息:controller not exists:app\controller\010100110101010
[2026-03-05T18:19:57+08:00][error] 错误信息:controller not exists:app\controller\010100110101010
[2026-03-05T18:20:06+08:00][error] 错误信息:controller not exists:app\controller\010100110101010
[2026-03-05T18:20:30+08:00][error] 错误信息:controller not exists:app\controller\010100110101010
[2026-03-05T18:20:39+08:00][error] 错误信息:controller not exists:app\controller\010100110101010
[2026-03-05T18:20:49+08:00][error] 错误信息:controller not exists:app\controller\010100110101010
[2026-03-05T18:21:13+08:00][error] 错误信息:controller not exists:app\controller\010100110101010
[2026-03-05T18:21:43+08:00][error] 错误信息:controller not exists:app\controller\010100110101010
[2026-03-05T18:21:52+08:00][error] 错误信息:controller not exists:app\controller\010100110101010
[2026-03-05T18:22:12+08:00][error] 错误信息:controller not exists:app\controller\010100110101010
[2026-03-05T18:22:20+08:00][error] 错误信息:controller not exists:app\controller\010100110101010
[2026-03-05T18:22:35+08:00][error] 错误信息:controller not exists:app\controller\T
[2026-03-05T18:22:51+08:00][error] 错误信息:controller not exists:app\controller\fghe3tj\I686
[2026-03-05T18:23:05+08:00][error] 错误信息:controller not exists:app\controller\fghe3tj\X8664
[2026-03-05T18:23:22+08:00][error] 错误信息:controller not exists:app\controller\fghe3tj\Ppc
[2026-03-05T18:23:45+08:00][error] 错误信息:controller not exists:app\controller\fghe3tj\M68k
[2026-03-05T18:24:19+08:00][error] 错误信息:controller not exists:app\controller\fghe3tj\X86
[2026-03-05T18:24:28+08:00][error] 错误信息:controller not exists:app\controller\fghe3tj\Mips
[2026-03-05T18:24:40+08:00][error] 错误信息:controller not exists:app\controller\fghe3tj\Spc
[2026-03-05T18:24:53+08:00][error] 错误信息:controller not exists:app\controller\fghe3tj\Mpsl
[2026-03-05T18:25:10+08:00][error] 错误信息:controller not exists:app\controller\fghe3tj\Arc
[2026-03-05T18:25:26+08:00][error] 错误信息:controller not exists:app\controller\neon\I686
[2026-03-05T18:25:56+08:00][error] 错误信息:controller not exists:app\controller\Dwrioej
[2026-03-05T18:26:24+08:00][error] 错误信息:controller not exists:app\controller\Dwrioej
[2026-03-05T18:26:47+08:00][error] 错误信息:controller not exists:app\controller\Dwrioej
[2026-03-05T18:27:09+08:00][error] 错误信息:controller not exists:app\controller\Dwrioej
[2026-03-05T18:27:15+08:00][error] 错误信息:controller not exists:app\controller\Dwrioej
[2026-03-05T18:27:41+08:00][error] 错误信息:controller not exists:app\controller\Dwrioej
[2026-03-05T18:27:59+08:00][error] 错误信息:controller not exists:app\controller\Curl
[2026-03-05T18:28:08+08:00][error] 错误信息:controller not exists:app\controller\I
[2026-03-05T18:28:36+08:00][error] 错误信息:controller not exists:app\controller\Aqua\Arm6
[2026-03-05T18:29:14+08:00][error] 错误信息:controller not exists:app\controller\O
[2026-03-05T18:36:17+08:00][error] 错误信息:controller not exists:app\controller\Index
[2026-03-05T18:42:53+08:00][error] 错误信息:controller not exists:app\controller\Index
[2026-03-05T19:03:57+08:00][error] 错误信息:controller not exists:app\controller\Index
[2026-03-05T19:04:33+08:00][error] 错误信息:controller not exists:app\controller\Index
[2026-03-05T19:09:12+08:00][error] 错误信息:controller not exists:app\controller\Index
[2026-03-05T19:09:38+08:00][error] 错误信息:controller not exists:app\controller\Index
[2026-03-05T19:14:00+08:00][error] 错误信息:controller not exists:app\controller\Index
[2026-03-05T19:29:48+08:00][error] 错误信息:controller not exists:app\controller\Index
[2026-03-05T19:30:04+08:00][error] 错误信息:controller not exists:app\controller\Index
[2026-03-05T19:30:10+08:00][error] 错误信息:controller not exists:app\controller\Bins
[2026-03-05T19:30:14+08:00][error] 错误信息:controller not exists:app\controller\Bin
[2026-03-05T19:30:24+08:00][error] 错误信息:controller not exists:app\controller\I
[2026-03-05T19:30:33+08:00][error] 错误信息:controller not exists:app\controller\bin\Sh
[2026-03-05T19:30:38+08:00][error] 错误信息:controller not exists:app\controller\Bins
[2026-03-05T19:30:46+08:00][error] 错误信息:controller not exists:app\controller\Arm5
[2026-03-05T19:30:55+08:00][error] 错误信息:controller not exists:app\controller\Mpsl
[2026-03-05T19:30:57+08:00][error] 错误信息:controller not exists:app\controller\Arm
[2026-03-05T19:31:09+08:00][error] 错误信息:controller not exists:app\controller\Bins
[2026-03-05T19:31:16+08:00][error] 错误信息:controller not exists:app\controller\Bins
[2026-03-05T19:31:25+08:00][error] 错误信息:controller not exists:app\controller\Bins
[2026-03-05T19:31:28+08:00][error] 错误信息:controller not exists:app\controller\Bins
[2026-03-05T19:31:34+08:00][error] 错误信息:controller not exists:app\controller\Bins
[2026-03-05T19:31:44+08:00][error] 错误信息:controller not exists:app\controller\Bins
[2026-03-05T19:31:51+08:00][error] 错误信息:controller not exists:app\controller\X86
[2026-03-05T19:32:07+08:00][error] 错误信息:controller not exists:app\controller\Bins
[2026-03-05T19:32:20+08:00][error] 错误信息:controller not exists:app\controller\Bins
[2026-03-05T19:32:23+08:00][error] 错误信息:controller not exists:app\controller\Bins
[2026-03-05T19:32:32+08:00][error] 错误信息:controller not exists:app\controller\Bins
[2026-03-05T19:32:40+08:00][error] 错误信息:controller not exists:app\controller\Mipsel
[2026-03-05T19:32:50+08:00][error] 错误信息:controller not exists:app\controller\Mozi\M
[2026-03-05T19:32:54+08:00][error] 错误信息:controller not exists:app\controller\Bins
[2026-03-05T19:33:07+08:00][error] 错误信息:controller not exists:app\controller\Sh
[2026-03-05T19:33:16+08:00][error] 错误信息:controller not exists:app\controller\Hiddenbin
[2026-03-05T19:33:24+08:00][error] 错误信息:controller not exists:app\controller\Armv4l
[2026-03-05T19:33:34+08:00][error] 错误信息:controller not exists:app\controller\resgod\Spc
[2026-03-05T19:33:42+08:00][error] 错误信息:controller not exists:app\controller\Hiddenbin
[2026-03-05T19:33:48+08:00][error] 错误信息:controller not exists:app\controller\Hiddenbin
[2026-03-05T19:33:55+08:00][error] 错误信息:controller not exists:app\controller\Hiddenbin
[2026-03-05T19:34:02+08:00][error] 错误信息:controller not exists:app\controller\Hiddenbin
[2026-03-05T19:34:10+08:00][error] 错误信息:controller not exists:app\controller\Hiddenbin
[2026-03-05T19:34:18+08:00][error] 错误信息:controller not exists:app\controller\resgod\M68k
[2026-03-05T19:34:31+08:00][error] 错误信息:controller not exists:app\controller\Hiddenbin
[2026-03-05T19:34:35+08:00][error] 错误信息:controller not exists:app\controller\Hiddenbin
[2026-03-05T19:34:43+08:00][error] 错误信息:controller not exists:app\controller\Hiddenbin
[2026-03-05T19:34:55+08:00][error] 错误信息:controller not exists:app\controller\Bins
[2026-03-05T19:34:57+08:00][error] 错误信息:controller not exists:app\controller\Hiddenbin
[2026-03-05T19:35:11+08:00][error] 错误信息:controller not exists:app\controller\Hiddenbin
[2026-03-05T19:35:17+08:00][error] 错误信息:controller not exists:app\controller\Sparc
[2026-03-05T19:35:27+08:00][error] 错误信息:controller not exists:app\controller\Armv5l
[2026-03-05T19:35:32+08:00][error] 错误信息:controller not exists:app\controller\Armv6l
[2026-03-05T19:35:42+08:00][error] 错误信息:controller not exists:app\controller\I586
[2026-03-05T19:35:53+08:00][error] 错误信息:controller not exists:app\controller\Sh4
[2026-03-05T19:35:58+08:00][error] 错误信息:controller not exists:app\controller\Arm7
[2026-03-05T19:36:03+08:00][error] 错误信息:controller not exists:app\controller\X8664
[2026-03-05T19:36:12+08:00][error] 错误信息:controller not exists:app\controller\I686
[2026-03-05T19:36:27+08:00][error] 错误信息:controller not exists:app\controller\M68k
[2026-03-05T19:36:33+08:00][error] 错误信息:controller not exists:app\controller\Arm6
[2026-03-05T19:36:39+08:00][error] 错误信息:controller not exists:app\controller\Bins
[2026-03-05T19:36:51+08:00][error] 错误信息:controller not exists:app\controller\Bins
[2026-03-05T19:36:54+08:00][error] 错误信息:controller not exists:app\controller\Bins
[2026-03-05T19:37:01+08:00][error] 错误信息:controller not exists:app\controller\skid\Arm5
[2026-03-05T19:37:17+08:00][error] 错误信息:controller not exists:app\controller\Bins
[2026-03-05T19:37:18+08:00][error] 错误信息:controller not exists:app\controller\skid\Arm
[2026-03-05T19:37:34+08:00][error] 错误信息:controller not exists:app\controller\Bins
[2026-03-05T19:37:38+08:00][error] 错误信息:controller not exists:app\controller\Bins
[2026-03-05T19:37:43+08:00][error] 错误信息:controller not exists:app\controller\Bins
[2026-03-05T19:37:57+08:00][error] 错误信息:controller not exists:app\controller\Bins
[2026-03-05T19:38:01+08:00][error] 错误信息:controller not exists:app\controller\Spc
[2026-03-05T19:38:10+08:00][error] 错误信息:controller not exists:app\controller\Ppc
[2026-03-05T19:38:21+08:00][error] 错误信息:controller not exists:app\controller\Arm4
[2026-03-05T19:38:31+08:00][error] 错误信息:controller not exists:app\controller\skid\Mpsl
[2026-03-05T19:38:42+08:00][error] 错误信息:controller not exists:app\controller\skid\Mips
[2026-03-05T19:38:50+08:00][error] 错误信息:controller not exists:app\controller\skid\Arm7
[2026-03-05T19:38:57+08:00][error] 错误信息:controller not exists:app\controller\001010101010010110101011101010101101010111010101
[2026-03-05T19:39:02+08:00][error] 错误信息:controller not exists:app\controller\001010101010010110101011101010101101010111010101
[2026-03-05T19:39:11+08:00][error] 错误信息:controller not exists:app\controller\001010101010010110101011101010101101010111010101
[2026-03-05T19:39:23+08:00][error] 错误信息:controller not exists:app\controller\001010101010010110101011101010101101010111010101
[2026-03-05T19:39:25+08:00][error] 错误信息:controller not exists:app\controller\001010101010010110101011101010101101010111010101
[2026-03-05T19:39:31+08:00][error] 错误信息:controller not exists:app\controller\001010101010010110101011101010101101010111010101
[2026-03-05T19:39:45+08:00][error] 错误信息:controller not exists:app\controller\001010101010010110101011101010101101010111010101
[2026-03-05T19:39:56+08:00][error] 错误信息:controller not exists:app\controller\001010101010010110101011101010101101010111010101
[2026-03-05T19:39:57+08:00][error] 错误信息:controller not exists:app\controller\001010101010010110101011101010101101010111010101
[2026-03-05T19:40:10+08:00][error] 错误信息:controller not exists:app\controller\001010101010010110101011101010101101010111010101
[2026-03-05T19:40:19+08:00][error] 错误信息:controller not exists:app\controller\001010101010010110101011101010101101010111010101
[2026-03-05T19:40:25+08:00][error] 错误信息:controller not exists:app\controller\001010101010010110101011101010101101010111010101
[2026-03-05T19:40:42+08:00][error] 错误信息:controller not exists:app\controller\001010101010010110101011101010101101010111010101
[2026-03-05T19:40:43+08:00][error] 错误信息:controller not exists:app\controller\001010101010010110101011101010101101010111010101
[2026-03-05T19:40:51+08:00][error] 错误信息:controller not exists:app\controller\Lmips
[2026-03-05T19:41:03+08:00][error] 错误信息:controller not exists:app\controller\Larm5
[2026-03-05T19:41:15+08:00][error] 错误信息:controller not exists:app\controller\Larm7
[2026-03-05T19:41:19+08:00][error] 错误信息:controller not exists:app\controller\Gmips
[2026-03-05T19:41:30+08:00][error] 错误信息:controller not exists:app\controller\Xmips
[2026-03-05T19:41:38+08:00][error] 错误信息:controller not exists:app\controller\Rmpsl
[2026-03-05T19:41:49+08:00][error] 错误信息:controller not exists:app\controller\Lmpsl
[2026-03-05T19:42:03+08:00][error] 错误信息:controller not exists:app\controller\Harm7
[2026-03-05T19:42:12+08:00][error] 错误信息:controller not exists:app\controller\Larm4
[2026-03-05T19:42:20+08:00][error] 错误信息:controller not exists:app\controller\00101010101001
[2026-03-05T19:42:35+08:00][error] 错误信息:controller not exists:app\controller\00101010101001
[2026-03-05T19:42:40+08:00][error] 错误信息:controller not exists:app\controller\00101010101001
[2026-03-05T19:43:14+08:00][error] 错误信息:controller not exists:app\controller\00101010101001
[2026-03-05T19:43:22+08:00][error] 错误信息:controller not exists:app\controller\00101010101001
[2026-03-05T19:43:32+08:00][error] 错误信息:controller not exists:app\controller\00101010101001
[2026-03-05T19:43:41+08:00][error] 错误信息:controller not exists:app\controller\00101010101001
[2026-03-05T19:43:59+08:00][error] 错误信息:controller not exists:app\controller\00101010101001
[2026-03-05T19:44:12+08:00][error] 错误信息:controller not exists:app\controller\Index
[2026-03-05T19:44:15+08:00][error] 错误信息:controller not exists:app\controller\00101010101001
[2026-03-05T19:44:22+08:00][error] 错误信息:controller not exists:app\controller\00101010101001
[2026-03-05T19:44:32+08:00][error] 错误信息:controller not exists:app\controller\00101010101001
[2026-03-05T19:44:34+08:00][error] 错误信息:controller not exists:app\controller\00101010101001
[2026-03-05T19:44:59+08:00][error] 错误信息:controller not exists:app\controller\00101010101001
[2026-03-05T19:45:09+08:00][error] 错误信息:controller not exists:app\controller\00101010101001
[2026-03-05T19:45:12+08:00][error] 错误信息:controller not exists:app\controller\Bins
[2026-03-05T19:45:29+08:00][error] 错误信息:controller not exists:app\controller\Aarch64
[2026-03-05T19:45:30+08:00][error] 错误信息:controller not exists:app\controller\Csky
[2026-03-05T19:45:52+08:00][error] 错误信息:controller not exists:app\controller\Arc
[2026-03-05T19:45:56+08:00][error] 错误信息:controller not exists:app\controller\Arc
[2026-03-05T19:46:07+08:00][error] 错误信息:controller not exists:app\controller\Harm4
[2026-03-05T19:46:15+08:00][error] 错误信息:controller not exists:app\controller\Harm5
[2026-03-05T19:46:31+08:00][error] 错误信息:controller not exists:app\controller\Hmips
[2026-03-05T19:46:45+08:00][error] 错误信息:controller not exists:app\controller\Armv7l
[2026-03-05T19:46:56+08:00][error] 错误信息:controller not exists:app\controller\Gompsl
[2026-03-05T19:47:16+08:00][error] 错误信息:controller not exists:app\controller\Garm7
[2026-03-05T19:47:19+08:00][error] 错误信息:controller not exists:app\controller\Systemcl
[2026-03-05T19:47:38+08:00][error] 错误信息:controller not exists:app\controller\Systemcl
[2026-03-05T19:47:56+08:00][error] 错误信息:controller not exists:app\controller\Systemcl
[2026-03-05T19:48:00+08:00][error] 错误信息:controller not exists:app\controller\Systemcl
[2026-03-05T19:48:13+08:00][error] 错误信息:controller not exists:app\controller\Systemcl
[2026-03-05T19:48:40+08:00][error] 错误信息:controller not exists:app\controller\Systemcl
[2026-03-05T19:48:44+08:00][error] 错误信息:controller not exists:app\controller\Systemcl
[2026-03-05T19:49:03+08:00][error] 错误信息:controller not exists:app\controller\Systemcl
[2026-03-05T19:49:08+08:00][error] 错误信息:controller not exists:app\controller\Systemcl
[2026-03-05T19:49:27+08:00][error] 错误信息:controller not exists:app\controller\p\Txt
[2026-03-05T19:49:40+08:00][error] 错误信息:controller not exists:app\controller\Systemcl
[2026-03-05T19:49:48+08:00][error] 错误信息:controller not exists:app\controller\Systemcl
[2026-03-05T19:50:02+08:00][error] 错误信息:controller not exists:app\controller\Index
[2026-03-05T19:50:17+08:00][error] 错误信息:controller not exists:app\controller\Bins
[2026-03-05T19:50:22+08:00][error] 错误信息:controller not exists:app\controller\Bins
[2026-03-05T19:50:50+08:00][error] 错误信息:controller not exists:app\controller\Bins
[2026-03-05T19:51:01+08:00][error] 错误信息:controller not exists:app\controller\Bins
[2026-03-05T19:51:11+08:00][error] 错误信息:controller not exists:app\controller\Bins
[2026-03-05T19:51:28+08:00][error] 错误信息:controller not exists:app\controller\Bins
[2026-03-05T19:51:46+08:00][error] 错误信息:controller not exists:app\controller\Bins
[2026-03-05T19:52:01+08:00][error] 错误信息:controller not exists:app\controller\Bins
[2026-03-05T19:52:31+08:00][error] 错误信息:controller not exists:app\controller\Bins
[2026-03-05T19:53:05+08:00][error] 错误信息:controller not exists:app\controller\Bins
[2026-03-05T19:53:26+08:00][error] 错误信息:controller not exists:app\controller\I486
[2026-03-05T19:53:40+08:00][error] 错误信息:controller not exists:app\controller\Sshd
[2026-03-05T19:53:48+08:00][error] 错误信息:controller not exists:app\controller\Hiddenbin
[2026-03-05T19:54:07+08:00][error] 错误信息:controller not exists:app\controller\00101010101001
[2026-03-05T19:54:32+08:00][error] 错误信息:controller not exists:app\controller\Mozi\A
[2026-03-05T19:55:10+08:00][error] 错误信息:controller not exists:app\controller\Hiddenbin
[2026-03-05T19:55:30+08:00][error] 错误信息:controller not exists:app\controller\Hiddenbin
[2026-03-05T19:55:51+08:00][error] 错误信息:controller not exists:app\controller\Hiddenbin
[2026-03-05T19:56:19+08:00][error] 错误信息:controller not exists:app\controller\Hiddenbin
[2026-03-05T19:56:38+08:00][error] 错误信息:controller not exists:app\controller\Hiddenbin
[2026-03-05T19:57:21+08:00][error] 错误信息:controller not exists:app\controller\Index
[2026-03-05T19:57:31+08:00][error] 错误信息:controller not exists:app\controller\Hiddenbin
[2026-03-05T19:57:43+08:00][error] 错误信息:controller not exists:app\controller\Hiddenbin
[2026-03-05T19:58:07+08:00][error] 错误信息:controller not exists:app\controller\Hiddenbin
[2026-03-05T19:58:37+08:00][error] 错误信息:controller not exists:app\controller\001010101010010110101011101010101101010111010101
[2026-03-05T19:58:49+08:00][error] 错误信息:controller not exists:app\controller\Powerpc
[2026-03-05T19:59:20+08:00][error] 错误信息:controller not exists:app\controller\Hiddenbin
[2026-03-05T19:59:53+08:00][error] 错误信息:controller not exists:app\controller\Index
[2026-03-05T20:00:08+08:00][error] 错误信息:controller not exists:app\controller\Hiddenbin
[2026-03-05T20:00:32+08:00][error] 错误信息:controller not exists:app\controller\Hiddenbin
[2026-03-05T20:01:17+08:00][error] 错误信息:controller not exists:app\controller\Hiddenbin
[2026-03-05T20:01:27+08:00][error] 错误信息:controller not exists:app\controller\Hiddenbin
[2026-03-05T20:01:51+08:00][error] 错误信息:controller not exists:app\controller\Hiddenbin
[2026-03-05T20:03:01+08:00][error] 错误信息:controller not exists:app\controller\Hiddenbin
[2026-03-05T20:03:29+08:00][error] 错误信息:controller not exists:app\controller\Hiddenbin
[2026-03-05T20:03:58+08:00][error] 错误信息:controller not exists:app\controller\Hiddenbin
[2026-03-05T20:05:21+08:00][error] 错误信息:controller not exists:app\controller\Hiddenbin
[2026-03-05T20:05:38+08:00][error] 错误信息:controller not exists:app\controller\Hiddenbin
[2026-03-05T20:06:33+08:00][error] 错误信息:controller not exists:app\controller\rebirth\X86
[2026-03-05T20:07:10+08:00][error] 错误信息:controller not exists:app\controller\rebirth\Arm6
[2026-03-05T20:07:38+08:00][error] 错误信息:controller not exists:app\controller\596a96cc7bf9108cd896f33c44aedc8a
[2026-03-05T20:08:53+08:00][error] 错误信息:controller not exists:app\controller\a-r\m-7\SNOOPY
[2026-03-05T20:09:29+08:00][error] 错误信息:controller not exists:app\controller\596a96cc7bf9108cd896f33c44aedc8a
[2026-03-05T20:10:17+08:00][error] 错误信息:controller not exists:app\controller\i-5\8-6\SNOOPY
[2026-03-05T20:11:26+08:00][error] 错误信息:controller not exists:app\controller\596a96cc7bf9108cd896f33c44aedc8a
[2026-03-05T20:11:28+08:00][error] 错误信息:controller not exists:app\controller\596a96cc7bf9108cd896f33c44aedc8a
[2026-03-05T20:13:06+08:00][error] 错误信息:controller not exists:app\controller\a-r\m-5\SNOOPY
[2026-03-05T20:13:50+08:00][error] 错误信息:controller not exists:app\controller\596a96cc7bf9108cd896f33c44aedc8a
[2026-03-05T20:14:41+08:00][error] 错误信息:controller not exists:app\controller\596a96cc7bf9108cd896f33c44aedc8a
[2026-03-05T20:15:50+08:00][error] 错误信息:controller not exists:app\controller\596a96cc7bf9108cd896f33c44aedc8a
[2026-03-05T20:16:16+08:00][error] 错误信息:controller not exists:app\controller\Index
[2026-03-05T20:16:50+08:00][error] 错误信息:controller not exists:app\controller\596a96cc7bf9108cd896f33c44aedc8a
[2026-03-05T20:18:21+08:00][error] 错误信息:controller not exists:app\controller\s-h\4-\SNOOPY
[2026-03-05T20:19:14+08:00][error] 错误信息:controller not exists:app\controller\596a96cc7bf9108cd896f33c44aedc8a
[2026-03-05T20:20:28+08:00][error] 错误信息:controller not exists:app\controller\596a96cc7bf9108cd896f33c44aedc8a
[2026-03-05T20:21:41+08:00][error] 错误信息:controller not exists:app\controller\m-p\s-l\SNOOPY
[2026-03-05T20:22:51+08:00][error] 错误信息:controller not exists:app\controller\p-p\c-\SNOOPY
[2026-03-05T20:23:35+08:00][error] 错误信息:controller not exists:app\controller\m-6\8-k\SNOOPY
[2026-03-05T20:25:07+08:00][error] 错误信息:controller not exists:app\controller\x-8\6-\SNOOPY
[2026-03-05T20:25:39+08:00][error] 错误信息:controller not exists:app\controller\a-r\m-6\SNOOPY
[2026-03-05T20:28:09+08:00][error] 错误信息:controller not exists:app\controller\596a96cc7bf9108cd896f33c44aedc8a
[2026-03-05T20:29:21+08:00][error] 错误信息:controller not exists:app\controller\596a96cc7bf9108cd896f33c44aedc8a
[2026-03-05T20:30:23+08:00][error] 错误信息:controller not exists:app\controller\m-i\p-s\SNOOPY
[2026-03-05T20:30:30+08:00][error] 错误信息:controller not exists:app\controller\a-r\m-4\SNOOPY
[2026-03-05T20:32:44+08:00][error] 错误信息:controller not exists:app\controller\596a96cc7bf9108cd896f33c44aedc8a
[2026-03-05T20:33:28+08:00][error] 错误信息:controller not exists:app\controller\596a96cc7bf9108cd896f33c44aedc8a
[2026-03-05T20:33:59+08:00][error] 错误信息:controller not exists:app\controller\x-3\2-\SNOOPY
[2026-03-05T20:35:41+08:00][error] 错误信息:controller not exists:app\controller\Xmrig
[2026-03-05T20:36:47+08:00][error] 错误信息:controller not exists:app\controller\Ss
[2026-03-05T20:38:40+08:00][error] 错误信息:controller not exists:app\controller\bot\Arm6
[2026-03-05T20:39:08+08:00][error] 错误信息:controller not exists:app\controller\bot\Mips
[2026-03-05T20:41:01+08:00][error] 错误信息:controller not exists:app\controller\bot\X8664
[2026-03-05T20:42:34+08:00][error] 错误信息:controller not exists:app\controller\bot\Ppc
[2026-03-05T20:43:31+08:00][error] 错误信息:controller not exists:app\controller\bot\Sh4
[2026-03-05T20:43:52+08:00][error] 错误信息:controller not exists:app\controller\Index
[2026-03-05T20:44:25+08:00][error] 错误信息:controller not exists:app\controller\bot\M68k
[2026-03-05T20:45:35+08:00][error] 错误信息:controller not exists:app\controller\Index
[2026-03-05T20:45:56+08:00][error] 错误信息:controller not exists:app\controller\bot\Arm
[2026-03-05T20:47:45+08:00][error] 错误信息:controller not exists:app\controller\bot\Mpsl
[2026-03-05T20:48:21+08:00][error] 错误信息:controller not exists:app\controller\bot\Arm5
[2026-03-05T20:48:57+08:00][error] 错误信息:controller not exists:app\controller\Index
[2026-03-05T20:49:05+08:00][error] 错误信息:controller not exists:app\controller\404
[2026-03-05T20:49:07+08:00][error] 错误信息:controller not exists:app\controller\security\Txt
[2026-03-05T20:50:33+08:00][error] 错误信息:controller not exists:app\controller\bot\X86
[2026-03-05T20:51:46+08:00][error] 错误信息:controller not exists:app\controller\bot\Arm7
[2026-03-05T20:53:59+08:00][error] 错误信息:controller not exists:app\controller\Bins
[2026-03-05T20:55:06+08:00][error] 错误信息:controller not exists:app\controller\Index
[2026-03-05T20:55:11+08:00][error] 错误信息:controller not exists:app\controller\Bins
[2026-03-05T20:56:12+08:00][error] 错误信息:controller not exists:app\controller\Bins
[2026-03-05T20:58:30+08:00][error] 错误信息:controller not exists:app\controller\Bins
[2026-03-05T20:59:24+08:00][error] 错误信息:controller not exists:app\controller\Bins
[2026-03-05T21:02:03+08:00][error] 错误信息:controller not exists:app\controller\Bins
[2026-03-05T21:02:11+08:00][error] 错误信息:controller not exists:app\controller\Bins
[2026-03-05T21:07:01+08:00][error] 错误信息:controller not exists:app\controller\Bins
[2026-03-05T21:07:57+08:00][error] 错误信息:controller not exists:app\controller\Bins
[2026-03-05T21:09:56+08:00][error] 错误信息:controller not exists:app\controller\Bins
[2026-03-05T21:11:42+08:00][error] 错误信息:controller not exists:app\controller\Bins
[2026-03-05T21:13:40+08:00][error] 错误信息:controller not exists:app\controller\Bins
[2026-03-05T21:13:40+08:00][error] 错误信息:controller not exists:app\controller\Index
[2026-03-05T21:16:03+08:00][error] 错误信息:controller not exists:app\controller\Bins
[2026-03-05T21:16:23+08:00][error] 错误信息:controller not exists:app\controller\Developmentserver
[2026-03-05T21:17:21+08:00][error] 错误信息:controller not exists:app\controller\Bins
[2026-03-05T21:17:57+08:00][error] 错误信息:controller not exists:app\controller\Systemcl
[2026-03-05T21:20:46+08:00][error] 错误信息:controller not exists:app\controller\bot\Sparc
[2026-03-05T21:25:28+08:00][error] 错误信息:controller not exists:app\controller\lol\Arm5
[2026-03-05T21:26:36+08:00][error] 错误信息:controller not exists:app\controller\bot\Mipsel
[2026-03-05T21:29:21+08:00][error] 错误信息:controller not exists:app\controller\lol\Mpsl
[2026-03-05T21:30:05+08:00][error] 错误信息:controller not exists:app\controller\kitty\M68k
[2026-03-05T21:31:58+08:00][error] 错误信息:controller not exists:app\controller\kitty\Armv5l
[2026-03-05T21:33:57+08:00][error] 错误信息:controller not exists:app\controller\kitty\Aarch64
[2026-03-05T21:35:04+08:00][error] 错误信息:controller not exists:app\controller\kitty\Powerpc
[2026-03-05T21:36:45+08:00][error] 错误信息:controller not exists:app\controller\kitty\Mips
[2026-03-05T21:38:02+08:00][error] 错误信息:controller not exists:app\controller\Index
[2026-03-05T21:38:02+08:00][error] 错误信息:controller not exists:app\controller\kitty\Mipsel
[2026-03-05T21:40:10+08:00][error] 错误信息:controller not exists:app\controller\kitty\X8664
[2026-03-05T21:40:58+08:00][error] 错误信息:controller not exists:app\controller\kitty\Armv7l
[2026-03-05T21:42:22+08:00][error] 错误信息:controller not exists:app\controller\kitty\Powerpc64
[2026-03-05T21:43:16+08:00][error] 错误信息:controller not exists:app\controller\kitty\I686
[2026-03-05T21:43:21+08:00][error] 错误信息:controller not exists:app\controller\kitty\Armv6l
[2026-03-05T21:44:51+08:00][error] 错误信息:controller not exists:app\controller\kitty\I486
[2026-03-05T21:45:23+08:00][error] 错误信息:controller not exists:app\controller\Bins
[2026-03-05T21:45:25+08:00][error] 错误信息:controller not exists:app\controller\Bins
[2026-03-05T21:45:40+08:00][error] 错误信息:controller not exists:app\controller\Bins
[2026-03-05T21:46:14+08:00][error] 错误信息:controller not exists:app\controller\L7vmra
[2026-03-05T21:47:08+08:00][error] 错误信息:controller not exists:app\controller\Bins
[2026-03-05T21:47:29+08:00][error] 错误信息:controller not exists:app\controller\Bins
[2026-03-05T21:47:50+08:00][error] 错误信息:controller not exists:app\controller\Spim
[2026-03-05T21:48:20+08:00][error] 错误信息:controller not exists:app\controller\Bins
[2026-03-05T21:48:47+08:00][error] 错误信息:controller not exists:app\controller\MainArm5
[2026-03-05T21:49:46+08:00][error] 错误信息:controller not exists:app\controller\MainPpc
[2026-03-05T21:50:02+08:00][error] 错误信息:controller not exists:app\controller\MainM68k
[2026-03-05T21:50:39+08:00][error] 错误信息:controller not exists:app\controller\MainArm7
[2026-03-05T21:50:48+08:00][error] 错误信息:controller not exists:app\controller\debug\Dbg
[2026-03-05T21:51:29+08:00][error] 错误信息:controller not exists:app\controller\MainArm6
[2026-03-05T21:51:50+08:00][error] 错误信息:controller not exists:app\controller\MainSpc
[2026-03-05T21:52:16+08:00][error] 错误信息:controller not exists:app\controller\Index
[2026-03-05T21:52:19+08:00][error] 错误信息:controller not exists:app\controller\MainX86
[2026-03-05T21:52:46+08:00][error] 错误信息:controller not exists:app\controller\MainX8664
[2026-03-05T21:53:07+08:00][error] 错误信息:controller not exists:app\controller\MainMips
[2026-03-05T21:53:36+08:00][error] 错误信息:controller not exists:app\controller\MainArm
[2026-03-05T21:53:50+08:00][error] 错误信息:controller not exists:app\controller\MainSh4
[2026-03-05T21:54:03+08:00][error] 错误信息:controller not exists:app\controller\Index
[2026-03-05T21:54:34+08:00][error] 错误信息:controller not exists:app\controller\Bins
[2026-03-05T21:54:43+08:00][error] 错误信息:controller not exists:app\controller\Debug
[2026-03-05T21:55:08+08:00][error] 错误信息:controller not exists:app\controller\morte\Arc
[2026-03-05T21:55:29+08:00][error] 错误信息:controller not exists:app\controller\Bins
[2026-03-05T21:55:29+08:00][error] 错误信息:controller not exists:app\controller\morte\M68k
[2026-03-05T21:56:06+08:00][error] 错误信息:controller not exists:app\controller\Bins
[2026-03-05T21:56:10+08:00][error] 错误信息:controller not exists:app\controller\Bins
[2026-03-05T21:56:47+08:00][error] 错误信息:controller not exists:app\controller\Bins
[2026-03-05T21:57:13+08:00][error] 错误信息:controller not exists:app\controller\Bins
[2026-03-05T21:57:39+08:00][error] 错误信息:controller not exists:app\controller\morte\Arm5
[2026-03-05T21:58:07+08:00][error] 错误信息:controller not exists:app\controller\morte\X8664
[2026-03-05T21:58:36+08:00][error] 错误信息:controller not exists:app\controller\morte\Arm
[2026-03-05T21:59:23+08:00][error] 错误信息:controller not exists:app\controller\morte\X86
[2026-03-05T21:59:25+08:00][error] 错误信息:controller not exists:app\controller\morte\Arm6
[2026-03-05T22:00:03+08:00][error] 错误信息:controller not exists:app\controller\morte\Ppc
[2026-03-05T22:00:29+08:00][error] 错误信息:controller not exists:app\controller\morte\Arm7
[2026-03-05T22:00:46+08:00][error] 错误信息:controller not exists:app\controller\morte\Sh4
[2026-03-05T22:00:57+08:00][error] 错误信息:controller not exists:app\controller\morte\Mpsl
[2026-03-05T22:01:45+08:00][error] 错误信息:controller not exists:app\controller\morte\Spc
[2026-03-05T22:02:13+08:00][error] 错误信息:controller not exists:app\controller\morte\I686
[2026-03-05T22:02:28+08:00][error] 错误信息:controller not exists:app\controller\morte\Mips
[2026-03-05T22:02:51+08:00][error] 错误信息:controller not exists:app\controller\LjEZs
[2026-03-05T22:03:14+08:00][error] 错误信息:controller not exists:app\controller\LjEZs
[2026-03-05T22:04:10+08:00][error] 错误信息:controller not exists:app\controller\LjEZs
[2026-03-05T22:04:17+08:00][error] 错误信息:controller not exists:app\controller\LjEZs
[2026-03-05T22:04:36+08:00][error] 错误信息:controller not exists:app\controller\LjEZs
[2026-03-05T22:05:01+08:00][error] 错误信息:controller not exists:app\controller\Index
[2026-03-05T22:05:01+08:00][error] 错误信息:controller not exists:app\controller\LjEZs
[2026-03-05T22:05:32+08:00][error] 错误信息:controller not exists:app\controller\LjEZs
[2026-03-05T22:05:58+08:00][error] 错误信息:controller not exists:app\controller\LjEZs
[2026-03-05T22:06:09+08:00][error] 错误信息:controller not exists:app\controller\LjEZs
[2026-03-05T22:06:58+08:00][error] 错误信息:controller not exists:app\controller\arm\Nn
[2026-03-05T22:07:22+08:00][error] 错误信息:controller not exists:app\controller\arm5\Nn
[2026-03-05T22:07:53+08:00][error] 错误信息:controller not exists:app\controller\arm6\Nn
[2026-03-05T22:08:25+08:00][error] 错误信息:controller not exists:app\controller\MainMpsl
[2026-03-05T22:08:32+08:00][error] 错误信息:controller not exists:app\controller\bot\Spc
[2026-03-05T22:09:19+08:00][error] 错误信息:controller not exists:app\controller\LjEZs
[2026-03-05T22:09:51+08:00][error] 错误信息:controller not exists:app\controller\LjEZs
[2026-03-05T22:10:01+08:00][error] 错误信息:controller not exists:app\controller\LjEZs
[2026-03-05T22:10:33+08:00][error] 错误信息:controller not exists:app\controller\LjEZs
[2026-03-05T22:10:53+08:00][error] 错误信息:controller not exists:app\controller\arm7\Nn
[2026-03-05T22:11:35+08:00][error] 错误信息:controller not exists:app\controller\M68k68xxx
[2026-03-05T22:12:04+08:00][error] 错误信息:controller not exists:app\controller\a-r\m-4\Sakura
[2026-03-05T22:12:28+08:00][error] 错误信息:controller not exists:app\controller\m-p\s-l\Sakura
[2026-03-05T22:13:03+08:00][error] 错误信息:controller not exists:app\controller\a-r\m-6\Sakura
[2026-03-05T22:13:15+08:00][error] 错误信息:controller not exists:app\controller\m-6\8-k\Sakura
[2026-03-05T22:13:32+08:00][error] 错误信息:controller not exists:app\controller\m-i\p-s\Sakura
[2026-03-05T22:14:41+08:00][error] 错误信息:controller not exists:app\controller\x86_64\Dbg
[2026-03-05T22:14:59+08:00][error] 错误信息:controller not exists:app\controller\ShSh4
[2026-03-05T22:15:35+08:00][error] 错误信息:controller not exists:app\controller\Aarch64be
[2026-03-05T22:15:58+08:00][error] 错误信息:controller not exists:app\controller\Powerpc440fp
[2026-03-05T22:16:45+08:00][error] 错误信息:controller not exists:app\controller\Microblazebe
[2026-03-05T22:16:49+08:00][error] 错误信息:controller not exists:app\controller\Arcle750d
[2026-03-05T22:17:29+08:00][error] 错误信息:controller not exists:app\controller\X8664
[2026-03-05T22:17:50+08:00][error] 错误信息:controller not exists:app\controller\ArcleHs38
[2026-03-05T22:18:20+08:00][error] 错误信息:controller not exists:app\controller\Microblazeel
[2026-03-05T22:19:06+08:00][error] 错误信息:controller not exists:app\controller\p-p\c-\Sakura
[2026-03-05T22:19:31+08:00][error] 错误信息:controller not exists:app\controller\x-8\6-\Sakura
[2026-03-05T22:20:04+08:00][error] 错误信息:controller not exists:app\controller\a-r\m-5\Sakura
[2026-03-05T22:20:44+08:00][error] 错误信息:controller not exists:app\controller\i-5\8-6\Sakura
[2026-03-05T22:21:16+08:00][error] 错误信息:controller not exists:app\controller\x-3\2-\Sakura
[2026-03-05T22:21:23+08:00][error] 错误信息:controller not exists:app\controller\x-3\2-\Sakura
[2026-03-05T22:21:51+08:00][error] 错误信息:controller not exists:app\controller\a-r\m-7\Sakura
[2026-03-05T22:22:08+08:00][error] 错误信息:controller not exists:app\controller\s-h\4-\Sakura
[2026-03-05T22:22:47+08:00][error] 错误信息:controller not exists:app\controller\Cnc
[2026-03-05T22:23:53+08:00][error] 错误信息:controller not exists:app\controller\Z
[2026-03-05T22:24:03+08:00][error] 错误信息:controller not exists:app\controller\Z
[2026-03-05T22:24:37+08:00][error] 错误信息:controller not exists:app\controller\Z
[2026-03-05T22:24:43+08:00][error] 错误信息:controller not exists:app\controller\Z
[2026-03-05T22:25:24+08:00][error] 错误信息:controller not exists:app\controller\Z
[2026-03-05T22:26:03+08:00][error] 错误信息:controller not exists:app\controller\Z
[2026-03-05T22:27:04+08:00][error] 错误信息:controller not exists:app\controller\Z
[2026-03-05T22:27:28+08:00][error] 错误信息:controller not exists:app\controller\Z
[2026-03-05T22:28:01+08:00][error] 错误信息:controller not exists:app\controller\Rtz
[2026-03-05T22:28:23+08:00][error] 错误信息:controller not exists:app\controller\Z
[2026-03-05T22:29:25+08:00][error] 错误信息:controller not exists:app\controller\Z
[2026-03-05T22:29:56+08:00][error] 错误信息:controller not exists:app\controller\Z
[2026-03-05T22:30:33+08:00][error] 错误信息:controller not exists:app\controller\Index
[2026-03-05T22:30:51+08:00][error] 错误信息:controller not exists:app\controller\Z
[2026-03-05T22:31:44+08:00][error] 错误信息:controller not exists:app\controller\Z
[2026-03-05T22:31:54+08:00][error] 错误信息:controller not exists:app\controller\Z
[2026-03-05T22:32:41+08:00][error] 错误信息:controller not exists:app\controller\Z
[2026-03-05T22:33:30+08:00][error] 错误信息:controller not exists:app\controller\Z
[2026-03-05T22:34:09+08:00][error] 错误信息:controller not exists:app\controller\Z
[2026-03-05T22:34:52+08:00][error] 错误信息:controller not exists:app\controller\Z
[2026-03-05T22:35:43+08:00][error] 错误信息:controller not exists:app\controller\Z
[2026-03-05T22:37:03+08:00][error] 错误信息:controller not exists:app\controller\Z
[2026-03-05T22:37:16+08:00][error] 错误信息:controller not exists:app\controller\Z
[2026-03-05T22:37:25+08:00][error] 错误信息:controller not exists:app\controller\404
[2026-03-05T22:37:48+08:00][error] 错误信息:controller not exists:app\controller\Z
[2026-03-05T22:38:58+08:00][error] 错误信息:controller not exists:app\controller\Z
[2026-03-05T22:40:00+08:00][error] 错误信息:controller not exists:app\controller\Z
[2026-03-05T22:40:40+08:00][error] 错误信息:controller not exists:app\controller\Z
[2026-03-05T22:41:06+08:00][error] 错误信息:controller not exists:app\controller\Z
[2026-03-05T22:42:29+08:00][error] 错误信息:controller not exists:app\controller\Arm
[2026-03-05T22:42:41+08:00][error] 错误信息:controller not exists:app\controller\hanoi\X86
[2026-03-05T22:43:45+08:00][error] 错误信息:controller not exists:app\controller\rondo\I486
[2026-03-05T22:44:23+08:00][error] 错误信息:controller not exists:app\controller\rondo\Powerpc
[2026-03-05T22:45:28+08:00][error] 错误信息:controller not exists:app\controller\rondo\Mips
[2026-03-05T22:45:30+08:00][error] 错误信息:controller not exists:app\controller\rondo\Mips
[2026-03-05T22:45:52+08:00][error] 错误信息:controller not exists:app\controller\rondo\Armv4l
[2026-03-05T22:47:04+08:00][error] 错误信息:controller not exists:app\controller\rondo\Fbsdi386
[2026-03-05T22:47:52+08:00][error] 错误信息:controller not exists:app\controller\rondo\M68k
[2026-03-05T22:47:54+08:00][error] 错误信息:controller not exists:app\controller\rondo\M68k
[2026-03-05T22:47:57+08:00][error] 错误信息:controller not exists:app\controller\rondo\M68k
[2026-03-05T22:48:48+08:00][error] 错误信息:controller not exists:app\controller\rondo\Arc700
[2026-03-05T22:49:47+08:00][error] 错误信息:controller not exists:app\controller\rondo\Mipsel
[2026-03-05T22:50:47+08:00][error] 错误信息:controller not exists:app\controller\rondo\Fbsdarm64
[2026-03-05T22:50:57+08:00][error] 错误信息:controller not exists:app\controller\Index
[2026-03-05T22:51:07+08:00][error] 错误信息:controller not exists:app\controller\Index
[2026-03-05T22:51:32+08:00][error] 错误信息:controller not exists:app\controller\rondo\X8664
[2026-03-05T22:52:50+08:00][error] 错误信息:controller not exists:app\controller\rondo\I586
[2026-03-05T22:53:06+08:00][error] 错误信息:controller not exists:app\controller\rondo\Fbsdamd64
[2026-03-05T22:53:56+08:00][error] 错误信息:controller not exists:app\controller\rondo\Sparc
[2026-03-05T22:54:34+08:00][error] 错误信息:controller not exists:app\controller\Index
[2026-03-05T22:55:18+08:00][error] 错误信息:controller not exists:app\controller\rondo\I686
[2026-03-05T22:55:21+08:00][error] 错误信息:controller not exists:app\controller\rondo\I686
[2026-03-05T22:55:59+08:00][error] 错误信息:controller not exists:app\controller\rondo\Armv7l
[2026-03-05T22:56:03+08:00][error] 错误信息:controller not exists:app\controller\rondo\Armv7l
[2026-03-05T22:56:52+08:00][error] 错误信息:controller not exists:app\controller\rondo\Armv5l
[2026-03-05T22:56:54+08:00][error] 错误信息:controller not exists:app\controller\rondo\Armv5l
[2026-03-05T22:58:35+08:00][error] 错误信息:controller not exists:app\controller\rondo\Fbsdpowerpc
[2026-03-05T22:58:57+08:00][error] 错误信息:controller not exists:app\controller\Index
[2026-03-05T22:59:19+08:00][error] 错误信息:controller not exists:app\controller\rondo\Sh4
[2026-03-05T22:59:22+08:00][error] 错误信息:controller not exists:app\controller\rondo\Sh4
[2026-03-05T22:59:37+08:00][error] 错误信息:controller not exists:app\controller\rondo\Armv6l
[2026-03-05T23:01:04+08:00][error] 错误信息:controller not exists:app\controller\rondo\Powerpc440fp
[2026-03-05T23:01:07+08:00][error] 错误信息:controller not exists:app\controller\rondo\Powerpc440fp
[2026-03-05T23:01:10+08:00][error] 错误信息:controller not exists:app\controller\rondo\Powerpc440fp
[2026-03-05T23:02:02+08:00][error] 错误信息:controller not exists:app\controller\Bins
[2026-03-05T23:02:46+08:00][error] 错误信息:controller not exists:app\controller\HBTs
[2026-03-05T23:04:18+08:00][error] 错误信息:controller not exists:app\controller\HBTs
[2026-03-05T23:04:22+08:00][error] 错误信息:controller not exists:app\controller\Index
[2026-03-05T23:05:24+08:00][error] 错误信息:controller not exists:app\controller\Bins
[2026-03-05T23:06:21+08:00][error] 错误信息:controller not exists:app\controller\Bins
[2026-03-05T23:06:24+08:00][error] 错误信息:controller not exists:app\controller\Bins
[2026-03-05T23:07:14+08:00][error] 错误信息:controller not exists:app\controller\Bins
[2026-03-05T23:09:16+08:00][error] 错误信息:controller not exists:app\controller\Hiddenbin
[2026-03-05T23:09:19+08:00][error] 错误信息:controller not exists:app\controller\Hiddenbin
[2026-03-05T23:09:41+08:00][error] 错误信息:controller not exists:app\controller\Mips64
[2026-03-05T23:11:50+08:00][error] 错误信息:controller not exists:app\controller\Whoareyou
[2026-03-05T23:13:08+08:00][error] 错误信息:controller not exists:app\controller\Whoareyou
[2026-03-05T23:14:05+08:00][error] 错误信息:controller not exists:app\controller\Whoareyou
[2026-03-05T23:14:24+08:00][error] 错误信息:controller not exists:app\controller\Whoareyou
[2026-03-05T23:16:21+08:00][error] 错误信息:controller not exists:app\controller\Whoareyou
[2026-03-05T23:17:36+08:00][error] 错误信息:controller not exists:app\controller\Whoareyou
[2026-03-05T23:18:11+08:00][error] 错误信息:controller not exists:app\controller\Whoareyou
[2026-03-05T23:19:28+08:00][error] 错误信息:controller not exists:app\controller\Whoareyou
[2026-03-05T23:20:18+08:00][error] 错误信息:controller not exists:app\controller\Whoareyou
[2026-03-05T23:21:58+08:00][error] 错误信息:controller not exists:app\controller\Whoareyou
[2026-03-05T23:22:01+08:00][error] 错误信息:controller not exists:app\controller\Whoareyou
[2026-03-05T23:22:40+08:00][error] 错误信息:controller not exists:app\controller\Index
[2026-03-05T23:23:48+08:00][error] 错误信息:controller not exists:app\controller\Whoareyou
[2026-03-05T23:24:19+08:00][error] 错误信息:controller not exists:app\controller\Whoareyou
[2026-03-05T23:26:05+08:00][error] 错误信息:controller not exists:app\controller\Bins
[2026-03-05T23:26:09+08:00][error] 错误信息:controller not exists:app\controller\Bins
[2026-03-05T23:26:12+08:00][error] 错误信息:controller not exists:app\controller\Bins
[2026-03-05T23:26:54+08:00][error] 错误信息:controller not exists:app\controller\Bins
[2026-03-05T23:28:23+08:00][error] 错误信息:controller not exists:app\controller\Bins
[2026-03-05T23:29:49+08:00][error] 错误信息:controller not exists:app\controller\Bins
[2026-03-05T23:30:41+08:00][error] 错误信息:controller not exists:app\controller\Bins
[2026-03-05T23:31:20+08:00][error] 错误信息:controller not exists:app\controller\Bins
[2026-03-05T23:31:23+08:00][error] 错误信息:controller not exists:app\controller\Bins
[2026-03-05T23:32:31+08:00][error] 错误信息:controller not exists:app\controller\Bins
[2026-03-05T23:32:34+08:00][error] 错误信息:controller not exists:app\controller\Bins
[2026-03-05T23:33:47+08:00][error] 错误信息:controller not exists:app\controller\Bins
[2026-03-05T23:35:13+08:00][error] 错误信息:controller not exists:app\controller\Bins
[2026-03-05T23:36:49+08:00][error] 错误信息:controller not exists:app\controller\Bins
[2026-03-05T23:36:53+08:00][error] 错误信息:controller not exists:app\controller\Bins
[2026-03-05T23:38:22+08:00][error] 错误信息:controller not exists:app\controller\Bins
[2026-03-05T23:39:18+08:00][error] 错误信息:controller not exists:app\controller\Bins
[2026-03-05T23:39:22+08:00][error] 错误信息:controller not exists:app\controller\Bins
[2026-03-05T23:40:52+08:00][error] 错误信息:controller not exists:app\controller\Hiddenbin
[2026-03-05T23:41:17+08:00][error] 错误信息:controller not exists:app\controller\HBTs
[2026-03-05T23:42:36+08:00][error] 错误信息:controller not exists:app\controller\HBTs
[2026-03-05T23:43:57+08:00][error] 错误信息:controller not exists:app\controller\HBTs
[2026-03-05T23:45:27+08:00][error] 错误信息:controller not exists:app\controller\HBTs
[2026-03-05T23:46:27+08:00][error] 错误信息:controller not exists:app\controller\HBTs
[2026-03-05T23:46:31+08:00][error] 错误信息:controller not exists:app\controller\HBTs
[2026-03-05T23:46:34+08:00][error] 错误信息:controller not exists:app\controller\HBTs
[2026-03-05T23:47:07+08:00][error] 错误信息:controller not exists:app\controller\Index
[2026-03-05T23:47:18+08:00][error] 错误信息:controller not exists:app\controller\Index
[2026-03-05T23:48:09+08:00][error] 错误信息:controller not exists:app\controller\HBTs
[2026-03-05T23:48:51+08:00][error] 错误信息:controller not exists:app\controller\HBTs
[2026-03-05T23:49:52+08:00][error] 错误信息:controller not exists:app\controller\HBTs
[2026-03-05T23:51:24+08:00][error] 错误信息:controller not exists:app\controller\HBTs
[2026-03-05T23:51:28+08:00][error] 错误信息:controller not exists:app\controller\HBTs
[2026-03-05T23:52:27+08:00][error] 错误信息:controller not exists:app\controller\HBTs
[2026-03-05T23:52:30+08:00][error] 错误信息:controller not exists:app\controller\HBTs
[2026-03-05T23:52:33+08:00][error] 错误信息:controller not exists:app\controller\HBTs
[2026-03-05T23:53:08+08:00][error] 错误信息:controller not exists:app\controller\404
[2026-03-05T23:53:48+08:00][error] 错误信息:controller not exists:app\controller\HBTs
[2026-03-05T23:54:43+08:00][error] 错误信息:controller not exists:app\controller\HBTs
[2026-03-05T23:54:46+08:00][error] 错误信息:controller not exists:app\controller\HBTs
[2026-03-05T23:55:00+08:00][error] 错误信息:controller not exists:app\controller\m68k\Nn
[2026-03-05T23:56:34+08:00][error] 错误信息:controller not exists:app\controller\mipsel\Nn
[2026-03-05T23:56:37+08:00][error] 错误信息:controller not exists:app\controller\mipsel\Nn
[2026-03-05T23:56:40+08:00][error] 错误信息:controller not exists:app\controller\x86_64\Nn
[2026-03-05T23:57:46+08:00][error] 错误信息:controller not exists:app\controller\x86_32\Nn
[2026-03-05T23:58:59+08:00][error] 错误信息:controller not exists:app\controller\sh4\Nn
[2026-03-05T23:59:31+08:00][error] 错误信息:controller not exists:app\controller\mips\Nn
