[2026-03-13T19:59:58+08:00][info] 消息状态标记为已发送: task_id=66, group_id=https://t.me/twogrqoup, msg_index=6
[2026-03-13T19:59:58+08:00][info] 任务 66 将在 13 秒后继续处理下一条消息，索引: 7, 实例ID: task_66_index_7_1773403198.4487
[2026-03-13T20:00:11+08:00][info] 开始处理队列任务: task_id=66, current_index=7
[2026-03-13T20:00:11+08:00][info] 消息缓存初始化完成: task_id=66, groups=https://t.me/twogrqoup
[2026-03-13T20:00:11+08:00][info] 任务 66 第 859 次循环，重置群组 https://t.me/twogrqoup 消息状态
[2026-03-13T20:00:11+08:00][info] 使用当前发送用户 3471 的 session_path/www/wwwroot/tdata.tgbota.top/public/uploads/admin/202602/6997fc3070d84/819089723520/tdata/temp_8574369010.session
[2026-03-13T20:00:19+08:00][info] 返回:{"status":true,"message":"发送完成，成功1个，失败0个[]","data":{"success":[{"group_id":3895336513,"group_link":"https:\/\/t.me\/twogrqoup","type":"megagroup","message":"发送成功","message_id":8018}],"failed":[],"debug":["处理标识符: https:\/\/t.me\/twogrqoup, 清理后: https:\/\/t.me\/twogrqoup, 识别为链接: True, 识别为数字ID: False","已是群组成员，群组ID: 3895336513"],"warning":""},"api_address":"185.165.170.142:5023"}
[2026-03-13T20:00:19+08:00][info] 消息ID缓存成功: task_id=66, group_id=https://t.me/twogrqoup, msg_index=7, message_id=8018, send_user_id=3471
[2026-03-13T20:00:19+08:00][info] 消息状态标记为已发送: task_id=66, group_id=https://t.me/twogrqoup, msg_index=7
[2026-03-13T20:00:19+08:00][info] 任务 66 将在 26 秒后继续处理下一条消息，索引: 8, 实例ID: task_66_index_8_1773403219.039
[2026-03-13T20:00:45+08:00][info] 开始处理队列任务: task_id=66, current_index=8
[2026-03-13T20:00:45+08:00][info] 消息缓存初始化完成: task_id=66, groups=https://t.me/twogrqoup
[2026-03-13T20:00:45+08:00][info] 任务 66 第 859 次循环，重置群组 https://t.me/twogrqoup 消息状态
[2026-03-13T20:00:45+08:00][info] 使用当前发送用户 3469 的 session_path/www/wwwroot/tdata.tgbota.top/public/uploads/admin/202602/6997fc3070d84/819056965118/tdata/temp_8418493902.session
[2026-03-13T20:00:53+08:00][info] 返回:{"status":true,"message":"发送完成，成功1个，失败0个[]","data":{"success":[{"group_id":3895336513,"group_link":"https:\/\/t.me\/twogrqoup","type":"megagroup","message":"发送成功","message_id":8019}],"failed":[],"debug":["处理标识符: https:\/\/t.me\/twogrqoup, 清理后: https:\/\/t.me\/twogrqoup, 识别为链接: True, 识别为数字ID: False","已是群组成员，群组ID: 3895336513"],"warning":""},"api_address":"185.165.170.142:5062"}
[2026-03-13T20:00:53+08:00][info] 消息ID缓存成功: task_id=66, group_id=https://t.me/twogrqoup, msg_index=8, message_id=8019, send_user_id=3469
[2026-03-13T20:00:53+08:00][info] 消息状态标记为已发送: task_id=66, group_id=https://t.me/twogrqoup, msg_index=8
[2026-03-13T20:00:53+08:00][info] 任务 66 将在 30 秒后继续处理下一条消息，索引: 9, 实例ID: task_66_index_9_1773403253.1507
[2026-03-13T20:01:16+08:00][info] 开始处理队列任务: task_id=69, current_index=1002
[2026-03-13T20:01:16+08:00][info] 使用feedbackType=1001的消息ID: 995
[2026-03-13T20:01:16+08:00][info] 使用消息配置中指定的用户 4251 的 session_path/www/wwwroot/tdata.tgbota.top/public/uploads/admin/202603/69b10fe00169d/13412475078/tdata/temp_8525124544.session
[2026-03-13T20:01:23+08:00][info] 开始处理队列任务: task_id=66, current_index=9
[2026-03-13T20:01:23+08:00][info] 消息缓存初始化完成: task_id=66, groups=https://t.me/twogrqoup
[2026-03-13T20:01:23+08:00][info] 任务 66 第 859 次循环，重置群组 https://t.me/twogrqoup 消息状态
[2026-03-13T20:01:23+08:00][info] 任务 66 第 859 轮完成，准备进行第 860 轮
[2026-03-13T20:01:23+08:00][info] 任务 66 即将为下一轮重新入队，延迟 5 秒，从索引 0 开始
[2026-03-13T20:01:25+08:00][info] 返回:{"status":true,"message":"发送完成，成功1个，失败0个[]","data":{"success":[{"group_id":5072487869,"group_link":"https:\/\/t.me\/+9ZnJ_gHIFV41NzFh","type":"chat","message":"发送成功","message_id":1021}],"failed":[],"debug":["处理标识符: https:\/\/t.me\/+9ZnJ_gHIFV41NzFh, 清理后: https:\/\/t.me\/+9ZnJ_gHIFV41NzFh, 识别为链接: True, 识别为数字ID: False"],"warning":""},"api_address":"185.165.170.142:5036"}
[2026-03-13T20:01:25+08:00][info] 消息ID缓存成功: task_id=69, group_id=https://t.me/+9ZnJ_gHIFV41NzFh, msg_index=1002, message_id=1021, send_user_id=4251
[2026-03-13T20:01:25+08:00][info] 消息状态标记为已发送: task_id=69, group_id=https://t.me/+9ZnJ_gHIFV41NzFh, msg_index=1002
[2026-03-13T20:01:25+08:00][info] 任务 69 将在 100 秒后继续处理下一条消息，索引: 1003, 实例ID: task_69_index_1003_1773403285.3392
[2026-03-13T20:01:28+08:00][info] 开始处理队列任务: task_id=66, current_index=0
[2026-03-13T20:01:28+08:00][info] 消息缓存初始化完成: task_id=66, groups=https://t.me/twogrqoup
[2026-03-13T20:01:28+08:00][info] 任务 66 第 860 次循环，重置群组 https://t.me/twogrqoup 消息状态
[2026-03-13T20:01:28+08:00][info] 使用当前发送用户 3469 的 session_path/www/wwwroot/tdata.tgbota.top/public/uploads/admin/202602/6997fc3070d84/819056965118/tdata/temp_8418493902.session
[2026-03-13T20:01:35+08:00][info] 返回:{"status":true,"message":"发送完成，成功1个，失败0个[]","data":{"success":[{"group_id":3895336513,"group_link":"https:\/\/t.me\/twogrqoup","type":"megagroup","message":"发送成功","message_id":8020}],"failed":[],"debug":["处理标识符: https:\/\/t.me\/twogrqoup, 清理后: https:\/\/t.me\/twogrqoup, 识别为链接: True, 识别为数字ID: False","已是群组成员，群组ID: 3895336513"],"warning":""},"api_address":"185.165.170.142:5062"}
[2026-03-13T20:01:35+08:00][info] 消息ID缓存成功: task_id=66, group_id=https://t.me/twogrqoup, msg_index=0, message_id=8020, send_user_id=3469
[2026-03-13T20:01:35+08:00][info] 消息状态标记为已发送: task_id=66, group_id=https://t.me/twogrqoup, msg_index=0
[2026-03-13T20:01:35+08:00][info] 任务 66 将在 15 秒后继续处理下一条消息，索引: 1, 实例ID: task_66_index_1_1773403295.2615
[2026-03-13T20:01:50+08:00][info] 开始处理队列任务: task_id=66, current_index=1
[2026-03-13T20:01:50+08:00][info] 消息缓存初始化完成: task_id=66, groups=https://t.me/twogrqoup
[2026-03-13T20:01:50+08:00][info] 任务 66 第 860 次循环，重置群组 https://t.me/twogrqoup 消息状态
[2026-03-13T20:01:50+08:00][info] 使用当前发送用户 3472 的 session_path/www/wwwroot/tdata.tgbota.top/public/uploads/admin/202602/6997fc3070d84/819050054287/tdata/temp_8308580822.session
[2026-03-13T20:01:56+08:00][info] 返回:{"status":true,"message":"发送完成，成功1个，失败0个[]","data":{"success":[{"group_id":3895336513,"group_link":"https:\/\/t.me\/twogrqoup","type":"megagroup","message":"发送成功","message_id":8021}],"failed":[],"debug":["处理标识符: https:\/\/t.me\/twogrqoup, 清理后: https:\/\/t.me\/twogrqoup, 识别为链接: True, 识别为数字ID: False","已是群组成员，群组ID: 3895336513"],"warning":""},"api_address":"185.165.170.142:5042"}
[2026-03-13T20:01:56+08:00][info] 消息ID缓存成功: task_id=66, group_id=https://t.me/twogrqoup, msg_index=1, message_id=8021, send_user_id=3472
[2026-03-13T20:01:56+08:00][info] 消息状态标记为已发送: task_id=66, group_id=https://t.me/twogrqoup, msg_index=1
[2026-03-13T20:01:56+08:00][info] 任务 66 将在 30 秒后继续处理下一条消息，索引: 2, 实例ID: task_66_index_2_1773403316.5572
[2026-03-13T20:02:26+08:00][info] 开始处理队列任务: task_id=66, current_index=2
[2026-03-13T20:02:26+08:00][info] 消息缓存初始化完成: task_id=66, groups=https://t.me/twogrqoup
[2026-03-13T20:02:26+08:00][info] 任务 66 第 860 次循环，重置群组 https://t.me/twogrqoup 消息状态
[2026-03-13T20:02:26+08:00][info] 使用当前发送用户 3473 的 session_path/www/wwwroot/tdata.tgbota.top/public/uploads/admin/202602/6997fc3070d84/819054626431/tdata/temp_8503359249.session
[2026-03-13T20:02:33+08:00][info] 返回:{"status":true,"message":"发送完成，成功1个，失败0个[]","data":{"success":[{"group_id":3895336513,"group_link":"https:\/\/t.me\/twogrqoup","type":"megagroup","message":"发送成功","message_id":8022}],"failed":[],"debug":["处理标识符: https:\/\/t.me\/twogrqoup, 清理后: https:\/\/t.me\/twogrqoup, 识别为链接: True, 识别为数字ID: False","已是群组成员，群组ID: 3895336513"],"warning":""},"api_address":"185.165.170.142:5043"}
[2026-03-13T20:02:33+08:00][info] 消息ID缓存成功: task_id=66, group_id=https://t.me/twogrqoup, msg_index=2, message_id=8022, send_user_id=3473
[2026-03-13T20:02:33+08:00][info] 消息状态标记为已发送: task_id=66, group_id=https://t.me/twogrqoup, msg_index=2
[2026-03-13T20:02:33+08:00][info] 任务 66 将在 45 秒后继续处理下一条消息，索引: 3, 实例ID: task_66_index_3_1773403353.7087
[2026-03-13T20:03:05+08:00][info] 开始处理队列任务: task_id=69, current_index=1003
[2026-03-13T20:03:05+08:00][info] 使用消息配置中指定的用户 4251 的 session_path/www/wwwroot/tdata.tgbota.top/public/uploads/admin/202603/69b10fe00169d/13412475078/tdata/temp_8525124544.session
[2026-03-13T20:03:12+08:00][info] 返回:{"status":true,"message":"发送完成，成功1个，失败0个[]","data":{"success":[{"group_id":5072487869,"group_link":"https:\/\/t.me\/+9ZnJ_gHIFV41NzFh","type":"chat","message":"发送成功","message_id":1022}],"failed":[],"debug":["处理标识符: https:\/\/t.me\/+9ZnJ_gHIFV41NzFh, 清理后: https:\/\/t.me\/+9ZnJ_gHIFV41NzFh, 识别为链接: True, 识别为数字ID: False"],"warning":""},"api_address":"185.165.170.142:5036"}
[2026-03-13T20:03:12+08:00][info] 消息ID缓存成功: task_id=69, group_id=https://t.me/+9ZnJ_gHIFV41NzFh, msg_index=1003, message_id=1022, send_user_id=4251
[2026-03-13T20:03:12+08:00][info] 消息状态标记为已发送: task_id=69, group_id=https://t.me/+9ZnJ_gHIFV41NzFh, msg_index=1003
[2026-03-13T20:03:12+08:00][info] 任务 69 将在 65 秒后继续处理下一条消息，索引: 1004, 实例ID: task_69_index_1004_1773403392.2696
[2026-03-13T20:03:18+08:00][info] 开始处理队列任务: task_id=66, current_index=3
[2026-03-13T20:03:18+08:00][info] 消息缓存初始化完成: task_id=66, groups=https://t.me/twogrqoup
[2026-03-13T20:03:18+08:00][info] 任务 66 第 860 次循环，重置群组 https://t.me/twogrqoup 消息状态
[2026-03-13T20:03:18+08:00][info] 使用当前发送用户 3469 的 session_path/www/wwwroot/tdata.tgbota.top/public/uploads/admin/202602/6997fc3070d84/819056965118/tdata/temp_8418493902.session
[2026-03-13T20:03:25+08:00][info] 返回:{"status":true,"message":"发送完成，成功1个，失败0个[]","data":{"success":[{"group_id":3895336513,"group_link":"https:\/\/t.me\/twogrqoup","type":"megagroup","message":"发送成功","message_id":8023}],"failed":[],"debug":["处理标识符: https:\/\/t.me\/twogrqoup, 清理后: https:\/\/t.me\/twogrqoup, 识别为链接: True, 识别为数字ID: False","已是群组成员，群组ID: 3895336513"],"warning":""},"api_address":"185.165.170.142:5062"}
[2026-03-13T20:03:25+08:00][info] 消息ID缓存成功: task_id=66, group_id=https://t.me/twogrqoup, msg_index=3, message_id=8023, send_user_id=3469
[2026-03-13T20:03:25+08:00][info] 消息状态标记为已发送: task_id=66, group_id=https://t.me/twogrqoup, msg_index=3
[2026-03-13T20:03:25+08:00][info] 任务 66 将在 20 秒后继续处理下一条消息，索引: 4, 实例ID: task_66_index_4_1773403405.3639
[2026-03-13T20:03:45+08:00][info] 开始处理队列任务: task_id=66, current_index=4
[2026-03-13T20:03:45+08:00][info] 消息缓存初始化完成: task_id=66, groups=https://t.me/twogrqoup
[2026-03-13T20:03:45+08:00][info] 任务 66 第 860 次循环，重置群组 https://t.me/twogrqoup 消息状态
[2026-03-13T20:03:45+08:00][info] 使用当前发送用户 3471 的 session_path/www/wwwroot/tdata.tgbota.top/public/uploads/admin/202602/6997fc3070d84/819089723520/tdata/temp_8574369010.session
[2026-03-13T20:03:51+08:00][info] 返回:{"status":true,"message":"发送完成，成功1个，失败0个[]","data":{"success":[{"group_id":3895336513,"group_link":"https:\/\/t.me\/twogrqoup","type":"megagroup","message":"发送成功","message_id":8024}],"failed":[],"debug":["处理标识符: https:\/\/t.me\/twogrqoup, 清理后: https:\/\/t.me\/twogrqoup, 识别为链接: True, 识别为数字ID: False","已是群组成员，群组ID: 3895336513"],"warning":""},"api_address":"185.165.170.142:5023"}
[2026-03-13T20:03:51+08:00][info] 消息ID缓存成功: task_id=66, group_id=https://t.me/twogrqoup, msg_index=4, message_id=8024, send_user_id=3471
[2026-03-13T20:03:51+08:00][info] 消息状态标记为已发送: task_id=66, group_id=https://t.me/twogrqoup, msg_index=4
[2026-03-13T20:03:51+08:00][info] 任务 66 将在 26 秒后继续处理下一条消息，索引: 5, 实例ID: task_66_index_5_1773403431.0563
[2026-03-13T20:04:17+08:00][info] 开始处理队列任务: task_id=66, current_index=5
[2026-03-13T20:04:17+08:00][info] 消息缓存初始化完成: task_id=66, groups=https://t.me/twogrqoup
[2026-03-13T20:04:17+08:00][info] 任务 66 第 860 次循环，重置群组 https://t.me/twogrqoup 消息状态
[2026-03-13T20:04:17+08:00][info] 使用当前发送用户 3469 的 session_path/www/wwwroot/tdata.tgbota.top/public/uploads/admin/202602/6997fc3070d84/819056965118/tdata/temp_8418493902.session
[2026-03-13T20:04:18+08:00][info] 开始处理队列任务: task_id=69, current_index=1004
[2026-03-13T20:04:18+08:00][info] 使用消息配置中指定的用户 4251 的 session_path/www/wwwroot/tdata.tgbota.top/public/uploads/admin/202603/69b10fe00169d/13412475078/tdata/temp_8525124544.session
[2026-03-13T20:04:23+08:00][info] 返回:{"status":true,"message":"发送完成，成功1个，失败0个[]","data":{"success":[{"group_id":5072487869,"group_link":"https:\/\/t.me\/+9ZnJ_gHIFV41NzFh","type":"chat","message":"发送成功","message_id":1023}],"failed":[],"debug":["处理标识符: https:\/\/t.me\/+9ZnJ_gHIFV41NzFh, 清理后: https:\/\/t.me\/+9ZnJ_gHIFV41NzFh, 识别为链接: True, 识别为数字ID: False"],"warning":""},"api_address":"185.165.170.142:5036"}
[2026-03-13T20:04:23+08:00][info] 消息ID缓存成功: task_id=69, group_id=https://t.me/+9ZnJ_gHIFV41NzFh, msg_index=1004, message_id=1023, send_user_id=4251
[2026-03-13T20:04:23+08:00][info] 消息状态标记为已发送: task_id=69, group_id=https://t.me/+9ZnJ_gHIFV41NzFh, msg_index=1004
[2026-03-13T20:04:23+08:00][info] 任务 69 将在 75 秒后继续处理下一条消息，索引: 1005, 实例ID: task_69_index_1005_1773403463.2471
[2026-03-13T20:04:24+08:00][info] 返回:{"status":true,"message":"发送完成，成功1个，失败0个[]","data":{"success":[{"group_id":3895336513,"group_link":"https:\/\/t.me\/twogrqoup","type":"megagroup","message":"发送成功","message_id":8025}],"failed":[],"debug":["处理标识符: https:\/\/t.me\/twogrqoup, 清理后: https:\/\/t.me\/twogrqoup, 识别为链接: True, 识别为数字ID: False","已是群组成员，群组ID: 3895336513"],"warning":""},"api_address":"185.165.170.142:5062"}
[2026-03-13T20:04:24+08:00][info] 消息ID缓存成功: task_id=66, group_id=https://t.me/twogrqoup, msg_index=5, message_id=8025, send_user_id=3469
[2026-03-13T20:04:24+08:00][info] 消息状态标记为已发送: task_id=66, group_id=https://t.me/twogrqoup, msg_index=5
[2026-03-13T20:04:24+08:00][info] 任务 66 将在 27 秒后继续处理下一条消息，索引: 6, 实例ID: task_66_index_6_1773403464.3222
[2026-03-13T20:04:51+08:00][info] 开始处理队列任务: task_id=66, current_index=6
[2026-03-13T20:04:51+08:00][info] 消息缓存初始化完成: task_id=66, groups=https://t.me/twogrqoup
[2026-03-13T20:04:51+08:00][info] 任务 66 第 860 次循环，重置群组 https://t.me/twogrqoup 消息状态
[2026-03-13T20:04:51+08:00][info] 使用当前发送用户 3471 的 session_path/www/wwwroot/tdata.tgbota.top/public/uploads/admin/202602/6997fc3070d84/819089723520/tdata/temp_8574369010.session
[2026-03-13T20:04:57+08:00][info] 返回:{"status":true,"message":"发送完成，成功1个，失败0个[]","data":{"success":[{"group_id":3895336513,"group_link":"https:\/\/t.me\/twogrqoup","type":"megagroup","message":"发送成功","message_id":8026}],"failed":[],"debug":["处理标识符: https:\/\/t.me\/twogrqoup, 清理后: https:\/\/t.me\/twogrqoup, 识别为链接: True, 识别为数字ID: False","已是群组成员，群组ID: 3895336513"],"warning":""},"api_address":"185.165.170.142:5023"}
[2026-03-13T20:04:57+08:00][info] 消息ID缓存成功: task_id=66, group_id=https://t.me/twogrqoup, msg_index=6, message_id=8026, send_user_id=3471
[2026-03-13T20:04:57+08:00][info] 消息状态标记为已发送: task_id=66, group_id=https://t.me/twogrqoup, msg_index=6
[2026-03-13T20:04:57+08:00][info] 任务 66 将在 13 秒后继续处理下一条消息，索引: 7, 实例ID: task_66_index_7_1773403497.7475
[2026-03-13T20:05:10+08:00][info] 开始处理队列任务: task_id=66, current_index=7
[2026-03-13T20:05:10+08:00][info] 消息缓存初始化完成: task_id=66, groups=https://t.me/twogrqoup
[2026-03-13T20:05:10+08:00][info] 任务 66 第 860 次循环，重置群组 https://t.me/twogrqoup 消息状态
[2026-03-13T20:05:10+08:00][info] 使用当前发送用户 3471 的 session_path/www/wwwroot/tdata.tgbota.top/public/uploads/admin/202602/6997fc3070d84/819089723520/tdata/temp_8574369010.session
[2026-03-13T20:05:17+08:00][info] 返回:{"status":true,"message":"发送完成，成功1个，失败0个[]","data":{"success":[{"group_id":3895336513,"group_link":"https:\/\/t.me\/twogrqoup","type":"megagroup","message":"发送成功","message_id":8027}],"failed":[],"debug":["处理标识符: https:\/\/t.me\/twogrqoup, 清理后: https:\/\/t.me\/twogrqoup, 识别为链接: True, 识别为数字ID: False","已是群组成员，群组ID: 3895336513"],"warning":""},"api_address":"185.165.170.142:5023"}
[2026-03-13T20:05:17+08:00][info] 消息ID缓存成功: task_id=66, group_id=https://t.me/twogrqoup, msg_index=7, message_id=8027, send_user_id=3471
[2026-03-13T20:05:17+08:00][info] 消息状态标记为已发送: task_id=66, group_id=https://t.me/twogrqoup, msg_index=7
[2026-03-13T20:05:17+08:00][info] 任务 66 将在 26 秒后继续处理下一条消息，索引: 8, 实例ID: task_66_index_8_1773403517.5889
[2026-03-13T20:05:38+08:00][info] 开始处理队列任务: task_id=69, current_index=1005
[2026-03-13T20:05:38+08:00][info] 从数据库获取用户 4243 的 session_path
[2026-03-13T20:05:43+08:00][info] 开始处理队列任务: task_id=66, current_index=8
[2026-03-13T20:05:43+08:00][info] 消息缓存初始化完成: task_id=66, groups=https://t.me/twogrqoup
[2026-03-13T20:05:43+08:00][info] 任务 66 第 860 次循环，重置群组 https://t.me/twogrqoup 消息状态
[2026-03-13T20:05:43+08:00][info] 使用当前发送用户 3469 的 session_path/www/wwwroot/tdata.tgbota.top/public/uploads/admin/202602/6997fc3070d84/819056965118/tdata/temp_8418493902.session
[2026-03-13T20:05:43+08:00][info] 返回:{"status":true,"message":"发送完成，成功1个，失败0个[]","data":{"success":[{"group_id":5072487869,"group_link":"https:\/\/t.me\/+9ZnJ_gHIFV41NzFh","type":"chat","message":"发送成功","message_id":1004}],"failed":[],"debug":["处理标识符: https:\/\/t.me\/+9ZnJ_gHIFV41NzFh, 清理后: https:\/\/t.me\/+9ZnJ_gHIFV41NzFh, 识别为链接: True, 识别为数字ID: False"],"warning":""},"api_address":"185.165.170.142:5028"}
[2026-03-13T20:05:43+08:00][info] 消息ID缓存成功: task_id=69, group_id=https://t.me/+9ZnJ_gHIFV41NzFh, msg_index=1005, message_id=1004, send_user_id=4243
[2026-03-13T20:05:43+08:00][info] 消息状态标记为已发送: task_id=69, group_id=https://t.me/+9ZnJ_gHIFV41NzFh, msg_index=1005
[2026-03-13T20:05:43+08:00][info] 任务 69 将在 99 秒后继续处理下一条消息，索引: 1006, 实例ID: task_69_index_1006_1773403543.9751
[2026-03-13T20:05:50+08:00][info] 返回:{"status":true,"message":"发送完成，成功1个，失败0个[]","data":{"success":[{"group_id":3895336513,"group_link":"https:\/\/t.me\/twogrqoup","type":"megagroup","message":"发送成功","message_id":8028}],"failed":[],"debug":["处理标识符: https:\/\/t.me\/twogrqoup, 清理后: https:\/\/t.me\/twogrqoup, 识别为链接: True, 识别为数字ID: False","已是群组成员，群组ID: 3895336513"],"warning":""},"api_address":"185.165.170.142:5062"}
[2026-03-13T20:05:50+08:00][info] 消息ID缓存成功: task_id=66, group_id=https://t.me/twogrqoup, msg_index=8, message_id=8028, send_user_id=3469
[2026-03-13T20:05:50+08:00][info] 消息状态标记为已发送: task_id=66, group_id=https://t.me/twogrqoup, msg_index=8
[2026-03-13T20:05:50+08:00][info] 任务 66 将在 30 秒后继续处理下一条消息，索引: 9, 实例ID: task_66_index_9_1773403550.1572
[2026-03-13T20:06:20+08:00][info] 开始处理队列任务: task_id=66, current_index=9
[2026-03-13T20:06:20+08:00][info] 消息缓存初始化完成: task_id=66, groups=https://t.me/twogrqoup
[2026-03-13T20:06:20+08:00][info] 任务 66 第 860 次循环，重置群组 https://t.me/twogrqoup 消息状态
[2026-03-13T20:06:20+08:00][info] 任务 66 第 860 轮完成，准备进行第 861 轮
[2026-03-13T20:06:20+08:00][info] 任务 66 即将为下一轮重新入队，延迟 5 秒，从索引 0 开始
[2026-03-13T20:06:25+08:00][info] 开始处理队列任务: task_id=66, current_index=0
[2026-03-13T20:06:25+08:00][info] 消息缓存初始化完成: task_id=66, groups=https://t.me/twogrqoup
[2026-03-13T20:06:25+08:00][info] 任务 66 第 861 次循环，重置群组 https://t.me/twogrqoup 消息状态
[2026-03-13T20:06:25+08:00][info] 使用当前发送用户 3469 的 session_path/www/wwwroot/tdata.tgbota.top/public/uploads/admin/202602/6997fc3070d84/819056965118/tdata/temp_8418493902.session
[2026-03-13T20:06:32+08:00][info] 返回:{"status":true,"message":"发送完成，成功1个，失败0个[]","data":{"success":[{"group_id":3895336513,"group_link":"https:\/\/t.me\/twogrqoup","type":"megagroup","message":"发送成功","message_id":8029}],"failed":[],"debug":["处理标识符: https:\/\/t.me\/twogrqoup, 清理后: https:\/\/t.me\/twogrqoup, 识别为链接: True, 识别为数字ID: False","已是群组成员，群组ID: 3895336513"],"warning":""},"api_address":"185.165.170.142:5062"}
[2026-03-13T20:06:32+08:00][info] 消息ID缓存成功: task_id=66, group_id=https://t.me/twogrqoup, msg_index=0, message_id=8029, send_user_id=3469
[2026-03-13T20:06:32+08:00][info] 消息状态标记为已发送: task_id=66, group_id=https://t.me/twogrqoup, msg_index=0
[2026-03-13T20:06:32+08:00][info] 任务 66 将在 15 秒后继续处理下一条消息，索引: 1, 实例ID: task_66_index_1_1773403592.436
[2026-03-13T20:06:47+08:00][info] 开始处理队列任务: task_id=66, current_index=1
[2026-03-13T20:06:47+08:00][info] 消息缓存初始化完成: task_id=66, groups=https://t.me/twogrqoup
[2026-03-13T20:06:47+08:00][info] 任务 66 第 861 次循环，重置群组 https://t.me/twogrqoup 消息状态
[2026-03-13T20:06:47+08:00][info] 使用当前发送用户 3472 的 session_path/www/wwwroot/tdata.tgbota.top/public/uploads/admin/202602/6997fc3070d84/819050054287/tdata/temp_8308580822.session
[2026-03-13T20:06:54+08:00][info] 返回:{"status":true,"message":"发送完成，成功1个，失败0个[]","data":{"success":[{"group_id":3895336513,"group_link":"https:\/\/t.me\/twogrqoup","type":"megagroup","message":"发送成功","message_id":8030}],"failed":[],"debug":["处理标识符: https:\/\/t.me\/twogrqoup, 清理后: https:\/\/t.me\/twogrqoup, 识别为链接: True, 识别为数字ID: False","已是群组成员，群组ID: 3895336513"],"warning":""},"api_address":"185.165.170.142:5042"}
[2026-03-13T20:06:54+08:00][info] 消息ID缓存成功: task_id=66, group_id=https://t.me/twogrqoup, msg_index=1, message_id=8030, send_user_id=3472
[2026-03-13T20:06:54+08:00][info] 消息状态标记为已发送: task_id=66, group_id=https://t.me/twogrqoup, msg_index=1
[2026-03-13T20:06:54+08:00][info] 任务 66 将在 30 秒后继续处理下一条消息，索引: 2, 实例ID: task_66_index_2_1773403614.7122
[2026-03-13T20:07:22+08:00][info] 开始处理队列任务: task_id=69, current_index=1006
[2026-03-13T20:07:22+08:00][info] 使用feedbackType=1001的消息ID: 995
[2026-03-13T20:07:22+08:00][info] 使用当前发送用户 4255 的 session_path/www/wwwroot/tdata.tgbota.top/public/uploads/admin/202603/69b10fe00169d/13528396542/tdata/temp_8117450112.session
[2026-03-13T20:07:24+08:00][info] 开始处理队列任务: task_id=66, current_index=2
[2026-03-13T20:07:24+08:00][info] 消息缓存初始化完成: task_id=66, groups=https://t.me/twogrqoup
[2026-03-13T20:07:24+08:00][info] 任务 66 第 861 次循环，重置群组 https://t.me/twogrqoup 消息状态
[2026-03-13T20:07:24+08:00][info] 使用当前发送用户 3473 的 session_path/www/wwwroot/tdata.tgbota.top/public/uploads/admin/202602/6997fc3070d84/819054626431/tdata/temp_8503359249.session
[2026-03-13T20:07:27+08:00][info] 返回:{"status":true,"message":"发送完成，成功1个，失败0个[]","data":{"success":[{"group_id":5072487869,"group_link":"https:\/\/t.me\/+9ZnJ_gHIFV41NzFh","type":"chat","message":"发送成功","message_id":986}],"failed":[],"debug":["处理标识符: https:\/\/t.me\/+9ZnJ_gHIFV41NzFh, 清理后: https:\/\/t.me\/+9ZnJ_gHIFV41NzFh, 识别为链接: True, 识别为数字ID: False"],"warning":""},"api_address":"185.165.170.142:5040"}
[2026-03-13T20:07:27+08:00][info] 消息ID缓存成功: task_id=69, group_id=https://t.me/+9ZnJ_gHIFV41NzFh, msg_index=1006, message_id=986, send_user_id=4255
[2026-03-13T20:07:27+08:00][info] 消息状态标记为已发送: task_id=69, group_id=https://t.me/+9ZnJ_gHIFV41NzFh, msg_index=1006
[2026-03-13T20:07:27+08:00][info] 任务 69 将在 87 秒后继续处理下一条消息，索引: 1007, 实例ID: task_69_index_1007_1773403647.1938
[2026-03-13T20:07:29+08:00][info] 返回:{"status":true,"message":"发送完成，成功1个，失败0个[]","data":{"success":[{"group_id":3895336513,"group_link":"https:\/\/t.me\/twogrqoup","type":"megagroup","message":"发送成功","message_id":8031}],"failed":[],"debug":["处理标识符: https:\/\/t.me\/twogrqoup, 清理后: https:\/\/t.me\/twogrqoup, 识别为链接: True, 识别为数字ID: False","已是群组成员，群组ID: 3895336513"],"warning":""},"api_address":"185.165.170.142:5043"}
[2026-03-13T20:07:29+08:00][info] 消息ID缓存成功: task_id=66, group_id=https://t.me/twogrqoup, msg_index=2, message_id=8031, send_user_id=3473
[2026-03-13T20:07:29+08:00][info] 消息状态标记为已发送: task_id=66, group_id=https://t.me/twogrqoup, msg_index=2
[2026-03-13T20:07:29+08:00][info] 任务 66 将在 45 秒后继续处理下一条消息，索引: 3, 实例ID: task_66_index_3_1773403649.7795
[2026-03-13T20:08:14+08:00][info] 开始处理队列任务: task_id=66, current_index=3
[2026-03-13T20:08:14+08:00][info] 消息缓存初始化完成: task_id=66, groups=https://t.me/twogrqoup
[2026-03-13T20:08:14+08:00][info] 任务 66 第 861 次循环，重置群组 https://t.me/twogrqoup 消息状态
[2026-03-13T20:08:14+08:00][info] 使用当前发送用户 3469 的 session_path/www/wwwroot/tdata.tgbota.top/public/uploads/admin/202602/6997fc3070d84/819056965118/tdata/temp_8418493902.session
[2026-03-13T20:08:21+08:00][info] 返回:{"status":true,"message":"发送完成，成功1个，失败0个[]","data":{"success":[{"group_id":3895336513,"group_link":"https:\/\/t.me\/twogrqoup","type":"megagroup","message":"发送成功","message_id":8032}],"failed":[],"debug":["处理标识符: https:\/\/t.me\/twogrqoup, 清理后: https:\/\/t.me\/twogrqoup, 识别为链接: True, 识别为数字ID: False","已是群组成员，群组ID: 3895336513"],"warning":""},"api_address":"185.165.170.142:5062"}
[2026-03-13T20:08:21+08:00][info] 消息ID缓存成功: task_id=66, group_id=https://t.me/twogrqoup, msg_index=3, message_id=8032, send_user_id=3469
[2026-03-13T20:08:21+08:00][info] 消息状态标记为已发送: task_id=66, group_id=https://t.me/twogrqoup, msg_index=3
[2026-03-13T20:08:21+08:00][info] 任务 66 将在 20 秒后继续处理下一条消息，索引: 4, 实例ID: task_66_index_4_1773403701.4959
[2026-03-13T20:08:41+08:00][info] 开始处理队列任务: task_id=66, current_index=4
[2026-03-13T20:08:41+08:00][info] 消息缓存初始化完成: task_id=66, groups=https://t.me/twogrqoup
[2026-03-13T20:08:41+08:00][info] 任务 66 第 861 次循环，重置群组 https://t.me/twogrqoup 消息状态
[2026-03-13T20:08:41+08:00][info] 使用当前发送用户 3471 的 session_path/www/wwwroot/tdata.tgbota.top/public/uploads/admin/202602/6997fc3070d84/819089723520/tdata/temp_8574369010.session
[2026-03-13T20:08:48+08:00][info] 返回:{"status":true,"message":"发送完成，成功1个，失败0个[]","data":{"success":[{"group_id":3895336513,"group_link":"https:\/\/t.me\/twogrqoup","type":"megagroup","message":"发送成功","message_id":8033}],"failed":[],"debug":["处理标识符: https:\/\/t.me\/twogrqoup, 清理后: https:\/\/t.me\/twogrqoup, 识别为链接: True, 识别为数字ID: False","已是群组成员，群组ID: 3895336513"],"warning":""},"api_address":"185.165.170.142:5023"}
[2026-03-13T20:08:48+08:00][info] 消息ID缓存成功: task_id=66, group_id=https://t.me/twogrqoup, msg_index=4, message_id=8033, send_user_id=3471
[2026-03-13T20:08:48+08:00][info] 消息状态标记为已发送: task_id=66, group_id=https://t.me/twogrqoup, msg_index=4
[2026-03-13T20:08:48+08:00][info] 任务 66 将在 26 秒后继续处理下一条消息，索引: 5, 实例ID: task_66_index_5_1773403728.6623
[2026-03-13T20:08:54+08:00][info] 开始处理队列任务: task_id=69, current_index=1007
[2026-03-13T20:08:54+08:00][info] 使用当前发送用户 4255 的 session_path/www/wwwroot/tdata.tgbota.top/public/uploads/admin/202603/69b10fe00169d/13528396542/tdata/temp_8117450112.session
[2026-03-13T20:09:00+08:00][info] 返回:{"status":true,"message":"发送完成，成功1个，失败0个[]","data":{"success":[{"group_id":5072487869,"group_link":"https:\/\/t.me\/+9ZnJ_gHIFV41NzFh","type":"chat","message":"发送成功","message_id":987}],"failed":[],"debug":["处理标识符: https:\/\/t.me\/+9ZnJ_gHIFV41NzFh, 清理后: https:\/\/t.me\/+9ZnJ_gHIFV41NzFh, 识别为链接: True, 识别为数字ID: False"],"warning":""},"api_address":"185.165.170.142:5040"}
[2026-03-13T20:09:00+08:00][info] 消息ID缓存成功: task_id=69, group_id=https://t.me/+9ZnJ_gHIFV41NzFh, msg_index=1007, message_id=987, send_user_id=4255
[2026-03-13T20:09:00+08:00][info] 消息状态标记为已发送: task_id=69, group_id=https://t.me/+9ZnJ_gHIFV41NzFh, msg_index=1007
[2026-03-13T20:09:00+08:00][info] 任务 69 将在 82 秒后继续处理下一条消息，索引: 1008, 实例ID: task_69_index_1008_1773403740.0336
[2026-03-13T20:09:14+08:00][info] 开始处理队列任务: task_id=66, current_index=5
[2026-03-13T20:09:14+08:00][info] 消息缓存初始化完成: task_id=66, groups=https://t.me/twogrqoup
[2026-03-13T20:09:14+08:00][info] 任务 66 第 861 次循环，重置群组 https://t.me/twogrqoup 消息状态
[2026-03-13T20:09:14+08:00][info] 使用当前发送用户 3469 的 session_path/www/wwwroot/tdata.tgbota.top/public/uploads/admin/202602/6997fc3070d84/819056965118/tdata/temp_8418493902.session
[2026-03-13T20:09:21+08:00][info] 返回:{"status":true,"message":"发送完成，成功1个，失败0个[]","data":{"success":[{"group_id":3895336513,"group_link":"https:\/\/t.me\/twogrqoup","type":"megagroup","message":"发送成功","message_id":8034}],"failed":[],"debug":["处理标识符: https:\/\/t.me\/twogrqoup, 清理后: https:\/\/t.me\/twogrqoup, 识别为链接: True, 识别为数字ID: False","已是群组成员，群组ID: 3895336513"],"warning":""},"api_address":"185.165.170.142:5062"}
[2026-03-13T20:09:21+08:00][info] 消息ID缓存成功: task_id=66, group_id=https://t.me/twogrqoup, msg_index=5, message_id=8034, send_user_id=3469
[2026-03-13T20:09:21+08:00][info] 消息状态标记为已发送: task_id=66, group_id=https://t.me/twogrqoup, msg_index=5
[2026-03-13T20:09:21+08:00][info] 任务 66 将在 27 秒后继续处理下一条消息，索引: 6, 实例ID: task_66_index_6_1773403761.4858
[2026-03-13T20:09:48+08:00][info] 开始处理队列任务: task_id=66, current_index=6
[2026-03-13T20:09:48+08:00][info] 消息缓存初始化完成: task_id=66, groups=https://t.me/twogrqoup
[2026-03-13T20:09:48+08:00][info] 任务 66 第 861 次循环，重置群组 https://t.me/twogrqoup 消息状态
[2026-03-13T20:09:48+08:00][info] 使用当前发送用户 3471 的 session_path/www/wwwroot/tdata.tgbota.top/public/uploads/admin/202602/6997fc3070d84/819089723520/tdata/temp_8574369010.session
[2026-03-13T20:09:55+08:00][info] 返回:{"status":true,"message":"发送完成，成功1个，失败0个[]","data":{"success":[{"group_id":3895336513,"group_link":"https:\/\/t.me\/twogrqoup","type":"megagroup","message":"发送成功","message_id":8035}],"failed":[],"debug":["处理标识符: https:\/\/t.me\/twogrqoup, 清理后: https:\/\/t.me\/twogrqoup, 识别为链接: True, 识别为数字ID: False","已是群组成员，群组ID: 3895336513"],"warning":""},"api_address":"185.165.170.142:5023"}
[2026-03-13T20:09:55+08:00][info] 消息ID缓存成功: task_id=66, group_id=https://t.me/twogrqoup, msg_index=6, message_id=8035, send_user_id=3471
[2026-03-13T20:09:55+08:00][info] 消息状态标记为已发送: task_id=66, group_id=https://t.me/twogrqoup, msg_index=6
[2026-03-13T20:09:55+08:00][info] 任务 66 将在 13 秒后继续处理下一条消息，索引: 7, 实例ID: task_66_index_7_1773403795.2346
[2026-03-13T20:10:08+08:00][info] 开始处理队列任务: task_id=66, current_index=7
[2026-03-13T20:10:08+08:00][info] 消息缓存初始化完成: task_id=66, groups=https://t.me/twogrqoup
[2026-03-13T20:10:08+08:00][info] 任务 66 第 861 次循环，重置群组 https://t.me/twogrqoup 消息状态
[2026-03-13T20:10:08+08:00][info] 使用当前发送用户 3471 的 session_path/www/wwwroot/tdata.tgbota.top/public/uploads/admin/202602/6997fc3070d84/819089723520/tdata/temp_8574369010.session
[2026-03-13T20:10:14+08:00][info] 返回:{"status":true,"message":"发送完成，成功1个，失败0个[]","data":{"success":[{"group_id":3895336513,"group_link":"https:\/\/t.me\/twogrqoup","type":"megagroup","message":"发送成功","message_id":8036}],"failed":[],"debug":["处理标识符: https:\/\/t.me\/twogrqoup, 清理后: https:\/\/t.me\/twogrqoup, 识别为链接: True, 识别为数字ID: False","已是群组成员，群组ID: 3895336513"],"warning":""},"api_address":"185.165.170.142:5023"}
[2026-03-13T20:10:14+08:00][info] 消息ID缓存成功: task_id=66, group_id=https://t.me/twogrqoup, msg_index=7, message_id=8036, send_user_id=3471
[2026-03-13T20:10:14+08:00][info] 消息状态标记为已发送: task_id=66, group_id=https://t.me/twogrqoup, msg_index=7
[2026-03-13T20:10:14+08:00][info] 任务 66 将在 26 秒后继续处理下一条消息，索引: 8, 实例ID: task_66_index_8_1773403814.0617
[2026-03-13T20:10:22+08:00][info] 开始处理队列任务: task_id=69, current_index=1008
[2026-03-13T20:10:22+08:00][info] 使用feedbackType=1008的消息ID: 987
[2026-03-13T20:10:22+08:00][info] 使用当前发送用户 4254 的 session_path/www/wwwroot/tdata.tgbota.top/public/uploads/admin/202603/69b10fe00169d/13378414919/tdata/temp_7734543207.session
[2026-03-13T20:10:27+08:00][info] 返回:{"status":true,"message":"发送完成，成功1个，失败0个[]","data":{"success":[{"group_id":5072487869,"group_link":"https:\/\/t.me\/+9ZnJ_gHIFV41NzFh","type":"chat","message":"发送成功","message_id":985}],"failed":[],"debug":["处理标识符: https:\/\/t.me\/+9ZnJ_gHIFV41NzFh, 清理后: https:\/\/t.me\/+9ZnJ_gHIFV41NzFh, 识别为链接: True, 识别为数字ID: False"],"warning":""},"api_address":"185.165.170.142:5039"}
[2026-03-13T20:10:27+08:00][info] 消息ID缓存成功: task_id=69, group_id=https://t.me/+9ZnJ_gHIFV41NzFh, msg_index=1008, message_id=985, send_user_id=4254
[2026-03-13T20:10:27+08:00][info] 消息状态标记为已发送: task_id=69, group_id=https://t.me/+9ZnJ_gHIFV41NzFh, msg_index=1008
[2026-03-13T20:10:27+08:00][info] 任务 69 将在 90 秒后继续处理下一条消息，索引: 1009, 实例ID: task_69_index_1009_1773403827.2332
[2026-03-13T20:10:41+08:00][info] 开始处理队列任务: task_id=66, current_index=8
[2026-03-13T20:10:41+08:00][info] 消息缓存初始化完成: task_id=66, groups=https://t.me/twogrqoup
[2026-03-13T20:10:41+08:00][info] 任务 66 第 861 次循环，重置群组 https://t.me/twogrqoup 消息状态
[2026-03-13T20:10:41+08:00][info] 使用当前发送用户 3469 的 session_path/www/wwwroot/tdata.tgbota.top/public/uploads/admin/202602/6997fc3070d84/819056965118/tdata/temp_8418493902.session
[2026-03-13T20:10:48+08:00][info] 返回:{"status":true,"message":"发送完成，成功1个，失败0个[]","data":{"success":[{"group_id":3895336513,"group_link":"https:\/\/t.me\/twogrqoup","type":"megagroup","message":"发送成功","message_id":8037}],"failed":[],"debug":["处理标识符: https:\/\/t.me\/twogrqoup, 清理后: https:\/\/t.me\/twogrqoup, 识别为链接: True, 识别为数字ID: False","已是群组成员，群组ID: 3895336513"],"warning":""},"api_address":"185.165.170.142:5062"}
[2026-03-13T20:10:48+08:00][info] 消息ID缓存成功: task_id=66, group_id=https://t.me/twogrqoup, msg_index=8, message_id=8037, send_user_id=3469
[2026-03-13T20:10:48+08:00][info] 消息状态标记为已发送: task_id=66, group_id=https://t.me/twogrqoup, msg_index=8
[2026-03-13T20:10:48+08:00][info] 任务 66 将在 30 秒后继续处理下一条消息，索引: 9, 实例ID: task_66_index_9_1773403848.3687
[2026-03-13T20:11:18+08:00][info] 开始处理队列任务: task_id=66, current_index=9
[2026-03-13T20:11:18+08:00][info] 消息缓存初始化完成: task_id=66, groups=https://t.me/twogrqoup
[2026-03-13T20:11:18+08:00][info] 任务 66 第 861 次循环，重置群组 https://t.me/twogrqoup 消息状态
[2026-03-13T20:11:18+08:00][info] 任务 66 第 861 轮完成，准备进行第 862 轮
[2026-03-13T20:11:18+08:00][info] 任务 66 即将为下一轮重新入队，延迟 5 秒，从索引 0 开始
[2026-03-13T20:11:23+08:00][info] 开始处理队列任务: task_id=66, current_index=0
[2026-03-13T20:11:23+08:00][info] 消息缓存初始化完成: task_id=66, groups=https://t.me/twogrqoup
[2026-03-13T20:11:23+08:00][info] 任务 66 第 862 次循环，重置群组 https://t.me/twogrqoup 消息状态
[2026-03-13T20:11:23+08:00][info] 使用当前发送用户 3469 的 session_path/www/wwwroot/tdata.tgbota.top/public/uploads/admin/202602/6997fc3070d84/819056965118/tdata/temp_8418493902.session
[2026-03-13T20:11:29+08:00][info] 返回:{"status":true,"message":"发送完成，成功1个，失败0个[]","data":{"success":[{"group_id":3895336513,"group_link":"https:\/\/t.me\/twogrqoup","type":"megagroup","message":"发送成功","message_id":8038}],"failed":[],"debug":["处理标识符: https:\/\/t.me\/twogrqoup, 清理后: https:\/\/t.me\/twogrqoup, 识别为链接: True, 识别为数字ID: False","已是群组成员，群组ID: 3895336513"],"warning":""},"api_address":"185.165.170.142:5062"}
[2026-03-13T20:11:29+08:00][info] 消息ID缓存成功: task_id=66, group_id=https://t.me/twogrqoup, msg_index=0, message_id=8038, send_user_id=3469
[2026-03-13T20:11:29+08:00][info] 消息状态标记为已发送: task_id=66, group_id=https://t.me/twogrqoup, msg_index=0
[2026-03-13T20:11:29+08:00][info] 任务 66 将在 15 秒后继续处理下一条消息，索引: 1, 实例ID: task_66_index_1_1773403889.6284
[2026-03-13T20:11:44+08:00][info] 开始处理队列任务: task_id=66, current_index=1
[2026-03-13T20:11:44+08:00][info] 消息缓存初始化完成: task_id=66, groups=https://t.me/twogrqoup
[2026-03-13T20:11:44+08:00][info] 任务 66 第 862 次循环，重置群组 https://t.me/twogrqoup 消息状态
[2026-03-13T20:11:44+08:00][info] 使用当前发送用户 3472 的 session_path/www/wwwroot/tdata.tgbota.top/public/uploads/admin/202602/6997fc3070d84/819050054287/tdata/temp_8308580822.session
[2026-03-13T20:11:51+08:00][info] 返回:{"status":true,"message":"发送完成，成功1个，失败0个[]","data":{"success":[{"group_id":3895336513,"group_link":"https:\/\/t.me\/twogrqoup","type":"megagroup","message":"发送成功","message_id":8039}],"failed":[],"debug":["处理标识符: https:\/\/t.me\/twogrqoup, 清理后: https:\/\/t.me\/twogrqoup, 识别为链接: True, 识别为数字ID: False","已是群组成员，群组ID: 3895336513"],"warning":""},"api_address":"185.165.170.142:5042"}
[2026-03-13T20:11:51+08:00][info] 消息ID缓存成功: task_id=66, group_id=https://t.me/twogrqoup, msg_index=1, message_id=8039, send_user_id=3472
[2026-03-13T20:11:51+08:00][info] 消息状态标记为已发送: task_id=66, group_id=https://t.me/twogrqoup, msg_index=1
[2026-03-13T20:11:51+08:00][info] 任务 66 将在 30 秒后继续处理下一条消息，索引: 2, 实例ID: task_66_index_2_1773403911.1894
[2026-03-13T20:11:57+08:00][info] 开始处理队列任务: task_id=69, current_index=1009
[2026-03-13T20:11:57+08:00][info] 使用当前发送用户 4254 的 session_path/www/wwwroot/tdata.tgbota.top/public/uploads/admin/202603/69b10fe00169d/13378414919/tdata/temp_7734543207.session
[2026-03-13T20:12:01+08:00][info] 返回:{"status":true,"message":"发送完成，成功1个，失败0个[]","data":{"success":[{"group_id":5072487869,"group_link":"https:\/\/t.me\/+9ZnJ_gHIFV41NzFh","type":"chat","message":"发送成功","message_id":986}],"failed":[],"debug":["处理标识符: https:\/\/t.me\/+9ZnJ_gHIFV41NzFh, 清理后: https:\/\/t.me\/+9ZnJ_gHIFV41NzFh, 识别为链接: True, 识别为数字ID: False"],"warning":""},"api_address":"185.165.170.142:5039"}
[2026-03-13T20:12:01+08:00][info] 消息ID缓存成功: task_id=69, group_id=https://t.me/+9ZnJ_gHIFV41NzFh, msg_index=1009, message_id=986, send_user_id=4254
[2026-03-13T20:12:01+08:00][info] 消息状态标记为已发送: task_id=69, group_id=https://t.me/+9ZnJ_gHIFV41NzFh, msg_index=1009
[2026-03-13T20:12:01+08:00][info] 任务 69 将在 100 秒后继续处理下一条消息，索引: 1010, 实例ID: task_69_index_1010_1773403921.9431
[2026-03-13T20:12:21+08:00][info] 开始处理队列任务: task_id=66, current_index=2
[2026-03-13T20:12:21+08:00][info] 消息缓存初始化完成: task_id=66, groups=https://t.me/twogrqoup
[2026-03-13T20:12:21+08:00][info] 任务 66 第 862 次循环，重置群组 https://t.me/twogrqoup 消息状态
[2026-03-13T20:12:21+08:00][info] 使用当前发送用户 3473 的 session_path/www/wwwroot/tdata.tgbota.top/public/uploads/admin/202602/6997fc3070d84/819054626431/tdata/temp_8503359249.session
[2026-03-13T20:12:26+08:00][info] 返回:{"status":true,"message":"发送完成，成功1个，失败0个[]","data":{"success":[{"group_id":3895336513,"group_link":"https:\/\/t.me\/twogrqoup","type":"megagroup","message":"发送成功","message_id":8040}],"failed":[],"debug":["处理标识符: https:\/\/t.me\/twogrqoup, 清理后: https:\/\/t.me\/twogrqoup, 识别为链接: True, 识别为数字ID: False","已是群组成员，群组ID: 3895336513"],"warning":""},"api_address":"185.165.170.142:5043"}
[2026-03-13T20:12:26+08:00][info] 消息ID缓存成功: task_id=66, group_id=https://t.me/twogrqoup, msg_index=2, message_id=8040, send_user_id=3473
[2026-03-13T20:12:26+08:00][info] 消息状态标记为已发送: task_id=66, group_id=https://t.me/twogrqoup, msg_index=2
[2026-03-13T20:12:26+08:00][info] 任务 66 将在 45 秒后继续处理下一条消息，索引: 3, 实例ID: task_66_index_3_1773403946.6711
[2026-03-13T20:13:11+08:00][info] 开始处理队列任务: task_id=66, current_index=3
[2026-03-13T20:13:11+08:00][info] 消息缓存初始化完成: task_id=66, groups=https://t.me/twogrqoup
[2026-03-13T20:13:11+08:00][info] 任务 66 第 862 次循环，重置群组 https://t.me/twogrqoup 消息状态
[2026-03-13T20:13:11+08:00][info] 使用当前发送用户 3469 的 session_path/www/wwwroot/tdata.tgbota.top/public/uploads/admin/202602/6997fc3070d84/819056965118/tdata/temp_8418493902.session
[2026-03-13T20:13:18+08:00][info] 返回:{"status":true,"message":"发送完成，成功1个，失败0个[]","data":{"success":[{"group_id":3895336513,"group_link":"https:\/\/t.me\/twogrqoup","type":"megagroup","message":"发送成功","message_id":8041}],"failed":[],"debug":["处理标识符: https:\/\/t.me\/twogrqoup, 清理后: https:\/\/t.me\/twogrqoup, 识别为链接: True, 识别为数字ID: False","已是群组成员，群组ID: 3895336513"],"warning":""},"api_address":"185.165.170.142:5062"}
[2026-03-13T20:13:18+08:00][info] 消息ID缓存成功: task_id=66, group_id=https://t.me/twogrqoup, msg_index=3, message_id=8041, send_user_id=3469
[2026-03-13T20:13:18+08:00][info] 消息状态标记为已发送: task_id=66, group_id=https://t.me/twogrqoup, msg_index=3
[2026-03-13T20:13:18+08:00][info] 任务 66 将在 20 秒后继续处理下一条消息，索引: 4, 实例ID: task_66_index_4_1773403998.1396
[2026-03-13T20:13:39+08:00][info] 开始处理队列任务: task_id=66, current_index=4
[2026-03-13T20:13:39+08:00][info] 消息缓存初始化完成: task_id=66, groups=https://t.me/twogrqoup
[2026-03-13T20:13:39+08:00][info] 任务 66 第 862 次循环，重置群组 https://t.me/twogrqoup 消息状态
[2026-03-13T20:13:39+08:00][info] 使用当前发送用户 3471 的 session_path/www/wwwroot/tdata.tgbota.top/public/uploads/admin/202602/6997fc3070d84/819089723520/tdata/temp_8574369010.session
[2026-03-13T20:13:42+08:00][info] 开始处理队列任务: task_id=69, current_index=1010
[2026-03-13T20:13:42+08:00][info] 使用当前发送用户 4254 的 session_path/www/wwwroot/tdata.tgbota.top/public/uploads/admin/202603/69b10fe00169d/13378414919/tdata/temp_7734543207.session
[2026-03-13T20:13:46+08:00][info] 返回:{"status":true,"message":"发送完成，成功1个，失败0个[]","data":{"success":[{"group_id":3895336513,"group_link":"https:\/\/t.me\/twogrqoup","type":"megagroup","message":"发送成功","message_id":8042}],"failed":[],"debug":["处理标识符: https:\/\/t.me\/twogrqoup, 清理后: https:\/\/t.me\/twogrqoup, 识别为链接: True, 识别为数字ID: False","已是群组成员，群组ID: 3895336513"],"warning":""},"api_address":"185.165.170.142:5023"}
[2026-03-13T20:13:46+08:00][info] 消息ID缓存成功: task_id=66, group_id=https://t.me/twogrqoup, msg_index=4, message_id=8042, send_user_id=3471
[2026-03-13T20:13:46+08:00][info] 消息状态标记为已发送: task_id=66, group_id=https://t.me/twogrqoup, msg_index=4
[2026-03-13T20:13:47+08:00][info] 任务 66 将在 26 秒后继续处理下一条消息，索引: 5, 实例ID: task_66_index_5_1773404027.0155
[2026-03-13T20:13:47+08:00][info] 返回:{"status":true,"message":"发送完成，成功1个，失败0个[]","data":{"success":[{"group_id":5072487869,"group_link":"https:\/\/t.me\/+9ZnJ_gHIFV41NzFh","type":"chat","message":"发送成功","message_id":987}],"failed":[],"debug":["处理标识符: https:\/\/t.me\/+9ZnJ_gHIFV41NzFh, 清理后: https:\/\/t.me\/+9ZnJ_gHIFV41NzFh, 识别为链接: True, 识别为数字ID: False"],"warning":""},"api_address":"185.165.170.142:5039"}
[2026-03-13T20:13:47+08:00][info] 消息ID缓存成功: task_id=69, group_id=https://t.me/+9ZnJ_gHIFV41NzFh, msg_index=1010, message_id=987, send_user_id=4254
[2026-03-13T20:13:47+08:00][info] 消息状态标记为已发送: task_id=69, group_id=https://t.me/+9ZnJ_gHIFV41NzFh, msg_index=1010
[2026-03-13T20:13:47+08:00][info] 任务 69 将在 110 秒后继续处理下一条消息，索引: 1011, 实例ID: task_69_index_1011_1773404027.4973
[2026-03-13T20:14:14+08:00][info] 开始处理队列任务: task_id=66, current_index=5
[2026-03-13T20:14:14+08:00][info] 消息缓存初始化完成: task_id=66, groups=https://t.me/twogrqoup
[2026-03-13T20:14:14+08:00][info] 任务 66 第 862 次循环，重置群组 https://t.me/twogrqoup 消息状态
[2026-03-13T20:14:14+08:00][info] 使用当前发送用户 3469 的 session_path/www/wwwroot/tdata.tgbota.top/public/uploads/admin/202602/6997fc3070d84/819056965118/tdata/temp_8418493902.session
[2026-03-13T20:14:19+08:00][info] 返回:{"status":true,"message":"发送完成，成功1个，失败0个[]","data":{"success":[{"group_id":3895336513,"group_link":"https:\/\/t.me\/twogrqoup","type":"megagroup","message":"发送成功","message_id":8043}],"failed":[],"debug":["处理标识符: https:\/\/t.me\/twogrqoup, 清理后: https:\/\/t.me\/twogrqoup, 识别为链接: True, 识别为数字ID: False","已是群组成员，群组ID: 3895336513"],"warning":""},"api_address":"185.165.170.142:5062"}
[2026-03-13T20:14:19+08:00][info] 消息ID缓存成功: task_id=66, group_id=https://t.me/twogrqoup, msg_index=5, message_id=8043, send_user_id=3469
[2026-03-13T20:14:19+08:00][info] 消息状态标记为已发送: task_id=66, group_id=https://t.me/twogrqoup, msg_index=5
[2026-03-13T20:14:19+08:00][info] 任务 66 将在 27 秒后继续处理下一条消息，索引: 6, 实例ID: task_66_index_6_1773404059.451
[2026-03-13T20:14:46+08:00][info] 开始处理队列任务: task_id=66, current_index=6
[2026-03-13T20:14:46+08:00][info] 消息缓存初始化完成: task_id=66, groups=https://t.me/twogrqoup
[2026-03-13T20:14:46+08:00][info] 任务 66 第 862 次循环，重置群组 https://t.me/twogrqoup 消息状态
[2026-03-13T20:14:46+08:00][info] 使用当前发送用户 3471 的 session_path/www/wwwroot/tdata.tgbota.top/public/uploads/admin/202602/6997fc3070d84/819089723520/tdata/temp_8574369010.session
[2026-03-13T20:14:52+08:00][info] 返回:{"status":true,"message":"发送完成，成功1个，失败0个[]","data":{"success":[{"group_id":3895336513,"group_link":"https:\/\/t.me\/twogrqoup","type":"megagroup","message":"发送成功","message_id":8044}],"failed":[],"debug":["处理标识符: https:\/\/t.me\/twogrqoup, 清理后: https:\/\/t.me\/twogrqoup, 识别为链接: True, 识别为数字ID: False","已是群组成员，群组ID: 3895336513"],"warning":""},"api_address":"185.165.170.142:5023"}
[2026-03-13T20:14:52+08:00][info] 消息ID缓存成功: task_id=66, group_id=https://t.me/twogrqoup, msg_index=6, message_id=8044, send_user_id=3471
[2026-03-13T20:14:52+08:00][info] 消息状态标记为已发送: task_id=66, group_id=https://t.me/twogrqoup, msg_index=6
[2026-03-13T20:14:52+08:00][info] 任务 66 将在 13 秒后继续处理下一条消息，索引: 7, 实例ID: task_66_index_7_1773404092.2587
[2026-03-13T20:15:05+08:00][info] 开始处理队列任务: task_id=66, current_index=7
[2026-03-13T20:15:05+08:00][info] 消息缓存初始化完成: task_id=66, groups=https://t.me/twogrqoup
[2026-03-13T20:15:05+08:00][info] 任务 66 第 862 次循环，重置群组 https://t.me/twogrqoup 消息状态
[2026-03-13T20:15:05+08:00][info] 使用当前发送用户 3471 的 session_path/www/wwwroot/tdata.tgbota.top/public/uploads/admin/202602/6997fc3070d84/819089723520/tdata/temp_8574369010.session
[2026-03-13T20:15:12+08:00][info] 返回:{"status":true,"message":"发送完成，成功1个，失败0个[]","data":{"success":[{"group_id":3895336513,"group_link":"https:\/\/t.me\/twogrqoup","type":"megagroup","message":"发送成功","message_id":8045}],"failed":[],"debug":["处理标识符: https:\/\/t.me\/twogrqoup, 清理后: https:\/\/t.me\/twogrqoup, 识别为链接: True, 识别为数字ID: False","已是群组成员，群组ID: 3895336513"],"warning":""},"api_address":"185.165.170.142:5023"}
[2026-03-13T20:15:12+08:00][info] 消息ID缓存成功: task_id=66, group_id=https://t.me/twogrqoup, msg_index=7, message_id=8045, send_user_id=3471
[2026-03-13T20:15:12+08:00][info] 消息状态标记为已发送: task_id=66, group_id=https://t.me/twogrqoup, msg_index=7
[2026-03-13T20:15:12+08:00][info] 任务 66 将在 26 秒后继续处理下一条消息，索引: 8, 实例ID: task_66_index_8_1773404112.8616
[2026-03-13T20:15:37+08:00][info] 开始处理队列任务: task_id=69, current_index=1011
[2026-03-13T20:15:37+08:00][info] 使用feedbackType=1002的消息ID: 996
[2026-03-13T20:15:37+08:00][info] 使用消息配置中指定的用户 4245 的 session_path/www/wwwroot/tdata.tgbota.top/public/uploads/admin/202603/69b10fe00169d/13378413177/tdata/temp_8408358101.session
[2026-03-13T20:15:38+08:00][info] 开始处理队列任务: task_id=66, current_index=8
[2026-03-13T20:15:38+08:00][info] 消息缓存初始化完成: task_id=66, groups=https://t.me/twogrqoup
[2026-03-13T20:15:38+08:00][info] 任务 66 第 862 次循环，重置群组 https://t.me/twogrqoup 消息状态
[2026-03-13T20:15:38+08:00][info] 使用当前发送用户 3469 的 session_path/www/wwwroot/tdata.tgbota.top/public/uploads/admin/202602/6997fc3070d84/819056965118/tdata/temp_8418493902.session
[2026-03-13T20:15:43+08:00][info] 返回:{"status":true,"message":"发送完成，成功1个，失败0个[]","data":{"success":[{"group_id":5072487869,"group_link":"https:\/\/t.me\/+9ZnJ_gHIFV41NzFh","type":"chat","message":"发送成功","message_id":1017}],"failed":[],"debug":["处理标识符: https:\/\/t.me\/+9ZnJ_gHIFV41NzFh, 清理后: https:\/\/t.me\/+9ZnJ_gHIFV41NzFh, 识别为链接: True, 识别为数字ID: False"],"warning":""},"api_address":"185.165.170.142:5030"}
[2026-03-13T20:15:43+08:00][info] 消息ID缓存成功: task_id=69, group_id=https://t.me/+9ZnJ_gHIFV41NzFh, msg_index=1011, message_id=1017, send_user_id=4245
[2026-03-13T20:15:43+08:00][info] 消息状态标记为已发送: task_id=69, group_id=https://t.me/+9ZnJ_gHIFV41NzFh, msg_index=1011
[2026-03-13T20:15:43+08:00][info] 任务 69 将在 76 秒后继续处理下一条消息，索引: 1012, 实例ID: task_69_index_1012_1773404143.4267
[2026-03-13T20:15:46+08:00][info] 返回:{"status":true,"message":"发送完成，成功1个，失败0个[]","data":{"success":[{"group_id":3895336513,"group_link":"https:\/\/t.me\/twogrqoup","type":"megagroup","message":"发送成功","message_id":8046}],"failed":[],"debug":["处理标识符: https:\/\/t.me\/twogrqoup, 清理后: https:\/\/t.me\/twogrqoup, 识别为链接: True, 识别为数字ID: False","已是群组成员，群组ID: 3895336513"],"warning":""},"api_address":"185.165.170.142:5062"}
[2026-03-13T20:15:46+08:00][info] 消息ID缓存成功: task_id=66, group_id=https://t.me/twogrqoup, msg_index=8, message_id=8046, send_user_id=3469
[2026-03-13T20:15:46+08:00][info] 消息状态标记为已发送: task_id=66, group_id=https://t.me/twogrqoup, msg_index=8
[2026-03-13T20:15:46+08:00][info] 任务 66 将在 30 秒后继续处理下一条消息，索引: 9, 实例ID: task_66_index_9_1773404146.2929
[2026-03-13T20:16:16+08:00][info] 开始处理队列任务: task_id=66, current_index=9
[2026-03-13T20:16:16+08:00][info] 消息缓存初始化完成: task_id=66, groups=https://t.me/twogrqoup
[2026-03-13T20:16:16+08:00][info] 任务 66 第 862 次循环，重置群组 https://t.me/twogrqoup 消息状态
[2026-03-13T20:16:16+08:00][info] 任务 66 第 862 轮完成，准备进行第 863 轮
[2026-03-13T20:16:16+08:00][info] 任务 66 即将为下一轮重新入队，延迟 5 秒，从索引 0 开始
[2026-03-13T20:16:21+08:00][info] 开始处理队列任务: task_id=66, current_index=0
[2026-03-13T20:16:21+08:00][info] 消息缓存初始化完成: task_id=66, groups=https://t.me/twogrqoup
[2026-03-13T20:16:21+08:00][info] 任务 66 第 863 次循环，重置群组 https://t.me/twogrqoup 消息状态
[2026-03-13T20:16:21+08:00][info] 使用当前发送用户 3469 的 session_path/www/wwwroot/tdata.tgbota.top/public/uploads/admin/202602/6997fc3070d84/819056965118/tdata/temp_8418493902.session
[2026-03-13T20:16:29+08:00][info] 返回:{"status":true,"message":"发送完成，成功1个，失败0个[]","data":{"success":[{"group_id":3895336513,"group_link":"https:\/\/t.me\/twogrqoup","type":"megagroup","message":"发送成功","message_id":8047}],"failed":[],"debug":["处理标识符: https:\/\/t.me\/twogrqoup, 清理后: https:\/\/t.me\/twogrqoup, 识别为链接: True, 识别为数字ID: False","已是群组成员，群组ID: 3895336513"],"warning":""},"api_address":"185.165.170.142:5062"}
[2026-03-13T20:16:29+08:00][info] 消息ID缓存成功: task_id=66, group_id=https://t.me/twogrqoup, msg_index=0, message_id=8047, send_user_id=3469
[2026-03-13T20:16:29+08:00][info] 消息状态标记为已发送: task_id=66, group_id=https://t.me/twogrqoup, msg_index=0
[2026-03-13T20:16:29+08:00][info] 任务 66 将在 15 秒后继续处理下一条消息，索引: 1, 实例ID: task_66_index_1_1773404189.4256
[2026-03-13T20:16:44+08:00][info] 开始处理队列任务: task_id=66, current_index=1
[2026-03-13T20:16:44+08:00][info] 消息缓存初始化完成: task_id=66, groups=https://t.me/twogrqoup
[2026-03-13T20:16:44+08:00][info] 任务 66 第 863 次循环，重置群组 https://t.me/twogrqoup 消息状态
[2026-03-13T20:16:44+08:00][info] 使用当前发送用户 3472 的 session_path/www/wwwroot/tdata.tgbota.top/public/uploads/admin/202602/6997fc3070d84/819050054287/tdata/temp_8308580822.session
[2026-03-13T20:16:49+08:00][info] 返回:{"status":true,"message":"发送完成，成功1个，失败0个[]","data":{"success":[{"group_id":3895336513,"group_link":"https:\/\/t.me\/twogrqoup","type":"megagroup","message":"发送成功","message_id":8048}],"failed":[],"debug":["处理标识符: https:\/\/t.me\/twogrqoup, 清理后: https:\/\/t.me\/twogrqoup, 识别为链接: True, 识别为数字ID: False","已是群组成员，群组ID: 3895336513"],"warning":""},"api_address":"185.165.170.142:5042"}
[2026-03-13T20:16:49+08:00][info] 消息ID缓存成功: task_id=66, group_id=https://t.me/twogrqoup, msg_index=1, message_id=8048, send_user_id=3472
[2026-03-13T20:16:49+08:00][info] 消息状态标记为已发送: task_id=66, group_id=https://t.me/twogrqoup, msg_index=1
[2026-03-13T20:16:49+08:00][info] 任务 66 将在 30 秒后继续处理下一条消息，索引: 2, 实例ID: task_66_index_2_1773404209.8153
[2026-03-13T20:17:00+08:00][info] 开始处理队列任务: task_id=69, current_index=1012
[2026-03-13T20:17:00+08:00][info] 使用当前发送用户 4255 的 session_path/www/wwwroot/tdata.tgbota.top/public/uploads/admin/202603/69b10fe00169d/13528396542/tdata/temp_8117450112.session
[2026-03-13T20:17:06+08:00][info] 返回:{"status":true,"message":"发送完成，成功1个，失败0个[]","data":{"success":[{"group_id":5072487869,"group_link":"https:\/\/t.me\/+9ZnJ_gHIFV41NzFh","type":"chat","message":"发送成功","message_id":992}],"failed":[],"debug":["处理标识符: https:\/\/t.me\/+9ZnJ_gHIFV41NzFh, 清理后: https:\/\/t.me\/+9ZnJ_gHIFV41NzFh, 识别为链接: True, 识别为数字ID: False"],"warning":""},"api_address":"185.165.170.142:5040"}
[2026-03-13T20:17:06+08:00][info] 消息ID缓存成功: task_id=69, group_id=https://t.me/+9ZnJ_gHIFV41NzFh, msg_index=1012, message_id=992, send_user_id=4255
[2026-03-13T20:17:06+08:00][info] 消息状态标记为已发送: task_id=69, group_id=https://t.me/+9ZnJ_gHIFV41NzFh, msg_index=1012
[2026-03-13T20:17:06+08:00][info] 任务 69 将在 87 秒后继续处理下一条消息，索引: 1013, 实例ID: task_69_index_1013_1773404226.9511
[2026-03-13T20:17:19+08:00][info] 开始处理队列任务: task_id=66, current_index=2
[2026-03-13T20:17:19+08:00][info] 消息缓存初始化完成: task_id=66, groups=https://t.me/twogrqoup
[2026-03-13T20:17:19+08:00][info] 任务 66 第 863 次循环，重置群组 https://t.me/twogrqoup 消息状态
[2026-03-13T20:17:19+08:00][info] 使用当前发送用户 3473 的 session_path/www/wwwroot/tdata.tgbota.top/public/uploads/admin/202602/6997fc3070d84/819054626431/tdata/temp_8503359249.session
[2026-03-13T20:17:23+08:00][info] 返回:{"status":true,"message":"发送完成，成功1个，失败0个[]","data":{"success":[{"group_id":3895336513,"group_link":"https:\/\/t.me\/twogrqoup","type":"megagroup","message":"发送成功","message_id":8049}],"failed":[],"debug":["处理标识符: https:\/\/t.me\/twogrqoup, 清理后: https:\/\/t.me\/twogrqoup, 识别为链接: True, 识别为数字ID: False","已是群组成员，群组ID: 3895336513"],"warning":""},"api_address":"185.165.170.142:5043"}
[2026-03-13T20:17:23+08:00][info] 消息ID缓存成功: task_id=66, group_id=https://t.me/twogrqoup, msg_index=2, message_id=8049, send_user_id=3473
[2026-03-13T20:17:23+08:00][info] 消息状态标记为已发送: task_id=66, group_id=https://t.me/twogrqoup, msg_index=2
[2026-03-13T20:17:23+08:00][info] 任务 66 将在 45 秒后继续处理下一条消息，索引: 3, 实例ID: task_66_index_3_1773404243.9527
[2026-03-13T20:18:08+08:00][info] 开始处理队列任务: task_id=66, current_index=3
[2026-03-13T20:18:09+08:00][info] 消息缓存初始化完成: task_id=66, groups=https://t.me/twogrqoup
[2026-03-13T20:18:09+08:00][info] 任务 66 第 863 次循环，重置群组 https://t.me/twogrqoup 消息状态
[2026-03-13T20:18:09+08:00][info] 使用当前发送用户 3469 的 session_path/www/wwwroot/tdata.tgbota.top/public/uploads/admin/202602/6997fc3070d84/819056965118/tdata/temp_8418493902.session
[2026-03-13T20:18:14+08:00][info] 返回:{"status":true,"message":"发送完成，成功1个，失败0个[]","data":{"success":[{"group_id":3895336513,"group_link":"https:\/\/t.me\/twogrqoup","type":"megagroup","message":"发送成功","message_id":8050}],"failed":[],"debug":["处理标识符: https:\/\/t.me\/twogrqoup, 清理后: https:\/\/t.me\/twogrqoup, 识别为链接: True, 识别为数字ID: False","已是群组成员，群组ID: 3895336513"],"warning":""},"api_address":"185.165.170.142:5062"}
[2026-03-13T20:18:14+08:00][info] 消息ID缓存成功: task_id=66, group_id=https://t.me/twogrqoup, msg_index=3, message_id=8050, send_user_id=3469
[2026-03-13T20:18:14+08:00][info] 消息状态标记为已发送: task_id=66, group_id=https://t.me/twogrqoup, msg_index=3
[2026-03-13T20:18:14+08:00][info] 任务 66 将在 20 秒后继续处理下一条消息，索引: 4, 实例ID: task_66_index_4_1773404294.7686
[2026-03-13T20:18:33+08:00][info] 开始处理队列任务: task_id=69, current_index=1013
[2026-03-13T20:18:33+08:00][info] 使用当前发送用户 4254 的 session_path/www/wwwroot/tdata.tgbota.top/public/uploads/admin/202603/69b10fe00169d/13378414919/tdata/temp_7734543207.session
[2026-03-13T20:18:34+08:00][info] 开始处理队列任务: task_id=66, current_index=4
[2026-03-13T20:18:34+08:00][info] 消息缓存初始化完成: task_id=66, groups=https://t.me/twogrqoup
[2026-03-13T20:18:34+08:00][info] 任务 66 第 863 次循环，重置群组 https://t.me/twogrqoup 消息状态
[2026-03-13T20:18:34+08:00][info] 使用当前发送用户 3471 的 session_path/www/wwwroot/tdata.tgbota.top/public/uploads/admin/202602/6997fc3070d84/819089723520/tdata/temp_8574369010.session
[2026-03-13T20:18:37+08:00][info] 返回:{"status":true,"message":"发送完成，成功1个，失败0个[]","data":{"success":[{"group_id":5072487869,"group_link":"https:\/\/t.me\/+9ZnJ_gHIFV41NzFh","type":"chat","message":"发送成功","message_id":990}],"failed":[],"debug":["处理标识符: https:\/\/t.me\/+9ZnJ_gHIFV41NzFh, 清理后: https:\/\/t.me\/+9ZnJ_gHIFV41NzFh, 识别为链接: True, 识别为数字ID: False"],"warning":""},"api_address":"185.165.170.142:5039"}
[2026-03-13T20:18:37+08:00][info] 消息ID缓存成功: task_id=69, group_id=https://t.me/+9ZnJ_gHIFV41NzFh, msg_index=1013, message_id=990, send_user_id=4254
[2026-03-13T20:18:37+08:00][info] 消息状态标记为已发送: task_id=69, group_id=https://t.me/+9ZnJ_gHIFV41NzFh, msg_index=1013
[2026-03-13T20:18:37+08:00][info] 任务 69 将在 98 秒后继续处理下一条消息，索引: 1014, 实例ID: task_69_index_1014_1773404317.7193
[2026-03-13T20:18:40+08:00][info] 返回:{"status":true,"message":"发送完成，成功1个，失败0个[]","data":{"success":[{"group_id":3895336513,"group_link":"https:\/\/t.me\/twogrqoup","type":"megagroup","message":"发送成功","message_id":8051}],"failed":[],"debug":["处理标识符: https:\/\/t.me\/twogrqoup, 清理后: https:\/\/t.me\/twogrqoup, 识别为链接: True, 识别为数字ID: False","已是群组成员，群组ID: 3895336513"],"warning":""},"api_address":"185.165.170.142:5023"}
[2026-03-13T20:18:40+08:00][info] 消息ID缓存成功: task_id=66, group_id=https://t.me/twogrqoup, msg_index=4, message_id=8051, send_user_id=3471
[2026-03-13T20:18:40+08:00][info] 消息状态标记为已发送: task_id=66, group_id=https://t.me/twogrqoup, msg_index=4
[2026-03-13T20:18:40+08:00][info] 任务 66 将在 26 秒后继续处理下一条消息，索引: 5, 实例ID: task_66_index_5_1773404320.2438
[2026-03-13T20:19:06+08:00][info] 开始处理队列任务: task_id=66, current_index=5
[2026-03-13T20:19:06+08:00][info] 消息缓存初始化完成: task_id=66, groups=https://t.me/twogrqoup
[2026-03-13T20:19:06+08:00][info] 任务 66 第 863 次循环，重置群组 https://t.me/twogrqoup 消息状态
[2026-03-13T20:19:06+08:00][info] 使用当前发送用户 3469 的 session_path/www/wwwroot/tdata.tgbota.top/public/uploads/admin/202602/6997fc3070d84/819056965118/tdata/temp_8418493902.session
[2026-03-13T20:19:12+08:00][info] 返回:{"status":true,"message":"发送完成，成功1个，失败0个[]","data":{"success":[{"group_id":3895336513,"group_link":"https:\/\/t.me\/twogrqoup","type":"megagroup","message":"发送成功","message_id":8052}],"failed":[],"debug":["处理标识符: https:\/\/t.me\/twogrqoup, 清理后: https:\/\/t.me\/twogrqoup, 识别为链接: True, 识别为数字ID: False","已是群组成员，群组ID: 3895336513"],"warning":""},"api_address":"185.165.170.142:5062"}
[2026-03-13T20:19:12+08:00][info] 消息ID缓存成功: task_id=66, group_id=https://t.me/twogrqoup, msg_index=5, message_id=8052, send_user_id=3469
[2026-03-13T20:19:12+08:00][info] 消息状态标记为已发送: task_id=66, group_id=https://t.me/twogrqoup, msg_index=5
[2026-03-13T20:19:12+08:00][info] 任务 66 将在 27 秒后继续处理下一条消息，索引: 6, 实例ID: task_66_index_6_1773404352.6921
[2026-03-13T20:19:39+08:00][info] 开始处理队列任务: task_id=66, current_index=6
[2026-03-13T20:19:39+08:00][info] 消息缓存初始化完成: task_id=66, groups=https://t.me/twogrqoup
[2026-03-13T20:19:39+08:00][info] 任务 66 第 863 次循环，重置群组 https://t.me/twogrqoup 消息状态
[2026-03-13T20:19:39+08:00][info] 使用当前发送用户 3471 的 session_path/www/wwwroot/tdata.tgbota.top/public/uploads/admin/202602/6997fc3070d84/819089723520/tdata/temp_8574369010.session
[2026-03-13T20:19:46+08:00][info] 返回:{"status":true,"message":"发送完成，成功1个，失败0个[]","data":{"success":[{"group_id":3895336513,"group_link":"https:\/\/t.me\/twogrqoup","type":"megagroup","message":"发送成功","message_id":8053}],"failed":[],"debug":["处理标识符: https:\/\/t.me\/twogrqoup, 清理后: https:\/\/t.me\/twogrqoup, 识别为链接: True, 识别为数字ID: False","已是群组成员，群组ID: 3895336513"],"warning":""},"api_address":"185.165.170.142:5023"}
[2026-03-13T20:19:46+08:00][info] 消息ID缓存成功: task_id=66, group_id=https://t.me/twogrqoup, msg_index=6, message_id=8053, send_user_id=3471
[2026-03-13T20:19:46+08:00][info] 消息状态标记为已发送: task_id=66, group_id=https://t.me/twogrqoup, msg_index=6
[2026-03-13T20:19:46+08:00][info] 任务 66 将在 13 秒后继续处理下一条消息，索引: 7, 实例ID: task_66_index_7_1773404386.2335
[2026-03-13T20:19:59+08:00][info] 开始处理队列任务: task_id=66, current_index=7
[2026-03-13T20:19:59+08:00][info] 消息缓存初始化完成: task_id=66, groups=https://t.me/twogrqoup
[2026-03-13T20:19:59+08:00][info] 任务 66 第 863 次循环，重置群组 https://t.me/twogrqoup 消息状态
[2026-03-13T20:19:59+08:00][info] 使用当前发送用户 3471 的 session_path/www/wwwroot/tdata.tgbota.top/public/uploads/admin/202602/6997fc3070d84/819089723520/tdata/temp_8574369010.session
[2026-03-13T20:20:07+08:00][info] 返回:{"status":true,"message":"发送完成，成功1个，失败0个[]","data":{"success":[{"group_id":3895336513,"group_link":"https:\/\/t.me\/twogrqoup","type":"megagroup","message":"发送成功","message_id":8054}],"failed":[],"debug":["处理标识符: https:\/\/t.me\/twogrqoup, 清理后: https:\/\/t.me\/twogrqoup, 识别为链接: True, 识别为数字ID: False","已是群组成员，群组ID: 3895336513"],"warning":""},"api_address":"185.165.170.142:5023"}
[2026-03-13T20:20:07+08:00][info] 消息ID缓存成功: task_id=66, group_id=https://t.me/twogrqoup, msg_index=7, message_id=8054, send_user_id=3471
[2026-03-13T20:20:07+08:00][info] 消息状态标记为已发送: task_id=66, group_id=https://t.me/twogrqoup, msg_index=7
[2026-03-13T20:20:07+08:00][info] 任务 66 将在 26 秒后继续处理下一条消息，索引: 8, 实例ID: task_66_index_8_1773404407.2127
[2026-03-13T20:20:16+08:00][info] 开始处理队列任务: task_id=69, current_index=1014
[2026-03-13T20:20:16+08:00][info] 使用feedbackType=1009的消息ID: 985
[2026-03-13T20:20:16+08:00][info] 使用当前发送用户 4255 的 session_path/www/wwwroot/tdata.tgbota.top/public/uploads/admin/202603/69b10fe00169d/13528396542/tdata/temp_8117450112.session
[2026-03-13T20:20:22+08:00][info] 返回:{"status":true,"message":"发送完成，成功1个，失败0个[]","data":{"success":[{"group_id":5072487869,"group_link":"https:\/\/t.me\/+9ZnJ_gHIFV41NzFh","type":"chat","message":"发送成功","message_id":994}],"failed":[],"debug":["处理标识符: https:\/\/t.me\/+9ZnJ_gHIFV41NzFh, 清理后: https:\/\/t.me\/+9ZnJ_gHIFV41NzFh, 识别为链接: True, 识别为数字ID: False","文件1有效: \/www\/wwwroot\/tdata.tgbota.top\/public\/uploads\/admin\/202512\/693ae43195412.jpg (5980字节)","发送单个文件: \/www\/wwwroot\/tdata.tgbota.top\/public\/uploads\/admin\/202512\/693ae43195412.jpg"],"warning":""},"api_address":"185.165.170.142:5040"}
[2026-03-13T20:20:22+08:00][info] 消息ID缓存成功: task_id=69, group_id=https://t.me/+9ZnJ_gHIFV41NzFh, msg_index=1014, message_id=994, send_user_id=4255
[2026-03-13T20:20:22+08:00][info] 消息状态标记为已发送: task_id=69, group_id=https://t.me/+9ZnJ_gHIFV41NzFh, msg_index=1014
[2026-03-13T20:20:22+08:00][info] 任务 69 将在 106 秒后继续处理下一条消息，索引: 1015, 实例ID: task_69_index_1015_1773404422.2811
[2026-03-13T20:20:34+08:00][info] 开始处理队列任务: task_id=66, current_index=8
[2026-03-13T20:20:34+08:00][info] 消息缓存初始化完成: task_id=66, groups=https://t.me/twogrqoup
[2026-03-13T20:20:34+08:00][info] 任务 66 第 863 次循环，重置群组 https://t.me/twogrqoup 消息状态
[2026-03-13T20:20:34+08:00][info] 使用当前发送用户 3469 的 session_path/www/wwwroot/tdata.tgbota.top/public/uploads/admin/202602/6997fc3070d84/819056965118/tdata/temp_8418493902.session
[2026-03-13T20:20:40+08:00][info] 返回:{"status":true,"message":"发送完成，成功1个，失败0个[]","data":{"success":[{"group_id":3895336513,"group_link":"https:\/\/t.me\/twogrqoup","type":"megagroup","message":"发送成功","message_id":8055}],"failed":[],"debug":["处理标识符: https:\/\/t.me\/twogrqoup, 清理后: https:\/\/t.me\/twogrqoup, 识别为链接: True, 识别为数字ID: False","已是群组成员，群组ID: 3895336513"],"warning":""},"api_address":"185.165.170.142:5062"}
[2026-03-13T20:20:40+08:00][info] 消息ID缓存成功: task_id=66, group_id=https://t.me/twogrqoup, msg_index=8, message_id=8055, send_user_id=3469
[2026-03-13T20:20:40+08:00][info] 消息状态标记为已发送: task_id=66, group_id=https://t.me/twogrqoup, msg_index=8
[2026-03-13T20:20:40+08:00][info] 任务 66 将在 30 秒后继续处理下一条消息，索引: 9, 实例ID: task_66_index_9_1773404440.5216
[2026-03-13T20:21:10+08:00][info] 开始处理队列任务: task_id=66, current_index=9
[2026-03-13T20:21:10+08:00][info] 消息缓存初始化完成: task_id=66, groups=https://t.me/twogrqoup
[2026-03-13T20:21:10+08:00][info] 任务 66 第 863 次循环，重置群组 https://t.me/twogrqoup 消息状态
[2026-03-13T20:21:10+08:00][info] 任务 66 第 863 轮完成，准备进行第 864 轮
[2026-03-13T20:21:10+08:00][info] 任务 66 即将为下一轮重新入队，延迟 5 秒，从索引 0 开始
[2026-03-13T20:21:16+08:00][info] 开始处理队列任务: task_id=66, current_index=0
[2026-03-13T20:21:16+08:00][info] 消息缓存初始化完成: task_id=66, groups=https://t.me/twogrqoup
[2026-03-13T20:21:16+08:00][info] 任务 66 第 864 次循环，重置群组 https://t.me/twogrqoup 消息状态
[2026-03-13T20:21:16+08:00][info] 使用当前发送用户 3469 的 session_path/www/wwwroot/tdata.tgbota.top/public/uploads/admin/202602/6997fc3070d84/819056965118/tdata/temp_8418493902.session
[2026-03-13T20:21:21+08:00][info] 返回:{"status":true,"message":"发送完成，成功1个，失败0个[]","data":{"success":[{"group_id":3895336513,"group_link":"https:\/\/t.me\/twogrqoup","type":"megagroup","message":"发送成功","message_id":8056}],"failed":[],"debug":["处理标识符: https:\/\/t.me\/twogrqoup, 清理后: https:\/\/t.me\/twogrqoup, 识别为链接: True, 识别为数字ID: False","已是群组成员，群组ID: 3895336513"],"warning":""},"api_address":"185.165.170.142:5062"}
[2026-03-13T20:21:21+08:00][info] 消息ID缓存成功: task_id=66, group_id=https://t.me/twogrqoup, msg_index=0, message_id=8056, send_user_id=3469
[2026-03-13T20:21:21+08:00][info] 消息状态标记为已发送: task_id=66, group_id=https://t.me/twogrqoup, msg_index=0
[2026-03-13T20:21:21+08:00][info] 任务 66 将在 15 秒后继续处理下一条消息，索引: 1, 实例ID: task_66_index_1_1773404481.2494
[2026-03-13T20:21:36+08:00][info] 开始处理队列任务: task_id=66, current_index=1
[2026-03-13T20:21:36+08:00][info] 消息缓存初始化完成: task_id=66, groups=https://t.me/twogrqoup
[2026-03-13T20:21:36+08:00][info] 任务 66 第 864 次循环，重置群组 https://t.me/twogrqoup 消息状态
[2026-03-13T20:21:36+08:00][info] 使用当前发送用户 3472 的 session_path/www/wwwroot/tdata.tgbota.top/public/uploads/admin/202602/6997fc3070d84/819050054287/tdata/temp_8308580822.session
[2026-03-13T20:21:41+08:00][info] 返回:{"status":true,"message":"发送完成，成功1个，失败0个[]","data":{"success":[{"group_id":3895336513,"group_link":"https:\/\/t.me\/twogrqoup","type":"megagroup","message":"发送成功","message_id":8057}],"failed":[],"debug":["处理标识符: https:\/\/t.me\/twogrqoup, 清理后: https:\/\/t.me\/twogrqoup, 识别为链接: True, 识别为数字ID: False","已是群组成员，群组ID: 3895336513"],"warning":""},"api_address":"185.165.170.142:5042"}
[2026-03-13T20:21:41+08:00][info] 消息ID缓存成功: task_id=66, group_id=https://t.me/twogrqoup, msg_index=1, message_id=8057, send_user_id=3472
[2026-03-13T20:21:41+08:00][info] 消息状态标记为已发送: task_id=66, group_id=https://t.me/twogrqoup, msg_index=1
[2026-03-13T20:21:41+08:00][info] 任务 66 将在 30 秒后继续处理下一条消息，索引: 2, 实例ID: task_66_index_2_1773404501.8172
[2026-03-13T20:22:08+08:00][info] 开始处理队列任务: task_id=69, current_index=1015
[2026-03-13T20:22:08+08:00][info] 使用当前发送用户 4236 的 session_path/www/wwwroot/tdata.tgbota.top/public/uploads/admin/202603/69b10fe00169d/13632173148/tdata/temp_8293433174.session
[2026-03-13T20:22:13+08:00][info] 开始处理队列任务: task_id=66, current_index=2
[2026-03-13T20:22:13+08:00][info] 消息缓存初始化完成: task_id=66, groups=https://t.me/twogrqoup
[2026-03-13T20:22:13+08:00][info] 任务 66 第 864 次循环，重置群组 https://t.me/twogrqoup 消息状态
[2026-03-13T20:22:13+08:00][info] 使用当前发送用户 3473 的 session_path/www/wwwroot/tdata.tgbota.top/public/uploads/admin/202602/6997fc3070d84/819054626431/tdata/temp_8503359249.session
[2026-03-13T20:22:14+08:00][info] 返回:{"status":true,"message":"发送完成，成功1个，失败0个[]","data":{"success":[{"group_id":5072487869,"group_link":"https:\/\/t.me\/+9ZnJ_gHIFV41NzFh","type":"chat","message":"发送成功","message_id":999}],"failed":[],"debug":["处理标识符: https:\/\/t.me\/+9ZnJ_gHIFV41NzFh, 清理后: https:\/\/t.me\/+9ZnJ_gHIFV41NzFh, 识别为链接: True, 识别为数字ID: False"],"warning":""},"api_address":"185.165.170.142:5021"}
[2026-03-13T20:22:14+08:00][info] 消息ID缓存成功: task_id=69, group_id=https://t.me/+9ZnJ_gHIFV41NzFh, msg_index=1015, message_id=999, send_user_id=4236
[2026-03-13T20:22:14+08:00][info] 消息状态标记为已发送: task_id=69, group_id=https://t.me/+9ZnJ_gHIFV41NzFh, msg_index=1015
[2026-03-13T20:22:14+08:00][info] 任务 69 将在 108 秒后继续处理下一条消息，索引: 1016, 实例ID: task_69_index_1016_1773404534.6579
[2026-03-13T20:22:20+08:00][info] 返回:{"status":true,"message":"发送完成，成功1个，失败0个[]","data":{"success":[{"group_id":3895336513,"group_link":"https:\/\/t.me\/twogrqoup","type":"megagroup","message":"发送成功","message_id":8058}],"failed":[],"debug":["处理标识符: https:\/\/t.me\/twogrqoup, 清理后: https:\/\/t.me\/twogrqoup, 识别为链接: True, 识别为数字ID: False","已是群组成员，群组ID: 3895336513"],"warning":""},"api_address":"185.165.170.142:5043"}
[2026-03-13T20:22:20+08:00][info] 消息ID缓存成功: task_id=66, group_id=https://t.me/twogrqoup, msg_index=2, message_id=8058, send_user_id=3473
[2026-03-13T20:22:20+08:00][info] 消息状态标记为已发送: task_id=66, group_id=https://t.me/twogrqoup, msg_index=2
[2026-03-13T20:22:20+08:00][info] 任务 66 将在 45 秒后继续处理下一条消息，索引: 3, 实例ID: task_66_index_3_1773404540.4621
[2026-03-13T20:23:05+08:00][info] 开始处理队列任务: task_id=66, current_index=3
[2026-03-13T20:23:05+08:00][info] 消息缓存初始化完成: task_id=66, groups=https://t.me/twogrqoup
[2026-03-13T20:23:05+08:00][info] 任务 66 第 864 次循环，重置群组 https://t.me/twogrqoup 消息状态
[2026-03-13T20:23:05+08:00][info] 使用当前发送用户 3469 的 session_path/www/wwwroot/tdata.tgbota.top/public/uploads/admin/202602/6997fc3070d84/819056965118/tdata/temp_8418493902.session
[2026-03-13T20:23:11+08:00][info] 返回:{"status":true,"message":"发送完成，成功1个，失败0个[]","data":{"success":[{"group_id":3895336513,"group_link":"https:\/\/t.me\/twogrqoup","type":"megagroup","message":"发送成功","message_id":8059}],"failed":[],"debug":["处理标识符: https:\/\/t.me\/twogrqoup, 清理后: https:\/\/t.me\/twogrqoup, 识别为链接: True, 识别为数字ID: False","已是群组成员，群组ID: 3895336513"],"warning":""},"api_address":"185.165.170.142:5062"}
[2026-03-13T20:23:11+08:00][info] 消息ID缓存成功: task_id=66, group_id=https://t.me/twogrqoup, msg_index=3, message_id=8059, send_user_id=3469
[2026-03-13T20:23:11+08:00][info] 消息状态标记为已发送: task_id=66, group_id=https://t.me/twogrqoup, msg_index=3
[2026-03-13T20:23:11+08:00][info] 任务 66 将在 20 秒后继续处理下一条消息，索引: 4, 实例ID: task_66_index_4_1773404591.2298
[2026-03-13T20:23:31+08:00][info] 开始处理队列任务: task_id=66, current_index=4
[2026-03-13T20:23:31+08:00][info] 消息缓存初始化完成: task_id=66, groups=https://t.me/twogrqoup
[2026-03-13T20:23:31+08:00][info] 任务 66 第 864 次循环，重置群组 https://t.me/twogrqoup 消息状态
[2026-03-13T20:23:31+08:00][info] 使用当前发送用户 3471 的 session_path/www/wwwroot/tdata.tgbota.top/public/uploads/admin/202602/6997fc3070d84/819089723520/tdata/temp_8574369010.session
[2026-03-13T20:23:37+08:00][info] 返回:{"status":true,"message":"发送完成，成功1个，失败0个[]","data":{"success":[{"group_id":3895336513,"group_link":"https:\/\/t.me\/twogrqoup","type":"megagroup","message":"发送成功","message_id":8060}],"failed":[],"debug":["处理标识符: https:\/\/t.me\/twogrqoup, 清理后: https:\/\/t.me\/twogrqoup, 识别为链接: True, 识别为数字ID: False","已是群组成员，群组ID: 3895336513"],"warning":""},"api_address":"185.165.170.142:5023"}
[2026-03-13T20:23:37+08:00][info] 消息ID缓存成功: task_id=66, group_id=https://t.me/twogrqoup, msg_index=4, message_id=8060, send_user_id=3471
[2026-03-13T20:23:37+08:00][info] 消息状态标记为已发送: task_id=66, group_id=https://t.me/twogrqoup, msg_index=4
[2026-03-13T20:23:37+08:00][info] 任务 66 将在 26 秒后继续处理下一条消息，索引: 5, 实例ID: task_66_index_5_1773404617.1325
[2026-03-13T20:24:02+08:00][info] 开始处理队列任务: task_id=69, current_index=1016
[2026-03-13T20:24:02+08:00][info] 使用当前发送用户 4237 的 session_path/www/wwwroot/tdata.tgbota.top/public/uploads/admin/202603/69b10fe00169d/13613573352/tdata/temp_8384621196.session
[2026-03-13T20:24:04+08:00][info] 开始处理队列任务: task_id=66, current_index=5
[2026-03-13T20:24:04+08:00][info] 消息缓存初始化完成: task_id=66, groups=https://t.me/twogrqoup
[2026-03-13T20:24:04+08:00][info] 任务 66 第 864 次循环，重置群组 https://t.me/twogrqoup 消息状态
[2026-03-13T20:24:04+08:00][info] 使用当前发送用户 3469 的 session_path/www/wwwroot/tdata.tgbota.top/public/uploads/admin/202602/6997fc3070d84/819056965118/tdata/temp_8418493902.session
[2026-03-13T20:24:07+08:00][info] 返回:{"status":true,"message":"发送完成，成功1个，失败0个[]","data":{"success":[{"group_id":5072487869,"group_link":"https:\/\/t.me\/+9ZnJ_gHIFV41NzFh","type":"chat","message":"发送成功","message_id":1002}],"failed":[],"debug":["处理标识符: https:\/\/t.me\/+9ZnJ_gHIFV41NzFh, 清理后: https:\/\/t.me\/+9ZnJ_gHIFV41NzFh, 识别为链接: True, 识别为数字ID: False"],"warning":""},"api_address":"185.165.170.142:5022"}
[2026-03-13T20:24:07+08:00][info] 消息ID缓存成功: task_id=69, group_id=https://t.me/+9ZnJ_gHIFV41NzFh, msg_index=1016, message_id=1002, send_user_id=4237
[2026-03-13T20:24:07+08:00][info] 消息状态标记为已发送: task_id=69, group_id=https://t.me/+9ZnJ_gHIFV41NzFh, msg_index=1016
[2026-03-13T20:24:07+08:00][info] 任务 69 将在 98 秒后继续处理下一条消息，索引: 1017, 实例ID: task_69_index_1017_1773404647.6798
[2026-03-13T20:24:11+08:00][info] 返回:{"status":true,"message":"发送完成，成功1个，失败0个[]","data":{"success":[{"group_id":3895336513,"group_link":"https:\/\/t.me\/twogrqoup","type":"megagroup","message":"发送成功","message_id":8061}],"failed":[],"debug":["处理标识符: https:\/\/t.me\/twogrqoup, 清理后: https:\/\/t.me\/twogrqoup, 识别为链接: True, 识别为数字ID: False","已是群组成员，群组ID: 3895336513"],"warning":""},"api_address":"185.165.170.142:5062"}
[2026-03-13T20:24:11+08:00][info] 消息ID缓存成功: task_id=66, group_id=https://t.me/twogrqoup, msg_index=5, message_id=8061, send_user_id=3469
[2026-03-13T20:24:11+08:00][info] 消息状态标记为已发送: task_id=66, group_id=https://t.me/twogrqoup, msg_index=5
[2026-03-13T20:24:11+08:00][info] 任务 66 将在 27 秒后继续处理下一条消息，索引: 6, 实例ID: task_66_index_6_1773404651.5361
[2026-03-13T20:24:38+08:00][info] 开始处理队列任务: task_id=66, current_index=6
[2026-03-13T20:24:38+08:00][info] 消息缓存初始化完成: task_id=66, groups=https://t.me/twogrqoup
[2026-03-13T20:24:38+08:00][info] 任务 66 第 864 次循环，重置群组 https://t.me/twogrqoup 消息状态
[2026-03-13T20:24:38+08:00][info] 使用当前发送用户 3471 的 session_path/www/wwwroot/tdata.tgbota.top/public/uploads/admin/202602/6997fc3070d84/819089723520/tdata/temp_8574369010.session
[2026-03-13T20:24:44+08:00][info] 返回:{"status":true,"message":"发送完成，成功1个，失败0个[]","data":{"success":[{"group_id":3895336513,"group_link":"https:\/\/t.me\/twogrqoup","type":"megagroup","message":"发送成功","message_id":8062}],"failed":[],"debug":["处理标识符: https:\/\/t.me\/twogrqoup, 清理后: https:\/\/t.me\/twogrqoup, 识别为链接: True, 识别为数字ID: False","已是群组成员，群组ID: 3895336513"],"warning":""},"api_address":"185.165.170.142:5023"}
[2026-03-13T20:24:44+08:00][info] 消息ID缓存成功: task_id=66, group_id=https://t.me/twogrqoup, msg_index=6, message_id=8062, send_user_id=3471
[2026-03-13T20:24:44+08:00][info] 消息状态标记为已发送: task_id=66, group_id=https://t.me/twogrqoup, msg_index=6
[2026-03-13T20:24:44+08:00][info] 任务 66 将在 13 秒后继续处理下一条消息，索引: 7, 实例ID: task_66_index_7_1773404684.0426
[2026-03-13T20:24:58+08:00][info] 开始处理队列任务: task_id=66, current_index=7
[2026-03-13T20:24:58+08:00][info] 消息缓存初始化完成: task_id=66, groups=https://t.me/twogrqoup
[2026-03-13T20:24:58+08:00][info] 任务 66 第 864 次循环，重置群组 https://t.me/twogrqoup 消息状态
[2026-03-13T20:24:58+08:00][info] 使用当前发送用户 3471 的 session_path/www/wwwroot/tdata.tgbota.top/public/uploads/admin/202602/6997fc3070d84/819089723520/tdata/temp_8574369010.session
[2026-03-13T20:25:04+08:00][info] 返回:{"status":true,"message":"发送完成，成功1个，失败0个[]","data":{"success":[{"group_id":3895336513,"group_link":"https:\/\/t.me\/twogrqoup","type":"megagroup","message":"发送成功","message_id":8063}],"failed":[],"debug":["处理标识符: https:\/\/t.me\/twogrqoup, 清理后: https:\/\/t.me\/twogrqoup, 识别为链接: True, 识别为数字ID: False","已是群组成员，群组ID: 3895336513"],"warning":""},"api_address":"185.165.170.142:5023"}
[2026-03-13T20:25:04+08:00][info] 消息ID缓存成功: task_id=66, group_id=https://t.me/twogrqoup, msg_index=7, message_id=8063, send_user_id=3471
[2026-03-13T20:25:04+08:00][info] 消息状态标记为已发送: task_id=66, group_id=https://t.me/twogrqoup, msg_index=7
[2026-03-13T20:25:04+08:00][info] 任务 66 将在 26 秒后继续处理下一条消息，索引: 8, 实例ID: task_66_index_8_1773404704.8469
[2026-03-13T20:25:31+08:00][info] 开始处理队列任务: task_id=66, current_index=8
[2026-03-13T20:25:31+08:00][info] 消息缓存初始化完成: task_id=66, groups=https://t.me/twogrqoup
[2026-03-13T20:25:31+08:00][info] 任务 66 第 864 次循环，重置群组 https://t.me/twogrqoup 消息状态
[2026-03-13T20:25:31+08:00][info] 使用当前发送用户 3469 的 session_path/www/wwwroot/tdata.tgbota.top/public/uploads/admin/202602/6997fc3070d84/819056965118/tdata/temp_8418493902.session
[2026-03-13T20:25:37+08:00][info] 返回:{"status":true,"message":"发送完成，成功1个，失败0个[]","data":{"success":[{"group_id":3895336513,"group_link":"https:\/\/t.me\/twogrqoup","type":"megagroup","message":"发送成功","message_id":8064}],"failed":[],"debug":["处理标识符: https:\/\/t.me\/twogrqoup, 清理后: https:\/\/t.me\/twogrqoup, 识别为链接: True, 识别为数字ID: False","已是群组成员，群组ID: 3895336513"],"warning":""},"api_address":"185.165.170.142:5062"}
[2026-03-13T20:25:37+08:00][info] 消息ID缓存成功: task_id=66, group_id=https://t.me/twogrqoup, msg_index=8, message_id=8064, send_user_id=3469
[2026-03-13T20:25:37+08:00][info] 消息状态标记为已发送: task_id=66, group_id=https://t.me/twogrqoup, msg_index=8
[2026-03-13T20:25:37+08:00][info] 任务 66 将在 30 秒后继续处理下一条消息，索引: 9, 实例ID: task_66_index_9_1773404737.3228
[2026-03-13T20:25:46+08:00][info] 开始处理队列任务: task_id=69, current_index=1017
[2026-03-13T20:25:46+08:00][info] 使用当前发送用户 4254 的 session_path/www/wwwroot/tdata.tgbota.top/public/uploads/admin/202603/69b10fe00169d/13378414919/tdata/temp_7734543207.session
[2026-03-13T20:25:53+08:00][info] 返回:{"status":true,"message":"发送完成，成功1个，失败0个[]","data":{"success":[{"group_id":5072487869,"group_link":"https:\/\/t.me\/+9ZnJ_gHIFV41NzFh","type":"chat","message":"发送成功","message_id":994}],"failed":[],"debug":["处理标识符: https:\/\/t.me\/+9ZnJ_gHIFV41NzFh, 清理后: https:\/\/t.me\/+9ZnJ_gHIFV41NzFh, 识别为链接: True, 识别为数字ID: False","文件1有效: \/www\/wwwroot\/tdata.tgbota.top\/public\/uploads\/admin\/202512\/693ae4366b6de.jpg (37338字节)","发送单个文件: \/www\/wwwroot\/tdata.tgbota.top\/public\/uploads\/admin\/202512\/693ae4366b6de.jpg"],"warning":""},"api_address":"185.165.170.142:5039"}
[2026-03-13T20:25:53+08:00][info] 消息ID缓存成功: task_id=69, group_id=https://t.me/+9ZnJ_gHIFV41NzFh, msg_index=1017, message_id=994, send_user_id=4254
[2026-03-13T20:25:53+08:00][info] 消息状态标记为已发送: task_id=69, group_id=https://t.me/+9ZnJ_gHIFV41NzFh, msg_index=1017
[2026-03-13T20:25:53+08:00][info] 任务 69 将在 93 秒后继续处理下一条消息，索引: 1018, 实例ID: task_69_index_1018_1773404753.392
[2026-03-13T20:26:07+08:00][info] 开始处理队列任务: task_id=66, current_index=9
[2026-03-13T20:26:07+08:00][info] 消息缓存初始化完成: task_id=66, groups=https://t.me/twogrqoup
[2026-03-13T20:26:07+08:00][info] 任务 66 第 864 次循环，重置群组 https://t.me/twogrqoup 消息状态
[2026-03-13T20:26:07+08:00][info] 任务 66 第 864 轮完成，准备进行第 865 轮
[2026-03-13T20:26:07+08:00][info] 任务 66 即将为下一轮重新入队，延迟 5 秒，从索引 0 开始
[2026-03-13T20:26:13+08:00][info] 开始处理队列任务: task_id=66, current_index=0
[2026-03-13T20:26:13+08:00][info] 消息缓存初始化完成: task_id=66, groups=https://t.me/twogrqoup
[2026-03-13T20:26:13+08:00][info] 任务 66 第 865 次循环，重置群组 https://t.me/twogrqoup 消息状态
[2026-03-13T20:26:13+08:00][info] 使用当前发送用户 3469 的 session_path/www/wwwroot/tdata.tgbota.top/public/uploads/admin/202602/6997fc3070d84/819056965118/tdata/temp_8418493902.session
[2026-03-13T20:26:20+08:00][info] 返回:{"status":true,"message":"发送完成，成功1个，失败0个[]","data":{"success":[{"group_id":3895336513,"group_link":"https:\/\/t.me\/twogrqoup","type":"megagroup","message":"发送成功","message_id":8065}],"failed":[],"debug":["处理标识符: https:\/\/t.me\/twogrqoup, 清理后: https:\/\/t.me\/twogrqoup, 识别为链接: True, 识别为数字ID: False","已是群组成员，群组ID: 3895336513"],"warning":""},"api_address":"185.165.170.142:5062"}
[2026-03-13T20:26:20+08:00][info] 消息ID缓存成功: task_id=66, group_id=https://t.me/twogrqoup, msg_index=0, message_id=8065, send_user_id=3469
[2026-03-13T20:26:20+08:00][info] 消息状态标记为已发送: task_id=66, group_id=https://t.me/twogrqoup, msg_index=0
[2026-03-13T20:26:20+08:00][info] 任务 66 将在 15 秒后继续处理下一条消息，索引: 1, 实例ID: task_66_index_1_1773404780.2188
[2026-03-13T20:26:35+08:00][info] 开始处理队列任务: task_id=66, current_index=1
[2026-03-13T20:26:35+08:00][info] 消息缓存初始化完成: task_id=66, groups=https://t.me/twogrqoup
[2026-03-13T20:26:35+08:00][info] 任务 66 第 865 次循环，重置群组 https://t.me/twogrqoup 消息状态
[2026-03-13T20:26:35+08:00][info] 使用当前发送用户 3472 的 session_path/www/wwwroot/tdata.tgbota.top/public/uploads/admin/202602/6997fc3070d84/819050054287/tdata/temp_8308580822.session
[2026-03-13T20:26:43+08:00][info] 返回:{"status":true,"message":"发送完成，成功1个，失败0个[]","data":{"success":[{"group_id":3895336513,"group_link":"https:\/\/t.me\/twogrqoup","type":"megagroup","message":"发送成功","message_id":8066}],"failed":[],"debug":["处理标识符: https:\/\/t.me\/twogrqoup, 清理后: https:\/\/t.me\/twogrqoup, 识别为链接: True, 识别为数字ID: False","已是群组成员，群组ID: 3895336513"],"warning":""},"api_address":"185.165.170.142:5042"}
[2026-03-13T20:26:43+08:00][info] 消息ID缓存成功: task_id=66, group_id=https://t.me/twogrqoup, msg_index=1, message_id=8066, send_user_id=3472
[2026-03-13T20:26:43+08:00][info] 消息状态标记为已发送: task_id=66, group_id=https://t.me/twogrqoup, msg_index=1
[2026-03-13T20:26:43+08:00][info] 任务 66 将在 30 秒后继续处理下一条消息，索引: 2, 实例ID: task_66_index_2_1773404803.2689
[2026-03-13T20:27:13+08:00][info] 开始处理队列任务: task_id=66, current_index=2
[2026-03-13T20:27:13+08:00][info] 消息缓存初始化完成: task_id=66, groups=https://t.me/twogrqoup
[2026-03-13T20:27:13+08:00][info] 任务 66 第 865 次循环，重置群组 https://t.me/twogrqoup 消息状态
[2026-03-13T20:27:13+08:00][info] 使用当前发送用户 3473 的 session_path/www/wwwroot/tdata.tgbota.top/public/uploads/admin/202602/6997fc3070d84/819054626431/tdata/temp_8503359249.session
[2026-03-13T20:27:18+08:00][info] 返回:{"status":true,"message":"发送完成，成功1个，失败0个[]","data":{"success":[{"group_id":3895336513,"group_link":"https:\/\/t.me\/twogrqoup","type":"megagroup","message":"发送成功","message_id":8067}],"failed":[],"debug":["处理标识符: https:\/\/t.me\/twogrqoup, 清理后: https:\/\/t.me\/twogrqoup, 识别为链接: True, 识别为数字ID: False","已是群组成员，群组ID: 3895336513"],"warning":""},"api_address":"185.165.170.142:5043"}
[2026-03-13T20:27:18+08:00][info] 消息ID缓存成功: task_id=66, group_id=https://t.me/twogrqoup, msg_index=2, message_id=8067, send_user_id=3473
[2026-03-13T20:27:18+08:00][info] 消息状态标记为已发送: task_id=66, group_id=https://t.me/twogrqoup, msg_index=2
[2026-03-13T20:27:18+08:00][info] 任务 66 将在 45 秒后继续处理下一条消息，索引: 3, 实例ID: task_66_index_3_1773404838.3561
[2026-03-13T20:27:26+08:00][info] 开始处理队列任务: task_id=69, current_index=1018
[2026-03-13T20:27:26+08:00][info] 使用消息配置中指定的用户 4252 的 session_path/www/wwwroot/tdata.tgbota.top/public/uploads/admin/202603/69b10fe00169d/13394007390/tdata/temp_8558000424.session
[2026-03-13T20:27:30+08:00][info] 返回:{"status":true,"message":"发送完成，成功1个，失败0个[]","data":{"success":[{"group_id":5072487869,"group_link":"https:\/\/t.me\/+9ZnJ_gHIFV41NzFh","type":"chat","message":"发送成功","message_id":1039}],"failed":[],"debug":["处理标识符: https:\/\/t.me\/+9ZnJ_gHIFV41NzFh, 清理后: https:\/\/t.me\/+9ZnJ_gHIFV41NzFh, 识别为链接: True, 识别为数字ID: False"],"warning":""},"api_address":"185.165.170.142:5037"}
[2026-03-13T20:27:30+08:00][info] 消息ID缓存成功: task_id=69, group_id=https://t.me/+9ZnJ_gHIFV41NzFh, msg_index=1018, message_id=1039, send_user_id=4252
[2026-03-13T20:27:30+08:00][info] 消息状态标记为已发送: task_id=69, group_id=https://t.me/+9ZnJ_gHIFV41NzFh, msg_index=1018
[2026-03-13T20:27:30+08:00][info] 任务 69 将在 105 秒后继续处理下一条消息，索引: 1019, 实例ID: task_69_index_1019_1773404850.8428
[2026-03-13T20:28:03+08:00][info] 开始处理队列任务: task_id=66, current_index=3
[2026-03-13T20:28:03+08:00][info] 消息缓存初始化完成: task_id=66, groups=https://t.me/twogrqoup
[2026-03-13T20:28:03+08:00][info] 任务 66 第 865 次循环，重置群组 https://t.me/twogrqoup 消息状态
[2026-03-13T20:28:03+08:00][info] 使用当前发送用户 3469 的 session_path/www/wwwroot/tdata.tgbota.top/public/uploads/admin/202602/6997fc3070d84/819056965118/tdata/temp_8418493902.session
[2026-03-13T20:28:09+08:00][info] 返回:{"status":true,"message":"发送完成，成功1个，失败0个[]","data":{"success":[{"group_id":3895336513,"group_link":"https:\/\/t.me\/twogrqoup","type":"megagroup","message":"发送成功","message_id":8068}],"failed":[],"debug":["处理标识符: https:\/\/t.me\/twogrqoup, 清理后: https:\/\/t.me\/twogrqoup, 识别为链接: True, 识别为数字ID: False","已是群组成员，群组ID: 3895336513"],"warning":""},"api_address":"185.165.170.142:5062"}
[2026-03-13T20:28:09+08:00][info] 消息ID缓存成功: task_id=66, group_id=https://t.me/twogrqoup, msg_index=3, message_id=8068, send_user_id=3469
[2026-03-13T20:28:09+08:00][info] 消息状态标记为已发送: task_id=66, group_id=https://t.me/twogrqoup, msg_index=3
[2026-03-13T20:28:09+08:00][info] 任务 66 将在 20 秒后继续处理下一条消息，索引: 4, 实例ID: task_66_index_4_1773404889.4538
[2026-03-13T20:28:29+08:00][info] 开始处理队列任务: task_id=66, current_index=4
[2026-03-13T20:28:29+08:00][info] 消息缓存初始化完成: task_id=66, groups=https://t.me/twogrqoup
[2026-03-13T20:28:29+08:00][info] 任务 66 第 865 次循环，重置群组 https://t.me/twogrqoup 消息状态
[2026-03-13T20:28:29+08:00][info] 使用当前发送用户 3471 的 session_path/www/wwwroot/tdata.tgbota.top/public/uploads/admin/202602/6997fc3070d84/819089723520/tdata/temp_8574369010.session
[2026-03-13T20:28:36+08:00][info] 返回:{"status":true,"message":"发送完成，成功1个，失败0个[]","data":{"success":[{"group_id":3895336513,"group_link":"https:\/\/t.me\/twogrqoup","type":"megagroup","message":"发送成功","message_id":8069}],"failed":[],"debug":["处理标识符: https:\/\/t.me\/twogrqoup, 清理后: https:\/\/t.me\/twogrqoup, 识别为链接: True, 识别为数字ID: False","已是群组成员，群组ID: 3895336513"],"warning":""},"api_address":"185.165.170.142:5023"}
[2026-03-13T20:28:36+08:00][info] 消息ID缓存成功: task_id=66, group_id=https://t.me/twogrqoup, msg_index=4, message_id=8069, send_user_id=3471
[2026-03-13T20:28:36+08:00][info] 消息状态标记为已发送: task_id=66, group_id=https://t.me/twogrqoup, msg_index=4
[2026-03-13T20:28:36+08:00][info] 任务 66 将在 26 秒后继续处理下一条消息，索引: 5, 实例ID: task_66_index_5_1773404916.404
[2026-03-13T20:29:02+08:00][info] 开始处理队列任务: task_id=66, current_index=5
[2026-03-13T20:29:02+08:00][info] 消息缓存初始化完成: task_id=66, groups=https://t.me/twogrqoup
[2026-03-13T20:29:02+08:00][info] 任务 66 第 865 次循环，重置群组 https://t.me/twogrqoup 消息状态
[2026-03-13T20:29:02+08:00][info] 使用当前发送用户 3469 的 session_path/www/wwwroot/tdata.tgbota.top/public/uploads/admin/202602/6997fc3070d84/819056965118/tdata/temp_8418493902.session
[2026-03-13T20:29:07+08:00][info] 返回:{"status":true,"message":"发送完成，成功1个，失败0个[]","data":{"success":[{"group_id":3895336513,"group_link":"https:\/\/t.me\/twogrqoup","type":"megagroup","message":"发送成功","message_id":8070}],"failed":[],"debug":["处理标识符: https:\/\/t.me\/twogrqoup, 清理后: https:\/\/t.me\/twogrqoup, 识别为链接: True, 识别为数字ID: False","已是群组成员，群组ID: 3895336513"],"warning":""},"api_address":"185.165.170.142:5062"}
[2026-03-13T20:29:07+08:00][info] 消息ID缓存成功: task_id=66, group_id=https://t.me/twogrqoup, msg_index=5, message_id=8070, send_user_id=3469
[2026-03-13T20:29:07+08:00][info] 消息状态标记为已发送: task_id=66, group_id=https://t.me/twogrqoup, msg_index=5
[2026-03-13T20:29:07+08:00][info] 任务 66 将在 27 秒后继续处理下一条消息，索引: 6, 实例ID: task_66_index_6_1773404947.7038
[2026-03-13T20:29:15+08:00][info] 开始处理队列任务: task_id=69, current_index=1019
[2026-03-13T20:29:15+08:00][info] 使用当前发送用户 4254 的 session_path/www/wwwroot/tdata.tgbota.top/public/uploads/admin/202603/69b10fe00169d/13378414919/tdata/temp_7734543207.session
[2026-03-13T20:29:21+08:00][info] 返回:{"status":true,"message":"发送完成，成功1个，失败0个[]","data":{"success":[{"group_id":5072487869,"group_link":"https:\/\/t.me\/+9ZnJ_gHIFV41NzFh","type":"chat","message":"发送成功","message_id":996}],"failed":[],"debug":["处理标识符: https:\/\/t.me\/+9ZnJ_gHIFV41NzFh, 清理后: https:\/\/t.me\/+9ZnJ_gHIFV41NzFh, 识别为链接: True, 识别为数字ID: False"],"warning":""},"api_address":"185.165.170.142:5039"}
[2026-03-13T20:29:21+08:00][info] 消息ID缓存成功: task_id=69, group_id=https://t.me/+9ZnJ_gHIFV41NzFh, msg_index=1019, message_id=996, send_user_id=4254
[2026-03-13T20:29:21+08:00][info] 消息状态标记为已发送: task_id=69, group_id=https://t.me/+9ZnJ_gHIFV41NzFh, msg_index=1019
[2026-03-13T20:29:21+08:00][info] 任务 69 将在 100 秒后继续处理下一条消息，索引: 1020, 实例ID: task_69_index_1020_1773404961.9547
[2026-03-13T20:29:34+08:00][info] 开始处理队列任务: task_id=66, current_index=6
[2026-03-13T20:29:34+08:00][info] 消息缓存初始化完成: task_id=66, groups=https://t.me/twogrqoup
[2026-03-13T20:29:34+08:00][info] 任务 66 第 865 次循环，重置群组 https://t.me/twogrqoup 消息状态
[2026-03-13T20:29:34+08:00][info] 使用当前发送用户 3471 的 session_path/www/wwwroot/tdata.tgbota.top/public/uploads/admin/202602/6997fc3070d84/819089723520/tdata/temp_8574369010.session
[2026-03-13T20:29:42+08:00][info] 返回:{"status":true,"message":"发送完成，成功1个，失败0个[]","data":{"success":[{"group_id":3895336513,"group_link":"https:\/\/t.me\/twogrqoup","type":"megagroup","message":"发送成功","message_id":8071}],"failed":[],"debug":["处理标识符: https:\/\/t.me\/twogrqoup, 清理后: https:\/\/t.me\/twogrqoup, 识别为链接: True, 识别为数字ID: False","已是群组成员，群组ID: 3895336513"],"warning":""},"api_address":"185.165.170.142:5023"}
[2026-03-13T20:29:42+08:00][info] 消息ID缓存成功: task_id=66, group_id=https://t.me/twogrqoup, msg_index=6, message_id=8071, send_user_id=3471
[2026-03-13T20:29:42+08:00][info] 消息状态标记为已发送: task_id=66, group_id=https://t.me/twogrqoup, msg_index=6
[2026-03-13T20:29:42+08:00][info] 任务 66 将在 13 秒后继续处理下一条消息，索引: 7, 实例ID: task_66_index_7_1773404982.5136
[2026-03-13T20:29:55+08:00][info] 开始处理队列任务: task_id=66, current_index=7
[2026-03-13T20:29:55+08:00][info] 消息缓存初始化完成: task_id=66, groups=https://t.me/twogrqoup
[2026-03-13T20:29:55+08:00][info] 任务 66 第 865 次循环，重置群组 https://t.me/twogrqoup 消息状态
[2026-03-13T20:29:55+08:00][info] 使用当前发送用户 3471 的 session_path/www/wwwroot/tdata.tgbota.top/public/uploads/admin/202602/6997fc3070d84/819089723520/tdata/temp_8574369010.session
[2026-03-13T20:30:03+08:00][info] 返回:{"status":true,"message":"发送完成，成功1个，失败0个[]","data":{"success":[{"group_id":3895336513,"group_link":"https:\/\/t.me\/twogrqoup","type":"megagroup","message":"发送成功","message_id":8072}],"failed":[],"debug":["处理标识符: https:\/\/t.me\/twogrqoup, 清理后: https:\/\/t.me\/twogrqoup, 识别为链接: True, 识别为数字ID: False","已是群组成员，群组ID: 3895336513"],"warning":""},"api_address":"185.165.170.142:5023"}
[2026-03-13T20:30:03+08:00][info] 消息ID缓存成功: task_id=66, group_id=https://t.me/twogrqoup, msg_index=7, message_id=8072, send_user_id=3471
[2026-03-13T20:30:03+08:00][info] 消息状态标记为已发送: task_id=66, group_id=https://t.me/twogrqoup, msg_index=7
[2026-03-13T20:30:03+08:00][info] 任务 66 将在 26 秒后继续处理下一条消息，索引: 8, 实例ID: task_66_index_8_1773405003.1981
[2026-03-13T20:30:29+08:00][info] 开始处理队列任务: task_id=66, current_index=8
[2026-03-13T20:30:29+08:00][info] 消息缓存初始化完成: task_id=66, groups=https://t.me/twogrqoup
[2026-03-13T20:30:29+08:00][info] 任务 66 第 865 次循环，重置群组 https://t.me/twogrqoup 消息状态
[2026-03-13T20:30:29+08:00][info] 使用当前发送用户 3469 的 session_path/www/wwwroot/tdata.tgbota.top/public/uploads/admin/202602/6997fc3070d84/819056965118/tdata/temp_8418493902.session
[2026-03-13T20:30:35+08:00][info] 返回:{"status":true,"message":"发送完成，成功1个，失败0个[]","data":{"success":[{"group_id":3895336513,"group_link":"https:\/\/t.me\/twogrqoup","type":"megagroup","message":"发送成功","message_id":8073}],"failed":[],"debug":["处理标识符: https:\/\/t.me\/twogrqoup, 清理后: https:\/\/t.me\/twogrqoup, 识别为链接: True, 识别为数字ID: False","已是群组成员，群组ID: 3895336513"],"warning":""},"api_address":"185.165.170.142:5062"}
[2026-03-13T20:30:35+08:00][info] 消息ID缓存成功: task_id=66, group_id=https://t.me/twogrqoup, msg_index=8, message_id=8073, send_user_id=3469
[2026-03-13T20:30:35+08:00][info] 消息状态标记为已发送: task_id=66, group_id=https://t.me/twogrqoup, msg_index=8
[2026-03-13T20:30:35+08:00][info] 任务 66 将在 30 秒后继续处理下一条消息，索引: 9, 实例ID: task_66_index_9_1773405035.8296
[2026-03-13T20:31:01+08:00][info] 开始处理队列任务: task_id=69, current_index=1020
[2026-03-13T20:31:01+08:00][info] 使用当前发送用户 4253 的 session_path/www/wwwroot/tdata.tgbota.top/public/uploads/admin/202603/69b10fe00169d/13378413371/tdata/temp_7932177269.session
[2026-03-13T20:31:05+08:00][info] 开始处理队列任务: task_id=66, current_index=9
[2026-03-13T20:31:05+08:00][info] 消息缓存初始化完成: task_id=66, groups=https://t.me/twogrqoup
[2026-03-13T20:31:05+08:00][info] 任务 66 第 865 次循环，重置群组 https://t.me/twogrqoup 消息状态
[2026-03-13T20:31:05+08:00][info] 任务 66 第 865 轮完成，准备进行第 866 轮
[2026-03-13T20:31:05+08:00][info] 任务 66 即将为下一轮重新入队，延迟 5 秒，从索引 0 开始
[2026-03-13T20:31:10+08:00][info] 开始处理队列任务: task_id=66, current_index=0
[2026-03-13T20:31:10+08:00][info] 消息缓存初始化完成: task_id=66, groups=https://t.me/twogrqoup
[2026-03-13T20:31:10+08:00][info] 任务 66 第 866 次循环，重置群组 https://t.me/twogrqoup 消息状态
[2026-03-13T20:31:10+08:00][info] 使用当前发送用户 3469 的 session_path/www/wwwroot/tdata.tgbota.top/public/uploads/admin/202602/6997fc3070d84/819056965118/tdata/temp_8418493902.session
[2026-03-13T20:31:22+08:00][info] 返回:{"status":true,"message":"发送完成，成功1个，失败0个[]","data":{"success":[{"group_id":3895336513,"group_link":"https:\/\/t.me\/twogrqoup","type":"megagroup","message":"发送成功","message_id":8074}],"failed":[],"debug":["处理标识符: https:\/\/t.me\/twogrqoup, 清理后: https:\/\/t.me\/twogrqoup, 识别为链接: True, 识别为数字ID: False","已是群组成员，群组ID: 3895336513"],"warning":""},"api_address":"185.165.170.142:5062"}
[2026-03-13T20:31:22+08:00][info] 消息ID缓存成功: task_id=66, group_id=https://t.me/twogrqoup, msg_index=0, message_id=8074, send_user_id=3469
[2026-03-13T20:31:22+08:00][info] 消息状态标记为已发送: task_id=66, group_id=https://t.me/twogrqoup, msg_index=0
[2026-03-13T20:31:22+08:00][info] 任务 66 将在 15 秒后继续处理下一条消息，索引: 1, 实例ID: task_66_index_1_1773405082.7781
[2026-03-13T20:31:22+08:00][info] 返回:{"status":true,"message":"发送完成，成功1个，失败0个[]","data":{"success":[{"group_id":5072487869,"group_link":"https:\/\/t.me\/+9ZnJ_gHIFV41NzFh","type":"chat","message":"发送成功","message_id":1044}],"failed":[],"debug":["处理标识符: https:\/\/t.me\/+9ZnJ_gHIFV41NzFh, 清理后: https:\/\/t.me\/+9ZnJ_gHIFV41NzFh, 识别为链接: True, 识别为数字ID: False"],"warning":""},"api_address":"185.165.170.142:5038"}
[2026-03-13T20:31:22+08:00][info] 消息ID缓存成功: task_id=69, group_id=https://t.me/+9ZnJ_gHIFV41NzFh, msg_index=1020, message_id=1044, send_user_id=4253
[2026-03-13T20:31:22+08:00][info] 消息状态标记为已发送: task_id=69, group_id=https://t.me/+9ZnJ_gHIFV41NzFh, msg_index=1020
[2026-03-13T20:31:22+08:00][info] 任务 69 将在 110 秒后继续处理下一条消息，索引: 1021, 实例ID: task_69_index_1021_1773405082.8689
[2026-03-13T20:31:37+08:00][info] 开始处理队列任务: task_id=66, current_index=1
[2026-03-13T20:31:37+08:00][info] 消息缓存初始化完成: task_id=66, groups=https://t.me/twogrqoup
[2026-03-13T20:31:37+08:00][info] 任务 66 第 866 次循环，重置群组 https://t.me/twogrqoup 消息状态
[2026-03-13T20:31:37+08:00][info] 使用当前发送用户 3472 的 session_path/www/wwwroot/tdata.tgbota.top/public/uploads/admin/202602/6997fc3070d84/819050054287/tdata/temp_8308580822.session
[2026-03-13T20:31:43+08:00][info] 返回:{"status":true,"message":"发送完成，成功1个，失败0个[]","data":{"success":[{"group_id":3895336513,"group_link":"https:\/\/t.me\/twogrqoup","type":"megagroup","message":"发送成功","message_id":8075}],"failed":[],"debug":["处理标识符: https:\/\/t.me\/twogrqoup, 清理后: https:\/\/t.me\/twogrqoup, 识别为链接: True, 识别为数字ID: False","已是群组成员，群组ID: 3895336513"],"warning":""},"api_address":"185.165.170.142:5042"}
[2026-03-13T20:31:43+08:00][info] 消息ID缓存成功: task_id=66, group_id=https://t.me/twogrqoup, msg_index=1, message_id=8075, send_user_id=3472
[2026-03-13T20:31:43+08:00][info] 消息状态标记为已发送: task_id=66, group_id=https://t.me/twogrqoup, msg_index=1
[2026-03-13T20:31:43+08:00][info] 任务 66 将在 30 秒后继续处理下一条消息，索引: 2, 实例ID: task_66_index_2_1773405103.944
[2026-03-13T20:32:13+08:00][info] 开始处理队列任务: task_id=66, current_index=2
[2026-03-13T20:32:13+08:00][info] 消息缓存初始化完成: task_id=66, groups=https://t.me/twogrqoup
[2026-03-13T20:32:13+08:00][info] 任务 66 第 866 次循环，重置群组 https://t.me/twogrqoup 消息状态
[2026-03-13T20:32:13+08:00][info] 使用当前发送用户 3473 的 session_path/www/wwwroot/tdata.tgbota.top/public/uploads/admin/202602/6997fc3070d84/819054626431/tdata/temp_8503359249.session
[2026-03-13T20:32:20+08:00][info] 返回:{"status":true,"message":"发送完成，成功1个，失败0个[]","data":{"success":[{"group_id":3895336513,"group_link":"https:\/\/t.me\/twogrqoup","type":"megagroup","message":"发送成功","message_id":8076}],"failed":[],"debug":["处理标识符: https:\/\/t.me\/twogrqoup, 清理后: https:\/\/t.me\/twogrqoup, 识别为链接: True, 识别为数字ID: False","已是群组成员，群组ID: 3895336513"],"warning":""},"api_address":"185.165.170.142:5043"}
[2026-03-13T20:32:20+08:00][info] 消息ID缓存成功: task_id=66, group_id=https://t.me/twogrqoup, msg_index=2, message_id=8076, send_user_id=3473
[2026-03-13T20:32:20+08:00][info] 消息状态标记为已发送: task_id=66, group_id=https://t.me/twogrqoup, msg_index=2
[2026-03-13T20:32:20+08:00][info] 任务 66 将在 45 秒后继续处理下一条消息，索引: 3, 实例ID: task_66_index_3_1773405140.5269
[2026-03-13T20:33:05+08:00][info] 开始处理队列任务: task_id=66, current_index=3
[2026-03-13T20:33:05+08:00][info] 消息缓存初始化完成: task_id=66, groups=https://t.me/twogrqoup
[2026-03-13T20:33:05+08:00][info] 任务 66 第 866 次循环，重置群组 https://t.me/twogrqoup 消息状态
[2026-03-13T20:33:05+08:00][info] 使用当前发送用户 3469 的 session_path/www/wwwroot/tdata.tgbota.top/public/uploads/admin/202602/6997fc3070d84/819056965118/tdata/temp_8418493902.session
[2026-03-13T20:33:11+08:00][info] 返回:{"status":true,"message":"发送完成，成功1个，失败0个[]","data":{"success":[{"group_id":3895336513,"group_link":"https:\/\/t.me\/twogrqoup","type":"megagroup","message":"发送成功","message_id":8077}],"failed":[],"debug":["处理标识符: https:\/\/t.me\/twogrqoup, 清理后: https:\/\/t.me\/twogrqoup, 识别为链接: True, 识别为数字ID: False","已是群组成员，群组ID: 3895336513"],"warning":""},"api_address":"185.165.170.142:5062"}
[2026-03-13T20:33:11+08:00][info] 消息ID缓存成功: task_id=66, group_id=https://t.me/twogrqoup, msg_index=3, message_id=8077, send_user_id=3469
[2026-03-13T20:33:11+08:00][info] 消息状态标记为已发送: task_id=66, group_id=https://t.me/twogrqoup, msg_index=3
[2026-03-13T20:33:11+08:00][info] 任务 66 将在 20 秒后继续处理下一条消息，索引: 4, 实例ID: task_66_index_4_1773405191.0408
[2026-03-13T20:33:12+08:00][info] 开始处理队列任务: task_id=69, current_index=1021
[2026-03-13T20:33:12+08:00][info] 使用消息配置中指定的用户 4250 的 session_path/www/wwwroot/tdata.tgbota.top/public/uploads/admin/202603/69b10fe00169d/13639996422/tdata/temp_8445838957.session
[2026-03-13T20:33:17+08:00][info] 返回:{"status":true,"message":"发送完成，成功1个，失败0个[]","data":{"success":[{"group_id":5072487869,"group_link":"https:\/\/t.me\/+9ZnJ_gHIFV41NzFh","type":"chat","message":"发送成功","message_id":1037}],"failed":[],"debug":["处理标识符: https:\/\/t.me\/+9ZnJ_gHIFV41NzFh, 清理后: https:\/\/t.me\/+9ZnJ_gHIFV41NzFh, 识别为链接: True, 识别为数字ID: False"],"warning":""},"api_address":"185.165.170.142:5035"}
[2026-03-13T20:33:17+08:00][info] 消息ID缓存成功: task_id=69, group_id=https://t.me/+9ZnJ_gHIFV41NzFh, msg_index=1021, message_id=1037, send_user_id=4250
[2026-03-13T20:33:17+08:00][info] 消息状态标记为已发送: task_id=69, group_id=https://t.me/+9ZnJ_gHIFV41NzFh, msg_index=1021
[2026-03-13T20:33:17+08:00][info] 任务 69 将在 87 秒后继续处理下一条消息，索引: 1022, 实例ID: task_69_index_1022_1773405197.8839
[2026-03-13T20:33:31+08:00][info] 开始处理队列任务: task_id=66, current_index=4
[2026-03-13T20:33:31+08:00][info] 消息缓存初始化完成: task_id=66, groups=https://t.me/twogrqoup
[2026-03-13T20:33:31+08:00][info] 任务 66 第 866 次循环，重置群组 https://t.me/twogrqoup 消息状态
[2026-03-13T20:33:31+08:00][info] 使用当前发送用户 3471 的 session_path/www/wwwroot/tdata.tgbota.top/public/uploads/admin/202602/6997fc3070d84/819089723520/tdata/temp_8574369010.session
[2026-03-13T20:33:38+08:00][info] 返回:{"status":true,"message":"发送完成，成功1个，失败0个[]","data":{"success":[{"group_id":3895336513,"group_link":"https:\/\/t.me\/twogrqoup","type":"megagroup","message":"发送成功","message_id":8078}],"failed":[],"debug":["处理标识符: https:\/\/t.me\/twogrqoup, 清理后: https:\/\/t.me\/twogrqoup, 识别为链接: True, 识别为数字ID: False","已是群组成员，群组ID: 3895336513"],"warning":""},"api_address":"185.165.170.142:5023"}
[2026-03-13T20:33:38+08:00][info] 消息ID缓存成功: task_id=66, group_id=https://t.me/twogrqoup, msg_index=4, message_id=8078, send_user_id=3471
[2026-03-13T20:33:38+08:00][info] 消息状态标记为已发送: task_id=66, group_id=https://t.me/twogrqoup, msg_index=4
[2026-03-13T20:33:38+08:00][info] 任务 66 将在 26 秒后继续处理下一条消息，索引: 5, 实例ID: task_66_index_5_1773405218.2684
[2026-03-13T20:34:04+08:00][info] 开始处理队列任务: task_id=66, current_index=5
[2026-03-13T20:34:05+08:00][info] 消息缓存初始化完成: task_id=66, groups=https://t.me/twogrqoup
[2026-03-13T20:34:05+08:00][info] 任务 66 第 866 次循环，重置群组 https://t.me/twogrqoup 消息状态
[2026-03-13T20:34:05+08:00][info] 使用当前发送用户 3469 的 session_path/www/wwwroot/tdata.tgbota.top/public/uploads/admin/202602/6997fc3070d84/819056965118/tdata/temp_8418493902.session
[2026-03-13T20:34:11+08:00][info] 返回:{"status":true,"message":"发送完成，成功1个，失败0个[]","data":{"success":[{"group_id":3895336513,"group_link":"https:\/\/t.me\/twogrqoup","type":"megagroup","message":"发送成功","message_id":8079}],"failed":[],"debug":["处理标识符: https:\/\/t.me\/twogrqoup, 清理后: https:\/\/t.me\/twogrqoup, 识别为链接: True, 识别为数字ID: False","已是群组成员，群组ID: 3895336513"],"warning":""},"api_address":"185.165.170.142:5062"}
[2026-03-13T20:34:11+08:00][info] 消息ID缓存成功: task_id=66, group_id=https://t.me/twogrqoup, msg_index=5, message_id=8079, send_user_id=3469
[2026-03-13T20:34:11+08:00][info] 消息状态标记为已发送: task_id=66, group_id=https://t.me/twogrqoup, msg_index=5
[2026-03-13T20:34:11+08:00][info] 任务 66 将在 27 秒后继续处理下一条消息，索引: 6, 实例ID: task_66_index_6_1773405251.6201
[2026-03-13T20:34:38+08:00][info] 开始处理队列任务: task_id=66, current_index=6
[2026-03-13T20:34:38+08:00][info] 消息缓存初始化完成: task_id=66, groups=https://t.me/twogrqoup
[2026-03-13T20:34:38+08:00][info] 任务 66 第 866 次循环，重置群组 https://t.me/twogrqoup 消息状态
[2026-03-13T20:34:38+08:00][info] 使用当前发送用户 3471 的 session_path/www/wwwroot/tdata.tgbota.top/public/uploads/admin/202602/6997fc3070d84/819089723520/tdata/temp_8574369010.session
[2026-03-13T20:34:44+08:00][info] 开始处理队列任务: task_id=69, current_index=1022
[2026-03-13T20:34:44+08:00][info] 返回:{"status":true,"message":"发送完成，成功1个，失败0个[]","data":{"success":[{"group_id":3895336513,"group_link":"https:\/\/t.me\/twogrqoup","type":"megagroup","message":"发送成功","message_id":8080}],"failed":[],"debug":["处理标识符: https:\/\/t.me\/twogrqoup, 清理后: https:\/\/t.me\/twogrqoup, 识别为链接: True, 识别为数字ID: False","已是群组成员，群组ID: 3895336513"],"warning":""},"api_address":"185.165.170.142:5023"}
[2026-03-13T20:34:44+08:00][info] 消息ID缓存成功: task_id=66, group_id=https://t.me/twogrqoup, msg_index=6, message_id=8080, send_user_id=3471
[2026-03-13T20:34:44+08:00][info] 消息状态标记为已发送: task_id=66, group_id=https://t.me/twogrqoup, msg_index=6
[2026-03-13T20:34:44+08:00][info] 任务 66 将在 13 秒后继续处理下一条消息，索引: 7, 实例ID: task_66_index_7_1773405284.2327
[2026-03-13T20:34:44+08:00][info] 使用消息配置中指定的用户 4251 的 session_path/www/wwwroot/tdata.tgbota.top/public/uploads/admin/202603/69b10fe00169d/13412475078/tdata/temp_8525124544.session
[2026-03-13T20:34:48+08:00][info] 返回:{"status":true,"message":"发送完成，成功1个，失败0个[]","data":{"success":[{"group_id":5072487869,"group_link":"https:\/\/t.me\/+9ZnJ_gHIFV41NzFh","type":"chat","message":"发送成功","message_id":1041}],"failed":[],"debug":["处理标识符: https:\/\/t.me\/+9ZnJ_gHIFV41NzFh, 清理后: https:\/\/t.me\/+9ZnJ_gHIFV41NzFh, 识别为链接: True, 识别为数字ID: False"],"warning":""},"api_address":"185.165.170.142:5036"}
[2026-03-13T20:34:48+08:00][info] 消息ID缓存成功: task_id=69, group_id=https://t.me/+9ZnJ_gHIFV41NzFh, msg_index=1022, message_id=1041, send_user_id=4251
[2026-03-13T20:34:48+08:00][info] 消息状态标记为已发送: task_id=69, group_id=https://t.me/+9ZnJ_gHIFV41NzFh, msg_index=1022
[2026-03-13T20:34:48+08:00][info] 任务 69 将在 99 秒后继续处理下一条消息，索引: 1023, 实例ID: task_69_index_1023_1773405288.5855
[2026-03-13T20:34:57+08:00][info] 开始处理队列任务: task_id=66, current_index=7
[2026-03-13T20:34:57+08:00][info] 消息缓存初始化完成: task_id=66, groups=https://t.me/twogrqoup
[2026-03-13T20:34:57+08:00][info] 任务 66 第 866 次循环，重置群组 https://t.me/twogrqoup 消息状态
[2026-03-13T20:34:57+08:00][info] 使用当前发送用户 3471 的 session_path/www/wwwroot/tdata.tgbota.top/public/uploads/admin/202602/6997fc3070d84/819089723520/tdata/temp_8574369010.session
[2026-03-13T20:35:05+08:00][info] 返回:{"status":true,"message":"发送完成，成功1个，失败0个[]","data":{"success":[{"group_id":3895336513,"group_link":"https:\/\/t.me\/twogrqoup","type":"megagroup","message":"发送成功","message_id":8081}],"failed":[],"debug":["处理标识符: https:\/\/t.me\/twogrqoup, 清理后: https:\/\/t.me\/twogrqoup, 识别为链接: True, 识别为数字ID: False","已是群组成员，群组ID: 3895336513"],"warning":""},"api_address":"185.165.170.142:5023"}
[2026-03-13T20:35:05+08:00][info] 消息ID缓存成功: task_id=66, group_id=https://t.me/twogrqoup, msg_index=7, message_id=8081, send_user_id=3471
[2026-03-13T20:35:05+08:00][info] 消息状态标记为已发送: task_id=66, group_id=https://t.me/twogrqoup, msg_index=7
[2026-03-13T20:35:05+08:00][info] 任务 66 将在 26 秒后继续处理下一条消息，索引: 8, 实例ID: task_66_index_8_1773405305.5495
[2026-03-13T20:35:31+08:00][info] 开始处理队列任务: task_id=66, current_index=8
[2026-03-13T20:35:31+08:00][info] 消息缓存初始化完成: task_id=66, groups=https://t.me/twogrqoup
[2026-03-13T20:35:31+08:00][info] 任务 66 第 866 次循环，重置群组 https://t.me/twogrqoup 消息状态
[2026-03-13T20:35:31+08:00][info] 使用当前发送用户 3469 的 session_path/www/wwwroot/tdata.tgbota.top/public/uploads/admin/202602/6997fc3070d84/819056965118/tdata/temp_8418493902.session
[2026-03-13T20:35:38+08:00][info] 返回:{"status":true,"message":"发送完成，成功1个，失败0个[]","data":{"success":[{"group_id":3895336513,"group_link":"https:\/\/t.me\/twogrqoup","type":"megagroup","message":"发送成功","message_id":8082}],"failed":[],"debug":["处理标识符: https:\/\/t.me\/twogrqoup, 清理后: https:\/\/t.me\/twogrqoup, 识别为链接: True, 识别为数字ID: False","已是群组成员，群组ID: 3895336513"],"warning":""},"api_address":"185.165.170.142:5062"}
[2026-03-13T20:35:38+08:00][info] 消息ID缓存成功: task_id=66, group_id=https://t.me/twogrqoup, msg_index=8, message_id=8082, send_user_id=3469
[2026-03-13T20:35:38+08:00][info] 消息状态标记为已发送: task_id=66, group_id=https://t.me/twogrqoup, msg_index=8
[2026-03-13T20:35:38+08:00][info] 任务 66 将在 30 秒后继续处理下一条消息，索引: 9, 实例ID: task_66_index_9_1773405338.1529
[2026-03-13T20:36:08+08:00][info] 开始处理队列任务: task_id=66, current_index=9
[2026-03-13T20:36:08+08:00][info] 消息缓存初始化完成: task_id=66, groups=https://t.me/twogrqoup
[2026-03-13T20:36:08+08:00][info] 任务 66 第 866 次循环，重置群组 https://t.me/twogrqoup 消息状态
[2026-03-13T20:36:08+08:00][info] 任务 66 第 866 轮完成，准备进行第 867 轮
[2026-03-13T20:36:08+08:00][info] 任务 66 即将为下一轮重新入队，延迟 5 秒，从索引 0 开始
[2026-03-13T20:36:14+08:00][info] 开始处理队列任务: task_id=66, current_index=0
[2026-03-13T20:36:14+08:00][info] 消息缓存初始化完成: task_id=66, groups=https://t.me/twogrqoup
[2026-03-13T20:36:14+08:00][info] 任务 66 第 867 次循环，重置群组 https://t.me/twogrqoup 消息状态
[2026-03-13T20:36:14+08:00][info] 使用当前发送用户 3469 的 session_path/www/wwwroot/tdata.tgbota.top/public/uploads/admin/202602/6997fc3070d84/819056965118/tdata/temp_8418493902.session
[2026-03-13T20:36:20+08:00][info] 返回:{"status":true,"message":"发送完成，成功1个，失败0个[]","data":{"success":[{"group_id":3895336513,"group_link":"https:\/\/t.me\/twogrqoup","type":"megagroup","message":"发送成功","message_id":8083}],"failed":[],"debug":["处理标识符: https:\/\/t.me\/twogrqoup, 清理后: https:\/\/t.me\/twogrqoup, 识别为链接: True, 识别为数字ID: False","已是群组成员，群组ID: 3895336513"],"warning":""},"api_address":"185.165.170.142:5062"}
[2026-03-13T20:36:20+08:00][info] 消息ID缓存成功: task_id=66, group_id=https://t.me/twogrqoup, msg_index=0, message_id=8083, send_user_id=3469
[2026-03-13T20:36:20+08:00][info] 消息状态标记为已发送: task_id=66, group_id=https://t.me/twogrqoup, msg_index=0
[2026-03-13T20:36:20+08:00][info] 任务 66 将在 15 秒后继续处理下一条消息，索引: 1, 实例ID: task_66_index_1_1773405380.6518
[2026-03-13T20:36:27+08:00][info] 开始处理队列任务: task_id=69, current_index=1023
[2026-03-13T20:36:27+08:00][info] 使用消息配置中指定的用户 4249 的 session_path/www/wwwroot/tdata.tgbota.top/public/uploads/admin/202603/69b10fe00169d/13528023939/tdata/temp_8564033513.session
[2026-03-13T20:36:33+08:00][info] 返回:{"status":true,"message":"发送完成，成功1个，失败0个[]","data":{"success":[{"group_id":5072487869,"group_link":"https:\/\/t.me\/+9ZnJ_gHIFV41NzFh","type":"chat","message":"发送成功","message_id":1037}],"failed":[],"debug":["处理标识符: https:\/\/t.me\/+9ZnJ_gHIFV41NzFh, 清理后: https:\/\/t.me\/+9ZnJ_gHIFV41NzFh, 识别为链接: True, 识别为数字ID: False"],"warning":""},"api_address":"185.165.170.142:5034"}
[2026-03-13T20:36:33+08:00][info] 消息ID缓存成功: task_id=69, group_id=https://t.me/+9ZnJ_gHIFV41NzFh, msg_index=1023, message_id=1037, send_user_id=4249
[2026-03-13T20:36:33+08:00][info] 消息状态标记为已发送: task_id=69, group_id=https://t.me/+9ZnJ_gHIFV41NzFh, msg_index=1023
[2026-03-13T20:36:33+08:00][info] 任务 69 将在 100 秒后继续处理下一条消息，索引: 1024, 实例ID: task_69_index_1024_1773405393.9131
[2026-03-13T20:36:35+08:00][info] 开始处理队列任务: task_id=66, current_index=1
[2026-03-13T20:36:35+08:00][info] 消息缓存初始化完成: task_id=66, groups=https://t.me/twogrqoup
[2026-03-13T20:36:35+08:00][info] 任务 66 第 867 次循环，重置群组 https://t.me/twogrqoup 消息状态
[2026-03-13T20:36:35+08:00][info] 使用当前发送用户 3472 的 session_path/www/wwwroot/tdata.tgbota.top/public/uploads/admin/202602/6997fc3070d84/819050054287/tdata/temp_8308580822.session
[2026-03-13T20:36:42+08:00][info] 返回:{"status":true,"message":"发送完成，成功1个，失败0个[]","data":{"success":[{"group_id":3895336513,"group_link":"https:\/\/t.me\/twogrqoup","type":"megagroup","message":"发送成功","message_id":8084}],"failed":[],"debug":["处理标识符: https:\/\/t.me\/twogrqoup, 清理后: https:\/\/t.me\/twogrqoup, 识别为链接: True, 识别为数字ID: False","已是群组成员，群组ID: 3895336513"],"warning":""},"api_address":"185.165.170.142:5042"}
[2026-03-13T20:36:42+08:00][info] 消息ID缓存成功: task_id=66, group_id=https://t.me/twogrqoup, msg_index=1, message_id=8084, send_user_id=3472
[2026-03-13T20:36:42+08:00][info] 消息状态标记为已发送: task_id=66, group_id=https://t.me/twogrqoup, msg_index=1
[2026-03-13T20:36:42+08:00][info] 任务 66 将在 30 秒后继续处理下一条消息，索引: 2, 实例ID: task_66_index_2_1773405402.2564
[2026-03-13T20:37:12+08:00][info] 开始处理队列任务: task_id=66, current_index=2
[2026-03-13T20:37:12+08:00][info] 消息缓存初始化完成: task_id=66, groups=https://t.me/twogrqoup
[2026-03-13T20:37:12+08:00][info] 任务 66 第 867 次循环，重置群组 https://t.me/twogrqoup 消息状态
[2026-03-13T20:37:12+08:00][info] 使用当前发送用户 3473 的 session_path/www/wwwroot/tdata.tgbota.top/public/uploads/admin/202602/6997fc3070d84/819054626431/tdata/temp_8503359249.session
[2026-03-13T20:37:18+08:00][info] 返回:{"status":true,"message":"发送完成，成功1个，失败0个[]","data":{"success":[{"group_id":3895336513,"group_link":"https:\/\/t.me\/twogrqoup","type":"megagroup","message":"发送成功","message_id":8085}],"failed":[],"debug":["处理标识符: https:\/\/t.me\/twogrqoup, 清理后: https:\/\/t.me\/twogrqoup, 识别为链接: True, 识别为数字ID: False","已是群组成员，群组ID: 3895336513"],"warning":""},"api_address":"185.165.170.142:5043"}
[2026-03-13T20:37:18+08:00][info] 消息ID缓存成功: task_id=66, group_id=https://t.me/twogrqoup, msg_index=2, message_id=8085, send_user_id=3473
[2026-03-13T20:37:18+08:00][info] 消息状态标记为已发送: task_id=66, group_id=https://t.me/twogrqoup, msg_index=2
[2026-03-13T20:37:18+08:00][info] 任务 66 将在 45 秒后继续处理下一条消息，索引: 3, 实例ID: task_66_index_3_1773405438.6432
[2026-03-13T20:38:03+08:00][info] 开始处理队列任务: task_id=66, current_index=3
[2026-03-13T20:38:03+08:00][info] 消息缓存初始化完成: task_id=66, groups=https://t.me/twogrqoup
[2026-03-13T20:38:03+08:00][info] 任务 66 第 867 次循环，重置群组 https://t.me/twogrqoup 消息状态
[2026-03-13T20:38:03+08:00][info] 使用当前发送用户 3469 的 session_path/www/wwwroot/tdata.tgbota.top/public/uploads/admin/202602/6997fc3070d84/819056965118/tdata/temp_8418493902.session
[2026-03-13T20:38:09+08:00][info] 返回:{"status":true,"message":"发送完成，成功1个，失败0个[]","data":{"success":[{"group_id":3895336513,"group_link":"https:\/\/t.me\/twogrqoup","type":"megagroup","message":"发送成功","message_id":8086}],"failed":[],"debug":["处理标识符: https:\/\/t.me\/twogrqoup, 清理后: https:\/\/t.me\/twogrqoup, 识别为链接: True, 识别为数字ID: False","已是群组成员，群组ID: 3895336513"],"warning":""},"api_address":"185.165.170.142:5062"}
[2026-03-13T20:38:09+08:00][info] 消息ID缓存成功: task_id=66, group_id=https://t.me/twogrqoup, msg_index=3, message_id=8086, send_user_id=3469
[2026-03-13T20:38:09+08:00][info] 消息状态标记为已发送: task_id=66, group_id=https://t.me/twogrqoup, msg_index=3
[2026-03-13T20:38:09+08:00][info] 任务 66 将在 20 秒后继续处理下一条消息，索引: 4, 实例ID: task_66_index_4_1773405489.3587
[2026-03-13T20:38:14+08:00][info] 开始处理队列任务: task_id=69, current_index=1024
[2026-03-13T20:38:14+08:00][info] 使用消息配置中指定的用户 4248 的 session_path/www/wwwroot/tdata.tgbota.top/public/uploads/admin/202603/69b10fe00169d/13394631524/tdata/temp_8023071106.session
[2026-03-13T20:38:20+08:00][info] 返回:{"status":true,"message":"发送完成，成功1个，失败0个[]","data":{"success":[{"group_id":5072487869,"group_link":"https:\/\/t.me\/+9ZnJ_gHIFV41NzFh","type":"chat","message":"发送成功","message_id":1036}],"failed":[],"debug":["处理标识符: https:\/\/t.me\/+9ZnJ_gHIFV41NzFh, 清理后: https:\/\/t.me\/+9ZnJ_gHIFV41NzFh, 识别为链接: True, 识别为数字ID: False"],"warning":""},"api_address":"185.165.170.142:5033"}
[2026-03-13T20:38:20+08:00][info] 消息ID缓存成功: task_id=69, group_id=https://t.me/+9ZnJ_gHIFV41NzFh, msg_index=1024, message_id=1036, send_user_id=4248
[2026-03-13T20:38:20+08:00][info] 消息状态标记为已发送: task_id=69, group_id=https://t.me/+9ZnJ_gHIFV41NzFh, msg_index=1024
[2026-03-13T20:38:20+08:00][info] 任务 69 将在 110 秒后继续处理下一条消息，索引: 1025, 实例ID: task_69_index_1025_1773405500.9063
[2026-03-13T20:38:29+08:00][info] 开始处理队列任务: task_id=66, current_index=4
[2026-03-13T20:38:29+08:00][info] 消息缓存初始化完成: task_id=66, groups=https://t.me/twogrqoup
[2026-03-13T20:38:29+08:00][info] 任务 66 第 867 次循环，重置群组 https://t.me/twogrqoup 消息状态
[2026-03-13T20:38:29+08:00][info] 使用当前发送用户 3471 的 session_path/www/wwwroot/tdata.tgbota.top/public/uploads/admin/202602/6997fc3070d84/819089723520/tdata/temp_8574369010.session
[2026-03-13T20:38:35+08:00][info] 返回:{"status":true,"message":"发送完成，成功1个，失败0个[]","data":{"success":[{"group_id":3895336513,"group_link":"https:\/\/t.me\/twogrqoup","type":"megagroup","message":"发送成功","message_id":8087}],"failed":[],"debug":["处理标识符: https:\/\/t.me\/twogrqoup, 清理后: https:\/\/t.me\/twogrqoup, 识别为链接: True, 识别为数字ID: False","已是群组成员，群组ID: 3895336513"],"warning":""},"api_address":"185.165.170.142:5023"}
[2026-03-13T20:38:35+08:00][info] 消息ID缓存成功: task_id=66, group_id=https://t.me/twogrqoup, msg_index=4, message_id=8087, send_user_id=3471
[2026-03-13T20:38:35+08:00][info] 消息状态标记为已发送: task_id=66, group_id=https://t.me/twogrqoup, msg_index=4
[2026-03-13T20:38:35+08:00][info] 任务 66 将在 26 秒后继续处理下一条消息，索引: 5, 实例ID: task_66_index_5_1773405515.5955
[2026-03-13T20:39:02+08:00][info] 开始处理队列任务: task_id=66, current_index=5
[2026-03-13T20:39:02+08:00][info] 消息缓存初始化完成: task_id=66, groups=https://t.me/twogrqoup
[2026-03-13T20:39:02+08:00][info] 任务 66 第 867 次循环，重置群组 https://t.me/twogrqoup 消息状态
[2026-03-13T20:39:02+08:00][info] 使用当前发送用户 3469 的 session_path/www/wwwroot/tdata.tgbota.top/public/uploads/admin/202602/6997fc3070d84/819056965118/tdata/temp_8418493902.session
[2026-03-13T20:39:08+08:00][info] 返回:{"status":true,"message":"发送完成，成功1个，失败0个[]","data":{"success":[{"group_id":3895336513,"group_link":"https:\/\/t.me\/twogrqoup","type":"megagroup","message":"发送成功","message_id":8088}],"failed":[],"debug":["处理标识符: https:\/\/t.me\/twogrqoup, 清理后: https:\/\/t.me\/twogrqoup, 识别为链接: True, 识别为数字ID: False","已是群组成员，群组ID: 3895336513"],"warning":""},"api_address":"185.165.170.142:5062"}
[2026-03-13T20:39:08+08:00][info] 消息ID缓存成功: task_id=66, group_id=https://t.me/twogrqoup, msg_index=5, message_id=8088, send_user_id=3469
[2026-03-13T20:39:08+08:00][info] 消息状态标记为已发送: task_id=66, group_id=https://t.me/twogrqoup, msg_index=5
[2026-03-13T20:39:08+08:00][info] 任务 66 将在 27 秒后继续处理下一条消息，索引: 6, 实例ID: task_66_index_6_1773405548.2439
[2026-03-13T20:39:35+08:00][info] 开始处理队列任务: task_id=66, current_index=6
[2026-03-13T20:39:35+08:00][info] 消息缓存初始化完成: task_id=66, groups=https://t.me/twogrqoup
[2026-03-13T20:39:35+08:00][info] 任务 66 第 867 次循环，重置群组 https://t.me/twogrqoup 消息状态
[2026-03-13T20:39:35+08:00][info] 使用当前发送用户 3471 的 session_path/www/wwwroot/tdata.tgbota.top/public/uploads/admin/202602/6997fc3070d84/819089723520/tdata/temp_8574369010.session
[2026-03-13T20:39:40+08:00][info] 返回:{"status":true,"message":"发送完成，成功1个，失败0个[]","data":{"success":[{"group_id":3895336513,"group_link":"https:\/\/t.me\/twogrqoup","type":"megagroup","message":"发送成功","message_id":8089}],"failed":[],"debug":["处理标识符: https:\/\/t.me\/twogrqoup, 清理后: https:\/\/t.me\/twogrqoup, 识别为链接: True, 识别为数字ID: False","已是群组成员，群组ID: 3895336513"],"warning":""},"api_address":"185.165.170.142:5023"}
[2026-03-13T20:39:40+08:00][info] 消息ID缓存成功: task_id=66, group_id=https://t.me/twogrqoup, msg_index=6, message_id=8089, send_user_id=3471
[2026-03-13T20:39:40+08:00][info] 消息状态标记为已发送: task_id=66, group_id=https://t.me/twogrqoup, msg_index=6
[2026-03-13T20:39:40+08:00][info] 任务 66 将在 13 秒后继续处理下一条消息，索引: 7, 实例ID: task_66_index_7_1773405580.5434
[2026-03-13T20:39:53+08:00][info] 开始处理队列任务: task_id=66, current_index=7
[2026-03-13T20:39:53+08:00][info] 消息缓存初始化完成: task_id=66, groups=https://t.me/twogrqoup
[2026-03-13T20:39:53+08:00][info] 任务 66 第 867 次循环，重置群组 https://t.me/twogrqoup 消息状态
[2026-03-13T20:39:53+08:00][info] 使用当前发送用户 3471 的 session_path/www/wwwroot/tdata.tgbota.top/public/uploads/admin/202602/6997fc3070d84/819089723520/tdata/temp_8574369010.session
[2026-03-13T20:40:00+08:00][info] 返回:{"status":true,"message":"发送完成，成功1个，失败0个[]","data":{"success":[{"group_id":3895336513,"group_link":"https:\/\/t.me\/twogrqoup","type":"megagroup","message":"发送成功","message_id":8090}],"failed":[],"debug":["处理标识符: https:\/\/t.me\/twogrqoup, 清理后: https:\/\/t.me\/twogrqoup, 识别为链接: True, 识别为数字ID: False","已是群组成员，群组ID: 3895336513"],"warning":""},"api_address":"185.165.170.142:5023"}
[2026-03-13T20:40:00+08:00][info] 消息ID缓存成功: task_id=66, group_id=https://t.me/twogrqoup, msg_index=7, message_id=8090, send_user_id=3471
[2026-03-13T20:40:00+08:00][info] 消息状态标记为已发送: task_id=66, group_id=https://t.me/twogrqoup, msg_index=7
[2026-03-13T20:40:00+08:00][info] 任务 66 将在 26 秒后继续处理下一条消息，索引: 8, 实例ID: task_66_index_8_1773405600.8954
[2026-03-13T20:40:10+08:00][info] 开始处理队列任务: task_id=69, current_index=1025
[2026-03-13T20:40:10+08:00][info] 使用消息配置中指定的用户 4248 的 session_path/www/wwwroot/tdata.tgbota.top/public/uploads/admin/202603/69b10fe00169d/13394631524/tdata/temp_8023071106.session
[2026-03-13T20:40:16+08:00][info] 返回:{"status":true,"message":"发送完成，成功1个，失败0个[]","data":{"success":[{"group_id":5072487869,"group_link":"https:\/\/t.me\/+9ZnJ_gHIFV41NzFh","type":"chat","message":"发送成功","message_id":1037}],"failed":[],"debug":["处理标识符: https:\/\/t.me\/+9ZnJ_gHIFV41NzFh, 清理后: https:\/\/t.me\/+9ZnJ_gHIFV41NzFh, 识别为链接: True, 识别为数字ID: False"],"warning":""},"api_address":"185.165.170.142:5033"}
[2026-03-13T20:40:16+08:00][info] 消息ID缓存成功: task_id=69, group_id=https://t.me/+9ZnJ_gHIFV41NzFh, msg_index=1025, message_id=1037, send_user_id=4248
[2026-03-13T20:40:16+08:00][info] 消息状态标记为已发送: task_id=69, group_id=https://t.me/+9ZnJ_gHIFV41NzFh, msg_index=1025
[2026-03-13T20:40:16+08:00][info] 任务 69 将在 97 秒后继续处理下一条消息，索引: 1026, 实例ID: task_69_index_1026_1773405616.4024
[2026-03-13T20:40:26+08:00][info] 开始处理队列任务: task_id=66, current_index=8
[2026-03-13T20:40:26+08:00][info] 消息缓存初始化完成: task_id=66, groups=https://t.me/twogrqoup
[2026-03-13T20:40:26+08:00][info] 任务 66 第 867 次循环，重置群组 https://t.me/twogrqoup 消息状态
[2026-03-13T20:40:26+08:00][info] 使用当前发送用户 3469 的 session_path/www/wwwroot/tdata.tgbota.top/public/uploads/admin/202602/6997fc3070d84/819056965118/tdata/temp_8418493902.session
[2026-03-13T20:40:34+08:00][info] 返回:{"status":true,"message":"发送完成，成功1个，失败0个[]","data":{"success":[{"group_id":3895336513,"group_link":"https:\/\/t.me\/twogrqoup","type":"megagroup","message":"发送成功","message_id":8091}],"failed":[],"debug":["处理标识符: https:\/\/t.me\/twogrqoup, 清理后: https:\/\/t.me\/twogrqoup, 识别为链接: True, 识别为数字ID: False","已是群组成员，群组ID: 3895336513"],"warning":""},"api_address":"185.165.170.142:5062"}
[2026-03-13T20:40:34+08:00][info] 消息ID缓存成功: task_id=66, group_id=https://t.me/twogrqoup, msg_index=8, message_id=8091, send_user_id=3469
[2026-03-13T20:40:34+08:00][info] 消息状态标记为已发送: task_id=66, group_id=https://t.me/twogrqoup, msg_index=8
[2026-03-13T20:40:34+08:00][info] 任务 66 将在 30 秒后继续处理下一条消息，索引: 9, 实例ID: task_66_index_9_1773405634.7133
[2026-03-13T20:41:04+08:00][info] 开始处理队列任务: task_id=66, current_index=9
[2026-03-13T20:41:04+08:00][info] 消息缓存初始化完成: task_id=66, groups=https://t.me/twogrqoup
[2026-03-13T20:41:04+08:00][info] 任务 66 第 867 次循环，重置群组 https://t.me/twogrqoup 消息状态
[2026-03-13T20:41:04+08:00][info] 任务 66 第 867 轮完成，准备进行第 868 轮
[2026-03-13T20:41:04+08:00][info] 任务 66 即将为下一轮重新入队，延迟 5 秒，从索引 0 开始
[2026-03-13T20:41:09+08:00][info] 开始处理队列任务: task_id=66, current_index=0
[2026-03-13T20:41:09+08:00][info] 消息缓存初始化完成: task_id=66, groups=https://t.me/twogrqoup
[2026-03-13T20:41:09+08:00][info] 任务 66 第 868 次循环，重置群组 https://t.me/twogrqoup 消息状态
[2026-03-13T20:41:09+08:00][info] 使用当前发送用户 3469 的 session_path/www/wwwroot/tdata.tgbota.top/public/uploads/admin/202602/6997fc3070d84/819056965118/tdata/temp_8418493902.session
[2026-03-13T20:41:16+08:00][info] 返回:{"status":true,"message":"发送完成，成功1个，失败0个[]","data":{"success":[{"group_id":3895336513,"group_link":"https:\/\/t.me\/twogrqoup","type":"megagroup","message":"发送成功","message_id":8092}],"failed":[],"debug":["处理标识符: https:\/\/t.me\/twogrqoup, 清理后: https:\/\/t.me\/twogrqoup, 识别为链接: True, 识别为数字ID: False","已是群组成员，群组ID: 3895336513"],"warning":""},"api_address":"185.165.170.142:5062"}
[2026-03-13T20:41:16+08:00][info] 消息ID缓存成功: task_id=66, group_id=https://t.me/twogrqoup, msg_index=0, message_id=8092, send_user_id=3469
[2026-03-13T20:41:16+08:00][info] 消息状态标记为已发送: task_id=66, group_id=https://t.me/twogrqoup, msg_index=0
[2026-03-13T20:41:16+08:00][info] 任务 66 将在 15 秒后继续处理下一条消息，索引: 1, 实例ID: task_66_index_1_1773405676.1751
[2026-03-13T20:41:31+08:00][info] 开始处理队列任务: task_id=66, current_index=1
[2026-03-13T20:41:31+08:00][info] 消息缓存初始化完成: task_id=66, groups=https://t.me/twogrqoup
[2026-03-13T20:41:31+08:00][info] 任务 66 第 868 次循环，重置群组 https://t.me/twogrqoup 消息状态
[2026-03-13T20:41:31+08:00][info] 使用当前发送用户 3472 的 session_path/www/wwwroot/tdata.tgbota.top/public/uploads/admin/202602/6997fc3070d84/819050054287/tdata/temp_8308580822.session
[2026-03-13T20:41:36+08:00][info] 返回:{"status":true,"message":"发送完成，成功1个，失败0个[]","data":{"success":[{"group_id":3895336513,"group_link":"https:\/\/t.me\/twogrqoup","type":"megagroup","message":"发送成功","message_id":8093}],"failed":[],"debug":["处理标识符: https:\/\/t.me\/twogrqoup, 清理后: https:\/\/t.me\/twogrqoup, 识别为链接: True, 识别为数字ID: False","已是群组成员，群组ID: 3895336513"],"warning":""},"api_address":"185.165.170.142:5042"}
[2026-03-13T20:41:36+08:00][info] 消息ID缓存成功: task_id=66, group_id=https://t.me/twogrqoup, msg_index=1, message_id=8093, send_user_id=3472
[2026-03-13T20:41:36+08:00][info] 消息状态标记为已发送: task_id=66, group_id=https://t.me/twogrqoup, msg_index=1
[2026-03-13T20:41:36+08:00][info] 任务 66 将在 30 秒后继续处理下一条消息，索引: 2, 实例ID: task_66_index_2_1773405696.8983
[2026-03-13T20:41:53+08:00][info] 开始处理队列任务: task_id=69, current_index=1026
[2026-03-13T20:41:53+08:00][info] 使用消息配置中指定的用户 4247 的 session_path/www/wwwroot/tdata.tgbota.top/public/uploads/admin/202603/69b10fe00169d/13463004519/tdata/temp_8524606971.session
[2026-03-13T20:41:58+08:00][info] 返回:{"status":true,"message":"发送完成，成功1个，失败0个[]","data":{"success":[{"group_id":5072487869,"group_link":"https:\/\/t.me\/+9ZnJ_gHIFV41NzFh","type":"chat","message":"发送成功","message_id":1036}],"failed":[],"debug":["处理标识符: https:\/\/t.me\/+9ZnJ_gHIFV41NzFh, 清理后: https:\/\/t.me\/+9ZnJ_gHIFV41NzFh, 识别为链接: True, 识别为数字ID: False"],"warning":""},"api_address":"185.165.170.142:5032"}
[2026-03-13T20:41:58+08:00][info] 消息ID缓存成功: task_id=69, group_id=https://t.me/+9ZnJ_gHIFV41NzFh, msg_index=1026, message_id=1036, send_user_id=4247
[2026-03-13T20:41:58+08:00][info] 消息状态标记为已发送: task_id=69, group_id=https://t.me/+9ZnJ_gHIFV41NzFh, msg_index=1026
[2026-03-13T20:41:58+08:00][info] 任务 69 将在 85 秒后继续处理下一条消息，索引: 1027, 实例ID: task_69_index_1027_1773405718.3456
[2026-03-13T20:42:06+08:00][info] 开始处理队列任务: task_id=66, current_index=2
[2026-03-13T20:42:06+08:00][info] 消息缓存初始化完成: task_id=66, groups=https://t.me/twogrqoup
[2026-03-13T20:42:06+08:00][info] 任务 66 第 868 次循环，重置群组 https://t.me/twogrqoup 消息状态
[2026-03-13T20:42:06+08:00][info] 使用当前发送用户 3473 的 session_path/www/wwwroot/tdata.tgbota.top/public/uploads/admin/202602/6997fc3070d84/819054626431/tdata/temp_8503359249.session
[2026-03-13T20:42:13+08:00][info] 返回:{"status":true,"message":"发送完成，成功1个，失败0个[]","data":{"success":[{"group_id":3895336513,"group_link":"https:\/\/t.me\/twogrqoup","type":"megagroup","message":"发送成功","message_id":8094}],"failed":[],"debug":["处理标识符: https:\/\/t.me\/twogrqoup, 清理后: https:\/\/t.me\/twogrqoup, 识别为链接: True, 识别为数字ID: False","已是群组成员，群组ID: 3895336513"],"warning":""},"api_address":"185.165.170.142:5043"}
[2026-03-13T20:42:13+08:00][info] 消息ID缓存成功: task_id=66, group_id=https://t.me/twogrqoup, msg_index=2, message_id=8094, send_user_id=3473
[2026-03-13T20:42:13+08:00][info] 消息状态标记为已发送: task_id=66, group_id=https://t.me/twogrqoup, msg_index=2
[2026-03-13T20:42:13+08:00][info] 任务 66 将在 45 秒后继续处理下一条消息，索引: 3, 实例ID: task_66_index_3_1773405733.6333
[2026-03-13T20:42:58+08:00][info] 开始处理队列任务: task_id=66, current_index=3
[2026-03-13T20:42:58+08:00][info] 消息缓存初始化完成: task_id=66, groups=https://t.me/twogrqoup
[2026-03-13T20:42:58+08:00][info] 任务 66 第 868 次循环，重置群组 https://t.me/twogrqoup 消息状态
[2026-03-13T20:42:58+08:00][info] 使用当前发送用户 3469 的 session_path/www/wwwroot/tdata.tgbota.top/public/uploads/admin/202602/6997fc3070d84/819056965118/tdata/temp_8418493902.session
[2026-03-13T20:43:05+08:00][info] 返回:{"status":true,"message":"发送完成，成功1个，失败0个[]","data":{"success":[{"group_id":3895336513,"group_link":"https:\/\/t.me\/twogrqoup","type":"megagroup","message":"发送成功","message_id":8095}],"failed":[],"debug":["处理标识符: https:\/\/t.me\/twogrqoup, 清理后: https:\/\/t.me\/twogrqoup, 识别为链接: True, 识别为数字ID: False","已是群组成员，群组ID: 3895336513"],"warning":""},"api_address":"185.165.170.142:5062"}
[2026-03-13T20:43:05+08:00][info] 消息ID缓存成功: task_id=66, group_id=https://t.me/twogrqoup, msg_index=3, message_id=8095, send_user_id=3469
[2026-03-13T20:43:05+08:00][info] 消息状态标记为已发送: task_id=66, group_id=https://t.me/twogrqoup, msg_index=3
[2026-03-13T20:43:05+08:00][info] 任务 66 将在 20 秒后继续处理下一条消息，索引: 4, 实例ID: task_66_index_4_1773405785.3594
[2026-03-13T20:43:23+08:00][info] 开始处理队列任务: task_id=69, current_index=1027
[2026-03-13T20:43:23+08:00][info] 使用当前发送用户 4246 的 session_path/www/wwwroot/tdata.tgbota.top/public/uploads/admin/202603/69b10fe00169d/13525689778/tdata/temp_8298330802.session
[2026-03-13T20:43:25+08:00][info] 开始处理队列任务: task_id=66, current_index=4
[2026-03-13T20:43:25+08:00][info] 消息缓存初始化完成: task_id=66, groups=https://t.me/twogrqoup
[2026-03-13T20:43:25+08:00][info] 任务 66 第 868 次循环，重置群组 https://t.me/twogrqoup 消息状态
[2026-03-13T20:43:25+08:00][info] 使用当前发送用户 3471 的 session_path/www/wwwroot/tdata.tgbota.top/public/uploads/admin/202602/6997fc3070d84/819089723520/tdata/temp_8574369010.session
[2026-03-13T20:43:28+08:00][info] 返回:{"status":true,"message":"发送完成，成功1个，失败0个[]","data":{"success":[{"group_id":5072487869,"group_link":"https:\/\/t.me\/+9ZnJ_gHIFV41NzFh","type":"chat","message":"发送成功","message_id":1035}],"failed":[],"debug":["处理标识符: https:\/\/t.me\/+9ZnJ_gHIFV41NzFh, 清理后: https:\/\/t.me\/+9ZnJ_gHIFV41NzFh, 识别为链接: True, 识别为数字ID: False"],"warning":""},"api_address":"185.165.170.142:5031"}
[2026-03-13T20:43:28+08:00][info] 消息ID缓存成功: task_id=69, group_id=https://t.me/+9ZnJ_gHIFV41NzFh, msg_index=1027, message_id=1035, send_user_id=4246
[2026-03-13T20:43:28+08:00][info] 消息状态标记为已发送: task_id=69, group_id=https://t.me/+9ZnJ_gHIFV41NzFh, msg_index=1027
[2026-03-13T20:43:28+08:00][info] 任务 69 将在 88 秒后继续处理下一条消息，索引: 1028, 实例ID: task_69_index_1028_1773405808.7229
[2026-03-13T20:43:31+08:00][info] 返回:{"status":true,"message":"发送完成，成功1个，失败0个[]","data":{"success":[{"group_id":3895336513,"group_link":"https:\/\/t.me\/twogrqoup","type":"megagroup","message":"发送成功","message_id":8096}],"failed":[],"debug":["处理标识符: https:\/\/t.me\/twogrqoup, 清理后: https:\/\/t.me\/twogrqoup, 识别为链接: True, 识别为数字ID: False","已是群组成员，群组ID: 3895336513"],"warning":""},"api_address":"185.165.170.142:5023"}
[2026-03-13T20:43:31+08:00][info] 消息ID缓存成功: task_id=66, group_id=https://t.me/twogrqoup, msg_index=4, message_id=8096, send_user_id=3471
[2026-03-13T20:43:31+08:00][info] 消息状态标记为已发送: task_id=66, group_id=https://t.me/twogrqoup, msg_index=4
[2026-03-13T20:43:31+08:00][info] 任务 66 将在 26 秒后继续处理下一条消息，索引: 5, 实例ID: task_66_index_5_1773405811.171
[2026-03-13T20:43:57+08:00][info] 开始处理队列任务: task_id=66, current_index=5
[2026-03-13T20:43:57+08:00][info] 消息缓存初始化完成: task_id=66, groups=https://t.me/twogrqoup
[2026-03-13T20:43:57+08:00][info] 任务 66 第 868 次循环，重置群组 https://t.me/twogrqoup 消息状态
[2026-03-13T20:43:57+08:00][info] 使用当前发送用户 3469 的 session_path/www/wwwroot/tdata.tgbota.top/public/uploads/admin/202602/6997fc3070d84/819056965118/tdata/temp_8418493902.session
[2026-03-13T20:44:03+08:00][info] 返回:{"status":true,"message":"发送完成，成功1个，失败0个[]","data":{"success":[{"group_id":3895336513,"group_link":"https:\/\/t.me\/twogrqoup","type":"megagroup","message":"发送成功","message_id":8097}],"failed":[],"debug":["处理标识符: https:\/\/t.me\/twogrqoup, 清理后: https:\/\/t.me\/twogrqoup, 识别为链接: True, 识别为数字ID: False","已是群组成员，群组ID: 3895336513"],"warning":""},"api_address":"185.165.170.142:5062"}
[2026-03-13T20:44:03+08:00][info] 消息ID缓存成功: task_id=66, group_id=https://t.me/twogrqoup, msg_index=5, message_id=8097, send_user_id=3469
[2026-03-13T20:44:03+08:00][info] 消息状态标记为已发送: task_id=66, group_id=https://t.me/twogrqoup, msg_index=5
[2026-03-13T20:44:03+08:00][info] 任务 66 将在 27 秒后继续处理下一条消息，索引: 6, 实例ID: task_66_index_6_1773405843.0352
[2026-03-13T20:44:30+08:00][info] 开始处理队列任务: task_id=66, current_index=6
[2026-03-13T20:44:30+08:00][info] 消息缓存初始化完成: task_id=66, groups=https://t.me/twogrqoup
[2026-03-13T20:44:30+08:00][info] 任务 66 第 868 次循环，重置群组 https://t.me/twogrqoup 消息状态
[2026-03-13T20:44:30+08:00][info] 使用当前发送用户 3471 的 session_path/www/wwwroot/tdata.tgbota.top/public/uploads/admin/202602/6997fc3070d84/819089723520/tdata/temp_8574369010.session
[2026-03-13T20:44:36+08:00][info] 返回:{"status":true,"message":"发送完成，成功1个，失败0个[]","data":{"success":[{"group_id":3895336513,"group_link":"https:\/\/t.me\/twogrqoup","type":"megagroup","message":"发送成功","message_id":8098}],"failed":[],"debug":["处理标识符: https:\/\/t.me\/twogrqoup, 清理后: https:\/\/t.me\/twogrqoup, 识别为链接: True, 识别为数字ID: False","已是群组成员，群组ID: 3895336513"],"warning":""},"api_address":"185.165.170.142:5023"}
[2026-03-13T20:44:36+08:00][info] 消息ID缓存成功: task_id=66, group_id=https://t.me/twogrqoup, msg_index=6, message_id=8098, send_user_id=3471
[2026-03-13T20:44:36+08:00][info] 消息状态标记为已发送: task_id=66, group_id=https://t.me/twogrqoup, msg_index=6
[2026-03-13T20:44:36+08:00][info] 任务 66 将在 13 秒后继续处理下一条消息，索引: 7, 实例ID: task_66_index_7_1773405876.6614
[2026-03-13T20:44:49+08:00][info] 开始处理队列任务: task_id=66, current_index=7
[2026-03-13T20:44:49+08:00][info] 消息缓存初始化完成: task_id=66, groups=https://t.me/twogrqoup
[2026-03-13T20:44:49+08:00][info] 任务 66 第 868 次循环，重置群组 https://t.me/twogrqoup 消息状态
[2026-03-13T20:44:49+08:00][info] 使用当前发送用户 3471 的 session_path/www/wwwroot/tdata.tgbota.top/public/uploads/admin/202602/6997fc3070d84/819089723520/tdata/temp_8574369010.session
[2026-03-13T20:44:56+08:00][info] 返回:{"status":true,"message":"发送完成，成功1个，失败0个[]","data":{"success":[{"group_id":3895336513,"group_link":"https:\/\/t.me\/twogrqoup","type":"megagroup","message":"发送成功","message_id":8099}],"failed":[],"debug":["处理标识符: https:\/\/t.me\/twogrqoup, 清理后: https:\/\/t.me\/twogrqoup, 识别为链接: True, 识别为数字ID: False","已是群组成员，群组ID: 3895336513"],"warning":""},"api_address":"185.165.170.142:5023"}
[2026-03-13T20:44:56+08:00][info] 消息ID缓存成功: task_id=66, group_id=https://t.me/twogrqoup, msg_index=7, message_id=8099, send_user_id=3471
[2026-03-13T20:44:56+08:00][info] 消息状态标记为已发送: task_id=66, group_id=https://t.me/twogrqoup, msg_index=7
[2026-03-13T20:44:56+08:00][info] 任务 66 将在 26 秒后继续处理下一条消息，索引: 8, 实例ID: task_66_index_8_1773405896.5761
[2026-03-13T20:44:56+08:00][info] 开始处理队列任务: task_id=69, current_index=1028
[2026-03-13T20:44:56+08:00][info] 使用消息配置中指定的用户 4245 的 session_path/www/wwwroot/tdata.tgbota.top/public/uploads/admin/202603/69b10fe00169d/13378413177/tdata/temp_8408358101.session
[2026-03-13T20:45:02+08:00][info] 返回:{"status":true,"message":"发送完成，成功1个，失败0个[]","data":{"success":[{"group_id":5072487869,"group_link":"https:\/\/t.me\/+9ZnJ_gHIFV41NzFh","type":"chat","message":"发送成功","message_id":1034}],"failed":[],"debug":["处理标识符: https:\/\/t.me\/+9ZnJ_gHIFV41NzFh, 清理后: https:\/\/t.me\/+9ZnJ_gHIFV41NzFh, 识别为链接: True, 识别为数字ID: False"],"warning":""},"api_address":"185.165.170.142:5030"}
[2026-03-13T20:45:02+08:00][info] 消息ID缓存成功: task_id=69, group_id=https://t.me/+9ZnJ_gHIFV41NzFh, msg_index=1028, message_id=1034, send_user_id=4245
[2026-03-13T20:45:02+08:00][info] 消息状态标记为已发送: task_id=69, group_id=https://t.me/+9ZnJ_gHIFV41NzFh, msg_index=1028
[2026-03-13T20:45:02+08:00][info] 任务 69 将在 90 秒后继续处理下一条消息，索引: 1029, 实例ID: task_69_index_1029_1773405902.151
[2026-03-13T20:45:22+08:00][info] 开始处理队列任务: task_id=66, current_index=8
[2026-03-13T20:45:22+08:00][info] 消息缓存初始化完成: task_id=66, groups=https://t.me/twogrqoup
[2026-03-13T20:45:22+08:00][info] 任务 66 第 868 次循环，重置群组 https://t.me/twogrqoup 消息状态
[2026-03-13T20:45:22+08:00][info] 使用当前发送用户 3469 的 session_path/www/wwwroot/tdata.tgbota.top/public/uploads/admin/202602/6997fc3070d84/819056965118/tdata/temp_8418493902.session
[2026-03-13T20:45:29+08:00][info] 返回:{"status":true,"message":"发送完成，成功1个，失败0个[]","data":{"success":[{"group_id":3895336513,"group_link":"https:\/\/t.me\/twogrqoup","type":"megagroup","message":"发送成功","message_id":8100}],"failed":[],"debug":["处理标识符: https:\/\/t.me\/twogrqoup, 清理后: https:\/\/t.me\/twogrqoup, 识别为链接: True, 识别为数字ID: False","已是群组成员，群组ID: 3895336513"],"warning":""},"api_address":"185.165.170.142:5062"}
[2026-03-13T20:45:29+08:00][info] 消息ID缓存成功: task_id=66, group_id=https://t.me/twogrqoup, msg_index=8, message_id=8100, send_user_id=3469
[2026-03-13T20:45:29+08:00][info] 消息状态标记为已发送: task_id=66, group_id=https://t.me/twogrqoup, msg_index=8
[2026-03-13T20:45:29+08:00][info] 任务 66 将在 30 秒后继续处理下一条消息，索引: 9, 实例ID: task_66_index_9_1773405929.7264
[2026-03-13T20:45:59+08:00][info] 开始处理队列任务: task_id=66, current_index=9
[2026-03-13T20:45:59+08:00][info] 消息缓存初始化完成: task_id=66, groups=https://t.me/twogrqoup
[2026-03-13T20:45:59+08:00][info] 任务 66 第 868 次循环，重置群组 https://t.me/twogrqoup 消息状态
[2026-03-13T20:45:59+08:00][info] 任务 66 第 868 轮完成，准备进行第 869 轮
[2026-03-13T20:45:59+08:00][info] 任务 66 即将为下一轮重新入队，延迟 5 秒，从索引 0 开始
[2026-03-13T20:46:04+08:00][info] 开始处理队列任务: task_id=66, current_index=0
[2026-03-13T20:46:04+08:00][info] 消息缓存初始化完成: task_id=66, groups=https://t.me/twogrqoup
[2026-03-13T20:46:04+08:00][info] 任务 66 第 869 次循环，重置群组 https://t.me/twogrqoup 消息状态
[2026-03-13T20:46:04+08:00][info] 使用当前发送用户 3469 的 session_path/www/wwwroot/tdata.tgbota.top/public/uploads/admin/202602/6997fc3070d84/819056965118/tdata/temp_8418493902.session
[2026-03-13T20:46:10+08:00][info] 返回:{"status":true,"message":"发送完成，成功1个，失败0个[]","data":{"success":[{"group_id":3895336513,"group_link":"https:\/\/t.me\/twogrqoup","type":"megagroup","message":"发送成功","message_id":8101}],"failed":[],"debug":["处理标识符: https:\/\/t.me\/twogrqoup, 清理后: https:\/\/t.me\/twogrqoup, 识别为链接: True, 识别为数字ID: False","已是群组成员，群组ID: 3895336513"],"warning":""},"api_address":"185.165.170.142:5062"}
[2026-03-13T20:46:10+08:00][info] 消息ID缓存成功: task_id=66, group_id=https://t.me/twogrqoup, msg_index=0, message_id=8101, send_user_id=3469
[2026-03-13T20:46:10+08:00][info] 消息状态标记为已发送: task_id=66, group_id=https://t.me/twogrqoup, msg_index=0
[2026-03-13T20:46:10+08:00][info] 任务 66 将在 15 秒后继续处理下一条消息，索引: 1, 实例ID: task_66_index_1_1773405970.7924
[2026-03-13T20:46:25+08:00][info] 开始处理队列任务: task_id=66, current_index=1
[2026-03-13T20:46:25+08:00][info] 消息缓存初始化完成: task_id=66, groups=https://t.me/twogrqoup
[2026-03-13T20:46:25+08:00][info] 任务 66 第 869 次循环，重置群组 https://t.me/twogrqoup 消息状态
[2026-03-13T20:46:25+08:00][info] 使用当前发送用户 3472 的 session_path/www/wwwroot/tdata.tgbota.top/public/uploads/admin/202602/6997fc3070d84/819050054287/tdata/temp_8308580822.session
[2026-03-13T20:46:32+08:00][info] 返回:{"status":true,"message":"发送完成，成功1个，失败0个[]","data":{"success":[{"group_id":3895336513,"group_link":"https:\/\/t.me\/twogrqoup","type":"megagroup","message":"发送成功","message_id":8102}],"failed":[],"debug":["处理标识符: https:\/\/t.me\/twogrqoup, 清理后: https:\/\/t.me\/twogrqoup, 识别为链接: True, 识别为数字ID: False","已是群组成员，群组ID: 3895336513"],"warning":""},"api_address":"185.165.170.142:5042"}
[2026-03-13T20:46:32+08:00][info] 消息ID缓存成功: task_id=66, group_id=https://t.me/twogrqoup, msg_index=1, message_id=8102, send_user_id=3472
[2026-03-13T20:46:32+08:00][info] 消息状态标记为已发送: task_id=66, group_id=https://t.me/twogrqoup, msg_index=1
[2026-03-13T20:46:32+08:00][info] 任务 66 将在 30 秒后继续处理下一条消息，索引: 2, 实例ID: task_66_index_2_1773405992.1267
[2026-03-13T20:46:32+08:00][info] 开始处理队列任务: task_id=69, current_index=1029
[2026-03-13T20:46:32+08:00][info] 从数据库获取用户 4244 的 session_path
[2026-03-13T20:46:37+08:00][info] 返回:{"status":true,"message":"发送完成，成功1个，失败0个[]","data":{"success":[{"group_id":5072487869,"group_link":"https:\/\/t.me\/+9ZnJ_gHIFV41NzFh","type":"chat","message":"发送成功","message_id":1030}],"failed":[],"debug":["处理标识符: https:\/\/t.me\/+9ZnJ_gHIFV41NzFh, 清理后: https:\/\/t.me\/+9ZnJ_gHIFV41NzFh, 识别为链接: True, 识别为数字ID: False"],"warning":""},"api_address":"185.165.170.142:5029"}
[2026-03-13T20:46:37+08:00][info] 消息ID缓存成功: task_id=69, group_id=https://t.me/+9ZnJ_gHIFV41NzFh, msg_index=1029, message_id=1030, send_user_id=4244
[2026-03-13T20:46:37+08:00][info] 消息状态标记为已发送: task_id=69, group_id=https://t.me/+9ZnJ_gHIFV41NzFh, msg_index=1029
[2026-03-13T20:46:37+08:00][info] 任务 69 将在 100 秒后继续处理下一条消息，索引: 1030, 实例ID: task_69_index_1030_1773405997.7137
[2026-03-13T20:47:02+08:00][info] 开始处理队列任务: task_id=66, current_index=2
[2026-03-13T20:47:02+08:00][info] 消息缓存初始化完成: task_id=66, groups=https://t.me/twogrqoup
[2026-03-13T20:47:02+08:00][info] 任务 66 第 869 次循环，重置群组 https://t.me/twogrqoup 消息状态
[2026-03-13T20:47:02+08:00][info] 使用当前发送用户 3473 的 session_path/www/wwwroot/tdata.tgbota.top/public/uploads/admin/202602/6997fc3070d84/819054626431/tdata/temp_8503359249.session
[2026-03-13T20:47:08+08:00][info] 返回:{"status":true,"message":"发送完成，成功1个，失败0个[]","data":{"success":[{"group_id":3895336513,"group_link":"https:\/\/t.me\/twogrqoup","type":"megagroup","message":"发送成功","message_id":8103}],"failed":[],"debug":["处理标识符: https:\/\/t.me\/twogrqoup, 清理后: https:\/\/t.me\/twogrqoup, 识别为链接: True, 识别为数字ID: False","已是群组成员，群组ID: 3895336513"],"warning":""},"api_address":"185.165.170.142:5043"}
[2026-03-13T20:47:08+08:00][info] 消息ID缓存成功: task_id=66, group_id=https://t.me/twogrqoup, msg_index=2, message_id=8103, send_user_id=3473
[2026-03-13T20:47:08+08:00][info] 消息状态标记为已发送: task_id=66, group_id=https://t.me/twogrqoup, msg_index=2
[2026-03-13T20:47:08+08:00][info] 任务 66 将在 45 秒后继续处理下一条消息，索引: 3, 实例ID: task_66_index_3_1773406028.2232
[2026-03-13T20:47:53+08:00][info] 开始处理队列任务: task_id=66, current_index=3
[2026-03-13T20:47:53+08:00][info] 消息缓存初始化完成: task_id=66, groups=https://t.me/twogrqoup
[2026-03-13T20:47:53+08:00][info] 任务 66 第 869 次循环，重置群组 https://t.me/twogrqoup 消息状态
[2026-03-13T20:47:53+08:00][info] 使用当前发送用户 3469 的 session_path/www/wwwroot/tdata.tgbota.top/public/uploads/admin/202602/6997fc3070d84/819056965118/tdata/temp_8418493902.session
[2026-03-13T20:47:59+08:00][info] 返回:{"status":true,"message":"发送完成，成功1个，失败0个[]","data":{"success":[{"group_id":3895336513,"group_link":"https:\/\/t.me\/twogrqoup","type":"megagroup","message":"发送成功","message_id":8104}],"failed":[],"debug":["处理标识符: https:\/\/t.me\/twogrqoup, 清理后: https:\/\/t.me\/twogrqoup, 识别为链接: True, 识别为数字ID: False","已是群组成员，群组ID: 3895336513"],"warning":""},"api_address":"185.165.170.142:5062"}
[2026-03-13T20:47:59+08:00][info] 消息ID缓存成功: task_id=66, group_id=https://t.me/twogrqoup, msg_index=3, message_id=8104, send_user_id=3469
[2026-03-13T20:47:59+08:00][info] 消息状态标记为已发送: task_id=66, group_id=https://t.me/twogrqoup, msg_index=3
[2026-03-13T20:47:59+08:00][info] 任务 66 将在 20 秒后继续处理下一条消息，索引: 4, 实例ID: task_66_index_4_1773406079.6961
[2026-03-13T20:48:17+08:00][info] 开始处理队列任务: task_id=69, current_index=1030
[2026-03-13T20:48:17+08:00][info] 使用消息配置中指定的用户 4243 的 session_path/www/wwwroot/tdata.tgbota.top/public/uploads/admin/202603/69b10fe00169d/13528411477/tdata/temp_8338895902.session
[2026-03-13T20:48:19+08:00][info] 开始处理队列任务: task_id=66, current_index=4
[2026-03-13T20:48:19+08:00][info] 消息缓存初始化完成: task_id=66, groups=https://t.me/twogrqoup
[2026-03-13T20:48:19+08:00][info] 任务 66 第 869 次循环，重置群组 https://t.me/twogrqoup 消息状态
[2026-03-13T20:48:19+08:00][info] 使用当前发送用户 3471 的 session_path/www/wwwroot/tdata.tgbota.top/public/uploads/admin/202602/6997fc3070d84/819089723520/tdata/temp_8574369010.session
[2026-03-13T20:48:23+08:00][info] 返回:{"status":true,"message":"发送完成，成功1个，失败0个[]","data":{"success":[{"group_id":5072487869,"group_link":"https:\/\/t.me\/+9ZnJ_gHIFV41NzFh","type":"chat","message":"发送成功","message_id":1029}],"failed":[],"debug":["处理标识符: https:\/\/t.me\/+9ZnJ_gHIFV41NzFh, 清理后: https:\/\/t.me\/+9ZnJ_gHIFV41NzFh, 识别为链接: True, 识别为数字ID: False"],"warning":""},"api_address":"185.165.170.142:5028"}
[2026-03-13T20:48:23+08:00][info] 消息ID缓存成功: task_id=69, group_id=https://t.me/+9ZnJ_gHIFV41NzFh, msg_index=1030, message_id=1029, send_user_id=4243
[2026-03-13T20:48:23+08:00][info] 消息状态标记为已发送: task_id=69, group_id=https://t.me/+9ZnJ_gHIFV41NzFh, msg_index=1030
[2026-03-13T20:48:23+08:00][info] 任务 69 将在 110 秒后继续处理下一条消息，索引: 1031, 实例ID: task_69_index_1031_1773406103.4289
[2026-03-13T20:48:25+08:00][info] 返回:{"status":true,"message":"发送完成，成功1个，失败0个[]","data":{"success":[{"group_id":3895336513,"group_link":"https:\/\/t.me\/twogrqoup","type":"megagroup","message":"发送成功","message_id":8105}],"failed":[],"debug":["处理标识符: https:\/\/t.me\/twogrqoup, 清理后: https:\/\/t.me\/twogrqoup, 识别为链接: True, 识别为数字ID: False","已是群组成员，群组ID: 3895336513"],"warning":""},"api_address":"185.165.170.142:5023"}
[2026-03-13T20:48:25+08:00][info] 消息ID缓存成功: task_id=66, group_id=https://t.me/twogrqoup, msg_index=4, message_id=8105, send_user_id=3471
[2026-03-13T20:48:25+08:00][info] 消息状态标记为已发送: task_id=66, group_id=https://t.me/twogrqoup, msg_index=4
[2026-03-13T20:48:25+08:00][info] 任务 66 将在 26 秒后继续处理下一条消息，索引: 5, 实例ID: task_66_index_5_1773406105.999
[2026-03-13T20:48:51+08:00][info] 开始处理队列任务: task_id=66, current_index=5
[2026-03-13T20:48:51+08:00][info] 消息缓存初始化完成: task_id=66, groups=https://t.me/twogrqoup
[2026-03-13T20:48:51+08:00][info] 任务 66 第 869 次循环，重置群组 https://t.me/twogrqoup 消息状态
[2026-03-13T20:48:51+08:00][info] 使用当前发送用户 3469 的 session_path/www/wwwroot/tdata.tgbota.top/public/uploads/admin/202602/6997fc3070d84/819056965118/tdata/temp_8418493902.session
[2026-03-13T20:48:58+08:00][info] 返回:{"status":true,"message":"发送完成，成功1个，失败0个[]","data":{"success":[{"group_id":3895336513,"group_link":"https:\/\/t.me\/twogrqoup","type":"megagroup","message":"发送成功","message_id":8106}],"failed":[],"debug":["处理标识符: https:\/\/t.me\/twogrqoup, 清理后: https:\/\/t.me\/twogrqoup, 识别为链接: True, 识别为数字ID: False","已是群组成员，群组ID: 3895336513"],"warning":""},"api_address":"185.165.170.142:5062"}
[2026-03-13T20:48:58+08:00][info] 消息ID缓存成功: task_id=66, group_id=https://t.me/twogrqoup, msg_index=5, message_id=8106, send_user_id=3469
[2026-03-13T20:48:58+08:00][info] 消息状态标记为已发送: task_id=66, group_id=https://t.me/twogrqoup, msg_index=5
[2026-03-13T20:48:58+08:00][info] 任务 66 将在 27 秒后继续处理下一条消息，索引: 6, 实例ID: task_66_index_6_1773406138.1855
[2026-03-13T20:49:25+08:00][info] 开始处理队列任务: task_id=66, current_index=6
[2026-03-13T20:49:25+08:00][info] 消息缓存初始化完成: task_id=66, groups=https://t.me/twogrqoup
[2026-03-13T20:49:25+08:00][info] 任务 66 第 869 次循环，重置群组 https://t.me/twogrqoup 消息状态
[2026-03-13T20:49:25+08:00][info] 使用当前发送用户 3471 的 session_path/www/wwwroot/tdata.tgbota.top/public/uploads/admin/202602/6997fc3070d84/819089723520/tdata/temp_8574369010.session
[2026-03-13T20:49:32+08:00][info] 返回:{"status":true,"message":"发送完成，成功1个，失败0个[]","data":{"success":[{"group_id":3895336513,"group_link":"https:\/\/t.me\/twogrqoup","type":"megagroup","message":"发送成功","message_id":8107}],"failed":[],"debug":["处理标识符: https:\/\/t.me\/twogrqoup, 清理后: https:\/\/t.me\/twogrqoup, 识别为链接: True, 识别为数字ID: False","已是群组成员，群组ID: 3895336513"],"warning":""},"api_address":"185.165.170.142:5023"}
[2026-03-13T20:49:32+08:00][info] 消息ID缓存成功: task_id=66, group_id=https://t.me/twogrqoup, msg_index=6, message_id=8107, send_user_id=3471
[2026-03-13T20:49:32+08:00][info] 消息状态标记为已发送: task_id=66, group_id=https://t.me/twogrqoup, msg_index=6
[2026-03-13T20:49:32+08:00][info] 任务 66 将在 13 秒后继续处理下一条消息，索引: 7, 实例ID: task_66_index_7_1773406172.5365
[2026-03-13T20:49:45+08:00][info] 开始处理队列任务: task_id=66, current_index=7
[2026-03-13T20:49:45+08:00][info] 消息缓存初始化完成: task_id=66, groups=https://t.me/twogrqoup
[2026-03-13T20:49:45+08:00][info] 任务 66 第 869 次循环，重置群组 https://t.me/twogrqoup 消息状态
[2026-03-13T20:49:45+08:00][info] 使用当前发送用户 3471 的 session_path/www/wwwroot/tdata.tgbota.top/public/uploads/admin/202602/6997fc3070d84/819089723520/tdata/temp_8574369010.session
[2026-03-13T20:49:53+08:00][info] 返回:{"status":true,"message":"发送完成，成功1个，失败0个[]","data":{"success":[{"group_id":3895336513,"group_link":"https:\/\/t.me\/twogrqoup","type":"megagroup","message":"发送成功","message_id":8108}],"failed":[],"debug":["处理标识符: https:\/\/t.me\/twogrqoup, 清理后: https:\/\/t.me\/twogrqoup, 识别为链接: True, 识别为数字ID: False","已是群组成员，群组ID: 3895336513"],"warning":""},"api_address":"185.165.170.142:5023"}
[2026-03-13T20:49:53+08:00][info] 消息ID缓存成功: task_id=66, group_id=https://t.me/twogrqoup, msg_index=7, message_id=8108, send_user_id=3471
[2026-03-13T20:49:53+08:00][info] 消息状态标记为已发送: task_id=66, group_id=https://t.me/twogrqoup, msg_index=7
[2026-03-13T20:49:53+08:00][info] 任务 66 将在 26 秒后继续处理下一条消息，索引: 8, 实例ID: task_66_index_8_1773406193.7532
[2026-03-13T20:50:13+08:00][info] 开始处理队列任务: task_id=69, current_index=1031
[2026-03-13T20:50:13+08:00][info] 使用消息配置中指定的用户 4242 的 session_path/www/wwwroot/tdata.tgbota.top/public/uploads/admin/202603/69b10fe00169d/13643662660/tdata/temp_8134209522.session
[2026-03-13T20:50:19+08:00][info] 返回:{"status":true,"message":"发送完成，成功1个，失败0个[]","data":{"success":[{"group_id":5072487869,"group_link":"https:\/\/t.me\/+9ZnJ_gHIFV41NzFh","type":"chat","message":"发送成功","message_id":1028}],"failed":[],"debug":["处理标识符: https:\/\/t.me\/+9ZnJ_gHIFV41NzFh, 清理后: https:\/\/t.me\/+9ZnJ_gHIFV41NzFh, 识别为链接: True, 识别为数字ID: False"],"warning":""},"api_address":"185.165.170.142:5027"}
[2026-03-13T20:50:19+08:00][info] 消息ID缓存成功: task_id=69, group_id=https://t.me/+9ZnJ_gHIFV41NzFh, msg_index=1031, message_id=1028, send_user_id=4242
[2026-03-13T20:50:19+08:00][info] 消息状态标记为已发送: task_id=69, group_id=https://t.me/+9ZnJ_gHIFV41NzFh, msg_index=1031
[2026-03-13T20:50:19+08:00][info] 任务 69 将在 82 秒后继续处理下一条消息，索引: 1032, 实例ID: task_69_index_1032_1773406219.2556
[2026-03-13T20:50:19+08:00][info] 开始处理队列任务: task_id=66, current_index=8
[2026-03-13T20:50:19+08:00][info] 消息缓存初始化完成: task_id=66, groups=https://t.me/twogrqoup
[2026-03-13T20:50:19+08:00][info] 任务 66 第 869 次循环，重置群组 https://t.me/twogrqoup 消息状态
[2026-03-13T20:50:19+08:00][info] 使用当前发送用户 3469 的 session_path/www/wwwroot/tdata.tgbota.top/public/uploads/admin/202602/6997fc3070d84/819056965118/tdata/temp_8418493902.session
[2026-03-13T20:50:25+08:00][info] 返回:{"status":true,"message":"发送完成，成功1个，失败0个[]","data":{"success":[{"group_id":3895336513,"group_link":"https:\/\/t.me\/twogrqoup","type":"megagroup","message":"发送成功","message_id":8109}],"failed":[],"debug":["处理标识符: https:\/\/t.me\/twogrqoup, 清理后: https:\/\/t.me\/twogrqoup, 识别为链接: True, 识别为数字ID: False","已是群组成员，群组ID: 3895336513"],"warning":""},"api_address":"185.165.170.142:5062"}
[2026-03-13T20:50:25+08:00][info] 消息ID缓存成功: task_id=66, group_id=https://t.me/twogrqoup, msg_index=8, message_id=8109, send_user_id=3469
[2026-03-13T20:50:25+08:00][info] 消息状态标记为已发送: task_id=66, group_id=https://t.me/twogrqoup, msg_index=8
[2026-03-13T20:50:25+08:00][info] 任务 66 将在 30 秒后继续处理下一条消息，索引: 9, 实例ID: task_66_index_9_1773406225.6172
[2026-03-13T20:50:55+08:00][info] 开始处理队列任务: task_id=66, current_index=9
[2026-03-13T20:50:55+08:00][info] 消息缓存初始化完成: task_id=66, groups=https://t.me/twogrqoup
[2026-03-13T20:50:55+08:00][info] 任务 66 第 869 次循环，重置群组 https://t.me/twogrqoup 消息状态
[2026-03-13T20:50:55+08:00][info] 任务 66 第 869 轮完成，准备进行第 870 轮
[2026-03-13T20:50:55+08:00][info] 任务 66 即将为下一轮重新入队，延迟 5 秒，从索引 0 开始
[2026-03-13T20:51:00+08:00][info] 开始处理队列任务: task_id=66, current_index=0
[2026-03-13T20:51:00+08:00][info] 消息缓存初始化完成: task_id=66, groups=https://t.me/twogrqoup
[2026-03-13T20:51:00+08:00][info] 任务 66 第 870 次循环，重置群组 https://t.me/twogrqoup 消息状态
[2026-03-13T20:51:00+08:00][info] 使用当前发送用户 3469 的 session_path/www/wwwroot/tdata.tgbota.top/public/uploads/admin/202602/6997fc3070d84/819056965118/tdata/temp_8418493902.session
[2026-03-13T20:51:07+08:00][info] 返回:{"status":true,"message":"发送完成，成功1个，失败0个[]","data":{"success":[{"group_id":3895336513,"group_link":"https:\/\/t.me\/twogrqoup","type":"megagroup","message":"发送成功","message_id":8110}],"failed":[],"debug":["处理标识符: https:\/\/t.me\/twogrqoup, 清理后: https:\/\/t.me\/twogrqoup, 识别为链接: True, 识别为数字ID: False","已是群组成员，群组ID: 3895336513"],"warning":""},"api_address":"185.165.170.142:5062"}
[2026-03-13T20:51:07+08:00][info] 消息ID缓存成功: task_id=66, group_id=https://t.me/twogrqoup, msg_index=0, message_id=8110, send_user_id=3469
[2026-03-13T20:51:07+08:00][info] 消息状态标记为已发送: task_id=66, group_id=https://t.me/twogrqoup, msg_index=0
[2026-03-13T20:51:07+08:00][info] 任务 66 将在 15 秒后继续处理下一条消息，索引: 1, 实例ID: task_66_index_1_1773406267.5524
[2026-03-13T20:51:22+08:00][info] 开始处理队列任务: task_id=66, current_index=1
[2026-03-13T20:51:22+08:00][info] 消息缓存初始化完成: task_id=66, groups=https://t.me/twogrqoup
[2026-03-13T20:51:22+08:00][info] 任务 66 第 870 次循环，重置群组 https://t.me/twogrqoup 消息状态
[2026-03-13T20:51:22+08:00][info] 使用当前发送用户 3472 的 session_path/www/wwwroot/tdata.tgbota.top/public/uploads/admin/202602/6997fc3070d84/819050054287/tdata/temp_8308580822.session
[2026-03-13T20:51:28+08:00][info] 返回:{"status":true,"message":"发送完成，成功1个，失败0个[]","data":{"success":[{"group_id":3895336513,"group_link":"https:\/\/t.me\/twogrqoup","type":"megagroup","message":"发送成功","message_id":8111}],"failed":[],"debug":["处理标识符: https:\/\/t.me\/twogrqoup, 清理后: https:\/\/t.me\/twogrqoup, 识别为链接: True, 识别为数字ID: False","已是群组成员，群组ID: 3895336513"],"warning":""},"api_address":"185.165.170.142:5042"}
[2026-03-13T20:51:28+08:00][info] 消息ID缓存成功: task_id=66, group_id=https://t.me/twogrqoup, msg_index=1, message_id=8111, send_user_id=3472
[2026-03-13T20:51:28+08:00][info] 消息状态标记为已发送: task_id=66, group_id=https://t.me/twogrqoup, msg_index=1
[2026-03-13T20:51:28+08:00][info] 任务 66 将在 30 秒后继续处理下一条消息，索引: 2, 实例ID: task_66_index_2_1773406288.4718
[2026-03-13T20:51:41+08:00][info] 开始处理队列任务: task_id=69, current_index=1032
[2026-03-13T20:51:41+08:00][info] 使用消息配置中指定的用户 4242 的 session_path/www/wwwroot/tdata.tgbota.top/public/uploads/admin/202603/69b10fe00169d/13643662660/tdata/temp_8134209522.session
[2026-03-13T20:51:47+08:00][info] 返回:{"status":true,"message":"发送完成，成功1个，失败0个[]","data":{"success":[{"group_id":5072487869,"group_link":"https:\/\/t.me\/+9ZnJ_gHIFV41NzFh","type":"chat","message":"发送成功","message_id":1029}],"failed":[],"debug":["处理标识符: https:\/\/t.me\/+9ZnJ_gHIFV41NzFh, 清理后: https:\/\/t.me\/+9ZnJ_gHIFV41NzFh, 识别为链接: True, 识别为数字ID: False"],"warning":""},"api_address":"185.165.170.142:5027"}
[2026-03-13T20:51:47+08:00][info] 消息ID缓存成功: task_id=69, group_id=https://t.me/+9ZnJ_gHIFV41NzFh, msg_index=1032, message_id=1029, send_user_id=4242
[2026-03-13T20:51:47+08:00][info] 消息状态标记为已发送: task_id=69, group_id=https://t.me/+9ZnJ_gHIFV41NzFh, msg_index=1032
[2026-03-13T20:51:47+08:00][info] 任务 69 将在 83 秒后继续处理下一条消息，索引: 1033, 实例ID: task_69_index_1033_1773406307.5591
[2026-03-13T20:51:58+08:00][info] 开始处理队列任务: task_id=66, current_index=2
[2026-03-13T20:51:58+08:00][info] 消息缓存初始化完成: task_id=66, groups=https://t.me/twogrqoup
[2026-03-13T20:51:58+08:00][info] 任务 66 第 870 次循环，重置群组 https://t.me/twogrqoup 消息状态
[2026-03-13T20:51:58+08:00][info] 使用当前发送用户 3473 的 session_path/www/wwwroot/tdata.tgbota.top/public/uploads/admin/202602/6997fc3070d84/819054626431/tdata/temp_8503359249.session
[2026-03-13T20:52:04+08:00][info] 返回:{"status":true,"message":"发送完成，成功1个，失败0个[]","data":{"success":[{"group_id":3895336513,"group_link":"https:\/\/t.me\/twogrqoup","type":"megagroup","message":"发送成功","message_id":8112}],"failed":[],"debug":["处理标识符: https:\/\/t.me\/twogrqoup, 清理后: https:\/\/t.me\/twogrqoup, 识别为链接: True, 识别为数字ID: False","已是群组成员，群组ID: 3895336513"],"warning":""},"api_address":"185.165.170.142:5043"}
[2026-03-13T20:52:04+08:00][info] 消息ID缓存成功: task_id=66, group_id=https://t.me/twogrqoup, msg_index=2, message_id=8112, send_user_id=3473
[2026-03-13T20:52:04+08:00][info] 消息状态标记为已发送: task_id=66, group_id=https://t.me/twogrqoup, msg_index=2
[2026-03-13T20:52:04+08:00][info] 任务 66 将在 45 秒后继续处理下一条消息，索引: 3, 实例ID: task_66_index_3_1773406324.4867
[2026-03-13T20:52:49+08:00][info] 开始处理队列任务: task_id=66, current_index=3
[2026-03-13T20:52:49+08:00][info] 消息缓存初始化完成: task_id=66, groups=https://t.me/twogrqoup
[2026-03-13T20:52:49+08:00][info] 任务 66 第 870 次循环，重置群组 https://t.me/twogrqoup 消息状态
[2026-03-13T20:52:49+08:00][info] 使用当前发送用户 3469 的 session_path/www/wwwroot/tdata.tgbota.top/public/uploads/admin/202602/6997fc3070d84/819056965118/tdata/temp_8418493902.session
[2026-03-13T20:52:56+08:00][info] 返回:{"status":true,"message":"发送完成，成功1个，失败0个[]","data":{"success":[{"group_id":3895336513,"group_link":"https:\/\/t.me\/twogrqoup","type":"megagroup","message":"发送成功","message_id":8113}],"failed":[],"debug":["处理标识符: https:\/\/t.me\/twogrqoup, 清理后: https:\/\/t.me\/twogrqoup, 识别为链接: True, 识别为数字ID: False","已是群组成员，群组ID: 3895336513"],"warning":""},"api_address":"185.165.170.142:5062"}
[2026-03-13T20:52:56+08:00][info] 消息ID缓存成功: task_id=66, group_id=https://t.me/twogrqoup, msg_index=3, message_id=8113, send_user_id=3469
[2026-03-13T20:52:56+08:00][info] 消息状态标记为已发送: task_id=66, group_id=https://t.me/twogrqoup, msg_index=3
[2026-03-13T20:52:56+08:00][info] 任务 66 将在 20 秒后继续处理下一条消息，索引: 4, 实例ID: task_66_index_4_1773406376.6273
[2026-03-13T20:53:10+08:00][info] 开始处理队列任务: task_id=69, current_index=1033
[2026-03-13T20:53:10+08:00][info] 使用消息配置中指定的用户 4241 的 session_path/www/wwwroot/tdata.tgbota.top/public/uploads/admin/202603/69b10fe00169d/13525689534/tdata/temp_8404156247.session
[2026-03-13T20:53:15+08:00][info] 返回:{"status":true,"message":"发送完成，成功1个，失败0个[]","data":{"success":[{"group_id":5072487869,"group_link":"https:\/\/t.me\/+9ZnJ_gHIFV41NzFh","type":"chat","message":"发送成功","message_id":1028}],"failed":[],"debug":["处理标识符: https:\/\/t.me\/+9ZnJ_gHIFV41NzFh, 清理后: https:\/\/t.me\/+9ZnJ_gHIFV41NzFh, 识别为链接: True, 识别为数字ID: False"],"warning":""},"api_address":"185.165.170.142:5026"}
[2026-03-13T20:53:15+08:00][info] 消息ID缓存成功: task_id=69, group_id=https://t.me/+9ZnJ_gHIFV41NzFh, msg_index=1033, message_id=1028, send_user_id=4241
[2026-03-13T20:53:15+08:00][info] 消息状态标记为已发送: task_id=69, group_id=https://t.me/+9ZnJ_gHIFV41NzFh, msg_index=1033
[2026-03-13T20:53:15+08:00][info] 任务 69 将在 90 秒后继续处理下一条消息，索引: 1034, 实例ID: task_69_index_1034_1773406395.726
[2026-03-13T20:53:16+08:00][info] 开始处理队列任务: task_id=66, current_index=4
[2026-03-13T20:53:16+08:00][info] 消息缓存初始化完成: task_id=66, groups=https://t.me/twogrqoup
[2026-03-13T20:53:16+08:00][info] 任务 66 第 870 次循环，重置群组 https://t.me/twogrqoup 消息状态
[2026-03-13T20:53:16+08:00][info] 使用当前发送用户 3471 的 session_path/www/wwwroot/tdata.tgbota.top/public/uploads/admin/202602/6997fc3070d84/819089723520/tdata/temp_8574369010.session
[2026-03-13T20:53:21+08:00][info] 返回:{"status":true,"message":"发送完成，成功1个，失败0个[]","data":{"success":[{"group_id":3895336513,"group_link":"https:\/\/t.me\/twogrqoup","type":"megagroup","message":"发送成功","message_id":8114}],"failed":[],"debug":["处理标识符: https:\/\/t.me\/twogrqoup, 清理后: https:\/\/t.me\/twogrqoup, 识别为链接: True, 识别为数字ID: False","已是群组成员，群组ID: 3895336513"],"warning":""},"api_address":"185.165.170.142:5023"}
[2026-03-13T20:53:21+08:00][info] 消息ID缓存成功: task_id=66, group_id=https://t.me/twogrqoup, msg_index=4, message_id=8114, send_user_id=3471
[2026-03-13T20:53:21+08:00][info] 消息状态标记为已发送: task_id=66, group_id=https://t.me/twogrqoup, msg_index=4
[2026-03-13T20:53:21+08:00][info] 任务 66 将在 26 秒后继续处理下一条消息，索引: 5, 实例ID: task_66_index_5_1773406401.9607
[2026-03-13T20:53:47+08:00][info] 开始处理队列任务: task_id=66, current_index=5
[2026-03-13T20:53:47+08:00][info] 消息缓存初始化完成: task_id=66, groups=https://t.me/twogrqoup
[2026-03-13T20:53:47+08:00][info] 任务 66 第 870 次循环，重置群组 https://t.me/twogrqoup 消息状态
[2026-03-13T20:53:47+08:00][info] 使用当前发送用户 3469 的 session_path/www/wwwroot/tdata.tgbota.top/public/uploads/admin/202602/6997fc3070d84/819056965118/tdata/temp_8418493902.session
[2026-03-13T20:53:52+08:00][info] 返回:{"status":true,"message":"发送完成，成功1个，失败0个[]","data":{"success":[{"group_id":3895336513,"group_link":"https:\/\/t.me\/twogrqoup","type":"megagroup","message":"发送成功","message_id":8115}],"failed":[],"debug":["处理标识符: https:\/\/t.me\/twogrqoup, 清理后: https:\/\/t.me\/twogrqoup, 识别为链接: True, 识别为数字ID: False","已是群组成员，群组ID: 3895336513"],"warning":""},"api_address":"185.165.170.142:5062"}
[2026-03-13T20:53:52+08:00][info] 消息ID缓存成功: task_id=66, group_id=https://t.me/twogrqoup, msg_index=5, message_id=8115, send_user_id=3469
[2026-03-13T20:53:52+08:00][info] 消息状态标记为已发送: task_id=66, group_id=https://t.me/twogrqoup, msg_index=5
[2026-03-13T20:53:52+08:00][info] 任务 66 将在 27 秒后继续处理下一条消息，索引: 6, 实例ID: task_66_index_6_1773406432.4381
[2026-03-13T20:54:19+08:00][info] 开始处理队列任务: task_id=66, current_index=6
[2026-03-13T20:54:19+08:00][info] 消息缓存初始化完成: task_id=66, groups=https://t.me/twogrqoup
[2026-03-13T20:54:19+08:00][info] 任务 66 第 870 次循环，重置群组 https://t.me/twogrqoup 消息状态
[2026-03-13T20:54:19+08:00][info] 使用当前发送用户 3471 的 session_path/www/wwwroot/tdata.tgbota.top/public/uploads/admin/202602/6997fc3070d84/819089723520/tdata/temp_8574369010.session
[2026-03-13T20:54:26+08:00][info] 返回:{"status":true,"message":"发送完成，成功1个，失败0个[]","data":{"success":[{"group_id":3895336513,"group_link":"https:\/\/t.me\/twogrqoup","type":"megagroup","message":"发送成功","message_id":8116}],"failed":[],"debug":["处理标识符: https:\/\/t.me\/twogrqoup, 清理后: https:\/\/t.me\/twogrqoup, 识别为链接: True, 识别为数字ID: False","已是群组成员，群组ID: 3895336513"],"warning":""},"api_address":"185.165.170.142:5023"}
[2026-03-13T20:54:26+08:00][info] 消息ID缓存成功: task_id=66, group_id=https://t.me/twogrqoup, msg_index=6, message_id=8116, send_user_id=3471
[2026-03-13T20:54:26+08:00][info] 消息状态标记为已发送: task_id=66, group_id=https://t.me/twogrqoup, msg_index=6
[2026-03-13T20:54:26+08:00][info] 任务 66 将在 13 秒后继续处理下一条消息，索引: 7, 实例ID: task_66_index_7_1773406466.4179
[2026-03-13T20:54:39+08:00][info] 开始处理队列任务: task_id=66, current_index=7
[2026-03-13T20:54:39+08:00][info] 消息缓存初始化完成: task_id=66, groups=https://t.me/twogrqoup
[2026-03-13T20:54:39+08:00][info] 任务 66 第 870 次循环，重置群组 https://t.me/twogrqoup 消息状态
[2026-03-13T20:54:39+08:00][info] 使用当前发送用户 3471 的 session_path/www/wwwroot/tdata.tgbota.top/public/uploads/admin/202602/6997fc3070d84/819089723520/tdata/temp_8574369010.session
[2026-03-13T20:54:46+08:00][info] 开始处理队列任务: task_id=69, current_index=1034
[2026-03-13T20:54:46+08:00][info] 使用当前发送用户 4239 的 session_path/www/wwwroot/tdata.tgbota.top/public/uploads/admin/202603/69b10fe00169d/13376377324/tdata/temp_8582856958.session
[2026-03-13T20:54:47+08:00][info] 返回:{"status":true,"message":"发送完成，成功1个，失败0个[]","data":{"success":[{"group_id":3895336513,"group_link":"https:\/\/t.me\/twogrqoup","type":"megagroup","message":"发送成功","message_id":8117}],"failed":[],"debug":["处理标识符: https:\/\/t.me\/twogrqoup, 清理后: https:\/\/t.me\/twogrqoup, 识别为链接: True, 识别为数字ID: False","已是群组成员，群组ID: 3895336513"],"warning":""},"api_address":"185.165.170.142:5023"}
[2026-03-13T20:54:47+08:00][info] 消息ID缓存成功: task_id=66, group_id=https://t.me/twogrqoup, msg_index=7, message_id=8117, send_user_id=3471
[2026-03-13T20:54:47+08:00][info] 消息状态标记为已发送: task_id=66, group_id=https://t.me/twogrqoup, msg_index=7
[2026-03-13T20:54:47+08:00][info] 任务 66 将在 26 秒后继续处理下一条消息，索引: 8, 实例ID: task_66_index_8_1773406487.5885
[2026-03-13T20:54:51+08:00][info] 返回:{"status":true,"message":"发送完成，成功1个，失败0个[]","data":{"success":[{"group_id":5072487869,"group_link":"https:\/\/t.me\/+9ZnJ_gHIFV41NzFh","type":"chat","message":"发送成功","message_id":1024}],"failed":[],"debug":["处理标识符: https:\/\/t.me\/+9ZnJ_gHIFV41NzFh, 清理后: https:\/\/t.me\/+9ZnJ_gHIFV41NzFh, 识别为链接: True, 识别为数字ID: False"],"warning":""},"api_address":"185.165.170.142:5024"}
[2026-03-13T20:54:51+08:00][info] 消息ID缓存成功: task_id=69, group_id=https://t.me/+9ZnJ_gHIFV41NzFh, msg_index=1034, message_id=1024, send_user_id=4239
[2026-03-13T20:54:51+08:00][info] 消息状态标记为已发送: task_id=69, group_id=https://t.me/+9ZnJ_gHIFV41NzFh, msg_index=1034
[2026-03-13T20:54:51+08:00][info] 任务 69 将在 110 秒后继续处理下一条消息，索引: 1035, 实例ID: task_69_index_1035_1773406491.4869
[2026-03-13T20:55:14+08:00][info] 开始处理队列任务: task_id=66, current_index=8
[2026-03-13T20:55:14+08:00][info] 消息缓存初始化完成: task_id=66, groups=https://t.me/twogrqoup
[2026-03-13T20:55:14+08:00][info] 任务 66 第 870 次循环，重置群组 https://t.me/twogrqoup 消息状态
[2026-03-13T20:55:14+08:00][info] 使用当前发送用户 3469 的 session_path/www/wwwroot/tdata.tgbota.top/public/uploads/admin/202602/6997fc3070d84/819056965118/tdata/temp_8418493902.session
[2026-03-13T20:55:20+08:00][info] 返回:{"status":true,"message":"发送完成，成功1个，失败0个[]","data":{"success":[{"group_id":3895336513,"group_link":"https:\/\/t.me\/twogrqoup","type":"megagroup","message":"发送成功","message_id":8118}],"failed":[],"debug":["处理标识符: https:\/\/t.me\/twogrqoup, 清理后: https:\/\/t.me\/twogrqoup, 识别为链接: True, 识别为数字ID: False","已是群组成员，群组ID: 3895336513"],"warning":""},"api_address":"185.165.170.142:5062"}
[2026-03-13T20:55:20+08:00][info] 消息ID缓存成功: task_id=66, group_id=https://t.me/twogrqoup, msg_index=8, message_id=8118, send_user_id=3469
[2026-03-13T20:55:20+08:00][info] 消息状态标记为已发送: task_id=66, group_id=https://t.me/twogrqoup, msg_index=8
[2026-03-13T20:55:20+08:00][info] 任务 66 将在 30 秒后继续处理下一条消息，索引: 9, 实例ID: task_66_index_9_1773406520.4652
[2026-03-13T20:55:50+08:00][info] 开始处理队列任务: task_id=66, current_index=9
[2026-03-13T20:55:50+08:00][info] 消息缓存初始化完成: task_id=66, groups=https://t.me/twogrqoup
[2026-03-13T20:55:50+08:00][info] 任务 66 第 870 次循环，重置群组 https://t.me/twogrqoup 消息状态
[2026-03-13T20:55:50+08:00][info] 任务 66 第 870 轮完成，准备进行第 871 轮
[2026-03-13T20:55:50+08:00][info] 任务 66 即将为下一轮重新入队，延迟 5 秒，从索引 0 开始
[2026-03-13T20:55:56+08:00][info] 开始处理队列任务: task_id=66, current_index=0
[2026-03-13T20:55:56+08:00][info] 消息缓存初始化完成: task_id=66, groups=https://t.me/twogrqoup
[2026-03-13T20:55:56+08:00][info] 任务 66 第 871 次循环，重置群组 https://t.me/twogrqoup 消息状态
[2026-03-13T20:55:56+08:00][info] 使用当前发送用户 3469 的 session_path/www/wwwroot/tdata.tgbota.top/public/uploads/admin/202602/6997fc3070d84/819056965118/tdata/temp_8418493902.session
[2026-03-13T20:56:04+08:00][info] 返回:{"status":true,"message":"发送完成，成功1个，失败0个[]","data":{"success":[{"group_id":3895336513,"group_link":"https:\/\/t.me\/twogrqoup","type":"megagroup","message":"发送成功","message_id":8119}],"failed":[],"debug":["处理标识符: https:\/\/t.me\/twogrqoup, 清理后: https:\/\/t.me\/twogrqoup, 识别为链接: True, 识别为数字ID: False","已是群组成员，群组ID: 3895336513"],"warning":""},"api_address":"185.165.170.142:5062"}
[2026-03-13T20:56:04+08:00][info] 消息ID缓存成功: task_id=66, group_id=https://t.me/twogrqoup, msg_index=0, message_id=8119, send_user_id=3469
[2026-03-13T20:56:04+08:00][info] 消息状态标记为已发送: task_id=66, group_id=https://t.me/twogrqoup, msg_index=0
[2026-03-13T20:56:04+08:00][info] 任务 66 将在 15 秒后继续处理下一条消息，索引: 1, 实例ID: task_66_index_1_1773406564.0737
[2026-03-13T20:56:19+08:00][info] 开始处理队列任务: task_id=66, current_index=1
[2026-03-13T20:56:19+08:00][info] 消息缓存初始化完成: task_id=66, groups=https://t.me/twogrqoup
[2026-03-13T20:56:19+08:00][info] 任务 66 第 871 次循环，重置群组 https://t.me/twogrqoup 消息状态
[2026-03-13T20:56:19+08:00][info] 使用当前发送用户 3472 的 session_path/www/wwwroot/tdata.tgbota.top/public/uploads/admin/202602/6997fc3070d84/819050054287/tdata/temp_8308580822.session
[2026-03-13T20:56:27+08:00][info] 返回:{"status":true,"message":"发送完成，成功1个，失败0个[]","data":{"success":[{"group_id":3895336513,"group_link":"https:\/\/t.me\/twogrqoup","type":"megagroup","message":"发送成功","message_id":8120}],"failed":[],"debug":["处理标识符: https:\/\/t.me\/twogrqoup, 清理后: https:\/\/t.me\/twogrqoup, 识别为链接: True, 识别为数字ID: False","已是群组成员，群组ID: 3895336513"],"warning":""},"api_address":"185.165.170.142:5042"}
[2026-03-13T20:56:27+08:00][info] 消息ID缓存成功: task_id=66, group_id=https://t.me/twogrqoup, msg_index=1, message_id=8120, send_user_id=3472
[2026-03-13T20:56:27+08:00][info] 消息状态标记为已发送: task_id=66, group_id=https://t.me/twogrqoup, msg_index=1
[2026-03-13T20:56:27+08:00][info] 任务 66 将在 30 秒后继续处理下一条消息，索引: 2, 实例ID: task_66_index_2_1773406587.0874
[2026-03-13T20:56:41+08:00][info] 开始处理队列任务: task_id=69, current_index=1035
[2026-03-13T20:56:41+08:00][info] 使用当前发送用户 4238 的 session_path/www/wwwroot/tdata.tgbota.top/public/uploads/admin/202603/69b10fe00169d/13513524987/tdata/temp_8437054734.session
[2026-03-13T20:56:45+08:00][info] 返回:{"status":true,"message":"发送完成，成功1个，失败0个[]","data":{"success":[{"group_id":5072487869,"group_link":"https:\/\/t.me\/+9ZnJ_gHIFV41NzFh","type":"chat","message":"发送成功","message_id":1023}],"failed":[],"debug":["处理标识符: https:\/\/t.me\/+9ZnJ_gHIFV41NzFh, 清理后: https:\/\/t.me\/+9ZnJ_gHIFV41NzFh, 识别为链接: True, 识别为数字ID: False"],"warning":""},"api_address":"185.165.170.142:5023"}
[2026-03-13T20:56:45+08:00][info] 消息ID缓存成功: task_id=69, group_id=https://t.me/+9ZnJ_gHIFV41NzFh, msg_index=1035, message_id=1023, send_user_id=4238
[2026-03-13T20:56:45+08:00][info] 消息状态标记为已发送: task_id=69, group_id=https://t.me/+9ZnJ_gHIFV41NzFh, msg_index=1035
[2026-03-13T20:56:45+08:00][info] 任务 69 将在 76 秒后继续处理下一条消息，索引: 1036, 实例ID: task_69_index_1036_1773406605.6855
[2026-03-13T20:56:57+08:00][info] 开始处理队列任务: task_id=66, current_index=2
[2026-03-13T20:56:57+08:00][info] 消息缓存初始化完成: task_id=66, groups=https://t.me/twogrqoup
[2026-03-13T20:56:57+08:00][info] 任务 66 第 871 次循环，重置群组 https://t.me/twogrqoup 消息状态
[2026-03-13T20:56:57+08:00][info] 使用当前发送用户 3473 的 session_path/www/wwwroot/tdata.tgbota.top/public/uploads/admin/202602/6997fc3070d84/819054626431/tdata/temp_8503359249.session
[2026-03-13T20:57:04+08:00][info] 返回:{"status":true,"message":"发送完成，成功1个，失败0个[]","data":{"success":[{"group_id":3895336513,"group_link":"https:\/\/t.me\/twogrqoup","type":"megagroup","message":"发送成功","message_id":8121}],"failed":[],"debug":["处理标识符: https:\/\/t.me\/twogrqoup, 清理后: https:\/\/t.me\/twogrqoup, 识别为链接: True, 识别为数字ID: False","已是群组成员，群组ID: 3895336513"],"warning":""},"api_address":"185.165.170.142:5043"}
[2026-03-13T20:57:04+08:00][info] 消息ID缓存成功: task_id=66, group_id=https://t.me/twogrqoup, msg_index=2, message_id=8121, send_user_id=3473
[2026-03-13T20:57:04+08:00][info] 消息状态标记为已发送: task_id=66, group_id=https://t.me/twogrqoup, msg_index=2
[2026-03-13T20:57:04+08:00][info] 任务 66 将在 45 秒后继续处理下一条消息，索引: 3, 实例ID: task_66_index_3_1773406624.3003
[2026-03-13T20:57:49+08:00][info] 开始处理队列任务: task_id=66, current_index=3
[2026-03-13T20:57:49+08:00][info] 消息缓存初始化完成: task_id=66, groups=https://t.me/twogrqoup
[2026-03-13T20:57:49+08:00][info] 任务 66 第 871 次循环，重置群组 https://t.me/twogrqoup 消息状态
[2026-03-13T20:57:49+08:00][info] 使用当前发送用户 3469 的 session_path/www/wwwroot/tdata.tgbota.top/public/uploads/admin/202602/6997fc3070d84/819056965118/tdata/temp_8418493902.session
[2026-03-13T20:57:54+08:00][info] 返回:{"status":true,"message":"发送完成，成功1个，失败0个[]","data":{"success":[{"group_id":3895336513,"group_link":"https:\/\/t.me\/twogrqoup","type":"megagroup","message":"发送成功","message_id":8122}],"failed":[],"debug":["处理标识符: https:\/\/t.me\/twogrqoup, 清理后: https:\/\/t.me\/twogrqoup, 识别为链接: True, 识别为数字ID: False","已是群组成员，群组ID: 3895336513"],"warning":""},"api_address":"185.165.170.142:5062"}
[2026-03-13T20:57:54+08:00][info] 消息ID缓存成功: task_id=66, group_id=https://t.me/twogrqoup, msg_index=3, message_id=8122, send_user_id=3469
[2026-03-13T20:57:54+08:00][info] 消息状态标记为已发送: task_id=66, group_id=https://t.me/twogrqoup, msg_index=3
[2026-03-13T20:57:54+08:00][info] 任务 66 将在 20 秒后继续处理下一条消息，索引: 4, 实例ID: task_66_index_4_1773406674.7529
[2026-03-13T20:58:02+08:00][info] 开始处理队列任务: task_id=69, current_index=1036
[2026-03-13T20:58:02+08:00][info] 使用当前发送用户 4237 的 session_path/www/wwwroot/tdata.tgbota.top/public/uploads/admin/202603/69b10fe00169d/13613573352/tdata/temp_8384621196.session
[2026-03-13T20:58:09+08:00][info] 返回:{"status":true,"message":"发送完成，成功1个，失败0个[]","data":{"success":[{"group_id":5072487869,"group_link":"https:\/\/t.me\/+9ZnJ_gHIFV41NzFh","type":"chat","message":"发送成功","message_id":1022}],"failed":[],"debug":["处理标识符: https:\/\/t.me\/+9ZnJ_gHIFV41NzFh, 清理后: https:\/\/t.me\/+9ZnJ_gHIFV41NzFh, 识别为链接: True, 识别为数字ID: False"],"warning":""},"api_address":"185.165.170.142:5022"}
[2026-03-13T20:58:09+08:00][info] 消息ID缓存成功: task_id=69, group_id=https://t.me/+9ZnJ_gHIFV41NzFh, msg_index=1036, message_id=1022, send_user_id=4237
[2026-03-13T20:58:09+08:00][info] 消息状态标记为已发送: task_id=69, group_id=https://t.me/+9ZnJ_gHIFV41NzFh, msg_index=1036
[2026-03-13T20:58:09+08:00][info] 任务 69 将在 80 秒后继续处理下一条消息，索引: 1037, 实例ID: task_69_index_1037_1773406689.5922
[2026-03-13T20:58:14+08:00][info] 开始处理队列任务: task_id=66, current_index=4
[2026-03-13T20:58:14+08:00][info] 消息缓存初始化完成: task_id=66, groups=https://t.me/twogrqoup
[2026-03-13T20:58:14+08:00][info] 任务 66 第 871 次循环，重置群组 https://t.me/twogrqoup 消息状态
[2026-03-13T20:58:14+08:00][info] 使用当前发送用户 3471 的 session_path/www/wwwroot/tdata.tgbota.top/public/uploads/admin/202602/6997fc3070d84/819089723520/tdata/temp_8574369010.session
[2026-03-13T20:58:22+08:00][info] 返回:{"status":true,"message":"发送完成，成功1个，失败0个[]","data":{"success":[{"group_id":3895336513,"group_link":"https:\/\/t.me\/twogrqoup","type":"megagroup","message":"发送成功","message_id":8123}],"failed":[],"debug":["处理标识符: https:\/\/t.me\/twogrqoup, 清理后: https:\/\/t.me\/twogrqoup, 识别为链接: True, 识别为数字ID: False","已是群组成员，群组ID: 3895336513"],"warning":""},"api_address":"185.165.170.142:5023"}
[2026-03-13T20:58:22+08:00][info] 消息ID缓存成功: task_id=66, group_id=https://t.me/twogrqoup, msg_index=4, message_id=8123, send_user_id=3471
[2026-03-13T20:58:22+08:00][info] 消息状态标记为已发送: task_id=66, group_id=https://t.me/twogrqoup, msg_index=4
[2026-03-13T20:58:22+08:00][info] 任务 66 将在 26 秒后继续处理下一条消息，索引: 5, 实例ID: task_66_index_5_1773406702.1058
[2026-03-13T20:58:48+08:00][info] 开始处理队列任务: task_id=66, current_index=5
[2026-03-13T20:58:48+08:00][info] 消息缓存初始化完成: task_id=66, groups=https://t.me/twogrqoup
[2026-03-13T20:58:48+08:00][info] 任务 66 第 871 次循环，重置群组 https://t.me/twogrqoup 消息状态
[2026-03-13T20:58:48+08:00][info] 使用当前发送用户 3469 的 session_path/www/wwwroot/tdata.tgbota.top/public/uploads/admin/202602/6997fc3070d84/819056965118/tdata/temp_8418493902.session
[2026-03-13T20:58:54+08:00][info] 返回:{"status":true,"message":"发送完成，成功1个，失败0个[]","data":{"success":[{"group_id":3895336513,"group_link":"https:\/\/t.me\/twogrqoup","type":"megagroup","message":"发送成功","message_id":8124}],"failed":[],"debug":["处理标识符: https:\/\/t.me\/twogrqoup, 清理后: https:\/\/t.me\/twogrqoup, 识别为链接: True, 识别为数字ID: False","已是群组成员，群组ID: 3895336513"],"warning":""},"api_address":"185.165.170.142:5062"}
[2026-03-13T20:58:54+08:00][info] 消息ID缓存成功: task_id=66, group_id=https://t.me/twogrqoup, msg_index=5, message_id=8124, send_user_id=3469
[2026-03-13T20:58:54+08:00][info] 消息状态标记为已发送: task_id=66, group_id=https://t.me/twogrqoup, msg_index=5
[2026-03-13T20:58:54+08:00][info] 任务 66 将在 27 秒后继续处理下一条消息，索引: 6, 实例ID: task_66_index_6_1773406734.4633
[2026-03-13T20:59:21+08:00][info] 开始处理队列任务: task_id=66, current_index=6
[2026-03-13T20:59:21+08:00][info] 消息缓存初始化完成: task_id=66, groups=https://t.me/twogrqoup
[2026-03-13T20:59:21+08:00][info] 任务 66 第 871 次循环，重置群组 https://t.me/twogrqoup 消息状态
[2026-03-13T20:59:21+08:00][info] 使用当前发送用户 3471 的 session_path/www/wwwroot/tdata.tgbota.top/public/uploads/admin/202602/6997fc3070d84/819089723520/tdata/temp_8574369010.session
[2026-03-13T20:59:28+08:00][info] 返回:{"status":true,"message":"发送完成，成功1个，失败0个[]","data":{"success":[{"group_id":3895336513,"group_link":"https:\/\/t.me\/twogrqoup","type":"megagroup","message":"发送成功","message_id":8125}],"failed":[],"debug":["处理标识符: https:\/\/t.me\/twogrqoup, 清理后: https:\/\/t.me\/twogrqoup, 识别为链接: True, 识别为数字ID: False","已是群组成员，群组ID: 3895336513"],"warning":""},"api_address":"185.165.170.142:5023"}
[2026-03-13T20:59:28+08:00][info] 消息ID缓存成功: task_id=66, group_id=https://t.me/twogrqoup, msg_index=6, message_id=8125, send_user_id=3471
[2026-03-13T20:59:28+08:00][info] 消息状态标记为已发送: task_id=66, group_id=https://t.me/twogrqoup, msg_index=6
[2026-03-13T20:59:28+08:00][info] 任务 66 将在 13 秒后继续处理下一条消息，索引: 7, 实例ID: task_66_index_7_1773406768.2292
[2026-03-13T20:59:29+08:00][info] 开始处理队列任务: task_id=69, current_index=1037
[2026-03-13T20:59:29+08:00][info] 使用当前发送用户 4236 的 session_path/www/wwwroot/tdata.tgbota.top/public/uploads/admin/202603/69b10fe00169d/13632173148/tdata/temp_8293433174.session
[2026-03-13T20:59:35+08:00][info] 返回:{"status":true,"message":"发送完成，成功1个，失败0个[]","data":{"success":[{"group_id":5072487869,"group_link":"https:\/\/t.me\/+9ZnJ_gHIFV41NzFh","type":"chat","message":"发送成功","message_id":1021}],"failed":[],"debug":["处理标识符: https:\/\/t.me\/+9ZnJ_gHIFV41NzFh, 清理后: https:\/\/t.me\/+9ZnJ_gHIFV41NzFh, 识别为链接: True, 识别为数字ID: False"],"warning":""},"api_address":"185.165.170.142:5021"}
[2026-03-13T20:59:35+08:00][info] 消息ID缓存成功: task_id=69, group_id=https://t.me/+9ZnJ_gHIFV41NzFh, msg_index=1037, message_id=1021, send_user_id=4236
[2026-03-13T20:59:35+08:00][info] 消息状态标记为已发送: task_id=69, group_id=https://t.me/+9ZnJ_gHIFV41NzFh, msg_index=1037
[2026-03-13T20:59:35+08:00][info] 任务 69 将在 90 秒后继续处理下一条消息，索引: 1038, 实例ID: task_69_index_1038_1773406775.0707
[2026-03-13T20:59:41+08:00][info] 开始处理队列任务: task_id=66, current_index=7
[2026-03-13T20:59:41+08:00][info] 消息缓存初始化完成: task_id=66, groups=https://t.me/twogrqoup
[2026-03-13T20:59:41+08:00][info] 任务 66 第 871 次循环，重置群组 https://t.me/twogrqoup 消息状态
[2026-03-13T20:59:41+08:00][info] 使用当前发送用户 3471 的 session_path/www/wwwroot/tdata.tgbota.top/public/uploads/admin/202602/6997fc3070d84/819089723520/tdata/temp_8574369010.session
[2026-03-13T20:59:46+08:00][info] 返回:{"status":true,"message":"发送完成，成功1个，失败0个[]","data":{"success":[{"group_id":3895336513,"group_link":"https:\/\/t.me\/twogrqoup","type":"megagroup","message":"发送成功","message_id":8126}],"failed":[],"debug":["处理标识符: https:\/\/t.me\/twogrqoup, 清理后: https:\/\/t.me\/twogrqoup, 识别为链接: True, 识别为数字ID: False","已是群组成员，群组ID: 3895336513"],"warning":""},"api_address":"185.165.170.142:5023"}
[2026-03-13T20:59:46+08:00][info] 消息ID缓存成功: task_id=66, group_id=https://t.me/twogrqoup, msg_index=7, message_id=8126, send_user_id=3471
[2026-03-13T20:59:46+08:00][info] 消息状态标记为已发送: task_id=66, group_id=https://t.me/twogrqoup, msg_index=7
[2026-03-13T20:59:46+08:00][info] 任务 66 将在 26 秒后继续处理下一条消息，索引: 8, 实例ID: task_66_index_8_1773406786.829
[2026-03-13T21:00:12+08:00][info] 开始处理队列任务: task_id=66, current_index=8
[2026-03-13T21:00:12+08:00][info] 消息缓存初始化完成: task_id=66, groups=https://t.me/twogrqoup
[2026-03-13T21:00:12+08:00][info] 任务 66 第 871 次循环，重置群组 https://t.me/twogrqoup 消息状态
[2026-03-13T21:00:12+08:00][info] 使用当前发送用户 3469 的 session_path/www/wwwroot/tdata.tgbota.top/public/uploads/admin/202602/6997fc3070d84/819056965118/tdata/temp_8418493902.session
[2026-03-13T21:00:19+08:00][info] 返回:{"status":true,"message":"发送完成，成功1个，失败0个[]","data":{"success":[{"group_id":3895336513,"group_link":"https:\/\/t.me\/twogrqoup","type":"megagroup","message":"发送成功","message_id":8127}],"failed":[],"debug":["处理标识符: https:\/\/t.me\/twogrqoup, 清理后: https:\/\/t.me\/twogrqoup, 识别为链接: True, 识别为数字ID: False","已是群组成员，群组ID: 3895336513"],"warning":""},"api_address":"185.165.170.142:5062"}
[2026-03-13T21:00:19+08:00][info] 消息ID缓存成功: task_id=66, group_id=https://t.me/twogrqoup, msg_index=8, message_id=8127, send_user_id=3469
[2026-03-13T21:00:19+08:00][info] 消息状态标记为已发送: task_id=66, group_id=https://t.me/twogrqoup, msg_index=8
[2026-03-13T21:00:19+08:00][info] 任务 66 将在 30 秒后继续处理下一条消息，索引: 9, 实例ID: task_66_index_9_1773406819.805
[2026-03-13T21:00:49+08:00][info] 开始处理队列任务: task_id=66, current_index=9
[2026-03-13T21:00:49+08:00][info] 消息缓存初始化完成: task_id=66, groups=https://t.me/twogrqoup
[2026-03-13T21:00:49+08:00][info] 任务 66 第 871 次循环，重置群组 https://t.me/twogrqoup 消息状态
[2026-03-13T21:00:49+08:00][info] 任务 66 第 871 轮完成，准备进行第 872 轮
[2026-03-13T21:00:49+08:00][info] 任务 66 即将为下一轮重新入队，延迟 5 秒，从索引 0 开始
[2026-03-13T21:00:54+08:00][info] 开始处理队列任务: task_id=66, current_index=0
[2026-03-13T21:00:54+08:00][info] 消息缓存初始化完成: task_id=66, groups=https://t.me/twogrqoup
[2026-03-13T21:00:54+08:00][info] 任务 66 第 872 次循环，重置群组 https://t.me/twogrqoup 消息状态
[2026-03-13T21:00:54+08:00][info] 使用当前发送用户 3469 的 session_path/www/wwwroot/tdata.tgbota.top/public/uploads/admin/202602/6997fc3070d84/819056965118/tdata/temp_8418493902.session
[2026-03-13T21:01:01+08:00][info] 返回:{"status":true,"message":"发送完成，成功1个，失败0个[]","data":{"success":[{"group_id":3895336513,"group_link":"https:\/\/t.me\/twogrqoup","type":"megagroup","message":"发送成功","message_id":8128}],"failed":[],"debug":["处理标识符: https:\/\/t.me\/twogrqoup, 清理后: https:\/\/t.me\/twogrqoup, 识别为链接: True, 识别为数字ID: False","已是群组成员，群组ID: 3895336513"],"warning":""},"api_address":"185.165.170.142:5062"}
[2026-03-13T21:01:01+08:00][info] 消息ID缓存成功: task_id=66, group_id=https://t.me/twogrqoup, msg_index=0, message_id=8128, send_user_id=3469
[2026-03-13T21:01:01+08:00][info] 消息状态标记为已发送: task_id=66, group_id=https://t.me/twogrqoup, msg_index=0
[2026-03-13T21:01:01+08:00][info] 任务 66 将在 15 秒后继续处理下一条消息，索引: 1, 实例ID: task_66_index_1_1773406861.2865
[2026-03-13T21:01:05+08:00][info] 开始处理队列任务: task_id=69, current_index=1038
[2026-03-13T21:01:05+08:00][info] 使用feedbackType=1038的消息ID: 1021
[2026-03-13T21:01:05+08:00][info] 使用当前发送用户 4255 的 session_path/www/wwwroot/tdata.tgbota.top/public/uploads/admin/202603/69b10fe00169d/13528396542/tdata/temp_8117450112.session
[2026-03-13T21:01:12+08:00][info] 返回:{"status":true,"message":"发送完成，成功1个，失败0个[]","data":{"success":[{"group_id":5072487869,"group_link":"https:\/\/t.me\/+9ZnJ_gHIFV41NzFh","type":"chat","message":"发送成功","message_id":1018}],"failed":[],"debug":["处理标识符: https:\/\/t.me\/+9ZnJ_gHIFV41NzFh, 清理后: https:\/\/t.me\/+9ZnJ_gHIFV41NzFh, 识别为链接: True, 识别为数字ID: False"],"warning":""},"api_address":"185.165.170.142:5040"}
[2026-03-13T21:01:12+08:00][info] 消息ID缓存成功: task_id=69, group_id=https://t.me/+9ZnJ_gHIFV41NzFh, msg_index=1038, message_id=1018, send_user_id=4255
[2026-03-13T21:01:12+08:00][info] 消息状态标记为已发送: task_id=69, group_id=https://t.me/+9ZnJ_gHIFV41NzFh, msg_index=1038
[2026-03-13T21:01:12+08:00][info] 任务 69 将在 76 秒后继续处理下一条消息，索引: 1039, 实例ID: task_69_index_1039_1773406872.1635
[2026-03-13T21:01:16+08:00][info] 开始处理队列任务: task_id=66, current_index=1
[2026-03-13T21:01:16+08:00][info] 消息缓存初始化完成: task_id=66, groups=https://t.me/twogrqoup
[2026-03-13T21:01:16+08:00][info] 任务 66 第 872 次循环，重置群组 https://t.me/twogrqoup 消息状态
[2026-03-13T21:01:16+08:00][info] 使用当前发送用户 3472 的 session_path/www/wwwroot/tdata.tgbota.top/public/uploads/admin/202602/6997fc3070d84/819050054287/tdata/temp_8308580822.session
[2026-03-13T21:01:23+08:00][info] 返回:{"status":true,"message":"发送完成，成功1个，失败0个[]","data":{"success":[{"group_id":3895336513,"group_link":"https:\/\/t.me\/twogrqoup","type":"megagroup","message":"发送成功","message_id":8129}],"failed":[],"debug":["处理标识符: https:\/\/t.me\/twogrqoup, 清理后: https:\/\/t.me\/twogrqoup, 识别为链接: True, 识别为数字ID: False","已是群组成员，群组ID: 3895336513"],"warning":""},"api_address":"185.165.170.142:5042"}
[2026-03-13T21:01:23+08:00][info] 消息ID缓存成功: task_id=66, group_id=https://t.me/twogrqoup, msg_index=1, message_id=8129, send_user_id=3472
[2026-03-13T21:01:23+08:00][info] 消息状态标记为已发送: task_id=66, group_id=https://t.me/twogrqoup, msg_index=1
[2026-03-13T21:01:23+08:00][info] 任务 66 将在 30 秒后继续处理下一条消息，索引: 2, 实例ID: task_66_index_2_1773406883.8468
[2026-03-13T21:01:53+08:00][info] 开始处理队列任务: task_id=66, current_index=2
[2026-03-13T21:01:53+08:00][info] 消息缓存初始化完成: task_id=66, groups=https://t.me/twogrqoup
[2026-03-13T21:01:53+08:00][info] 任务 66 第 872 次循环，重置群组 https://t.me/twogrqoup 消息状态
[2026-03-13T21:01:53+08:00][info] 使用当前发送用户 3473 的 session_path/www/wwwroot/tdata.tgbota.top/public/uploads/admin/202602/6997fc3070d84/819054626431/tdata/temp_8503359249.session
[2026-03-13T21:01:59+08:00][info] 返回:{"status":true,"message":"发送完成，成功1个，失败0个[]","data":{"success":[{"group_id":3895336513,"group_link":"https:\/\/t.me\/twogrqoup","type":"megagroup","message":"发送成功","message_id":8130}],"failed":[],"debug":["处理标识符: https:\/\/t.me\/twogrqoup, 清理后: https:\/\/t.me\/twogrqoup, 识别为链接: True, 识别为数字ID: False","已是群组成员，群组ID: 3895336513"],"warning":""},"api_address":"185.165.170.142:5043"}
[2026-03-13T21:01:59+08:00][info] 消息ID缓存成功: task_id=66, group_id=https://t.me/twogrqoup, msg_index=2, message_id=8130, send_user_id=3473
[2026-03-13T21:01:59+08:00][info] 消息状态标记为已发送: task_id=66, group_id=https://t.me/twogrqoup, msg_index=2
[2026-03-13T21:01:59+08:00][info] 任务 66 将在 45 秒后继续处理下一条消息，索引: 3, 实例ID: task_66_index_3_1773406919.6014
[2026-03-13T21:02:28+08:00][info] 开始处理队列任务: task_id=69, current_index=1039
[2026-03-13T21:02:28+08:00][info] 使用当前发送用户 4254 的 session_path/www/wwwroot/tdata.tgbota.top/public/uploads/admin/202603/69b10fe00169d/13378414919/tdata/temp_7734543207.session
[2026-03-13T21:02:34+08:00][info] 返回:{"status":true,"message":"发送完成，成功1个，失败0个[]","data":{"success":[{"group_id":5072487869,"group_link":"https:\/\/t.me\/+9ZnJ_gHIFV41NzFh","type":"chat","message":"发送成功","message_id":1016}],"failed":[],"debug":["处理标识符: https:\/\/t.me\/+9ZnJ_gHIFV41NzFh, 清理后: https:\/\/t.me\/+9ZnJ_gHIFV41NzFh, 识别为链接: True, 识别为数字ID: False"],"warning":""},"api_address":"185.165.170.142:5039"}
[2026-03-13T21:02:34+08:00][info] 消息ID缓存成功: task_id=69, group_id=https://t.me/+9ZnJ_gHIFV41NzFh, msg_index=1039, message_id=1016, send_user_id=4254
[2026-03-13T21:02:34+08:00][info] 消息状态标记为已发送: task_id=69, group_id=https://t.me/+9ZnJ_gHIFV41NzFh, msg_index=1039
[2026-03-13T21:02:35+08:00][info] 任务 69 将在 95 秒后继续处理下一条消息，索引: 1040, 实例ID: task_69_index_1040_1773406955.0036
[2026-03-13T21:02:44+08:00][info] 开始处理队列任务: task_id=66, current_index=3
[2026-03-13T21:02:44+08:00][info] 消息缓存初始化完成: task_id=66, groups=https://t.me/twogrqoup
[2026-03-13T21:02:44+08:00][info] 任务 66 第 872 次循环，重置群组 https://t.me/twogrqoup 消息状态
[2026-03-13T21:02:44+08:00][info] 使用当前发送用户 3469 的 session_path/www/wwwroot/tdata.tgbota.top/public/uploads/admin/202602/6997fc3070d84/819056965118/tdata/temp_8418493902.session
[2026-03-13T21:02:49+08:00][info] 返回:{"status":true,"message":"发送完成，成功1个，失败0个[]","data":{"success":[{"group_id":3895336513,"group_link":"https:\/\/t.me\/twogrqoup","type":"megagroup","message":"发送成功","message_id":8131}],"failed":[],"debug":["处理标识符: https:\/\/t.me\/twogrqoup, 清理后: https:\/\/t.me\/twogrqoup, 识别为链接: True, 识别为数字ID: False","已是群组成员，群组ID: 3895336513"],"warning":""},"api_address":"185.165.170.142:5062"}
[2026-03-13T21:02:49+08:00][info] 消息ID缓存成功: task_id=66, group_id=https://t.me/twogrqoup, msg_index=3, message_id=8131, send_user_id=3469
[2026-03-13T21:02:49+08:00][info] 消息状态标记为已发送: task_id=66, group_id=https://t.me/twogrqoup, msg_index=3
[2026-03-13T21:02:49+08:00][info] 任务 66 将在 20 秒后继续处理下一条消息，索引: 4, 实例ID: task_66_index_4_1773406969.8748
[2026-03-13T21:03:09+08:00][info] 开始处理队列任务: task_id=66, current_index=4
[2026-03-13T21:03:09+08:00][info] 消息缓存初始化完成: task_id=66, groups=https://t.me/twogrqoup
[2026-03-13T21:03:09+08:00][info] 任务 66 第 872 次循环，重置群组 https://t.me/twogrqoup 消息状态
[2026-03-13T21:03:09+08:00][info] 使用当前发送用户 3471 的 session_path/www/wwwroot/tdata.tgbota.top/public/uploads/admin/202602/6997fc3070d84/819089723520/tdata/temp_8574369010.session
[2026-03-13T21:03:14+08:00][info] 返回:{"status":true,"message":"发送完成，成功1个，失败0个[]","data":{"success":[{"group_id":3895336513,"group_link":"https:\/\/t.me\/twogrqoup","type":"megagroup","message":"发送成功","message_id":8132}],"failed":[],"debug":["处理标识符: https:\/\/t.me\/twogrqoup, 清理后: https:\/\/t.me\/twogrqoup, 识别为链接: True, 识别为数字ID: False","已是群组成员，群组ID: 3895336513"],"warning":""},"api_address":"185.165.170.142:5023"}
[2026-03-13T21:03:14+08:00][info] 消息ID缓存成功: task_id=66, group_id=https://t.me/twogrqoup, msg_index=4, message_id=8132, send_user_id=3471
[2026-03-13T21:03:14+08:00][info] 消息状态标记为已发送: task_id=66, group_id=https://t.me/twogrqoup, msg_index=4
[2026-03-13T21:03:14+08:00][info] 任务 66 将在 26 秒后继续处理下一条消息，索引: 5, 实例ID: task_66_index_5_1773406994.8817
[2026-03-13T21:03:40+08:00][info] 开始处理队列任务: task_id=66, current_index=5
[2026-03-13T21:03:40+08:00][info] 消息缓存初始化完成: task_id=66, groups=https://t.me/twogrqoup
[2026-03-13T21:03:40+08:00][info] 任务 66 第 872 次循环，重置群组 https://t.me/twogrqoup 消息状态
[2026-03-13T21:03:40+08:00][info] 使用当前发送用户 3469 的 session_path/www/wwwroot/tdata.tgbota.top/public/uploads/admin/202602/6997fc3070d84/819056965118/tdata/temp_8418493902.session
[2026-03-13T21:03:46+08:00][info] 返回:{"status":true,"message":"发送完成，成功1个，失败0个[]","data":{"success":[{"group_id":3895336513,"group_link":"https:\/\/t.me\/twogrqoup","type":"megagroup","message":"发送成功","message_id":8133}],"failed":[],"debug":["处理标识符: https:\/\/t.me\/twogrqoup, 清理后: https:\/\/t.me\/twogrqoup, 识别为链接: True, 识别为数字ID: False","已是群组成员，群组ID: 3895336513"],"warning":""},"api_address":"185.165.170.142:5062"}
[2026-03-13T21:03:46+08:00][info] 消息ID缓存成功: task_id=66, group_id=https://t.me/twogrqoup, msg_index=5, message_id=8133, send_user_id=3469
[2026-03-13T21:03:46+08:00][info] 消息状态标记为已发送: task_id=66, group_id=https://t.me/twogrqoup, msg_index=5
[2026-03-13T21:03:46+08:00][info] 任务 66 将在 27 秒后继续处理下一条消息，索引: 6, 实例ID: task_66_index_6_1773407026.479
[2026-03-13T21:04:10+08:00][info] 开始处理队列任务: task_id=69, current_index=1040
[2026-03-13T21:04:10+08:00][info] 使用当前发送用户 4253 的 session_path/www/wwwroot/tdata.tgbota.top/public/uploads/admin/202603/69b10fe00169d/13378413371/tdata/temp_7932177269.session
[2026-03-13T21:04:13+08:00][info] 开始处理队列任务: task_id=66, current_index=6
[2026-03-13T21:04:13+08:00][info] 消息缓存初始化完成: task_id=66, groups=https://t.me/twogrqoup
[2026-03-13T21:04:13+08:00][info] 任务 66 第 872 次循环，重置群组 https://t.me/twogrqoup 消息状态
[2026-03-13T21:04:13+08:00][info] 使用当前发送用户 3471 的 session_path/www/wwwroot/tdata.tgbota.top/public/uploads/admin/202602/6997fc3070d84/819089723520/tdata/temp_8574369010.session
[2026-03-13T21:04:16+08:00][info] 返回:{"status":true,"message":"发送完成，成功1个，失败0个[]","data":{"success":[{"group_id":5072487869,"group_link":"https:\/\/t.me\/+9ZnJ_gHIFV41NzFh","type":"chat","message":"发送成功","message_id":1064}],"failed":[],"debug":["处理标识符: https:\/\/t.me\/+9ZnJ_gHIFV41NzFh, 清理后: https:\/\/t.me\/+9ZnJ_gHIFV41NzFh, 识别为链接: True, 识别为数字ID: False"],"warning":""},"api_address":"185.165.170.142:5038"}
[2026-03-13T21:04:16+08:00][info] 消息ID缓存成功: task_id=69, group_id=https://t.me/+9ZnJ_gHIFV41NzFh, msg_index=1040, message_id=1064, send_user_id=4253
[2026-03-13T21:04:16+08:00][info] 消息状态标记为已发送: task_id=69, group_id=https://t.me/+9ZnJ_gHIFV41NzFh, msg_index=1040
[2026-03-13T21:04:16+08:00][info] 任务 69 将在 100 秒后继续处理下一条消息，索引: 1041, 实例ID: task_69_index_1041_1773407056.9076
[2026-03-13T21:04:19+08:00][info] 返回:{"status":true,"message":"发送完成，成功1个，失败0个[]","data":{"success":[{"group_id":3895336513,"group_link":"https:\/\/t.me\/twogrqoup","type":"megagroup","message":"发送成功","message_id":8134}],"failed":[],"debug":["处理标识符: https:\/\/t.me\/twogrqoup, 清理后: https:\/\/t.me\/twogrqoup, 识别为链接: True, 识别为数字ID: False","已是群组成员，群组ID: 3895336513"],"warning":""},"api_address":"185.165.170.142:5023"}
[2026-03-13T21:04:19+08:00][info] 消息ID缓存成功: task_id=66, group_id=https://t.me/twogrqoup, msg_index=6, message_id=8134, send_user_id=3471
[2026-03-13T21:04:19+08:00][info] 消息状态标记为已发送: task_id=66, group_id=https://t.me/twogrqoup, msg_index=6
[2026-03-13T21:04:19+08:00][info] 任务 66 将在 13 秒后继续处理下一条消息，索引: 7, 实例ID: task_66_index_7_1773407059.035
[2026-03-13T21:04:32+08:00][info] 开始处理队列任务: task_id=66, current_index=7
[2026-03-13T21:04:32+08:00][info] 消息缓存初始化完成: task_id=66, groups=https://t.me/twogrqoup
[2026-03-13T21:04:32+08:00][info] 任务 66 第 872 次循环，重置群组 https://t.me/twogrqoup 消息状态
[2026-03-13T21:04:32+08:00][info] 使用当前发送用户 3471 的 session_path/www/wwwroot/tdata.tgbota.top/public/uploads/admin/202602/6997fc3070d84/819089723520/tdata/temp_8574369010.session
[2026-03-13T21:04:37+08:00][info] 返回:{"status":true,"message":"发送完成，成功1个，失败0个[]","data":{"success":[{"group_id":3895336513,"group_link":"https:\/\/t.me\/twogrqoup","type":"megagroup","message":"发送成功","message_id":8135}],"failed":[],"debug":["处理标识符: https:\/\/t.me\/twogrqoup, 清理后: https:\/\/t.me\/twogrqoup, 识别为链接: True, 识别为数字ID: False","已是群组成员，群组ID: 3895336513"],"warning":""},"api_address":"185.165.170.142:5023"}
[2026-03-13T21:04:37+08:00][info] 消息ID缓存成功: task_id=66, group_id=https://t.me/twogrqoup, msg_index=7, message_id=8135, send_user_id=3471
[2026-03-13T21:04:37+08:00][info] 消息状态标记为已发送: task_id=66, group_id=https://t.me/twogrqoup, msg_index=7
[2026-03-13T21:04:38+08:00][info] 任务 66 将在 26 秒后继续处理下一条消息，索引: 8, 实例ID: task_66_index_8_1773407078.0151
[2026-03-13T21:05:04+08:00][info] 开始处理队列任务: task_id=66, current_index=8
[2026-03-13T21:05:04+08:00][info] 消息缓存初始化完成: task_id=66, groups=https://t.me/twogrqoup
[2026-03-13T21:05:04+08:00][info] 任务 66 第 872 次循环，重置群组 https://t.me/twogrqoup 消息状态
[2026-03-13T21:05:04+08:00][info] 使用当前发送用户 3469 的 session_path/www/wwwroot/tdata.tgbota.top/public/uploads/admin/202602/6997fc3070d84/819056965118/tdata/temp_8418493902.session
[2026-03-13T21:05:12+08:00][info] 返回:{"status":true,"message":"发送完成，成功1个，失败0个[]","data":{"success":[{"group_id":3895336513,"group_link":"https:\/\/t.me\/twogrqoup","type":"megagroup","message":"发送成功","message_id":8136}],"failed":[],"debug":["处理标识符: https:\/\/t.me\/twogrqoup, 清理后: https:\/\/t.me\/twogrqoup, 识别为链接: True, 识别为数字ID: False","已是群组成员，群组ID: 3895336513"],"warning":""},"api_address":"185.165.170.142:5062"}
[2026-03-13T21:05:12+08:00][info] 消息ID缓存成功: task_id=66, group_id=https://t.me/twogrqoup, msg_index=8, message_id=8136, send_user_id=3469
[2026-03-13T21:05:12+08:00][info] 消息状态标记为已发送: task_id=66, group_id=https://t.me/twogrqoup, msg_index=8
[2026-03-13T21:05:12+08:00][info] 任务 66 将在 30 秒后继续处理下一条消息，索引: 9, 实例ID: task_66_index_9_1773407112.1198
[2026-03-13T21:05:42+08:00][info] 开始处理队列任务: task_id=66, current_index=9
[2026-03-13T21:05:42+08:00][info] 消息缓存初始化完成: task_id=66, groups=https://t.me/twogrqoup
[2026-03-13T21:05:42+08:00][info] 任务 66 第 872 次循环，重置群组 https://t.me/twogrqoup 消息状态
[2026-03-13T21:05:42+08:00][info] 任务 66 第 872 轮完成，准备进行第 873 轮
[2026-03-13T21:05:42+08:00][info] 任务 66 即将为下一轮重新入队，延迟 5 秒，从索引 0 开始
[2026-03-13T21:05:47+08:00][info] 开始处理队列任务: task_id=66, current_index=0
[2026-03-13T21:05:47+08:00][info] 消息缓存初始化完成: task_id=66, groups=https://t.me/twogrqoup
[2026-03-13T21:05:47+08:00][info] 任务 66 第 873 次循环，重置群组 https://t.me/twogrqoup 消息状态
[2026-03-13T21:05:47+08:00][info] 使用当前发送用户 3469 的 session_path/www/wwwroot/tdata.tgbota.top/public/uploads/admin/202602/6997fc3070d84/819056965118/tdata/temp_8418493902.session
[2026-03-13T21:05:54+08:00][info] 返回:{"status":true,"message":"发送完成，成功1个，失败0个[]","data":{"success":[{"group_id":3895336513,"group_link":"https:\/\/t.me\/twogrqoup","type":"megagroup","message":"发送成功","message_id":8137}],"failed":[],"debug":["处理标识符: https:\/\/t.me\/twogrqoup, 清理后: https:\/\/t.me\/twogrqoup, 识别为链接: True, 识别为数字ID: False","已是群组成员，群组ID: 3895336513"],"warning":""},"api_address":"185.165.170.142:5062"}
[2026-03-13T21:05:54+08:00][info] 消息ID缓存成功: task_id=66, group_id=https://t.me/twogrqoup, msg_index=0, message_id=8137, send_user_id=3469
[2026-03-13T21:05:54+08:00][info] 消息状态标记为已发送: task_id=66, group_id=https://t.me/twogrqoup, msg_index=0
[2026-03-13T21:05:54+08:00][info] 任务 66 将在 15 秒后继续处理下一条消息，索引: 1, 实例ID: task_66_index_1_1773407154.3789
[2026-03-13T21:05:56+08:00][info] 开始处理队列任务: task_id=69, current_index=1041
[2026-03-13T21:05:57+08:00][info] 使用当前发送用户 4236 的 session_path/www/wwwroot/tdata.tgbota.top/public/uploads/admin/202603/69b10fe00169d/13632173148/tdata/temp_8293433174.session
[2026-03-13T21:06:02+08:00][info] 返回:{"status":true,"message":"发送完成，成功1个，失败0个[]","data":{"success":[{"group_id":5072487869,"group_link":"https:\/\/t.me\/+9ZnJ_gHIFV41NzFh","type":"chat","message":"发送成功","message_id":1025}],"failed":[],"debug":["处理标识符: https:\/\/t.me\/+9ZnJ_gHIFV41NzFh, 清理后: https:\/\/t.me\/+9ZnJ_gHIFV41NzFh, 识别为链接: True, 识别为数字ID: False"],"warning":""},"api_address":"185.165.170.142:5021"}
[2026-03-13T21:06:02+08:00][info] 消息ID缓存成功: task_id=69, group_id=https://t.me/+9ZnJ_gHIFV41NzFh, msg_index=1041, message_id=1025, send_user_id=4236
[2026-03-13T21:06:02+08:00][info] 消息状态标记为已发送: task_id=69, group_id=https://t.me/+9ZnJ_gHIFV41NzFh, msg_index=1041
[2026-03-13T21:06:02+08:00][info] 任务 69 将在 60 秒后继续处理下一条消息，索引: 1042, 实例ID: task_69_index_1042_1773407162.7275
[2026-03-13T21:06:09+08:00][info] 开始处理队列任务: task_id=66, current_index=1
[2026-03-13T21:06:09+08:00][info] 消息缓存初始化完成: task_id=66, groups=https://t.me/twogrqoup
[2026-03-13T21:06:09+08:00][info] 任务 66 第 873 次循环，重置群组 https://t.me/twogrqoup 消息状态
[2026-03-13T21:06:09+08:00][info] 使用当前发送用户 3472 的 session_path/www/wwwroot/tdata.tgbota.top/public/uploads/admin/202602/6997fc3070d84/819050054287/tdata/temp_8308580822.session
[2026-03-13T21:06:16+08:00][info] 返回:{"status":true,"message":"发送完成，成功1个，失败0个[]","data":{"success":[{"group_id":3895336513,"group_link":"https:\/\/t.me\/twogrqoup","type":"megagroup","message":"发送成功","message_id":8138}],"failed":[],"debug":["处理标识符: https:\/\/t.me\/twogrqoup, 清理后: https:\/\/t.me\/twogrqoup, 识别为链接: True, 识别为数字ID: False","已是群组成员，群组ID: 3895336513"],"warning":""},"api_address":"185.165.170.142:5042"}
[2026-03-13T21:06:16+08:00][info] 消息ID缓存成功: task_id=66, group_id=https://t.me/twogrqoup, msg_index=1, message_id=8138, send_user_id=3472
[2026-03-13T21:06:16+08:00][info] 消息状态标记为已发送: task_id=66, group_id=https://t.me/twogrqoup, msg_index=1
[2026-03-13T21:06:16+08:00][info] 任务 66 将在 30 秒后继续处理下一条消息，索引: 2, 实例ID: task_66_index_2_1773407176.9139
[2026-03-13T21:06:46+08:00][info] 开始处理队列任务: task_id=66, current_index=2
[2026-03-13T21:06:46+08:00][info] 消息缓存初始化完成: task_id=66, groups=https://t.me/twogrqoup
[2026-03-13T21:06:46+08:00][info] 任务 66 第 873 次循环，重置群组 https://t.me/twogrqoup 消息状态
[2026-03-13T21:06:46+08:00][info] 使用当前发送用户 3473 的 session_path/www/wwwroot/tdata.tgbota.top/public/uploads/admin/202602/6997fc3070d84/819054626431/tdata/temp_8503359249.session
[2026-03-13T21:06:53+08:00][info] 返回:{"status":true,"message":"发送完成，成功1个，失败0个[]","data":{"success":[{"group_id":3895336513,"group_link":"https:\/\/t.me\/twogrqoup","type":"megagroup","message":"发送成功","message_id":8139}],"failed":[],"debug":["处理标识符: https:\/\/t.me\/twogrqoup, 清理后: https:\/\/t.me\/twogrqoup, 识别为链接: True, 识别为数字ID: False","已是群组成员，群组ID: 3895336513"],"warning":""},"api_address":"185.165.170.142:5043"}
[2026-03-13T21:06:53+08:00][info] 消息ID缓存成功: task_id=66, group_id=https://t.me/twogrqoup, msg_index=2, message_id=8139, send_user_id=3473
[2026-03-13T21:06:53+08:00][info] 消息状态标记为已发送: task_id=66, group_id=https://t.me/twogrqoup, msg_index=2
[2026-03-13T21:06:53+08:00][info] 任务 66 将在 45 秒后继续处理下一条消息，索引: 3, 实例ID: task_66_index_3_1773407213.7249
[2026-03-13T21:07:02+08:00][info] 开始处理队列任务: task_id=69, current_index=1042
[2026-03-13T21:07:02+08:00][info] 使用当前发送用户 4236 的 session_path/www/wwwroot/tdata.tgbota.top/public/uploads/admin/202603/69b10fe00169d/13632173148/tdata/temp_8293433174.session
[2026-03-13T21:07:08+08:00][info] 返回:{"status":true,"message":"发送完成，成功1个，失败0个[]","data":{"success":[{"group_id":5072487869,"group_link":"https:\/\/t.me\/+9ZnJ_gHIFV41NzFh","type":"chat","message":"发送成功","message_id":1026}],"failed":[],"debug":["处理标识符: https:\/\/t.me\/+9ZnJ_gHIFV41NzFh, 清理后: https:\/\/t.me\/+9ZnJ_gHIFV41NzFh, 识别为链接: True, 识别为数字ID: False"],"warning":""},"api_address":"185.165.170.142:5021"}
[2026-03-13T21:07:08+08:00][info] 消息ID缓存成功: task_id=69, group_id=https://t.me/+9ZnJ_gHIFV41NzFh, msg_index=1042, message_id=1026, send_user_id=4236
[2026-03-13T21:07:08+08:00][info] 消息状态标记为已发送: task_id=69, group_id=https://t.me/+9ZnJ_gHIFV41NzFh, msg_index=1042
[2026-03-13T21:07:08+08:00][info] 任务 69 将在 110 秒后继续处理下一条消息，索引: 1043, 实例ID: task_69_index_1043_1773407228.3179
[2026-03-13T21:07:38+08:00][info] 开始处理队列任务: task_id=66, current_index=3
[2026-03-13T21:07:38+08:00][info] 消息缓存初始化完成: task_id=66, groups=https://t.me/twogrqoup
[2026-03-13T21:07:38+08:00][info] 任务 66 第 873 次循环，重置群组 https://t.me/twogrqoup 消息状态
[2026-03-13T21:07:38+08:00][info] 使用当前发送用户 3469 的 session_path/www/wwwroot/tdata.tgbota.top/public/uploads/admin/202602/6997fc3070d84/819056965118/tdata/temp_8418493902.session
[2026-03-13T21:07:43+08:00][info] 返回:{"status":true,"message":"发送完成，成功1个，失败0个[]","data":{"success":[{"group_id":3895336513,"group_link":"https:\/\/t.me\/twogrqoup","type":"megagroup","message":"发送成功","message_id":8140}],"failed":[],"debug":["处理标识符: https:\/\/t.me\/twogrqoup, 清理后: https:\/\/t.me\/twogrqoup, 识别为链接: True, 识别为数字ID: False","已是群组成员，群组ID: 3895336513"],"warning":""},"api_address":"185.165.170.142:5062"}
[2026-03-13T21:07:43+08:00][info] 消息ID缓存成功: task_id=66, group_id=https://t.me/twogrqoup, msg_index=3, message_id=8140, send_user_id=3469
[2026-03-13T21:07:43+08:00][info] 消息状态标记为已发送: task_id=66, group_id=https://t.me/twogrqoup, msg_index=3
[2026-03-13T21:07:43+08:00][info] 任务 66 将在 20 秒后继续处理下一条消息，索引: 4, 实例ID: task_66_index_4_1773407263.6236
[2026-03-13T21:08:03+08:00][info] 开始处理队列任务: task_id=66, current_index=4
[2026-03-13T21:08:03+08:00][info] 消息缓存初始化完成: task_id=66, groups=https://t.me/twogrqoup
[2026-03-13T21:08:03+08:00][info] 任务 66 第 873 次循环，重置群组 https://t.me/twogrqoup 消息状态
[2026-03-13T21:08:03+08:00][info] 使用当前发送用户 3471 的 session_path/www/wwwroot/tdata.tgbota.top/public/uploads/admin/202602/6997fc3070d84/819089723520/tdata/temp_8574369010.session
[2026-03-13T21:08:08+08:00][info] 返回:{"status":true,"message":"发送完成，成功1个，失败0个[]","data":{"success":[{"group_id":3895336513,"group_link":"https:\/\/t.me\/twogrqoup","type":"megagroup","message":"发送成功","message_id":8141}],"failed":[],"debug":["处理标识符: https:\/\/t.me\/twogrqoup, 清理后: https:\/\/t.me\/twogrqoup, 识别为链接: True, 识别为数字ID: False","已是群组成员，群组ID: 3895336513"],"warning":""},"api_address":"185.165.170.142:5023"}
[2026-03-13T21:08:08+08:00][info] 消息ID缓存成功: task_id=66, group_id=https://t.me/twogrqoup, msg_index=4, message_id=8141, send_user_id=3471
[2026-03-13T21:08:08+08:00][info] 消息状态标记为已发送: task_id=66, group_id=https://t.me/twogrqoup, msg_index=4
[2026-03-13T21:08:08+08:00][info] 任务 66 将在 26 秒后继续处理下一条消息，索引: 5, 实例ID: task_66_index_5_1773407288.9652
[2026-03-13T21:08:34+08:00][info] 开始处理队列任务: task_id=66, current_index=5
[2026-03-13T21:08:34+08:00][info] 消息缓存初始化完成: task_id=66, groups=https://t.me/twogrqoup
[2026-03-13T21:08:34+08:00][info] 任务 66 第 873 次循环，重置群组 https://t.me/twogrqoup 消息状态
[2026-03-13T21:08:34+08:00][info] 使用当前发送用户 3469 的 session_path/www/wwwroot/tdata.tgbota.top/public/uploads/admin/202602/6997fc3070d84/819056965118/tdata/temp_8418493902.session
[2026-03-13T21:08:41+08:00][info] 返回:{"status":true,"message":"发送完成，成功1个，失败0个[]","data":{"success":[{"group_id":3895336513,"group_link":"https:\/\/t.me\/twogrqoup","type":"megagroup","message":"发送成功","message_id":8142}],"failed":[],"debug":["处理标识符: https:\/\/t.me\/twogrqoup, 清理后: https:\/\/t.me\/twogrqoup, 识别为链接: True, 识别为数字ID: False","已是群组成员，群组ID: 3895336513"],"warning":""},"api_address":"185.165.170.142:5062"}
[2026-03-13T21:08:41+08:00][info] 消息ID缓存成功: task_id=66, group_id=https://t.me/twogrqoup, msg_index=5, message_id=8142, send_user_id=3469
[2026-03-13T21:08:41+08:00][info] 消息状态标记为已发送: task_id=66, group_id=https://t.me/twogrqoup, msg_index=5
[2026-03-13T21:08:41+08:00][info] 任务 66 将在 27 秒后继续处理下一条消息，索引: 6, 实例ID: task_66_index_6_1773407321.6945
[2026-03-13T21:08:58+08:00][info] 开始处理队列任务: task_id=69, current_index=1043
[2026-03-13T21:08:58+08:00][info] 使用消息配置中指定的用户 4252 的 session_path/www/wwwroot/tdata.tgbota.top/public/uploads/admin/202603/69b10fe00169d/13394007390/tdata/temp_8558000424.session
[2026-03-13T21:09:02+08:00][info] 返回:{"status":true,"message":"发送完成，成功1个，失败0个[]","data":{"success":[{"group_id":5072487869,"group_link":"https:\/\/t.me\/+9ZnJ_gHIFV41NzFh","type":"chat","message":"发送成功","message_id":1064}],"failed":[],"debug":["处理标识符: https:\/\/t.me\/+9ZnJ_gHIFV41NzFh, 清理后: https:\/\/t.me\/+9ZnJ_gHIFV41NzFh, 识别为链接: True, 识别为数字ID: False"],"warning":""},"api_address":"185.165.170.142:5037"}
[2026-03-13T21:09:02+08:00][info] 消息ID缓存成功: task_id=69, group_id=https://t.me/+9ZnJ_gHIFV41NzFh, msg_index=1043, message_id=1064, send_user_id=4252
[2026-03-13T21:09:02+08:00][info] 消息状态标记为已发送: task_id=69, group_id=https://t.me/+9ZnJ_gHIFV41NzFh, msg_index=1043
[2026-03-13T21:09:02+08:00][info] 任务 69 将在 87 秒后继续处理下一条消息，索引: 1044, 实例ID: task_69_index_1044_1773407342.5558
[2026-03-13T21:09:08+08:00][info] 开始处理队列任务: task_id=66, current_index=6
[2026-03-13T21:09:08+08:00][info] 消息缓存初始化完成: task_id=66, groups=https://t.me/twogrqoup
[2026-03-13T21:09:08+08:00][info] 任务 66 第 873 次循环，重置群组 https://t.me/twogrqoup 消息状态
[2026-03-13T21:09:08+08:00][info] 使用当前发送用户 3471 的 session_path/www/wwwroot/tdata.tgbota.top/public/uploads/admin/202602/6997fc3070d84/819089723520/tdata/temp_8574369010.session
[2026-03-13T21:09:15+08:00][info] 返回:{"status":true,"message":"发送完成，成功1个，失败0个[]","data":{"success":[{"group_id":3895336513,"group_link":"https:\/\/t.me\/twogrqoup","type":"megagroup","message":"发送成功","message_id":8143}],"failed":[],"debug":["处理标识符: https:\/\/t.me\/twogrqoup, 清理后: https:\/\/t.me\/twogrqoup, 识别为链接: True, 识别为数字ID: False","已是群组成员，群组ID: 3895336513"],"warning":""},"api_address":"185.165.170.142:5023"}
[2026-03-13T21:09:15+08:00][info] 消息ID缓存成功: task_id=66, group_id=https://t.me/twogrqoup, msg_index=6, message_id=8143, send_user_id=3471
[2026-03-13T21:09:15+08:00][info] 消息状态标记为已发送: task_id=66, group_id=https://t.me/twogrqoup, msg_index=6
[2026-03-13T21:09:15+08:00][info] 任务 66 将在 13 秒后继续处理下一条消息，索引: 7, 实例ID: task_66_index_7_1773407355.2821
[2026-03-13T21:09:29+08:00][info] 开始处理队列任务: task_id=66, current_index=7
[2026-03-13T21:09:29+08:00][info] 消息缓存初始化完成: task_id=66, groups=https://t.me/twogrqoup
[2026-03-13T21:09:29+08:00][info] 任务 66 第 873 次循环，重置群组 https://t.me/twogrqoup 消息状态
[2026-03-13T21:09:29+08:00][info] 使用当前发送用户 3471 的 session_path/www/wwwroot/tdata.tgbota.top/public/uploads/admin/202602/6997fc3070d84/819089723520/tdata/temp_8574369010.session
[2026-03-13T21:09:34+08:00][info] 返回:{"status":true,"message":"发送完成，成功1个，失败0个[]","data":{"success":[{"group_id":3895336513,"group_link":"https:\/\/t.me\/twogrqoup","type":"megagroup","message":"发送成功","message_id":8144}],"failed":[],"debug":["处理标识符: https:\/\/t.me\/twogrqoup, 清理后: https:\/\/t.me\/twogrqoup, 识别为链接: True, 识别为数字ID: False","已是群组成员，群组ID: 3895336513"],"warning":""},"api_address":"185.165.170.142:5023"}
[2026-03-13T21:09:34+08:00][info] 消息ID缓存成功: task_id=66, group_id=https://t.me/twogrqoup, msg_index=7, message_id=8144, send_user_id=3471
[2026-03-13T21:09:34+08:00][info] 消息状态标记为已发送: task_id=66, group_id=https://t.me/twogrqoup, msg_index=7
[2026-03-13T21:09:34+08:00][info] 任务 66 将在 26 秒后继续处理下一条消息，索引: 8, 实例ID: task_66_index_8_1773407374.317
[2026-03-13T21:10:00+08:00][info] 开始处理队列任务: task_id=66, current_index=8
[2026-03-13T21:10:00+08:00][info] 消息缓存初始化完成: task_id=66, groups=https://t.me/twogrqoup
[2026-03-13T21:10:00+08:00][info] 任务 66 第 873 次循环，重置群组 https://t.me/twogrqoup 消息状态
[2026-03-13T21:10:00+08:00][info] 使用当前发送用户 3469 的 session_path/www/wwwroot/tdata.tgbota.top/public/uploads/admin/202602/6997fc3070d84/819056965118/tdata/temp_8418493902.session
[2026-03-13T21:10:07+08:00][info] 返回:{"status":true,"message":"发送完成，成功1个，失败0个[]","data":{"success":[{"group_id":3895336513,"group_link":"https:\/\/t.me\/twogrqoup","type":"megagroup","message":"发送成功","message_id":8145}],"failed":[],"debug":["处理标识符: https:\/\/t.me\/twogrqoup, 清理后: https:\/\/t.me\/twogrqoup, 识别为链接: True, 识别为数字ID: False","已是群组成员，群组ID: 3895336513"],"warning":""},"api_address":"185.165.170.142:5062"}
[2026-03-13T21:10:07+08:00][info] 消息ID缓存成功: task_id=66, group_id=https://t.me/twogrqoup, msg_index=8, message_id=8145, send_user_id=3469
[2026-03-13T21:10:07+08:00][info] 消息状态标记为已发送: task_id=66, group_id=https://t.me/twogrqoup, msg_index=8
[2026-03-13T21:10:07+08:00][info] 任务 66 将在 30 秒后继续处理下一条消息，索引: 9, 实例ID: task_66_index_9_1773407407.7642
[2026-03-13T21:10:29+08:00][info] 开始处理队列任务: task_id=69, current_index=1044
[2026-03-13T21:10:29+08:00][info] 使用消息配置中指定的用户 4251 的 session_path/www/wwwroot/tdata.tgbota.top/public/uploads/admin/202603/69b10fe00169d/13412475078/tdata/temp_8525124544.session
[2026-03-13T21:10:33+08:00][info] 返回:{"status":true,"message":"发送完成，成功1个，失败0个[]","data":{"success":[{"group_id":5072487869,"group_link":"https:\/\/t.me\/+9ZnJ_gHIFV41NzFh","type":"chat","message":"发送成功","message_id":1063}],"failed":[],"debug":["处理标识符: https:\/\/t.me\/+9ZnJ_gHIFV41NzFh, 清理后: https:\/\/t.me\/+9ZnJ_gHIFV41NzFh, 识别为链接: True, 识别为数字ID: False"],"warning":""},"api_address":"185.165.170.142:5036"}
[2026-03-13T21:10:33+08:00][info] 消息ID缓存成功: task_id=69, group_id=https://t.me/+9ZnJ_gHIFV41NzFh, msg_index=1044, message_id=1063, send_user_id=4251
[2026-03-13T21:10:33+08:00][info] 消息状态标记为已发送: task_id=69, group_id=https://t.me/+9ZnJ_gHIFV41NzFh, msg_index=1044
[2026-03-13T21:10:33+08:00][info] 任务 69 将在 79 秒后继续处理下一条消息，索引: 1045, 实例ID: task_69_index_1045_1773407433.8408
[2026-03-13T21:10:37+08:00][info] 开始处理队列任务: task_id=66, current_index=9
[2026-03-13T21:10:37+08:00][info] 消息缓存初始化完成: task_id=66, groups=https://t.me/twogrqoup
[2026-03-13T21:10:37+08:00][info] 任务 66 第 873 次循环，重置群组 https://t.me/twogrqoup 消息状态
[2026-03-13T21:10:37+08:00][info] 任务 66 第 873 轮完成，准备进行第 874 轮
[2026-03-13T21:10:37+08:00][info] 任务 66 即将为下一轮重新入队，延迟 5 秒，从索引 0 开始
[2026-03-13T21:10:42+08:00][info] 开始处理队列任务: task_id=66, current_index=0
[2026-03-13T21:10:42+08:00][info] 消息缓存初始化完成: task_id=66, groups=https://t.me/twogrqoup
[2026-03-13T21:10:42+08:00][info] 任务 66 第 874 次循环，重置群组 https://t.me/twogrqoup 消息状态
[2026-03-13T21:10:42+08:00][info] 使用当前发送用户 3469 的 session_path/www/wwwroot/tdata.tgbota.top/public/uploads/admin/202602/6997fc3070d84/819056965118/tdata/temp_8418493902.session
[2026-03-13T21:10:48+08:00][info] 返回:{"status":true,"message":"发送完成，成功1个，失败0个[]","data":{"success":[{"group_id":3895336513,"group_link":"https:\/\/t.me\/twogrqoup","type":"megagroup","message":"发送成功","message_id":8146}],"failed":[],"debug":["处理标识符: https:\/\/t.me\/twogrqoup, 清理后: https:\/\/t.me\/twogrqoup, 识别为链接: True, 识别为数字ID: False","已是群组成员，群组ID: 3895336513"],"warning":""},"api_address":"185.165.170.142:5062"}
[2026-03-13T21:10:48+08:00][info] 消息ID缓存成功: task_id=66, group_id=https://t.me/twogrqoup, msg_index=0, message_id=8146, send_user_id=3469
[2026-03-13T21:10:48+08:00][info] 消息状态标记为已发送: task_id=66, group_id=https://t.me/twogrqoup, msg_index=0
[2026-03-13T21:10:48+08:00][info] 任务 66 将在 15 秒后继续处理下一条消息，索引: 1, 实例ID: task_66_index_1_1773407448.3886
[2026-03-13T21:11:03+08:00][info] 开始处理队列任务: task_id=66, current_index=1
[2026-03-13T21:11:03+08:00][info] 消息缓存初始化完成: task_id=66, groups=https://t.me/twogrqoup
[2026-03-13T21:11:03+08:00][info] 任务 66 第 874 次循环，重置群组 https://t.me/twogrqoup 消息状态
[2026-03-13T21:11:03+08:00][info] 使用当前发送用户 3472 的 session_path/www/wwwroot/tdata.tgbota.top/public/uploads/admin/202602/6997fc3070d84/819050054287/tdata/temp_8308580822.session
[2026-03-13T21:11:10+08:00][info] 返回:{"status":true,"message":"发送完成，成功1个，失败0个[]","data":{"success":[{"group_id":3895336513,"group_link":"https:\/\/t.me\/twogrqoup","type":"megagroup","message":"发送成功","message_id":8147}],"failed":[],"debug":["处理标识符: https:\/\/t.me\/twogrqoup, 清理后: https:\/\/t.me\/twogrqoup, 识别为链接: True, 识别为数字ID: False","已是群组成员，群组ID: 3895336513"],"warning":""},"api_address":"185.165.170.142:5042"}
[2026-03-13T21:11:10+08:00][info] 消息ID缓存成功: task_id=66, group_id=https://t.me/twogrqoup, msg_index=1, message_id=8147, send_user_id=3472
[2026-03-13T21:11:10+08:00][info] 消息状态标记为已发送: task_id=66, group_id=https://t.me/twogrqoup, msg_index=1
[2026-03-13T21:11:10+08:00][info] 任务 66 将在 30 秒后继续处理下一条消息，索引: 2, 实例ID: task_66_index_2_1773407470.5255
[2026-03-13T21:11:40+08:00][info] 开始处理队列任务: task_id=66, current_index=2
[2026-03-13T21:11:40+08:00][info] 消息缓存初始化完成: task_id=66, groups=https://t.me/twogrqoup
[2026-03-13T21:11:40+08:00][info] 任务 66 第 874 次循环，重置群组 https://t.me/twogrqoup 消息状态
[2026-03-13T21:11:40+08:00][info] 使用当前发送用户 3473 的 session_path/www/wwwroot/tdata.tgbota.top/public/uploads/admin/202602/6997fc3070d84/819054626431/tdata/temp_8503359249.session
[2026-03-13T21:11:46+08:00][info] 返回:{"status":true,"message":"发送完成，成功1个，失败0个[]","data":{"success":[{"group_id":3895336513,"group_link":"https:\/\/t.me\/twogrqoup","type":"megagroup","message":"发送成功","message_id":8148}],"failed":[],"debug":["处理标识符: https:\/\/t.me\/twogrqoup, 清理后: https:\/\/t.me\/twogrqoup, 识别为链接: True, 识别为数字ID: False","已是群组成员，群组ID: 3895336513"],"warning":""},"api_address":"185.165.170.142:5043"}
[2026-03-13T21:11:46+08:00][info] 消息ID缓存成功: task_id=66, group_id=https://t.me/twogrqoup, msg_index=2, message_id=8148, send_user_id=3473
[2026-03-13T21:11:46+08:00][info] 消息状态标记为已发送: task_id=66, group_id=https://t.me/twogrqoup, msg_index=2
[2026-03-13T21:11:46+08:00][info] 任务 66 将在 45 秒后继续处理下一条消息，索引: 3, 实例ID: task_66_index_3_1773407506.3736
[2026-03-13T21:11:52+08:00][info] 开始处理队列任务: task_id=69, current_index=1045
[2026-03-13T21:11:52+08:00][info] 使用消息配置中指定的用户 4251 的 session_path/www/wwwroot/tdata.tgbota.top/public/uploads/admin/202603/69b10fe00169d/13412475078/tdata/temp_8525124544.session
[2026-03-13T21:11:57+08:00][info] 返回:{"status":true,"message":"发送完成，成功1个，失败0个[]","data":{"success":[{"group_id":5072487869,"group_link":"https:\/\/t.me\/+9ZnJ_gHIFV41NzFh","type":"chat","message":"发送成功","message_id":1064}],"failed":[],"debug":["处理标识符: https:\/\/t.me\/+9ZnJ_gHIFV41NzFh, 清理后: https:\/\/t.me\/+9ZnJ_gHIFV41NzFh, 识别为链接: True, 识别为数字ID: False"],"warning":""},"api_address":"185.165.170.142:5036"}
[2026-03-13T21:11:57+08:00][info] 消息ID缓存成功: task_id=69, group_id=https://t.me/+9ZnJ_gHIFV41NzFh, msg_index=1045, message_id=1064, send_user_id=4251
[2026-03-13T21:11:57+08:00][info] 消息状态标记为已发送: task_id=69, group_id=https://t.me/+9ZnJ_gHIFV41NzFh, msg_index=1045
[2026-03-13T21:11:57+08:00][info] 任务 69 将在 89 秒后继续处理下一条消息，索引: 1046, 实例ID: task_69_index_1046_1773407517.5639
[2026-03-13T21:12:31+08:00][info] 开始处理队列任务: task_id=66, current_index=3
[2026-03-13T21:12:31+08:00][info] 消息缓存初始化完成: task_id=66, groups=https://t.me/twogrqoup
[2026-03-13T21:12:31+08:00][info] 任务 66 第 874 次循环，重置群组 https://t.me/twogrqoup 消息状态
[2026-03-13T21:12:31+08:00][info] 使用当前发送用户 3469 的 session_path/www/wwwroot/tdata.tgbota.top/public/uploads/admin/202602/6997fc3070d84/819056965118/tdata/temp_8418493902.session
[2026-03-13T21:12:36+08:00][info] 返回:{"status":true,"message":"发送完成，成功1个，失败0个[]","data":{"success":[{"group_id":3895336513,"group_link":"https:\/\/t.me\/twogrqoup","type":"megagroup","message":"发送成功","message_id":8149}],"failed":[],"debug":["处理标识符: https:\/\/t.me\/twogrqoup, 清理后: https:\/\/t.me\/twogrqoup, 识别为链接: True, 识别为数字ID: False","已是群组成员，群组ID: 3895336513"],"warning":""},"api_address":"185.165.170.142:5062"}
[2026-03-13T21:12:36+08:00][info] 消息ID缓存成功: task_id=66, group_id=https://t.me/twogrqoup, msg_index=3, message_id=8149, send_user_id=3469
[2026-03-13T21:12:36+08:00][info] 消息状态标记为已发送: task_id=66, group_id=https://t.me/twogrqoup, msg_index=3
[2026-03-13T21:12:36+08:00][info] 任务 66 将在 20 秒后继续处理下一条消息，索引: 4, 实例ID: task_66_index_4_1773407556.7183
[2026-03-13T21:12:56+08:00][info] 开始处理队列任务: task_id=66, current_index=4
[2026-03-13T21:12:56+08:00][info] 消息缓存初始化完成: task_id=66, groups=https://t.me/twogrqoup
[2026-03-13T21:12:56+08:00][info] 任务 66 第 874 次循环，重置群组 https://t.me/twogrqoup 消息状态
[2026-03-13T21:12:56+08:00][info] 使用当前发送用户 3471 的 session_path/www/wwwroot/tdata.tgbota.top/public/uploads/admin/202602/6997fc3070d84/819089723520/tdata/temp_8574369010.session
[2026-03-13T21:13:02+08:00][info] 返回:{"status":true,"message":"发送完成，成功1个，失败0个[]","data":{"success":[{"group_id":3895336513,"group_link":"https:\/\/t.me\/twogrqoup","type":"megagroup","message":"发送成功","message_id":8150}],"failed":[],"debug":["处理标识符: https:\/\/t.me\/twogrqoup, 清理后: https:\/\/t.me\/twogrqoup, 识别为链接: True, 识别为数字ID: False","已是群组成员，群组ID: 3895336513"],"warning":""},"api_address":"185.165.170.142:5023"}
[2026-03-13T21:13:02+08:00][info] 消息ID缓存成功: task_id=66, group_id=https://t.me/twogrqoup, msg_index=4, message_id=8150, send_user_id=3471
[2026-03-13T21:13:02+08:00][info] 消息状态标记为已发送: task_id=66, group_id=https://t.me/twogrqoup, msg_index=4
[2026-03-13T21:13:02+08:00][info] 任务 66 将在 26 秒后继续处理下一条消息，索引: 5, 实例ID: task_66_index_5_1773407582.9774
[2026-03-13T21:13:26+08:00][info] 开始处理队列任务: task_id=69, current_index=1046
[2026-03-13T21:13:26+08:00][info] 使用消息配置中指定的用户 4250 的 session_path/www/wwwroot/tdata.tgbota.top/public/uploads/admin/202603/69b10fe00169d/13639996422/tdata/temp_8445838957.session
[2026-03-13T21:13:28+08:00][info] 开始处理队列任务: task_id=66, current_index=5
[2026-03-13T21:13:28+08:00][info] 消息缓存初始化完成: task_id=66, groups=https://t.me/twogrqoup
[2026-03-13T21:13:28+08:00][info] 任务 66 第 874 次循环，重置群组 https://t.me/twogrqoup 消息状态
[2026-03-13T21:13:28+08:00][info] 使用当前发送用户 3469 的 session_path/www/wwwroot/tdata.tgbota.top/public/uploads/admin/202602/6997fc3070d84/819056965118/tdata/temp_8418493902.session
[2026-03-13T21:13:33+08:00][info] 返回:{"status":true,"message":"发送完成，成功1个，失败0个[]","data":{"success":[{"group_id":5072487869,"group_link":"https:\/\/t.me\/+9ZnJ_gHIFV41NzFh","type":"chat","message":"发送成功","message_id":1062}],"failed":[],"debug":["处理标识符: https:\/\/t.me\/+9ZnJ_gHIFV41NzFh, 清理后: https:\/\/t.me\/+9ZnJ_gHIFV41NzFh, 识别为链接: True, 识别为数字ID: False"],"warning":""},"api_address":"185.165.170.142:5035"}
[2026-03-13T21:13:33+08:00][info] 消息ID缓存成功: task_id=69, group_id=https://t.me/+9ZnJ_gHIFV41NzFh, msg_index=1046, message_id=1062, send_user_id=4250
[2026-03-13T21:13:33+08:00][info] 消息状态标记为已发送: task_id=69, group_id=https://t.me/+9ZnJ_gHIFV41NzFh, msg_index=1046
[2026-03-13T21:13:33+08:00][info] 任务 69 将在 96 秒后继续处理下一条消息，索引: 1047, 实例ID: task_69_index_1047_1773407613.8671
[2026-03-13T21:13:35+08:00][info] 返回:{"status":true,"message":"发送完成，成功1个，失败0个[]","data":{"success":[{"group_id":3895336513,"group_link":"https:\/\/t.me\/twogrqoup","type":"megagroup","message":"发送成功","message_id":8151}],"failed":[],"debug":["处理标识符: https:\/\/t.me\/twogrqoup, 清理后: https:\/\/t.me\/twogrqoup, 识别为链接: True, 识别为数字ID: False","已是群组成员，群组ID: 3895336513"],"warning":""},"api_address":"185.165.170.142:5062"}
[2026-03-13T21:13:35+08:00][info] 消息ID缓存成功: task_id=66, group_id=https://t.me/twogrqoup, msg_index=5, message_id=8151, send_user_id=3469
[2026-03-13T21:13:35+08:00][info] 消息状态标记为已发送: task_id=66, group_id=https://t.me/twogrqoup, msg_index=5
[2026-03-13T21:13:35+08:00][info] 任务 66 将在 27 秒后继续处理下一条消息，索引: 6, 实例ID: task_66_index_6_1773407615.7451
[2026-03-13T21:14:02+08:00][info] 开始处理队列任务: task_id=66, current_index=6
[2026-03-13T21:14:02+08:00][info] 消息缓存初始化完成: task_id=66, groups=https://t.me/twogrqoup
[2026-03-13T21:14:02+08:00][info] 任务 66 第 874 次循环，重置群组 https://t.me/twogrqoup 消息状态
[2026-03-13T21:14:02+08:00][info] 使用当前发送用户 3471 的 session_path/www/wwwroot/tdata.tgbota.top/public/uploads/admin/202602/6997fc3070d84/819089723520/tdata/temp_8574369010.session
[2026-03-13T21:14:08+08:00][info] 返回:{"status":true,"message":"发送完成，成功1个，失败0个[]","data":{"success":[{"group_id":3895336513,"group_link":"https:\/\/t.me\/twogrqoup","type":"megagroup","message":"发送成功","message_id":8152}],"failed":[],"debug":["处理标识符: https:\/\/t.me\/twogrqoup, 清理后: https:\/\/t.me\/twogrqoup, 识别为链接: True, 识别为数字ID: False","已是群组成员，群组ID: 3895336513"],"warning":""},"api_address":"185.165.170.142:5023"}
[2026-03-13T21:14:08+08:00][info] 消息ID缓存成功: task_id=66, group_id=https://t.me/twogrqoup, msg_index=6, message_id=8152, send_user_id=3471
[2026-03-13T21:14:08+08:00][info] 消息状态标记为已发送: task_id=66, group_id=https://t.me/twogrqoup, msg_index=6
[2026-03-13T21:14:08+08:00][info] 任务 66 将在 13 秒后继续处理下一条消息，索引: 7, 实例ID: task_66_index_7_1773407648.3544
[2026-03-13T21:14:21+08:00][info] 开始处理队列任务: task_id=66, current_index=7
[2026-03-13T21:14:21+08:00][info] 消息缓存初始化完成: task_id=66, groups=https://t.me/twogrqoup
[2026-03-13T21:14:21+08:00][info] 任务 66 第 874 次循环，重置群组 https://t.me/twogrqoup 消息状态
[2026-03-13T21:14:21+08:00][info] 使用当前发送用户 3471 的 session_path/www/wwwroot/tdata.tgbota.top/public/uploads/admin/202602/6997fc3070d84/819089723520/tdata/temp_8574369010.session
[2026-03-13T21:14:28+08:00][info] 返回:{"status":true,"message":"发送完成，成功1个，失败0个[]","data":{"success":[{"group_id":3895336513,"group_link":"https:\/\/t.me\/twogrqoup","type":"megagroup","message":"发送成功","message_id":8153}],"failed":[],"debug":["处理标识符: https:\/\/t.me\/twogrqoup, 清理后: https:\/\/t.me\/twogrqoup, 识别为链接: True, 识别为数字ID: False","已是群组成员，群组ID: 3895336513"],"warning":""},"api_address":"185.165.170.142:5023"}
[2026-03-13T21:14:28+08:00][info] 消息ID缓存成功: task_id=66, group_id=https://t.me/twogrqoup, msg_index=7, message_id=8153, send_user_id=3471
[2026-03-13T21:14:28+08:00][info] 消息状态标记为已发送: task_id=66, group_id=https://t.me/twogrqoup, msg_index=7
[2026-03-13T21:14:28+08:00][info] 任务 66 将在 26 秒后继续处理下一条消息，索引: 8, 实例ID: task_66_index_8_1773407668.9122
[2026-03-13T21:14:54+08:00][info] 开始处理队列任务: task_id=66, current_index=8
[2026-03-13T21:14:54+08:00][info] 消息缓存初始化完成: task_id=66, groups=https://t.me/twogrqoup
[2026-03-13T21:14:54+08:00][info] 任务 66 第 874 次循环，重置群组 https://t.me/twogrqoup 消息状态
[2026-03-13T21:14:54+08:00][info] 使用当前发送用户 3469 的 session_path/www/wwwroot/tdata.tgbota.top/public/uploads/admin/202602/6997fc3070d84/819056965118/tdata/temp_8418493902.session
[2026-03-13T21:15:01+08:00][info] 返回:{"status":true,"message":"发送完成，成功1个，失败0个[]","data":{"success":[{"group_id":3895336513,"group_link":"https:\/\/t.me\/twogrqoup","type":"megagroup","message":"发送成功","message_id":8154}],"failed":[],"debug":["处理标识符: https:\/\/t.me\/twogrqoup, 清理后: https:\/\/t.me\/twogrqoup, 识别为链接: True, 识别为数字ID: False","已是群组成员，群组ID: 3895336513"],"warning":""},"api_address":"185.165.170.142:5062"}
[2026-03-13T21:15:01+08:00][info] 消息ID缓存成功: task_id=66, group_id=https://t.me/twogrqoup, msg_index=8, message_id=8154, send_user_id=3469
[2026-03-13T21:15:01+08:00][info] 消息状态标记为已发送: task_id=66, group_id=https://t.me/twogrqoup, msg_index=8
[2026-03-13T21:15:01+08:00][info] 任务 66 将在 30 秒后继续处理下一条消息，索引: 9, 实例ID: task_66_index_9_1773407701.0967
[2026-03-13T21:15:09+08:00][info] 开始处理队列任务: task_id=69, current_index=1047
[2026-03-13T21:15:09+08:00][info] 使用消息配置中指定的用户 4249 的 session_path/www/wwwroot/tdata.tgbota.top/public/uploads/admin/202603/69b10fe00169d/13528023939/tdata/temp_8564033513.session
[2026-03-13T21:15:16+08:00][info] 返回:{"status":true,"message":"发送完成，成功1个，失败0个[]","data":{"success":[{"group_id":5072487869,"group_link":"https:\/\/t.me\/+9ZnJ_gHIFV41NzFh","type":"chat","message":"发送成功","message_id":1061}],"failed":[],"debug":["处理标识符: https:\/\/t.me\/+9ZnJ_gHIFV41NzFh, 清理后: https:\/\/t.me\/+9ZnJ_gHIFV41NzFh, 识别为链接: True, 识别为数字ID: False"],"warning":""},"api_address":"185.165.170.142:5034"}
[2026-03-13T21:15:16+08:00][info] 消息ID缓存成功: task_id=69, group_id=https://t.me/+9ZnJ_gHIFV41NzFh, msg_index=1047, message_id=1061, send_user_id=4249
[2026-03-13T21:15:16+08:00][info] 消息状态标记为已发送: task_id=69, group_id=https://t.me/+9ZnJ_gHIFV41NzFh, msg_index=1047
[2026-03-13T21:15:16+08:00][info] 任务 69 将在 105 秒后继续处理下一条消息，索引: 1048, 实例ID: task_69_index_1048_1773407716.2848
[2026-03-13T21:15:31+08:00][info] 开始处理队列任务: task_id=66, current_index=9
[2026-03-13T21:15:31+08:00][info] 消息缓存初始化完成: task_id=66, groups=https://t.me/twogrqoup
[2026-03-13T21:15:31+08:00][info] 任务 66 第 874 次循环，重置群组 https://t.me/twogrqoup 消息状态
[2026-03-13T21:15:31+08:00][info] 任务 66 第 874 轮完成，准备进行第 875 轮
[2026-03-13T21:15:31+08:00][info] 任务 66 即将为下一轮重新入队，延迟 5 秒，从索引 0 开始
[2026-03-13T21:15:36+08:00][info] 开始处理队列任务: task_id=66, current_index=0
[2026-03-13T21:15:36+08:00][info] 消息缓存初始化完成: task_id=66, groups=https://t.me/twogrqoup
[2026-03-13T21:15:36+08:00][info] 任务 66 第 875 次循环，重置群组 https://t.me/twogrqoup 消息状态
[2026-03-13T21:15:36+08:00][info] 使用当前发送用户 3469 的 session_path/www/wwwroot/tdata.tgbota.top/public/uploads/admin/202602/6997fc3070d84/819056965118/tdata/temp_8418493902.session
[2026-03-13T21:15:42+08:00][info] 返回:{"status":true,"message":"发送完成，成功1个，失败0个[]","data":{"success":[{"group_id":3895336513,"group_link":"https:\/\/t.me\/twogrqoup","type":"megagroup","message":"发送成功","message_id":8155}],"failed":[],"debug":["处理标识符: https:\/\/t.me\/twogrqoup, 清理后: https:\/\/t.me\/twogrqoup, 识别为链接: True, 识别为数字ID: False","已是群组成员，群组ID: 3895336513"],"warning":""},"api_address":"185.165.170.142:5062"}
[2026-03-13T21:15:42+08:00][info] 消息ID缓存成功: task_id=66, group_id=https://t.me/twogrqoup, msg_index=0, message_id=8155, send_user_id=3469
[2026-03-13T21:15:42+08:00][info] 消息状态标记为已发送: task_id=66, group_id=https://t.me/twogrqoup, msg_index=0
[2026-03-13T21:15:42+08:00][info] 任务 66 将在 15 秒后继续处理下一条消息，索引: 1, 实例ID: task_66_index_1_1773407742.4054
[2026-03-13T21:15:57+08:00][info] 开始处理队列任务: task_id=66, current_index=1
[2026-03-13T21:15:57+08:00][info] 消息缓存初始化完成: task_id=66, groups=https://t.me/twogrqoup
[2026-03-13T21:15:57+08:00][info] 任务 66 第 875 次循环，重置群组 https://t.me/twogrqoup 消息状态
[2026-03-13T21:15:57+08:00][info] 使用当前发送用户 3472 的 session_path/www/wwwroot/tdata.tgbota.top/public/uploads/admin/202602/6997fc3070d84/819050054287/tdata/temp_8308580822.session
[2026-03-13T21:16:03+08:00][info] 返回:{"status":true,"message":"发送完成，成功1个，失败0个[]","data":{"success":[{"group_id":3895336513,"group_link":"https:\/\/t.me\/twogrqoup","type":"megagroup","message":"发送成功","message_id":8156}],"failed":[],"debug":["处理标识符: https:\/\/t.me\/twogrqoup, 清理后: https:\/\/t.me\/twogrqoup, 识别为链接: True, 识别为数字ID: False","已是群组成员，群组ID: 3895336513"],"warning":""},"api_address":"185.165.170.142:5042"}
[2026-03-13T21:16:03+08:00][info] 消息ID缓存成功: task_id=66, group_id=https://t.me/twogrqoup, msg_index=1, message_id=8156, send_user_id=3472
[2026-03-13T21:16:03+08:00][info] 消息状态标记为已发送: task_id=66, group_id=https://t.me/twogrqoup, msg_index=1
[2026-03-13T21:16:03+08:00][info] 任务 66 将在 30 秒后继续处理下一条消息，索引: 2, 实例ID: task_66_index_2_1773407763.7969
[2026-03-13T21:16:33+08:00][info] 开始处理队列任务: task_id=66, current_index=2
[2026-03-13T21:16:33+08:00][info] 消息缓存初始化完成: task_id=66, groups=https://t.me/twogrqoup
[2026-03-13T21:16:33+08:00][info] 任务 66 第 875 次循环，重置群组 https://t.me/twogrqoup 消息状态
[2026-03-13T21:16:33+08:00][info] 使用当前发送用户 3473 的 session_path/www/wwwroot/tdata.tgbota.top/public/uploads/admin/202602/6997fc3070d84/819054626431/tdata/temp_8503359249.session
[2026-03-13T21:16:40+08:00][info] 返回:{"status":true,"message":"发送完成，成功1个，失败0个[]","data":{"success":[{"group_id":3895336513,"group_link":"https:\/\/t.me\/twogrqoup","type":"megagroup","message":"发送成功","message_id":8157}],"failed":[],"debug":["处理标识符: https:\/\/t.me\/twogrqoup, 清理后: https:\/\/t.me\/twogrqoup, 识别为链接: True, 识别为数字ID: False","已是群组成员，群组ID: 3895336513"],"warning":""},"api_address":"185.165.170.142:5043"}
[2026-03-13T21:16:40+08:00][info] 消息ID缓存成功: task_id=66, group_id=https://t.me/twogrqoup, msg_index=2, message_id=8157, send_user_id=3473
[2026-03-13T21:16:40+08:00][info] 消息状态标记为已发送: task_id=66, group_id=https://t.me/twogrqoup, msg_index=2
[2026-03-13T21:16:40+08:00][info] 任务 66 将在 45 秒后继续处理下一条消息，索引: 3, 实例ID: task_66_index_3_1773407800.6369
[2026-03-13T21:17:01+08:00][info] 开始处理队列任务: task_id=69, current_index=1048
[2026-03-13T21:17:01+08:00][info] 使用消息配置中指定的用户 4248 的 session_path/www/wwwroot/tdata.tgbota.top/public/uploads/admin/202603/69b10fe00169d/13394631524/tdata/temp_8023071106.session
[2026-03-13T21:17:06+08:00][info] 返回:{"status":true,"message":"发送完成，成功1个，失败0个[]","data":{"success":[{"group_id":5072487869,"group_link":"https:\/\/t.me\/+9ZnJ_gHIFV41NzFh","type":"chat","message":"发送成功","message_id":1060}],"failed":[],"debug":["处理标识符: https:\/\/t.me\/+9ZnJ_gHIFV41NzFh, 清理后: https:\/\/t.me\/+9ZnJ_gHIFV41NzFh, 识别为链接: True, 识别为数字ID: False"],"warning":""},"api_address":"185.165.170.142:5033"}
[2026-03-13T21:17:06+08:00][info] 消息ID缓存成功: task_id=69, group_id=https://t.me/+9ZnJ_gHIFV41NzFh, msg_index=1048, message_id=1060, send_user_id=4248
[2026-03-13T21:17:06+08:00][info] 消息状态标记为已发送: task_id=69, group_id=https://t.me/+9ZnJ_gHIFV41NzFh, msg_index=1048
[2026-03-13T21:17:06+08:00][info] 任务 69 将在 103 秒后继续处理下一条消息，索引: 1049, 实例ID: task_69_index_1049_1773407826.2803
[2026-03-13T21:17:25+08:00][info] 开始处理队列任务: task_id=66, current_index=3
[2026-03-13T21:17:25+08:00][info] 消息缓存初始化完成: task_id=66, groups=https://t.me/twogrqoup
[2026-03-13T21:17:25+08:00][info] 任务 66 第 875 次循环，重置群组 https://t.me/twogrqoup 消息状态
[2026-03-13T21:17:25+08:00][info] 使用当前发送用户 3469 的 session_path/www/wwwroot/tdata.tgbota.top/public/uploads/admin/202602/6997fc3070d84/819056965118/tdata/temp_8418493902.session
[2026-03-13T21:17:32+08:00][info] 返回:{"status":true,"message":"发送完成，成功1个，失败0个[]","data":{"success":[{"group_id":3895336513,"group_link":"https:\/\/t.me\/twogrqoup","type":"megagroup","message":"发送成功","message_id":8158}],"failed":[],"debug":["处理标识符: https:\/\/t.me\/twogrqoup, 清理后: https:\/\/t.me\/twogrqoup, 识别为链接: True, 识别为数字ID: False","已是群组成员，群组ID: 3895336513"],"warning":""},"api_address":"185.165.170.142:5062"}
[2026-03-13T21:17:32+08:00][info] 消息ID缓存成功: task_id=66, group_id=https://t.me/twogrqoup, msg_index=3, message_id=8158, send_user_id=3469
[2026-03-13T21:17:32+08:00][info] 消息状态标记为已发送: task_id=66, group_id=https://t.me/twogrqoup, msg_index=3
[2026-03-13T21:17:32+08:00][info] 任务 66 将在 20 秒后继续处理下一条消息，索引: 4, 实例ID: task_66_index_4_1773407852.1969
[2026-03-13T21:17:52+08:00][info] 开始处理队列任务: task_id=66, current_index=4
[2026-03-13T21:17:52+08:00][info] 消息缓存初始化完成: task_id=66, groups=https://t.me/twogrqoup
[2026-03-13T21:17:52+08:00][info] 任务 66 第 875 次循环，重置群组 https://t.me/twogrqoup 消息状态
[2026-03-13T21:17:52+08:00][info] 使用当前发送用户 3471 的 session_path/www/wwwroot/tdata.tgbota.top/public/uploads/admin/202602/6997fc3070d84/819089723520/tdata/temp_8574369010.session
[2026-03-13T21:17:58+08:00][info] 返回:{"status":true,"message":"发送完成，成功1个，失败0个[]","data":{"success":[{"group_id":3895336513,"group_link":"https:\/\/t.me\/twogrqoup","type":"megagroup","message":"发送成功","message_id":8159}],"failed":[],"debug":["处理标识符: https:\/\/t.me\/twogrqoup, 清理后: https:\/\/t.me\/twogrqoup, 识别为链接: True, 识别为数字ID: False","已是群组成员，群组ID: 3895336513"],"warning":""},"api_address":"185.165.170.142:5023"}
[2026-03-13T21:17:58+08:00][info] 消息ID缓存成功: task_id=66, group_id=https://t.me/twogrqoup, msg_index=4, message_id=8159, send_user_id=3471
[2026-03-13T21:17:58+08:00][info] 消息状态标记为已发送: task_id=66, group_id=https://t.me/twogrqoup, msg_index=4
[2026-03-13T21:17:58+08:00][info] 任务 66 将在 26 秒后继续处理下一条消息，索引: 5, 实例ID: task_66_index_5_1773407878.1945
[2026-03-13T21:18:24+08:00][info] 开始处理队列任务: task_id=66, current_index=5
[2026-03-13T21:18:24+08:00][info] 消息缓存初始化完成: task_id=66, groups=https://t.me/twogrqoup
[2026-03-13T21:18:24+08:00][info] 任务 66 第 875 次循环，重置群组 https://t.me/twogrqoup 消息状态
[2026-03-13T21:18:24+08:00][info] 使用当前发送用户 3469 的 session_path/www/wwwroot/tdata.tgbota.top/public/uploads/admin/202602/6997fc3070d84/819056965118/tdata/temp_8418493902.session
[2026-03-13T21:18:30+08:00][info] 返回:{"status":true,"message":"发送完成，成功1个，失败0个[]","data":{"success":[{"group_id":3895336513,"group_link":"https:\/\/t.me\/twogrqoup","type":"megagroup","message":"发送成功","message_id":8160}],"failed":[],"debug":["处理标识符: https:\/\/t.me\/twogrqoup, 清理后: https:\/\/t.me\/twogrqoup, 识别为链接: True, 识别为数字ID: False","已是群组成员，群组ID: 3895336513"],"warning":""},"api_address":"185.165.170.142:5062"}
[2026-03-13T21:18:30+08:00][info] 消息ID缓存成功: task_id=66, group_id=https://t.me/twogrqoup, msg_index=5, message_id=8160, send_user_id=3469
[2026-03-13T21:18:30+08:00][info] 消息状态标记为已发送: task_id=66, group_id=https://t.me/twogrqoup, msg_index=5
[2026-03-13T21:18:30+08:00][info] 任务 66 将在 27 秒后继续处理下一条消息，索引: 6, 实例ID: task_66_index_6_1773407910.1217
[2026-03-13T21:18:49+08:00][info] 开始处理队列任务: task_id=69, current_index=1049
[2026-03-13T21:18:49+08:00][info] 使用feedbackType=1048的消息ID: 1061
[2026-03-13T21:18:49+08:00][info] 使用消息配置中指定的用户 4247 的 session_path/www/wwwroot/tdata.tgbota.top/public/uploads/admin/202603/69b10fe00169d/13463004519/tdata/temp_8524606971.session
[2026-03-13T21:18:55+08:00][info] 返回:{"status":true,"message":"发送完成，成功1个，失败0个[]","data":{"success":[{"group_id":5072487869,"group_link":"https:\/\/t.me\/+9ZnJ_gHIFV41NzFh","type":"chat","message":"发送成功","message_id":1059}],"failed":[],"debug":["处理标识符: https:\/\/t.me\/+9ZnJ_gHIFV41NzFh, 清理后: https:\/\/t.me\/+9ZnJ_gHIFV41NzFh, 识别为链接: True, 识别为数字ID: False"],"warning":""},"api_address":"185.165.170.142:5032"}
[2026-03-13T21:18:55+08:00][info] 消息ID缓存成功: task_id=69, group_id=https://t.me/+9ZnJ_gHIFV41NzFh, msg_index=1049, message_id=1059, send_user_id=4247
[2026-03-13T21:18:55+08:00][info] 消息状态标记为已发送: task_id=69, group_id=https://t.me/+9ZnJ_gHIFV41NzFh, msg_index=1049
[2026-03-13T21:18:55+08:00][info] 任务 69 将在 105 秒后继续处理下一条消息，索引: 1050, 实例ID: task_69_index_1050_1773407935.8581
[2026-03-13T21:18:57+08:00][info] 开始处理队列任务: task_id=66, current_index=6
[2026-03-13T21:18:57+08:00][info] 消息缓存初始化完成: task_id=66, groups=https://t.me/twogrqoup
[2026-03-13T21:18:57+08:00][info] 任务 66 第 875 次循环，重置群组 https://t.me/twogrqoup 消息状态
[2026-03-13T21:18:57+08:00][info] 使用当前发送用户 3471 的 session_path/www/wwwroot/tdata.tgbota.top/public/uploads/admin/202602/6997fc3070d84/819089723520/tdata/temp_8574369010.session
[2026-03-13T21:19:02+08:00][info] 返回:{"status":true,"message":"发送完成，成功1个，失败0个[]","data":{"success":[{"group_id":3895336513,"group_link":"https:\/\/t.me\/twogrqoup","type":"megagroup","message":"发送成功","message_id":8161}],"failed":[],"debug":["处理标识符: https:\/\/t.me\/twogrqoup, 清理后: https:\/\/t.me\/twogrqoup, 识别为链接: True, 识别为数字ID: False","已是群组成员，群组ID: 3895336513"],"warning":""},"api_address":"185.165.170.142:5023"}
[2026-03-13T21:19:02+08:00][info] 消息ID缓存成功: task_id=66, group_id=https://t.me/twogrqoup, msg_index=6, message_id=8161, send_user_id=3471
[2026-03-13T21:19:02+08:00][info] 消息状态标记为已发送: task_id=66, group_id=https://t.me/twogrqoup, msg_index=6
[2026-03-13T21:19:02+08:00][info] 任务 66 将在 13 秒后继续处理下一条消息，索引: 7, 实例ID: task_66_index_7_1773407942.9993
[2026-03-13T21:19:15+08:00][info] 开始处理队列任务: task_id=66, current_index=7
[2026-03-13T21:19:15+08:00][info] 消息缓存初始化完成: task_id=66, groups=https://t.me/twogrqoup
[2026-03-13T21:19:15+08:00][info] 任务 66 第 875 次循环，重置群组 https://t.me/twogrqoup 消息状态
[2026-03-13T21:19:15+08:00][info] 使用当前发送用户 3471 的 session_path/www/wwwroot/tdata.tgbota.top/public/uploads/admin/202602/6997fc3070d84/819089723520/tdata/temp_8574369010.session
[2026-03-13T21:19:22+08:00][info] 返回:{"status":true,"message":"发送完成，成功1个，失败0个[]","data":{"success":[{"group_id":3895336513,"group_link":"https:\/\/t.me\/twogrqoup","type":"megagroup","message":"发送成功","message_id":8162}],"failed":[],"debug":["处理标识符: https:\/\/t.me\/twogrqoup, 清理后: https:\/\/t.me\/twogrqoup, 识别为链接: True, 识别为数字ID: False","已是群组成员，群组ID: 3895336513"],"warning":""},"api_address":"185.165.170.142:5023"}
[2026-03-13T21:19:22+08:00][info] 消息ID缓存成功: task_id=66, group_id=https://t.me/twogrqoup, msg_index=7, message_id=8162, send_user_id=3471
[2026-03-13T21:19:22+08:00][info] 消息状态标记为已发送: task_id=66, group_id=https://t.me/twogrqoup, msg_index=7
[2026-03-13T21:19:22+08:00][info] 任务 66 将在 26 秒后继续处理下一条消息，索引: 8, 实例ID: task_66_index_8_1773407962.1567
[2026-03-13T21:19:48+08:00][info] 开始处理队列任务: task_id=66, current_index=8
[2026-03-13T21:19:48+08:00][info] 消息缓存初始化完成: task_id=66, groups=https://t.me/twogrqoup
[2026-03-13T21:19:48+08:00][info] 任务 66 第 875 次循环，重置群组 https://t.me/twogrqoup 消息状态
[2026-03-13T21:19:48+08:00][info] 使用当前发送用户 3469 的 session_path/www/wwwroot/tdata.tgbota.top/public/uploads/admin/202602/6997fc3070d84/819056965118/tdata/temp_8418493902.session
[2026-03-13T21:19:55+08:00][info] 返回:{"status":true,"message":"发送完成，成功1个，失败0个[]","data":{"success":[{"group_id":3895336513,"group_link":"https:\/\/t.me\/twogrqoup","type":"megagroup","message":"发送成功","message_id":8163}],"failed":[],"debug":["处理标识符: https:\/\/t.me\/twogrqoup, 清理后: https:\/\/t.me\/twogrqoup, 识别为链接: True, 识别为数字ID: False","已是群组成员，群组ID: 3895336513"],"warning":""},"api_address":"185.165.170.142:5062"}
[2026-03-13T21:19:55+08:00][info] 消息ID缓存成功: task_id=66, group_id=https://t.me/twogrqoup, msg_index=8, message_id=8163, send_user_id=3469
[2026-03-13T21:19:55+08:00][info] 消息状态标记为已发送: task_id=66, group_id=https://t.me/twogrqoup, msg_index=8
[2026-03-13T21:19:55+08:00][info] 任务 66 将在 30 秒后继续处理下一条消息，索引: 9, 实例ID: task_66_index_9_1773407995.3117
[2026-03-13T21:20:25+08:00][info] 开始处理队列任务: task_id=66, current_index=9
[2026-03-13T21:20:25+08:00][info] 消息缓存初始化完成: task_id=66, groups=https://t.me/twogrqoup
[2026-03-13T21:20:25+08:00][info] 任务 66 第 875 次循环，重置群组 https://t.me/twogrqoup 消息状态
[2026-03-13T21:20:25+08:00][info] 任务 66 第 875 轮完成，准备进行第 876 轮
[2026-03-13T21:20:25+08:00][info] 任务 66 即将为下一轮重新入队，延迟 5 秒，从索引 0 开始
[2026-03-13T21:20:30+08:00][info] 开始处理队列任务: task_id=66, current_index=0
[2026-03-13T21:20:30+08:00][info] 消息缓存初始化完成: task_id=66, groups=https://t.me/twogrqoup
[2026-03-13T21:20:30+08:00][info] 任务 66 第 876 次循环，重置群组 https://t.me/twogrqoup 消息状态
[2026-03-13T21:20:30+08:00][info] 使用当前发送用户 3469 的 session_path/www/wwwroot/tdata.tgbota.top/public/uploads/admin/202602/6997fc3070d84/819056965118/tdata/temp_8418493902.session
[2026-03-13T21:20:36+08:00][info] 返回:{"status":true,"message":"发送完成，成功1个，失败0个[]","data":{"success":[{"group_id":3895336513,"group_link":"https:\/\/t.me\/twogrqoup","type":"megagroup","message":"发送成功","message_id":8164}],"failed":[],"debug":["处理标识符: https:\/\/t.me\/twogrqoup, 清理后: https:\/\/t.me\/twogrqoup, 识别为链接: True, 识别为数字ID: False","已是群组成员，群组ID: 3895336513"],"warning":""},"api_address":"185.165.170.142:5062"}
[2026-03-13T21:20:36+08:00][info] 消息ID缓存成功: task_id=66, group_id=https://t.me/twogrqoup, msg_index=0, message_id=8164, send_user_id=3469
[2026-03-13T21:20:36+08:00][info] 消息状态标记为已发送: task_id=66, group_id=https://t.me/twogrqoup, msg_index=0
[2026-03-13T21:20:36+08:00][info] 任务 66 将在 15 秒后继续处理下一条消息，索引: 1, 实例ID: task_66_index_1_1773408036.2487
[2026-03-13T21:20:40+08:00][info] 开始处理队列任务: task_id=69, current_index=1050
[2026-03-13T21:20:40+08:00][info] 使用消息配置中指定的用户 4249 的 session_path/www/wwwroot/tdata.tgbota.top/public/uploads/admin/202603/69b10fe00169d/13528023939/tdata/temp_8564033513.session
[2026-03-13T21:20:45+08:00][info] 返回:{"status":true,"message":"发送完成，成功1个，失败0个[]","data":{"success":[{"group_id":5072487869,"group_link":"https:\/\/t.me\/+9ZnJ_gHIFV41NzFh","type":"chat","message":"发送成功","message_id":1064}],"failed":[],"debug":["处理标识符: https:\/\/t.me\/+9ZnJ_gHIFV41NzFh, 清理后: https:\/\/t.me\/+9ZnJ_gHIFV41NzFh, 识别为链接: True, 识别为数字ID: False"],"warning":""},"api_address":"185.165.170.142:5034"}
[2026-03-13T21:20:45+08:00][info] 消息ID缓存成功: task_id=69, group_id=https://t.me/+9ZnJ_gHIFV41NzFh, msg_index=1050, message_id=1064, send_user_id=4249
[2026-03-13T21:20:45+08:00][info] 消息状态标记为已发送: task_id=69, group_id=https://t.me/+9ZnJ_gHIFV41NzFh, msg_index=1050
[2026-03-13T21:20:45+08:00][info] 任务 69 将在 100 秒后继续处理下一条消息，索引: 1051, 实例ID: task_69_index_1051_1773408045.2832
[2026-03-13T21:20:51+08:00][info] 开始处理队列任务: task_id=66, current_index=1
[2026-03-13T21:20:51+08:00][info] 消息缓存初始化完成: task_id=66, groups=https://t.me/twogrqoup
[2026-03-13T21:20:51+08:00][info] 任务 66 第 876 次循环，重置群组 https://t.me/twogrqoup 消息状态
[2026-03-13T21:20:51+08:00][info] 使用当前发送用户 3472 的 session_path/www/wwwroot/tdata.tgbota.top/public/uploads/admin/202602/6997fc3070d84/819050054287/tdata/temp_8308580822.session
[2026-03-13T21:20:56+08:00][info] 返回:{"status":true,"message":"发送完成，成功1个，失败0个[]","data":{"success":[{"group_id":3895336513,"group_link":"https:\/\/t.me\/twogrqoup","type":"megagroup","message":"发送成功","message_id":8165}],"failed":[],"debug":["处理标识符: https:\/\/t.me\/twogrqoup, 清理后: https:\/\/t.me\/twogrqoup, 识别为链接: True, 识别为数字ID: False","已是群组成员，群组ID: 3895336513"],"warning":""},"api_address":"185.165.170.142:5042"}
[2026-03-13T21:20:56+08:00][info] 消息ID缓存成功: task_id=66, group_id=https://t.me/twogrqoup, msg_index=1, message_id=8165, send_user_id=3472
[2026-03-13T21:20:56+08:00][info] 消息状态标记为已发送: task_id=66, group_id=https://t.me/twogrqoup, msg_index=1
[2026-03-13T21:20:56+08:00][info] 任务 66 将在 30 秒后继续处理下一条消息，索引: 2, 实例ID: task_66_index_2_1773408056.2551
[2026-03-13T21:21:26+08:00][info] 开始处理队列任务: task_id=66, current_index=2
[2026-03-13T21:21:26+08:00][info] 消息缓存初始化完成: task_id=66, groups=https://t.me/twogrqoup
[2026-03-13T21:21:26+08:00][info] 任务 66 第 876 次循环，重置群组 https://t.me/twogrqoup 消息状态
[2026-03-13T21:21:26+08:00][info] 使用当前发送用户 3473 的 session_path/www/wwwroot/tdata.tgbota.top/public/uploads/admin/202602/6997fc3070d84/819054626431/tdata/temp_8503359249.session
[2026-03-13T21:21:31+08:00][info] 返回:{"status":true,"message":"发送完成，成功1个，失败0个[]","data":{"success":[{"group_id":3895336513,"group_link":"https:\/\/t.me\/twogrqoup","type":"megagroup","message":"发送成功","message_id":8166}],"failed":[],"debug":["处理标识符: https:\/\/t.me\/twogrqoup, 清理后: https:\/\/t.me\/twogrqoup, 识别为链接: True, 识别为数字ID: False","已是群组成员，群组ID: 3895336513"],"warning":""},"api_address":"185.165.170.142:5043"}
[2026-03-13T21:21:31+08:00][info] 消息ID缓存成功: task_id=66, group_id=https://t.me/twogrqoup, msg_index=2, message_id=8166, send_user_id=3473
[2026-03-13T21:21:31+08:00][info] 消息状态标记为已发送: task_id=66, group_id=https://t.me/twogrqoup, msg_index=2
[2026-03-13T21:21:31+08:00][info] 任务 66 将在 45 秒后继续处理下一条消息，索引: 3, 实例ID: task_66_index_3_1773408091.1745
[2026-03-13T21:22:16+08:00][info] 开始处理队列任务: task_id=66, current_index=3
[2026-03-13T21:22:16+08:00][info] 消息缓存初始化完成: task_id=66, groups=https://t.me/twogrqoup
[2026-03-13T21:22:16+08:00][info] 任务 66 第 876 次循环，重置群组 https://t.me/twogrqoup 消息状态
[2026-03-13T21:22:16+08:00][info] 使用当前发送用户 3469 的 session_path/www/wwwroot/tdata.tgbota.top/public/uploads/admin/202602/6997fc3070d84/819056965118/tdata/temp_8418493902.session
[2026-03-13T21:22:24+08:00][info] 返回:{"status":true,"message":"发送完成，成功1个，失败0个[]","data":{"success":[{"group_id":3895336513,"group_link":"https:\/\/t.me\/twogrqoup","type":"megagroup","message":"发送成功","message_id":8167}],"failed":[],"debug":["处理标识符: https:\/\/t.me\/twogrqoup, 清理后: https:\/\/t.me\/twogrqoup, 识别为链接: True, 识别为数字ID: False","已是群组成员，群组ID: 3895336513"],"warning":""},"api_address":"185.165.170.142:5062"}
[2026-03-13T21:22:24+08:00][info] 消息ID缓存成功: task_id=66, group_id=https://t.me/twogrqoup, msg_index=3, message_id=8167, send_user_id=3469
[2026-03-13T21:22:24+08:00][info] 消息状态标记为已发送: task_id=66, group_id=https://t.me/twogrqoup, msg_index=3
[2026-03-13T21:22:24+08:00][info] 任务 66 将在 20 秒后继续处理下一条消息，索引: 4, 实例ID: task_66_index_4_1773408144.1995
[2026-03-13T21:22:25+08:00][info] 开始处理队列任务: task_id=69, current_index=1051
[2026-03-13T21:22:25+08:00][info] 使用消息配置中指定的用户 4246 的 session_path/www/wwwroot/tdata.tgbota.top/public/uploads/admin/202603/69b10fe00169d/13525689778/tdata/temp_8298330802.session
[2026-03-13T21:22:31+08:00][info] 返回:{"status":true,"message":"发送完成，成功1个，失败0个[]","data":{"success":[{"group_id":5072487869,"group_link":"https:\/\/t.me\/+9ZnJ_gHIFV41NzFh","type":"chat","message":"发送成功","message_id":1059}],"failed":[],"debug":["处理标识符: https:\/\/t.me\/+9ZnJ_gHIFV41NzFh, 清理后: https:\/\/t.me\/+9ZnJ_gHIFV41NzFh, 识别为链接: True, 识别为数字ID: False"],"warning":""},"api_address":"185.165.170.142:5031"}
[2026-03-13T21:22:31+08:00][info] 消息ID缓存成功: task_id=69, group_id=https://t.me/+9ZnJ_gHIFV41NzFh, msg_index=1051, message_id=1059, send_user_id=4246
[2026-03-13T21:22:31+08:00][info] 消息状态标记为已发送: task_id=69, group_id=https://t.me/+9ZnJ_gHIFV41NzFh, msg_index=1051
[2026-03-13T21:22:31+08:00][info] 任务 69 将在 88 秒后继续处理下一条消息，索引: 1052, 实例ID: task_69_index_1052_1773408151.1906
[2026-03-13T21:22:44+08:00][info] 开始处理队列任务: task_id=66, current_index=4
[2026-03-13T21:22:44+08:00][info] 消息缓存初始化完成: task_id=66, groups=https://t.me/twogrqoup
[2026-03-13T21:22:44+08:00][info] 任务 66 第 876 次循环，重置群组 https://t.me/twogrqoup 消息状态
[2026-03-13T21:22:44+08:00][info] 使用当前发送用户 3471 的 session_path/www/wwwroot/tdata.tgbota.top/public/uploads/admin/202602/6997fc3070d84/819089723520/tdata/temp_8574369010.session
[2026-03-13T21:22:51+08:00][info] 返回:{"status":true,"message":"发送完成，成功1个，失败0个[]","data":{"success":[{"group_id":3895336513,"group_link":"https:\/\/t.me\/twogrqoup","type":"megagroup","message":"发送成功","message_id":8168}],"failed":[],"debug":["处理标识符: https:\/\/t.me\/twogrqoup, 清理后: https:\/\/t.me\/twogrqoup, 识别为链接: True, 识别为数字ID: False","已是群组成员，群组ID: 3895336513"],"warning":""},"api_address":"185.165.170.142:5023"}
[2026-03-13T21:22:51+08:00][info] 消息ID缓存成功: task_id=66, group_id=https://t.me/twogrqoup, msg_index=4, message_id=8168, send_user_id=3471
[2026-03-13T21:22:51+08:00][info] 消息状态标记为已发送: task_id=66, group_id=https://t.me/twogrqoup, msg_index=4
[2026-03-13T21:22:51+08:00][info] 任务 66 将在 26 秒后继续处理下一条消息，索引: 5, 实例ID: task_66_index_5_1773408171.3885
[2026-03-13T21:23:17+08:00][info] 开始处理队列任务: task_id=66, current_index=5
[2026-03-13T21:23:17+08:00][info] 消息缓存初始化完成: task_id=66, groups=https://t.me/twogrqoup
[2026-03-13T21:23:17+08:00][info] 任务 66 第 876 次循环，重置群组 https://t.me/twogrqoup 消息状态
[2026-03-13T21:23:17+08:00][info] 使用当前发送用户 3469 的 session_path/www/wwwroot/tdata.tgbota.top/public/uploads/admin/202602/6997fc3070d84/819056965118/tdata/temp_8418493902.session
[2026-03-13T21:23:22+08:00][info] 返回:{"status":true,"message":"发送完成，成功1个，失败0个[]","data":{"success":[{"group_id":3895336513,"group_link":"https:\/\/t.me\/twogrqoup","type":"megagroup","message":"发送成功","message_id":8169}],"failed":[],"debug":["处理标识符: https:\/\/t.me\/twogrqoup, 清理后: https:\/\/t.me\/twogrqoup, 识别为链接: True, 识别为数字ID: False","已是群组成员，群组ID: 3895336513"],"warning":""},"api_address":"185.165.170.142:5062"}
[2026-03-13T21:23:22+08:00][info] 消息ID缓存成功: task_id=66, group_id=https://t.me/twogrqoup, msg_index=5, message_id=8169, send_user_id=3469
[2026-03-13T21:23:22+08:00][info] 消息状态标记为已发送: task_id=66, group_id=https://t.me/twogrqoup, msg_index=5
[2026-03-13T21:23:22+08:00][info] 任务 66 将在 27 秒后继续处理下一条消息，索引: 6, 实例ID: task_66_index_6_1773408202.5038
[2026-03-13T21:23:49+08:00][info] 开始处理队列任务: task_id=66, current_index=6
[2026-03-13T21:23:49+08:00][info] 消息缓存初始化完成: task_id=66, groups=https://t.me/twogrqoup
[2026-03-13T21:23:49+08:00][info] 任务 66 第 876 次循环，重置群组 https://t.me/twogrqoup 消息状态
[2026-03-13T21:23:49+08:00][info] 使用当前发送用户 3471 的 session_path/www/wwwroot/tdata.tgbota.top/public/uploads/admin/202602/6997fc3070d84/819089723520/tdata/temp_8574369010.session
[2026-03-13T21:23:56+08:00][info] 返回:{"status":true,"message":"发送完成，成功1个，失败0个[]","data":{"success":[{"group_id":3895336513,"group_link":"https:\/\/t.me\/twogrqoup","type":"megagroup","message":"发送成功","message_id":8170}],"failed":[],"debug":["处理标识符: https:\/\/t.me\/twogrqoup, 清理后: https:\/\/t.me\/twogrqoup, 识别为链接: True, 识别为数字ID: False","已是群组成员，群组ID: 3895336513"],"warning":""},"api_address":"185.165.170.142:5023"}
[2026-03-13T21:23:56+08:00][info] 消息ID缓存成功: task_id=66, group_id=https://t.me/twogrqoup, msg_index=6, message_id=8170, send_user_id=3471
[2026-03-13T21:23:56+08:00][info] 消息状态标记为已发送: task_id=66, group_id=https://t.me/twogrqoup, msg_index=6
[2026-03-13T21:23:57+08:00][info] 任务 66 将在 13 秒后继续处理下一条消息，索引: 7, 实例ID: task_66_index_7_1773408237.0231
[2026-03-13T21:23:59+08:00][info] 开始处理队列任务: task_id=69, current_index=1052
[2026-03-13T21:23:59+08:00][info] 使用消息配置中指定的用户 4245 的 session_path/www/wwwroot/tdata.tgbota.top/public/uploads/admin/202603/69b10fe00169d/13378413177/tdata/temp_8408358101.session
[2026-03-13T21:24:04+08:00][info] 返回:{"status":true,"message":"发送完成，成功1个，失败0个[]","data":{"success":[{"group_id":5072487869,"group_link":"https:\/\/t.me\/+9ZnJ_gHIFV41NzFh","type":"chat","message":"发送成功","message_id":1058}],"failed":[],"debug":["处理标识符: https:\/\/t.me\/+9ZnJ_gHIFV41NzFh, 清理后: https:\/\/t.me\/+9ZnJ_gHIFV41NzFh, 识别为链接: True, 识别为数字ID: False"],"warning":""},"api_address":"185.165.170.142:5030"}
[2026-03-13T21:24:04+08:00][info] 消息ID缓存成功: task_id=69, group_id=https://t.me/+9ZnJ_gHIFV41NzFh, msg_index=1052, message_id=1058, send_user_id=4245
[2026-03-13T21:24:04+08:00][info] 消息状态标记为已发送: task_id=69, group_id=https://t.me/+9ZnJ_gHIFV41NzFh, msg_index=1052
[2026-03-13T21:24:04+08:00][info] 任务 69 将在 95 秒后继续处理下一条消息，索引: 1053, 实例ID: task_69_index_1053_1773408244.1585
[2026-03-13T21:24:10+08:00][info] 开始处理队列任务: task_id=66, current_index=7
[2026-03-13T21:24:10+08:00][info] 消息缓存初始化完成: task_id=66, groups=https://t.me/twogrqoup
[2026-03-13T21:24:10+08:00][info] 任务 66 第 876 次循环，重置群组 https://t.me/twogrqoup 消息状态
[2026-03-13T21:24:10+08:00][info] 使用当前发送用户 3471 的 session_path/www/wwwroot/tdata.tgbota.top/public/uploads/admin/202602/6997fc3070d84/819089723520/tdata/temp_8574369010.session
[2026-03-13T21:24:17+08:00][info] 返回:{"status":true,"message":"发送完成，成功1个，失败0个[]","data":{"success":[{"group_id":3895336513,"group_link":"https:\/\/t.me\/twogrqoup","type":"megagroup","message":"发送成功","message_id":8171}],"failed":[],"debug":["处理标识符: https:\/\/t.me\/twogrqoup, 清理后: https:\/\/t.me\/twogrqoup, 识别为链接: True, 识别为数字ID: False","已是群组成员，群组ID: 3895336513"],"warning":""},"api_address":"185.165.170.142:5023"}
[2026-03-13T21:24:17+08:00][info] 消息ID缓存成功: task_id=66, group_id=https://t.me/twogrqoup, msg_index=7, message_id=8171, send_user_id=3471
[2026-03-13T21:24:17+08:00][info] 消息状态标记为已发送: task_id=66, group_id=https://t.me/twogrqoup, msg_index=7
[2026-03-13T21:24:17+08:00][info] 任务 66 将在 26 秒后继续处理下一条消息，索引: 8, 实例ID: task_66_index_8_1773408257.8284
[2026-03-13T21:24:43+08:00][info] 开始处理队列任务: task_id=66, current_index=8
[2026-03-13T21:24:43+08:00][info] 消息缓存初始化完成: task_id=66, groups=https://t.me/twogrqoup
[2026-03-13T21:24:43+08:00][info] 任务 66 第 876 次循环，重置群组 https://t.me/twogrqoup 消息状态
[2026-03-13T21:24:43+08:00][info] 使用当前发送用户 3469 的 session_path/www/wwwroot/tdata.tgbota.top/public/uploads/admin/202602/6997fc3070d84/819056965118/tdata/temp_8418493902.session
[2026-03-13T21:24:49+08:00][info] 返回:{"status":true,"message":"发送完成，成功1个，失败0个[]","data":{"success":[{"group_id":3895336513,"group_link":"https:\/\/t.me\/twogrqoup","type":"megagroup","message":"发送成功","message_id":8172}],"failed":[],"debug":["处理标识符: https:\/\/t.me\/twogrqoup, 清理后: https:\/\/t.me\/twogrqoup, 识别为链接: True, 识别为数字ID: False","已是群组成员，群组ID: 3895336513"],"warning":""},"api_address":"185.165.170.142:5062"}
[2026-03-13T21:24:49+08:00][info] 消息ID缓存成功: task_id=66, group_id=https://t.me/twogrqoup, msg_index=8, message_id=8172, send_user_id=3469
[2026-03-13T21:24:49+08:00][info] 消息状态标记为已发送: task_id=66, group_id=https://t.me/twogrqoup, msg_index=8
[2026-03-13T21:24:49+08:00][info] 任务 66 将在 30 秒后继续处理下一条消息，索引: 9, 实例ID: task_66_index_9_1773408289.4893
[2026-03-13T21:25:19+08:00][info] 开始处理队列任务: task_id=66, current_index=9
[2026-03-13T21:25:19+08:00][info] 消息缓存初始化完成: task_id=66, groups=https://t.me/twogrqoup
[2026-03-13T21:25:19+08:00][info] 任务 66 第 876 次循环，重置群组 https://t.me/twogrqoup 消息状态
[2026-03-13T21:25:19+08:00][info] 任务 66 第 876 轮完成，准备进行第 877 轮
[2026-03-13T21:25:19+08:00][info] 任务 66 即将为下一轮重新入队，延迟 5 秒，从索引 0 开始
[2026-03-13T21:25:24+08:00][info] 开始处理队列任务: task_id=66, current_index=0
[2026-03-13T21:25:24+08:00][info] 消息缓存初始化完成: task_id=66, groups=https://t.me/twogrqoup
[2026-03-13T21:25:24+08:00][info] 任务 66 第 877 次循环，重置群组 https://t.me/twogrqoup 消息状态
[2026-03-13T21:25:24+08:00][info] 使用当前发送用户 3469 的 session_path/www/wwwroot/tdata.tgbota.top/public/uploads/admin/202602/6997fc3070d84/819056965118/tdata/temp_8418493902.session
[2026-03-13T21:25:29+08:00][info] 返回:{"status":true,"message":"发送完成，成功1个，失败0个[]","data":{"success":[{"group_id":3895336513,"group_link":"https:\/\/t.me\/twogrqoup","type":"megagroup","message":"发送成功","message_id":8173}],"failed":[],"debug":["处理标识符: https:\/\/t.me\/twogrqoup, 清理后: https:\/\/t.me\/twogrqoup, 识别为链接: True, 识别为数字ID: False","已是群组成员，群组ID: 3895336513"],"warning":""},"api_address":"185.165.170.142:5062"}
[2026-03-13T21:25:29+08:00][info] 消息ID缓存成功: task_id=66, group_id=https://t.me/twogrqoup, msg_index=0, message_id=8173, send_user_id=3469
[2026-03-13T21:25:29+08:00][info] 消息状态标记为已发送: task_id=66, group_id=https://t.me/twogrqoup, msg_index=0
[2026-03-13T21:25:29+08:00][info] 任务 66 将在 15 秒后继续处理下一条消息，索引: 1, 实例ID: task_66_index_1_1773408329.0948
[2026-03-13T21:25:39+08:00][info] 开始处理队列任务: task_id=69, current_index=1053
[2026-03-13T21:25:39+08:00][info] 使用消息配置中指定的用户 4244 的 session_path/www/wwwroot/tdata.tgbota.top/public/uploads/admin/202603/69b10fe00169d/13632168755/tdata/temp_8062228317.session
[2026-03-13T21:25:44+08:00][info] 开始处理队列任务: task_id=66, current_index=1
[2026-03-13T21:25:44+08:00][info] 消息缓存初始化完成: task_id=66, groups=https://t.me/twogrqoup
[2026-03-13T21:25:44+08:00][info] 任务 66 第 877 次循环，重置群组 https://t.me/twogrqoup 消息状态
[2026-03-13T21:25:44+08:00][info] 使用当前发送用户 3472 的 session_path/www/wwwroot/tdata.tgbota.top/public/uploads/admin/202602/6997fc3070d84/819050054287/tdata/temp_8308580822.session
[2026-03-13T21:25:45+08:00][info] 返回:{"status":true,"message":"发送完成，成功1个，失败0个[]","data":{"success":[{"group_id":5072487869,"group_link":"https:\/\/t.me\/+9ZnJ_gHIFV41NzFh","type":"chat","message":"发送成功","message_id":1054}],"failed":[],"debug":["处理标识符: https:\/\/t.me\/+9ZnJ_gHIFV41NzFh, 清理后: https:\/\/t.me\/+9ZnJ_gHIFV41NzFh, 识别为链接: True, 识别为数字ID: False"],"warning":""},"api_address":"185.165.170.142:5029"}
[2026-03-13T21:25:45+08:00][info] 消息ID缓存成功: task_id=69, group_id=https://t.me/+9ZnJ_gHIFV41NzFh, msg_index=1053, message_id=1054, send_user_id=4244
[2026-03-13T21:25:45+08:00][info] 消息状态标记为已发送: task_id=69, group_id=https://t.me/+9ZnJ_gHIFV41NzFh, msg_index=1053
[2026-03-13T21:25:46+08:00][info] 任务 69 将在 106 秒后继续处理下一条消息，索引: 1054, 实例ID: task_69_index_1054_1773408346.0128
[2026-03-13T21:25:49+08:00][info] 返回:{"status":true,"message":"发送完成，成功1个，失败0个[]","data":{"success":[{"group_id":3895336513,"group_link":"https:\/\/t.me\/twogrqoup","type":"megagroup","message":"发送成功","message_id":8174}],"failed":[],"debug":["处理标识符: https:\/\/t.me\/twogrqoup, 清理后: https:\/\/t.me\/twogrqoup, 识别为链接: True, 识别为数字ID: False","已是群组成员，群组ID: 3895336513"],"warning":""},"api_address":"185.165.170.142:5042"}
[2026-03-13T21:25:49+08:00][info] 消息ID缓存成功: task_id=66, group_id=https://t.me/twogrqoup, msg_index=1, message_id=8174, send_user_id=3472
[2026-03-13T21:25:49+08:00][info] 消息状态标记为已发送: task_id=66, group_id=https://t.me/twogrqoup, msg_index=1
[2026-03-13T21:25:49+08:00][info] 任务 66 将在 30 秒后继续处理下一条消息，索引: 2, 实例ID: task_66_index_2_1773408349.0766
[2026-03-13T21:26:19+08:00][info] 开始处理队列任务: task_id=66, current_index=2
[2026-03-13T21:26:19+08:00][info] 消息缓存初始化完成: task_id=66, groups=https://t.me/twogrqoup
[2026-03-13T21:26:19+08:00][info] 任务 66 第 877 次循环，重置群组 https://t.me/twogrqoup 消息状态
[2026-03-13T21:26:19+08:00][info] 使用当前发送用户 3473 的 session_path/www/wwwroot/tdata.tgbota.top/public/uploads/admin/202602/6997fc3070d84/819054626431/tdata/temp_8503359249.session
[2026-03-13T21:26:26+08:00][info] 返回:{"status":true,"message":"发送完成，成功1个，失败0个[]","data":{"success":[{"group_id":3895336513,"group_link":"https:\/\/t.me\/twogrqoup","type":"megagroup","message":"发送成功","message_id":8175}],"failed":[],"debug":["处理标识符: https:\/\/t.me\/twogrqoup, 清理后: https:\/\/t.me\/twogrqoup, 识别为链接: True, 识别为数字ID: False","已是群组成员，群组ID: 3895336513"],"warning":""},"api_address":"185.165.170.142:5043"}
[2026-03-13T21:26:26+08:00][info] 消息ID缓存成功: task_id=66, group_id=https://t.me/twogrqoup, msg_index=2, message_id=8175, send_user_id=3473
[2026-03-13T21:26:26+08:00][info] 消息状态标记为已发送: task_id=66, group_id=https://t.me/twogrqoup, msg_index=2
[2026-03-13T21:26:27+08:00][info] 任务 66 将在 45 秒后继续处理下一条消息，索引: 3, 实例ID: task_66_index_3_1773408387.0214
[2026-03-13T21:27:12+08:00][info] 开始处理队列任务: task_id=66, current_index=3
[2026-03-13T21:27:12+08:00][info] 消息缓存初始化完成: task_id=66, groups=https://t.me/twogrqoup
[2026-03-13T21:27:12+08:00][info] 任务 66 第 877 次循环，重置群组 https://t.me/twogrqoup 消息状态
[2026-03-13T21:27:12+08:00][info] 使用当前发送用户 3469 的 session_path/www/wwwroot/tdata.tgbota.top/public/uploads/admin/202602/6997fc3070d84/819056965118/tdata/temp_8418493902.session
[2026-03-13T21:27:17+08:00][info] 返回:{"status":true,"message":"发送完成，成功1个，失败0个[]","data":{"success":[{"group_id":3895336513,"group_link":"https:\/\/t.me\/twogrqoup","type":"megagroup","message":"发送成功","message_id":8176}],"failed":[],"debug":["处理标识符: https:\/\/t.me\/twogrqoup, 清理后: https:\/\/t.me\/twogrqoup, 识别为链接: True, 识别为数字ID: False","已是群组成员，群组ID: 3895336513"],"warning":""},"api_address":"185.165.170.142:5062"}
[2026-03-13T21:27:17+08:00][info] 消息ID缓存成功: task_id=66, group_id=https://t.me/twogrqoup, msg_index=3, message_id=8176, send_user_id=3469
[2026-03-13T21:27:17+08:00][info] 消息状态标记为已发送: task_id=66, group_id=https://t.me/twogrqoup, msg_index=3
[2026-03-13T21:27:17+08:00][info] 任务 66 将在 20 秒后继续处理下一条消息，索引: 4, 实例ID: task_66_index_4_1773408437.457
[2026-03-13T21:27:32+08:00][info] 开始处理队列任务: task_id=69, current_index=1054
[2026-03-13T21:27:32+08:00][info] 使用消息配置中指定的用户 4244 的 session_path/www/wwwroot/tdata.tgbota.top/public/uploads/admin/202603/69b10fe00169d/13632168755/tdata/temp_8062228317.session
[2026-03-13T21:27:37+08:00][info] 开始处理队列任务: task_id=66, current_index=4
[2026-03-13T21:27:37+08:00][info] 消息缓存初始化完成: task_id=66, groups=https://t.me/twogrqoup
[2026-03-13T21:27:37+08:00][info] 任务 66 第 877 次循环，重置群组 https://t.me/twogrqoup 消息状态
[2026-03-13T21:27:37+08:00][info] 使用当前发送用户 3471 的 session_path/www/wwwroot/tdata.tgbota.top/public/uploads/admin/202602/6997fc3070d84/819089723520/tdata/temp_8574369010.session
[2026-03-13T21:27:38+08:00][info] 返回:{"status":true,"message":"发送完成，成功1个，失败0个[]","data":{"success":[{"group_id":5072487869,"group_link":"https:\/\/t.me\/+9ZnJ_gHIFV41NzFh","type":"chat","message":"发送成功","message_id":1055}],"failed":[],"debug":["处理标识符: https:\/\/t.me\/+9ZnJ_gHIFV41NzFh, 清理后: https:\/\/t.me\/+9ZnJ_gHIFV41NzFh, 识别为链接: True, 识别为数字ID: False"],"warning":""},"api_address":"185.165.170.142:5029"}
[2026-03-13T21:27:38+08:00][info] 消息ID缓存成功: task_id=69, group_id=https://t.me/+9ZnJ_gHIFV41NzFh, msg_index=1054, message_id=1055, send_user_id=4244
[2026-03-13T21:27:38+08:00][info] 消息状态标记为已发送: task_id=69, group_id=https://t.me/+9ZnJ_gHIFV41NzFh, msg_index=1054
[2026-03-13T21:27:38+08:00][info] 任务 69 将在 90 秒后继续处理下一条消息，索引: 1055, 实例ID: task_69_index_1055_1773408458.1859
[2026-03-13T21:27:42+08:00][info] 返回:{"status":true,"message":"发送完成，成功1个，失败0个[]","data":{"success":[{"group_id":3895336513,"group_link":"https:\/\/t.me\/twogrqoup","type":"megagroup","message":"发送成功","message_id":8177}],"failed":[],"debug":["处理标识符: https:\/\/t.me\/twogrqoup, 清理后: https:\/\/t.me\/twogrqoup, 识别为链接: True, 识别为数字ID: False","已是群组成员，群组ID: 3895336513"],"warning":""},"api_address":"185.165.170.142:5023"}
[2026-03-13T21:27:42+08:00][info] 消息ID缓存成功: task_id=66, group_id=https://t.me/twogrqoup, msg_index=4, message_id=8177, send_user_id=3471
[2026-03-13T21:27:42+08:00][info] 消息状态标记为已发送: task_id=66, group_id=https://t.me/twogrqoup, msg_index=4
[2026-03-13T21:27:42+08:00][info] 任务 66 将在 26 秒后继续处理下一条消息，索引: 5, 实例ID: task_66_index_5_1773408462.508
[2026-03-13T21:28:08+08:00][info] 开始处理队列任务: task_id=66, current_index=5
[2026-03-13T21:28:08+08:00][info] 消息缓存初始化完成: task_id=66, groups=https://t.me/twogrqoup
[2026-03-13T21:28:08+08:00][info] 任务 66 第 877 次循环，重置群组 https://t.me/twogrqoup 消息状态
[2026-03-13T21:28:08+08:00][info] 使用当前发送用户 3469 的 session_path/www/wwwroot/tdata.tgbota.top/public/uploads/admin/202602/6997fc3070d84/819056965118/tdata/temp_8418493902.session
[2026-03-13T21:28:14+08:00][info] 返回:{"status":true,"message":"发送完成，成功1个，失败0个[]","data":{"success":[{"group_id":3895336513,"group_link":"https:\/\/t.me\/twogrqoup","type":"megagroup","message":"发送成功","message_id":8178}],"failed":[],"debug":["处理标识符: https:\/\/t.me\/twogrqoup, 清理后: https:\/\/t.me\/twogrqoup, 识别为链接: True, 识别为数字ID: False","已是群组成员，群组ID: 3895336513"],"warning":""},"api_address":"185.165.170.142:5062"}
[2026-03-13T21:28:14+08:00][info] 消息ID缓存成功: task_id=66, group_id=https://t.me/twogrqoup, msg_index=5, message_id=8178, send_user_id=3469
[2026-03-13T21:28:14+08:00][info] 消息状态标记为已发送: task_id=66, group_id=https://t.me/twogrqoup, msg_index=5
[2026-03-13T21:28:14+08:00][info] 任务 66 将在 27 秒后继续处理下一条消息，索引: 6, 实例ID: task_66_index_6_1773408494.9962
[2026-03-13T21:28:41+08:00][info] 开始处理队列任务: task_id=66, current_index=6
[2026-03-13T21:28:41+08:00][info] 消息缓存初始化完成: task_id=66, groups=https://t.me/twogrqoup
[2026-03-13T21:28:41+08:00][info] 任务 66 第 877 次循环，重置群组 https://t.me/twogrqoup 消息状态
[2026-03-13T21:28:41+08:00][info] 使用当前发送用户 3471 的 session_path/www/wwwroot/tdata.tgbota.top/public/uploads/admin/202602/6997fc3070d84/819089723520/tdata/temp_8574369010.session
[2026-03-13T21:28:49+08:00][info] 返回:{"status":true,"message":"发送完成，成功1个，失败0个[]","data":{"success":[{"group_id":3895336513,"group_link":"https:\/\/t.me\/twogrqoup","type":"megagroup","message":"发送成功","message_id":8179}],"failed":[],"debug":["处理标识符: https:\/\/t.me\/twogrqoup, 清理后: https:\/\/t.me\/twogrqoup, 识别为链接: True, 识别为数字ID: False","已是群组成员，群组ID: 3895336513"],"warning":""},"api_address":"185.165.170.142:5023"}
[2026-03-13T21:28:49+08:00][info] 消息ID缓存成功: task_id=66, group_id=https://t.me/twogrqoup, msg_index=6, message_id=8179, send_user_id=3471
[2026-03-13T21:28:49+08:00][info] 消息状态标记为已发送: task_id=66, group_id=https://t.me/twogrqoup, msg_index=6
[2026-03-13T21:28:49+08:00][info] 任务 66 将在 13 秒后继续处理下一条消息，索引: 7, 实例ID: task_66_index_7_1773408529.504
[2026-03-13T21:29:02+08:00][info] 开始处理队列任务: task_id=66, current_index=7
[2026-03-13T21:29:02+08:00][info] 消息缓存初始化完成: task_id=66, groups=https://t.me/twogrqoup
[2026-03-13T21:29:02+08:00][info] 任务 66 第 877 次循环，重置群组 https://t.me/twogrqoup 消息状态
[2026-03-13T21:29:02+08:00][info] 使用当前发送用户 3471 的 session_path/www/wwwroot/tdata.tgbota.top/public/uploads/admin/202602/6997fc3070d84/819089723520/tdata/temp_8574369010.session
[2026-03-13T21:29:08+08:00][info] 开始处理队列任务: task_id=69, current_index=1055
[2026-03-13T21:29:09+08:00][info] 使用消息配置中指定的用户 4243 的 session_path/www/wwwroot/tdata.tgbota.top/public/uploads/admin/202603/69b10fe00169d/13528411477/tdata/temp_8338895902.session
[2026-03-13T21:29:10+08:00][info] 返回:{"status":true,"message":"发送完成，成功1个，失败0个[]","data":{"success":[{"group_id":3895336513,"group_link":"https:\/\/t.me\/twogrqoup","type":"megagroup","message":"发送成功","message_id":8180}],"failed":[],"debug":["处理标识符: https:\/\/t.me\/twogrqoup, 清理后: https:\/\/t.me\/twogrqoup, 识别为链接: True, 识别为数字ID: False","已是群组成员，群组ID: 3895336513"],"warning":""},"api_address":"185.165.170.142:5023"}
[2026-03-13T21:29:10+08:00][info] 消息ID缓存成功: task_id=66, group_id=https://t.me/twogrqoup, msg_index=7, message_id=8180, send_user_id=3471
[2026-03-13T21:29:10+08:00][info] 消息状态标记为已发送: task_id=66, group_id=https://t.me/twogrqoup, msg_index=7
[2026-03-13T21:29:10+08:00][info] 任务 66 将在 26 秒后继续处理下一条消息，索引: 8, 实例ID: task_66_index_8_1773408550.3428
[2026-03-13T21:29:13+08:00][info] 返回:{"status":true,"message":"发送完成，成功1个，失败0个[]","data":{"success":[{"group_id":5072487869,"group_link":"https:\/\/t.me\/+9ZnJ_gHIFV41NzFh","type":"chat","message":"发送成功","message_id":1054}],"failed":[],"debug":["处理标识符: https:\/\/t.me\/+9ZnJ_gHIFV41NzFh, 清理后: https:\/\/t.me\/+9ZnJ_gHIFV41NzFh, 识别为链接: True, 识别为数字ID: False"],"warning":""},"api_address":"185.165.170.142:5028"}
[2026-03-13T21:29:13+08:00][info] 消息ID缓存成功: task_id=69, group_id=https://t.me/+9ZnJ_gHIFV41NzFh, msg_index=1055, message_id=1054, send_user_id=4243
[2026-03-13T21:29:13+08:00][info] 消息状态标记为已发送: task_id=69, group_id=https://t.me/+9ZnJ_gHIFV41NzFh, msg_index=1055
[2026-03-13T21:29:13+08:00][info] 任务 69 将在 71 秒后继续处理下一条消息，索引: 1056, 实例ID: task_69_index_1056_1773408553.3627
[2026-03-13T21:29:36+08:00][info] 开始处理队列任务: task_id=66, current_index=8
[2026-03-13T21:29:36+08:00][info] 消息缓存初始化完成: task_id=66, groups=https://t.me/twogrqoup
[2026-03-13T21:29:36+08:00][info] 任务 66 第 877 次循环，重置群组 https://t.me/twogrqoup 消息状态
[2026-03-13T21:29:36+08:00][info] 使用当前发送用户 3469 的 session_path/www/wwwroot/tdata.tgbota.top/public/uploads/admin/202602/6997fc3070d84/819056965118/tdata/temp_8418493902.session
[2026-03-13T21:29:41+08:00][info] 返回:{"status":true,"message":"发送完成，成功1个，失败0个[]","data":{"success":[{"group_id":3895336513,"group_link":"https:\/\/t.me\/twogrqoup","type":"megagroup","message":"发送成功","message_id":8181}],"failed":[],"debug":["处理标识符: https:\/\/t.me\/twogrqoup, 清理后: https:\/\/t.me\/twogrqoup, 识别为链接: True, 识别为数字ID: False","已是群组成员，群组ID: 3895336513"],"warning":""},"api_address":"185.165.170.142:5062"}
[2026-03-13T21:29:41+08:00][info] 消息ID缓存成功: task_id=66, group_id=https://t.me/twogrqoup, msg_index=8, message_id=8181, send_user_id=3469
[2026-03-13T21:29:41+08:00][info] 消息状态标记为已发送: task_id=66, group_id=https://t.me/twogrqoup, msg_index=8
[2026-03-13T21:29:41+08:00][info] 任务 66 将在 30 秒后继续处理下一条消息，索引: 9, 实例ID: task_66_index_9_1773408581.1484
[2026-03-13T21:30:11+08:00][info] 开始处理队列任务: task_id=66, current_index=9
[2026-03-13T21:30:11+08:00][info] 消息缓存初始化完成: task_id=66, groups=https://t.me/twogrqoup
[2026-03-13T21:30:11+08:00][info] 任务 66 第 877 次循环，重置群组 https://t.me/twogrqoup 消息状态
[2026-03-13T21:30:11+08:00][info] 任务 66 第 877 轮完成，准备进行第 878 轮
[2026-03-13T21:30:11+08:00][info] 任务 66 即将为下一轮重新入队，延迟 5 秒，从索引 0 开始
[2026-03-13T21:30:16+08:00][info] 开始处理队列任务: task_id=66, current_index=0
[2026-03-13T21:30:16+08:00][info] 消息缓存初始化完成: task_id=66, groups=https://t.me/twogrqoup
[2026-03-13T21:30:16+08:00][info] 任务 66 第 878 次循环，重置群组 https://t.me/twogrqoup 消息状态
[2026-03-13T21:30:16+08:00][info] 使用当前发送用户 3469 的 session_path/www/wwwroot/tdata.tgbota.top/public/uploads/admin/202602/6997fc3070d84/819056965118/tdata/temp_8418493902.session
[2026-03-13T21:30:23+08:00][info] 返回:{"status":true,"message":"发送完成，成功1个，失败0个[]","data":{"success":[{"group_id":3895336513,"group_link":"https:\/\/t.me\/twogrqoup","type":"megagroup","message":"发送成功","message_id":8182}],"failed":[],"debug":["处理标识符: https:\/\/t.me\/twogrqoup, 清理后: https:\/\/t.me\/twogrqoup, 识别为链接: True, 识别为数字ID: False","已是群组成员，群组ID: 3895336513"],"warning":""},"api_address":"185.165.170.142:5062"}
[2026-03-13T21:30:23+08:00][info] 消息ID缓存成功: task_id=66, group_id=https://t.me/twogrqoup, msg_index=0, message_id=8182, send_user_id=3469
[2026-03-13T21:30:23+08:00][info] 消息状态标记为已发送: task_id=66, group_id=https://t.me/twogrqoup, msg_index=0
[2026-03-13T21:30:23+08:00][info] 任务 66 将在 15 秒后继续处理下一条消息，索引: 1, 实例ID: task_66_index_1_1773408623.6137
[2026-03-13T21:30:24+08:00][info] 开始处理队列任务: task_id=69, current_index=1056
[2026-03-13T21:30:24+08:00][info] 使用消息配置中指定的用户 4243 的 session_path/www/wwwroot/tdata.tgbota.top/public/uploads/admin/202603/69b10fe00169d/13528411477/tdata/temp_8338895902.session
[2026-03-13T21:30:28+08:00][info] 返回:{"status":true,"message":"发送完成，成功1个，失败0个[]","data":{"success":[{"group_id":5072487869,"group_link":"https:\/\/t.me\/+9ZnJ_gHIFV41NzFh","type":"chat","message":"发送成功","message_id":1055}],"failed":[],"debug":["处理标识符: https:\/\/t.me\/+9ZnJ_gHIFV41NzFh, 清理后: https:\/\/t.me\/+9ZnJ_gHIFV41NzFh, 识别为链接: True, 识别为数字ID: False"],"warning":""},"api_address":"185.165.170.142:5028"}
[2026-03-13T21:30:28+08:00][info] 消息ID缓存成功: task_id=69, group_id=https://t.me/+9ZnJ_gHIFV41NzFh, msg_index=1056, message_id=1055, send_user_id=4243
[2026-03-13T21:30:28+08:00][info] 消息状态标记为已发送: task_id=69, group_id=https://t.me/+9ZnJ_gHIFV41NzFh, msg_index=1056
[2026-03-13T21:30:28+08:00][info] 任务 69 将在 80 秒后继续处理下一条消息，索引: 1057, 实例ID: task_69_index_1057_1773408628.9508
[2026-03-13T21:30:38+08:00][info] 开始处理队列任务: task_id=66, current_index=1
[2026-03-13T21:30:38+08:00][info] 消息缓存初始化完成: task_id=66, groups=https://t.me/twogrqoup
[2026-03-13T21:30:38+08:00][info] 任务 66 第 878 次循环，重置群组 https://t.me/twogrqoup 消息状态
[2026-03-13T21:30:38+08:00][info] 使用当前发送用户 3472 的 session_path/www/wwwroot/tdata.tgbota.top/public/uploads/admin/202602/6997fc3070d84/819050054287/tdata/temp_8308580822.session
[2026-03-13T21:30:43+08:00][info] 返回:{"status":true,"message":"发送完成，成功1个，失败0个[]","data":{"success":[{"group_id":3895336513,"group_link":"https:\/\/t.me\/twogrqoup","type":"megagroup","message":"发送成功","message_id":8183}],"failed":[],"debug":["处理标识符: https:\/\/t.me\/twogrqoup, 清理后: https:\/\/t.me\/twogrqoup, 识别为链接: True, 识别为数字ID: False","已是群组成员，群组ID: 3895336513"],"warning":""},"api_address":"185.165.170.142:5042"}
[2026-03-13T21:30:43+08:00][info] 消息ID缓存成功: task_id=66, group_id=https://t.me/twogrqoup, msg_index=1, message_id=8183, send_user_id=3472
[2026-03-13T21:30:43+08:00][info] 消息状态标记为已发送: task_id=66, group_id=https://t.me/twogrqoup, msg_index=1
[2026-03-13T21:30:43+08:00][info] 任务 66 将在 30 秒后继续处理下一条消息，索引: 2, 实例ID: task_66_index_2_1773408643.4656
[2026-03-13T21:31:13+08:00][info] 开始处理队列任务: task_id=66, current_index=2
[2026-03-13T21:31:13+08:00][info] 消息缓存初始化完成: task_id=66, groups=https://t.me/twogrqoup
[2026-03-13T21:31:13+08:00][info] 任务 66 第 878 次循环，重置群组 https://t.me/twogrqoup 消息状态
[2026-03-13T21:31:13+08:00][info] 使用当前发送用户 3473 的 session_path/www/wwwroot/tdata.tgbota.top/public/uploads/admin/202602/6997fc3070d84/819054626431/tdata/temp_8503359249.session
[2026-03-13T21:31:19+08:00][info] 返回:{"status":true,"message":"发送完成，成功1个，失败0个[]","data":{"success":[{"group_id":3895336513,"group_link":"https:\/\/t.me\/twogrqoup","type":"megagroup","message":"发送成功","message_id":8184}],"failed":[],"debug":["处理标识符: https:\/\/t.me\/twogrqoup, 清理后: https:\/\/t.me\/twogrqoup, 识别为链接: True, 识别为数字ID: False","已是群组成员，群组ID: 3895336513"],"warning":""},"api_address":"185.165.170.142:5043"}
[2026-03-13T21:31:19+08:00][info] 消息ID缓存成功: task_id=66, group_id=https://t.me/twogrqoup, msg_index=2, message_id=8184, send_user_id=3473
[2026-03-13T21:31:19+08:00][info] 消息状态标记为已发送: task_id=66, group_id=https://t.me/twogrqoup, msg_index=2
[2026-03-13T21:31:19+08:00][info] 任务 66 将在 45 秒后继续处理下一条消息，索引: 3, 实例ID: task_66_index_3_1773408679.3743
[2026-03-13T21:31:48+08:00][info] 开始处理队列任务: task_id=69, current_index=1057
[2026-03-13T21:31:48+08:00][info] 从数据库获取用户 4240 的 session_path
[2026-03-13T21:31:55+08:00][info] 返回:{"status":true,"message":"发送完成，成功1个，失败0个[]","data":{"success":[{"group_id":5072487869,"group_link":"https:\/\/t.me\/+9ZnJ_gHIFV41NzFh","type":"chat","message":"发送成功","message_id":1050}],"failed":[],"debug":["处理标识符: https:\/\/t.me\/+9ZnJ_gHIFV41NzFh, 清理后: https:\/\/t.me\/+9ZnJ_gHIFV41NzFh, 识别为链接: True, 识别为数字ID: False"],"warning":""},"api_address":"185.165.170.142:5025"}
[2026-03-13T21:31:55+08:00][info] 消息ID缓存成功: task_id=69, group_id=https://t.me/+9ZnJ_gHIFV41NzFh, msg_index=1057, message_id=1050, send_user_id=4240
[2026-03-13T21:31:55+08:00][info] 消息状态标记为已发送: task_id=69, group_id=https://t.me/+9ZnJ_gHIFV41NzFh, msg_index=1057
[2026-03-13T21:31:55+08:00][info] 任务 69 将在 90 秒后继续处理下一条消息，索引: 1058, 实例ID: task_69_index_1058_1773408715.5555
[2026-03-13T21:32:04+08:00][info] 开始处理队列任务: task_id=66, current_index=3
[2026-03-13T21:32:04+08:00][info] 消息缓存初始化完成: task_id=66, groups=https://t.me/twogrqoup
[2026-03-13T21:32:04+08:00][info] 任务 66 第 878 次循环，重置群组 https://t.me/twogrqoup 消息状态
[2026-03-13T21:32:04+08:00][info] 使用当前发送用户 3469 的 session_path/www/wwwroot/tdata.tgbota.top/public/uploads/admin/202602/6997fc3070d84/819056965118/tdata/temp_8418493902.session
[2026-03-13T21:32:11+08:00][info] 返回:{"status":true,"message":"发送完成，成功1个，失败0个[]","data":{"success":[{"group_id":3895336513,"group_link":"https:\/\/t.me\/twogrqoup","type":"megagroup","message":"发送成功","message_id":8185}],"failed":[],"debug":["处理标识符: https:\/\/t.me\/twogrqoup, 清理后: https:\/\/t.me\/twogrqoup, 识别为链接: True, 识别为数字ID: False","已是群组成员，群组ID: 3895336513"],"warning":""},"api_address":"185.165.170.142:5062"}
[2026-03-13T21:32:11+08:00][info] 消息ID缓存成功: task_id=66, group_id=https://t.me/twogrqoup, msg_index=3, message_id=8185, send_user_id=3469
[2026-03-13T21:32:11+08:00][info] 消息状态标记为已发送: task_id=66, group_id=https://t.me/twogrqoup, msg_index=3
[2026-03-13T21:32:11+08:00][info] 任务 66 将在 20 秒后继续处理下一条消息，索引: 4, 实例ID: task_66_index_4_1773408731.8012
[2026-03-13T21:32:31+08:00][info] 开始处理队列任务: task_id=66, current_index=4
[2026-03-13T21:32:31+08:00][info] 消息缓存初始化完成: task_id=66, groups=https://t.me/twogrqoup
[2026-03-13T21:32:31+08:00][info] 任务 66 第 878 次循环，重置群组 https://t.me/twogrqoup 消息状态
[2026-03-13T21:32:31+08:00][info] 使用当前发送用户 3471 的 session_path/www/wwwroot/tdata.tgbota.top/public/uploads/admin/202602/6997fc3070d84/819089723520/tdata/temp_8574369010.session
[2026-03-13T21:32:38+08:00][info] 返回:{"status":true,"message":"发送完成，成功1个，失败0个[]","data":{"success":[{"group_id":3895336513,"group_link":"https:\/\/t.me\/twogrqoup","type":"megagroup","message":"发送成功","message_id":8186}],"failed":[],"debug":["处理标识符: https:\/\/t.me\/twogrqoup, 清理后: https:\/\/t.me\/twogrqoup, 识别为链接: True, 识别为数字ID: False","已是群组成员，群组ID: 3895336513"],"warning":""},"api_address":"185.165.170.142:5023"}
[2026-03-13T21:32:38+08:00][info] 消息ID缓存成功: task_id=66, group_id=https://t.me/twogrqoup, msg_index=4, message_id=8186, send_user_id=3471
[2026-03-13T21:32:38+08:00][info] 消息状态标记为已发送: task_id=66, group_id=https://t.me/twogrqoup, msg_index=4
[2026-03-13T21:32:38+08:00][info] 任务 66 将在 26 秒后继续处理下一条消息，索引: 5, 实例ID: task_66_index_5_1773408758.3861
[2026-03-13T21:33:04+08:00][info] 开始处理队列任务: task_id=66, current_index=5
[2026-03-13T21:33:04+08:00][info] 消息缓存初始化完成: task_id=66, groups=https://t.me/twogrqoup
[2026-03-13T21:33:04+08:00][info] 任务 66 第 878 次循环，重置群组 https://t.me/twogrqoup 消息状态
[2026-03-13T21:33:04+08:00][info] 使用当前发送用户 3469 的 session_path/www/wwwroot/tdata.tgbota.top/public/uploads/admin/202602/6997fc3070d84/819056965118/tdata/temp_8418493902.session
[2026-03-13T21:33:10+08:00][info] 返回:{"status":true,"message":"发送完成，成功1个，失败0个[]","data":{"success":[{"group_id":3895336513,"group_link":"https:\/\/t.me\/twogrqoup","type":"megagroup","message":"发送成功","message_id":8187}],"failed":[],"debug":["处理标识符: https:\/\/t.me\/twogrqoup, 清理后: https:\/\/t.me\/twogrqoup, 识别为链接: True, 识别为数字ID: False","已是群组成员，群组ID: 3895336513"],"warning":""},"api_address":"185.165.170.142:5062"}
[2026-03-13T21:33:10+08:00][info] 消息ID缓存成功: task_id=66, group_id=https://t.me/twogrqoup, msg_index=5, message_id=8187, send_user_id=3469
[2026-03-13T21:33:10+08:00][info] 消息状态标记为已发送: task_id=66, group_id=https://t.me/twogrqoup, msg_index=5
[2026-03-13T21:33:10+08:00][info] 任务 66 将在 27 秒后继续处理下一条消息，索引: 6, 实例ID: task_66_index_6_1773408790.9665
[2026-03-13T21:33:25+08:00][info] 开始处理队列任务: task_id=69, current_index=1058
[2026-03-13T21:33:25+08:00][info] 使用消息配置中指定的用户 4241 的 session_path/www/wwwroot/tdata.tgbota.top/public/uploads/admin/202603/69b10fe00169d/13525689534/tdata/temp_8404156247.session
[2026-03-13T21:33:31+08:00][info] 返回:{"status":true,"message":"发送完成，成功1个，失败0个[]","data":{"success":[{"group_id":5072487869,"group_link":"https:\/\/t.me\/+9ZnJ_gHIFV41NzFh","type":"chat","message":"发送成功","message_id":1053}],"failed":[],"debug":["处理标识符: https:\/\/t.me\/+9ZnJ_gHIFV41NzFh, 清理后: https:\/\/t.me\/+9ZnJ_gHIFV41NzFh, 识别为链接: True, 识别为数字ID: False"],"warning":""},"api_address":"185.165.170.142:5026"}
[2026-03-13T21:33:31+08:00][info] 消息ID缓存成功: task_id=69, group_id=https://t.me/+9ZnJ_gHIFV41NzFh, msg_index=1058, message_id=1053, send_user_id=4241
[2026-03-13T21:33:31+08:00][info] 消息状态标记为已发送: task_id=69, group_id=https://t.me/+9ZnJ_gHIFV41NzFh, msg_index=1058
[2026-03-13T21:33:31+08:00][info] 任务 69 将在 100 秒后继续处理下一条消息，索引: 1059, 实例ID: task_69_index_1059_1773408811.9302
[2026-03-13T21:33:37+08:00][info] 开始处理队列任务: task_id=66, current_index=6
[2026-03-13T21:33:37+08:00][info] 消息缓存初始化完成: task_id=66, groups=https://t.me/twogrqoup
[2026-03-13T21:33:37+08:00][info] 任务 66 第 878 次循环，重置群组 https://t.me/twogrqoup 消息状态
[2026-03-13T21:33:37+08:00][info] 使用当前发送用户 3471 的 session_path/www/wwwroot/tdata.tgbota.top/public/uploads/admin/202602/6997fc3070d84/819089723520/tdata/temp_8574369010.session
[2026-03-13T21:33:44+08:00][info] 返回:{"status":true,"message":"发送完成，成功1个，失败0个[]","data":{"success":[{"group_id":3895336513,"group_link":"https:\/\/t.me\/twogrqoup","type":"megagroup","message":"发送成功","message_id":8188}],"failed":[],"debug":["处理标识符: https:\/\/t.me\/twogrqoup, 清理后: https:\/\/t.me\/twogrqoup, 识别为链接: True, 识别为数字ID: False","已是群组成员，群组ID: 3895336513"],"warning":""},"api_address":"185.165.170.142:5023"}
[2026-03-13T21:33:44+08:00][info] 消息ID缓存成功: task_id=66, group_id=https://t.me/twogrqoup, msg_index=6, message_id=8188, send_user_id=3471
[2026-03-13T21:33:44+08:00][info] 消息状态标记为已发送: task_id=66, group_id=https://t.me/twogrqoup, msg_index=6
[2026-03-13T21:33:44+08:00][info] 任务 66 将在 13 秒后继续处理下一条消息，索引: 7, 实例ID: task_66_index_7_1773408824.9187
[2026-03-13T21:33:57+08:00][info] 开始处理队列任务: task_id=66, current_index=7
[2026-03-13T21:33:57+08:00][info] 消息缓存初始化完成: task_id=66, groups=https://t.me/twogrqoup
[2026-03-13T21:33:57+08:00][info] 任务 66 第 878 次循环，重置群组 https://t.me/twogrqoup 消息状态
[2026-03-13T21:33:57+08:00][info] 使用当前发送用户 3471 的 session_path/www/wwwroot/tdata.tgbota.top/public/uploads/admin/202602/6997fc3070d84/819089723520/tdata/temp_8574369010.session
[2026-03-13T21:34:04+08:00][info] 返回:{"status":true,"message":"发送完成，成功1个，失败0个[]","data":{"success":[{"group_id":3895336513,"group_link":"https:\/\/t.me\/twogrqoup","type":"megagroup","message":"发送成功","message_id":8189}],"failed":[],"debug":["处理标识符: https:\/\/t.me\/twogrqoup, 清理后: https:\/\/t.me\/twogrqoup, 识别为链接: True, 识别为数字ID: False","已是群组成员，群组ID: 3895336513"],"warning":""},"api_address":"185.165.170.142:5023"}
[2026-03-13T21:34:04+08:00][info] 消息ID缓存成功: task_id=66, group_id=https://t.me/twogrqoup, msg_index=7, message_id=8189, send_user_id=3471
[2026-03-13T21:34:04+08:00][info] 消息状态标记为已发送: task_id=66, group_id=https://t.me/twogrqoup, msg_index=7
[2026-03-13T21:34:04+08:00][info] 任务 66 将在 26 秒后继续处理下一条消息，索引: 8, 实例ID: task_66_index_8_1773408844.3869
[2026-03-13T21:34:31+08:00][info] 开始处理队列任务: task_id=66, current_index=8
[2026-03-13T21:34:31+08:00][info] 消息缓存初始化完成: task_id=66, groups=https://t.me/twogrqoup
[2026-03-13T21:34:31+08:00][info] 任务 66 第 878 次循环，重置群组 https://t.me/twogrqoup 消息状态
[2026-03-13T21:34:31+08:00][info] 使用当前发送用户 3469 的 session_path/www/wwwroot/tdata.tgbota.top/public/uploads/admin/202602/6997fc3070d84/819056965118/tdata/temp_8418493902.session
[2026-03-13T21:34:37+08:00][info] 返回:{"status":true,"message":"发送完成，成功1个，失败0个[]","data":{"success":[{"group_id":3895336513,"group_link":"https:\/\/t.me\/twogrqoup","type":"megagroup","message":"发送成功","message_id":8190}],"failed":[],"debug":["处理标识符: https:\/\/t.me\/twogrqoup, 清理后: https:\/\/t.me\/twogrqoup, 识别为链接: True, 识别为数字ID: False","已是群组成员，群组ID: 3895336513"],"warning":""},"api_address":"185.165.170.142:5062"}
[2026-03-13T21:34:37+08:00][info] 消息ID缓存成功: task_id=66, group_id=https://t.me/twogrqoup, msg_index=8, message_id=8190, send_user_id=3469
[2026-03-13T21:34:37+08:00][info] 消息状态标记为已发送: task_id=66, group_id=https://t.me/twogrqoup, msg_index=8
[2026-03-13T21:34:37+08:00][info] 任务 66 将在 30 秒后继续处理下一条消息，索引: 9, 实例ID: task_66_index_9_1773408877.4722
[2026-03-13T21:35:07+08:00][info] 开始处理队列任务: task_id=66, current_index=9
[2026-03-13T21:35:07+08:00][info] 消息缓存初始化完成: task_id=66, groups=https://t.me/twogrqoup
[2026-03-13T21:35:07+08:00][info] 任务 66 第 878 次循环，重置群组 https://t.me/twogrqoup 消息状态
[2026-03-13T21:35:07+08:00][info] 任务 66 第 878 轮完成，准备进行第 879 轮
[2026-03-13T21:35:07+08:00][info] 任务 66 即将为下一轮重新入队，延迟 5 秒，从索引 0 开始
[2026-03-13T21:35:11+08:00][info] 开始处理队列任务: task_id=69, current_index=1059
[2026-03-13T21:35:11+08:00][info] 从数据库获取用户 4242 的 session_path
[2026-03-13T21:35:13+08:00][info] 开始处理队列任务: task_id=66, current_index=0
[2026-03-13T21:35:13+08:00][info] 消息缓存初始化完成: task_id=66, groups=https://t.me/twogrqoup
[2026-03-13T21:35:13+08:00][info] 任务 66 第 879 次循环，重置群组 https://t.me/twogrqoup 消息状态
[2026-03-13T21:35:13+08:00][info] 使用当前发送用户 3469 的 session_path/www/wwwroot/tdata.tgbota.top/public/uploads/admin/202602/6997fc3070d84/819056965118/tdata/temp_8418493902.session
[2026-03-13T21:35:15+08:00][info] 返回:{"status":true,"message":"发送完成，成功1个，失败0个[]","data":{"success":[{"group_id":5072487869,"group_link":"https:\/\/t.me\/+9ZnJ_gHIFV41NzFh","type":"chat","message":"发送成功","message_id":1056}],"failed":[],"debug":["处理标识符: https:\/\/t.me\/+9ZnJ_gHIFV41NzFh, 清理后: https:\/\/t.me\/+9ZnJ_gHIFV41NzFh, 识别为链接: True, 识别为数字ID: False","文件1有效: \/www\/wwwroot\/tdata.tgbota.top\/public\/uploads\/admin\/202512\/693ae43195412.jpg (5980字节)","发送单个文件: \/www\/wwwroot\/tdata.tgbota.top\/public\/uploads\/admin\/202512\/693ae43195412.jpg"],"warning":""},"api_address":"185.165.170.142:5027"}
[2026-03-13T21:35:15+08:00][info] 消息ID缓存成功: task_id=69, group_id=https://t.me/+9ZnJ_gHIFV41NzFh, msg_index=1059, message_id=1056, send_user_id=4242
[2026-03-13T21:35:15+08:00][info] 消息状态标记为已发送: task_id=69, group_id=https://t.me/+9ZnJ_gHIFV41NzFh, msg_index=1059
[2026-03-13T21:35:15+08:00][info] 任务 69 将在 110 秒后继续处理下一条消息，索引: 1060, 实例ID: task_69_index_1060_1773408915.8809
[2026-03-13T21:35:20+08:00][info] 返回:{"status":true,"message":"发送完成，成功1个，失败0个[]","data":{"success":[{"group_id":3895336513,"group_link":"https:\/\/t.me\/twogrqoup","type":"megagroup","message":"发送成功","message_id":8191}],"failed":[],"debug":["处理标识符: https:\/\/t.me\/twogrqoup, 清理后: https:\/\/t.me\/twogrqoup, 识别为链接: True, 识别为数字ID: False","已是群组成员，群组ID: 3895336513"],"warning":""},"api_address":"185.165.170.142:5062"}
[2026-03-13T21:35:20+08:00][info] 消息ID缓存成功: task_id=66, group_id=https://t.me/twogrqoup, msg_index=0, message_id=8191, send_user_id=3469
[2026-03-13T21:35:20+08:00][info] 消息状态标记为已发送: task_id=66, group_id=https://t.me/twogrqoup, msg_index=0
[2026-03-13T21:35:20+08:00][info] 任务 66 将在 15 秒后继续处理下一条消息，索引: 1, 实例ID: task_66_index_1_1773408920.9197
[2026-03-13T21:35:35+08:00][info] 开始处理队列任务: task_id=66, current_index=1
[2026-03-13T21:35:35+08:00][info] 消息缓存初始化完成: task_id=66, groups=https://t.me/twogrqoup
[2026-03-13T21:35:35+08:00][info] 任务 66 第 879 次循环，重置群组 https://t.me/twogrqoup 消息状态
[2026-03-13T21:35:35+08:00][info] 使用当前发送用户 3472 的 session_path/www/wwwroot/tdata.tgbota.top/public/uploads/admin/202602/6997fc3070d84/819050054287/tdata/temp_8308580822.session
[2026-03-13T21:35:41+08:00][info] 返回:{"status":true,"message":"发送完成，成功1个，失败0个[]","data":{"success":[{"group_id":3895336513,"group_link":"https:\/\/t.me\/twogrqoup","type":"megagroup","message":"发送成功","message_id":8192}],"failed":[],"debug":["处理标识符: https:\/\/t.me\/twogrqoup, 清理后: https:\/\/t.me\/twogrqoup, 识别为链接: True, 识别为数字ID: False","已是群组成员，群组ID: 3895336513"],"warning":""},"api_address":"185.165.170.142:5042"}
[2026-03-13T21:35:41+08:00][info] 消息ID缓存成功: task_id=66, group_id=https://t.me/twogrqoup, msg_index=1, message_id=8192, send_user_id=3472
[2026-03-13T21:35:41+08:00][info] 消息状态标记为已发送: task_id=66, group_id=https://t.me/twogrqoup, msg_index=1
[2026-03-13T21:35:41+08:00][info] 任务 66 将在 30 秒后继续处理下一条消息，索引: 2, 实例ID: task_66_index_2_1773408941.5403
[2026-03-13T21:36:11+08:00][info] 开始处理队列任务: task_id=66, current_index=2
[2026-03-13T21:36:11+08:00][info] 消息缓存初始化完成: task_id=66, groups=https://t.me/twogrqoup
[2026-03-13T21:36:11+08:00][info] 任务 66 第 879 次循环，重置群组 https://t.me/twogrqoup 消息状态
[2026-03-13T21:36:11+08:00][info] 使用当前发送用户 3473 的 session_path/www/wwwroot/tdata.tgbota.top/public/uploads/admin/202602/6997fc3070d84/819054626431/tdata/temp_8503359249.session
[2026-03-13T21:36:17+08:00][info] 返回:{"status":true,"message":"发送完成，成功1个，失败0个[]","data":{"success":[{"group_id":3895336513,"group_link":"https:\/\/t.me\/twogrqoup","type":"megagroup","message":"发送成功","message_id":8193}],"failed":[],"debug":["处理标识符: https:\/\/t.me\/twogrqoup, 清理后: https:\/\/t.me\/twogrqoup, 识别为链接: True, 识别为数字ID: False","已是群组成员，群组ID: 3895336513"],"warning":""},"api_address":"185.165.170.142:5043"}
[2026-03-13T21:36:17+08:00][info] 消息ID缓存成功: task_id=66, group_id=https://t.me/twogrqoup, msg_index=2, message_id=8193, send_user_id=3473
[2026-03-13T21:36:17+08:00][info] 消息状态标记为已发送: task_id=66, group_id=https://t.me/twogrqoup, msg_index=2
[2026-03-13T21:36:17+08:00][info] 任务 66 将在 45 秒后继续处理下一条消息，索引: 3, 实例ID: task_66_index_3_1773408977.5566
[2026-03-13T21:37:02+08:00][info] 开始处理队列任务: task_id=66, current_index=3
[2026-03-13T21:37:02+08:00][info] 消息缓存初始化完成: task_id=66, groups=https://t.me/twogrqoup
[2026-03-13T21:37:02+08:00][info] 任务 66 第 879 次循环，重置群组 https://t.me/twogrqoup 消息状态
[2026-03-13T21:37:02+08:00][info] 使用当前发送用户 3469 的 session_path/www/wwwroot/tdata.tgbota.top/public/uploads/admin/202602/6997fc3070d84/819056965118/tdata/temp_8418493902.session
[2026-03-13T21:37:05+08:00][info] 开始处理队列任务: task_id=69, current_index=1060
[2026-03-13T21:37:05+08:00][info] 使用当前发送用户 4239 的 session_path/www/wwwroot/tdata.tgbota.top/public/uploads/admin/202603/69b10fe00169d/13376377324/tdata/temp_8582856958.session
[2026-03-13T21:37:07+08:00][info] 返回:{"status":true,"message":"发送完成，成功1个，失败0个[]","data":{"success":[{"group_id":3895336513,"group_link":"https:\/\/t.me\/twogrqoup","type":"megagroup","message":"发送成功","message_id":8194}],"failed":[],"debug":["处理标识符: https:\/\/t.me\/twogrqoup, 清理后: https:\/\/t.me\/twogrqoup, 识别为链接: True, 识别为数字ID: False","已是群组成员，群组ID: 3895336513"],"warning":""},"api_address":"185.165.170.142:5062"}
[2026-03-13T21:37:07+08:00][info] 消息ID缓存成功: task_id=66, group_id=https://t.me/twogrqoup, msg_index=3, message_id=8194, send_user_id=3469
[2026-03-13T21:37:07+08:00][info] 消息状态标记为已发送: task_id=66, group_id=https://t.me/twogrqoup, msg_index=3
[2026-03-13T21:37:07+08:00][info] 任务 66 将在 20 秒后继续处理下一条消息，索引: 4, 实例ID: task_66_index_4_1773409027.7017
[2026-03-13T21:37:11+08:00][info] 返回:{"status":true,"message":"发送完成，成功1个，失败0个[]","data":{"success":[{"group_id":5072487869,"group_link":"https:\/\/t.me\/+9ZnJ_gHIFV41NzFh","type":"chat","message":"发送成功","message_id":1050}],"failed":[],"debug":["处理标识符: https:\/\/t.me\/+9ZnJ_gHIFV41NzFh, 清理后: https:\/\/t.me\/+9ZnJ_gHIFV41NzFh, 识别为链接: True, 识别为数字ID: False"],"warning":""},"api_address":"185.165.170.142:5024"}
[2026-03-13T21:37:11+08:00][info] 消息ID缓存成功: task_id=69, group_id=https://t.me/+9ZnJ_gHIFV41NzFh, msg_index=1060, message_id=1050, send_user_id=4239
[2026-03-13T21:37:11+08:00][info] 消息状态标记为已发送: task_id=69, group_id=https://t.me/+9ZnJ_gHIFV41NzFh, msg_index=1060
[2026-03-13T21:37:11+08:00][info] 任务 69 将在 70 秒后继续处理下一条消息，索引: 1061, 实例ID: task_69_index_1061_1773409031.0585
[2026-03-13T21:37:27+08:00][info] 开始处理队列任务: task_id=66, current_index=4
[2026-03-13T21:37:27+08:00][info] 消息缓存初始化完成: task_id=66, groups=https://t.me/twogrqoup
[2026-03-13T21:37:27+08:00][info] 任务 66 第 879 次循环，重置群组 https://t.me/twogrqoup 消息状态
[2026-03-13T21:37:27+08:00][info] 使用当前发送用户 3471 的 session_path/www/wwwroot/tdata.tgbota.top/public/uploads/admin/202602/6997fc3070d84/819089723520/tdata/temp_8574369010.session
[2026-03-13T21:37:34+08:00][info] 返回:{"status":true,"message":"发送完成，成功1个，失败0个[]","data":{"success":[{"group_id":3895336513,"group_link":"https:\/\/t.me\/twogrqoup","type":"megagroup","message":"发送成功","message_id":8195}],"failed":[],"debug":["处理标识符: https:\/\/t.me\/twogrqoup, 清理后: https:\/\/t.me\/twogrqoup, 识别为链接: True, 识别为数字ID: False","已是群组成员，群组ID: 3895336513"],"warning":""},"api_address":"185.165.170.142:5023"}
[2026-03-13T21:37:34+08:00][info] 消息ID缓存成功: task_id=66, group_id=https://t.me/twogrqoup, msg_index=4, message_id=8195, send_user_id=3471
[2026-03-13T21:37:34+08:00][info] 消息状态标记为已发送: task_id=66, group_id=https://t.me/twogrqoup, msg_index=4
[2026-03-13T21:37:34+08:00][info] 任务 66 将在 26 秒后继续处理下一条消息，索引: 5, 实例ID: task_66_index_5_1773409054.9018
[2026-03-13T21:38:00+08:00][info] 开始处理队列任务: task_id=66, current_index=5
[2026-03-13T21:38:00+08:00][info] 消息缓存初始化完成: task_id=66, groups=https://t.me/twogrqoup
[2026-03-13T21:38:00+08:00][info] 任务 66 第 879 次循环，重置群组 https://t.me/twogrqoup 消息状态
[2026-03-13T21:38:00+08:00][info] 使用当前发送用户 3469 的 session_path/www/wwwroot/tdata.tgbota.top/public/uploads/admin/202602/6997fc3070d84/819056965118/tdata/temp_8418493902.session
[2026-03-13T21:38:07+08:00][info] 返回:{"status":true,"message":"发送完成，成功1个，失败0个[]","data":{"success":[{"group_id":3895336513,"group_link":"https:\/\/t.me\/twogrqoup","type":"megagroup","message":"发送成功","message_id":8196}],"failed":[],"debug":["处理标识符: https:\/\/t.me\/twogrqoup, 清理后: https:\/\/t.me\/twogrqoup, 识别为链接: True, 识别为数字ID: False","已是群组成员，群组ID: 3895336513"],"warning":""},"api_address":"185.165.170.142:5062"}
[2026-03-13T21:38:07+08:00][info] 消息ID缓存成功: task_id=66, group_id=https://t.me/twogrqoup, msg_index=5, message_id=8196, send_user_id=3469
[2026-03-13T21:38:07+08:00][info] 消息状态标记为已发送: task_id=66, group_id=https://t.me/twogrqoup, msg_index=5
[2026-03-13T21:38:07+08:00][info] 任务 66 将在 27 秒后继续处理下一条消息，索引: 6, 实例ID: task_66_index_6_1773409087.942
[2026-03-13T21:38:22+08:00][info] 开始处理队列任务: task_id=69, current_index=1061
[2026-03-13T21:38:22+08:00][info] 使用当前发送用户 4239 的 session_path/www/wwwroot/tdata.tgbota.top/public/uploads/admin/202603/69b10fe00169d/13376377324/tdata/temp_8582856958.session
[2026-03-13T21:38:31+08:00][info] 返回:{"status":true,"message":"发送完成，成功1个，失败0个[]","data":{"success":[{"group_id":5072487869,"group_link":"https:\/\/t.me\/+9ZnJ_gHIFV41NzFh","type":"chat","message":"发送成功","message_id":1051}],"failed":[],"debug":["处理标识符: https:\/\/t.me\/+9ZnJ_gHIFV41NzFh, 清理后: https:\/\/t.me\/+9ZnJ_gHIFV41NzFh, 识别为链接: True, 识别为数字ID: False"],"warning":""},"api_address":"185.165.170.142:5024"}
[2026-03-13T21:38:31+08:00][info] 消息ID缓存成功: task_id=69, group_id=https://t.me/+9ZnJ_gHIFV41NzFh, msg_index=1061, message_id=1051, send_user_id=4239
[2026-03-13T21:38:31+08:00][info] 消息状态标记为已发送: task_id=69, group_id=https://t.me/+9ZnJ_gHIFV41NzFh, msg_index=1061
[2026-03-13T21:38:31+08:00][info] 任务 69 将在 80 秒后继续处理下一条消息，索引: 1062, 实例ID: task_69_index_1062_1773409111.1808
[2026-03-13T21:38:34+08:00][info] 开始处理队列任务: task_id=66, current_index=6
[2026-03-13T21:38:34+08:00][info] 消息缓存初始化完成: task_id=66, groups=https://t.me/twogrqoup
[2026-03-13T21:38:34+08:00][info] 任务 66 第 879 次循环，重置群组 https://t.me/twogrqoup 消息状态
[2026-03-13T21:38:34+08:00][info] 使用当前发送用户 3471 的 session_path/www/wwwroot/tdata.tgbota.top/public/uploads/admin/202602/6997fc3070d84/819089723520/tdata/temp_8574369010.session
[2026-03-13T21:38:39+08:00][info] 返回:{"status":true,"message":"发送完成，成功1个，失败0个[]","data":{"success":[{"group_id":3895336513,"group_link":"https:\/\/t.me\/twogrqoup","type":"megagroup","message":"发送成功","message_id":8197}],"failed":[],"debug":["处理标识符: https:\/\/t.me\/twogrqoup, 清理后: https:\/\/t.me\/twogrqoup, 识别为链接: True, 识别为数字ID: False","已是群组成员，群组ID: 3895336513"],"warning":""},"api_address":"185.165.170.142:5023"}
[2026-03-13T21:38:39+08:00][info] 消息ID缓存成功: task_id=66, group_id=https://t.me/twogrqoup, msg_index=6, message_id=8197, send_user_id=3471
[2026-03-13T21:38:39+08:00][info] 消息状态标记为已发送: task_id=66, group_id=https://t.me/twogrqoup, msg_index=6
[2026-03-13T21:38:39+08:00][info] 任务 66 将在 13 秒后继续处理下一条消息，索引: 7, 实例ID: task_66_index_7_1773409119.4319
[2026-03-13T21:38:52+08:00][info] 开始处理队列任务: task_id=66, current_index=7
[2026-03-13T21:38:52+08:00][info] 消息缓存初始化完成: task_id=66, groups=https://t.me/twogrqoup
[2026-03-13T21:38:52+08:00][info] 任务 66 第 879 次循环，重置群组 https://t.me/twogrqoup 消息状态
[2026-03-13T21:38:52+08:00][info] 使用当前发送用户 3471 的 session_path/www/wwwroot/tdata.tgbota.top/public/uploads/admin/202602/6997fc3070d84/819089723520/tdata/temp_8574369010.session
[2026-03-13T21:39:00+08:00][info] 返回:{"status":true,"message":"发送完成，成功1个，失败0个[]","data":{"success":[{"group_id":3895336513,"group_link":"https:\/\/t.me\/twogrqoup","type":"megagroup","message":"发送成功","message_id":8198}],"failed":[],"debug":["处理标识符: https:\/\/t.me\/twogrqoup, 清理后: https:\/\/t.me\/twogrqoup, 识别为链接: True, 识别为数字ID: False","已是群组成员，群组ID: 3895336513"],"warning":""},"api_address":"185.165.170.142:5023"}
[2026-03-13T21:39:00+08:00][info] 消息ID缓存成功: task_id=66, group_id=https://t.me/twogrqoup, msg_index=7, message_id=8198, send_user_id=3471
[2026-03-13T21:39:00+08:00][info] 消息状态标记为已发送: task_id=66, group_id=https://t.me/twogrqoup, msg_index=7
[2026-03-13T21:39:00+08:00][info] 任务 66 将在 26 秒后继续处理下一条消息，索引: 8, 实例ID: task_66_index_8_1773409140.7318
[2026-03-13T21:39:26+08:00][info] 开始处理队列任务: task_id=66, current_index=8
[2026-03-13T21:39:26+08:00][info] 消息缓存初始化完成: task_id=66, groups=https://t.me/twogrqoup
[2026-03-13T21:39:26+08:00][info] 任务 66 第 879 次循环，重置群组 https://t.me/twogrqoup 消息状态
[2026-03-13T21:39:26+08:00][info] 使用当前发送用户 3469 的 session_path/www/wwwroot/tdata.tgbota.top/public/uploads/admin/202602/6997fc3070d84/819056965118/tdata/temp_8418493902.session
[2026-03-13T21:39:32+08:00][info] 返回:{"status":true,"message":"发送完成，成功1个，失败0个[]","data":{"success":[{"group_id":3895336513,"group_link":"https:\/\/t.me\/twogrqoup","type":"megagroup","message":"发送成功","message_id":8199}],"failed":[],"debug":["处理标识符: https:\/\/t.me\/twogrqoup, 清理后: https:\/\/t.me\/twogrqoup, 识别为链接: True, 识别为数字ID: False","已是群组成员，群组ID: 3895336513"],"warning":""},"api_address":"185.165.170.142:5062"}
[2026-03-13T21:39:32+08:00][info] 消息ID缓存成功: task_id=66, group_id=https://t.me/twogrqoup, msg_index=8, message_id=8199, send_user_id=3469
[2026-03-13T21:39:32+08:00][info] 消息状态标记为已发送: task_id=66, group_id=https://t.me/twogrqoup, msg_index=8
[2026-03-13T21:39:32+08:00][info] 任务 66 将在 30 秒后继续处理下一条消息，索引: 9, 实例ID: task_66_index_9_1773409172.3583
[2026-03-13T21:39:51+08:00][info] 开始处理队列任务: task_id=69, current_index=1062
[2026-03-13T21:39:51+08:00][info] 使用当前发送用户 4237 的 session_path/www/wwwroot/tdata.tgbota.top/public/uploads/admin/202603/69b10fe00169d/13613573352/tdata/temp_8384621196.session
[2026-03-13T21:39:56+08:00][info] 返回:{"status":true,"message":"发送完成，成功1个，失败0个[]","data":{"success":[{"group_id":5072487869,"group_link":"https:\/\/t.me\/+9ZnJ_gHIFV41NzFh","type":"chat","message":"发送成功","message_id":1048}],"failed":[],"debug":["处理标识符: https:\/\/t.me\/+9ZnJ_gHIFV41NzFh, 清理后: https:\/\/t.me\/+9ZnJ_gHIFV41NzFh, 识别为链接: True, 识别为数字ID: False"],"warning":""},"api_address":"185.165.170.142:5022"}
[2026-03-13T21:39:56+08:00][info] 消息ID缓存成功: task_id=69, group_id=https://t.me/+9ZnJ_gHIFV41NzFh, msg_index=1062, message_id=1048, send_user_id=4237
[2026-03-13T21:39:56+08:00][info] 消息状态标记为已发送: task_id=69, group_id=https://t.me/+9ZnJ_gHIFV41NzFh, msg_index=1062
[2026-03-13T21:39:56+08:00][info] 任务 69 将在 110 秒后继续处理下一条消息，索引: 1063, 实例ID: task_69_index_1063_1773409196.9037
[2026-03-13T21:40:02+08:00][info] 开始处理队列任务: task_id=66, current_index=9
[2026-03-13T21:40:02+08:00][info] 消息缓存初始化完成: task_id=66, groups=https://t.me/twogrqoup
[2026-03-13T21:40:02+08:00][info] 任务 66 第 879 次循环，重置群组 https://t.me/twogrqoup 消息状态
[2026-03-13T21:40:02+08:00][info] 任务 66 第 879 轮完成，准备进行第 880 轮
[2026-03-13T21:40:02+08:00][info] 任务 66 即将为下一轮重新入队，延迟 5 秒，从索引 0 开始
[2026-03-13T21:40:07+08:00][info] 开始处理队列任务: task_id=66, current_index=0
[2026-03-13T21:40:07+08:00][info] 消息缓存初始化完成: task_id=66, groups=https://t.me/twogrqoup
[2026-03-13T21:40:07+08:00][info] 任务 66 第 880 次循环，重置群组 https://t.me/twogrqoup 消息状态
[2026-03-13T21:40:08+08:00][info] 使用当前发送用户 3469 的 session_path/www/wwwroot/tdata.tgbota.top/public/uploads/admin/202602/6997fc3070d84/819056965118/tdata/temp_8418493902.session
[2026-03-13T21:40:13+08:00][info] 返回:{"status":true,"message":"发送完成，成功1个，失败0个[]","data":{"success":[{"group_id":3895336513,"group_link":"https:\/\/t.me\/twogrqoup","type":"megagroup","message":"发送成功","message_id":8200}],"failed":[],"debug":["处理标识符: https:\/\/t.me\/twogrqoup, 清理后: https:\/\/t.me\/twogrqoup, 识别为链接: True, 识别为数字ID: False","已是群组成员，群组ID: 3895336513"],"warning":""},"api_address":"185.165.170.142:5062"}
[2026-03-13T21:40:13+08:00][info] 消息ID缓存成功: task_id=66, group_id=https://t.me/twogrqoup, msg_index=0, message_id=8200, send_user_id=3469
[2026-03-13T21:40:13+08:00][info] 消息状态标记为已发送: task_id=66, group_id=https://t.me/twogrqoup, msg_index=0
[2026-03-13T21:40:13+08:00][info] 任务 66 将在 15 秒后继续处理下一条消息，索引: 1, 实例ID: task_66_index_1_1773409213.2968
[2026-03-13T21:40:28+08:00][info] 开始处理队列任务: task_id=66, current_index=1
[2026-03-13T21:40:28+08:00][info] 消息缓存初始化完成: task_id=66, groups=https://t.me/twogrqoup
[2026-03-13T21:40:28+08:00][info] 任务 66 第 880 次循环，重置群组 https://t.me/twogrqoup 消息状态
[2026-03-13T21:40:28+08:00][info] 使用当前发送用户 3472 的 session_path/www/wwwroot/tdata.tgbota.top/public/uploads/admin/202602/6997fc3070d84/819050054287/tdata/temp_8308580822.session
[2026-03-13T21:40:35+08:00][info] 返回:{"status":true,"message":"发送完成，成功1个，失败0个[]","data":{"success":[{"group_id":3895336513,"group_link":"https:\/\/t.me\/twogrqoup","type":"megagroup","message":"发送成功","message_id":8201}],"failed":[],"debug":["处理标识符: https:\/\/t.me\/twogrqoup, 清理后: https:\/\/t.me\/twogrqoup, 识别为链接: True, 识别为数字ID: False","已是群组成员，群组ID: 3895336513"],"warning":""},"api_address":"185.165.170.142:5042"}
[2026-03-13T21:40:35+08:00][info] 消息ID缓存成功: task_id=66, group_id=https://t.me/twogrqoup, msg_index=1, message_id=8201, send_user_id=3472
[2026-03-13T21:40:35+08:00][info] 消息状态标记为已发送: task_id=66, group_id=https://t.me/twogrqoup, msg_index=1
[2026-03-13T21:40:35+08:00][info] 任务 66 将在 30 秒后继续处理下一条消息，索引: 2, 实例ID: task_66_index_2_1773409235.3385
[2026-03-13T21:41:05+08:00][info] 开始处理队列任务: task_id=66, current_index=2
[2026-03-13T21:41:05+08:00][info] 消息缓存初始化完成: task_id=66, groups=https://t.me/twogrqoup
[2026-03-13T21:41:05+08:00][info] 任务 66 第 880 次循环，重置群组 https://t.me/twogrqoup 消息状态
[2026-03-13T21:41:05+08:00][info] 使用当前发送用户 3473 的 session_path/www/wwwroot/tdata.tgbota.top/public/uploads/admin/202602/6997fc3070d84/819054626431/tdata/temp_8503359249.session
[2026-03-13T21:41:12+08:00][info] 返回:{"status":true,"message":"发送完成，成功1个，失败0个[]","data":{"success":[{"group_id":3895336513,"group_link":"https:\/\/t.me\/twogrqoup","type":"megagroup","message":"发送成功","message_id":8202}],"failed":[],"debug":["处理标识符: https:\/\/t.me\/twogrqoup, 清理后: https:\/\/t.me\/twogrqoup, 识别为链接: True, 识别为数字ID: False","已是群组成员，群组ID: 3895336513"],"warning":""},"api_address":"185.165.170.142:5043"}
[2026-03-13T21:41:12+08:00][info] 消息ID缓存成功: task_id=66, group_id=https://t.me/twogrqoup, msg_index=2, message_id=8202, send_user_id=3473
[2026-03-13T21:41:12+08:00][info] 消息状态标记为已发送: task_id=66, group_id=https://t.me/twogrqoup, msg_index=2
[2026-03-13T21:41:12+08:00][info] 任务 66 将在 45 秒后继续处理下一条消息，索引: 3, 实例ID: task_66_index_3_1773409272.3837
[2026-03-13T21:41:47+08:00][info] 开始处理队列任务: task_id=69, current_index=1063
[2026-03-13T21:41:47+08:00][info] 使用当前发送用户 4238 的 session_path/www/wwwroot/tdata.tgbota.top/public/uploads/admin/202603/69b10fe00169d/13513524987/tdata/temp_8437054734.session
[2026-03-13T21:41:52+08:00][info] 返回:{"status":true,"message":"发送完成，成功1个，失败0个[]","data":{"success":[{"group_id":5072487869,"group_link":"https:\/\/t.me\/+9ZnJ_gHIFV41NzFh","type":"chat","message":"发送成功","message_id":1051}],"failed":[],"debug":["处理标识符: https:\/\/t.me\/+9ZnJ_gHIFV41NzFh, 清理后: https:\/\/t.me\/+9ZnJ_gHIFV41NzFh, 识别为链接: True, 识别为数字ID: False"],"warning":""},"api_address":"185.165.170.142:5023"}
[2026-03-13T21:41:52+08:00][info] 消息ID缓存成功: task_id=69, group_id=https://t.me/+9ZnJ_gHIFV41NzFh, msg_index=1063, message_id=1051, send_user_id=4238
[2026-03-13T21:41:52+08:00][info] 消息状态标记为已发送: task_id=69, group_id=https://t.me/+9ZnJ_gHIFV41NzFh, msg_index=1063
[2026-03-13T21:41:52+08:00][info] 任务 69 将在 79 秒后继续处理下一条消息，索引: 1064, 实例ID: task_69_index_1064_1773409312.2481
[2026-03-13T21:41:57+08:00][info] 开始处理队列任务: task_id=66, current_index=3
[2026-03-13T21:41:57+08:00][info] 消息缓存初始化完成: task_id=66, groups=https://t.me/twogrqoup
[2026-03-13T21:41:57+08:00][info] 任务 66 第 880 次循环，重置群组 https://t.me/twogrqoup 消息状态
[2026-03-13T21:41:57+08:00][info] 使用当前发送用户 3469 的 session_path/www/wwwroot/tdata.tgbota.top/public/uploads/admin/202602/6997fc3070d84/819056965118/tdata/temp_8418493902.session
[2026-03-13T21:42:03+08:00][info] 返回:{"status":true,"message":"发送完成，成功1个，失败0个[]","data":{"success":[{"group_id":3895336513,"group_link":"https:\/\/t.me\/twogrqoup","type":"megagroup","message":"发送成功","message_id":8203}],"failed":[],"debug":["处理标识符: https:\/\/t.me\/twogrqoup, 清理后: https:\/\/t.me\/twogrqoup, 识别为链接: True, 识别为数字ID: False","已是群组成员，群组ID: 3895336513"],"warning":""},"api_address":"185.165.170.142:5062"}
[2026-03-13T21:42:03+08:00][info] 消息ID缓存成功: task_id=66, group_id=https://t.me/twogrqoup, msg_index=3, message_id=8203, send_user_id=3469
[2026-03-13T21:42:03+08:00][info] 消息状态标记为已发送: task_id=66, group_id=https://t.me/twogrqoup, msg_index=3
[2026-03-13T21:42:03+08:00][info] 任务 66 将在 20 秒后继续处理下一条消息，索引: 4, 实例ID: task_66_index_4_1773409323.9502
[2026-03-13T21:42:23+08:00][info] 开始处理队列任务: task_id=66, current_index=4
[2026-03-13T21:42:23+08:00][info] 消息缓存初始化完成: task_id=66, groups=https://t.me/twogrqoup
[2026-03-13T21:42:23+08:00][info] 任务 66 第 880 次循环，重置群组 https://t.me/twogrqoup 消息状态
[2026-03-13T21:42:23+08:00][info] 使用当前发送用户 3471 的 session_path/www/wwwroot/tdata.tgbota.top/public/uploads/admin/202602/6997fc3070d84/819089723520/tdata/temp_8574369010.session
[2026-03-13T21:42:30+08:00][info] 返回:{"status":true,"message":"发送完成，成功1个，失败0个[]","data":{"success":[{"group_id":3895336513,"group_link":"https:\/\/t.me\/twogrqoup","type":"megagroup","message":"发送成功","message_id":8204}],"failed":[],"debug":["处理标识符: https:\/\/t.me\/twogrqoup, 清理后: https:\/\/t.me\/twogrqoup, 识别为链接: True, 识别为数字ID: False","已是群组成员，群组ID: 3895336513"],"warning":""},"api_address":"185.165.170.142:5023"}
[2026-03-13T21:42:30+08:00][info] 消息ID缓存成功: task_id=66, group_id=https://t.me/twogrqoup, msg_index=4, message_id=8204, send_user_id=3471
[2026-03-13T21:42:30+08:00][info] 消息状态标记为已发送: task_id=66, group_id=https://t.me/twogrqoup, msg_index=4
[2026-03-13T21:42:30+08:00][info] 任务 66 将在 26 秒后继续处理下一条消息，索引: 5, 实例ID: task_66_index_5_1773409350.8835
[2026-03-13T21:42:56+08:00][info] 开始处理队列任务: task_id=66, current_index=5
[2026-03-13T21:42:56+08:00][info] 消息缓存初始化完成: task_id=66, groups=https://t.me/twogrqoup
[2026-03-13T21:42:56+08:00][info] 任务 66 第 880 次循环，重置群组 https://t.me/twogrqoup 消息状态
[2026-03-13T21:42:56+08:00][info] 使用当前发送用户 3469 的 session_path/www/wwwroot/tdata.tgbota.top/public/uploads/admin/202602/6997fc3070d84/819056965118/tdata/temp_8418493902.session
[2026-03-13T21:43:02+08:00][info] 返回:{"status":true,"message":"发送完成，成功1个，失败0个[]","data":{"success":[{"group_id":3895336513,"group_link":"https:\/\/t.me\/twogrqoup","type":"megagroup","message":"发送成功","message_id":8205}],"failed":[],"debug":["处理标识符: https:\/\/t.me\/twogrqoup, 清理后: https:\/\/t.me\/twogrqoup, 识别为链接: True, 识别为数字ID: False","已是群组成员，群组ID: 3895336513"],"warning":""},"api_address":"185.165.170.142:5062"}
[2026-03-13T21:43:02+08:00][info] 消息ID缓存成功: task_id=66, group_id=https://t.me/twogrqoup, msg_index=5, message_id=8205, send_user_id=3469
[2026-03-13T21:43:02+08:00][info] 消息状态标记为已发送: task_id=66, group_id=https://t.me/twogrqoup, msg_index=5
[2026-03-13T21:43:02+08:00][info] 任务 66 将在 27 秒后继续处理下一条消息，索引: 6, 实例ID: task_66_index_6_1773409382.6907
[2026-03-13T21:43:11+08:00][info] 开始处理队列任务: task_id=69, current_index=1064
[2026-03-13T21:43:11+08:00][info] 使用feedbackType=1064的消息ID: 1051
[2026-03-13T21:43:11+08:00][info] 使用当前发送用户 4255 的 session_path/www/wwwroot/tdata.tgbota.top/public/uploads/admin/202603/69b10fe00169d/13528396542/tdata/temp_8117450112.session
[2026-03-13T21:43:17+08:00][info] 返回:{"status":true,"message":"发送完成，成功1个，失败0个[]","data":{"success":[{"group_id":5072487869,"group_link":"https:\/\/t.me\/+9ZnJ_gHIFV41NzFh","type":"chat","message":"发送成功","message_id":1044}],"failed":[],"debug":["处理标识符: https:\/\/t.me\/+9ZnJ_gHIFV41NzFh, 清理后: https:\/\/t.me\/+9ZnJ_gHIFV41NzFh, 识别为链接: True, 识别为数字ID: False"],"warning":""},"api_address":"185.165.170.142:5040"}
[2026-03-13T21:43:17+08:00][info] 消息ID缓存成功: task_id=69, group_id=https://t.me/+9ZnJ_gHIFV41NzFh, msg_index=1064, message_id=1044, send_user_id=4255
[2026-03-13T21:43:17+08:00][info] 消息状态标记为已发送: task_id=69, group_id=https://t.me/+9ZnJ_gHIFV41NzFh, msg_index=1064
[2026-03-13T21:43:17+08:00][info] 任务 69 将在 89 秒后继续处理下一条消息，索引: 1065, 实例ID: task_69_index_1065_1773409397.4411
[2026-03-13T21:43:29+08:00][info] 开始处理队列任务: task_id=66, current_index=6
[2026-03-13T21:43:29+08:00][info] 消息缓存初始化完成: task_id=66, groups=https://t.me/twogrqoup
[2026-03-13T21:43:29+08:00][info] 任务 66 第 880 次循环，重置群组 https://t.me/twogrqoup 消息状态
[2026-03-13T21:43:29+08:00][info] 使用当前发送用户 3471 的 session_path/www/wwwroot/tdata.tgbota.top/public/uploads/admin/202602/6997fc3070d84/819089723520/tdata/temp_8574369010.session
[2026-03-13T21:43:35+08:00][info] 返回:{"status":true,"message":"发送完成，成功1个，失败0个[]","data":{"success":[{"group_id":3895336513,"group_link":"https:\/\/t.me\/twogrqoup","type":"megagroup","message":"发送成功","message_id":8206}],"failed":[],"debug":["处理标识符: https:\/\/t.me\/twogrqoup, 清理后: https:\/\/t.me\/twogrqoup, 识别为链接: True, 识别为数字ID: False","已是群组成员，群组ID: 3895336513"],"warning":""},"api_address":"185.165.170.142:5023"}
[2026-03-13T21:43:35+08:00][info] 消息ID缓存成功: task_id=66, group_id=https://t.me/twogrqoup, msg_index=6, message_id=8206, send_user_id=3471
[2026-03-13T21:43:35+08:00][info] 消息状态标记为已发送: task_id=66, group_id=https://t.me/twogrqoup, msg_index=6
[2026-03-13T21:43:35+08:00][info] 任务 66 将在 13 秒后继续处理下一条消息，索引: 7, 实例ID: task_66_index_7_1773409415.0268
[2026-03-13T21:43:48+08:00][info] 开始处理队列任务: task_id=66, current_index=7
[2026-03-13T21:43:48+08:00][info] 消息缓存初始化完成: task_id=66, groups=https://t.me/twogrqoup
[2026-03-13T21:43:48+08:00][info] 任务 66 第 880 次循环，重置群组 https://t.me/twogrqoup 消息状态
[2026-03-13T21:43:48+08:00][info] 使用当前发送用户 3471 的 session_path/www/wwwroot/tdata.tgbota.top/public/uploads/admin/202602/6997fc3070d84/819089723520/tdata/temp_8574369010.session
[2026-03-13T21:43:54+08:00][info] 返回:{"status":true,"message":"发送完成，成功1个，失败0个[]","data":{"success":[{"group_id":3895336513,"group_link":"https:\/\/t.me\/twogrqoup","type":"megagroup","message":"发送成功","message_id":8207}],"failed":[],"debug":["处理标识符: https:\/\/t.me\/twogrqoup, 清理后: https:\/\/t.me\/twogrqoup, 识别为链接: True, 识别为数字ID: False","已是群组成员，群组ID: 3895336513"],"warning":""},"api_address":"185.165.170.142:5023"}
[2026-03-13T21:43:54+08:00][info] 消息ID缓存成功: task_id=66, group_id=https://t.me/twogrqoup, msg_index=7, message_id=8207, send_user_id=3471
[2026-03-13T21:43:54+08:00][info] 消息状态标记为已发送: task_id=66, group_id=https://t.me/twogrqoup, msg_index=7
[2026-03-13T21:43:54+08:00][info] 任务 66 将在 26 秒后继续处理下一条消息，索引: 8, 实例ID: task_66_index_8_1773409434.2394
[2026-03-13T21:44:20+08:00][info] 开始处理队列任务: task_id=66, current_index=8
[2026-03-13T21:44:20+08:00][info] 消息缓存初始化完成: task_id=66, groups=https://t.me/twogrqoup
[2026-03-13T21:44:20+08:00][info] 任务 66 第 880 次循环，重置群组 https://t.me/twogrqoup 消息状态
[2026-03-13T21:44:20+08:00][info] 使用当前发送用户 3469 的 session_path/www/wwwroot/tdata.tgbota.top/public/uploads/admin/202602/6997fc3070d84/819056965118/tdata/temp_8418493902.session
[2026-03-13T21:44:27+08:00][info] 返回:{"status":true,"message":"发送完成，成功1个，失败0个[]","data":{"success":[{"group_id":3895336513,"group_link":"https:\/\/t.me\/twogrqoup","type":"megagroup","message":"发送成功","message_id":8208}],"failed":[],"debug":["处理标识符: https:\/\/t.me\/twogrqoup, 清理后: https:\/\/t.me\/twogrqoup, 识别为链接: True, 识别为数字ID: False","已是群组成员，群组ID: 3895336513"],"warning":""},"api_address":"185.165.170.142:5062"}
[2026-03-13T21:44:27+08:00][info] 消息ID缓存成功: task_id=66, group_id=https://t.me/twogrqoup, msg_index=8, message_id=8208, send_user_id=3469
[2026-03-13T21:44:27+08:00][info] 消息状态标记为已发送: task_id=66, group_id=https://t.me/twogrqoup, msg_index=8
[2026-03-13T21:44:27+08:00][info] 任务 66 将在 30 秒后继续处理下一条消息，索引: 9, 实例ID: task_66_index_9_1773409467.8804
[2026-03-13T21:44:46+08:00][info] 开始处理队列任务: task_id=69, current_index=1065
[2026-03-13T21:44:46+08:00][info] 使用当前发送用户 4236 的 session_path/www/wwwroot/tdata.tgbota.top/public/uploads/admin/202603/69b10fe00169d/13632173148/tdata/temp_8293433174.session
[2026-03-13T21:44:52+08:00][info] 返回:{"status":true,"message":"发送完成，成功1个，失败0个[]","data":{"success":[{"group_id":5072487869,"group_link":"https:\/\/t.me\/+9ZnJ_gHIFV41NzFh","type":"chat","message":"发送成功","message_id":1049}],"failed":[],"debug":["处理标识符: https:\/\/t.me\/+9ZnJ_gHIFV41NzFh, 清理后: https:\/\/t.me\/+9ZnJ_gHIFV41NzFh, 识别为链接: True, 识别为数字ID: False"],"warning":""},"api_address":"185.165.170.142:5021"}
[2026-03-13T21:44:52+08:00][info] 消息ID缓存成功: task_id=69, group_id=https://t.me/+9ZnJ_gHIFV41NzFh, msg_index=1065, message_id=1049, send_user_id=4236
[2026-03-13T21:44:52+08:00][info] 消息状态标记为已发送: task_id=69, group_id=https://t.me/+9ZnJ_gHIFV41NzFh, msg_index=1065
[2026-03-13T21:44:52+08:00][info] 任务 69 将在 98 秒后继续处理下一条消息，索引: 1066, 实例ID: task_69_index_1066_1773409492.271
[2026-03-13T21:44:57+08:00][info] 开始处理队列任务: task_id=66, current_index=9
[2026-03-13T21:44:57+08:00][info] 消息缓存初始化完成: task_id=66, groups=https://t.me/twogrqoup
[2026-03-13T21:44:57+08:00][info] 任务 66 第 880 次循环，重置群组 https://t.me/twogrqoup 消息状态
[2026-03-13T21:44:57+08:00][info] 任务 66 第 880 轮完成，准备进行第 881 轮
[2026-03-13T21:44:57+08:00][info] 任务 66 即将为下一轮重新入队，延迟 5 秒，从索引 0 开始
[2026-03-13T21:45:02+08:00][info] 开始处理队列任务: task_id=66, current_index=0
[2026-03-13T21:45:02+08:00][info] 消息缓存初始化完成: task_id=66, groups=https://t.me/twogrqoup
[2026-03-13T21:45:02+08:00][info] 任务 66 第 881 次循环，重置群组 https://t.me/twogrqoup 消息状态
[2026-03-13T21:45:02+08:00][info] 使用当前发送用户 3469 的 session_path/www/wwwroot/tdata.tgbota.top/public/uploads/admin/202602/6997fc3070d84/819056965118/tdata/temp_8418493902.session
[2026-03-13T21:45:10+08:00][info] 返回:{"status":true,"message":"发送完成，成功1个，失败0个[]","data":{"success":[{"group_id":3895336513,"group_link":"https:\/\/t.me\/twogrqoup","type":"megagroup","message":"发送成功","message_id":8209}],"failed":[],"debug":["处理标识符: https:\/\/t.me\/twogrqoup, 清理后: https:\/\/t.me\/twogrqoup, 识别为链接: True, 识别为数字ID: False","已是群组成员，群组ID: 3895336513"],"warning":""},"api_address":"185.165.170.142:5062"}
[2026-03-13T21:45:10+08:00][info] 消息ID缓存成功: task_id=66, group_id=https://t.me/twogrqoup, msg_index=0, message_id=8209, send_user_id=3469
[2026-03-13T21:45:10+08:00][info] 消息状态标记为已发送: task_id=66, group_id=https://t.me/twogrqoup, msg_index=0
[2026-03-13T21:45:10+08:00][info] 任务 66 将在 15 秒后继续处理下一条消息，索引: 1, 实例ID: task_66_index_1_1773409510.8494
[2026-03-13T21:45:25+08:00][info] 开始处理队列任务: task_id=66, current_index=1
[2026-03-13T21:45:25+08:00][info] 消息缓存初始化完成: task_id=66, groups=https://t.me/twogrqoup
[2026-03-13T21:45:25+08:00][info] 任务 66 第 881 次循环，重置群组 https://t.me/twogrqoup 消息状态
[2026-03-13T21:45:25+08:00][info] 使用当前发送用户 3472 的 session_path/www/wwwroot/tdata.tgbota.top/public/uploads/admin/202602/6997fc3070d84/819050054287/tdata/temp_8308580822.session
[2026-03-13T21:45:31+08:00][info] 返回:{"status":true,"message":"发送完成，成功1个，失败0个[]","data":{"success":[{"group_id":3895336513,"group_link":"https:\/\/t.me\/twogrqoup","type":"megagroup","message":"发送成功","message_id":8210}],"failed":[],"debug":["处理标识符: https:\/\/t.me\/twogrqoup, 清理后: https:\/\/t.me\/twogrqoup, 识别为链接: True, 识别为数字ID: False","已是群组成员，群组ID: 3895336513"],"warning":""},"api_address":"185.165.170.142:5042"}
[2026-03-13T21:45:31+08:00][info] 消息ID缓存成功: task_id=66, group_id=https://t.me/twogrqoup, msg_index=1, message_id=8210, send_user_id=3472
[2026-03-13T21:45:31+08:00][info] 消息状态标记为已发送: task_id=66, group_id=https://t.me/twogrqoup, msg_index=1
[2026-03-13T21:45:31+08:00][info] 任务 66 将在 30 秒后继续处理下一条消息，索引: 2, 实例ID: task_66_index_2_1773409531.623
[2026-03-13T21:46:01+08:00][info] 开始处理队列任务: task_id=66, current_index=2
[2026-03-13T21:46:01+08:00][info] 消息缓存初始化完成: task_id=66, groups=https://t.me/twogrqoup
[2026-03-13T21:46:01+08:00][info] 任务 66 第 881 次循环，重置群组 https://t.me/twogrqoup 消息状态
[2026-03-13T21:46:01+08:00][info] 使用当前发送用户 3473 的 session_path/www/wwwroot/tdata.tgbota.top/public/uploads/admin/202602/6997fc3070d84/819054626431/tdata/temp_8503359249.session
[2026-03-13T21:46:07+08:00][info] 返回:{"status":true,"message":"发送完成，成功1个，失败0个[]","data":{"success":[{"group_id":3895336513,"group_link":"https:\/\/t.me\/twogrqoup","type":"megagroup","message":"发送成功","message_id":8211}],"failed":[],"debug":["处理标识符: https:\/\/t.me\/twogrqoup, 清理后: https:\/\/t.me\/twogrqoup, 识别为链接: True, 识别为数字ID: False","已是群组成员，群组ID: 3895336513"],"warning":""},"api_address":"185.165.170.142:5043"}
[2026-03-13T21:46:07+08:00][info] 消息ID缓存成功: task_id=66, group_id=https://t.me/twogrqoup, msg_index=2, message_id=8211, send_user_id=3473
[2026-03-13T21:46:07+08:00][info] 消息状态标记为已发送: task_id=66, group_id=https://t.me/twogrqoup, msg_index=2
[2026-03-13T21:46:07+08:00][info] 任务 66 将在 45 秒后继续处理下一条消息，索引: 3, 实例ID: task_66_index_3_1773409567.0428
[2026-03-13T21:46:30+08:00][info] 开始处理队列任务: task_id=69, current_index=1066
[2026-03-13T21:46:30+08:00][info] 使用当前发送用户 4254 的 session_path/www/wwwroot/tdata.tgbota.top/public/uploads/admin/202603/69b10fe00169d/13378414919/tdata/temp_7734543207.session
[2026-03-13T21:46:34+08:00][info] 返回:{"status":true,"message":"发送完成，成功1个，失败0个[]","data":{"success":[{"group_id":5072487869,"group_link":"https:\/\/t.me\/+9ZnJ_gHIFV41NzFh","type":"chat","message":"发送成功","message_id":1043}],"failed":[],"debug":["处理标识符: https:\/\/t.me\/+9ZnJ_gHIFV41NzFh, 清理后: https:\/\/t.me\/+9ZnJ_gHIFV41NzFh, 识别为链接: True, 识别为数字ID: False"],"warning":""},"api_address":"185.165.170.142:5039"}
[2026-03-13T21:46:34+08:00][info] 消息ID缓存成功: task_id=69, group_id=https://t.me/+9ZnJ_gHIFV41NzFh, msg_index=1066, message_id=1043, send_user_id=4254
[2026-03-13T21:46:34+08:00][info] 消息状态标记为已发送: task_id=69, group_id=https://t.me/+9ZnJ_gHIFV41NzFh, msg_index=1066
[2026-03-13T21:46:34+08:00][info] 任务 69 将在 100 秒后继续处理下一条消息，索引: 1067, 实例ID: task_69_index_1067_1773409594.9991
[2026-03-13T21:46:52+08:00][info] 开始处理队列任务: task_id=66, current_index=3
[2026-03-13T21:46:52+08:00][info] 消息缓存初始化完成: task_id=66, groups=https://t.me/twogrqoup
[2026-03-13T21:46:52+08:00][info] 任务 66 第 881 次循环，重置群组 https://t.me/twogrqoup 消息状态
[2026-03-13T21:46:52+08:00][info] 使用当前发送用户 3469 的 session_path/www/wwwroot/tdata.tgbota.top/public/uploads/admin/202602/6997fc3070d84/819056965118/tdata/temp_8418493902.session
[2026-03-13T21:46:59+08:00][info] 返回:{"status":true,"message":"发送完成，成功1个，失败0个[]","data":{"success":[{"group_id":3895336513,"group_link":"https:\/\/t.me\/twogrqoup","type":"megagroup","message":"发送成功","message_id":8212}],"failed":[],"debug":["处理标识符: https:\/\/t.me\/twogrqoup, 清理后: https:\/\/t.me\/twogrqoup, 识别为链接: True, 识别为数字ID: False","已是群组成员，群组ID: 3895336513"],"warning":""},"api_address":"185.165.170.142:5062"}
[2026-03-13T21:46:59+08:00][info] 消息ID缓存成功: task_id=66, group_id=https://t.me/twogrqoup, msg_index=3, message_id=8212, send_user_id=3469
[2026-03-13T21:46:59+08:00][info] 消息状态标记为已发送: task_id=66, group_id=https://t.me/twogrqoup, msg_index=3
[2026-03-13T21:46:59+08:00][info] 任务 66 将在 20 秒后继续处理下一条消息，索引: 4, 实例ID: task_66_index_4_1773409619.9083
[2026-03-13T21:47:19+08:00][info] 开始处理队列任务: task_id=66, current_index=4
[2026-03-13T21:47:19+08:00][info] 消息缓存初始化完成: task_id=66, groups=https://t.me/twogrqoup
[2026-03-13T21:47:19+08:00][info] 任务 66 第 881 次循环，重置群组 https://t.me/twogrqoup 消息状态
[2026-03-13T21:47:19+08:00][info] 使用当前发送用户 3471 的 session_path/www/wwwroot/tdata.tgbota.top/public/uploads/admin/202602/6997fc3070d84/819089723520/tdata/temp_8574369010.session
[2026-03-13T21:47:25+08:00][info] 返回:{"status":true,"message":"发送完成，成功1个，失败0个[]","data":{"success":[{"group_id":3895336513,"group_link":"https:\/\/t.me\/twogrqoup","type":"megagroup","message":"发送成功","message_id":8213}],"failed":[],"debug":["处理标识符: https:\/\/t.me\/twogrqoup, 清理后: https:\/\/t.me\/twogrqoup, 识别为链接: True, 识别为数字ID: False","已是群组成员，群组ID: 3895336513"],"warning":""},"api_address":"185.165.170.142:5023"}
[2026-03-13T21:47:25+08:00][info] 消息ID缓存成功: task_id=66, group_id=https://t.me/twogrqoup, msg_index=4, message_id=8213, send_user_id=3471
[2026-03-13T21:47:25+08:00][info] 消息状态标记为已发送: task_id=66, group_id=https://t.me/twogrqoup, msg_index=4
[2026-03-13T21:47:25+08:00][info] 任务 66 将在 26 秒后继续处理下一条消息，索引: 5, 实例ID: task_66_index_5_1773409645.2162
[2026-03-13T21:47:51+08:00][info] 开始处理队列任务: task_id=66, current_index=5
[2026-03-13T21:47:51+08:00][info] 消息缓存初始化完成: task_id=66, groups=https://t.me/twogrqoup
[2026-03-13T21:47:51+08:00][info] 任务 66 第 881 次循环，重置群组 https://t.me/twogrqoup 消息状态
[2026-03-13T21:47:51+08:00][info] 使用当前发送用户 3469 的 session_path/www/wwwroot/tdata.tgbota.top/public/uploads/admin/202602/6997fc3070d84/819056965118/tdata/temp_8418493902.session
[2026-03-13T21:47:56+08:00][info] 返回:{"status":true,"message":"发送完成，成功1个，失败0个[]","data":{"success":[{"group_id":3895336513,"group_link":"https:\/\/t.me\/twogrqoup","type":"megagroup","message":"发送成功","message_id":8214}],"failed":[],"debug":["处理标识符: https:\/\/t.me\/twogrqoup, 清理后: https:\/\/t.me\/twogrqoup, 识别为链接: True, 识别为数字ID: False","已是群组成员，群组ID: 3895336513"],"warning":""},"api_address":"185.165.170.142:5062"}
[2026-03-13T21:47:56+08:00][info] 消息ID缓存成功: task_id=66, group_id=https://t.me/twogrqoup, msg_index=5, message_id=8214, send_user_id=3469
[2026-03-13T21:47:56+08:00][info] 消息状态标记为已发送: task_id=66, group_id=https://t.me/twogrqoup, msg_index=5
[2026-03-13T21:47:56+08:00][info] 任务 66 将在 27 秒后继续处理下一条消息，索引: 6, 实例ID: task_66_index_6_1773409676.3991
[2026-03-13T21:48:15+08:00][info] 开始处理队列任务: task_id=69, current_index=1067
[2026-03-13T21:48:15+08:00][info] 使用当前发送用户 4255 的 session_path/www/wwwroot/tdata.tgbota.top/public/uploads/admin/202603/69b10fe00169d/13528396542/tdata/temp_8117450112.session
[2026-03-13T21:48:19+08:00][info] 返回:{"status":true,"message":"发送完成，成功1个，失败0个[]","data":{"success":[{"group_id":5072487869,"group_link":"https:\/\/t.me\/+9ZnJ_gHIFV41NzFh","type":"chat","message":"发送成功","message_id":1047}],"failed":[],"debug":["处理标识符: https:\/\/t.me\/+9ZnJ_gHIFV41NzFh, 清理后: https:\/\/t.me\/+9ZnJ_gHIFV41NzFh, 识别为链接: True, 识别为数字ID: False"],"warning":""},"api_address":"185.165.170.142:5040"}
[2026-03-13T21:48:19+08:00][info] 消息ID缓存成功: task_id=69, group_id=https://t.me/+9ZnJ_gHIFV41NzFh, msg_index=1067, message_id=1047, send_user_id=4255
[2026-03-13T21:48:19+08:00][info] 消息状态标记为已发送: task_id=69, group_id=https://t.me/+9ZnJ_gHIFV41NzFh, msg_index=1067
[2026-03-13T21:48:19+08:00][info] 任务 69 将在 101 秒后继续处理下一条消息，索引: 1068, 实例ID: task_69_index_1068_1773409699.5291
[2026-03-13T21:48:23+08:00][info] 开始处理队列任务: task_id=66, current_index=6
[2026-03-13T21:48:23+08:00][info] 消息缓存初始化完成: task_id=66, groups=https://t.me/twogrqoup
[2026-03-13T21:48:23+08:00][info] 任务 66 第 881 次循环，重置群组 https://t.me/twogrqoup 消息状态
[2026-03-13T21:48:23+08:00][info] 使用当前发送用户 3471 的 session_path/www/wwwroot/tdata.tgbota.top/public/uploads/admin/202602/6997fc3070d84/819089723520/tdata/temp_8574369010.session
[2026-03-13T21:48:30+08:00][info] 返回:{"status":true,"message":"发送完成，成功1个，失败0个[]","data":{"success":[{"group_id":3895336513,"group_link":"https:\/\/t.me\/twogrqoup","type":"megagroup","message":"发送成功","message_id":8215}],"failed":[],"debug":["处理标识符: https:\/\/t.me\/twogrqoup, 清理后: https:\/\/t.me\/twogrqoup, 识别为链接: True, 识别为数字ID: False","已是群组成员，群组ID: 3895336513"],"warning":""},"api_address":"185.165.170.142:5023"}
[2026-03-13T21:48:30+08:00][info] 消息ID缓存成功: task_id=66, group_id=https://t.me/twogrqoup, msg_index=6, message_id=8215, send_user_id=3471
[2026-03-13T21:48:30+08:00][info] 消息状态标记为已发送: task_id=66, group_id=https://t.me/twogrqoup, msg_index=6
[2026-03-13T21:48:30+08:00][info] 任务 66 将在 13 秒后继续处理下一条消息，索引: 7, 实例ID: task_66_index_7_1773409710.4975
[2026-03-13T21:48:43+08:00][info] 开始处理队列任务: task_id=66, current_index=7
[2026-03-13T21:48:43+08:00][info] 消息缓存初始化完成: task_id=66, groups=https://t.me/twogrqoup
[2026-03-13T21:48:43+08:00][info] 任务 66 第 881 次循环，重置群组 https://t.me/twogrqoup 消息状态
[2026-03-13T21:48:43+08:00][info] 使用当前发送用户 3471 的 session_path/www/wwwroot/tdata.tgbota.top/public/uploads/admin/202602/6997fc3070d84/819089723520/tdata/temp_8574369010.session
[2026-03-13T21:48:49+08:00][info] 返回:{"status":true,"message":"发送完成，成功1个，失败0个[]","data":{"success":[{"group_id":3895336513,"group_link":"https:\/\/t.me\/twogrqoup","type":"megagroup","message":"发送成功","message_id":8216}],"failed":[],"debug":["处理标识符: https:\/\/t.me\/twogrqoup, 清理后: https:\/\/t.me\/twogrqoup, 识别为链接: True, 识别为数字ID: False","已是群组成员，群组ID: 3895336513"],"warning":""},"api_address":"185.165.170.142:5023"}
[2026-03-13T21:48:49+08:00][info] 消息ID缓存成功: task_id=66, group_id=https://t.me/twogrqoup, msg_index=7, message_id=8216, send_user_id=3471
[2026-03-13T21:48:49+08:00][info] 消息状态标记为已发送: task_id=66, group_id=https://t.me/twogrqoup, msg_index=7
[2026-03-13T21:48:49+08:00][info] 任务 66 将在 26 秒后继续处理下一条消息，索引: 8, 实例ID: task_66_index_8_1773409729.3214
[2026-03-13T21:49:15+08:00][info] 开始处理队列任务: task_id=66, current_index=8
[2026-03-13T21:49:15+08:00][info] 消息缓存初始化完成: task_id=66, groups=https://t.me/twogrqoup
[2026-03-13T21:49:15+08:00][info] 任务 66 第 881 次循环，重置群组 https://t.me/twogrqoup 消息状态
[2026-03-13T21:49:15+08:00][info] 使用当前发送用户 3469 的 session_path/www/wwwroot/tdata.tgbota.top/public/uploads/admin/202602/6997fc3070d84/819056965118/tdata/temp_8418493902.session
[2026-03-13T21:49:20+08:00][info] 返回:{"status":true,"message":"发送完成，成功1个，失败0个[]","data":{"success":[{"group_id":3895336513,"group_link":"https:\/\/t.me\/twogrqoup","type":"megagroup","message":"发送成功","message_id":8217}],"failed":[],"debug":["处理标识符: https:\/\/t.me\/twogrqoup, 清理后: https:\/\/t.me\/twogrqoup, 识别为链接: True, 识别为数字ID: False","已是群组成员，群组ID: 3895336513"],"warning":""},"api_address":"185.165.170.142:5062"}
[2026-03-13T21:49:20+08:00][info] 消息ID缓存成功: task_id=66, group_id=https://t.me/twogrqoup, msg_index=8, message_id=8217, send_user_id=3469
[2026-03-13T21:49:20+08:00][info] 消息状态标记为已发送: task_id=66, group_id=https://t.me/twogrqoup, msg_index=8
[2026-03-13T21:49:20+08:00][info] 任务 66 将在 30 秒后继续处理下一条消息，索引: 9, 实例ID: task_66_index_9_1773409760.7291
[2026-03-13T21:49:50+08:00][info] 开始处理队列任务: task_id=66, current_index=9
[2026-03-13T21:49:50+08:00][info] 消息缓存初始化完成: task_id=66, groups=https://t.me/twogrqoup
[2026-03-13T21:49:50+08:00][info] 任务 66 第 881 次循环，重置群组 https://t.me/twogrqoup 消息状态
[2026-03-13T21:49:50+08:00][info] 任务 66 第 881 轮完成，准备进行第 882 轮
[2026-03-13T21:49:50+08:00][info] 任务 66 即将为下一轮重新入队，延迟 5 秒，从索引 0 开始
[2026-03-13T21:49:55+08:00][info] 开始处理队列任务: task_id=66, current_index=0
[2026-03-13T21:49:55+08:00][info] 消息缓存初始化完成: task_id=66, groups=https://t.me/twogrqoup
[2026-03-13T21:49:55+08:00][info] 任务 66 第 882 次循环，重置群组 https://t.me/twogrqoup 消息状态
[2026-03-13T21:49:55+08:00][info] 使用当前发送用户 3469 的 session_path/www/wwwroot/tdata.tgbota.top/public/uploads/admin/202602/6997fc3070d84/819056965118/tdata/temp_8418493902.session
[2026-03-13T21:50:00+08:00][info] 开始处理队列任务: task_id=69, current_index=1068
[2026-03-13T21:50:00+08:00][info] 使用feedbackType=1063的消息ID: 1048
[2026-03-13T21:50:00+08:00][info] 使用当前发送用户 4253 的 session_path/www/wwwroot/tdata.tgbota.top/public/uploads/admin/202603/69b10fe00169d/13378413371/tdata/temp_7932177269.session
[2026-03-13T21:50:01+08:00][info] 返回:{"status":true,"message":"发送完成，成功1个，失败0个[]","data":{"success":[{"group_id":3895336513,"group_link":"https:\/\/t.me\/twogrqoup","type":"megagroup","message":"发送成功","message_id":8218}],"failed":[],"debug":["处理标识符: https:\/\/t.me\/twogrqoup, 清理后: https:\/\/t.me\/twogrqoup, 识别为链接: True, 识别为数字ID: False","已是群组成员，群组ID: 3895336513"],"warning":""},"api_address":"185.165.170.142:5062"}
[2026-03-13T21:50:01+08:00][info] 消息ID缓存成功: task_id=66, group_id=https://t.me/twogrqoup, msg_index=0, message_id=8218, send_user_id=3469
[2026-03-13T21:50:01+08:00][info] 消息状态标记为已发送: task_id=66, group_id=https://t.me/twogrqoup, msg_index=0
[2026-03-13T21:50:01+08:00][info] 任务 66 将在 15 秒后继续处理下一条消息，索引: 1, 实例ID: task_66_index_1_1773409801.7457
[2026-03-13T21:50:07+08:00][info] 返回:{"status":true,"message":"发送完成，成功1个，失败0个[]","data":{"success":[{"group_id":5072487869,"group_link":"https:\/\/t.me\/+9ZnJ_gHIFV41NzFh","type":"chat","message":"发送成功","message_id":1092}],"failed":[],"debug":["处理标识符: https:\/\/t.me\/+9ZnJ_gHIFV41NzFh, 清理后: https:\/\/t.me\/+9ZnJ_gHIFV41NzFh, 识别为链接: True, 识别为数字ID: False"],"warning":""},"api_address":"185.165.170.142:5038"}
[2026-03-13T21:50:07+08:00][info] 消息ID缓存成功: task_id=69, group_id=https://t.me/+9ZnJ_gHIFV41NzFh, msg_index=1068, message_id=1092, send_user_id=4253
[2026-03-13T21:50:07+08:00][info] 消息状态标记为已发送: task_id=69, group_id=https://t.me/+9ZnJ_gHIFV41NzFh, msg_index=1068
[2026-03-13T21:50:07+08:00][info] 任务 69 将在 70 秒后继续处理下一条消息，索引: 1069, 实例ID: task_69_index_1069_1773409807.663
[2026-03-13T21:50:16+08:00][info] 开始处理队列任务: task_id=66, current_index=1
[2026-03-13T21:50:16+08:00][info] 消息缓存初始化完成: task_id=66, groups=https://t.me/twogrqoup
[2026-03-13T21:50:16+08:00][info] 任务 66 第 882 次循环，重置群组 https://t.me/twogrqoup 消息状态
[2026-03-13T21:50:16+08:00][info] 使用当前发送用户 3472 的 session_path/www/wwwroot/tdata.tgbota.top/public/uploads/admin/202602/6997fc3070d84/819050054287/tdata/temp_8308580822.session
[2026-03-13T21:50:22+08:00][info] 返回:{"status":true,"message":"发送完成，成功1个，失败0个[]","data":{"success":[{"group_id":3895336513,"group_link":"https:\/\/t.me\/twogrqoup","type":"megagroup","message":"发送成功","message_id":8219}],"failed":[],"debug":["处理标识符: https:\/\/t.me\/twogrqoup, 清理后: https:\/\/t.me\/twogrqoup, 识别为链接: True, 识别为数字ID: False","已是群组成员，群组ID: 3895336513"],"warning":""},"api_address":"185.165.170.142:5042"}
[2026-03-13T21:50:22+08:00][info] 消息ID缓存成功: task_id=66, group_id=https://t.me/twogrqoup, msg_index=1, message_id=8219, send_user_id=3472
[2026-03-13T21:50:22+08:00][info] 消息状态标记为已发送: task_id=66, group_id=https://t.me/twogrqoup, msg_index=1
[2026-03-13T21:50:22+08:00][info] 任务 66 将在 30 秒后继续处理下一条消息，索引: 2, 实例ID: task_66_index_2_1773409822.1813
[2026-03-13T21:50:52+08:00][info] 开始处理队列任务: task_id=66, current_index=2
[2026-03-13T21:50:52+08:00][info] 消息缓存初始化完成: task_id=66, groups=https://t.me/twogrqoup
[2026-03-13T21:50:52+08:00][info] 任务 66 第 882 次循环，重置群组 https://t.me/twogrqoup 消息状态
[2026-03-13T21:50:52+08:00][info] 使用当前发送用户 3473 的 session_path/www/wwwroot/tdata.tgbota.top/public/uploads/admin/202602/6997fc3070d84/819054626431/tdata/temp_8503359249.session
[2026-03-13T21:50:58+08:00][info] 返回:{"status":true,"message":"发送完成，成功1个，失败0个[]","data":{"success":[{"group_id":3895336513,"group_link":"https:\/\/t.me\/twogrqoup","type":"megagroup","message":"发送成功","message_id":8220}],"failed":[],"debug":["处理标识符: https:\/\/t.me\/twogrqoup, 清理后: https:\/\/t.me\/twogrqoup, 识别为链接: True, 识别为数字ID: False","已是群组成员，群组ID: 3895336513"],"warning":""},"api_address":"185.165.170.142:5043"}
[2026-03-13T21:50:58+08:00][info] 消息ID缓存成功: task_id=66, group_id=https://t.me/twogrqoup, msg_index=2, message_id=8220, send_user_id=3473
[2026-03-13T21:50:58+08:00][info] 消息状态标记为已发送: task_id=66, group_id=https://t.me/twogrqoup, msg_index=2
[2026-03-13T21:50:58+08:00][info] 任务 66 将在 45 秒后继续处理下一条消息，索引: 3, 实例ID: task_66_index_3_1773409858.8193
[2026-03-13T21:51:17+08:00][info] 开始处理队列任务: task_id=69, current_index=1069
[2026-03-13T21:51:17+08:00][info] 使用当前发送用户 4252 的 session_path/www/wwwroot/tdata.tgbota.top/public/uploads/admin/202603/69b10fe00169d/13394007390/tdata/temp_8558000424.session
[2026-03-13T21:51:21+08:00][info] 返回:{"status":true,"message":"发送完成，成功1个，失败0个[]","data":{"success":[{"group_id":5072487869,"group_link":"https:\/\/t.me\/+9ZnJ_gHIFV41NzFh","type":"chat","message":"发送成功","message_id":1090}],"failed":[],"debug":["处理标识符: https:\/\/t.me\/+9ZnJ_gHIFV41NzFh, 清理后: https:\/\/t.me\/+9ZnJ_gHIFV41NzFh, 识别为链接: True, 识别为数字ID: False"],"warning":""},"api_address":"185.165.170.142:5037"}
[2026-03-13T21:51:21+08:00][info] 消息ID缓存成功: task_id=69, group_id=https://t.me/+9ZnJ_gHIFV41NzFh, msg_index=1069, message_id=1090, send_user_id=4252
[2026-03-13T21:51:21+08:00][info] 消息状态标记为已发送: task_id=69, group_id=https://t.me/+9ZnJ_gHIFV41NzFh, msg_index=1069
[2026-03-13T21:51:21+08:00][info] 任务 69 将在 80 秒后继续处理下一条消息，索引: 1070, 实例ID: task_69_index_1070_1773409881.8373
[2026-03-13T21:51:43+08:00][info] 开始处理队列任务: task_id=66, current_index=3
[2026-03-13T21:51:43+08:00][info] 消息缓存初始化完成: task_id=66, groups=https://t.me/twogrqoup
[2026-03-13T21:51:43+08:00][info] 任务 66 第 882 次循环，重置群组 https://t.me/twogrqoup 消息状态
[2026-03-13T21:51:43+08:00][info] 使用当前发送用户 3469 的 session_path/www/wwwroot/tdata.tgbota.top/public/uploads/admin/202602/6997fc3070d84/819056965118/tdata/temp_8418493902.session
[2026-03-13T21:51:50+08:00][info] 返回:{"status":true,"message":"发送完成，成功1个，失败0个[]","data":{"success":[{"group_id":3895336513,"group_link":"https:\/\/t.me\/twogrqoup","type":"megagroup","message":"发送成功","message_id":8221}],"failed":[],"debug":["处理标识符: https:\/\/t.me\/twogrqoup, 清理后: https:\/\/t.me\/twogrqoup, 识别为链接: True, 识别为数字ID: False","已是群组成员，群组ID: 3895336513"],"warning":""},"api_address":"185.165.170.142:5062"}
[2026-03-13T21:51:50+08:00][info] 消息ID缓存成功: task_id=66, group_id=https://t.me/twogrqoup, msg_index=3, message_id=8221, send_user_id=3469
[2026-03-13T21:51:50+08:00][info] 消息状态标记为已发送: task_id=66, group_id=https://t.me/twogrqoup, msg_index=3
[2026-03-13T21:51:50+08:00][info] 任务 66 将在 20 秒后继续处理下一条消息，索引: 4, 实例ID: task_66_index_4_1773409910.4137
[2026-03-13T21:52:10+08:00][info] 开始处理队列任务: task_id=66, current_index=4
[2026-03-13T21:52:10+08:00][info] 消息缓存初始化完成: task_id=66, groups=https://t.me/twogrqoup
[2026-03-13T21:52:10+08:00][info] 任务 66 第 882 次循环，重置群组 https://t.me/twogrqoup 消息状态
[2026-03-13T21:52:10+08:00][info] 使用当前发送用户 3471 的 session_path/www/wwwroot/tdata.tgbota.top/public/uploads/admin/202602/6997fc3070d84/819089723520/tdata/temp_8574369010.session
[2026-03-13T21:52:15+08:00][info] 返回:{"status":true,"message":"发送完成，成功1个，失败0个[]","data":{"success":[{"group_id":3895336513,"group_link":"https:\/\/t.me\/twogrqoup","type":"megagroup","message":"发送成功","message_id":8222}],"failed":[],"debug":["处理标识符: https:\/\/t.me\/twogrqoup, 清理后: https:\/\/t.me\/twogrqoup, 识别为链接: True, 识别为数字ID: False","已是群组成员，群组ID: 3895336513"],"warning":""},"api_address":"185.165.170.142:5023"}
[2026-03-13T21:52:15+08:00][info] 消息ID缓存成功: task_id=66, group_id=https://t.me/twogrqoup, msg_index=4, message_id=8222, send_user_id=3471
[2026-03-13T21:52:15+08:00][info] 消息状态标记为已发送: task_id=66, group_id=https://t.me/twogrqoup, msg_index=4
[2026-03-13T21:52:15+08:00][info] 任务 66 将在 26 秒后继续处理下一条消息，索引: 5, 实例ID: task_66_index_5_1773409935.9789
[2026-03-13T21:52:41+08:00][info] 开始处理队列任务: task_id=66, current_index=5
[2026-03-13T21:52:41+08:00][info] 消息缓存初始化完成: task_id=66, groups=https://t.me/twogrqoup
[2026-03-13T21:52:41+08:00][info] 任务 66 第 882 次循环，重置群组 https://t.me/twogrqoup 消息状态
[2026-03-13T21:52:41+08:00][info] 使用当前发送用户 3469 的 session_path/www/wwwroot/tdata.tgbota.top/public/uploads/admin/202602/6997fc3070d84/819056965118/tdata/temp_8418493902.session
[2026-03-13T21:52:41+08:00][info] 开始处理队列任务: task_id=69, current_index=1070
[2026-03-13T21:52:41+08:00][info] 从数据库获取用户 4251 的 session_path
[2026-03-13T21:52:47+08:00][info] 返回:{"status":true,"message":"发送完成，成功1个，失败0个[]","data":{"success":[{"group_id":5072487869,"group_link":"https:\/\/t.me\/+9ZnJ_gHIFV41NzFh","type":"chat","message":"发送成功","message_id":1089}],"failed":[],"debug":["处理标识符: https:\/\/t.me\/+9ZnJ_gHIFV41NzFh, 清理后: https:\/\/t.me\/+9ZnJ_gHIFV41NzFh, 识别为链接: True, 识别为数字ID: False"],"warning":""},"api_address":"185.165.170.142:5036"}
[2026-03-13T21:52:47+08:00][info] 消息ID缓存成功: task_id=69, group_id=https://t.me/+9ZnJ_gHIFV41NzFh, msg_index=1070, message_id=1089, send_user_id=4251
[2026-03-13T21:52:47+08:00][info] 消息状态标记为已发送: task_id=69, group_id=https://t.me/+9ZnJ_gHIFV41NzFh, msg_index=1070
[2026-03-13T21:52:47+08:00][info] 任务 69 将在 90 秒后继续处理下一条消息，索引: 1071, 实例ID: task_69_index_1071_1773409967.7028
[2026-03-13T21:52:48+08:00][info] 返回:{"status":true,"message":"发送完成，成功1个，失败0个[]","data":{"success":[{"group_id":3895336513,"group_link":"https:\/\/t.me\/twogrqoup","type":"megagroup","message":"发送成功","message_id":8223}],"failed":[],"debug":["处理标识符: https:\/\/t.me\/twogrqoup, 清理后: https:\/\/t.me\/twogrqoup, 识别为链接: True, 识别为数字ID: False","已是群组成员，群组ID: 3895336513"],"warning":""},"api_address":"185.165.170.142:5062"}
[2026-03-13T21:52:48+08:00][info] 消息ID缓存成功: task_id=66, group_id=https://t.me/twogrqoup, msg_index=5, message_id=8223, send_user_id=3469
[2026-03-13T21:52:48+08:00][info] 消息状态标记为已发送: task_id=66, group_id=https://t.me/twogrqoup, msg_index=5
[2026-03-13T21:52:48+08:00][info] 任务 66 将在 27 秒后继续处理下一条消息，索引: 6, 实例ID: task_66_index_6_1773409968.273
[2026-03-13T21:53:15+08:00][info] 开始处理队列任务: task_id=66, current_index=6
[2026-03-13T21:53:15+08:00][info] 消息缓存初始化完成: task_id=66, groups=https://t.me/twogrqoup
[2026-03-13T21:53:15+08:00][info] 任务 66 第 882 次循环，重置群组 https://t.me/twogrqoup 消息状态
[2026-03-13T21:53:15+08:00][info] 使用当前发送用户 3471 的 session_path/www/wwwroot/tdata.tgbota.top/public/uploads/admin/202602/6997fc3070d84/819089723520/tdata/temp_8574369010.session
[2026-03-13T21:53:21+08:00][info] 返回:{"status":true,"message":"发送完成，成功1个，失败0个[]","data":{"success":[{"group_id":3895336513,"group_link":"https:\/\/t.me\/twogrqoup","type":"megagroup","message":"发送成功","message_id":8224}],"failed":[],"debug":["处理标识符: https:\/\/t.me\/twogrqoup, 清理后: https:\/\/t.me\/twogrqoup, 识别为链接: True, 识别为数字ID: False","已是群组成员，群组ID: 3895336513"],"warning":""},"api_address":"185.165.170.142:5023"}
[2026-03-13T21:53:21+08:00][info] 消息ID缓存成功: task_id=66, group_id=https://t.me/twogrqoup, msg_index=6, message_id=8224, send_user_id=3471
[2026-03-13T21:53:21+08:00][info] 消息状态标记为已发送: task_id=66, group_id=https://t.me/twogrqoup, msg_index=6
[2026-03-13T21:53:21+08:00][info] 任务 66 将在 13 秒后继续处理下一条消息，索引: 7, 实例ID: task_66_index_7_1773410001.5679
[2026-03-13T21:53:34+08:00][info] 开始处理队列任务: task_id=66, current_index=7
[2026-03-13T21:53:34+08:00][info] 消息缓存初始化完成: task_id=66, groups=https://t.me/twogrqoup
[2026-03-13T21:53:34+08:00][info] 任务 66 第 882 次循环，重置群组 https://t.me/twogrqoup 消息状态
[2026-03-13T21:53:34+08:00][info] 使用当前发送用户 3471 的 session_path/www/wwwroot/tdata.tgbota.top/public/uploads/admin/202602/6997fc3070d84/819089723520/tdata/temp_8574369010.session
[2026-03-13T21:53:41+08:00][info] 返回:{"status":true,"message":"发送完成，成功1个，失败0个[]","data":{"success":[{"group_id":3895336513,"group_link":"https:\/\/t.me\/twogrqoup","type":"megagroup","message":"发送成功","message_id":8225}],"failed":[],"debug":["处理标识符: https:\/\/t.me\/twogrqoup, 清理后: https:\/\/t.me\/twogrqoup, 识别为链接: True, 识别为数字ID: False","已是群组成员，群组ID: 3895336513"],"warning":""},"api_address":"185.165.170.142:5023"}
[2026-03-13T21:53:41+08:00][info] 消息ID缓存成功: task_id=66, group_id=https://t.me/twogrqoup, msg_index=7, message_id=8225, send_user_id=3471
[2026-03-13T21:53:41+08:00][info] 消息状态标记为已发送: task_id=66, group_id=https://t.me/twogrqoup, msg_index=7
[2026-03-13T21:53:41+08:00][info] 任务 66 将在 26 秒后继续处理下一条消息，索引: 8, 实例ID: task_66_index_8_1773410021.2444
[2026-03-13T21:54:07+08:00][info] 开始处理队列任务: task_id=66, current_index=8
[2026-03-13T21:54:07+08:00][info] 消息缓存初始化完成: task_id=66, groups=https://t.me/twogrqoup
[2026-03-13T21:54:07+08:00][info] 任务 66 第 882 次循环，重置群组 https://t.me/twogrqoup 消息状态
[2026-03-13T21:54:07+08:00][info] 使用当前发送用户 3469 的 session_path/www/wwwroot/tdata.tgbota.top/public/uploads/admin/202602/6997fc3070d84/819056965118/tdata/temp_8418493902.session
[2026-03-13T21:54:15+08:00][info] 返回:{"status":true,"message":"发送完成，成功1个，失败0个[]","data":{"success":[{"group_id":3895336513,"group_link":"https:\/\/t.me\/twogrqoup","type":"megagroup","message":"发送成功","message_id":8226}],"failed":[],"debug":["处理标识符: https:\/\/t.me\/twogrqoup, 清理后: https:\/\/t.me\/twogrqoup, 识别为链接: True, 识别为数字ID: False","已是群组成员，群组ID: 3895336513"],"warning":""},"api_address":"185.165.170.142:5062"}
[2026-03-13T21:54:15+08:00][info] 消息ID缓存成功: task_id=66, group_id=https://t.me/twogrqoup, msg_index=8, message_id=8226, send_user_id=3469
[2026-03-13T21:54:15+08:00][info] 消息状态标记为已发送: task_id=66, group_id=https://t.me/twogrqoup, msg_index=8
[2026-03-13T21:54:15+08:00][info] 任务 66 将在 30 秒后继续处理下一条消息，索引: 9, 实例ID: task_66_index_9_1773410055.254
[2026-03-13T21:54:17+08:00][info] 开始处理队列任务: task_id=69, current_index=1071
[2026-03-13T21:54:17+08:00][info] 使用当前发送用户 4249 的 session_path/www/wwwroot/tdata.tgbota.top/public/uploads/admin/202603/69b10fe00169d/13528023939/tdata/temp_8564033513.session
[2026-03-13T21:54:22+08:00][info] 返回:{"status":true,"message":"发送完成，成功1个，失败0个[]","data":{"success":[{"group_id":5072487869,"group_link":"https:\/\/t.me\/+9ZnJ_gHIFV41NzFh","type":"chat","message":"发送成功","message_id":1085}],"failed":[],"debug":["处理标识符: https:\/\/t.me\/+9ZnJ_gHIFV41NzFh, 清理后: https:\/\/t.me\/+9ZnJ_gHIFV41NzFh, 识别为链接: True, 识别为数字ID: False"],"warning":""},"api_address":"185.165.170.142:5034"}
[2026-03-13T21:54:22+08:00][info] 消息ID缓存成功: task_id=69, group_id=https://t.me/+9ZnJ_gHIFV41NzFh, msg_index=1071, message_id=1085, send_user_id=4249
[2026-03-13T21:54:22+08:00][info] 消息状态标记为已发送: task_id=69, group_id=https://t.me/+9ZnJ_gHIFV41NzFh, msg_index=1071
[2026-03-13T21:54:22+08:00][info] 任务 69 将在 110 秒后继续处理下一条消息，索引: 1072, 实例ID: task_69_index_1072_1773410062.9021
[2026-03-13T21:54:45+08:00][info] 开始处理队列任务: task_id=66, current_index=9
[2026-03-13T21:54:45+08:00][info] 消息缓存初始化完成: task_id=66, groups=https://t.me/twogrqoup
[2026-03-13T21:54:45+08:00][info] 任务 66 第 882 次循环，重置群组 https://t.me/twogrqoup 消息状态
[2026-03-13T21:54:45+08:00][info] 任务 66 第 882 轮完成，准备进行第 883 轮
[2026-03-13T21:54:45+08:00][info] 任务 66 即将为下一轮重新入队，延迟 5 秒，从索引 0 开始
[2026-03-13T21:54:50+08:00][info] 开始处理队列任务: task_id=66, current_index=0
[2026-03-13T21:54:50+08:00][info] 消息缓存初始化完成: task_id=66, groups=https://t.me/twogrqoup
[2026-03-13T21:54:50+08:00][info] 任务 66 第 883 次循环，重置群组 https://t.me/twogrqoup 消息状态
[2026-03-13T21:54:50+08:00][info] 使用当前发送用户 3469 的 session_path/www/wwwroot/tdata.tgbota.top/public/uploads/admin/202602/6997fc3070d84/819056965118/tdata/temp_8418493902.session
[2026-03-13T21:54:58+08:00][info] 返回:{"status":true,"message":"发送完成，成功1个，失败0个[]","data":{"success":[{"group_id":3895336513,"group_link":"https:\/\/t.me\/twogrqoup","type":"megagroup","message":"发送成功","message_id":8227}],"failed":[],"debug":["处理标识符: https:\/\/t.me\/twogrqoup, 清理后: https:\/\/t.me\/twogrqoup, 识别为链接: True, 识别为数字ID: False","已是群组成员，群组ID: 3895336513"],"warning":""},"api_address":"185.165.170.142:5062"}
[2026-03-13T21:54:58+08:00][info] 消息ID缓存成功: task_id=66, group_id=https://t.me/twogrqoup, msg_index=0, message_id=8227, send_user_id=3469
[2026-03-13T21:54:58+08:00][info] 消息状态标记为已发送: task_id=66, group_id=https://t.me/twogrqoup, msg_index=0
[2026-03-13T21:54:58+08:00][info] 任务 66 将在 15 秒后继续处理下一条消息，索引: 1, 实例ID: task_66_index_1_1773410098.5296
[2026-03-13T21:55:13+08:00][info] 开始处理队列任务: task_id=66, current_index=1
[2026-03-13T21:55:13+08:00][info] 消息缓存初始化完成: task_id=66, groups=https://t.me/twogrqoup
[2026-03-13T21:55:13+08:00][info] 任务 66 第 883 次循环，重置群组 https://t.me/twogrqoup 消息状态
[2026-03-13T21:55:13+08:00][info] 使用当前发送用户 3472 的 session_path/www/wwwroot/tdata.tgbota.top/public/uploads/admin/202602/6997fc3070d84/819050054287/tdata/temp_8308580822.session
[2026-03-13T21:55:19+08:00][info] 返回:{"status":true,"message":"发送完成，成功1个，失败0个[]","data":{"success":[{"group_id":3895336513,"group_link":"https:\/\/t.me\/twogrqoup","type":"megagroup","message":"发送成功","message_id":8228}],"failed":[],"debug":["处理标识符: https:\/\/t.me\/twogrqoup, 清理后: https:\/\/t.me\/twogrqoup, 识别为链接: True, 识别为数字ID: False","已是群组成员，群组ID: 3895336513"],"warning":""},"api_address":"185.165.170.142:5042"}
[2026-03-13T21:55:19+08:00][info] 消息ID缓存成功: task_id=66, group_id=https://t.me/twogrqoup, msg_index=1, message_id=8228, send_user_id=3472
[2026-03-13T21:55:19+08:00][info] 消息状态标记为已发送: task_id=66, group_id=https://t.me/twogrqoup, msg_index=1
[2026-03-13T21:55:19+08:00][info] 任务 66 将在 30 秒后继续处理下一条消息，索引: 2, 实例ID: task_66_index_2_1773410119.1856
[2026-03-13T21:55:49+08:00][info] 开始处理队列任务: task_id=66, current_index=2
[2026-03-13T21:55:49+08:00][info] 消息缓存初始化完成: task_id=66, groups=https://t.me/twogrqoup
[2026-03-13T21:55:49+08:00][info] 任务 66 第 883 次循环，重置群组 https://t.me/twogrqoup 消息状态
[2026-03-13T21:55:49+08:00][info] 使用当前发送用户 3473 的 session_path/www/wwwroot/tdata.tgbota.top/public/uploads/admin/202602/6997fc3070d84/819054626431/tdata/temp_8503359249.session
[2026-03-13T21:55:55+08:00][info] 返回:{"status":true,"message":"发送完成，成功1个，失败0个[]","data":{"success":[{"group_id":3895336513,"group_link":"https:\/\/t.me\/twogrqoup","type":"megagroup","message":"发送成功","message_id":8229}],"failed":[],"debug":["处理标识符: https:\/\/t.me\/twogrqoup, 清理后: https:\/\/t.me\/twogrqoup, 识别为链接: True, 识别为数字ID: False","已是群组成员，群组ID: 3895336513"],"warning":""},"api_address":"185.165.170.142:5043"}
[2026-03-13T21:55:55+08:00][info] 消息ID缓存成功: task_id=66, group_id=https://t.me/twogrqoup, msg_index=2, message_id=8229, send_user_id=3473
[2026-03-13T21:55:55+08:00][info] 消息状态标记为已发送: task_id=66, group_id=https://t.me/twogrqoup, msg_index=2
[2026-03-13T21:55:55+08:00][info] 任务 66 将在 45 秒后继续处理下一条消息，索引: 3, 实例ID: task_66_index_3_1773410155.4379
[2026-03-13T21:56:12+08:00][info] 开始处理队列任务: task_id=69, current_index=1072
[2026-03-13T21:56:12+08:00][info] 使用消息配置中指定的用户 4250 的 session_path/www/wwwroot/tdata.tgbota.top/public/uploads/admin/202603/69b10fe00169d/13639996422/tdata/temp_8445838957.session
[2026-03-13T21:56:19+08:00][info] 返回:{"status":true,"message":"发送完成，成功1个，失败0个[]","data":{"success":[{"group_id":5072487869,"group_link":"https:\/\/t.me\/+9ZnJ_gHIFV41NzFh","type":"chat","message":"发送成功","message_id":1088}],"failed":[],"debug":["处理标识符: https:\/\/t.me\/+9ZnJ_gHIFV41NzFh, 清理后: https:\/\/t.me\/+9ZnJ_gHIFV41NzFh, 识别为链接: True, 识别为数字ID: False"],"warning":""},"api_address":"185.165.170.142:5035"}
[2026-03-13T21:56:19+08:00][info] 消息ID缓存成功: task_id=69, group_id=https://t.me/+9ZnJ_gHIFV41NzFh, msg_index=1072, message_id=1088, send_user_id=4250
[2026-03-13T21:56:19+08:00][info] 消息状态标记为已发送: task_id=69, group_id=https://t.me/+9ZnJ_gHIFV41NzFh, msg_index=1072
[2026-03-13T21:56:19+08:00][info] 任务 69 将在 100 秒后继续处理下一条消息，索引: 1073, 实例ID: task_69_index_1073_1773410179.1587
[2026-03-13T21:56:40+08:00][info] 开始处理队列任务: task_id=66, current_index=3
[2026-03-13T21:56:40+08:00][info] 消息缓存初始化完成: task_id=66, groups=https://t.me/twogrqoup
[2026-03-13T21:56:40+08:00][info] 任务 66 第 883 次循环，重置群组 https://t.me/twogrqoup 消息状态
[2026-03-13T21:56:40+08:00][info] 使用当前发送用户 3469 的 session_path/www/wwwroot/tdata.tgbota.top/public/uploads/admin/202602/6997fc3070d84/819056965118/tdata/temp_8418493902.session
[2026-03-13T21:56:47+08:00][info] 返回:{"status":true,"message":"发送完成，成功1个，失败0个[]","data":{"success":[{"group_id":3895336513,"group_link":"https:\/\/t.me\/twogrqoup","type":"megagroup","message":"发送成功","message_id":8230}],"failed":[],"debug":["处理标识符: https:\/\/t.me\/twogrqoup, 清理后: https:\/\/t.me\/twogrqoup, 识别为链接: True, 识别为数字ID: False","已是群组成员，群组ID: 3895336513"],"warning":""},"api_address":"185.165.170.142:5062"}
[2026-03-13T21:56:47+08:00][info] 消息ID缓存成功: task_id=66, group_id=https://t.me/twogrqoup, msg_index=3, message_id=8230, send_user_id=3469
[2026-03-13T21:56:47+08:00][info] 消息状态标记为已发送: task_id=66, group_id=https://t.me/twogrqoup, msg_index=3
[2026-03-13T21:56:47+08:00][info] 任务 66 将在 20 秒后继续处理下一条消息，索引: 4, 实例ID: task_66_index_4_1773410207.1685
[2026-03-13T21:57:07+08:00][info] 开始处理队列任务: task_id=66, current_index=4
[2026-03-13T21:57:07+08:00][info] 消息缓存初始化完成: task_id=66, groups=https://t.me/twogrqoup
[2026-03-13T21:57:07+08:00][info] 任务 66 第 883 次循环，重置群组 https://t.me/twogrqoup 消息状态
[2026-03-13T21:57:07+08:00][info] 使用当前发送用户 3471 的 session_path/www/wwwroot/tdata.tgbota.top/public/uploads/admin/202602/6997fc3070d84/819089723520/tdata/temp_8574369010.session
[2026-03-13T21:57:13+08:00][info] 返回:{"status":true,"message":"发送完成，成功1个，失败0个[]","data":{"success":[{"group_id":3895336513,"group_link":"https:\/\/t.me\/twogrqoup","type":"megagroup","message":"发送成功","message_id":8231}],"failed":[],"debug":["处理标识符: https:\/\/t.me\/twogrqoup, 清理后: https:\/\/t.me\/twogrqoup, 识别为链接: True, 识别为数字ID: False","已是群组成员，群组ID: 3895336513"],"warning":""},"api_address":"185.165.170.142:5023"}
[2026-03-13T21:57:13+08:00][info] 消息ID缓存成功: task_id=66, group_id=https://t.me/twogrqoup, msg_index=4, message_id=8231, send_user_id=3471
[2026-03-13T21:57:13+08:00][info] 消息状态标记为已发送: task_id=66, group_id=https://t.me/twogrqoup, msg_index=4
[2026-03-13T21:57:13+08:00][info] 任务 66 将在 26 秒后继续处理下一条消息，索引: 5, 实例ID: task_66_index_5_1773410233.3263
[2026-03-13T21:57:39+08:00][info] 开始处理队列任务: task_id=66, current_index=5
[2026-03-13T21:57:39+08:00][info] 消息缓存初始化完成: task_id=66, groups=https://t.me/twogrqoup
[2026-03-13T21:57:39+08:00][info] 任务 66 第 883 次循环，重置群组 https://t.me/twogrqoup 消息状态
[2026-03-13T21:57:39+08:00][info] 使用当前发送用户 3469 的 session_path/www/wwwroot/tdata.tgbota.top/public/uploads/admin/202602/6997fc3070d84/819056965118/tdata/temp_8418493902.session
[2026-03-13T21:57:45+08:00][info] 返回:{"status":true,"message":"发送完成，成功1个，失败0个[]","data":{"success":[{"group_id":3895336513,"group_link":"https:\/\/t.me\/twogrqoup","type":"megagroup","message":"发送成功","message_id":8232}],"failed":[],"debug":["处理标识符: https:\/\/t.me\/twogrqoup, 清理后: https:\/\/t.me\/twogrqoup, 识别为链接: True, 识别为数字ID: False","已是群组成员，群组ID: 3895336513"],"warning":""},"api_address":"185.165.170.142:5062"}
[2026-03-13T21:57:45+08:00][info] 消息ID缓存成功: task_id=66, group_id=https://t.me/twogrqoup, msg_index=5, message_id=8232, send_user_id=3469
[2026-03-13T21:57:45+08:00][info] 消息状态标记为已发送: task_id=66, group_id=https://t.me/twogrqoup, msg_index=5
[2026-03-13T21:57:45+08:00][info] 任务 66 将在 27 秒后继续处理下一条消息，索引: 6, 实例ID: task_66_index_6_1773410265.8529
[2026-03-13T21:57:59+08:00][info] 开始处理队列任务: task_id=69, current_index=1073
[2026-03-13T21:57:59+08:00][info] 使用feedbackType=1073的消息ID: 1088
[2026-03-13T21:57:59+08:00][info] 使用消息配置中指定的用户 4248 的 session_path/www/wwwroot/tdata.tgbota.top/public/uploads/admin/202603/69b10fe00169d/13394631524/tdata/temp_8023071106.session
[2026-03-13T21:58:05+08:00][info] 返回:{"status":true,"message":"发送完成，成功1个，失败0个[]","data":{"success":[{"group_id":5072487869,"group_link":"https:\/\/t.me\/+9ZnJ_gHIFV41NzFh","type":"chat","message":"发送成功","message_id":1085}],"failed":[],"debug":["处理标识符: https:\/\/t.me\/+9ZnJ_gHIFV41NzFh, 清理后: https:\/\/t.me\/+9ZnJ_gHIFV41NzFh, 识别为链接: True, 识别为数字ID: False"],"warning":""},"api_address":"185.165.170.142:5033"}
[2026-03-13T21:58:05+08:00][info] 消息ID缓存成功: task_id=69, group_id=https://t.me/+9ZnJ_gHIFV41NzFh, msg_index=1073, message_id=1085, send_user_id=4248
[2026-03-13T21:58:05+08:00][info] 消息状态标记为已发送: task_id=69, group_id=https://t.me/+9ZnJ_gHIFV41NzFh, msg_index=1073
[2026-03-13T21:58:05+08:00][info] 任务 69 将在 91 秒后继续处理下一条消息，索引: 1074, 实例ID: task_69_index_1074_1773410285.5655
[2026-03-13T21:58:12+08:00][info] 开始处理队列任务: task_id=66, current_index=6
[2026-03-13T21:58:12+08:00][info] 消息缓存初始化完成: task_id=66, groups=https://t.me/twogrqoup
[2026-03-13T21:58:12+08:00][info] 任务 66 第 883 次循环，重置群组 https://t.me/twogrqoup 消息状态
[2026-03-13T21:58:12+08:00][info] 使用当前发送用户 3471 的 session_path/www/wwwroot/tdata.tgbota.top/public/uploads/admin/202602/6997fc3070d84/819089723520/tdata/temp_8574369010.session
[2026-03-13T21:58:19+08:00][info] 返回:{"status":true,"message":"发送完成，成功1个，失败0个[]","data":{"success":[{"group_id":3895336513,"group_link":"https:\/\/t.me\/twogrqoup","type":"megagroup","message":"发送成功","message_id":8233}],"failed":[],"debug":["处理标识符: https:\/\/t.me\/twogrqoup, 清理后: https:\/\/t.me\/twogrqoup, 识别为链接: True, 识别为数字ID: False","已是群组成员，群组ID: 3895336513"],"warning":""},"api_address":"185.165.170.142:5023"}
[2026-03-13T21:58:19+08:00][info] 消息ID缓存成功: task_id=66, group_id=https://t.me/twogrqoup, msg_index=6, message_id=8233, send_user_id=3471
[2026-03-13T21:58:19+08:00][info] 消息状态标记为已发送: task_id=66, group_id=https://t.me/twogrqoup, msg_index=6
[2026-03-13T21:58:19+08:00][info] 任务 66 将在 13 秒后继续处理下一条消息，索引: 7, 实例ID: task_66_index_7_1773410299.1913
[2026-03-13T21:58:32+08:00][info] 开始处理队列任务: task_id=66, current_index=7
[2026-03-13T21:58:32+08:00][info] 消息缓存初始化完成: task_id=66, groups=https://t.me/twogrqoup
[2026-03-13T21:58:32+08:00][info] 任务 66 第 883 次循环，重置群组 https://t.me/twogrqoup 消息状态
[2026-03-13T21:58:32+08:00][info] 使用当前发送用户 3471 的 session_path/www/wwwroot/tdata.tgbota.top/public/uploads/admin/202602/6997fc3070d84/819089723520/tdata/temp_8574369010.session
[2026-03-13T21:58:39+08:00][info] 返回:{"status":true,"message":"发送完成，成功1个，失败0个[]","data":{"success":[{"group_id":3895336513,"group_link":"https:\/\/t.me\/twogrqoup","type":"megagroup","message":"发送成功","message_id":8234}],"failed":[],"debug":["处理标识符: https:\/\/t.me\/twogrqoup, 清理后: https:\/\/t.me\/twogrqoup, 识别为链接: True, 识别为数字ID: False","已是群组成员，群组ID: 3895336513"],"warning":""},"api_address":"185.165.170.142:5023"}
[2026-03-13T21:58:39+08:00][info] 消息ID缓存成功: task_id=66, group_id=https://t.me/twogrqoup, msg_index=7, message_id=8234, send_user_id=3471
[2026-03-13T21:58:39+08:00][info] 消息状态标记为已发送: task_id=66, group_id=https://t.me/twogrqoup, msg_index=7
[2026-03-13T21:58:39+08:00][info] 任务 66 将在 26 秒后继续处理下一条消息，索引: 8, 实例ID: task_66_index_8_1773410319.4174
[2026-03-13T21:59:05+08:00][info] 开始处理队列任务: task_id=66, current_index=8
[2026-03-13T21:59:05+08:00][info] 消息缓存初始化完成: task_id=66, groups=https://t.me/twogrqoup
[2026-03-13T21:59:05+08:00][info] 任务 66 第 883 次循环，重置群组 https://t.me/twogrqoup 消息状态
[2026-03-13T21:59:05+08:00][info] 使用当前发送用户 3469 的 session_path/www/wwwroot/tdata.tgbota.top/public/uploads/admin/202602/6997fc3070d84/819056965118/tdata/temp_8418493902.session
[2026-03-13T21:59:10+08:00][info] 返回:{"status":true,"message":"发送完成，成功1个，失败0个[]","data":{"success":[{"group_id":3895336513,"group_link":"https:\/\/t.me\/twogrqoup","type":"megagroup","message":"发送成功","message_id":8235}],"failed":[],"debug":["处理标识符: https:\/\/t.me\/twogrqoup, 清理后: https:\/\/t.me\/twogrqoup, 识别为链接: True, 识别为数字ID: False","已是群组成员，群组ID: 3895336513"],"warning":""},"api_address":"185.165.170.142:5062"}
[2026-03-13T21:59:10+08:00][info] 消息ID缓存成功: task_id=66, group_id=https://t.me/twogrqoup, msg_index=8, message_id=8235, send_user_id=3469
[2026-03-13T21:59:10+08:00][info] 消息状态标记为已发送: task_id=66, group_id=https://t.me/twogrqoup, msg_index=8
[2026-03-13T21:59:10+08:00][info] 任务 66 将在 30 秒后继续处理下一条消息，索引: 9, 实例ID: task_66_index_9_1773410350.9381
[2026-03-13T21:59:36+08:00][info] 开始处理队列任务: task_id=69, current_index=1074
[2026-03-13T21:59:36+08:00][info] 从数据库获取用户 4247 的 session_path
[2026-03-13T21:59:40+08:00][info] 开始处理队列任务: task_id=66, current_index=9
[2026-03-13T21:59:40+08:00][info] 消息缓存初始化完成: task_id=66, groups=https://t.me/twogrqoup
[2026-03-13T21:59:40+08:00][info] 任务 66 第 883 次循环，重置群组 https://t.me/twogrqoup 消息状态
[2026-03-13T21:59:40+08:00][info] 任务 66 第 883 轮完成，准备进行第 884 轮
[2026-03-13T21:59:40+08:00][info] 任务 66 即将为下一轮重新入队，延迟 5 秒，从索引 0 开始
[2026-03-13T21:59:41+08:00][info] 返回:{"status":true,"message":"发送完成，成功1个，失败0个[]","data":{"success":[{"group_id":5072487869,"group_link":"https:\/\/t.me\/+9ZnJ_gHIFV41NzFh","type":"chat","message":"发送成功","message_id":1084}],"failed":[],"debug":["处理标识符: https:\/\/t.me\/+9ZnJ_gHIFV41NzFh, 清理后: https:\/\/t.me\/+9ZnJ_gHIFV41NzFh, 识别为链接: True, 识别为数字ID: False"],"warning":""},"api_address":"185.165.170.142:5032"}
[2026-03-13T21:59:41+08:00][info] 消息ID缓存成功: task_id=69, group_id=https://t.me/+9ZnJ_gHIFV41NzFh, msg_index=1074, message_id=1084, send_user_id=4247
[2026-03-13T21:59:41+08:00][info] 消息状态标记为已发送: task_id=69, group_id=https://t.me/+9ZnJ_gHIFV41NzFh, msg_index=1074
[2026-03-13T21:59:41+08:00][info] 任务 69 将在 70 秒后继续处理下一条消息，索引: 1075, 实例ID: task_69_index_1075_1773410381.7896
[2026-03-13T21:59:45+08:00][info] 开始处理队列任务: task_id=66, current_index=0
[2026-03-13T21:59:45+08:00][info] 消息缓存初始化完成: task_id=66, groups=https://t.me/twogrqoup
[2026-03-13T21:59:45+08:00][info] 任务 66 第 884 次循环，重置群组 https://t.me/twogrqoup 消息状态
[2026-03-13T21:59:45+08:00][info] 使用当前发送用户 3469 的 session_path/www/wwwroot/tdata.tgbota.top/public/uploads/admin/202602/6997fc3070d84/819056965118/tdata/temp_8418493902.session
[2026-03-13T21:59:52+08:00][info] 返回:{"status":true,"message":"发送完成，成功1个，失败0个[]","data":{"success":[{"group_id":3895336513,"group_link":"https:\/\/t.me\/twogrqoup","type":"megagroup","message":"发送成功","message_id":8236}],"failed":[],"debug":["处理标识符: https:\/\/t.me\/twogrqoup, 清理后: https:\/\/t.me\/twogrqoup, 识别为链接: True, 识别为数字ID: False","已是群组成员，群组ID: 3895336513"],"warning":""},"api_address":"185.165.170.142:5062"}
[2026-03-13T21:59:52+08:00][info] 消息ID缓存成功: task_id=66, group_id=https://t.me/twogrqoup, msg_index=0, message_id=8236, send_user_id=3469
[2026-03-13T21:59:52+08:00][info] 消息状态标记为已发送: task_id=66, group_id=https://t.me/twogrqoup, msg_index=0
[2026-03-13T21:59:52+08:00][info] 任务 66 将在 15 秒后继续处理下一条消息，索引: 1, 实例ID: task_66_index_1_1773410392.7146
[2026-03-13T22:00:07+08:00][info] 开始处理队列任务: task_id=66, current_index=1
[2026-03-13T22:00:07+08:00][info] 消息缓存初始化完成: task_id=66, groups=https://t.me/twogrqoup
[2026-03-13T22:00:07+08:00][info] 任务 66 第 884 次循环，重置群组 https://t.me/twogrqoup 消息状态
[2026-03-13T22:00:07+08:00][info] 使用当前发送用户 3472 的 session_path/www/wwwroot/tdata.tgbota.top/public/uploads/admin/202602/6997fc3070d84/819050054287/tdata/temp_8308580822.session
[2026-03-13T22:00:12+08:00][info] 返回:{"status":true,"message":"发送完成，成功1个，失败0个[]","data":{"success":[{"group_id":3895336513,"group_link":"https:\/\/t.me\/twogrqoup","type":"megagroup","message":"发送成功","message_id":8237}],"failed":[],"debug":["处理标识符: https:\/\/t.me\/twogrqoup, 清理后: https:\/\/t.me\/twogrqoup, 识别为链接: True, 识别为数字ID: False","已是群组成员，群组ID: 3895336513"],"warning":""},"api_address":"185.165.170.142:5042"}
[2026-03-13T22:00:12+08:00][info] 消息ID缓存成功: task_id=66, group_id=https://t.me/twogrqoup, msg_index=1, message_id=8237, send_user_id=3472
[2026-03-13T22:00:12+08:00][info] 消息状态标记为已发送: task_id=66, group_id=https://t.me/twogrqoup, msg_index=1
[2026-03-13T22:00:12+08:00][info] 任务 66 将在 30 秒后继续处理下一条消息，索引: 2, 实例ID: task_66_index_2_1773410412.4677
[2026-03-13T22:00:42+08:00][info] 开始处理队列任务: task_id=66, current_index=2
[2026-03-13T22:00:42+08:00][info] 消息缓存初始化完成: task_id=66, groups=https://t.me/twogrqoup
[2026-03-13T22:00:42+08:00][info] 任务 66 第 884 次循环，重置群组 https://t.me/twogrqoup 消息状态
[2026-03-13T22:00:42+08:00][info] 使用当前发送用户 3473 的 session_path/www/wwwroot/tdata.tgbota.top/public/uploads/admin/202602/6997fc3070d84/819054626431/tdata/temp_8503359249.session
[2026-03-13T22:00:47+08:00][info] 返回:{"status":true,"message":"发送完成，成功1个，失败0个[]","data":{"success":[{"group_id":3895336513,"group_link":"https:\/\/t.me\/twogrqoup","type":"megagroup","message":"发送成功","message_id":8238}],"failed":[],"debug":["处理标识符: https:\/\/t.me\/twogrqoup, 清理后: https:\/\/t.me\/twogrqoup, 识别为链接: True, 识别为数字ID: False","已是群组成员，群组ID: 3895336513"],"warning":""},"api_address":"185.165.170.142:5043"}
[2026-03-13T22:00:47+08:00][info] 消息ID缓存成功: task_id=66, group_id=https://t.me/twogrqoup, msg_index=2, message_id=8238, send_user_id=3473
[2026-03-13T22:00:47+08:00][info] 消息状态标记为已发送: task_id=66, group_id=https://t.me/twogrqoup, msg_index=2
[2026-03-13T22:00:47+08:00][info] 任务 66 将在 45 秒后继续处理下一条消息，索引: 3, 实例ID: task_66_index_3_1773410447.6912
[2026-03-13T22:00:52+08:00][info] 开始处理队列任务: task_id=69, current_index=1075
[2026-03-13T22:00:52+08:00][info] 使用消息配置中指定的用户 4250 的 session_path/www/wwwroot/tdata.tgbota.top/public/uploads/admin/202603/69b10fe00169d/13639996422/tdata/temp_8445838957.session
[2026-03-13T22:00:59+08:00][info] 返回:{"status":true,"message":"发送完成，成功1个，失败0个[]","data":{"success":[{"group_id":5072487869,"group_link":"https:\/\/t.me\/+9ZnJ_gHIFV41NzFh","type":"chat","message":"发送成功","message_id":1091}],"failed":[],"debug":["处理标识符: https:\/\/t.me\/+9ZnJ_gHIFV41NzFh, 清理后: https:\/\/t.me\/+9ZnJ_gHIFV41NzFh, 识别为链接: True, 识别为数字ID: False"],"warning":""},"api_address":"185.165.170.142:5035"}
[2026-03-13T22:00:59+08:00][info] 消息ID缓存成功: task_id=69, group_id=https://t.me/+9ZnJ_gHIFV41NzFh, msg_index=1075, message_id=1091, send_user_id=4250
[2026-03-13T22:00:59+08:00][info] 消息状态标记为已发送: task_id=69, group_id=https://t.me/+9ZnJ_gHIFV41NzFh, msg_index=1075
[2026-03-13T22:00:59+08:00][info] 任务 69 将在 76 秒后继续处理下一条消息，索引: 1076, 实例ID: task_69_index_1076_1773410459.0568
[2026-03-13T22:01:32+08:00][info] 开始处理队列任务: task_id=66, current_index=3
[2026-03-13T22:01:32+08:00][info] 消息缓存初始化完成: task_id=66, groups=https://t.me/twogrqoup
[2026-03-13T22:01:32+08:00][info] 任务 66 第 884 次循环，重置群组 https://t.me/twogrqoup 消息状态
[2026-03-13T22:01:32+08:00][info] 使用当前发送用户 3469 的 session_path/www/wwwroot/tdata.tgbota.top/public/uploads/admin/202602/6997fc3070d84/819056965118/tdata/temp_8418493902.session
[2026-03-13T22:01:37+08:00][info] 返回:{"status":true,"message":"发送完成，成功1个，失败0个[]","data":{"success":[{"group_id":3895336513,"group_link":"https:\/\/t.me\/twogrqoup","type":"megagroup","message":"发送成功","message_id":8239}],"failed":[],"debug":["处理标识符: https:\/\/t.me\/twogrqoup, 清理后: https:\/\/t.me\/twogrqoup, 识别为链接: True, 识别为数字ID: False","已是群组成员，群组ID: 3895336513"],"warning":""},"api_address":"185.165.170.142:5062"}
[2026-03-13T22:01:37+08:00][info] 消息ID缓存成功: task_id=66, group_id=https://t.me/twogrqoup, msg_index=3, message_id=8239, send_user_id=3469
[2026-03-13T22:01:37+08:00][info] 消息状态标记为已发送: task_id=66, group_id=https://t.me/twogrqoup, msg_index=3
[2026-03-13T22:01:37+08:00][info] 任务 66 将在 20 秒后继续处理下一条消息，索引: 4, 实例ID: task_66_index_4_1773410497.4392
[2026-03-13T22:01:57+08:00][info] 开始处理队列任务: task_id=66, current_index=4
[2026-03-13T22:01:57+08:00][info] 消息缓存初始化完成: task_id=66, groups=https://t.me/twogrqoup
[2026-03-13T22:01:57+08:00][info] 任务 66 第 884 次循环，重置群组 https://t.me/twogrqoup 消息状态
[2026-03-13T22:01:57+08:00][info] 使用当前发送用户 3471 的 session_path/www/wwwroot/tdata.tgbota.top/public/uploads/admin/202602/6997fc3070d84/819089723520/tdata/temp_8574369010.session
[2026-03-13T22:02:04+08:00][info] 返回:{"status":true,"message":"发送完成，成功1个，失败0个[]","data":{"success":[{"group_id":3895336513,"group_link":"https:\/\/t.me\/twogrqoup","type":"megagroup","message":"发送成功","message_id":8240}],"failed":[],"debug":["处理标识符: https:\/\/t.me\/twogrqoup, 清理后: https:\/\/t.me\/twogrqoup, 识别为链接: True, 识别为数字ID: False","已是群组成员，群组ID: 3895336513"],"warning":""},"api_address":"185.165.170.142:5023"}
[2026-03-13T22:02:04+08:00][info] 消息ID缓存成功: task_id=66, group_id=https://t.me/twogrqoup, msg_index=4, message_id=8240, send_user_id=3471
[2026-03-13T22:02:04+08:00][info] 消息状态标记为已发送: task_id=66, group_id=https://t.me/twogrqoup, msg_index=4
[2026-03-13T22:02:04+08:00][info] 任务 66 将在 26 秒后继续处理下一条消息，索引: 5, 实例ID: task_66_index_5_1773410524.3114
[2026-03-13T22:02:16+08:00][info] 开始处理队列任务: task_id=69, current_index=1076
[2026-03-13T22:02:16+08:00][info] 使用消息配置中指定的用户 4246 的 session_path/www/wwwroot/tdata.tgbota.top/public/uploads/admin/202603/69b10fe00169d/13525689778/tdata/temp_8298330802.session
[2026-03-13T22:02:20+08:00][info] 返回:{"status":true,"message":"发送完成，成功1个，失败0个[]","data":{"success":[{"group_id":5072487869,"group_link":"https:\/\/t.me\/+9ZnJ_gHIFV41NzFh","type":"chat","message":"发送成功","message_id":1084}],"failed":[],"debug":["处理标识符: https:\/\/t.me\/+9ZnJ_gHIFV41NzFh, 清理后: https:\/\/t.me\/+9ZnJ_gHIFV41NzFh, 识别为链接: True, 识别为数字ID: False"],"warning":""},"api_address":"185.165.170.142:5031"}
[2026-03-13T22:02:20+08:00][info] 消息ID缓存成功: task_id=69, group_id=https://t.me/+9ZnJ_gHIFV41NzFh, msg_index=1076, message_id=1084, send_user_id=4246
[2026-03-13T22:02:20+08:00][info] 消息状态标记为已发送: task_id=69, group_id=https://t.me/+9ZnJ_gHIFV41NzFh, msg_index=1076
[2026-03-13T22:02:20+08:00][info] 任务 69 将在 80 秒后继续处理下一条消息，索引: 1077, 实例ID: task_69_index_1077_1773410540.7597
[2026-03-13T22:02:31+08:00][info] 开始处理队列任务: task_id=66, current_index=5
[2026-03-13T22:02:31+08:00][info] 消息缓存初始化完成: task_id=66, groups=https://t.me/twogrqoup
[2026-03-13T22:02:31+08:00][info] 任务 66 第 884 次循环，重置群组 https://t.me/twogrqoup 消息状态
[2026-03-13T22:02:31+08:00][info] 使用当前发送用户 3469 的 session_path/www/wwwroot/tdata.tgbota.top/public/uploads/admin/202602/6997fc3070d84/819056965118/tdata/temp_8418493902.session
[2026-03-13T22:02:36+08:00][info] 返回:{"status":true,"message":"发送完成，成功1个，失败0个[]","data":{"success":[{"group_id":3895336513,"group_link":"https:\/\/t.me\/twogrqoup","type":"megagroup","message":"发送成功","message_id":8241}],"failed":[],"debug":["处理标识符: https:\/\/t.me\/twogrqoup, 清理后: https:\/\/t.me\/twogrqoup, 识别为链接: True, 识别为数字ID: False","已是群组成员，群组ID: 3895336513"],"warning":""},"api_address":"185.165.170.142:5062"}
[2026-03-13T22:02:36+08:00][info] 消息ID缓存成功: task_id=66, group_id=https://t.me/twogrqoup, msg_index=5, message_id=8241, send_user_id=3469
[2026-03-13T22:02:36+08:00][info] 消息状态标记为已发送: task_id=66, group_id=https://t.me/twogrqoup, msg_index=5
[2026-03-13T22:02:36+08:00][info] 任务 66 将在 27 秒后继续处理下一条消息，索引: 6, 实例ID: task_66_index_6_1773410556.491
[2026-03-13T22:03:03+08:00][info] 开始处理队列任务: task_id=66, current_index=6
[2026-03-13T22:03:03+08:00][info] 消息缓存初始化完成: task_id=66, groups=https://t.me/twogrqoup
[2026-03-13T22:03:03+08:00][info] 任务 66 第 884 次循环，重置群组 https://t.me/twogrqoup 消息状态
[2026-03-13T22:03:03+08:00][info] 使用当前发送用户 3471 的 session_path/www/wwwroot/tdata.tgbota.top/public/uploads/admin/202602/6997fc3070d84/819089723520/tdata/temp_8574369010.session
[2026-03-13T22:03:08+08:00][info] 返回:{"status":true,"message":"发送完成，成功1个，失败0个[]","data":{"success":[{"group_id":3895336513,"group_link":"https:\/\/t.me\/twogrqoup","type":"megagroup","message":"发送成功","message_id":8242}],"failed":[],"debug":["处理标识符: https:\/\/t.me\/twogrqoup, 清理后: https:\/\/t.me\/twogrqoup, 识别为链接: True, 识别为数字ID: False","已是群组成员，群组ID: 3895336513"],"warning":""},"api_address":"185.165.170.142:5023"}
[2026-03-13T22:03:08+08:00][info] 消息ID缓存成功: task_id=66, group_id=https://t.me/twogrqoup, msg_index=6, message_id=8242, send_user_id=3471
[2026-03-13T22:03:08+08:00][info] 消息状态标记为已发送: task_id=66, group_id=https://t.me/twogrqoup, msg_index=6
[2026-03-13T22:03:08+08:00][info] 任务 66 将在 13 秒后继续处理下一条消息，索引: 7, 实例ID: task_66_index_7_1773410588.7746
[2026-03-13T22:03:22+08:00][info] 开始处理队列任务: task_id=66, current_index=7
[2026-03-13T22:03:22+08:00][info] 消息缓存初始化完成: task_id=66, groups=https://t.me/twogrqoup
[2026-03-13T22:03:22+08:00][info] 任务 66 第 884 次循环，重置群组 https://t.me/twogrqoup 消息状态
[2026-03-13T22:03:22+08:00][info] 使用当前发送用户 3471 的 session_path/www/wwwroot/tdata.tgbota.top/public/uploads/admin/202602/6997fc3070d84/819089723520/tdata/temp_8574369010.session
[2026-03-13T22:03:27+08:00][info] 返回:{"status":true,"message":"发送完成，成功1个，失败0个[]","data":{"success":[{"group_id":3895336513,"group_link":"https:\/\/t.me\/twogrqoup","type":"megagroup","message":"发送成功","message_id":8243}],"failed":[],"debug":["处理标识符: https:\/\/t.me\/twogrqoup, 清理后: https:\/\/t.me\/twogrqoup, 识别为链接: True, 识别为数字ID: False","已是群组成员，群组ID: 3895336513"],"warning":""},"api_address":"185.165.170.142:5023"}
[2026-03-13T22:03:27+08:00][info] 消息ID缓存成功: task_id=66, group_id=https://t.me/twogrqoup, msg_index=7, message_id=8243, send_user_id=3471
[2026-03-13T22:03:27+08:00][info] 消息状态标记为已发送: task_id=66, group_id=https://t.me/twogrqoup, msg_index=7
[2026-03-13T22:03:27+08:00][info] 任务 66 将在 26 秒后继续处理下一条消息，索引: 8, 实例ID: task_66_index_8_1773410607.7144
[2026-03-13T22:03:40+08:00][info] 开始处理队列任务: task_id=69, current_index=1077
[2026-03-13T22:03:40+08:00][info] 使用消息配置中指定的用户 4248 的 session_path/www/wwwroot/tdata.tgbota.top/public/uploads/admin/202603/69b10fe00169d/13394631524/tdata/temp_8023071106.session
[2026-03-13T22:03:47+08:00][info] 返回:{"status":true,"message":"发送完成，成功1个，失败0个[]","data":{"success":[{"group_id":5072487869,"group_link":"https:\/\/t.me\/+9ZnJ_gHIFV41NzFh","type":"chat","message":"发送成功","message_id":1089}],"failed":[],"debug":["处理标识符: https:\/\/t.me\/+9ZnJ_gHIFV41NzFh, 清理后: https:\/\/t.me\/+9ZnJ_gHIFV41NzFh, 识别为链接: True, 识别为数字ID: False"],"warning":""},"api_address":"185.165.170.142:5033"}
[2026-03-13T22:03:47+08:00][info] 消息ID缓存成功: task_id=69, group_id=https://t.me/+9ZnJ_gHIFV41NzFh, msg_index=1077, message_id=1089, send_user_id=4248
[2026-03-13T22:03:47+08:00][info] 消息状态标记为已发送: task_id=69, group_id=https://t.me/+9ZnJ_gHIFV41NzFh, msg_index=1077
[2026-03-13T22:03:47+08:00][info] 任务 69 将在 99 秒后继续处理下一条消息，索引: 1078, 实例ID: task_69_index_1078_1773410627.5118
[2026-03-13T22:03:53+08:00][info] 开始处理队列任务: task_id=66, current_index=8
[2026-03-13T22:03:53+08:00][info] 消息缓存初始化完成: task_id=66, groups=https://t.me/twogrqoup
[2026-03-13T22:03:53+08:00][info] 任务 66 第 884 次循环，重置群组 https://t.me/twogrqoup 消息状态
[2026-03-13T22:03:53+08:00][info] 使用当前发送用户 3469 的 session_path/www/wwwroot/tdata.tgbota.top/public/uploads/admin/202602/6997fc3070d84/819056965118/tdata/temp_8418493902.session
[2026-03-13T22:03:58+08:00][info] 返回:{"status":true,"message":"发送完成，成功1个，失败0个[]","data":{"success":[{"group_id":3895336513,"group_link":"https:\/\/t.me\/twogrqoup","type":"megagroup","message":"发送成功","message_id":8244}],"failed":[],"debug":["处理标识符: https:\/\/t.me\/twogrqoup, 清理后: https:\/\/t.me\/twogrqoup, 识别为链接: True, 识别为数字ID: False","已是群组成员，群组ID: 3895336513"],"warning":""},"api_address":"185.165.170.142:5062"}
[2026-03-13T22:03:58+08:00][info] 消息ID缓存成功: task_id=66, group_id=https://t.me/twogrqoup, msg_index=8, message_id=8244, send_user_id=3469
[2026-03-13T22:03:58+08:00][info] 消息状态标记为已发送: task_id=66, group_id=https://t.me/twogrqoup, msg_index=8
[2026-03-13T22:03:58+08:00][info] 任务 66 将在 30 秒后继续处理下一条消息，索引: 9, 实例ID: task_66_index_9_1773410638.4291
[2026-03-13T22:04:28+08:00][info] 开始处理队列任务: task_id=66, current_index=9
[2026-03-13T22:04:28+08:00][info] 消息缓存初始化完成: task_id=66, groups=https://t.me/twogrqoup
[2026-03-13T22:04:28+08:00][info] 任务 66 第 884 次循环，重置群组 https://t.me/twogrqoup 消息状态
[2026-03-13T22:04:28+08:00][info] 任务 66 第 884 轮完成，准备进行第 885 轮
[2026-03-13T22:04:28+08:00][info] 任务 66 即将为下一轮重新入队，延迟 5 秒，从索引 0 开始
[2026-03-13T22:04:33+08:00][info] 开始处理队列任务: task_id=66, current_index=0
[2026-03-13T22:04:33+08:00][info] 消息缓存初始化完成: task_id=66, groups=https://t.me/twogrqoup
[2026-03-13T22:04:33+08:00][info] 任务 66 第 885 次循环，重置群组 https://t.me/twogrqoup 消息状态
[2026-03-13T22:04:33+08:00][info] 使用当前发送用户 3469 的 session_path/www/wwwroot/tdata.tgbota.top/public/uploads/admin/202602/6997fc3070d84/819056965118/tdata/temp_8418493902.session
[2026-03-13T22:04:41+08:00][info] 返回:{"status":true,"message":"发送完成，成功1个，失败0个[]","data":{"success":[{"group_id":3895336513,"group_link":"https:\/\/t.me\/twogrqoup","type":"megagroup","message":"发送成功","message_id":8245}],"failed":[],"debug":["处理标识符: https:\/\/t.me\/twogrqoup, 清理后: https:\/\/t.me\/twogrqoup, 识别为链接: True, 识别为数字ID: False","已是群组成员，群组ID: 3895336513"],"warning":""},"api_address":"185.165.170.142:5062"}
[2026-03-13T22:04:41+08:00][info] 消息ID缓存成功: task_id=66, group_id=https://t.me/twogrqoup, msg_index=0, message_id=8245, send_user_id=3469
[2026-03-13T22:04:41+08:00][info] 消息状态标记为已发送: task_id=66, group_id=https://t.me/twogrqoup, msg_index=0
[2026-03-13T22:04:41+08:00][info] 任务 66 将在 15 秒后继续处理下一条消息，索引: 1, 实例ID: task_66_index_1_1773410681.1802
[2026-03-13T22:04:56+08:00][info] 开始处理队列任务: task_id=66, current_index=1
[2026-03-13T22:04:56+08:00][info] 消息缓存初始化完成: task_id=66, groups=https://t.me/twogrqoup
[2026-03-13T22:04:56+08:00][info] 任务 66 第 885 次循环，重置群组 https://t.me/twogrqoup 消息状态
[2026-03-13T22:04:56+08:00][info] 使用当前发送用户 3472 的 session_path/www/wwwroot/tdata.tgbota.top/public/uploads/admin/202602/6997fc3070d84/819050054287/tdata/temp_8308580822.session
[2026-03-13T22:05:01+08:00][info] 返回:{"status":true,"message":"发送完成，成功1个，失败0个[]","data":{"success":[{"group_id":3895336513,"group_link":"https:\/\/t.me\/twogrqoup","type":"megagroup","message":"发送成功","message_id":8246}],"failed":[],"debug":["处理标识符: https:\/\/t.me\/twogrqoup, 清理后: https:\/\/t.me\/twogrqoup, 识别为链接: True, 识别为数字ID: False","已是群组成员，群组ID: 3895336513"],"warning":""},"api_address":"185.165.170.142:5042"}
[2026-03-13T22:05:01+08:00][info] 消息ID缓存成功: task_id=66, group_id=https://t.me/twogrqoup, msg_index=1, message_id=8246, send_user_id=3472
[2026-03-13T22:05:01+08:00][info] 消息状态标记为已发送: task_id=66, group_id=https://t.me/twogrqoup, msg_index=1
[2026-03-13T22:05:01+08:00][info] 任务 66 将在 30 秒后继续处理下一条消息，索引: 2, 实例ID: task_66_index_2_1773410701.8643
[2026-03-13T22:05:26+08:00][info] 开始处理队列任务: task_id=69, current_index=1078
[2026-03-13T22:05:26+08:00][info] 使用消息配置中指定的用户 4250 的 session_path/www/wwwroot/tdata.tgbota.top/public/uploads/admin/202603/69b10fe00169d/13639996422/tdata/temp_8445838957.session
[2026-03-13T22:05:30+08:00][info] 返回:{"status":true,"message":"发送完成，成功1个，失败0个[]","data":{"success":[{"group_id":5072487869,"group_link":"https:\/\/t.me\/+9ZnJ_gHIFV41NzFh","type":"chat","message":"发送成功","message_id":1094}],"failed":[],"debug":["处理标识符: https:\/\/t.me\/+9ZnJ_gHIFV41NzFh, 清理后: https:\/\/t.me\/+9ZnJ_gHIFV41NzFh, 识别为链接: True, 识别为数字ID: False"],"warning":""},"api_address":"185.165.170.142:5035"}
[2026-03-13T22:05:30+08:00][info] 消息ID缓存成功: task_id=69, group_id=https://t.me/+9ZnJ_gHIFV41NzFh, msg_index=1078, message_id=1094, send_user_id=4250
[2026-03-13T22:05:30+08:00][info] 消息状态标记为已发送: task_id=69, group_id=https://t.me/+9ZnJ_gHIFV41NzFh, msg_index=1078
[2026-03-13T22:05:30+08:00][info] 任务 69 将在 87 秒后继续处理下一条消息，索引: 1079, 实例ID: task_69_index_1079_1773410730.7373
[2026-03-13T22:05:31+08:00][info] 开始处理队列任务: task_id=66, current_index=2
[2026-03-13T22:05:31+08:00][info] 消息缓存初始化完成: task_id=66, groups=https://t.me/twogrqoup
[2026-03-13T22:05:31+08:00][info] 任务 66 第 885 次循环，重置群组 https://t.me/twogrqoup 消息状态
[2026-03-13T22:05:31+08:00][info] 使用当前发送用户 3473 的 session_path/www/wwwroot/tdata.tgbota.top/public/uploads/admin/202602/6997fc3070d84/819054626431/tdata/temp_8503359249.session
[2026-03-13T22:05:36+08:00][info] 返回:{"status":true,"message":"发送完成，成功1个，失败0个[]","data":{"success":[{"group_id":3895336513,"group_link":"https:\/\/t.me\/twogrqoup","type":"megagroup","message":"发送成功","message_id":8247}],"failed":[],"debug":["处理标识符: https:\/\/t.me\/twogrqoup, 清理后: https:\/\/t.me\/twogrqoup, 识别为链接: True, 识别为数字ID: False","已是群组成员，群组ID: 3895336513"],"warning":""},"api_address":"185.165.170.142:5043"}
[2026-03-13T22:05:36+08:00][info] 消息ID缓存成功: task_id=66, group_id=https://t.me/twogrqoup, msg_index=2, message_id=8247, send_user_id=3473
[2026-03-13T22:05:36+08:00][info] 消息状态标记为已发送: task_id=66, group_id=https://t.me/twogrqoup, msg_index=2
[2026-03-13T22:05:36+08:00][info] 任务 66 将在 45 秒后继续处理下一条消息，索引: 3, 实例ID: task_66_index_3_1773410736.9461
[2026-03-13T22:06:21+08:00][info] 开始处理队列任务: task_id=66, current_index=3
[2026-03-13T22:06:21+08:00][info] 消息缓存初始化完成: task_id=66, groups=https://t.me/twogrqoup
[2026-03-13T22:06:21+08:00][info] 任务 66 第 885 次循环，重置群组 https://t.me/twogrqoup 消息状态
[2026-03-13T22:06:21+08:00][info] 使用当前发送用户 3469 的 session_path/www/wwwroot/tdata.tgbota.top/public/uploads/admin/202602/6997fc3070d84/819056965118/tdata/temp_8418493902.session
[2026-03-13T22:06:30+08:00][info] 返回:{"status":true,"message":"发送完成，成功1个，失败0个[]","data":{"success":[{"group_id":3895336513,"group_link":"https:\/\/t.me\/twogrqoup","type":"megagroup","message":"发送成功","message_id":8248}],"failed":[],"debug":["处理标识符: https:\/\/t.me\/twogrqoup, 清理后: https:\/\/t.me\/twogrqoup, 识别为链接: True, 识别为数字ID: False","已是群组成员，群组ID: 3895336513"],"warning":""},"api_address":"185.165.170.142:5062"}
[2026-03-13T22:06:30+08:00][info] 消息ID缓存成功: task_id=66, group_id=https://t.me/twogrqoup, msg_index=3, message_id=8248, send_user_id=3469
[2026-03-13T22:06:30+08:00][info] 消息状态标记为已发送: task_id=66, group_id=https://t.me/twogrqoup, msg_index=3
[2026-03-13T22:06:30+08:00][info] 任务 66 将在 20 秒后继续处理下一条消息，索引: 4, 实例ID: task_66_index_4_1773410790.2584
[2026-03-13T22:06:50+08:00][info] 开始处理队列任务: task_id=66, current_index=4
[2026-03-13T22:06:50+08:00][info] 消息缓存初始化完成: task_id=66, groups=https://t.me/twogrqoup
[2026-03-13T22:06:50+08:00][info] 任务 66 第 885 次循环，重置群组 https://t.me/twogrqoup 消息状态
[2026-03-13T22:06:50+08:00][info] 使用当前发送用户 3471 的 session_path/www/wwwroot/tdata.tgbota.top/public/uploads/admin/202602/6997fc3070d84/819089723520/tdata/temp_8574369010.session
[2026-03-13T22:06:57+08:00][info] 返回:{"status":true,"message":"发送完成，成功1个，失败0个[]","data":{"success":[{"group_id":3895336513,"group_link":"https:\/\/t.me\/twogrqoup","type":"megagroup","message":"发送成功","message_id":8249}],"failed":[],"debug":["处理标识符: https:\/\/t.me\/twogrqoup, 清理后: https:\/\/t.me\/twogrqoup, 识别为链接: True, 识别为数字ID: False","已是群组成员，群组ID: 3895336513"],"warning":""},"api_address":"185.165.170.142:5023"}
[2026-03-13T22:06:57+08:00][info] 消息ID缓存成功: task_id=66, group_id=https://t.me/twogrqoup, msg_index=4, message_id=8249, send_user_id=3471
[2026-03-13T22:06:57+08:00][info] 消息状态标记为已发送: task_id=66, group_id=https://t.me/twogrqoup, msg_index=4
[2026-03-13T22:06:57+08:00][info] 任务 66 将在 26 秒后继续处理下一条消息，索引: 5, 实例ID: task_66_index_5_1773410817.1593
[2026-03-13T22:06:57+08:00][info] 开始处理队列任务: task_id=69, current_index=1079
[2026-03-13T22:06:57+08:00][info] 使用消息配置中指定的用户 4244 的 session_path/www/wwwroot/tdata.tgbota.top/public/uploads/admin/202603/69b10fe00169d/13632168755/tdata/temp_8062228317.session
[2026-03-13T22:07:02+08:00][info] 返回:{"status":true,"message":"发送完成，成功1个，失败0个[]","data":{"success":[{"group_id":5072487869,"group_link":"https:\/\/t.me\/+9ZnJ_gHIFV41NzFh","type":"chat","message":"发送成功","message_id":1080}],"failed":[],"debug":["处理标识符: https:\/\/t.me\/+9ZnJ_gHIFV41NzFh, 清理后: https:\/\/t.me\/+9ZnJ_gHIFV41NzFh, 识别为链接: True, 识别为数字ID: False"],"warning":""},"api_address":"185.165.170.142:5029"}
[2026-03-13T22:07:02+08:00][info] 消息ID缓存成功: task_id=69, group_id=https://t.me/+9ZnJ_gHIFV41NzFh, msg_index=1079, message_id=1080, send_user_id=4244
[2026-03-13T22:07:02+08:00][info] 消息状态标记为已发送: task_id=69, group_id=https://t.me/+9ZnJ_gHIFV41NzFh, msg_index=1079
[2026-03-13T22:07:02+08:00][info] 任务 69 将在 90 秒后继续处理下一条消息，索引: 1080, 实例ID: task_69_index_1080_1773410822.7303
[2026-03-13T22:07:23+08:00][info] 开始处理队列任务: task_id=66, current_index=5
[2026-03-13T22:07:23+08:00][info] 消息缓存初始化完成: task_id=66, groups=https://t.me/twogrqoup
[2026-03-13T22:07:23+08:00][info] 任务 66 第 885 次循环，重置群组 https://t.me/twogrqoup 消息状态
[2026-03-13T22:07:23+08:00][info] 使用当前发送用户 3469 的 session_path/www/wwwroot/tdata.tgbota.top/public/uploads/admin/202602/6997fc3070d84/819056965118/tdata/temp_8418493902.session
[2026-03-13T22:07:31+08:00][info] 返回:{"status":true,"message":"发送完成，成功1个，失败0个[]","data":{"success":[{"group_id":3895336513,"group_link":"https:\/\/t.me\/twogrqoup","type":"megagroup","message":"发送成功","message_id":8250}],"failed":[],"debug":["处理标识符: https:\/\/t.me\/twogrqoup, 清理后: https:\/\/t.me\/twogrqoup, 识别为链接: True, 识别为数字ID: False","已是群组成员，群组ID: 3895336513"],"warning":""},"api_address":"185.165.170.142:5062"}
[2026-03-13T22:07:31+08:00][info] 消息ID缓存成功: task_id=66, group_id=https://t.me/twogrqoup, msg_index=5, message_id=8250, send_user_id=3469
[2026-03-13T22:07:31+08:00][info] 消息状态标记为已发送: task_id=66, group_id=https://t.me/twogrqoup, msg_index=5
[2026-03-13T22:07:31+08:00][info] 任务 66 将在 27 秒后继续处理下一条消息，索引: 6, 实例ID: task_66_index_6_1773410851.6579
[2026-03-13T22:07:58+08:00][info] 开始处理队列任务: task_id=66, current_index=6
[2026-03-13T22:07:58+08:00][info] 消息缓存初始化完成: task_id=66, groups=https://t.me/twogrqoup
[2026-03-13T22:07:58+08:00][info] 任务 66 第 885 次循环，重置群组 https://t.me/twogrqoup 消息状态
[2026-03-13T22:07:58+08:00][info] 使用当前发送用户 3471 的 session_path/www/wwwroot/tdata.tgbota.top/public/uploads/admin/202602/6997fc3070d84/819089723520/tdata/temp_8574369010.session
[2026-03-13T22:08:04+08:00][info] 返回:{"status":true,"message":"发送完成，成功1个，失败0个[]","data":{"success":[{"group_id":3895336513,"group_link":"https:\/\/t.me\/twogrqoup","type":"megagroup","message":"发送成功","message_id":8251}],"failed":[],"debug":["处理标识符: https:\/\/t.me\/twogrqoup, 清理后: https:\/\/t.me\/twogrqoup, 识别为链接: True, 识别为数字ID: False","已是群组成员，群组ID: 3895336513"],"warning":""},"api_address":"185.165.170.142:5023"}
[2026-03-13T22:08:04+08:00][info] 消息ID缓存成功: task_id=66, group_id=https://t.me/twogrqoup, msg_index=6, message_id=8251, send_user_id=3471
[2026-03-13T22:08:04+08:00][info] 消息状态标记为已发送: task_id=66, group_id=https://t.me/twogrqoup, msg_index=6
[2026-03-13T22:08:04+08:00][info] 任务 66 将在 13 秒后继续处理下一条消息，索引: 7, 实例ID: task_66_index_7_1773410884.4901
[2026-03-13T22:08:17+08:00][info] 开始处理队列任务: task_id=66, current_index=7
[2026-03-13T22:08:17+08:00][info] 消息缓存初始化完成: task_id=66, groups=https://t.me/twogrqoup
[2026-03-13T22:08:17+08:00][info] 任务 66 第 885 次循环，重置群组 https://t.me/twogrqoup 消息状态
[2026-03-13T22:08:17+08:00][info] 使用当前发送用户 3471 的 session_path/www/wwwroot/tdata.tgbota.top/public/uploads/admin/202602/6997fc3070d84/819089723520/tdata/temp_8574369010.session
[2026-03-13T22:08:25+08:00][info] 返回:{"status":true,"message":"发送完成，成功1个，失败0个[]","data":{"success":[{"group_id":3895336513,"group_link":"https:\/\/t.me\/twogrqoup","type":"megagroup","message":"发送成功","message_id":8252}],"failed":[],"debug":["处理标识符: https:\/\/t.me\/twogrqoup, 清理后: https:\/\/t.me\/twogrqoup, 识别为链接: True, 识别为数字ID: False","已是群组成员，群组ID: 3895336513"],"warning":""},"api_address":"185.165.170.142:5023"}
[2026-03-13T22:08:25+08:00][info] 消息ID缓存成功: task_id=66, group_id=https://t.me/twogrqoup, msg_index=7, message_id=8252, send_user_id=3471
[2026-03-13T22:08:25+08:00][info] 消息状态标记为已发送: task_id=66, group_id=https://t.me/twogrqoup, msg_index=7
[2026-03-13T22:08:25+08:00][info] 任务 66 将在 26 秒后继续处理下一条消息，索引: 8, 实例ID: task_66_index_8_1773410905.0806
[2026-03-13T22:08:32+08:00][info] 开始处理队列任务: task_id=69, current_index=1080
[2026-03-13T22:08:32+08:00][info] 使用当前发送用户 4245 的 session_path/www/wwwroot/tdata.tgbota.top/public/uploads/admin/202603/69b10fe00169d/13378413177/tdata/temp_8408358101.session
[2026-03-13T22:08:37+08:00][info] 返回:{"status":true,"message":"发送完成，成功1个，失败0个[]","data":{"success":[{"group_id":5072487869,"group_link":"https:\/\/t.me\/+9ZnJ_gHIFV41NzFh","type":"chat","message":"发送成功","message_id":1086}],"failed":[],"debug":["处理标识符: https:\/\/t.me\/+9ZnJ_gHIFV41NzFh, 清理后: https:\/\/t.me\/+9ZnJ_gHIFV41NzFh, 识别为链接: True, 识别为数字ID: False"],"warning":""},"api_address":"185.165.170.142:5030"}
[2026-03-13T22:08:37+08:00][info] 消息ID缓存成功: task_id=69, group_id=https://t.me/+9ZnJ_gHIFV41NzFh, msg_index=1080, message_id=1086, send_user_id=4245
[2026-03-13T22:08:37+08:00][info] 消息状态标记为已发送: task_id=69, group_id=https://t.me/+9ZnJ_gHIFV41NzFh, msg_index=1080
[2026-03-13T22:08:37+08:00][info] 任务 69 将在 109 秒后继续处理下一条消息，索引: 1081, 实例ID: task_69_index_1081_1773410917.4844
[2026-03-13T22:08:51+08:00][info] 开始处理队列任务: task_id=66, current_index=8
[2026-03-13T22:08:51+08:00][info] 消息缓存初始化完成: task_id=66, groups=https://t.me/twogrqoup
[2026-03-13T22:08:51+08:00][info] 任务 66 第 885 次循环，重置群组 https://t.me/twogrqoup 消息状态
[2026-03-13T22:08:51+08:00][info] 使用当前发送用户 3469 的 session_path/www/wwwroot/tdata.tgbota.top/public/uploads/admin/202602/6997fc3070d84/819056965118/tdata/temp_8418493902.session
[2026-03-13T22:08:58+08:00][info] 返回:{"status":true,"message":"发送完成，成功1个，失败0个[]","data":{"success":[{"group_id":3895336513,"group_link":"https:\/\/t.me\/twogrqoup","type":"megagroup","message":"发送成功","message_id":8253}],"failed":[],"debug":["处理标识符: https:\/\/t.me\/twogrqoup, 清理后: https:\/\/t.me\/twogrqoup, 识别为链接: True, 识别为数字ID: False","已是群组成员，群组ID: 3895336513"],"warning":""},"api_address":"185.165.170.142:5062"}
[2026-03-13T22:08:58+08:00][info] 消息ID缓存成功: task_id=66, group_id=https://t.me/twogrqoup, msg_index=8, message_id=8253, send_user_id=3469
[2026-03-13T22:08:58+08:00][info] 消息状态标记为已发送: task_id=66, group_id=https://t.me/twogrqoup, msg_index=8
[2026-03-13T22:08:58+08:00][info] 任务 66 将在 30 秒后继续处理下一条消息，索引: 9, 实例ID: task_66_index_9_1773410938.3213
[2026-03-13T22:09:28+08:00][info] 开始处理队列任务: task_id=66, current_index=9
[2026-03-13T22:09:28+08:00][info] 消息缓存初始化完成: task_id=66, groups=https://t.me/twogrqoup
[2026-03-13T22:09:28+08:00][info] 任务 66 第 885 次循环，重置群组 https://t.me/twogrqoup 消息状态
[2026-03-13T22:09:28+08:00][info] 任务 66 第 885 轮完成，准备进行第 886 轮
[2026-03-13T22:09:28+08:00][info] 任务 66 即将为下一轮重新入队，延迟 5 秒，从索引 0 开始
[2026-03-13T22:09:33+08:00][info] 开始处理队列任务: task_id=66, current_index=0
[2026-03-13T22:09:33+08:00][info] 消息缓存初始化完成: task_id=66, groups=https://t.me/twogrqoup
[2026-03-13T22:09:33+08:00][info] 任务 66 第 886 次循环，重置群组 https://t.me/twogrqoup 消息状态
[2026-03-13T22:09:33+08:00][info] 使用当前发送用户 3469 的 session_path/www/wwwroot/tdata.tgbota.top/public/uploads/admin/202602/6997fc3070d84/819056965118/tdata/temp_8418493902.session
[2026-03-13T22:09:40+08:00][info] 返回:{"status":true,"message":"发送完成，成功1个，失败0个[]","data":{"success":[{"group_id":3895336513,"group_link":"https:\/\/t.me\/twogrqoup","type":"megagroup","message":"发送成功","message_id":8254}],"failed":[],"debug":["处理标识符: https:\/\/t.me\/twogrqoup, 清理后: https:\/\/t.me\/twogrqoup, 识别为链接: True, 识别为数字ID: False","已是群组成员，群组ID: 3895336513"],"warning":""},"api_address":"185.165.170.142:5062"}
[2026-03-13T22:09:40+08:00][info] 消息ID缓存成功: task_id=66, group_id=https://t.me/twogrqoup, msg_index=0, message_id=8254, send_user_id=3469
[2026-03-13T22:09:40+08:00][info] 消息状态标记为已发送: task_id=66, group_id=https://t.me/twogrqoup, msg_index=0
[2026-03-13T22:09:40+08:00][info] 任务 66 将在 15 秒后继续处理下一条消息，索引: 1, 实例ID: task_66_index_1_1773410980.2866
[2026-03-13T22:09:55+08:00][info] 开始处理队列任务: task_id=66, current_index=1
[2026-03-13T22:09:55+08:00][info] 消息缓存初始化完成: task_id=66, groups=https://t.me/twogrqoup
[2026-03-13T22:09:55+08:00][info] 任务 66 第 886 次循环，重置群组 https://t.me/twogrqoup 消息状态
[2026-03-13T22:09:55+08:00][info] 使用当前发送用户 3472 的 session_path/www/wwwroot/tdata.tgbota.top/public/uploads/admin/202602/6997fc3070d84/819050054287/tdata/temp_8308580822.session
[2026-03-13T22:10:01+08:00][info] 返回:{"status":true,"message":"发送完成，成功1个，失败0个[]","data":{"success":[{"group_id":3895336513,"group_link":"https:\/\/t.me\/twogrqoup","type":"megagroup","message":"发送成功","message_id":8255}],"failed":[],"debug":["处理标识符: https:\/\/t.me\/twogrqoup, 清理后: https:\/\/t.me\/twogrqoup, 识别为链接: True, 识别为数字ID: False","已是群组成员，群组ID: 3895336513"],"warning":""},"api_address":"185.165.170.142:5042"}
[2026-03-13T22:10:01+08:00][info] 消息ID缓存成功: task_id=66, group_id=https://t.me/twogrqoup, msg_index=1, message_id=8255, send_user_id=3472
[2026-03-13T22:10:01+08:00][info] 消息状态标记为已发送: task_id=66, group_id=https://t.me/twogrqoup, msg_index=1
[2026-03-13T22:10:01+08:00][info] 任务 66 将在 30 秒后继续处理下一条消息，索引: 2, 实例ID: task_66_index_2_1773411001.4576
[2026-03-13T22:10:26+08:00][info] 开始处理队列任务: task_id=69, current_index=1081
[2026-03-13T22:10:26+08:00][info] 使用当前发送用户 4245 的 session_path/www/wwwroot/tdata.tgbota.top/public/uploads/admin/202603/69b10fe00169d/13378413177/tdata/temp_8408358101.session
[2026-03-13T22:10:30+08:00][info] 返回:{"status":true,"message":"发送完成，成功1个，失败0个[]","data":{"success":[{"group_id":5072487869,"group_link":"https:\/\/t.me\/+9ZnJ_gHIFV41NzFh","type":"chat","message":"发送成功","message_id":1087}],"failed":[],"debug":["处理标识符: https:\/\/t.me\/+9ZnJ_gHIFV41NzFh, 清理后: https:\/\/t.me\/+9ZnJ_gHIFV41NzFh, 识别为链接: True, 识别为数字ID: False"],"warning":""},"api_address":"185.165.170.142:5030"}
[2026-03-13T22:10:30+08:00][info] 消息ID缓存成功: task_id=69, group_id=https://t.me/+9ZnJ_gHIFV41NzFh, msg_index=1081, message_id=1087, send_user_id=4245
[2026-03-13T22:10:30+08:00][info] 消息状态标记为已发送: task_id=69, group_id=https://t.me/+9ZnJ_gHIFV41NzFh, msg_index=1081
[2026-03-13T22:10:30+08:00][info] 任务 69 将在 79 秒后继续处理下一条消息，索引: 1082, 实例ID: task_69_index_1082_1773411030.8922
[2026-03-13T22:10:31+08:00][info] 开始处理队列任务: task_id=66, current_index=2
[2026-03-13T22:10:31+08:00][info] 消息缓存初始化完成: task_id=66, groups=https://t.me/twogrqoup
[2026-03-13T22:10:31+08:00][info] 任务 66 第 886 次循环，重置群组 https://t.me/twogrqoup 消息状态
[2026-03-13T22:10:31+08:00][info] 使用当前发送用户 3473 的 session_path/www/wwwroot/tdata.tgbota.top/public/uploads/admin/202602/6997fc3070d84/819054626431/tdata/temp_8503359249.session
[2026-03-13T22:10:38+08:00][info] 返回:{"status":true,"message":"发送完成，成功1个，失败0个[]","data":{"success":[{"group_id":3895336513,"group_link":"https:\/\/t.me\/twogrqoup","type":"megagroup","message":"发送成功","message_id":8256}],"failed":[],"debug":["处理标识符: https:\/\/t.me\/twogrqoup, 清理后: https:\/\/t.me\/twogrqoup, 识别为链接: True, 识别为数字ID: False","已是群组成员，群组ID: 3895336513"],"warning":""},"api_address":"185.165.170.142:5043"}
[2026-03-13T22:10:38+08:00][info] 消息ID缓存成功: task_id=66, group_id=https://t.me/twogrqoup, msg_index=2, message_id=8256, send_user_id=3473
[2026-03-13T22:10:38+08:00][info] 消息状态标记为已发送: task_id=66, group_id=https://t.me/twogrqoup, msg_index=2
[2026-03-13T22:10:38+08:00][info] 任务 66 将在 45 秒后继续处理下一条消息，索引: 3, 实例ID: task_66_index_3_1773411038.8542
[2026-03-13T22:11:23+08:00][info] 开始处理队列任务: task_id=66, current_index=3
[2026-03-13T22:11:23+08:00][info] 消息缓存初始化完成: task_id=66, groups=https://t.me/twogrqoup
[2026-03-13T22:11:23+08:00][info] 任务 66 第 886 次循环，重置群组 https://t.me/twogrqoup 消息状态
[2026-03-13T22:11:23+08:00][info] 使用当前发送用户 3469 的 session_path/www/wwwroot/tdata.tgbota.top/public/uploads/admin/202602/6997fc3070d84/819056965118/tdata/temp_8418493902.session
[2026-03-13T22:11:30+08:00][info] 返回:{"status":true,"message":"发送完成，成功1个，失败0个[]","data":{"success":[{"group_id":3895336513,"group_link":"https:\/\/t.me\/twogrqoup","type":"megagroup","message":"发送成功","message_id":8257}],"failed":[],"debug":["处理标识符: https:\/\/t.me\/twogrqoup, 清理后: https:\/\/t.me\/twogrqoup, 识别为链接: True, 识别为数字ID: False","已是群组成员，群组ID: 3895336513"],"warning":""},"api_address":"185.165.170.142:5062"}
[2026-03-13T22:11:30+08:00][info] 消息ID缓存成功: task_id=66, group_id=https://t.me/twogrqoup, msg_index=3, message_id=8257, send_user_id=3469
[2026-03-13T22:11:30+08:00][info] 消息状态标记为已发送: task_id=66, group_id=https://t.me/twogrqoup, msg_index=3
[2026-03-13T22:11:30+08:00][info] 任务 66 将在 20 秒后继续处理下一条消息，索引: 4, 实例ID: task_66_index_4_1773411090.2843
[2026-03-13T22:11:49+08:00][info] 开始处理队列任务: task_id=69, current_index=1082
[2026-03-13T22:11:49+08:00][info] 使用消息配置中指定的用户 4242 的 session_path/www/wwwroot/tdata.tgbota.top/public/uploads/admin/202603/69b10fe00169d/13643662660/tdata/temp_8134209522.session
[2026-03-13T22:11:50+08:00][info] 开始处理队列任务: task_id=66, current_index=4
[2026-03-13T22:11:50+08:00][info] 消息缓存初始化完成: task_id=66, groups=https://t.me/twogrqoup
[2026-03-13T22:11:50+08:00][info] 任务 66 第 886 次循环，重置群组 https://t.me/twogrqoup 消息状态
[2026-03-13T22:11:50+08:00][info] 使用当前发送用户 3471 的 session_path/www/wwwroot/tdata.tgbota.top/public/uploads/admin/202602/6997fc3070d84/819089723520/tdata/temp_8574369010.session
[2026-03-13T22:11:53+08:00][info] 返回:{"status":true,"message":"发送完成，成功1个，失败0个[]","data":{"success":[{"group_id":5072487869,"group_link":"https:\/\/t.me\/+9ZnJ_gHIFV41NzFh","type":"chat","message":"发送成功","message_id":1079}],"failed":[],"debug":["处理标识符: https:\/\/t.me\/+9ZnJ_gHIFV41NzFh, 清理后: https:\/\/t.me\/+9ZnJ_gHIFV41NzFh, 识别为链接: True, 识别为数字ID: False"],"warning":""},"api_address":"185.165.170.142:5027"}
[2026-03-13T22:11:53+08:00][info] 消息ID缓存成功: task_id=69, group_id=https://t.me/+9ZnJ_gHIFV41NzFh, msg_index=1082, message_id=1079, send_user_id=4242
[2026-03-13T22:11:53+08:00][info] 消息状态标记为已发送: task_id=69, group_id=https://t.me/+9ZnJ_gHIFV41NzFh, msg_index=1082
[2026-03-13T22:11:53+08:00][info] 任务 69 将在 80 秒后继续处理下一条消息，索引: 1083, 实例ID: task_69_index_1083_1773411113.4459
[2026-03-13T22:11:57+08:00][info] 返回:{"status":true,"message":"发送完成，成功1个，失败0个[]","data":{"success":[{"group_id":3895336513,"group_link":"https:\/\/t.me\/twogrqoup","type":"megagroup","message":"发送成功","message_id":8258}],"failed":[],"debug":["处理标识符: https:\/\/t.me\/twogrqoup, 清理后: https:\/\/t.me\/twogrqoup, 识别为链接: True, 识别为数字ID: False","已是群组成员，群组ID: 3895336513"],"warning":""},"api_address":"185.165.170.142:5023"}
[2026-03-13T22:11:57+08:00][info] 消息ID缓存成功: task_id=66, group_id=https://t.me/twogrqoup, msg_index=4, message_id=8258, send_user_id=3471
[2026-03-13T22:11:57+08:00][info] 消息状态标记为已发送: task_id=66, group_id=https://t.me/twogrqoup, msg_index=4
[2026-03-13T22:11:57+08:00][info] 任务 66 将在 26 秒后继续处理下一条消息，索引: 5, 实例ID: task_66_index_5_1773411117.555
[2026-03-13T22:12:23+08:00][info] 开始处理队列任务: task_id=66, current_index=5
[2026-03-13T22:12:23+08:00][info] 消息缓存初始化完成: task_id=66, groups=https://t.me/twogrqoup
[2026-03-13T22:12:23+08:00][info] 任务 66 第 886 次循环，重置群组 https://t.me/twogrqoup 消息状态
[2026-03-13T22:12:23+08:00][info] 使用当前发送用户 3469 的 session_path/www/wwwroot/tdata.tgbota.top/public/uploads/admin/202602/6997fc3070d84/819056965118/tdata/temp_8418493902.session
[2026-03-13T22:12:30+08:00][info] 返回:{"status":true,"message":"发送完成，成功1个，失败0个[]","data":{"success":[{"group_id":3895336513,"group_link":"https:\/\/t.me\/twogrqoup","type":"megagroup","message":"发送成功","message_id":8259}],"failed":[],"debug":["处理标识符: https:\/\/t.me\/twogrqoup, 清理后: https:\/\/t.me\/twogrqoup, 识别为链接: True, 识别为数字ID: False","已是群组成员，群组ID: 3895336513"],"warning":""},"api_address":"185.165.170.142:5062"}
[2026-03-13T22:12:30+08:00][info] 消息ID缓存成功: task_id=66, group_id=https://t.me/twogrqoup, msg_index=5, message_id=8259, send_user_id=3469
[2026-03-13T22:12:30+08:00][info] 消息状态标记为已发送: task_id=66, group_id=https://t.me/twogrqoup, msg_index=5
[2026-03-13T22:12:30+08:00][info] 任务 66 将在 27 秒后继续处理下一条消息，索引: 6, 实例ID: task_66_index_6_1773411150.8929
[2026-03-13T22:12:57+08:00][info] 开始处理队列任务: task_id=66, current_index=6
[2026-03-13T22:12:57+08:00][info] 消息缓存初始化完成: task_id=66, groups=https://t.me/twogrqoup
[2026-03-13T22:12:57+08:00][info] 任务 66 第 886 次循环，重置群组 https://t.me/twogrqoup 消息状态
[2026-03-13T22:12:57+08:00][info] 使用当前发送用户 3471 的 session_path/www/wwwroot/tdata.tgbota.top/public/uploads/admin/202602/6997fc3070d84/819089723520/tdata/temp_8574369010.session
[2026-03-13T22:13:03+08:00][info] 返回:{"status":true,"message":"发送完成，成功1个，失败0个[]","data":{"success":[{"group_id":3895336513,"group_link":"https:\/\/t.me\/twogrqoup","type":"megagroup","message":"发送成功","message_id":8260}],"failed":[],"debug":["处理标识符: https:\/\/t.me\/twogrqoup, 清理后: https:\/\/t.me\/twogrqoup, 识别为链接: True, 识别为数字ID: False","已是群组成员，群组ID: 3895336513"],"warning":""},"api_address":"185.165.170.142:5023"}
[2026-03-13T22:13:03+08:00][info] 消息ID缓存成功: task_id=66, group_id=https://t.me/twogrqoup, msg_index=6, message_id=8260, send_user_id=3471
[2026-03-13T22:13:03+08:00][info] 消息状态标记为已发送: task_id=66, group_id=https://t.me/twogrqoup, msg_index=6
[2026-03-13T22:13:03+08:00][info] 任务 66 将在 13 秒后继续处理下一条消息，索引: 7, 实例ID: task_66_index_7_1773411183.1857
[2026-03-13T22:13:13+08:00][info] 开始处理队列任务: task_id=69, current_index=1083
[2026-03-13T22:13:13+08:00][info] 使用消息配置中指定的用户 4242 的 session_path/www/wwwroot/tdata.tgbota.top/public/uploads/admin/202603/69b10fe00169d/13643662660/tdata/temp_8134209522.session
[2026-03-13T22:13:16+08:00][info] 开始处理队列任务: task_id=66, current_index=7
[2026-03-13T22:13:16+08:00][info] 消息缓存初始化完成: task_id=66, groups=https://t.me/twogrqoup
[2026-03-13T22:13:16+08:00][info] 任务 66 第 886 次循环，重置群组 https://t.me/twogrqoup 消息状态
[2026-03-13T22:13:16+08:00][info] 使用当前发送用户 3471 的 session_path/www/wwwroot/tdata.tgbota.top/public/uploads/admin/202602/6997fc3070d84/819089723520/tdata/temp_8574369010.session
[2026-03-13T22:13:19+08:00][info] 返回:{"status":true,"message":"发送完成，成功1个，失败0个[]","data":{"success":[{"group_id":5072487869,"group_link":"https:\/\/t.me\/+9ZnJ_gHIFV41NzFh","type":"chat","message":"发送成功","message_id":1080}],"failed":[],"debug":["处理标识符: https:\/\/t.me\/+9ZnJ_gHIFV41NzFh, 清理后: https:\/\/t.me\/+9ZnJ_gHIFV41NzFh, 识别为链接: True, 识别为数字ID: False"],"warning":""},"api_address":"185.165.170.142:5027"}
[2026-03-13T22:13:19+08:00][info] 消息ID缓存成功: task_id=69, group_id=https://t.me/+9ZnJ_gHIFV41NzFh, msg_index=1083, message_id=1080, send_user_id=4242
[2026-03-13T22:13:19+08:00][info] 消息状态标记为已发送: task_id=69, group_id=https://t.me/+9ZnJ_gHIFV41NzFh, msg_index=1083
[2026-03-13T22:13:19+08:00][info] 任务 69 将在 90 秒后继续处理下一条消息，索引: 1084, 实例ID: task_69_index_1084_1773411199.7791
[2026-03-13T22:13:23+08:00][info] 返回:{"status":true,"message":"发送完成，成功1个，失败0个[]","data":{"success":[{"group_id":3895336513,"group_link":"https:\/\/t.me\/twogrqoup","type":"megagroup","message":"发送成功","message_id":8261}],"failed":[],"debug":["处理标识符: https:\/\/t.me\/twogrqoup, 清理后: https:\/\/t.me\/twogrqoup, 识别为链接: True, 识别为数字ID: False","已是群组成员，群组ID: 3895336513"],"warning":""},"api_address":"185.165.170.142:5023"}
[2026-03-13T22:13:23+08:00][info] 消息ID缓存成功: task_id=66, group_id=https://t.me/twogrqoup, msg_index=7, message_id=8261, send_user_id=3471
[2026-03-13T22:13:23+08:00][info] 消息状态标记为已发送: task_id=66, group_id=https://t.me/twogrqoup, msg_index=7
[2026-03-13T22:13:23+08:00][info] 任务 66 将在 26 秒后继续处理下一条消息，索引: 8, 实例ID: task_66_index_8_1773411203.9654
[2026-03-13T22:13:49+08:00][info] 开始处理队列任务: task_id=66, current_index=8
[2026-03-13T22:13:49+08:00][info] 消息缓存初始化完成: task_id=66, groups=https://t.me/twogrqoup
[2026-03-13T22:13:49+08:00][info] 任务 66 第 886 次循环，重置群组 https://t.me/twogrqoup 消息状态
[2026-03-13T22:13:49+08:00][info] 使用当前发送用户 3469 的 session_path/www/wwwroot/tdata.tgbota.top/public/uploads/admin/202602/6997fc3070d84/819056965118/tdata/temp_8418493902.session
[2026-03-13T22:13:55+08:00][info] 返回:{"status":true,"message":"发送完成，成功1个，失败0个[]","data":{"success":[{"group_id":3895336513,"group_link":"https:\/\/t.me\/twogrqoup","type":"megagroup","message":"发送成功","message_id":8262}],"failed":[],"debug":["处理标识符: https:\/\/t.me\/twogrqoup, 清理后: https:\/\/t.me\/twogrqoup, 识别为链接: True, 识别为数字ID: False","已是群组成员，群组ID: 3895336513"],"warning":""},"api_address":"185.165.170.142:5062"}
[2026-03-13T22:13:55+08:00][info] 消息ID缓存成功: task_id=66, group_id=https://t.me/twogrqoup, msg_index=8, message_id=8262, send_user_id=3469
[2026-03-13T22:13:55+08:00][info] 消息状态标记为已发送: task_id=66, group_id=https://t.me/twogrqoup, msg_index=8
[2026-03-13T22:13:55+08:00][info] 任务 66 将在 30 秒后继续处理下一条消息，索引: 9, 实例ID: task_66_index_9_1773411235.2306
[2026-03-13T22:14:25+08:00][info] 开始处理队列任务: task_id=66, current_index=9
[2026-03-13T22:14:25+08:00][info] 消息缓存初始化完成: task_id=66, groups=https://t.me/twogrqoup
[2026-03-13T22:14:25+08:00][info] 任务 66 第 886 次循环，重置群组 https://t.me/twogrqoup 消息状态
[2026-03-13T22:14:25+08:00][info] 任务 66 第 886 轮完成，准备进行第 887 轮
[2026-03-13T22:14:25+08:00][info] 任务 66 即将为下一轮重新入队，延迟 5 秒，从索引 0 开始
[2026-03-13T22:14:30+08:00][info] 开始处理队列任务: task_id=66, current_index=0
[2026-03-13T22:14:30+08:00][info] 消息缓存初始化完成: task_id=66, groups=https://t.me/twogrqoup
[2026-03-13T22:14:30+08:00][info] 任务 66 第 887 次循环，重置群组 https://t.me/twogrqoup 消息状态
[2026-03-13T22:14:30+08:00][info] 使用当前发送用户 3469 的 session_path/www/wwwroot/tdata.tgbota.top/public/uploads/admin/202602/6997fc3070d84/819056965118/tdata/temp_8418493902.session
[2026-03-13T22:14:37+08:00][info] 返回:{"status":true,"message":"发送完成，成功1个，失败0个[]","data":{"success":[{"group_id":3895336513,"group_link":"https:\/\/t.me\/twogrqoup","type":"megagroup","message":"发送成功","message_id":8263}],"failed":[],"debug":["处理标识符: https:\/\/t.me\/twogrqoup, 清理后: https:\/\/t.me\/twogrqoup, 识别为链接: True, 识别为数字ID: False","已是群组成员，群组ID: 3895336513"],"warning":""},"api_address":"185.165.170.142:5062"}
[2026-03-13T22:14:37+08:00][info] 消息ID缓存成功: task_id=66, group_id=https://t.me/twogrqoup, msg_index=0, message_id=8263, send_user_id=3469
[2026-03-13T22:14:37+08:00][info] 消息状态标记为已发送: task_id=66, group_id=https://t.me/twogrqoup, msg_index=0
[2026-03-13T22:14:37+08:00][info] 任务 66 将在 15 秒后继续处理下一条消息，索引: 1, 实例ID: task_66_index_1_1773411277.1662
[2026-03-13T22:14:49+08:00][info] 开始处理队列任务: task_id=69, current_index=1084
[2026-03-13T22:14:49+08:00][info] 从数据库获取用户 4243 的 session_path
[2026-03-13T22:14:52+08:00][info] 开始处理队列任务: task_id=66, current_index=1
[2026-03-13T22:14:52+08:00][info] 消息缓存初始化完成: task_id=66, groups=https://t.me/twogrqoup
[2026-03-13T22:14:52+08:00][info] 任务 66 第 887 次循环，重置群组 https://t.me/twogrqoup 消息状态
[2026-03-13T22:14:52+08:00][info] 使用当前发送用户 3472 的 session_path/www/wwwroot/tdata.tgbota.top/public/uploads/admin/202602/6997fc3070d84/819050054287/tdata/temp_8308580822.session
[2026-03-13T22:14:55+08:00][info] 返回:{"status":true,"message":"发送完成，成功1个，失败0个[]","data":{"success":[{"group_id":5072487869,"group_link":"https:\/\/t.me\/+9ZnJ_gHIFV41NzFh","type":"chat","message":"发送成功","message_id":1083}],"failed":[],"debug":["处理标识符: https:\/\/t.me\/+9ZnJ_gHIFV41NzFh, 清理后: https:\/\/t.me\/+9ZnJ_gHIFV41NzFh, 识别为链接: True, 识别为数字ID: False"],"warning":""},"api_address":"185.165.170.142:5028"}
[2026-03-13T22:14:55+08:00][info] 消息ID缓存成功: task_id=69, group_id=https://t.me/+9ZnJ_gHIFV41NzFh, msg_index=1084, message_id=1083, send_user_id=4243
[2026-03-13T22:14:55+08:00][info] 消息状态标记为已发送: task_id=69, group_id=https://t.me/+9ZnJ_gHIFV41NzFh, msg_index=1084
[2026-03-13T22:14:55+08:00][info] 任务 69 将在 80 秒后继续处理下一条消息，索引: 1085, 实例ID: task_69_index_1085_1773411295.3736
[2026-03-13T22:14:57+08:00][info] 返回:{"status":true,"message":"发送完成，成功1个，失败0个[]","data":{"success":[{"group_id":3895336513,"group_link":"https:\/\/t.me\/twogrqoup","type":"megagroup","message":"发送成功","message_id":8264}],"failed":[],"debug":["处理标识符: https:\/\/t.me\/twogrqoup, 清理后: https:\/\/t.me\/twogrqoup, 识别为链接: True, 识别为数字ID: False","已是群组成员，群组ID: 3895336513"],"warning":""},"api_address":"185.165.170.142:5042"}
[2026-03-13T22:14:57+08:00][info] 消息ID缓存成功: task_id=66, group_id=https://t.me/twogrqoup, msg_index=1, message_id=8264, send_user_id=3472
[2026-03-13T22:14:57+08:00][info] 消息状态标记为已发送: task_id=66, group_id=https://t.me/twogrqoup, msg_index=1
[2026-03-13T22:14:57+08:00][info] 任务 66 将在 30 秒后继续处理下一条消息，索引: 2, 实例ID: task_66_index_2_1773411297.1196
[2026-03-13T22:15:27+08:00][info] 开始处理队列任务: task_id=66, current_index=2
[2026-03-13T22:15:27+08:00][info] 消息缓存初始化完成: task_id=66, groups=https://t.me/twogrqoup
[2026-03-13T22:15:27+08:00][info] 任务 66 第 887 次循环，重置群组 https://t.me/twogrqoup 消息状态
[2026-03-13T22:15:27+08:00][info] 使用当前发送用户 3473 的 session_path/www/wwwroot/tdata.tgbota.top/public/uploads/admin/202602/6997fc3070d84/819054626431/tdata/temp_8503359249.session
[2026-03-13T22:15:32+08:00][info] 返回:{"status":true,"message":"发送完成，成功1个，失败0个[]","data":{"success":[{"group_id":3895336513,"group_link":"https:\/\/t.me\/twogrqoup","type":"megagroup","message":"发送成功","message_id":8265}],"failed":[],"debug":["处理标识符: https:\/\/t.me\/twogrqoup, 清理后: https:\/\/t.me\/twogrqoup, 识别为链接: True, 识别为数字ID: False","已是群组成员，群组ID: 3895336513"],"warning":""},"api_address":"185.165.170.142:5043"}
[2026-03-13T22:15:32+08:00][info] 消息ID缓存成功: task_id=66, group_id=https://t.me/twogrqoup, msg_index=2, message_id=8265, send_user_id=3473
[2026-03-13T22:15:32+08:00][info] 消息状态标记为已发送: task_id=66, group_id=https://t.me/twogrqoup, msg_index=2
[2026-03-13T22:15:32+08:00][info] 任务 66 将在 45 秒后继续处理下一条消息，索引: 3, 实例ID: task_66_index_3_1773411332.9833
[2026-03-13T22:16:15+08:00][info] 开始处理队列任务: task_id=69, current_index=1085
[2026-03-13T22:16:15+08:00][info] 从数据库获取用户 4241 的 session_path
[2026-03-13T22:16:18+08:00][info] 开始处理队列任务: task_id=66, current_index=3
[2026-03-13T22:16:18+08:00][info] 消息缓存初始化完成: task_id=66, groups=https://t.me/twogrqoup
[2026-03-13T22:16:18+08:00][info] 任务 66 第 887 次循环，重置群组 https://t.me/twogrqoup 消息状态
[2026-03-13T22:16:18+08:00][info] 使用当前发送用户 3469 的 session_path/www/wwwroot/tdata.tgbota.top/public/uploads/admin/202602/6997fc3070d84/819056965118/tdata/temp_8418493902.session
[2026-03-13T22:16:22+08:00][info] 返回:{"status":true,"message":"发送完成，成功1个，失败0个[]","data":{"success":[{"group_id":5072487869,"group_link":"https:\/\/t.me\/+9ZnJ_gHIFV41NzFh","type":"chat","message":"发送成功","message_id":1080}],"failed":[],"debug":["处理标识符: https:\/\/t.me\/+9ZnJ_gHIFV41NzFh, 清理后: https:\/\/t.me\/+9ZnJ_gHIFV41NzFh, 识别为链接: True, 识别为数字ID: False"],"warning":""},"api_address":"185.165.170.142:5026"}
[2026-03-13T22:16:22+08:00][info] 消息ID缓存成功: task_id=69, group_id=https://t.me/+9ZnJ_gHIFV41NzFh, msg_index=1085, message_id=1080, send_user_id=4241
[2026-03-13T22:16:22+08:00][info] 消息状态标记为已发送: task_id=69, group_id=https://t.me/+9ZnJ_gHIFV41NzFh, msg_index=1085
[2026-03-13T22:16:22+08:00][info] 任务 69 将在 100 秒后继续处理下一条消息，索引: 1086, 实例ID: task_69_index_1086_1773411382.0328
[2026-03-13T22:16:22+08:00][info] 返回:{"status":true,"message":"发送完成，成功1个，失败0个[]","data":{"success":[{"group_id":3895336513,"group_link":"https:\/\/t.me\/twogrqoup","type":"megagroup","message":"发送成功","message_id":8266}],"failed":[],"debug":["处理标识符: https:\/\/t.me\/twogrqoup, 清理后: https:\/\/t.me\/twogrqoup, 识别为链接: True, 识别为数字ID: False","已是群组成员，群组ID: 3895336513"],"warning":""},"api_address":"185.165.170.142:5062"}
[2026-03-13T22:16:22+08:00][info] 消息ID缓存成功: task_id=66, group_id=https://t.me/twogrqoup, msg_index=3, message_id=8266, send_user_id=3469
[2026-03-13T22:16:22+08:00][info] 消息状态标记为已发送: task_id=66, group_id=https://t.me/twogrqoup, msg_index=3
[2026-03-13T22:16:23+08:00][info] 任务 66 将在 20 秒后继续处理下一条消息，索引: 4, 实例ID: task_66_index_4_1773411383.0156
[2026-03-13T22:16:43+08:00][info] 开始处理队列任务: task_id=66, current_index=4
[2026-03-13T22:16:43+08:00][info] 消息缓存初始化完成: task_id=66, groups=https://t.me/twogrqoup
[2026-03-13T22:16:43+08:00][info] 任务 66 第 887 次循环，重置群组 https://t.me/twogrqoup 消息状态
[2026-03-13T22:16:43+08:00][info] 使用当前发送用户 3471 的 session_path/www/wwwroot/tdata.tgbota.top/public/uploads/admin/202602/6997fc3070d84/819089723520/tdata/temp_8574369010.session
[2026-03-13T22:16:49+08:00][info] 返回:{"status":true,"message":"发送完成，成功1个，失败0个[]","data":{"success":[{"group_id":3895336513,"group_link":"https:\/\/t.me\/twogrqoup","type":"megagroup","message":"发送成功","message_id":8267}],"failed":[],"debug":["处理标识符: https:\/\/t.me\/twogrqoup, 清理后: https:\/\/t.me\/twogrqoup, 识别为链接: True, 识别为数字ID: False","已是群组成员，群组ID: 3895336513"],"warning":""},"api_address":"185.165.170.142:5023"}
[2026-03-13T22:16:49+08:00][info] 消息ID缓存成功: task_id=66, group_id=https://t.me/twogrqoup, msg_index=4, message_id=8267, send_user_id=3471
[2026-03-13T22:16:49+08:00][info] 消息状态标记为已发送: task_id=66, group_id=https://t.me/twogrqoup, msg_index=4
[2026-03-13T22:16:49+08:00][info] 任务 66 将在 26 秒后继续处理下一条消息，索引: 5, 实例ID: task_66_index_5_1773411409.6147
[2026-03-13T22:17:15+08:00][info] 开始处理队列任务: task_id=66, current_index=5
[2026-03-13T22:17:15+08:00][info] 消息缓存初始化完成: task_id=66, groups=https://t.me/twogrqoup
[2026-03-13T22:17:15+08:00][info] 任务 66 第 887 次循环，重置群组 https://t.me/twogrqoup 消息状态
[2026-03-13T22:17:15+08:00][info] 使用当前发送用户 3469 的 session_path/www/wwwroot/tdata.tgbota.top/public/uploads/admin/202602/6997fc3070d84/819056965118/tdata/temp_8418493902.session
[2026-03-13T22:17:22+08:00][info] 返回:{"status":true,"message":"发送完成，成功1个，失败0个[]","data":{"success":[{"group_id":3895336513,"group_link":"https:\/\/t.me\/twogrqoup","type":"megagroup","message":"发送成功","message_id":8268}],"failed":[],"debug":["处理标识符: https:\/\/t.me\/twogrqoup, 清理后: https:\/\/t.me\/twogrqoup, 识别为链接: True, 识别为数字ID: False","已是群组成员，群组ID: 3895336513"],"warning":""},"api_address":"185.165.170.142:5062"}
[2026-03-13T22:17:22+08:00][info] 消息ID缓存成功: task_id=66, group_id=https://t.me/twogrqoup, msg_index=5, message_id=8268, send_user_id=3469
[2026-03-13T22:17:22+08:00][info] 消息状态标记为已发送: task_id=66, group_id=https://t.me/twogrqoup, msg_index=5
[2026-03-13T22:17:22+08:00][info] 任务 66 将在 27 秒后继续处理下一条消息，索引: 6, 实例ID: task_66_index_6_1773411442.5459
[2026-03-13T22:17:49+08:00][info] 开始处理队列任务: task_id=66, current_index=6
[2026-03-13T22:17:49+08:00][info] 消息缓存初始化完成: task_id=66, groups=https://t.me/twogrqoup
[2026-03-13T22:17:49+08:00][info] 任务 66 第 887 次循环，重置群组 https://t.me/twogrqoup 消息状态
[2026-03-13T22:17:49+08:00][info] 使用当前发送用户 3471 的 session_path/www/wwwroot/tdata.tgbota.top/public/uploads/admin/202602/6997fc3070d84/819089723520/tdata/temp_8574369010.session
[2026-03-13T22:17:55+08:00][info] 返回:{"status":true,"message":"发送完成，成功1个，失败0个[]","data":{"success":[{"group_id":3895336513,"group_link":"https:\/\/t.me\/twogrqoup","type":"megagroup","message":"发送成功","message_id":8269}],"failed":[],"debug":["处理标识符: https:\/\/t.me\/twogrqoup, 清理后: https:\/\/t.me\/twogrqoup, 识别为链接: True, 识别为数字ID: False","已是群组成员，群组ID: 3895336513"],"warning":""},"api_address":"185.165.170.142:5023"}
[2026-03-13T22:17:55+08:00][info] 消息ID缓存成功: task_id=66, group_id=https://t.me/twogrqoup, msg_index=6, message_id=8269, send_user_id=3471
[2026-03-13T22:17:55+08:00][info] 消息状态标记为已发送: task_id=66, group_id=https://t.me/twogrqoup, msg_index=6
[2026-03-13T22:17:56+08:00][info] 任务 66 将在 13 秒后继续处理下一条消息，索引: 7, 实例ID: task_66_index_7_1773411476.0097
[2026-03-13T22:18:02+08:00][info] 开始处理队列任务: task_id=69, current_index=1086
[2026-03-13T22:18:02+08:00][info] 使用消息配置中指定的用户 4240 的 session_path/www/wwwroot/tdata.tgbota.top/public/uploads/admin/202603/69b10fe00169d/13618639920/tdata/temp_8531252785.session
[2026-03-13T22:18:09+08:00][info] 开始处理队列任务: task_id=66, current_index=7
[2026-03-13T22:18:09+08:00][info] 消息缓存初始化完成: task_id=66, groups=https://t.me/twogrqoup
[2026-03-13T22:18:09+08:00][info] 任务 66 第 887 次循环，重置群组 https://t.me/twogrqoup 消息状态
[2026-03-13T22:18:09+08:00][info] 使用当前发送用户 3471 的 session_path/www/wwwroot/tdata.tgbota.top/public/uploads/admin/202602/6997fc3070d84/819089723520/tdata/temp_8574369010.session
[2026-03-13T22:18:15+08:00][info] 返回:{"status":true,"message":"发送完成，成功1个，失败0个[]","data":{"success":[{"group_id":5072487869,"group_link":"https:\/\/t.me\/+9ZnJ_gHIFV41NzFh","type":"chat","message":"发送成功","message_id":1079}],"failed":[],"debug":["处理标识符: https:\/\/t.me\/+9ZnJ_gHIFV41NzFh, 清理后: https:\/\/t.me\/+9ZnJ_gHIFV41NzFh, 识别为链接: True, 识别为数字ID: False"],"warning":""},"api_address":"185.165.170.142:5025"}
[2026-03-13T22:18:15+08:00][info] 消息ID缓存成功: task_id=69, group_id=https://t.me/+9ZnJ_gHIFV41NzFh, msg_index=1086, message_id=1079, send_user_id=4240
[2026-03-13T22:18:15+08:00][info] 消息状态标记为已发送: task_id=69, group_id=https://t.me/+9ZnJ_gHIFV41NzFh, msg_index=1086
[2026-03-13T22:18:15+08:00][info] 任务 69 将在 87 秒后继续处理下一条消息，索引: 1087, 实例ID: task_69_index_1087_1773411495.9909
[2026-03-13T22:18:16+08:00][info] 返回:{"status":true,"message":"发送完成，成功1个，失败0个[]","data":{"success":[{"group_id":3895336513,"group_link":"https:\/\/t.me\/twogrqoup","type":"megagroup","message":"发送成功","message_id":8270}],"failed":[],"debug":["处理标识符: https:\/\/t.me\/twogrqoup, 清理后: https:\/\/t.me\/twogrqoup, 识别为链接: True, 识别为数字ID: False","已是群组成员，群组ID: 3895336513"],"warning":""},"api_address":"185.165.170.142:5023"}
[2026-03-13T22:18:16+08:00][info] 消息ID缓存成功: task_id=66, group_id=https://t.me/twogrqoup, msg_index=7, message_id=8270, send_user_id=3471
[2026-03-13T22:18:16+08:00][info] 消息状态标记为已发送: task_id=66, group_id=https://t.me/twogrqoup, msg_index=7
[2026-03-13T22:18:16+08:00][info] 任务 66 将在 26 秒后继续处理下一条消息，索引: 8, 实例ID: task_66_index_8_1773411496.9219
[2026-03-13T22:18:42+08:00][info] 开始处理队列任务: task_id=66, current_index=8
[2026-03-13T22:18:42+08:00][info] 消息缓存初始化完成: task_id=66, groups=https://t.me/twogrqoup
[2026-03-13T22:18:42+08:00][info] 任务 66 第 887 次循环，重置群组 https://t.me/twogrqoup 消息状态
[2026-03-13T22:18:42+08:00][info] 使用当前发送用户 3469 的 session_path/www/wwwroot/tdata.tgbota.top/public/uploads/admin/202602/6997fc3070d84/819056965118/tdata/temp_8418493902.session
[2026-03-13T22:18:47+08:00][info] 返回:{"status":true,"message":"发送完成，成功1个，失败0个[]","data":{"success":[{"group_id":3895336513,"group_link":"https:\/\/t.me\/twogrqoup","type":"megagroup","message":"发送成功","message_id":8271}],"failed":[],"debug":["处理标识符: https:\/\/t.me\/twogrqoup, 清理后: https:\/\/t.me\/twogrqoup, 识别为链接: True, 识别为数字ID: False","已是群组成员，群组ID: 3895336513"],"warning":""},"api_address":"185.165.170.142:5062"}
[2026-03-13T22:18:47+08:00][info] 消息ID缓存成功: task_id=66, group_id=https://t.me/twogrqoup, msg_index=8, message_id=8271, send_user_id=3469
[2026-03-13T22:18:47+08:00][info] 消息状态标记为已发送: task_id=66, group_id=https://t.me/twogrqoup, msg_index=8
[2026-03-13T22:18:47+08:00][info] 任务 66 将在 30 秒后继续处理下一条消息，索引: 9, 实例ID: task_66_index_9_1773411527.7903
[2026-03-13T22:19:17+08:00][info] 开始处理队列任务: task_id=66, current_index=9
[2026-03-13T22:19:17+08:00][info] 消息缓存初始化完成: task_id=66, groups=https://t.me/twogrqoup
[2026-03-13T22:19:17+08:00][info] 任务 66 第 887 次循环，重置群组 https://t.me/twogrqoup 消息状态
[2026-03-13T22:19:17+08:00][info] 任务 66 第 887 轮完成，准备进行第 888 轮
[2026-03-13T22:19:17+08:00][info] 任务 66 即将为下一轮重新入队，延迟 5 秒，从索引 0 开始
[2026-03-13T22:19:22+08:00][info] 开始处理队列任务: task_id=66, current_index=0
[2026-03-13T22:19:22+08:00][info] 消息缓存初始化完成: task_id=66, groups=https://t.me/twogrqoup
[2026-03-13T22:19:22+08:00][info] 任务 66 第 888 次循环，重置群组 https://t.me/twogrqoup 消息状态
[2026-03-13T22:19:22+08:00][info] 使用当前发送用户 3469 的 session_path/www/wwwroot/tdata.tgbota.top/public/uploads/admin/202602/6997fc3070d84/819056965118/tdata/temp_8418493902.session
[2026-03-13T22:19:28+08:00][info] 返回:{"status":true,"message":"发送完成，成功1个，失败0个[]","data":{"success":[{"group_id":3895336513,"group_link":"https:\/\/t.me\/twogrqoup","type":"megagroup","message":"发送成功","message_id":8272}],"failed":[],"debug":["处理标识符: https:\/\/t.me\/twogrqoup, 清理后: https:\/\/t.me\/twogrqoup, 识别为链接: True, 识别为数字ID: False","已是群组成员，群组ID: 3895336513"],"warning":""},"api_address":"185.165.170.142:5062"}
[2026-03-13T22:19:28+08:00][info] 消息ID缓存成功: task_id=66, group_id=https://t.me/twogrqoup, msg_index=0, message_id=8272, send_user_id=3469
[2026-03-13T22:19:28+08:00][info] 消息状态标记为已发送: task_id=66, group_id=https://t.me/twogrqoup, msg_index=0
[2026-03-13T22:19:28+08:00][info] 任务 66 将在 15 秒后继续处理下一条消息，索引: 1, 实例ID: task_66_index_1_1773411568.0915
[2026-03-13T22:19:43+08:00][info] 开始处理队列任务: task_id=69, current_index=1087
[2026-03-13T22:19:43+08:00][info] 使用消息配置中指定的用户 4240 的 session_path/www/wwwroot/tdata.tgbota.top/public/uploads/admin/202603/69b10fe00169d/13618639920/tdata/temp_8531252785.session
[2026-03-13T22:19:43+08:00][info] 开始处理队列任务: task_id=66, current_index=1
[2026-03-13T22:19:43+08:00][info] 消息缓存初始化完成: task_id=66, groups=https://t.me/twogrqoup
[2026-03-13T22:19:43+08:00][info] 任务 66 第 888 次循环，重置群组 https://t.me/twogrqoup 消息状态
[2026-03-13T22:19:43+08:00][info] 使用当前发送用户 3472 的 session_path/www/wwwroot/tdata.tgbota.top/public/uploads/admin/202602/6997fc3070d84/819050054287/tdata/temp_8308580822.session
[2026-03-13T22:19:47+08:00][info] 返回:{"status":true,"message":"发送完成，成功1个，失败0个[]","data":{"success":[{"group_id":5072487869,"group_link":"https:\/\/t.me\/+9ZnJ_gHIFV41NzFh","type":"chat","message":"发送成功","message_id":1080}],"failed":[],"debug":["处理标识符: https:\/\/t.me\/+9ZnJ_gHIFV41NzFh, 清理后: https:\/\/t.me\/+9ZnJ_gHIFV41NzFh, 识别为链接: True, 识别为数字ID: False"],"warning":""},"api_address":"185.165.170.142:5025"}
[2026-03-13T22:19:47+08:00][info] 消息ID缓存成功: task_id=69, group_id=https://t.me/+9ZnJ_gHIFV41NzFh, msg_index=1087, message_id=1080, send_user_id=4240
[2026-03-13T22:19:47+08:00][info] 消息状态标记为已发送: task_id=69, group_id=https://t.me/+9ZnJ_gHIFV41NzFh, msg_index=1087
[2026-03-13T22:19:47+08:00][info] 任务 69 将在 90 秒后继续处理下一条消息，索引: 1088, 实例ID: task_69_index_1088_1773411587.9446
[2026-03-13T22:19:50+08:00][info] 返回:{"status":true,"message":"发送完成，成功1个，失败0个[]","data":{"success":[{"group_id":3895336513,"group_link":"https:\/\/t.me\/twogrqoup","type":"megagroup","message":"发送成功","message_id":8273}],"failed":[],"debug":["处理标识符: https:\/\/t.me\/twogrqoup, 清理后: https:\/\/t.me\/twogrqoup, 识别为链接: True, 识别为数字ID: False","已是群组成员，群组ID: 3895336513"],"warning":""},"api_address":"185.165.170.142:5042"}
[2026-03-13T22:19:50+08:00][info] 消息ID缓存成功: task_id=66, group_id=https://t.me/twogrqoup, msg_index=1, message_id=8273, send_user_id=3472
[2026-03-13T22:19:50+08:00][info] 消息状态标记为已发送: task_id=66, group_id=https://t.me/twogrqoup, msg_index=1
[2026-03-13T22:19:50+08:00][info] 任务 66 将在 30 秒后继续处理下一条消息，索引: 2, 实例ID: task_66_index_2_1773411590.6172
[2026-03-13T22:20:20+08:00][info] 开始处理队列任务: task_id=66, current_index=2
[2026-03-13T22:20:20+08:00][info] 消息缓存初始化完成: task_id=66, groups=https://t.me/twogrqoup
[2026-03-13T22:20:20+08:00][info] 任务 66 第 888 次循环，重置群组 https://t.me/twogrqoup 消息状态
[2026-03-13T22:20:20+08:00][info] 使用当前发送用户 3473 的 session_path/www/wwwroot/tdata.tgbota.top/public/uploads/admin/202602/6997fc3070d84/819054626431/tdata/temp_8503359249.session
[2026-03-13T22:20:25+08:00][info] 返回:{"status":true,"message":"发送完成，成功1个，失败0个[]","data":{"success":[{"group_id":3895336513,"group_link":"https:\/\/t.me\/twogrqoup","type":"megagroup","message":"发送成功","message_id":8274}],"failed":[],"debug":["处理标识符: https:\/\/t.me\/twogrqoup, 清理后: https:\/\/t.me\/twogrqoup, 识别为链接: True, 识别为数字ID: False","已是群组成员，群组ID: 3895336513"],"warning":""},"api_address":"185.165.170.142:5043"}
[2026-03-13T22:20:25+08:00][info] 消息ID缓存成功: task_id=66, group_id=https://t.me/twogrqoup, msg_index=2, message_id=8274, send_user_id=3473
[2026-03-13T22:20:25+08:00][info] 消息状态标记为已发送: task_id=66, group_id=https://t.me/twogrqoup, msg_index=2
[2026-03-13T22:20:25+08:00][info] 任务 66 将在 45 秒后继续处理下一条消息，索引: 3, 实例ID: task_66_index_3_1773411625.6306
[2026-03-13T22:21:10+08:00][info] 开始处理队列任务: task_id=66, current_index=3
[2026-03-13T22:21:10+08:00][info] 消息缓存初始化完成: task_id=66, groups=https://t.me/twogrqoup
[2026-03-13T22:21:10+08:00][info] 任务 66 第 888 次循环，重置群组 https://t.me/twogrqoup 消息状态
[2026-03-13T22:21:10+08:00][info] 使用当前发送用户 3469 的 session_path/www/wwwroot/tdata.tgbota.top/public/uploads/admin/202602/6997fc3070d84/819056965118/tdata/temp_8418493902.session
[2026-03-13T22:21:17+08:00][info] 开始处理队列任务: task_id=69, current_index=1088
[2026-03-13T22:21:17+08:00][info] 使用当前发送用户 4239 的 session_path/www/wwwroot/tdata.tgbota.top/public/uploads/admin/202603/69b10fe00169d/13376377324/tdata/temp_8582856958.session
[2026-03-13T22:21:18+08:00][info] 返回:{"status":true,"message":"发送完成，成功1个，失败0个[]","data":{"success":[{"group_id":3895336513,"group_link":"https:\/\/t.me\/twogrqoup","type":"megagroup","message":"发送成功","message_id":8275}],"failed":[],"debug":["处理标识符: https:\/\/t.me\/twogrqoup, 清理后: https:\/\/t.me\/twogrqoup, 识别为链接: True, 识别为数字ID: False","已是群组成员，群组ID: 3895336513"],"warning":""},"api_address":"185.165.170.142:5062"}
[2026-03-13T22:21:18+08:00][info] 消息ID缓存成功: task_id=66, group_id=https://t.me/twogrqoup, msg_index=3, message_id=8275, send_user_id=3469
[2026-03-13T22:21:18+08:00][info] 消息状态标记为已发送: task_id=66, group_id=https://t.me/twogrqoup, msg_index=3
[2026-03-13T22:21:18+08:00][info] 任务 66 将在 20 秒后继续处理下一条消息，索引: 4, 实例ID: task_66_index_4_1773411678.3311
[2026-03-13T22:21:23+08:00][info] 返回:{"status":true,"message":"发送完成，成功1个，失败0个[]","data":{"success":[{"group_id":5072487869,"group_link":"https:\/\/t.me\/+9ZnJ_gHIFV41NzFh","type":"chat","message":"发送成功","message_id":1078}],"failed":[],"debug":["处理标识符: https:\/\/t.me\/+9ZnJ_gHIFV41NzFh, 清理后: https:\/\/t.me\/+9ZnJ_gHIFV41NzFh, 识别为链接: True, 识别为数字ID: False"],"warning":""},"api_address":"185.165.170.142:5024"}
[2026-03-13T22:21:23+08:00][info] 消息ID缓存成功: task_id=69, group_id=https://t.me/+9ZnJ_gHIFV41NzFh, msg_index=1088, message_id=1078, send_user_id=4239
[2026-03-13T22:21:23+08:00][info] 消息状态标记为已发送: task_id=69, group_id=https://t.me/+9ZnJ_gHIFV41NzFh, msg_index=1088
[2026-03-13T22:21:23+08:00][info] 任务 69 将在 110 秒后继续处理下一条消息，索引: 1089, 实例ID: task_69_index_1089_1773411683.6969
[2026-03-13T22:21:38+08:00][info] 开始处理队列任务: task_id=66, current_index=4
[2026-03-13T22:21:38+08:00][info] 消息缓存初始化完成: task_id=66, groups=https://t.me/twogrqoup
[2026-03-13T22:21:38+08:00][info] 任务 66 第 888 次循环，重置群组 https://t.me/twogrqoup 消息状态
[2026-03-13T22:21:38+08:00][info] 使用当前发送用户 3471 的 session_path/www/wwwroot/tdata.tgbota.top/public/uploads/admin/202602/6997fc3070d84/819089723520/tdata/temp_8574369010.session
[2026-03-13T22:21:44+08:00][info] 返回:{"status":true,"message":"发送完成，成功1个，失败0个[]","data":{"success":[{"group_id":3895336513,"group_link":"https:\/\/t.me\/twogrqoup","type":"megagroup","message":"发送成功","message_id":8276}],"failed":[],"debug":["处理标识符: https:\/\/t.me\/twogrqoup, 清理后: https:\/\/t.me\/twogrqoup, 识别为链接: True, 识别为数字ID: False","已是群组成员，群组ID: 3895336513"],"warning":""},"api_address":"185.165.170.142:5023"}
[2026-03-13T22:21:44+08:00][info] 消息ID缓存成功: task_id=66, group_id=https://t.me/twogrqoup, msg_index=4, message_id=8276, send_user_id=3471
[2026-03-13T22:21:44+08:00][info] 消息状态标记为已发送: task_id=66, group_id=https://t.me/twogrqoup, msg_index=4
[2026-03-13T22:21:44+08:00][info] 任务 66 将在 26 秒后继续处理下一条消息，索引: 5, 实例ID: task_66_index_5_1773411704.8476
[2026-03-13T22:22:10+08:00][info] 开始处理队列任务: task_id=66, current_index=5
[2026-03-13T22:22:10+08:00][info] 消息缓存初始化完成: task_id=66, groups=https://t.me/twogrqoup
[2026-03-13T22:22:10+08:00][info] 任务 66 第 888 次循环，重置群组 https://t.me/twogrqoup 消息状态
[2026-03-13T22:22:10+08:00][info] 使用当前发送用户 3469 的 session_path/www/wwwroot/tdata.tgbota.top/public/uploads/admin/202602/6997fc3070d84/819056965118/tdata/temp_8418493902.session
[2026-03-13T22:22:18+08:00][info] 返回:{"status":true,"message":"发送完成，成功1个，失败0个[]","data":{"success":[{"group_id":3895336513,"group_link":"https:\/\/t.me\/twogrqoup","type":"megagroup","message":"发送成功","message_id":8277}],"failed":[],"debug":["处理标识符: https:\/\/t.me\/twogrqoup, 清理后: https:\/\/t.me\/twogrqoup, 识别为链接: True, 识别为数字ID: False","已是群组成员，群组ID: 3895336513"],"warning":""},"api_address":"185.165.170.142:5062"}
[2026-03-13T22:22:18+08:00][info] 消息ID缓存成功: task_id=66, group_id=https://t.me/twogrqoup, msg_index=5, message_id=8277, send_user_id=3469
[2026-03-13T22:22:18+08:00][info] 消息状态标记为已发送: task_id=66, group_id=https://t.me/twogrqoup, msg_index=5
[2026-03-13T22:22:18+08:00][info] 任务 66 将在 27 秒后继续处理下一条消息，索引: 6, 实例ID: task_66_index_6_1773411738.3148
[2026-03-13T22:22:45+08:00][info] 开始处理队列任务: task_id=66, current_index=6
[2026-03-13T22:22:45+08:00][info] 消息缓存初始化完成: task_id=66, groups=https://t.me/twogrqoup
[2026-03-13T22:22:45+08:00][info] 任务 66 第 888 次循环，重置群组 https://t.me/twogrqoup 消息状态
[2026-03-13T22:22:45+08:00][info] 使用当前发送用户 3471 的 session_path/www/wwwroot/tdata.tgbota.top/public/uploads/admin/202602/6997fc3070d84/819089723520/tdata/temp_8574369010.session
[2026-03-13T22:22:51+08:00][info] 返回:{"status":true,"message":"发送完成，成功1个，失败0个[]","data":{"success":[{"group_id":3895336513,"group_link":"https:\/\/t.me\/twogrqoup","type":"megagroup","message":"发送成功","message_id":8278}],"failed":[],"debug":["处理标识符: https:\/\/t.me\/twogrqoup, 清理后: https:\/\/t.me\/twogrqoup, 识别为链接: True, 识别为数字ID: False","已是群组成员，群组ID: 3895336513"],"warning":""},"api_address":"185.165.170.142:5023"}
[2026-03-13T22:22:51+08:00][info] 消息ID缓存成功: task_id=66, group_id=https://t.me/twogrqoup, msg_index=6, message_id=8278, send_user_id=3471
[2026-03-13T22:22:51+08:00][info] 消息状态标记为已发送: task_id=66, group_id=https://t.me/twogrqoup, msg_index=6
[2026-03-13T22:22:51+08:00][info] 任务 66 将在 13 秒后继续处理下一条消息，索引: 7, 实例ID: task_66_index_7_1773411771.0387
[2026-03-13T22:23:04+08:00][info] 开始处理队列任务: task_id=66, current_index=7
[2026-03-13T22:23:04+08:00][info] 消息缓存初始化完成: task_id=66, groups=https://t.me/twogrqoup
[2026-03-13T22:23:04+08:00][info] 任务 66 第 888 次循环，重置群组 https://t.me/twogrqoup 消息状态
[2026-03-13T22:23:04+08:00][info] 使用当前发送用户 3471 的 session_path/www/wwwroot/tdata.tgbota.top/public/uploads/admin/202602/6997fc3070d84/819089723520/tdata/temp_8574369010.session
[2026-03-13T22:23:12+08:00][info] 返回:{"status":true,"message":"发送完成，成功1个，失败0个[]","data":{"success":[{"group_id":3895336513,"group_link":"https:\/\/t.me\/twogrqoup","type":"megagroup","message":"发送成功","message_id":8279}],"failed":[],"debug":["处理标识符: https:\/\/t.me\/twogrqoup, 清理后: https:\/\/t.me\/twogrqoup, 识别为链接: True, 识别为数字ID: False","已是群组成员，群组ID: 3895336513"],"warning":""},"api_address":"185.165.170.142:5023"}
[2026-03-13T22:23:12+08:00][info] 消息ID缓存成功: task_id=66, group_id=https://t.me/twogrqoup, msg_index=7, message_id=8279, send_user_id=3471
[2026-03-13T22:23:12+08:00][info] 消息状态标记为已发送: task_id=66, group_id=https://t.me/twogrqoup, msg_index=7
[2026-03-13T22:23:12+08:00][info] 任务 66 将在 26 秒后继续处理下一条消息，索引: 8, 实例ID: task_66_index_8_1773411792.7211
[2026-03-13T22:23:13+08:00][info] 开始处理队列任务: task_id=69, current_index=1089
[2026-03-13T22:23:13+08:00][info] 使用feedbackType=1088的消息ID: 1080
[2026-03-13T22:23:13+08:00][info] 使用当前发送用户 4238 的 session_path/www/wwwroot/tdata.tgbota.top/public/uploads/admin/202603/69b10fe00169d/13513524987/tdata/temp_8437054734.session
[2026-03-13T22:23:19+08:00][info] 返回:{"status":true,"message":"发送完成，成功1个，失败0个[]","data":{"success":[{"group_id":5072487869,"group_link":"https:\/\/t.me\/+9ZnJ_gHIFV41NzFh","type":"chat","message":"发送成功","message_id":1077}],"failed":[],"debug":["处理标识符: https:\/\/t.me\/+9ZnJ_gHIFV41NzFh, 清理后: https:\/\/t.me\/+9ZnJ_gHIFV41NzFh, 识别为链接: True, 识别为数字ID: False"],"warning":""},"api_address":"185.165.170.142:5023"}
[2026-03-13T22:23:19+08:00][info] 消息ID缓存成功: task_id=69, group_id=https://t.me/+9ZnJ_gHIFV41NzFh, msg_index=1089, message_id=1077, send_user_id=4238
[2026-03-13T22:23:19+08:00][info] 消息状态标记为已发送: task_id=69, group_id=https://t.me/+9ZnJ_gHIFV41NzFh, msg_index=1089
[2026-03-13T22:23:19+08:00][info] 任务 69 将在 70 秒后继续处理下一条消息，索引: 1090, 实例ID: task_69_index_1090_1773411799.5914
[2026-03-13T22:23:38+08:00][info] 开始处理队列任务: task_id=66, current_index=8
[2026-03-13T22:23:38+08:00][info] 消息缓存初始化完成: task_id=66, groups=https://t.me/twogrqoup
[2026-03-13T22:23:38+08:00][info] 任务 66 第 888 次循环，重置群组 https://t.me/twogrqoup 消息状态
[2026-03-13T22:23:38+08:00][info] 使用当前发送用户 3469 的 session_path/www/wwwroot/tdata.tgbota.top/public/uploads/admin/202602/6997fc3070d84/819056965118/tdata/temp_8418493902.session
[2026-03-13T22:23:43+08:00][info] 返回:{"status":true,"message":"发送完成，成功1个，失败0个[]","data":{"success":[{"group_id":3895336513,"group_link":"https:\/\/t.me\/twogrqoup","type":"megagroup","message":"发送成功","message_id":8280}],"failed":[],"debug":["处理标识符: https:\/\/t.me\/twogrqoup, 清理后: https:\/\/t.me\/twogrqoup, 识别为链接: True, 识别为数字ID: False","已是群组成员，群组ID: 3895336513"],"warning":""},"api_address":"185.165.170.142:5062"}
[2026-03-13T22:23:43+08:00][info] 消息ID缓存成功: task_id=66, group_id=https://t.me/twogrqoup, msg_index=8, message_id=8280, send_user_id=3469
[2026-03-13T22:23:43+08:00][info] 消息状态标记为已发送: task_id=66, group_id=https://t.me/twogrqoup, msg_index=8
[2026-03-13T22:23:43+08:00][info] 任务 66 将在 30 秒后继续处理下一条消息，索引: 9, 实例ID: task_66_index_9_1773411823.862
[2026-03-13T22:24:13+08:00][info] 开始处理队列任务: task_id=66, current_index=9
[2026-03-13T22:24:13+08:00][info] 消息缓存初始化完成: task_id=66, groups=https://t.me/twogrqoup
[2026-03-13T22:24:13+08:00][info] 任务 66 第 888 次循环，重置群组 https://t.me/twogrqoup 消息状态
[2026-03-13T22:24:13+08:00][info] 任务 66 第 888 轮完成，准备进行第 889 轮
[2026-03-13T22:24:13+08:00][info] 任务 66 即将为下一轮重新入队，延迟 5 秒，从索引 0 开始
[2026-03-13T22:24:18+08:00][info] 开始处理队列任务: task_id=66, current_index=0
[2026-03-13T22:24:18+08:00][info] 消息缓存初始化完成: task_id=66, groups=https://t.me/twogrqoup
[2026-03-13T22:24:18+08:00][info] 任务 66 第 889 次循环，重置群组 https://t.me/twogrqoup 消息状态
[2026-03-13T22:24:18+08:00][info] 使用当前发送用户 3469 的 session_path/www/wwwroot/tdata.tgbota.top/public/uploads/admin/202602/6997fc3070d84/819056965118/tdata/temp_8418493902.session
[2026-03-13T22:24:24+08:00][info] 返回:{"status":true,"message":"发送完成，成功1个，失败0个[]","data":{"success":[{"group_id":3895336513,"group_link":"https:\/\/t.me\/twogrqoup","type":"megagroup","message":"发送成功","message_id":8281}],"failed":[],"debug":["处理标识符: https:\/\/t.me\/twogrqoup, 清理后: https:\/\/t.me\/twogrqoup, 识别为链接: True, 识别为数字ID: False","已是群组成员，群组ID: 3895336513"],"warning":""},"api_address":"185.165.170.142:5062"}
[2026-03-13T22:24:24+08:00][info] 消息ID缓存成功: task_id=66, group_id=https://t.me/twogrqoup, msg_index=0, message_id=8281, send_user_id=3469
[2026-03-13T22:24:24+08:00][info] 消息状态标记为已发送: task_id=66, group_id=https://t.me/twogrqoup, msg_index=0
[2026-03-13T22:24:24+08:00][info] 任务 66 将在 15 秒后继续处理下一条消息，索引: 1, 实例ID: task_66_index_1_1773411864.8348
[2026-03-13T22:24:29+08:00][info] 开始处理队列任务: task_id=69, current_index=1090
[2026-03-13T22:24:29+08:00][info] 使用当前发送用户 4238 的 session_path/www/wwwroot/tdata.tgbota.top/public/uploads/admin/202603/69b10fe00169d/13513524987/tdata/temp_8437054734.session
[2026-03-13T22:24:35+08:00][info] 返回:{"status":true,"message":"发送完成，成功1个，失败0个[]","data":{"success":[{"group_id":5072487869,"group_link":"https:\/\/t.me\/+9ZnJ_gHIFV41NzFh","type":"chat","message":"发送成功","message_id":1078}],"failed":[],"debug":["处理标识符: https:\/\/t.me\/+9ZnJ_gHIFV41NzFh, 清理后: https:\/\/t.me\/+9ZnJ_gHIFV41NzFh, 识别为链接: True, 识别为数字ID: False","文件1有效: \/www\/wwwroot\/tdata.tgbota.top\/public\/uploads\/admin\/202512\/693ae5dc56522.jpg (33006字节)","发送单个文件: \/www\/wwwroot\/tdata.tgbota.top\/public\/uploads\/admin\/202512\/693ae5dc56522.jpg"],"warning":""},"api_address":"185.165.170.142:5023"}
[2026-03-13T22:24:35+08:00][info] 消息ID缓存成功: task_id=69, group_id=https://t.me/+9ZnJ_gHIFV41NzFh, msg_index=1090, message_id=1078, send_user_id=4238
[2026-03-13T22:24:35+08:00][info] 消息状态标记为已发送: task_id=69, group_id=https://t.me/+9ZnJ_gHIFV41NzFh, msg_index=1090
[2026-03-13T22:24:35+08:00][info] 任务 69 将在 95 秒后继续处理下一条消息，索引: 1091, 实例ID: task_69_index_1091_1773411875.9981
[2026-03-13T22:24:39+08:00][info] 开始处理队列任务: task_id=66, current_index=1
[2026-03-13T22:24:39+08:00][info] 消息缓存初始化完成: task_id=66, groups=https://t.me/twogrqoup
[2026-03-13T22:24:39+08:00][info] 任务 66 第 889 次循环，重置群组 https://t.me/twogrqoup 消息状态
[2026-03-13T22:24:39+08:00][info] 使用当前发送用户 3472 的 session_path/www/wwwroot/tdata.tgbota.top/public/uploads/admin/202602/6997fc3070d84/819050054287/tdata/temp_8308580822.session
[2026-03-13T22:24:45+08:00][info] 返回:{"status":true,"message":"发送完成，成功1个，失败0个[]","data":{"success":[{"group_id":3895336513,"group_link":"https:\/\/t.me\/twogrqoup","type":"megagroup","message":"发送成功","message_id":8282}],"failed":[],"debug":["处理标识符: https:\/\/t.me\/twogrqoup, 清理后: https:\/\/t.me\/twogrqoup, 识别为链接: True, 识别为数字ID: False","已是群组成员，群组ID: 3895336513"],"warning":""},"api_address":"185.165.170.142:5042"}
[2026-03-13T22:24:45+08:00][info] 消息ID缓存成功: task_id=66, group_id=https://t.me/twogrqoup, msg_index=1, message_id=8282, send_user_id=3472
[2026-03-13T22:24:45+08:00][info] 消息状态标记为已发送: task_id=66, group_id=https://t.me/twogrqoup, msg_index=1
[2026-03-13T22:24:45+08:00][info] 任务 66 将在 30 秒后继续处理下一条消息，索引: 2, 实例ID: task_66_index_2_1773411885.7432
[2026-03-13T22:25:15+08:00][info] 开始处理队列任务: task_id=66, current_index=2
[2026-03-13T22:25:15+08:00][info] 消息缓存初始化完成: task_id=66, groups=https://t.me/twogrqoup
[2026-03-13T22:25:15+08:00][info] 任务 66 第 889 次循环，重置群组 https://t.me/twogrqoup 消息状态
[2026-03-13T22:25:15+08:00][info] 使用当前发送用户 3473 的 session_path/www/wwwroot/tdata.tgbota.top/public/uploads/admin/202602/6997fc3070d84/819054626431/tdata/temp_8503359249.session
[2026-03-13T22:25:20+08:00][info] 返回:{"status":true,"message":"发送完成，成功1个，失败0个[]","data":{"success":[{"group_id":3895336513,"group_link":"https:\/\/t.me\/twogrqoup","type":"megagroup","message":"发送成功","message_id":8283}],"failed":[],"debug":["处理标识符: https:\/\/t.me\/twogrqoup, 清理后: https:\/\/t.me\/twogrqoup, 识别为链接: True, 识别为数字ID: False","已是群组成员，群组ID: 3895336513"],"warning":""},"api_address":"185.165.170.142:5043"}
[2026-03-13T22:25:20+08:00][info] 消息ID缓存成功: task_id=66, group_id=https://t.me/twogrqoup, msg_index=2, message_id=8283, send_user_id=3473
[2026-03-13T22:25:20+08:00][info] 消息状态标记为已发送: task_id=66, group_id=https://t.me/twogrqoup, msg_index=2
[2026-03-13T22:25:20+08:00][info] 任务 66 将在 45 秒后继续处理下一条消息，索引: 3, 实例ID: task_66_index_3_1773411920.8596
[2026-03-13T22:26:05+08:00][info] 开始处理队列任务: task_id=66, current_index=3
[2026-03-13T22:26:05+08:00][info] 消息缓存初始化完成: task_id=66, groups=https://t.me/twogrqoup
[2026-03-13T22:26:05+08:00][info] 任务 66 第 889 次循环，重置群组 https://t.me/twogrqoup 消息状态
[2026-03-13T22:26:05+08:00][info] 使用当前发送用户 3469 的 session_path/www/wwwroot/tdata.tgbota.top/public/uploads/admin/202602/6997fc3070d84/819056965118/tdata/temp_8418493902.session
[2026-03-13T22:26:11+08:00][info] 开始处理队列任务: task_id=69, current_index=1091
[2026-03-13T22:26:12+08:00][info] 使用当前发送用户 4236 的 session_path/www/wwwroot/tdata.tgbota.top/public/uploads/admin/202603/69b10fe00169d/13632173148/tdata/temp_8293433174.session
[2026-03-13T22:26:13+08:00][info] 返回:{"status":true,"message":"发送完成，成功1个，失败0个[]","data":{"success":[{"group_id":3895336513,"group_link":"https:\/\/t.me\/twogrqoup","type":"megagroup","message":"发送成功","message_id":8284}],"failed":[],"debug":["处理标识符: https:\/\/t.me\/twogrqoup, 清理后: https:\/\/t.me\/twogrqoup, 识别为链接: True, 识别为数字ID: False","已是群组成员，群组ID: 3895336513"],"warning":""},"api_address":"185.165.170.142:5062"}
[2026-03-13T22:26:13+08:00][info] 消息ID缓存成功: task_id=66, group_id=https://t.me/twogrqoup, msg_index=3, message_id=8284, send_user_id=3469
[2026-03-13T22:26:13+08:00][info] 消息状态标记为已发送: task_id=66, group_id=https://t.me/twogrqoup, msg_index=3
[2026-03-13T22:26:13+08:00][info] 任务 66 将在 20 秒后继续处理下一条消息，索引: 4, 实例ID: task_66_index_4_1773411973.738
[2026-03-13T22:26:16+08:00][info] 返回:{"status":true,"message":"发送完成，成功1个，失败0个[]","data":{"success":[{"group_id":5072487869,"group_link":"https:\/\/t.me\/+9ZnJ_gHIFV41NzFh","type":"chat","message":"发送成功","message_id":1075}],"failed":[],"debug":["处理标识符: https:\/\/t.me\/+9ZnJ_gHIFV41NzFh, 清理后: https:\/\/t.me\/+9ZnJ_gHIFV41NzFh, 识别为链接: True, 识别为数字ID: False"],"warning":""},"api_address":"185.165.170.142:5021"}
[2026-03-13T22:26:16+08:00][info] 消息ID缓存成功: task_id=69, group_id=https://t.me/+9ZnJ_gHIFV41NzFh, msg_index=1091, message_id=1075, send_user_id=4236
[2026-03-13T22:26:16+08:00][info] 消息状态标记为已发送: task_id=69, group_id=https://t.me/+9ZnJ_gHIFV41NzFh, msg_index=1091
[2026-03-13T22:26:16+08:00][info] 任务 69 将在 68 秒后继续处理下一条消息，索引: 1092, 实例ID: task_69_index_1092_1773411976.1841
[2026-03-13T22:26:33+08:00][info] 开始处理队列任务: task_id=66, current_index=4
[2026-03-13T22:26:33+08:00][info] 消息缓存初始化完成: task_id=66, groups=https://t.me/twogrqoup
[2026-03-13T22:26:33+08:00][info] 任务 66 第 889 次循环，重置群组 https://t.me/twogrqoup 消息状态
[2026-03-13T22:26:33+08:00][info] 使用当前发送用户 3471 的 session_path/www/wwwroot/tdata.tgbota.top/public/uploads/admin/202602/6997fc3070d84/819089723520/tdata/temp_8574369010.session
[2026-03-13T22:26:40+08:00][info] 返回:{"status":true,"message":"发送完成，成功1个，失败0个[]","data":{"success":[{"group_id":3895336513,"group_link":"https:\/\/t.me\/twogrqoup","type":"megagroup","message":"发送成功","message_id":8285}],"failed":[],"debug":["处理标识符: https:\/\/t.me\/twogrqoup, 清理后: https:\/\/t.me\/twogrqoup, 识别为链接: True, 识别为数字ID: False","已是群组成员，群组ID: 3895336513"],"warning":""},"api_address":"185.165.170.142:5023"}
[2026-03-13T22:26:40+08:00][info] 消息ID缓存成功: task_id=66, group_id=https://t.me/twogrqoup, msg_index=4, message_id=8285, send_user_id=3471
[2026-03-13T22:26:40+08:00][info] 消息状态标记为已发送: task_id=66, group_id=https://t.me/twogrqoup, msg_index=4
[2026-03-13T22:26:40+08:00][info] 任务 66 将在 26 秒后继续处理下一条消息，索引: 5, 实例ID: task_66_index_5_1773412000.817
[2026-03-13T22:27:06+08:00][info] 开始处理队列任务: task_id=66, current_index=5
[2026-03-13T22:27:06+08:00][info] 消息缓存初始化完成: task_id=66, groups=https://t.me/twogrqoup
[2026-03-13T22:27:06+08:00][info] 任务 66 第 889 次循环，重置群组 https://t.me/twogrqoup 消息状态
[2026-03-13T22:27:06+08:00][info] 使用当前发送用户 3469 的 session_path/www/wwwroot/tdata.tgbota.top/public/uploads/admin/202602/6997fc3070d84/819056965118/tdata/temp_8418493902.session
[2026-03-13T22:27:12+08:00][info] 返回:{"status":true,"message":"发送完成，成功1个，失败0个[]","data":{"success":[{"group_id":3895336513,"group_link":"https:\/\/t.me\/twogrqoup","type":"megagroup","message":"发送成功","message_id":8286}],"failed":[],"debug":["处理标识符: https:\/\/t.me\/twogrqoup, 清理后: https:\/\/t.me\/twogrqoup, 识别为链接: True, 识别为数字ID: False","已是群组成员，群组ID: 3895336513"],"warning":""},"api_address":"185.165.170.142:5062"}
[2026-03-13T22:27:12+08:00][info] 消息ID缓存成功: task_id=66, group_id=https://t.me/twogrqoup, msg_index=5, message_id=8286, send_user_id=3469
[2026-03-13T22:27:12+08:00][info] 消息状态标记为已发送: task_id=66, group_id=https://t.me/twogrqoup, msg_index=5
[2026-03-13T22:27:12+08:00][info] 任务 66 将在 27 秒后继续处理下一条消息，索引: 6, 实例ID: task_66_index_6_1773412032.4415
[2026-03-13T22:27:24+08:00][info] 开始处理队列任务: task_id=69, current_index=1092
[2026-03-13T22:27:24+08:00][info] 使用当前发送用户 4236 的 session_path/www/wwwroot/tdata.tgbota.top/public/uploads/admin/202603/69b10fe00169d/13632173148/tdata/temp_8293433174.session
[2026-03-13T22:27:30+08:00][info] 返回:{"status":true,"message":"发送完成，成功1个，失败0个[]","data":{"success":[{"group_id":5072487869,"group_link":"https:\/\/t.me\/+9ZnJ_gHIFV41NzFh","type":"chat","message":"发送成功","message_id":1076}],"failed":[],"debug":["处理标识符: https:\/\/t.me\/+9ZnJ_gHIFV41NzFh, 清理后: https:\/\/t.me\/+9ZnJ_gHIFV41NzFh, 识别为链接: True, 识别为数字ID: False"],"warning":""},"api_address":"185.165.170.142:5021"}
[2026-03-13T22:27:30+08:00][info] 消息ID缓存成功: task_id=69, group_id=https://t.me/+9ZnJ_gHIFV41NzFh, msg_index=1092, message_id=1076, send_user_id=4236
[2026-03-13T22:27:30+08:00][info] 消息状态标记为已发送: task_id=69, group_id=https://t.me/+9ZnJ_gHIFV41NzFh, msg_index=1092
[2026-03-13T22:27:30+08:00][info] 任务 69 将在 76 秒后继续处理下一条消息，索引: 1093, 实例ID: task_69_index_1093_1773412050.9173
[2026-03-13T22:27:39+08:00][info] 开始处理队列任务: task_id=66, current_index=6
[2026-03-13T22:27:39+08:00][info] 消息缓存初始化完成: task_id=66, groups=https://t.me/twogrqoup
[2026-03-13T22:27:39+08:00][info] 任务 66 第 889 次循环，重置群组 https://t.me/twogrqoup 消息状态
[2026-03-13T22:27:39+08:00][info] 使用当前发送用户 3471 的 session_path/www/wwwroot/tdata.tgbota.top/public/uploads/admin/202602/6997fc3070d84/819089723520/tdata/temp_8574369010.session
[2026-03-13T22:27:46+08:00][info] 返回:{"status":true,"message":"发送完成，成功1个，失败0个[]","data":{"success":[{"group_id":3895336513,"group_link":"https:\/\/t.me\/twogrqoup","type":"megagroup","message":"发送成功","message_id":8287}],"failed":[],"debug":["处理标识符: https:\/\/t.me\/twogrqoup, 清理后: https:\/\/t.me\/twogrqoup, 识别为链接: True, 识别为数字ID: False","已是群组成员，群组ID: 3895336513"],"warning":""},"api_address":"185.165.170.142:5023"}
[2026-03-13T22:27:46+08:00][info] 消息ID缓存成功: task_id=66, group_id=https://t.me/twogrqoup, msg_index=6, message_id=8287, send_user_id=3471
[2026-03-13T22:27:46+08:00][info] 消息状态标记为已发送: task_id=66, group_id=https://t.me/twogrqoup, msg_index=6
[2026-03-13T22:27:46+08:00][info] 任务 66 将在 13 秒后继续处理下一条消息，索引: 7, 实例ID: task_66_index_7_1773412066.2626
[2026-03-13T22:27:59+08:00][info] 开始处理队列任务: task_id=66, current_index=7
[2026-03-13T22:28:00+08:00][info] 消息缓存初始化完成: task_id=66, groups=https://t.me/twogrqoup
[2026-03-13T22:28:00+08:00][info] 任务 66 第 889 次循环，重置群组 https://t.me/twogrqoup 消息状态
[2026-03-13T22:28:00+08:00][info] 使用当前发送用户 3471 的 session_path/www/wwwroot/tdata.tgbota.top/public/uploads/admin/202602/6997fc3070d84/819089723520/tdata/temp_8574369010.session
[2026-03-13T22:28:06+08:00][info] 返回:{"status":true,"message":"发送完成，成功1个，失败0个[]","data":{"success":[{"group_id":3895336513,"group_link":"https:\/\/t.me\/twogrqoup","type":"megagroup","message":"发送成功","message_id":8288}],"failed":[],"debug":["处理标识符: https:\/\/t.me\/twogrqoup, 清理后: https:\/\/t.me\/twogrqoup, 识别为链接: True, 识别为数字ID: False","已是群组成员，群组ID: 3895336513"],"warning":""},"api_address":"185.165.170.142:5023"}
[2026-03-13T22:28:06+08:00][info] 消息ID缓存成功: task_id=66, group_id=https://t.me/twogrqoup, msg_index=7, message_id=8288, send_user_id=3471
[2026-03-13T22:28:06+08:00][info] 消息状态标记为已发送: task_id=66, group_id=https://t.me/twogrqoup, msg_index=7
[2026-03-13T22:28:06+08:00][info] 任务 66 将在 26 秒后继续处理下一条消息，索引: 8, 实例ID: task_66_index_8_1773412086.8005
[2026-03-13T22:28:33+08:00][info] 开始处理队列任务: task_id=66, current_index=8
[2026-03-13T22:28:33+08:00][info] 消息缓存初始化完成: task_id=66, groups=https://t.me/twogrqoup
[2026-03-13T22:28:33+08:00][info] 任务 66 第 889 次循环，重置群组 https://t.me/twogrqoup 消息状态
[2026-03-13T22:28:33+08:00][info] 使用当前发送用户 3469 的 session_path/www/wwwroot/tdata.tgbota.top/public/uploads/admin/202602/6997fc3070d84/819056965118/tdata/temp_8418493902.session
[2026-03-13T22:28:39+08:00][info] 返回:{"status":true,"message":"发送完成，成功1个，失败0个[]","data":{"success":[{"group_id":3895336513,"group_link":"https:\/\/t.me\/twogrqoup","type":"megagroup","message":"发送成功","message_id":8289}],"failed":[],"debug":["处理标识符: https:\/\/t.me\/twogrqoup, 清理后: https:\/\/t.me\/twogrqoup, 识别为链接: True, 识别为数字ID: False","已是群组成员，群组ID: 3895336513"],"warning":""},"api_address":"185.165.170.142:5062"}
[2026-03-13T22:28:39+08:00][info] 消息ID缓存成功: task_id=66, group_id=https://t.me/twogrqoup, msg_index=8, message_id=8289, send_user_id=3469
[2026-03-13T22:28:39+08:00][info] 消息状态标记为已发送: task_id=66, group_id=https://t.me/twogrqoup, msg_index=8
[2026-03-13T22:28:39+08:00][info] 任务 66 将在 30 秒后继续处理下一条消息，索引: 9, 实例ID: task_66_index_9_1773412119.6016
[2026-03-13T22:28:46+08:00][info] 开始处理队列任务: task_id=69, current_index=1093
[2026-03-13T22:28:46+08:00][info] 使用feedbackType=1087的消息ID: 1079
[2026-03-13T22:28:46+08:00][info] 使用当前发送用户 4255 的 session_path/www/wwwroot/tdata.tgbota.top/public/uploads/admin/202603/69b10fe00169d/13528396542/tdata/temp_8117450112.session
[2026-03-13T22:28:52+08:00][info] 返回:{"status":true,"message":"发送完成，成功1个，失败0个[]","data":{"success":[{"group_id":5072487869,"group_link":"https:\/\/t.me\/+9ZnJ_gHIFV41NzFh","type":"chat","message":"发送成功","message_id":1073}],"failed":[],"debug":["处理标识符: https:\/\/t.me\/+9ZnJ_gHIFV41NzFh, 清理后: https:\/\/t.me\/+9ZnJ_gHIFV41NzFh, 识别为链接: True, 识别为数字ID: False"],"warning":""},"api_address":"185.165.170.142:5040"}
[2026-03-13T22:28:52+08:00][info] 消息ID缓存成功: task_id=69, group_id=https://t.me/+9ZnJ_gHIFV41NzFh, msg_index=1093, message_id=1073, send_user_id=4255
[2026-03-13T22:28:52+08:00][info] 消息状态标记为已发送: task_id=69, group_id=https://t.me/+9ZnJ_gHIFV41NzFh, msg_index=1093
[2026-03-13T22:28:52+08:00][info] 任务 69 将在 90 秒后继续处理下一条消息，索引: 1094, 实例ID: task_69_index_1094_1773412132.2363
[2026-03-13T22:29:09+08:00][info] 开始处理队列任务: task_id=66, current_index=9
[2026-03-13T22:29:09+08:00][info] 消息缓存初始化完成: task_id=66, groups=https://t.me/twogrqoup
[2026-03-13T22:29:09+08:00][info] 任务 66 第 889 次循环，重置群组 https://t.me/twogrqoup 消息状态
[2026-03-13T22:29:09+08:00][info] 任务 66 第 889 轮完成，准备进行第 890 轮
[2026-03-13T22:29:09+08:00][info] 任务 66 即将为下一轮重新入队，延迟 5 秒，从索引 0 开始
[2026-03-13T22:29:15+08:00][info] 开始处理队列任务: task_id=66, current_index=0
[2026-03-13T22:29:15+08:00][info] 消息缓存初始化完成: task_id=66, groups=https://t.me/twogrqoup
[2026-03-13T22:29:15+08:00][info] 任务 66 第 890 次循环，重置群组 https://t.me/twogrqoup 消息状态
[2026-03-13T22:29:15+08:00][info] 使用当前发送用户 3469 的 session_path/www/wwwroot/tdata.tgbota.top/public/uploads/admin/202602/6997fc3070d84/819056965118/tdata/temp_8418493902.session
[2026-03-13T22:29:22+08:00][info] 返回:{"status":true,"message":"发送完成，成功1个，失败0个[]","data":{"success":[{"group_id":3895336513,"group_link":"https:\/\/t.me\/twogrqoup","type":"megagroup","message":"发送成功","message_id":8290}],"failed":[],"debug":["处理标识符: https:\/\/t.me\/twogrqoup, 清理后: https:\/\/t.me\/twogrqoup, 识别为链接: True, 识别为数字ID: False","已是群组成员，群组ID: 3895336513"],"warning":""},"api_address":"185.165.170.142:5062"}
[2026-03-13T22:29:22+08:00][info] 消息ID缓存成功: task_id=66, group_id=https://t.me/twogrqoup, msg_index=0, message_id=8290, send_user_id=3469
[2026-03-13T22:29:22+08:00][info] 消息状态标记为已发送: task_id=66, group_id=https://t.me/twogrqoup, msg_index=0
[2026-03-13T22:29:22+08:00][info] 任务 66 将在 15 秒后继续处理下一条消息，索引: 1, 实例ID: task_66_index_1_1773412162.3411
[2026-03-13T22:29:37+08:00][info] 开始处理队列任务: task_id=66, current_index=1
[2026-03-13T22:29:37+08:00][info] 消息缓存初始化完成: task_id=66, groups=https://t.me/twogrqoup
[2026-03-13T22:29:37+08:00][info] 任务 66 第 890 次循环，重置群组 https://t.me/twogrqoup 消息状态
[2026-03-13T22:29:37+08:00][info] 使用当前发送用户 3472 的 session_path/www/wwwroot/tdata.tgbota.top/public/uploads/admin/202602/6997fc3070d84/819050054287/tdata/temp_8308580822.session
[2026-03-13T22:29:43+08:00][info] 返回:{"status":true,"message":"发送完成，成功1个，失败0个[]","data":{"success":[{"group_id":3895336513,"group_link":"https:\/\/t.me\/twogrqoup","type":"megagroup","message":"发送成功","message_id":8291}],"failed":[],"debug":["处理标识符: https:\/\/t.me\/twogrqoup, 清理后: https:\/\/t.me\/twogrqoup, 识别为链接: True, 识别为数字ID: False","已是群组成员，群组ID: 3895336513"],"warning":""},"api_address":"185.165.170.142:5042"}
[2026-03-13T22:29:43+08:00][info] 消息ID缓存成功: task_id=66, group_id=https://t.me/twogrqoup, msg_index=1, message_id=8291, send_user_id=3472
[2026-03-13T22:29:43+08:00][info] 消息状态标记为已发送: task_id=66, group_id=https://t.me/twogrqoup, msg_index=1
[2026-03-13T22:29:43+08:00][info] 任务 66 将在 30 秒后继续处理下一条消息，索引: 2, 实例ID: task_66_index_2_1773412183.6132
[2026-03-13T22:30:13+08:00][info] 开始处理队列任务: task_id=66, current_index=2
[2026-03-13T22:30:13+08:00][info] 消息缓存初始化完成: task_id=66, groups=https://t.me/twogrqoup
[2026-03-13T22:30:13+08:00][info] 任务 66 第 890 次循环，重置群组 https://t.me/twogrqoup 消息状态
[2026-03-13T22:30:13+08:00][info] 使用当前发送用户 3473 的 session_path/www/wwwroot/tdata.tgbota.top/public/uploads/admin/202602/6997fc3070d84/819054626431/tdata/temp_8503359249.session
[2026-03-13T22:30:20+08:00][info] 返回:{"status":true,"message":"发送完成，成功1个，失败0个[]","data":{"success":[{"group_id":3895336513,"group_link":"https:\/\/t.me\/twogrqoup","type":"megagroup","message":"发送成功","message_id":8292}],"failed":[],"debug":["处理标识符: https:\/\/t.me\/twogrqoup, 清理后: https:\/\/t.me\/twogrqoup, 识别为链接: True, 识别为数字ID: False","已是群组成员，群组ID: 3895336513"],"warning":""},"api_address":"185.165.170.142:5043"}
[2026-03-13T22:30:20+08:00][info] 消息ID缓存成功: task_id=66, group_id=https://t.me/twogrqoup, msg_index=2, message_id=8292, send_user_id=3473
[2026-03-13T22:30:20+08:00][info] 消息状态标记为已发送: task_id=66, group_id=https://t.me/twogrqoup, msg_index=2
[2026-03-13T22:30:20+08:00][info] 任务 66 将在 45 秒后继续处理下一条消息，索引: 3, 实例ID: task_66_index_3_1773412220.1619
[2026-03-13T22:30:22+08:00][info] 开始处理队列任务: task_id=69, current_index=1094
[2026-03-13T22:30:22+08:00][info] 使用当前发送用户 4236 的 session_path/www/wwwroot/tdata.tgbota.top/public/uploads/admin/202603/69b10fe00169d/13632173148/tdata/temp_8293433174.session
[2026-03-13T22:30:27+08:00][info] 返回:{"status":true,"message":"发送完成，成功1个，失败0个[]","data":{"success":[{"group_id":5072487869,"group_link":"https:\/\/t.me\/+9ZnJ_gHIFV41NzFh","type":"chat","message":"发送成功","message_id":1078}],"failed":[],"debug":["处理标识符: https:\/\/t.me\/+9ZnJ_gHIFV41NzFh, 清理后: https:\/\/t.me\/+9ZnJ_gHIFV41NzFh, 识别为链接: True, 识别为数字ID: False"],"warning":""},"api_address":"185.165.170.142:5021"}
[2026-03-13T22:30:27+08:00][info] 消息ID缓存成功: task_id=69, group_id=https://t.me/+9ZnJ_gHIFV41NzFh, msg_index=1094, message_id=1078, send_user_id=4236
[2026-03-13T22:30:27+08:00][info] 消息状态标记为已发送: task_id=69, group_id=https://t.me/+9ZnJ_gHIFV41NzFh, msg_index=1094
[2026-03-13T22:30:27+08:00][info] 任务 69 将在 110 秒后继续处理下一条消息，索引: 1095, 实例ID: task_69_index_1095_1773412227.1731
[2026-03-13T22:31:05+08:00][info] 开始处理队列任务: task_id=66, current_index=3
[2026-03-13T22:31:05+08:00][info] 消息缓存初始化完成: task_id=66, groups=https://t.me/twogrqoup
[2026-03-13T22:31:05+08:00][info] 任务 66 第 890 次循环，重置群组 https://t.me/twogrqoup 消息状态
[2026-03-13T22:31:05+08:00][info] 使用当前发送用户 3469 的 session_path/www/wwwroot/tdata.tgbota.top/public/uploads/admin/202602/6997fc3070d84/819056965118/tdata/temp_8418493902.session
[2026-03-13T22:31:10+08:00][info] 返回:{"status":true,"message":"发送完成，成功1个，失败0个[]","data":{"success":[{"group_id":3895336513,"group_link":"https:\/\/t.me\/twogrqoup","type":"megagroup","message":"发送成功","message_id":8293}],"failed":[],"debug":["处理标识符: https:\/\/t.me\/twogrqoup, 清理后: https:\/\/t.me\/twogrqoup, 识别为链接: True, 识别为数字ID: False","已是群组成员，群组ID: 3895336513"],"warning":""},"api_address":"185.165.170.142:5062"}
[2026-03-13T22:31:10+08:00][info] 消息ID缓存成功: task_id=66, group_id=https://t.me/twogrqoup, msg_index=3, message_id=8293, send_user_id=3469
[2026-03-13T22:31:10+08:00][info] 消息状态标记为已发送: task_id=66, group_id=https://t.me/twogrqoup, msg_index=3
[2026-03-13T22:31:10+08:00][info] 任务 66 将在 20 秒后继续处理下一条消息，索引: 4, 实例ID: task_66_index_4_1773412270.1748
[2026-03-13T22:31:30+08:00][info] 开始处理队列任务: task_id=66, current_index=4
[2026-03-13T22:31:30+08:00][info] 消息缓存初始化完成: task_id=66, groups=https://t.me/twogrqoup
[2026-03-13T22:31:30+08:00][info] 任务 66 第 890 次循环，重置群组 https://t.me/twogrqoup 消息状态
[2026-03-13T22:31:30+08:00][info] 使用当前发送用户 3471 的 session_path/www/wwwroot/tdata.tgbota.top/public/uploads/admin/202602/6997fc3070d84/819089723520/tdata/temp_8574369010.session
[2026-03-13T22:31:35+08:00][info] 返回:{"status":true,"message":"发送完成，成功1个，失败0个[]","data":{"success":[{"group_id":3895336513,"group_link":"https:\/\/t.me\/twogrqoup","type":"megagroup","message":"发送成功","message_id":8294}],"failed":[],"debug":["处理标识符: https:\/\/t.me\/twogrqoup, 清理后: https:\/\/t.me\/twogrqoup, 识别为链接: True, 识别为数字ID: False","已是群组成员，群组ID: 3895336513"],"warning":""},"api_address":"185.165.170.142:5023"}
[2026-03-13T22:31:35+08:00][info] 消息ID缓存成功: task_id=66, group_id=https://t.me/twogrqoup, msg_index=4, message_id=8294, send_user_id=3471
[2026-03-13T22:31:35+08:00][info] 消息状态标记为已发送: task_id=66, group_id=https://t.me/twogrqoup, msg_index=4
[2026-03-13T22:31:35+08:00][info] 任务 66 将在 26 秒后继续处理下一条消息，索引: 5, 实例ID: task_66_index_5_1773412295.4619
[2026-03-13T22:32:01+08:00][info] 开始处理队列任务: task_id=66, current_index=5
[2026-03-13T22:32:01+08:00][info] 消息缓存初始化完成: task_id=66, groups=https://t.me/twogrqoup
[2026-03-13T22:32:01+08:00][info] 任务 66 第 890 次循环，重置群组 https://t.me/twogrqoup 消息状态
[2026-03-13T22:32:01+08:00][info] 使用当前发送用户 3469 的 session_path/www/wwwroot/tdata.tgbota.top/public/uploads/admin/202602/6997fc3070d84/819056965118/tdata/temp_8418493902.session
[2026-03-13T22:32:08+08:00][info] 返回:{"status":true,"message":"发送完成，成功1个，失败0个[]","data":{"success":[{"group_id":3895336513,"group_link":"https:\/\/t.me\/twogrqoup","type":"megagroup","message":"发送成功","message_id":8295}],"failed":[],"debug":["处理标识符: https:\/\/t.me\/twogrqoup, 清理后: https:\/\/t.me\/twogrqoup, 识别为链接: True, 识别为数字ID: False","已是群组成员，群组ID: 3895336513"],"warning":""},"api_address":"185.165.170.142:5062"}
[2026-03-13T22:32:08+08:00][info] 消息ID缓存成功: task_id=66, group_id=https://t.me/twogrqoup, msg_index=5, message_id=8295, send_user_id=3469
[2026-03-13T22:32:08+08:00][info] 消息状态标记为已发送: task_id=66, group_id=https://t.me/twogrqoup, msg_index=5
[2026-03-13T22:32:08+08:00][info] 任务 66 将在 27 秒后继续处理下一条消息，索引: 6, 实例ID: task_66_index_6_1773412328.421
[2026-03-13T22:32:17+08:00][info] 开始处理队列任务: task_id=69, current_index=1095
[2026-03-13T22:32:17+08:00][info] 使用feedbackType=1095的消息ID: 1078
[2026-03-13T22:32:17+08:00][info] 使用当前发送用户 4237 的 session_path/www/wwwroot/tdata.tgbota.top/public/uploads/admin/202603/69b10fe00169d/13613573352/tdata/temp_8384621196.session
[2026-03-13T22:32:23+08:00][info] 返回:{"status":true,"message":"发送完成，成功1个，失败0个[]","data":{"success":[{"group_id":5072487869,"group_link":"https:\/\/t.me\/+9ZnJ_gHIFV41NzFh","type":"chat","message":"发送成功","message_id":1081}],"failed":[],"debug":["处理标识符: https:\/\/t.me\/+9ZnJ_gHIFV41NzFh, 清理后: https:\/\/t.me\/+9ZnJ_gHIFV41NzFh, 识别为链接: True, 识别为数字ID: False"],"warning":""},"api_address":"185.165.170.142:5022"}
[2026-03-13T22:32:23+08:00][info] 消息ID缓存成功: task_id=69, group_id=https://t.me/+9ZnJ_gHIFV41NzFh, msg_index=1095, message_id=1081, send_user_id=4237
[2026-03-13T22:32:23+08:00][info] 消息状态标记为已发送: task_id=69, group_id=https://t.me/+9ZnJ_gHIFV41NzFh, msg_index=1095
[2026-03-13T22:32:23+08:00][info] 任务 69 将在 93 秒后继续处理下一条消息，索引: 1096, 实例ID: task_69_index_1096_1773412343.926
[2026-03-13T22:32:35+08:00][info] 开始处理队列任务: task_id=66, current_index=6
[2026-03-13T22:32:35+08:00][info] 消息缓存初始化完成: task_id=66, groups=https://t.me/twogrqoup
[2026-03-13T22:32:35+08:00][info] 任务 66 第 890 次循环，重置群组 https://t.me/twogrqoup 消息状态
[2026-03-13T22:32:35+08:00][info] 使用当前发送用户 3471 的 session_path/www/wwwroot/tdata.tgbota.top/public/uploads/admin/202602/6997fc3070d84/819089723520/tdata/temp_8574369010.session
[2026-03-13T22:32:42+08:00][info] 返回:{"status":true,"message":"发送完成，成功1个，失败0个[]","data":{"success":[{"group_id":3895336513,"group_link":"https:\/\/t.me\/twogrqoup","type":"megagroup","message":"发送成功","message_id":8296}],"failed":[],"debug":["处理标识符: https:\/\/t.me\/twogrqoup, 清理后: https:\/\/t.me\/twogrqoup, 识别为链接: True, 识别为数字ID: False","已是群组成员，群组ID: 3895336513"],"warning":""},"api_address":"185.165.170.142:5023"}
[2026-03-13T22:32:42+08:00][info] 消息ID缓存成功: task_id=66, group_id=https://t.me/twogrqoup, msg_index=6, message_id=8296, send_user_id=3471
[2026-03-13T22:32:42+08:00][info] 消息状态标记为已发送: task_id=66, group_id=https://t.me/twogrqoup, msg_index=6
[2026-03-13T22:32:42+08:00][info] 任务 66 将在 13 秒后继续处理下一条消息，索引: 7, 实例ID: task_66_index_7_1773412362.9705
[2026-03-13T22:32:55+08:00][info] 开始处理队列任务: task_id=66, current_index=7
[2026-03-13T22:32:55+08:00][info] 消息缓存初始化完成: task_id=66, groups=https://t.me/twogrqoup
[2026-03-13T22:32:55+08:00][info] 任务 66 第 890 次循环，重置群组 https://t.me/twogrqoup 消息状态
[2026-03-13T22:32:55+08:00][info] 使用当前发送用户 3471 的 session_path/www/wwwroot/tdata.tgbota.top/public/uploads/admin/202602/6997fc3070d84/819089723520/tdata/temp_8574369010.session
[2026-03-13T22:33:02+08:00][info] 返回:{"status":true,"message":"发送完成，成功1个，失败0个[]","data":{"success":[{"group_id":3895336513,"group_link":"https:\/\/t.me\/twogrqoup","type":"megagroup","message":"发送成功","message_id":8297}],"failed":[],"debug":["处理标识符: https:\/\/t.me\/twogrqoup, 清理后: https:\/\/t.me\/twogrqoup, 识别为链接: True, 识别为数字ID: False","已是群组成员，群组ID: 3895336513"],"warning":""},"api_address":"185.165.170.142:5023"}
[2026-03-13T22:33:02+08:00][info] 消息ID缓存成功: task_id=66, group_id=https://t.me/twogrqoup, msg_index=7, message_id=8297, send_user_id=3471
[2026-03-13T22:33:02+08:00][info] 消息状态标记为已发送: task_id=66, group_id=https://t.me/twogrqoup, msg_index=7
[2026-03-13T22:33:02+08:00][info] 任务 66 将在 26 秒后继续处理下一条消息，索引: 8, 实例ID: task_66_index_8_1773412382.28
[2026-03-13T22:33:28+08:00][info] 开始处理队列任务: task_id=66, current_index=8
[2026-03-13T22:33:28+08:00][info] 消息缓存初始化完成: task_id=66, groups=https://t.me/twogrqoup
[2026-03-13T22:33:28+08:00][info] 任务 66 第 890 次循环，重置群组 https://t.me/twogrqoup 消息状态
[2026-03-13T22:33:28+08:00][info] 使用当前发送用户 3469 的 session_path/www/wwwroot/tdata.tgbota.top/public/uploads/admin/202602/6997fc3070d84/819056965118/tdata/temp_8418493902.session
[2026-03-13T22:33:34+08:00][info] 返回:{"status":true,"message":"发送完成，成功1个，失败0个[]","data":{"success":[{"group_id":3895336513,"group_link":"https:\/\/t.me\/twogrqoup","type":"megagroup","message":"发送成功","message_id":8298}],"failed":[],"debug":["处理标识符: https:\/\/t.me\/twogrqoup, 清理后: https:\/\/t.me\/twogrqoup, 识别为链接: True, 识别为数字ID: False","已是群组成员，群组ID: 3895336513"],"warning":""},"api_address":"185.165.170.142:5062"}
[2026-03-13T22:33:34+08:00][info] 消息ID缓存成功: task_id=66, group_id=https://t.me/twogrqoup, msg_index=8, message_id=8298, send_user_id=3469
[2026-03-13T22:33:34+08:00][info] 消息状态标记为已发送: task_id=66, group_id=https://t.me/twogrqoup, msg_index=8
[2026-03-13T22:33:34+08:00][info] 任务 66 将在 30 秒后继续处理下一条消息，索引: 9, 实例ID: task_66_index_9_1773412414.4055
[2026-03-13T22:33:56+08:00][info] 开始处理队列任务: task_id=69, current_index=1096
[2026-03-13T22:33:56+08:00][info] 使用当前发送用户 4255 的 session_path/www/wwwroot/tdata.tgbota.top/public/uploads/admin/202603/69b10fe00169d/13528396542/tdata/temp_8117450112.session
[2026-03-13T22:34:01+08:00][info] 返回:{"status":true,"message":"发送完成，成功1个，失败0个[]","data":{"success":[{"group_id":5072487869,"group_link":"https:\/\/t.me\/+9ZnJ_gHIFV41NzFh","type":"chat","message":"发送成功","message_id":1076}],"failed":[],"debug":["处理标识符: https:\/\/t.me\/+9ZnJ_gHIFV41NzFh, 清理后: https:\/\/t.me\/+9ZnJ_gHIFV41NzFh, 识别为链接: True, 识别为数字ID: False"],"warning":""},"api_address":"185.165.170.142:5040"}
[2026-03-13T22:34:01+08:00][info] 消息ID缓存成功: task_id=69, group_id=https://t.me/+9ZnJ_gHIFV41NzFh, msg_index=1096, message_id=1076, send_user_id=4255
[2026-03-13T22:34:01+08:00][info] 消息状态标记为已发送: task_id=69, group_id=https://t.me/+9ZnJ_gHIFV41NzFh, msg_index=1096
[2026-03-13T22:34:01+08:00][info] 任务 69 将在 69 秒后继续处理下一条消息，索引: 1097, 实例ID: task_69_index_1097_1773412441.8908
[2026-03-13T22:34:04+08:00][info] 开始处理队列任务: task_id=66, current_index=9
[2026-03-13T22:34:04+08:00][info] 消息缓存初始化完成: task_id=66, groups=https://t.me/twogrqoup
[2026-03-13T22:34:04+08:00][info] 任务 66 第 890 次循环，重置群组 https://t.me/twogrqoup 消息状态
[2026-03-13T22:34:04+08:00][info] 任务 66 第 890 轮完成，准备进行第 891 轮
[2026-03-13T22:34:04+08:00][info] 任务 66 即将为下一轮重新入队，延迟 5 秒，从索引 0 开始
[2026-03-13T22:34:10+08:00][info] 开始处理队列任务: task_id=66, current_index=0
[2026-03-13T22:34:10+08:00][info] 消息缓存初始化完成: task_id=66, groups=https://t.me/twogrqoup
[2026-03-13T22:34:10+08:00][info] 任务 66 第 891 次循环，重置群组 https://t.me/twogrqoup 消息状态
[2026-03-13T22:34:10+08:00][info] 使用当前发送用户 3469 的 session_path/www/wwwroot/tdata.tgbota.top/public/uploads/admin/202602/6997fc3070d84/819056965118/tdata/temp_8418493902.session
[2026-03-13T22:34:17+08:00][info] 返回:{"status":true,"message":"发送完成，成功1个，失败0个[]","data":{"success":[{"group_id":3895336513,"group_link":"https:\/\/t.me\/twogrqoup","type":"megagroup","message":"发送成功","message_id":8299}],"failed":[],"debug":["处理标识符: https:\/\/t.me\/twogrqoup, 清理后: https:\/\/t.me\/twogrqoup, 识别为链接: True, 识别为数字ID: False","已是群组成员，群组ID: 3895336513"],"warning":""},"api_address":"185.165.170.142:5062"}
[2026-03-13T22:34:17+08:00][info] 消息ID缓存成功: task_id=66, group_id=https://t.me/twogrqoup, msg_index=0, message_id=8299, send_user_id=3469
[2026-03-13T22:34:17+08:00][info] 消息状态标记为已发送: task_id=66, group_id=https://t.me/twogrqoup, msg_index=0
[2026-03-13T22:34:17+08:00][info] 任务 66 将在 15 秒后继续处理下一条消息，索引: 1, 实例ID: task_66_index_1_1773412457.6354
[2026-03-13T22:34:32+08:00][info] 开始处理队列任务: task_id=66, current_index=1
[2026-03-13T22:34:32+08:00][info] 消息缓存初始化完成: task_id=66, groups=https://t.me/twogrqoup
[2026-03-13T22:34:32+08:00][info] 任务 66 第 891 次循环，重置群组 https://t.me/twogrqoup 消息状态
[2026-03-13T22:34:32+08:00][info] 使用当前发送用户 3472 的 session_path/www/wwwroot/tdata.tgbota.top/public/uploads/admin/202602/6997fc3070d84/819050054287/tdata/temp_8308580822.session
[2026-03-13T22:34:38+08:00][info] 返回:{"status":true,"message":"发送完成，成功1个，失败0个[]","data":{"success":[{"group_id":3895336513,"group_link":"https:\/\/t.me\/twogrqoup","type":"megagroup","message":"发送成功","message_id":8300}],"failed":[],"debug":["处理标识符: https:\/\/t.me\/twogrqoup, 清理后: https:\/\/t.me\/twogrqoup, 识别为链接: True, 识别为数字ID: False","已是群组成员，群组ID: 3895336513"],"warning":""},"api_address":"185.165.170.142:5042"}
[2026-03-13T22:34:38+08:00][info] 消息ID缓存成功: task_id=66, group_id=https://t.me/twogrqoup, msg_index=1, message_id=8300, send_user_id=3472
[2026-03-13T22:34:38+08:00][info] 消息状态标记为已发送: task_id=66, group_id=https://t.me/twogrqoup, msg_index=1
[2026-03-13T22:34:38+08:00][info] 任务 66 将在 30 秒后继续处理下一条消息，索引: 2, 实例ID: task_66_index_2_1773412478.3108
[2026-03-13T22:35:08+08:00][info] 开始处理队列任务: task_id=66, current_index=2
[2026-03-13T22:35:08+08:00][info] 消息缓存初始化完成: task_id=66, groups=https://t.me/twogrqoup
[2026-03-13T22:35:08+08:00][info] 任务 66 第 891 次循环，重置群组 https://t.me/twogrqoup 消息状态
[2026-03-13T22:35:08+08:00][info] 使用当前发送用户 3473 的 session_path/www/wwwroot/tdata.tgbota.top/public/uploads/admin/202602/6997fc3070d84/819054626431/tdata/temp_8503359249.session
[2026-03-13T22:35:10+08:00][info] 开始处理队列任务: task_id=69, current_index=1097
[2026-03-13T22:35:10+08:00][info] 使用当前发送用户 4255 的 session_path/www/wwwroot/tdata.tgbota.top/public/uploads/admin/202603/69b10fe00169d/13528396542/tdata/temp_8117450112.session
[2026-03-13T22:35:14+08:00][info] 返回:{"status":true,"message":"发送完成，成功1个，失败0个[]","data":{"success":[{"group_id":5072487869,"group_link":"https:\/\/t.me\/+9ZnJ_gHIFV41NzFh","type":"chat","message":"发送成功","message_id":1077}],"failed":[],"debug":["处理标识符: https:\/\/t.me\/+9ZnJ_gHIFV41NzFh, 清理后: https:\/\/t.me\/+9ZnJ_gHIFV41NzFh, 识别为链接: True, 识别为数字ID: False"],"warning":""},"api_address":"185.165.170.142:5040"}
[2026-03-13T22:35:14+08:00][info] 消息ID缓存成功: task_id=69, group_id=https://t.me/+9ZnJ_gHIFV41NzFh, msg_index=1097, message_id=1077, send_user_id=4255
[2026-03-13T22:35:14+08:00][info] 消息状态标记为已发送: task_id=69, group_id=https://t.me/+9ZnJ_gHIFV41NzFh, msg_index=1097
[2026-03-13T22:35:14+08:00][info] 任务 69 将在 79 秒后继续处理下一条消息，索引: 1098, 实例ID: task_69_index_1098_1773412514.6943
[2026-03-13T22:35:15+08:00][info] 返回:{"status":true,"message":"发送完成，成功1个，失败0个[]","data":{"success":[{"group_id":3895336513,"group_link":"https:\/\/t.me\/twogrqoup","type":"megagroup","message":"发送成功","message_id":8301}],"failed":[],"debug":["处理标识符: https:\/\/t.me\/twogrqoup, 清理后: https:\/\/t.me\/twogrqoup, 识别为链接: True, 识别为数字ID: False","已是群组成员，群组ID: 3895336513"],"warning":""},"api_address":"185.165.170.142:5043"}
[2026-03-13T22:35:15+08:00][info] 消息ID缓存成功: task_id=66, group_id=https://t.me/twogrqoup, msg_index=2, message_id=8301, send_user_id=3473
[2026-03-13T22:35:15+08:00][info] 消息状态标记为已发送: task_id=66, group_id=https://t.me/twogrqoup, msg_index=2
[2026-03-13T22:35:15+08:00][info] 任务 66 将在 45 秒后继续处理下一条消息，索引: 3, 实例ID: task_66_index_3_1773412515.5193
[2026-03-13T22:36:00+08:00][info] 开始处理队列任务: task_id=66, current_index=3
[2026-03-13T22:36:00+08:00][info] 消息缓存初始化完成: task_id=66, groups=https://t.me/twogrqoup
[2026-03-13T22:36:00+08:00][info] 任务 66 第 891 次循环，重置群组 https://t.me/twogrqoup 消息状态
[2026-03-13T22:36:00+08:00][info] 使用当前发送用户 3469 的 session_path/www/wwwroot/tdata.tgbota.top/public/uploads/admin/202602/6997fc3070d84/819056965118/tdata/temp_8418493902.session
[2026-03-13T22:36:05+08:00][info] 返回:{"status":true,"message":"发送完成，成功1个，失败0个[]","data":{"success":[{"group_id":3895336513,"group_link":"https:\/\/t.me\/twogrqoup","type":"megagroup","message":"发送成功","message_id":8302}],"failed":[],"debug":["处理标识符: https:\/\/t.me\/twogrqoup, 清理后: https:\/\/t.me\/twogrqoup, 识别为链接: True, 识别为数字ID: False","已是群组成员，群组ID: 3895336513"],"warning":""},"api_address":"185.165.170.142:5062"}
[2026-03-13T22:36:05+08:00][info] 消息ID缓存成功: task_id=66, group_id=https://t.me/twogrqoup, msg_index=3, message_id=8302, send_user_id=3469
[2026-03-13T22:36:05+08:00][info] 消息状态标记为已发送: task_id=66, group_id=https://t.me/twogrqoup, msg_index=3
[2026-03-13T22:36:05+08:00][info] 任务 66 将在 20 秒后继续处理下一条消息，索引: 4, 实例ID: task_66_index_4_1773412565.756
[2026-03-13T22:36:25+08:00][info] 开始处理队列任务: task_id=66, current_index=4
[2026-03-13T22:36:25+08:00][info] 消息缓存初始化完成: task_id=66, groups=https://t.me/twogrqoup
[2026-03-13T22:36:25+08:00][info] 任务 66 第 891 次循环，重置群组 https://t.me/twogrqoup 消息状态
[2026-03-13T22:36:25+08:00][info] 使用当前发送用户 3471 的 session_path/www/wwwroot/tdata.tgbota.top/public/uploads/admin/202602/6997fc3070d84/819089723520/tdata/temp_8574369010.session
[2026-03-13T22:36:31+08:00][info] 返回:{"status":true,"message":"发送完成，成功1个，失败0个[]","data":{"success":[{"group_id":3895336513,"group_link":"https:\/\/t.me\/twogrqoup","type":"megagroup","message":"发送成功","message_id":8303}],"failed":[],"debug":["处理标识符: https:\/\/t.me\/twogrqoup, 清理后: https:\/\/t.me\/twogrqoup, 识别为链接: True, 识别为数字ID: False","已是群组成员，群组ID: 3895336513"],"warning":""},"api_address":"185.165.170.142:5023"}
[2026-03-13T22:36:31+08:00][info] 消息ID缓存成功: task_id=66, group_id=https://t.me/twogrqoup, msg_index=4, message_id=8303, send_user_id=3471
[2026-03-13T22:36:31+08:00][info] 消息状态标记为已发送: task_id=66, group_id=https://t.me/twogrqoup, msg_index=4
[2026-03-13T22:36:31+08:00][info] 任务 66 将在 26 秒后继续处理下一条消息，索引: 5, 实例ID: task_66_index_5_1773412591.331
[2026-03-13T22:36:33+08:00][info] 开始处理队列任务: task_id=69, current_index=1098
[2026-03-13T22:36:33+08:00][info] 使用当前发送用户 4255 的 session_path/www/wwwroot/tdata.tgbota.top/public/uploads/admin/202603/69b10fe00169d/13528396542/tdata/temp_8117450112.session
[2026-03-13T22:36:38+08:00][info] 返回:{"status":true,"message":"发送完成，成功1个，失败0个[]","data":{"success":[{"group_id":5072487869,"group_link":"https:\/\/t.me\/+9ZnJ_gHIFV41NzFh","type":"chat","message":"发送成功","message_id":1078}],"failed":[],"debug":["处理标识符: https:\/\/t.me\/+9ZnJ_gHIFV41NzFh, 清理后: https:\/\/t.me\/+9ZnJ_gHIFV41NzFh, 识别为链接: True, 识别为数字ID: False"],"warning":""},"api_address":"185.165.170.142:5040"}
[2026-03-13T22:36:38+08:00][info] 消息ID缓存成功: task_id=69, group_id=https://t.me/+9ZnJ_gHIFV41NzFh, msg_index=1098, message_id=1078, send_user_id=4255
[2026-03-13T22:36:38+08:00][info] 消息状态标记为已发送: task_id=69, group_id=https://t.me/+9ZnJ_gHIFV41NzFh, msg_index=1098
[2026-03-13T22:36:38+08:00][info] 任务 69 将在 89 秒后继续处理下一条消息，索引: 1099, 实例ID: task_69_index_1099_1773412598.3471
[2026-03-13T22:36:58+08:00][info] 开始处理队列任务: task_id=66, current_index=5
[2026-03-13T22:36:58+08:00][info] 消息缓存初始化完成: task_id=66, groups=https://t.me/twogrqoup
[2026-03-13T22:36:58+08:00][info] 任务 66 第 891 次循环，重置群组 https://t.me/twogrqoup 消息状态
[2026-03-13T22:36:58+08:00][info] 使用当前发送用户 3469 的 session_path/www/wwwroot/tdata.tgbota.top/public/uploads/admin/202602/6997fc3070d84/819056965118/tdata/temp_8418493902.session
[2026-03-13T22:37:04+08:00][info] 返回:{"status":true,"message":"发送完成，成功1个，失败0个[]","data":{"success":[{"group_id":3895336513,"group_link":"https:\/\/t.me\/twogrqoup","type":"megagroup","message":"发送成功","message_id":8304}],"failed":[],"debug":["处理标识符: https:\/\/t.me\/twogrqoup, 清理后: https:\/\/t.me\/twogrqoup, 识别为链接: True, 识别为数字ID: False","已是群组成员，群组ID: 3895336513"],"warning":""},"api_address":"185.165.170.142:5062"}
[2026-03-13T22:37:04+08:00][info] 消息ID缓存成功: task_id=66, group_id=https://t.me/twogrqoup, msg_index=5, message_id=8304, send_user_id=3469
[2026-03-13T22:37:04+08:00][info] 消息状态标记为已发送: task_id=66, group_id=https://t.me/twogrqoup, msg_index=5
[2026-03-13T22:37:04+08:00][info] 任务 66 将在 27 秒后继续处理下一条消息，索引: 6, 实例ID: task_66_index_6_1773412624.7421
[2026-03-13T22:37:31+08:00][info] 开始处理队列任务: task_id=66, current_index=6
[2026-03-13T22:37:31+08:00][info] 消息缓存初始化完成: task_id=66, groups=https://t.me/twogrqoup
[2026-03-13T22:37:31+08:00][info] 任务 66 第 891 次循环，重置群组 https://t.me/twogrqoup 消息状态
[2026-03-13T22:37:31+08:00][info] 使用当前发送用户 3471 的 session_path/www/wwwroot/tdata.tgbota.top/public/uploads/admin/202602/6997fc3070d84/819089723520/tdata/temp_8574369010.session
[2026-03-13T22:37:39+08:00][info] 返回:{"status":true,"message":"发送完成，成功1个，失败0个[]","data":{"success":[{"group_id":3895336513,"group_link":"https:\/\/t.me\/twogrqoup","type":"megagroup","message":"发送成功","message_id":8305}],"failed":[],"debug":["处理标识符: https:\/\/t.me\/twogrqoup, 清理后: https:\/\/t.me\/twogrqoup, 识别为链接: True, 识别为数字ID: False","已是群组成员，群组ID: 3895336513"],"warning":""},"api_address":"185.165.170.142:5023"}
[2026-03-13T22:37:39+08:00][info] 消息ID缓存成功: task_id=66, group_id=https://t.me/twogrqoup, msg_index=6, message_id=8305, send_user_id=3471
[2026-03-13T22:37:39+08:00][info] 消息状态标记为已发送: task_id=66, group_id=https://t.me/twogrqoup, msg_index=6
[2026-03-13T22:37:39+08:00][info] 任务 66 将在 13 秒后继续处理下一条消息，索引: 7, 实例ID: task_66_index_7_1773412659.3198
[2026-03-13T22:37:52+08:00][info] 开始处理队列任务: task_id=66, current_index=7
[2026-03-13T22:37:53+08:00][info] 消息缓存初始化完成: task_id=66, groups=https://t.me/twogrqoup
[2026-03-13T22:37:53+08:00][info] 任务 66 第 891 次循环，重置群组 https://t.me/twogrqoup 消息状态
[2026-03-13T22:37:53+08:00][info] 使用当前发送用户 3471 的 session_path/www/wwwroot/tdata.tgbota.top/public/uploads/admin/202602/6997fc3070d84/819089723520/tdata/temp_8574369010.session
[2026-03-13T22:37:59+08:00][info] 返回:{"status":true,"message":"发送完成，成功1个，失败0个[]","data":{"success":[{"group_id":3895336513,"group_link":"https:\/\/t.me\/twogrqoup","type":"megagroup","message":"发送成功","message_id":8306}],"failed":[],"debug":["处理标识符: https:\/\/t.me\/twogrqoup, 清理后: https:\/\/t.me\/twogrqoup, 识别为链接: True, 识别为数字ID: False","已是群组成员，群组ID: 3895336513"],"warning":""},"api_address":"185.165.170.142:5023"}
[2026-03-13T22:37:59+08:00][info] 消息ID缓存成功: task_id=66, group_id=https://t.me/twogrqoup, msg_index=7, message_id=8306, send_user_id=3471
[2026-03-13T22:37:59+08:00][info] 消息状态标记为已发送: task_id=66, group_id=https://t.me/twogrqoup, msg_index=7
[2026-03-13T22:37:59+08:00][info] 任务 66 将在 26 秒后继续处理下一条消息，索引: 8, 实例ID: task_66_index_8_1773412679.259
[2026-03-13T22:38:08+08:00][info] 开始处理队列任务: task_id=69, current_index=1099
[2026-03-13T22:38:08+08:00][info] 使用当前发送用户 4254 的 session_path/www/wwwroot/tdata.tgbota.top/public/uploads/admin/202603/69b10fe00169d/13378414919/tdata/temp_7734543207.session
[2026-03-13T22:38:12+08:00][info] 返回:{"status":true,"message":"发送完成，成功1个，失败0个[]","data":{"success":[{"group_id":5072487869,"group_link":"https:\/\/t.me\/+9ZnJ_gHIFV41NzFh","type":"chat","message":"发送成功","message_id":1076}],"failed":[],"debug":["处理标识符: https:\/\/t.me\/+9ZnJ_gHIFV41NzFh, 清理后: https:\/\/t.me\/+9ZnJ_gHIFV41NzFh, 识别为链接: True, 识别为数字ID: False"],"warning":""},"api_address":"185.165.170.142:5039"}
[2026-03-13T22:38:12+08:00][info] 消息ID缓存成功: task_id=69, group_id=https://t.me/+9ZnJ_gHIFV41NzFh, msg_index=1099, message_id=1076, send_user_id=4254
[2026-03-13T22:38:12+08:00][info] 消息状态标记为已发送: task_id=69, group_id=https://t.me/+9ZnJ_gHIFV41NzFh, msg_index=1099
[2026-03-13T22:38:12+08:00][info] 任务 69 将在 109 秒后继续处理下一条消息，索引: 1100, 实例ID: task_69_index_1100_1773412692.0631
[2026-03-13T22:38:26+08:00][info] 开始处理队列任务: task_id=66, current_index=8
[2026-03-13T22:38:26+08:00][info] 消息缓存初始化完成: task_id=66, groups=https://t.me/twogrqoup
[2026-03-13T22:38:26+08:00][info] 任务 66 第 891 次循环，重置群组 https://t.me/twogrqoup 消息状态
[2026-03-13T22:38:26+08:00][info] 使用当前发送用户 3469 的 session_path/www/wwwroot/tdata.tgbota.top/public/uploads/admin/202602/6997fc3070d84/819056965118/tdata/temp_8418493902.session
[2026-03-13T22:38:34+08:00][info] 返回:{"status":true,"message":"发送完成，成功1个，失败0个[]","data":{"success":[{"group_id":3895336513,"group_link":"https:\/\/t.me\/twogrqoup","type":"megagroup","message":"发送成功","message_id":8307}],"failed":[],"debug":["处理标识符: https:\/\/t.me\/twogrqoup, 清理后: https:\/\/t.me\/twogrqoup, 识别为链接: True, 识别为数字ID: False","已是群组成员，群组ID: 3895336513"],"warning":""},"api_address":"185.165.170.142:5062"}
[2026-03-13T22:38:34+08:00][info] 消息ID缓存成功: task_id=66, group_id=https://t.me/twogrqoup, msg_index=8, message_id=8307, send_user_id=3469
[2026-03-13T22:38:34+08:00][info] 消息状态标记为已发送: task_id=66, group_id=https://t.me/twogrqoup, msg_index=8
[2026-03-13T22:38:34+08:00][info] 任务 66 将在 30 秒后继续处理下一条消息，索引: 9, 实例ID: task_66_index_9_1773412714.2365
[2026-03-13T22:39:04+08:00][info] 开始处理队列任务: task_id=66, current_index=9
[2026-03-13T22:39:04+08:00][info] 消息缓存初始化完成: task_id=66, groups=https://t.me/twogrqoup
[2026-03-13T22:39:04+08:00][info] 任务 66 第 891 次循环，重置群组 https://t.me/twogrqoup 消息状态
[2026-03-13T22:39:04+08:00][info] 任务 66 第 891 轮完成，准备进行第 892 轮
[2026-03-13T22:39:04+08:00][info] 任务 66 即将为下一轮重新入队，延迟 5 秒，从索引 0 开始
[2026-03-13T22:39:09+08:00][info] 开始处理队列任务: task_id=66, current_index=0
[2026-03-13T22:39:09+08:00][info] 消息缓存初始化完成: task_id=66, groups=https://t.me/twogrqoup
[2026-03-13T22:39:09+08:00][info] 任务 66 第 892 次循环，重置群组 https://t.me/twogrqoup 消息状态
[2026-03-13T22:39:09+08:00][info] 使用当前发送用户 3469 的 session_path/www/wwwroot/tdata.tgbota.top/public/uploads/admin/202602/6997fc3070d84/819056965118/tdata/temp_8418493902.session
[2026-03-13T22:39:14+08:00][info] 返回:{"status":true,"message":"发送完成，成功1个，失败0个[]","data":{"success":[{"group_id":3895336513,"group_link":"https:\/\/t.me\/twogrqoup","type":"megagroup","message":"发送成功","message_id":8308}],"failed":[],"debug":["处理标识符: https:\/\/t.me\/twogrqoup, 清理后: https:\/\/t.me\/twogrqoup, 识别为链接: True, 识别为数字ID: False","已是群组成员，群组ID: 3895336513"],"warning":""},"api_address":"185.165.170.142:5062"}
[2026-03-13T22:39:14+08:00][info] 消息ID缓存成功: task_id=66, group_id=https://t.me/twogrqoup, msg_index=0, message_id=8308, send_user_id=3469
[2026-03-13T22:39:14+08:00][info] 消息状态标记为已发送: task_id=66, group_id=https://t.me/twogrqoup, msg_index=0
[2026-03-13T22:39:14+08:00][info] 任务 66 将在 15 秒后继续处理下一条消息，索引: 1, 实例ID: task_66_index_1_1773412754.5553
[2026-03-13T22:39:29+08:00][info] 开始处理队列任务: task_id=66, current_index=1
[2026-03-13T22:39:29+08:00][info] 消息缓存初始化完成: task_id=66, groups=https://t.me/twogrqoup
[2026-03-13T22:39:29+08:00][info] 任务 66 第 892 次循环，重置群组 https://t.me/twogrqoup 消息状态
[2026-03-13T22:39:29+08:00][info] 使用当前发送用户 3472 的 session_path/www/wwwroot/tdata.tgbota.top/public/uploads/admin/202602/6997fc3070d84/819050054287/tdata/temp_8308580822.session
[2026-03-13T22:39:35+08:00][info] 返回:{"status":true,"message":"发送完成，成功1个，失败0个[]","data":{"success":[{"group_id":3895336513,"group_link":"https:\/\/t.me\/twogrqoup","type":"megagroup","message":"发送成功","message_id":8309}],"failed":[],"debug":["处理标识符: https:\/\/t.me\/twogrqoup, 清理后: https:\/\/t.me\/twogrqoup, 识别为链接: True, 识别为数字ID: False","已是群组成员，群组ID: 3895336513"],"warning":""},"api_address":"185.165.170.142:5042"}
[2026-03-13T22:39:35+08:00][info] 消息ID缓存成功: task_id=66, group_id=https://t.me/twogrqoup, msg_index=1, message_id=8309, send_user_id=3472
[2026-03-13T22:39:35+08:00][info] 消息状态标记为已发送: task_id=66, group_id=https://t.me/twogrqoup, msg_index=1
[2026-03-13T22:39:35+08:00][info] 任务 66 将在 30 秒后继续处理下一条消息，索引: 2, 实例ID: task_66_index_2_1773412775.9768
[2026-03-13T22:40:01+08:00][info] 开始处理队列任务: task_id=69, current_index=1100
[2026-03-13T22:40:01+08:00][info] 使用当前发送用户 4253 的 session_path/www/wwwroot/tdata.tgbota.top/public/uploads/admin/202603/69b10fe00169d/13378413371/tdata/temp_7932177269.session
[2026-03-13T22:40:05+08:00][info] 开始处理队列任务: task_id=66, current_index=2
[2026-03-13T22:40:05+08:00][info] 消息缓存初始化完成: task_id=66, groups=https://t.me/twogrqoup
[2026-03-13T22:40:05+08:00][info] 任务 66 第 892 次循环，重置群组 https://t.me/twogrqoup 消息状态
[2026-03-13T22:40:05+08:00][info] 使用当前发送用户 3473 的 session_path/www/wwwroot/tdata.tgbota.top/public/uploads/admin/202602/6997fc3070d84/819054626431/tdata/temp_8503359249.session
[2026-03-13T22:40:06+08:00][info] 返回:{"status":true,"message":"发送完成，成功1个，失败0个[]","data":{"success":[{"group_id":5072487869,"group_link":"https:\/\/t.me\/+9ZnJ_gHIFV41NzFh","type":"chat","message":"发送成功","message_id":1124}],"failed":[],"debug":["处理标识符: https:\/\/t.me\/+9ZnJ_gHIFV41NzFh, 清理后: https:\/\/t.me\/+9ZnJ_gHIFV41NzFh, 识别为链接: True, 识别为数字ID: False"],"warning":""},"api_address":"185.165.170.142:5038"}
[2026-03-13T22:40:06+08:00][info] 消息ID缓存成功: task_id=69, group_id=https://t.me/+9ZnJ_gHIFV41NzFh, msg_index=1100, message_id=1124, send_user_id=4253
[2026-03-13T22:40:06+08:00][info] 消息状态标记为已发送: task_id=69, group_id=https://t.me/+9ZnJ_gHIFV41NzFh, msg_index=1100
[2026-03-13T22:40:06+08:00][info] 任务 69 将在 113 秒后继续处理下一条消息，索引: 1101, 实例ID: task_69_index_1101_1773412806.1687
[2026-03-13T22:40:12+08:00][info] 返回:{"status":true,"message":"发送完成，成功1个，失败0个[]","data":{"success":[{"group_id":3895336513,"group_link":"https:\/\/t.me\/twogrqoup","type":"megagroup","message":"发送成功","message_id":8310}],"failed":[],"debug":["处理标识符: https:\/\/t.me\/twogrqoup, 清理后: https:\/\/t.me\/twogrqoup, 识别为链接: True, 识别为数字ID: False","已是群组成员，群组ID: 3895336513"],"warning":""},"api_address":"185.165.170.142:5043"}
[2026-03-13T22:40:12+08:00][info] 消息ID缓存成功: task_id=66, group_id=https://t.me/twogrqoup, msg_index=2, message_id=8310, send_user_id=3473
[2026-03-13T22:40:12+08:00][info] 消息状态标记为已发送: task_id=66, group_id=https://t.me/twogrqoup, msg_index=2
[2026-03-13T22:40:12+08:00][info] 任务 66 将在 45 秒后继续处理下一条消息，索引: 3, 实例ID: task_66_index_3_1773412812.3554
[2026-03-13T22:40:57+08:00][info] 开始处理队列任务: task_id=66, current_index=3
[2026-03-13T22:40:57+08:00][info] 消息缓存初始化完成: task_id=66, groups=https://t.me/twogrqoup
[2026-03-13T22:40:57+08:00][info] 任务 66 第 892 次循环，重置群组 https://t.me/twogrqoup 消息状态
[2026-03-13T22:40:57+08:00][info] 使用当前发送用户 3469 的 session_path/www/wwwroot/tdata.tgbota.top/public/uploads/admin/202602/6997fc3070d84/819056965118/tdata/temp_8418493902.session
[2026-03-13T22:41:03+08:00][info] 返回:{"status":true,"message":"发送完成，成功1个，失败0个[]","data":{"success":[{"group_id":3895336513,"group_link":"https:\/\/t.me\/twogrqoup","type":"megagroup","message":"发送成功","message_id":8311}],"failed":[],"debug":["处理标识符: https:\/\/t.me\/twogrqoup, 清理后: https:\/\/t.me\/twogrqoup, 识别为链接: True, 识别为数字ID: False","已是群组成员，群组ID: 3895336513"],"warning":""},"api_address":"185.165.170.142:5062"}
[2026-03-13T22:41:03+08:00][info] 消息ID缓存成功: task_id=66, group_id=https://t.me/twogrqoup, msg_index=3, message_id=8311, send_user_id=3469
[2026-03-13T22:41:03+08:00][info] 消息状态标记为已发送: task_id=66, group_id=https://t.me/twogrqoup, msg_index=3
[2026-03-13T22:41:03+08:00][info] 任务 66 将在 20 秒后继续处理下一条消息，索引: 4, 实例ID: task_66_index_4_1773412863.1995
[2026-03-13T22:41:23+08:00][info] 开始处理队列任务: task_id=66, current_index=4
[2026-03-13T22:41:23+08:00][info] 消息缓存初始化完成: task_id=66, groups=https://t.me/twogrqoup
[2026-03-13T22:41:23+08:00][info] 任务 66 第 892 次循环，重置群组 https://t.me/twogrqoup 消息状态
[2026-03-13T22:41:23+08:00][info] 使用当前发送用户 3471 的 session_path/www/wwwroot/tdata.tgbota.top/public/uploads/admin/202602/6997fc3070d84/819089723520/tdata/temp_8574369010.session
[2026-03-13T22:41:28+08:00][info] 返回:{"status":true,"message":"发送完成，成功1个，失败0个[]","data":{"success":[{"group_id":3895336513,"group_link":"https:\/\/t.me\/twogrqoup","type":"megagroup","message":"发送成功","message_id":8312}],"failed":[],"debug":["处理标识符: https:\/\/t.me\/twogrqoup, 清理后: https:\/\/t.me\/twogrqoup, 识别为链接: True, 识别为数字ID: False","已是群组成员，群组ID: 3895336513"],"warning":""},"api_address":"185.165.170.142:5023"}
[2026-03-13T22:41:28+08:00][info] 消息ID缓存成功: task_id=66, group_id=https://t.me/twogrqoup, msg_index=4, message_id=8312, send_user_id=3471
[2026-03-13T22:41:28+08:00][info] 消息状态标记为已发送: task_id=66, group_id=https://t.me/twogrqoup, msg_index=4
[2026-03-13T22:41:29+08:00][info] 任务 66 将在 26 秒后继续处理下一条消息，索引: 5, 实例ID: task_66_index_5_1773412889.0254
[2026-03-13T22:41:56+08:00][info] 开始处理队列任务: task_id=66, current_index=5
[2026-03-13T22:41:56+08:00][info] 消息缓存初始化完成: task_id=66, groups=https://t.me/twogrqoup
[2026-03-13T22:41:56+08:00][info] 任务 66 第 892 次循环，重置群组 https://t.me/twogrqoup 消息状态
[2026-03-13T22:41:56+08:00][info] 使用当前发送用户 3469 的 session_path/www/wwwroot/tdata.tgbota.top/public/uploads/admin/202602/6997fc3070d84/819056965118/tdata/temp_8418493902.session
[2026-03-13T22:41:59+08:00][info] 开始处理队列任务: task_id=69, current_index=1101
[2026-03-13T22:41:59+08:00][info] 使用消息配置中指定的用户 4252 的 session_path/www/wwwroot/tdata.tgbota.top/public/uploads/admin/202603/69b10fe00169d/13394007390/tdata/temp_8558000424.session
[2026-03-13T22:42:03+08:00][info] 返回:{"status":true,"message":"发送完成，成功1个，失败0个[]","data":{"success":[{"group_id":3895336513,"group_link":"https:\/\/t.me\/twogrqoup","type":"megagroup","message":"发送成功","message_id":8313}],"failed":[],"debug":["处理标识符: https:\/\/t.me\/twogrqoup, 清理后: https:\/\/t.me\/twogrqoup, 识别为链接: True, 识别为数字ID: False","已是群组成员，群组ID: 3895336513"],"warning":""},"api_address":"185.165.170.142:5062"}
[2026-03-13T22:42:03+08:00][info] 消息ID缓存成功: task_id=66, group_id=https://t.me/twogrqoup, msg_index=5, message_id=8313, send_user_id=3469
[2026-03-13T22:42:03+08:00][info] 消息状态标记为已发送: task_id=66, group_id=https://t.me/twogrqoup, msg_index=5
[2026-03-13T22:42:03+08:00][info] 任务 66 将在 27 秒后继续处理下一条消息，索引: 6, 实例ID: task_66_index_6_1773412923.7308
[2026-03-13T22:42:05+08:00][info] 返回:{"status":true,"message":"发送完成，成功1个，失败0个[]","data":{"success":[{"group_id":5072487869,"group_link":"https:\/\/t.me\/+9ZnJ_gHIFV41NzFh","type":"chat","message":"发送成功","message_id":1122}],"failed":[],"debug":["处理标识符: https:\/\/t.me\/+9ZnJ_gHIFV41NzFh, 清理后: https:\/\/t.me\/+9ZnJ_gHIFV41NzFh, 识别为链接: True, 识别为数字ID: False"],"warning":""},"api_address":"185.165.170.142:5037"}
[2026-03-13T22:42:05+08:00][info] 消息ID缓存成功: task_id=69, group_id=https://t.me/+9ZnJ_gHIFV41NzFh, msg_index=1101, message_id=1122, send_user_id=4252
[2026-03-13T22:42:05+08:00][info] 消息状态标记为已发送: task_id=69, group_id=https://t.me/+9ZnJ_gHIFV41NzFh, msg_index=1101
[2026-03-13T22:42:05+08:00][info] 任务 69 将在 70 秒后继续处理下一条消息，索引: 1102, 实例ID: task_69_index_1102_1773412925.277
[2026-03-13T22:42:30+08:00][info] 开始处理队列任务: task_id=66, current_index=6
[2026-03-13T22:42:30+08:00][info] 消息缓存初始化完成: task_id=66, groups=https://t.me/twogrqoup
[2026-03-13T22:42:30+08:00][info] 任务 66 第 892 次循环，重置群组 https://t.me/twogrqoup 消息状态
[2026-03-13T22:42:30+08:00][info] 使用当前发送用户 3471 的 session_path/www/wwwroot/tdata.tgbota.top/public/uploads/admin/202602/6997fc3070d84/819089723520/tdata/temp_8574369010.session
[2026-03-13T22:42:36+08:00][info] 返回:{"status":true,"message":"发送完成，成功1个，失败0个[]","data":{"success":[{"group_id":3895336513,"group_link":"https:\/\/t.me\/twogrqoup","type":"megagroup","message":"发送成功","message_id":8314}],"failed":[],"debug":["处理标识符: https:\/\/t.me\/twogrqoup, 清理后: https:\/\/t.me\/twogrqoup, 识别为链接: True, 识别为数字ID: False","已是群组成员，群组ID: 3895336513"],"warning":""},"api_address":"185.165.170.142:5023"}
[2026-03-13T22:42:36+08:00][info] 消息ID缓存成功: task_id=66, group_id=https://t.me/twogrqoup, msg_index=6, message_id=8314, send_user_id=3471
[2026-03-13T22:42:36+08:00][info] 消息状态标记为已发送: task_id=66, group_id=https://t.me/twogrqoup, msg_index=6
[2026-03-13T22:42:36+08:00][info] 任务 66 将在 13 秒后继续处理下一条消息，索引: 7, 实例ID: task_66_index_7_1773412956.8894
[2026-03-13T22:42:50+08:00][info] 开始处理队列任务: task_id=66, current_index=7
[2026-03-13T22:42:50+08:00][info] 消息缓存初始化完成: task_id=66, groups=https://t.me/twogrqoup
[2026-03-13T22:42:50+08:00][info] 任务 66 第 892 次循环，重置群组 https://t.me/twogrqoup 消息状态
[2026-03-13T22:42:50+08:00][info] 使用当前发送用户 3471 的 session_path/www/wwwroot/tdata.tgbota.top/public/uploads/admin/202602/6997fc3070d84/819089723520/tdata/temp_8574369010.session
[2026-03-13T22:42:57+08:00][info] 返回:{"status":true,"message":"发送完成，成功1个，失败0个[]","data":{"success":[{"group_id":3895336513,"group_link":"https:\/\/t.me\/twogrqoup","type":"megagroup","message":"发送成功","message_id":8315}],"failed":[],"debug":["处理标识符: https:\/\/t.me\/twogrqoup, 清理后: https:\/\/t.me\/twogrqoup, 识别为链接: True, 识别为数字ID: False","已是群组成员，群组ID: 3895336513"],"warning":""},"api_address":"185.165.170.142:5023"}
[2026-03-13T22:42:57+08:00][info] 消息ID缓存成功: task_id=66, group_id=https://t.me/twogrqoup, msg_index=7, message_id=8315, send_user_id=3471
[2026-03-13T22:42:57+08:00][info] 消息状态标记为已发送: task_id=66, group_id=https://t.me/twogrqoup, msg_index=7
[2026-03-13T22:42:57+08:00][info] 任务 66 将在 26 秒后继续处理下一条消息，索引: 8, 实例ID: task_66_index_8_1773412977.77
[2026-03-13T22:43:15+08:00][info] 开始处理队列任务: task_id=69, current_index=1102
[2026-03-13T22:43:15+08:00][info] 使用feedbackType=1102的消息ID: 1122
[2026-03-13T22:43:15+08:00][info] 使用消息配置中指定的用户 4249 的 session_path/www/wwwroot/tdata.tgbota.top/public/uploads/admin/202603/69b10fe00169d/13528023939/tdata/temp_8564033513.session
[2026-03-13T22:43:21+08:00][info] 返回:{"status":true,"message":"发送完成，成功1个，失败0个[]","data":{"success":[{"group_id":5072487869,"group_link":"https:\/\/t.me\/+9ZnJ_gHIFV41NzFh","type":"chat","message":"发送成功","message_id":1116}],"failed":[],"debug":["处理标识符: https:\/\/t.me\/+9ZnJ_gHIFV41NzFh, 清理后: https:\/\/t.me\/+9ZnJ_gHIFV41NzFh, 识别为链接: True, 识别为数字ID: False"],"warning":""},"api_address":"185.165.170.142:5034"}
[2026-03-13T22:43:21+08:00][info] 消息ID缓存成功: task_id=69, group_id=https://t.me/+9ZnJ_gHIFV41NzFh, msg_index=1102, message_id=1116, send_user_id=4249
[2026-03-13T22:43:21+08:00][info] 消息状态标记为已发送: task_id=69, group_id=https://t.me/+9ZnJ_gHIFV41NzFh, msg_index=1102
[2026-03-13T22:43:21+08:00][info] 任务 69 将在 80 秒后继续处理下一条消息，索引: 1103, 实例ID: task_69_index_1103_1773413001.1629
[2026-03-13T22:43:23+08:00][info] 开始处理队列任务: task_id=66, current_index=8
[2026-03-13T22:43:23+08:00][info] 消息缓存初始化完成: task_id=66, groups=https://t.me/twogrqoup
[2026-03-13T22:43:23+08:00][info] 任务 66 第 892 次循环，重置群组 https://t.me/twogrqoup 消息状态
[2026-03-13T22:43:23+08:00][info] 使用当前发送用户 3469 的 session_path/www/wwwroot/tdata.tgbota.top/public/uploads/admin/202602/6997fc3070d84/819056965118/tdata/temp_8418493902.session
[2026-03-13T22:43:29+08:00][info] 返回:{"status":true,"message":"发送完成，成功1个，失败0个[]","data":{"success":[{"group_id":3895336513,"group_link":"https:\/\/t.me\/twogrqoup","type":"megagroup","message":"发送成功","message_id":8316}],"failed":[],"debug":["处理标识符: https:\/\/t.me\/twogrqoup, 清理后: https:\/\/t.me\/twogrqoup, 识别为链接: True, 识别为数字ID: False","已是群组成员，群组ID: 3895336513"],"warning":""},"api_address":"185.165.170.142:5062"}
[2026-03-13T22:43:29+08:00][info] 消息ID缓存成功: task_id=66, group_id=https://t.me/twogrqoup, msg_index=8, message_id=8316, send_user_id=3469
[2026-03-13T22:43:29+08:00][info] 消息状态标记为已发送: task_id=66, group_id=https://t.me/twogrqoup, msg_index=8
[2026-03-13T22:43:29+08:00][info] 任务 66 将在 30 秒后继续处理下一条消息，索引: 9, 实例ID: task_66_index_9_1773413009.9588
[2026-03-13T22:43:59+08:00][info] 开始处理队列任务: task_id=66, current_index=9
[2026-03-13T22:43:59+08:00][info] 消息缓存初始化完成: task_id=66, groups=https://t.me/twogrqoup
[2026-03-13T22:43:59+08:00][info] 任务 66 第 892 次循环，重置群组 https://t.me/twogrqoup 消息状态
[2026-03-13T22:43:59+08:00][info] 任务 66 第 892 轮完成，准备进行第 893 轮
[2026-03-13T22:43:59+08:00][info] 任务 66 即将为下一轮重新入队，延迟 5 秒，从索引 0 开始
[2026-03-13T22:44:05+08:00][info] 开始处理队列任务: task_id=66, current_index=0
[2026-03-13T22:44:05+08:00][info] 消息缓存初始化完成: task_id=66, groups=https://t.me/twogrqoup
[2026-03-13T22:44:05+08:00][info] 任务 66 第 893 次循环，重置群组 https://t.me/twogrqoup 消息状态
[2026-03-13T22:44:05+08:00][info] 使用当前发送用户 3469 的 session_path/www/wwwroot/tdata.tgbota.top/public/uploads/admin/202602/6997fc3070d84/819056965118/tdata/temp_8418493902.session
[2026-03-13T22:44:11+08:00][info] 返回:{"status":true,"message":"发送完成，成功1个，失败0个[]","data":{"success":[{"group_id":3895336513,"group_link":"https:\/\/t.me\/twogrqoup","type":"megagroup","message":"发送成功","message_id":8317}],"failed":[],"debug":["处理标识符: https:\/\/t.me\/twogrqoup, 清理后: https:\/\/t.me\/twogrqoup, 识别为链接: True, 识别为数字ID: False","已是群组成员，群组ID: 3895336513"],"warning":""},"api_address":"185.165.170.142:5062"}
[2026-03-13T22:44:11+08:00][info] 消息ID缓存成功: task_id=66, group_id=https://t.me/twogrqoup, msg_index=0, message_id=8317, send_user_id=3469
[2026-03-13T22:44:11+08:00][info] 消息状态标记为已发送: task_id=66, group_id=https://t.me/twogrqoup, msg_index=0
[2026-03-13T22:44:11+08:00][info] 任务 66 将在 15 秒后继续处理下一条消息，索引: 1, 实例ID: task_66_index_1_1773413051.4777
[2026-03-13T22:44:26+08:00][info] 开始处理队列任务: task_id=66, current_index=1
[2026-03-13T22:44:26+08:00][info] 消息缓存初始化完成: task_id=66, groups=https://t.me/twogrqoup
[2026-03-13T22:44:26+08:00][info] 任务 66 第 893 次循环，重置群组 https://t.me/twogrqoup 消息状态
[2026-03-13T22:44:26+08:00][info] 使用当前发送用户 3472 的 session_path/www/wwwroot/tdata.tgbota.top/public/uploads/admin/202602/6997fc3070d84/819050054287/tdata/temp_8308580822.session
[2026-03-13T22:44:34+08:00][info] 返回:{"status":true,"message":"发送完成，成功1个，失败0个[]","data":{"success":[{"group_id":3895336513,"group_link":"https:\/\/t.me\/twogrqoup","type":"megagroup","message":"发送成功","message_id":8318}],"failed":[],"debug":["处理标识符: https:\/\/t.me\/twogrqoup, 清理后: https:\/\/t.me\/twogrqoup, 识别为链接: True, 识别为数字ID: False","已是群组成员，群组ID: 3895336513"],"warning":""},"api_address":"185.165.170.142:5042"}
[2026-03-13T22:44:34+08:00][info] 消息ID缓存成功: task_id=66, group_id=https://t.me/twogrqoup, msg_index=1, message_id=8318, send_user_id=3472
[2026-03-13T22:44:34+08:00][info] 消息状态标记为已发送: task_id=66, group_id=https://t.me/twogrqoup, msg_index=1
[2026-03-13T22:44:34+08:00][info] 任务 66 将在 30 秒后继续处理下一条消息，索引: 2, 实例ID: task_66_index_2_1773413074.3109
[2026-03-13T22:44:41+08:00][info] 开始处理队列任务: task_id=69, current_index=1103
[2026-03-13T22:44:42+08:00][info] 使用消息配置中指定的用户 4251 的 session_path/www/wwwroot/tdata.tgbota.top/public/uploads/admin/202603/69b10fe00169d/13412475078/tdata/temp_8525124544.session
[2026-03-13T22:44:47+08:00][info] 返回:{"status":true,"message":"发送完成，成功1个，失败0个[]","data":{"success":[{"group_id":5072487869,"group_link":"https:\/\/t.me\/+9ZnJ_gHIFV41NzFh","type":"chat","message":"发送成功","message_id":1122}],"failed":[],"debug":["处理标识符: https:\/\/t.me\/+9ZnJ_gHIFV41NzFh, 清理后: https:\/\/t.me\/+9ZnJ_gHIFV41NzFh, 识别为链接: True, 识别为数字ID: False"],"warning":""},"api_address":"185.165.170.142:5036"}
[2026-03-13T22:44:47+08:00][info] 消息ID缓存成功: task_id=69, group_id=https://t.me/+9ZnJ_gHIFV41NzFh, msg_index=1103, message_id=1122, send_user_id=4251
[2026-03-13T22:44:47+08:00][info] 消息状态标记为已发送: task_id=69, group_id=https://t.me/+9ZnJ_gHIFV41NzFh, msg_index=1103
[2026-03-13T22:44:47+08:00][info] 任务 69 将在 90 秒后继续处理下一条消息，索引: 1104, 实例ID: task_69_index_1104_1773413087.0723
[2026-03-13T22:45:04+08:00][info] 开始处理队列任务: task_id=66, current_index=2
[2026-03-13T22:45:04+08:00][info] 消息缓存初始化完成: task_id=66, groups=https://t.me/twogrqoup
[2026-03-13T22:45:04+08:00][info] 任务 66 第 893 次循环，重置群组 https://t.me/twogrqoup 消息状态
[2026-03-13T22:45:04+08:00][info] 使用当前发送用户 3473 的 session_path/www/wwwroot/tdata.tgbota.top/public/uploads/admin/202602/6997fc3070d84/819054626431/tdata/temp_8503359249.session
[2026-03-13T22:45:11+08:00][info] 返回:{"status":true,"message":"发送完成，成功1个，失败0个[]","data":{"success":[{"group_id":3895336513,"group_link":"https:\/\/t.me\/twogrqoup","type":"megagroup","message":"发送成功","message_id":8319}],"failed":[],"debug":["处理标识符: https:\/\/t.me\/twogrqoup, 清理后: https:\/\/t.me\/twogrqoup, 识别为链接: True, 识别为数字ID: False","已是群组成员，群组ID: 3895336513"],"warning":""},"api_address":"185.165.170.142:5043"}
[2026-03-13T22:45:11+08:00][info] 消息ID缓存成功: task_id=66, group_id=https://t.me/twogrqoup, msg_index=2, message_id=8319, send_user_id=3473
[2026-03-13T22:45:11+08:00][info] 消息状态标记为已发送: task_id=66, group_id=https://t.me/twogrqoup, msg_index=2
[2026-03-13T22:45:11+08:00][info] 任务 66 将在 45 秒后继续处理下一条消息，索引: 3, 实例ID: task_66_index_3_1773413111.4784
[2026-03-13T22:45:56+08:00][info] 开始处理队列任务: task_id=66, current_index=3
[2026-03-13T22:45:56+08:00][info] 消息缓存初始化完成: task_id=66, groups=https://t.me/twogrqoup
[2026-03-13T22:45:56+08:00][info] 任务 66 第 893 次循环，重置群组 https://t.me/twogrqoup 消息状态
[2026-03-13T22:45:56+08:00][info] 使用当前发送用户 3469 的 session_path/www/wwwroot/tdata.tgbota.top/public/uploads/admin/202602/6997fc3070d84/819056965118/tdata/temp_8418493902.session
[2026-03-13T22:46:02+08:00][info] 返回:{"status":true,"message":"发送完成，成功1个，失败0个[]","data":{"success":[{"group_id":3895336513,"group_link":"https:\/\/t.me\/twogrqoup","type":"megagroup","message":"发送成功","message_id":8320}],"failed":[],"debug":["处理标识符: https:\/\/t.me\/twogrqoup, 清理后: https:\/\/t.me\/twogrqoup, 识别为链接: True, 识别为数字ID: False","已是群组成员，群组ID: 3895336513"],"warning":""},"api_address":"185.165.170.142:5062"}
[2026-03-13T22:46:02+08:00][info] 消息ID缓存成功: task_id=66, group_id=https://t.me/twogrqoup, msg_index=3, message_id=8320, send_user_id=3469
[2026-03-13T22:46:02+08:00][info] 消息状态标记为已发送: task_id=66, group_id=https://t.me/twogrqoup, msg_index=3
[2026-03-13T22:46:02+08:00][info] 任务 66 将在 20 秒后继续处理下一条消息，索引: 4, 实例ID: task_66_index_4_1773413162.5225
[2026-03-13T22:46:17+08:00][info] 开始处理队列任务: task_id=69, current_index=1104
[2026-03-13T22:46:17+08:00][info] 使用feedbackType=1104的消息ID: 1122
[2026-03-13T22:46:17+08:00][info] 使用当前发送用户 4250 的 session_path/www/wwwroot/tdata.tgbota.top/public/uploads/admin/202603/69b10fe00169d/13639996422/tdata/temp_8445838957.session
[2026-03-13T22:46:23+08:00][info] 返回:{"status":true,"message":"发送完成，成功1个，失败0个[]","data":{"success":[{"group_id":5072487869,"group_link":"https:\/\/t.me\/+9ZnJ_gHIFV41NzFh","type":"chat","message":"发送成功","message_id":1120}],"failed":[],"debug":["处理标识符: https:\/\/t.me\/+9ZnJ_gHIFV41NzFh, 清理后: https:\/\/t.me\/+9ZnJ_gHIFV41NzFh, 识别为链接: True, 识别为数字ID: False"],"warning":""},"api_address":"185.165.170.142:5035"}
[2026-03-13T22:46:23+08:00][info] 消息ID缓存成功: task_id=69, group_id=https://t.me/+9ZnJ_gHIFV41NzFh, msg_index=1104, message_id=1120, send_user_id=4250
[2026-03-13T22:46:23+08:00][info] 消息状态标记为已发送: task_id=69, group_id=https://t.me/+9ZnJ_gHIFV41NzFh, msg_index=1104
[2026-03-13T22:46:23+08:00][info] 任务 69 将在 76 秒后继续处理下一条消息，索引: 1105, 实例ID: task_69_index_1105_1773413183.2464
[2026-03-13T22:46:23+08:00][info] 开始处理队列任务: task_id=66, current_index=4
[2026-03-13T22:46:23+08:00][info] 消息缓存初始化完成: task_id=66, groups=https://t.me/twogrqoup
[2026-03-13T22:46:23+08:00][info] 任务 66 第 893 次循环，重置群组 https://t.me/twogrqoup 消息状态
[2026-03-13T22:46:23+08:00][info] 使用当前发送用户 3471 的 session_path/www/wwwroot/tdata.tgbota.top/public/uploads/admin/202602/6997fc3070d84/819089723520/tdata/temp_8574369010.session
[2026-03-13T22:46:30+08:00][info] 返回:{"status":true,"message":"发送完成，成功1个，失败0个[]","data":{"success":[{"group_id":3895336513,"group_link":"https:\/\/t.me\/twogrqoup","type":"megagroup","message":"发送成功","message_id":8321}],"failed":[],"debug":["处理标识符: https:\/\/t.me\/twogrqoup, 清理后: https:\/\/t.me\/twogrqoup, 识别为链接: True, 识别为数字ID: False","已是群组成员，群组ID: 3895336513"],"warning":""},"api_address":"185.165.170.142:5023"}
[2026-03-13T22:46:30+08:00][info] 消息ID缓存成功: task_id=66, group_id=https://t.me/twogrqoup, msg_index=4, message_id=8321, send_user_id=3471
[2026-03-13T22:46:30+08:00][info] 消息状态标记为已发送: task_id=66, group_id=https://t.me/twogrqoup, msg_index=4
[2026-03-13T22:46:30+08:00][info] 任务 66 将在 26 秒后继续处理下一条消息，索引: 5, 实例ID: task_66_index_5_1773413190.6523
[2026-03-13T22:46:56+08:00][info] 开始处理队列任务: task_id=66, current_index=5
[2026-03-13T22:46:56+08:00][info] 消息缓存初始化完成: task_id=66, groups=https://t.me/twogrqoup
[2026-03-13T22:46:56+08:00][info] 任务 66 第 893 次循环，重置群组 https://t.me/twogrqoup 消息状态
[2026-03-13T22:46:56+08:00][info] 使用当前发送用户 3469 的 session_path/www/wwwroot/tdata.tgbota.top/public/uploads/admin/202602/6997fc3070d84/819056965118/tdata/temp_8418493902.session
[2026-03-13T22:47:04+08:00][info] 返回:{"status":true,"message":"发送完成，成功1个，失败0个[]","data":{"success":[{"group_id":3895336513,"group_link":"https:\/\/t.me\/twogrqoup","type":"megagroup","message":"发送成功","message_id":8322}],"failed":[],"debug":["处理标识符: https:\/\/t.me\/twogrqoup, 清理后: https:\/\/t.me\/twogrqoup, 识别为链接: True, 识别为数字ID: False","已是群组成员，群组ID: 3895336513"],"warning":""},"api_address":"185.165.170.142:5062"}
[2026-03-13T22:47:04+08:00][info] 消息ID缓存成功: task_id=66, group_id=https://t.me/twogrqoup, msg_index=5, message_id=8322, send_user_id=3469
[2026-03-13T22:47:04+08:00][info] 消息状态标记为已发送: task_id=66, group_id=https://t.me/twogrqoup, msg_index=5
[2026-03-13T22:47:04+08:00][info] 任务 66 将在 27 秒后继续处理下一条消息，索引: 6, 实例ID: task_66_index_6_1773413224.5371
[2026-03-13T22:47:31+08:00][info] 开始处理队列任务: task_id=66, current_index=6
[2026-03-13T22:47:31+08:00][info] 消息缓存初始化完成: task_id=66, groups=https://t.me/twogrqoup
[2026-03-13T22:47:31+08:00][info] 任务 66 第 893 次循环，重置群组 https://t.me/twogrqoup 消息状态
[2026-03-13T22:47:31+08:00][info] 使用当前发送用户 3471 的 session_path/www/wwwroot/tdata.tgbota.top/public/uploads/admin/202602/6997fc3070d84/819089723520/tdata/temp_8574369010.session
[2026-03-13T22:47:37+08:00][info] 返回:{"status":true,"message":"发送完成，成功1个，失败0个[]","data":{"success":[{"group_id":3895336513,"group_link":"https:\/\/t.me\/twogrqoup","type":"megagroup","message":"发送成功","message_id":8323}],"failed":[],"debug":["处理标识符: https:\/\/t.me\/twogrqoup, 清理后: https:\/\/t.me\/twogrqoup, 识别为链接: True, 识别为数字ID: False","已是群组成员，群组ID: 3895336513"],"warning":""},"api_address":"185.165.170.142:5023"}
[2026-03-13T22:47:37+08:00][info] 消息ID缓存成功: task_id=66, group_id=https://t.me/twogrqoup, msg_index=6, message_id=8323, send_user_id=3471
[2026-03-13T22:47:37+08:00][info] 消息状态标记为已发送: task_id=66, group_id=https://t.me/twogrqoup, msg_index=6
[2026-03-13T22:47:37+08:00][info] 任务 66 将在 13 秒后继续处理下一条消息，索引: 7, 实例ID: task_66_index_7_1773413257.591
[2026-03-13T22:47:39+08:00][info] 开始处理队列任务: task_id=69, current_index=1105
[2026-03-13T22:47:39+08:00][info] 使用消息配置中指定的用户 4248 的 session_path/www/wwwroot/tdata.tgbota.top/public/uploads/admin/202603/69b10fe00169d/13394631524/tdata/temp_8023071106.session
[2026-03-13T22:47:45+08:00][info] 返回:{"status":true,"message":"发送完成，成功1个，失败0个[]","data":{"success":[{"group_id":5072487869,"group_link":"https:\/\/t.me\/+9ZnJ_gHIFV41NzFh","type":"chat","message":"发送成功","message_id":1117}],"failed":[],"debug":["处理标识符: https:\/\/t.me\/+9ZnJ_gHIFV41NzFh, 清理后: https:\/\/t.me\/+9ZnJ_gHIFV41NzFh, 识别为链接: True, 识别为数字ID: False"],"warning":""},"api_address":"185.165.170.142:5033"}
[2026-03-13T22:47:45+08:00][info] 消息ID缓存成功: task_id=69, group_id=https://t.me/+9ZnJ_gHIFV41NzFh, msg_index=1105, message_id=1117, send_user_id=4248
[2026-03-13T22:47:45+08:00][info] 消息状态标记为已发送: task_id=69, group_id=https://t.me/+9ZnJ_gHIFV41NzFh, msg_index=1105
[2026-03-13T22:47:45+08:00][info] 任务 69 将在 80 秒后继续处理下一条消息，索引: 1106, 实例ID: task_69_index_1106_1773413265.7763
[2026-03-13T22:47:51+08:00][info] 开始处理队列任务: task_id=66, current_index=7
[2026-03-13T22:47:51+08:00][info] 消息缓存初始化完成: task_id=66, groups=https://t.me/twogrqoup
[2026-03-13T22:47:51+08:00][info] 任务 66 第 893 次循环，重置群组 https://t.me/twogrqoup 消息状态
[2026-03-13T22:47:51+08:00][info] 使用当前发送用户 3471 的 session_path/www/wwwroot/tdata.tgbota.top/public/uploads/admin/202602/6997fc3070d84/819089723520/tdata/temp_8574369010.session
[2026-03-13T22:47:58+08:00][info] 返回:{"status":true,"message":"发送完成，成功1个，失败0个[]","data":{"success":[{"group_id":3895336513,"group_link":"https:\/\/t.me\/twogrqoup","type":"megagroup","message":"发送成功","message_id":8324}],"failed":[],"debug":["处理标识符: https:\/\/t.me\/twogrqoup, 清理后: https:\/\/t.me\/twogrqoup, 识别为链接: True, 识别为数字ID: False","已是群组成员，群组ID: 3895336513"],"warning":""},"api_address":"185.165.170.142:5023"}
[2026-03-13T22:47:58+08:00][info] 消息ID缓存成功: task_id=66, group_id=https://t.me/twogrqoup, msg_index=7, message_id=8324, send_user_id=3471
[2026-03-13T22:47:58+08:00][info] 消息状态标记为已发送: task_id=66, group_id=https://t.me/twogrqoup, msg_index=7
[2026-03-13T22:47:58+08:00][info] 任务 66 将在 26 秒后继续处理下一条消息，索引: 8, 实例ID: task_66_index_8_1773413278.0491
[2026-03-13T22:48:24+08:00][info] 开始处理队列任务: task_id=66, current_index=8
[2026-03-13T22:48:24+08:00][info] 消息缓存初始化完成: task_id=66, groups=https://t.me/twogrqoup
[2026-03-13T22:48:24+08:00][info] 任务 66 第 893 次循环，重置群组 https://t.me/twogrqoup 消息状态
[2026-03-13T22:48:24+08:00][info] 使用当前发送用户 3469 的 session_path/www/wwwroot/tdata.tgbota.top/public/uploads/admin/202602/6997fc3070d84/819056965118/tdata/temp_8418493902.session
[2026-03-13T22:48:29+08:00][info] 返回:{"status":true,"message":"发送完成，成功1个，失败0个[]","data":{"success":[{"group_id":3895336513,"group_link":"https:\/\/t.me\/twogrqoup","type":"megagroup","message":"发送成功","message_id":8325}],"failed":[],"debug":["处理标识符: https:\/\/t.me\/twogrqoup, 清理后: https:\/\/t.me\/twogrqoup, 识别为链接: True, 识别为数字ID: False","已是群组成员，群组ID: 3895336513"],"warning":""},"api_address":"185.165.170.142:5062"}
[2026-03-13T22:48:29+08:00][info] 消息ID缓存成功: task_id=66, group_id=https://t.me/twogrqoup, msg_index=8, message_id=8325, send_user_id=3469
[2026-03-13T22:48:29+08:00][info] 消息状态标记为已发送: task_id=66, group_id=https://t.me/twogrqoup, msg_index=8
[2026-03-13T22:48:29+08:00][info] 任务 66 将在 30 秒后继续处理下一条消息，索引: 9, 实例ID: task_66_index_9_1773413309.5464
[2026-03-13T22:48:59+08:00][info] 开始处理队列任务: task_id=66, current_index=9
[2026-03-13T22:48:59+08:00][info] 消息缓存初始化完成: task_id=66, groups=https://t.me/twogrqoup
[2026-03-13T22:48:59+08:00][info] 任务 66 第 893 次循环，重置群组 https://t.me/twogrqoup 消息状态
[2026-03-13T22:48:59+08:00][info] 任务 66 第 893 轮完成，准备进行第 894 轮
[2026-03-13T22:48:59+08:00][info] 任务 66 即将为下一轮重新入队，延迟 5 秒，从索引 0 开始
[2026-03-13T22:49:04+08:00][info] 开始处理队列任务: task_id=66, current_index=0
[2026-03-13T22:49:04+08:00][info] 消息缓存初始化完成: task_id=66, groups=https://t.me/twogrqoup
[2026-03-13T22:49:04+08:00][info] 任务 66 第 894 次循环，重置群组 https://t.me/twogrqoup 消息状态
[2026-03-13T22:49:04+08:00][info] 使用当前发送用户 3469 的 session_path/www/wwwroot/tdata.tgbota.top/public/uploads/admin/202602/6997fc3070d84/819056965118/tdata/temp_8418493902.session
[2026-03-13T22:49:05+08:00][info] 开始处理队列任务: task_id=69, current_index=1106
[2026-03-13T22:49:05+08:00][info] 使用消息配置中指定的用户 4248 的 session_path/www/wwwroot/tdata.tgbota.top/public/uploads/admin/202603/69b10fe00169d/13394631524/tdata/temp_8023071106.session
[2026-03-13T22:49:09+08:00][info] 返回:{"status":true,"message":"发送完成，成功1个，失败0个[]","data":{"success":[{"group_id":3895336513,"group_link":"https:\/\/t.me\/twogrqoup","type":"megagroup","message":"发送成功","message_id":8326}],"failed":[],"debug":["处理标识符: https:\/\/t.me\/twogrqoup, 清理后: https:\/\/t.me\/twogrqoup, 识别为链接: True, 识别为数字ID: False","已是群组成员，群组ID: 3895336513"],"warning":""},"api_address":"185.165.170.142:5062"}
[2026-03-13T22:49:09+08:00][info] 消息ID缓存成功: task_id=66, group_id=https://t.me/twogrqoup, msg_index=0, message_id=8326, send_user_id=3469
[2026-03-13T22:49:09+08:00][info] 消息状态标记为已发送: task_id=66, group_id=https://t.me/twogrqoup, msg_index=0
[2026-03-13T22:49:09+08:00][info] 任务 66 将在 15 秒后继续处理下一条消息，索引: 1, 实例ID: task_66_index_1_1773413349.8257
[2026-03-13T22:49:10+08:00][info] 返回:{"status":true,"message":"发送完成，成功1个，失败0个[]","data":{"success":[{"group_id":5072487869,"group_link":"https:\/\/t.me\/+9ZnJ_gHIFV41NzFh","type":"chat","message":"发送成功","message_id":1118}],"failed":[],"debug":["处理标识符: https:\/\/t.me\/+9ZnJ_gHIFV41NzFh, 清理后: https:\/\/t.me\/+9ZnJ_gHIFV41NzFh, 识别为链接: True, 识别为数字ID: False"],"warning":""},"api_address":"185.165.170.142:5033"}
[2026-03-13T22:49:10+08:00][info] 消息ID缓存成功: task_id=69, group_id=https://t.me/+9ZnJ_gHIFV41NzFh, msg_index=1106, message_id=1118, send_user_id=4248
[2026-03-13T22:49:10+08:00][info] 消息状态标记为已发送: task_id=69, group_id=https://t.me/+9ZnJ_gHIFV41NzFh, msg_index=1106
[2026-03-13T22:49:10+08:00][info] 任务 69 将在 108 秒后继续处理下一条消息，索引: 1107, 实例ID: task_69_index_1107_1773413350.5175
[2026-03-13T22:49:24+08:00][info] 开始处理队列任务: task_id=66, current_index=1
[2026-03-13T22:49:24+08:00][info] 消息缓存初始化完成: task_id=66, groups=https://t.me/twogrqoup
[2026-03-13T22:49:24+08:00][info] 任务 66 第 894 次循环，重置群组 https://t.me/twogrqoup 消息状态
[2026-03-13T22:49:24+08:00][info] 使用当前发送用户 3472 的 session_path/www/wwwroot/tdata.tgbota.top/public/uploads/admin/202602/6997fc3070d84/819050054287/tdata/temp_8308580822.session
[2026-03-13T22:49:32+08:00][info] 返回:{"status":true,"message":"发送完成，成功1个，失败0个[]","data":{"success":[{"group_id":3895336513,"group_link":"https:\/\/t.me\/twogrqoup","type":"megagroup","message":"发送成功","message_id":8327}],"failed":[],"debug":["处理标识符: https:\/\/t.me\/twogrqoup, 清理后: https:\/\/t.me\/twogrqoup, 识别为链接: True, 识别为数字ID: False","已是群组成员，群组ID: 3895336513"],"warning":""},"api_address":"185.165.170.142:5042"}
[2026-03-13T22:49:32+08:00][info] 消息ID缓存成功: task_id=66, group_id=https://t.me/twogrqoup, msg_index=1, message_id=8327, send_user_id=3472
[2026-03-13T22:49:32+08:00][info] 消息状态标记为已发送: task_id=66, group_id=https://t.me/twogrqoup, msg_index=1
[2026-03-13T22:49:32+08:00][info] 任务 66 将在 30 秒后继续处理下一条消息，索引: 2, 实例ID: task_66_index_2_1773413372.1493
[2026-03-13T22:50:02+08:00][info] 开始处理队列任务: task_id=66, current_index=2
[2026-03-13T22:50:02+08:00][info] 消息缓存初始化完成: task_id=66, groups=https://t.me/twogrqoup
[2026-03-13T22:50:02+08:00][info] 任务 66 第 894 次循环，重置群组 https://t.me/twogrqoup 消息状态
[2026-03-13T22:50:02+08:00][info] 使用当前发送用户 3473 的 session_path/www/wwwroot/tdata.tgbota.top/public/uploads/admin/202602/6997fc3070d84/819054626431/tdata/temp_8503359249.session
[2026-03-13T22:50:09+08:00][info] 返回:{"status":true,"message":"发送完成，成功1个，失败0个[]","data":{"success":[{"group_id":3895336513,"group_link":"https:\/\/t.me\/twogrqoup","type":"megagroup","message":"发送成功","message_id":8328}],"failed":[],"debug":["处理标识符: https:\/\/t.me\/twogrqoup, 清理后: https:\/\/t.me\/twogrqoup, 识别为链接: True, 识别为数字ID: False","已是群组成员，群组ID: 3895336513"],"warning":""},"api_address":"185.165.170.142:5043"}
[2026-03-13T22:50:09+08:00][info] 消息ID缓存成功: task_id=66, group_id=https://t.me/twogrqoup, msg_index=2, message_id=8328, send_user_id=3473
[2026-03-13T22:50:09+08:00][info] 消息状态标记为已发送: task_id=66, group_id=https://t.me/twogrqoup, msg_index=2
[2026-03-13T22:50:09+08:00][info] 任务 66 将在 45 秒后继续处理下一条消息，索引: 3, 实例ID: task_66_index_3_1773413409.1349
[2026-03-13T22:50:54+08:00][info] 开始处理队列任务: task_id=66, current_index=3
[2026-03-13T22:50:54+08:00][info] 消息缓存初始化完成: task_id=66, groups=https://t.me/twogrqoup
[2026-03-13T22:50:54+08:00][info] 任务 66 第 894 次循环，重置群组 https://t.me/twogrqoup 消息状态
[2026-03-13T22:50:54+08:00][info] 使用当前发送用户 3469 的 session_path/www/wwwroot/tdata.tgbota.top/public/uploads/admin/202602/6997fc3070d84/819056965118/tdata/temp_8418493902.session
[2026-03-13T22:50:58+08:00][info] 开始处理队列任务: task_id=69, current_index=1107
[2026-03-13T22:50:58+08:00][info] 使用消息配置中指定的用户 4247 的 session_path/www/wwwroot/tdata.tgbota.top/public/uploads/admin/202603/69b10fe00169d/13463004519/tdata/temp_8524606971.session
[2026-03-13T22:51:01+08:00][info] 返回:{"status":true,"message":"发送完成，成功1个，失败0个[]","data":{"success":[{"group_id":3895336513,"group_link":"https:\/\/t.me\/twogrqoup","type":"megagroup","message":"发送成功","message_id":8329}],"failed":[],"debug":["处理标识符: https:\/\/t.me\/twogrqoup, 清理后: https:\/\/t.me\/twogrqoup, 识别为链接: True, 识别为数字ID: False","已是群组成员，群组ID: 3895336513"],"warning":""},"api_address":"185.165.170.142:5062"}
[2026-03-13T22:51:01+08:00][info] 消息ID缓存成功: task_id=66, group_id=https://t.me/twogrqoup, msg_index=3, message_id=8329, send_user_id=3469
[2026-03-13T22:51:01+08:00][info] 消息状态标记为已发送: task_id=66, group_id=https://t.me/twogrqoup, msg_index=3
[2026-03-13T22:51:01+08:00][info] 任务 66 将在 20 秒后继续处理下一条消息，索引: 4, 实例ID: task_66_index_4_1773413461.7497
[2026-03-13T22:51:05+08:00][info] 返回:{"status":true,"message":"发送完成，成功1个，失败0个[]","data":{"success":[{"group_id":5072487869,"group_link":"https:\/\/t.me\/+9ZnJ_gHIFV41NzFh","type":"chat","message":"发送成功","message_id":1117}],"failed":[],"debug":["处理标识符: https:\/\/t.me\/+9ZnJ_gHIFV41NzFh, 清理后: https:\/\/t.me\/+9ZnJ_gHIFV41NzFh, 识别为链接: True, 识别为数字ID: False","文件1有效: \/www\/wwwroot\/tdata.tgbota.top\/public\/uploads\/admin\/202512\/693ae4c14180b.jpg (23975字节)","发送单个文件: \/www\/wwwroot\/tdata.tgbota.top\/public\/uploads\/admin\/202512\/693ae4c14180b.jpg"],"warning":""},"api_address":"185.165.170.142:5032"}
[2026-03-13T22:51:05+08:00][info] 消息ID缓存成功: task_id=69, group_id=https://t.me/+9ZnJ_gHIFV41NzFh, msg_index=1107, message_id=1117, send_user_id=4247
[2026-03-13T22:51:05+08:00][info] 消息状态标记为已发送: task_id=69, group_id=https://t.me/+9ZnJ_gHIFV41NzFh, msg_index=1107
[2026-03-13T22:51:05+08:00][info] 任务 69 将在 70 秒后继续处理下一条消息，索引: 1108, 实例ID: task_69_index_1108_1773413465.0758
[2026-03-13T22:51:21+08:00][info] 开始处理队列任务: task_id=66, current_index=4
[2026-03-13T22:51:21+08:00][info] 消息缓存初始化完成: task_id=66, groups=https://t.me/twogrqoup
[2026-03-13T22:51:21+08:00][info] 任务 66 第 894 次循环，重置群组 https://t.me/twogrqoup 消息状态
[2026-03-13T22:51:21+08:00][info] 使用当前发送用户 3471 的 session_path/www/wwwroot/tdata.tgbota.top/public/uploads/admin/202602/6997fc3070d84/819089723520/tdata/temp_8574369010.session
[2026-03-13T22:51:28+08:00][info] 返回:{"status":true,"message":"发送完成，成功1个，失败0个[]","data":{"success":[{"group_id":3895336513,"group_link":"https:\/\/t.me\/twogrqoup","type":"megagroup","message":"发送成功","message_id":8330}],"failed":[],"debug":["处理标识符: https:\/\/t.me\/twogrqoup, 清理后: https:\/\/t.me\/twogrqoup, 识别为链接: True, 识别为数字ID: False","已是群组成员，群组ID: 3895336513"],"warning":""},"api_address":"185.165.170.142:5023"}
[2026-03-13T22:51:28+08:00][info] 消息ID缓存成功: task_id=66, group_id=https://t.me/twogrqoup, msg_index=4, message_id=8330, send_user_id=3471
[2026-03-13T22:51:28+08:00][info] 消息状态标记为已发送: task_id=66, group_id=https://t.me/twogrqoup, msg_index=4
[2026-03-13T22:51:28+08:00][info] 任务 66 将在 26 秒后继续处理下一条消息，索引: 5, 实例ID: task_66_index_5_1773413488.3729
[2026-03-13T22:51:54+08:00][info] 开始处理队列任务: task_id=66, current_index=5
[2026-03-13T22:51:54+08:00][info] 消息缓存初始化完成: task_id=66, groups=https://t.me/twogrqoup
[2026-03-13T22:51:54+08:00][info] 任务 66 第 894 次循环，重置群组 https://t.me/twogrqoup 消息状态
[2026-03-13T22:51:54+08:00][info] 使用当前发送用户 3469 的 session_path/www/wwwroot/tdata.tgbota.top/public/uploads/admin/202602/6997fc3070d84/819056965118/tdata/temp_8418493902.session
[2026-03-13T22:52:01+08:00][info] 返回:{"status":true,"message":"发送完成，成功1个，失败0个[]","data":{"success":[{"group_id":3895336513,"group_link":"https:\/\/t.me\/twogrqoup","type":"megagroup","message":"发送成功","message_id":8331}],"failed":[],"debug":["处理标识符: https:\/\/t.me\/twogrqoup, 清理后: https:\/\/t.me\/twogrqoup, 识别为链接: True, 识别为数字ID: False","已是群组成员，群组ID: 3895336513"],"warning":""},"api_address":"185.165.170.142:5062"}
[2026-03-13T22:52:01+08:00][info] 消息ID缓存成功: task_id=66, group_id=https://t.me/twogrqoup, msg_index=5, message_id=8331, send_user_id=3469
[2026-03-13T22:52:01+08:00][info] 消息状态标记为已发送: task_id=66, group_id=https://t.me/twogrqoup, msg_index=5
[2026-03-13T22:52:01+08:00][info] 任务 66 将在 27 秒后继续处理下一条消息，索引: 6, 实例ID: task_66_index_6_1773413521.278
[2026-03-13T22:52:15+08:00][info] 开始处理队列任务: task_id=69, current_index=1108
[2026-03-13T22:52:16+08:00][info] 使用消息配置中指定的用户 4248 的 session_path/www/wwwroot/tdata.tgbota.top/public/uploads/admin/202603/69b10fe00169d/13394631524/tdata/temp_8023071106.session
[2026-03-13T22:52:21+08:00][info] 返回:{"status":true,"message":"发送完成，成功1个，失败0个[]","data":{"success":[{"group_id":5072487869,"group_link":"https:\/\/t.me\/+9ZnJ_gHIFV41NzFh","type":"chat","message":"发送成功","message_id":1120}],"failed":[],"debug":["处理标识符: https:\/\/t.me\/+9ZnJ_gHIFV41NzFh, 清理后: https:\/\/t.me\/+9ZnJ_gHIFV41NzFh, 识别为链接: True, 识别为数字ID: False"],"warning":""},"api_address":"185.165.170.142:5033"}
[2026-03-13T22:52:21+08:00][info] 消息ID缓存成功: task_id=69, group_id=https://t.me/+9ZnJ_gHIFV41NzFh, msg_index=1108, message_id=1120, send_user_id=4248
[2026-03-13T22:52:21+08:00][info] 消息状态标记为已发送: task_id=69, group_id=https://t.me/+9ZnJ_gHIFV41NzFh, msg_index=1108
[2026-03-13T22:52:21+08:00][info] 任务 69 将在 118 秒后继续处理下一条消息，索引: 1109, 实例ID: task_69_index_1109_1773413541.6743
[2026-03-13T22:52:28+08:00][info] 开始处理队列任务: task_id=66, current_index=6
[2026-03-13T22:52:28+08:00][info] 消息缓存初始化完成: task_id=66, groups=https://t.me/twogrqoup
[2026-03-13T22:52:28+08:00][info] 任务 66 第 894 次循环，重置群组 https://t.me/twogrqoup 消息状态
[2026-03-13T22:52:28+08:00][info] 使用当前发送用户 3471 的 session_path/www/wwwroot/tdata.tgbota.top/public/uploads/admin/202602/6997fc3070d84/819089723520/tdata/temp_8574369010.session
[2026-03-13T22:52:33+08:00][info] 返回:{"status":true,"message":"发送完成，成功1个，失败0个[]","data":{"success":[{"group_id":3895336513,"group_link":"https:\/\/t.me\/twogrqoup","type":"megagroup","message":"发送成功","message_id":8332}],"failed":[],"debug":["处理标识符: https:\/\/t.me\/twogrqoup, 清理后: https:\/\/t.me\/twogrqoup, 识别为链接: True, 识别为数字ID: False","已是群组成员，群组ID: 3895336513"],"warning":""},"api_address":"185.165.170.142:5023"}
[2026-03-13T22:52:33+08:00][info] 消息ID缓存成功: task_id=66, group_id=https://t.me/twogrqoup, msg_index=6, message_id=8332, send_user_id=3471
[2026-03-13T22:52:33+08:00][info] 消息状态标记为已发送: task_id=66, group_id=https://t.me/twogrqoup, msg_index=6
[2026-03-13T22:52:33+08:00][info] 任务 66 将在 13 秒后继续处理下一条消息，索引: 7, 实例ID: task_66_index_7_1773413553.9993
[2026-03-13T22:52:46+08:00][info] 开始处理队列任务: task_id=66, current_index=7
[2026-03-13T22:52:46+08:00][info] 消息缓存初始化完成: task_id=66, groups=https://t.me/twogrqoup
[2026-03-13T22:52:46+08:00][info] 任务 66 第 894 次循环，重置群组 https://t.me/twogrqoup 消息状态
[2026-03-13T22:52:46+08:00][info] 使用当前发送用户 3471 的 session_path/www/wwwroot/tdata.tgbota.top/public/uploads/admin/202602/6997fc3070d84/819089723520/tdata/temp_8574369010.session
[2026-03-13T22:52:51+08:00][info] 返回:{"status":true,"message":"发送完成，成功1个，失败0个[]","data":{"success":[{"group_id":3895336513,"group_link":"https:\/\/t.me\/twogrqoup","type":"megagroup","message":"发送成功","message_id":8333}],"failed":[],"debug":["处理标识符: https:\/\/t.me\/twogrqoup, 清理后: https:\/\/t.me\/twogrqoup, 识别为链接: True, 识别为数字ID: False","已是群组成员，群组ID: 3895336513"],"warning":""},"api_address":"185.165.170.142:5023"}
[2026-03-13T22:52:51+08:00][info] 消息ID缓存成功: task_id=66, group_id=https://t.me/twogrqoup, msg_index=7, message_id=8333, send_user_id=3471
[2026-03-13T22:52:51+08:00][info] 消息状态标记为已发送: task_id=66, group_id=https://t.me/twogrqoup, msg_index=7
[2026-03-13T22:52:51+08:00][info] 任务 66 将在 26 秒后继续处理下一条消息，索引: 8, 实例ID: task_66_index_8_1773413571.3084
[2026-03-13T22:53:17+08:00][info] 开始处理队列任务: task_id=66, current_index=8
[2026-03-13T22:53:17+08:00][info] 消息缓存初始化完成: task_id=66, groups=https://t.me/twogrqoup
[2026-03-13T22:53:17+08:00][info] 任务 66 第 894 次循环，重置群组 https://t.me/twogrqoup 消息状态
[2026-03-13T22:53:17+08:00][info] 使用当前发送用户 3469 的 session_path/www/wwwroot/tdata.tgbota.top/public/uploads/admin/202602/6997fc3070d84/819056965118/tdata/temp_8418493902.session
[2026-03-13T22:53:25+08:00][info] 返回:{"status":true,"message":"发送完成，成功1个，失败0个[]","data":{"success":[{"group_id":3895336513,"group_link":"https:\/\/t.me\/twogrqoup","type":"megagroup","message":"发送成功","message_id":8334}],"failed":[],"debug":["处理标识符: https:\/\/t.me\/twogrqoup, 清理后: https:\/\/t.me\/twogrqoup, 识别为链接: True, 识别为数字ID: False","已是群组成员，群组ID: 3895336513"],"warning":""},"api_address":"185.165.170.142:5062"}
[2026-03-13T22:53:25+08:00][info] 消息ID缓存成功: task_id=66, group_id=https://t.me/twogrqoup, msg_index=8, message_id=8334, send_user_id=3469
[2026-03-13T22:53:25+08:00][info] 消息状态标记为已发送: task_id=66, group_id=https://t.me/twogrqoup, msg_index=8
[2026-03-13T22:53:25+08:00][info] 任务 66 将在 30 秒后继续处理下一条消息，索引: 9, 实例ID: task_66_index_9_1773413605.3019
[2026-03-13T22:53:55+08:00][info] 开始处理队列任务: task_id=66, current_index=9
[2026-03-13T22:53:55+08:00][info] 消息缓存初始化完成: task_id=66, groups=https://t.me/twogrqoup
[2026-03-13T22:53:55+08:00][info] 任务 66 第 894 次循环，重置群组 https://t.me/twogrqoup 消息状态
[2026-03-13T22:53:55+08:00][info] 任务 66 第 894 轮完成，准备进行第 895 轮
[2026-03-13T22:53:55+08:00][info] 任务 66 即将为下一轮重新入队，延迟 5 秒，从索引 0 开始
[2026-03-13T22:54:00+08:00][info] 开始处理队列任务: task_id=66, current_index=0
[2026-03-13T22:54:00+08:00][info] 消息缓存初始化完成: task_id=66, groups=https://t.me/twogrqoup
[2026-03-13T22:54:00+08:00][info] 任务 66 第 895 次循环，重置群组 https://t.me/twogrqoup 消息状态
[2026-03-13T22:54:00+08:00][info] 使用当前发送用户 3469 的 session_path/www/wwwroot/tdata.tgbota.top/public/uploads/admin/202602/6997fc3070d84/819056965118/tdata/temp_8418493902.session
[2026-03-13T22:54:05+08:00][info] 返回:{"status":true,"message":"发送完成，成功1个，失败0个[]","data":{"success":[{"group_id":3895336513,"group_link":"https:\/\/t.me\/twogrqoup","type":"megagroup","message":"发送成功","message_id":8335}],"failed":[],"debug":["处理标识符: https:\/\/t.me\/twogrqoup, 清理后: https:\/\/t.me\/twogrqoup, 识别为链接: True, 识别为数字ID: False","已是群组成员，群组ID: 3895336513"],"warning":""},"api_address":"185.165.170.142:5062"}
[2026-03-13T22:54:05+08:00][info] 消息ID缓存成功: task_id=66, group_id=https://t.me/twogrqoup, msg_index=0, message_id=8335, send_user_id=3469
[2026-03-13T22:54:05+08:00][info] 消息状态标记为已发送: task_id=66, group_id=https://t.me/twogrqoup, msg_index=0
[2026-03-13T22:54:05+08:00][info] 任务 66 将在 15 秒后继续处理下一条消息，索引: 1, 实例ID: task_66_index_1_1773413645.4756
[2026-03-13T22:54:19+08:00][info] 开始处理队列任务: task_id=69, current_index=1109
[2026-03-13T22:54:19+08:00][info] 使用当前发送用户 4246 的 session_path/www/wwwroot/tdata.tgbota.top/public/uploads/admin/202603/69b10fe00169d/13525689778/tdata/temp_8298330802.session
[2026-03-13T22:54:20+08:00][info] 开始处理队列任务: task_id=66, current_index=1
[2026-03-13T22:54:20+08:00][info] 消息缓存初始化完成: task_id=66, groups=https://t.me/twogrqoup
[2026-03-13T22:54:20+08:00][info] 任务 66 第 895 次循环，重置群组 https://t.me/twogrqoup 消息状态
[2026-03-13T22:54:20+08:00][info] 使用当前发送用户 3472 的 session_path/www/wwwroot/tdata.tgbota.top/public/uploads/admin/202602/6997fc3070d84/819050054287/tdata/temp_8308580822.session
[2026-03-13T22:54:23+08:00][info] 返回:{"status":true,"message":"发送完成，成功1个，失败0个[]","data":{"success":[{"group_id":5072487869,"group_link":"https:\/\/t.me\/+9ZnJ_gHIFV41NzFh","type":"chat","message":"发送成功","message_id":1117}],"failed":[],"debug":["处理标识符: https:\/\/t.me\/+9ZnJ_gHIFV41NzFh, 清理后: https:\/\/t.me\/+9ZnJ_gHIFV41NzFh, 识别为链接: True, 识别为数字ID: False"],"warning":""},"api_address":"185.165.170.142:5031"}
[2026-03-13T22:54:23+08:00][info] 消息ID缓存成功: task_id=69, group_id=https://t.me/+9ZnJ_gHIFV41NzFh, msg_index=1109, message_id=1117, send_user_id=4246
[2026-03-13T22:54:23+08:00][info] 消息状态标记为已发送: task_id=69, group_id=https://t.me/+9ZnJ_gHIFV41NzFh, msg_index=1109
[2026-03-13T22:54:23+08:00][info] 任务 69 将在 130 秒后继续处理下一条消息，索引: 1110, 实例ID: task_69_index_1110_1773413663.3429
[2026-03-13T22:54:27+08:00][info] 返回:{"status":true,"message":"发送完成，成功1个，失败0个[]","data":{"success":[{"group_id":3895336513,"group_link":"https:\/\/t.me\/twogrqoup","type":"megagroup","message":"发送成功","message_id":8336}],"failed":[],"debug":["处理标识符: https:\/\/t.me\/twogrqoup, 清理后: https:\/\/t.me\/twogrqoup, 识别为链接: True, 识别为数字ID: False","已是群组成员，群组ID: 3895336513"],"warning":""},"api_address":"185.165.170.142:5042"}
[2026-03-13T22:54:27+08:00][info] 消息ID缓存成功: task_id=66, group_id=https://t.me/twogrqoup, msg_index=1, message_id=8336, send_user_id=3472
[2026-03-13T22:54:27+08:00][info] 消息状态标记为已发送: task_id=66, group_id=https://t.me/twogrqoup, msg_index=1
[2026-03-13T22:54:27+08:00][info] 任务 66 将在 30 秒后继续处理下一条消息，索引: 2, 实例ID: task_66_index_2_1773413667.6433
[2026-03-13T22:54:57+08:00][info] 开始处理队列任务: task_id=66, current_index=2
[2026-03-13T22:54:57+08:00][info] 消息缓存初始化完成: task_id=66, groups=https://t.me/twogrqoup
[2026-03-13T22:54:57+08:00][info] 任务 66 第 895 次循环，重置群组 https://t.me/twogrqoup 消息状态
[2026-03-13T22:54:57+08:00][info] 使用当前发送用户 3473 的 session_path/www/wwwroot/tdata.tgbota.top/public/uploads/admin/202602/6997fc3070d84/819054626431/tdata/temp_8503359249.session
[2026-03-13T22:55:04+08:00][info] 返回:{"status":true,"message":"发送完成，成功1个，失败0个[]","data":{"success":[{"group_id":3895336513,"group_link":"https:\/\/t.me\/twogrqoup","type":"megagroup","message":"发送成功","message_id":8337}],"failed":[],"debug":["处理标识符: https:\/\/t.me\/twogrqoup, 清理后: https:\/\/t.me\/twogrqoup, 识别为链接: True, 识别为数字ID: False","已是群组成员，群组ID: 3895336513"],"warning":""},"api_address":"185.165.170.142:5043"}
[2026-03-13T22:55:04+08:00][info] 消息ID缓存成功: task_id=66, group_id=https://t.me/twogrqoup, msg_index=2, message_id=8337, send_user_id=3473
[2026-03-13T22:55:04+08:00][info] 消息状态标记为已发送: task_id=66, group_id=https://t.me/twogrqoup, msg_index=2
[2026-03-13T22:55:04+08:00][info] 任务 66 将在 45 秒后继续处理下一条消息，索引: 3, 实例ID: task_66_index_3_1773413704.243
[2026-03-13T22:55:49+08:00][info] 开始处理队列任务: task_id=66, current_index=3
[2026-03-13T22:55:49+08:00][info] 消息缓存初始化完成: task_id=66, groups=https://t.me/twogrqoup
[2026-03-13T22:55:49+08:00][info] 任务 66 第 895 次循环，重置群组 https://t.me/twogrqoup 消息状态
[2026-03-13T22:55:49+08:00][info] 使用当前发送用户 3469 的 session_path/www/wwwroot/tdata.tgbota.top/public/uploads/admin/202602/6997fc3070d84/819056965118/tdata/temp_8418493902.session
[2026-03-13T22:55:55+08:00][info] 返回:{"status":true,"message":"发送完成，成功1个，失败0个[]","data":{"success":[{"group_id":3895336513,"group_link":"https:\/\/t.me\/twogrqoup","type":"megagroup","message":"发送成功","message_id":8338}],"failed":[],"debug":["处理标识符: https:\/\/t.me\/twogrqoup, 清理后: https:\/\/t.me\/twogrqoup, 识别为链接: True, 识别为数字ID: False","已是群组成员，群组ID: 3895336513"],"warning":""},"api_address":"185.165.170.142:5062"}
[2026-03-13T22:55:55+08:00][info] 消息ID缓存成功: task_id=66, group_id=https://t.me/twogrqoup, msg_index=3, message_id=8338, send_user_id=3469
[2026-03-13T22:55:55+08:00][info] 消息状态标记为已发送: task_id=66, group_id=https://t.me/twogrqoup, msg_index=3
[2026-03-13T22:55:55+08:00][info] 任务 66 将在 20 秒后继续处理下一条消息，索引: 4, 实例ID: task_66_index_4_1773413755.4819
[2026-03-13T22:56:15+08:00][info] 开始处理队列任务: task_id=66, current_index=4
[2026-03-13T22:56:15+08:00][info] 消息缓存初始化完成: task_id=66, groups=https://t.me/twogrqoup
[2026-03-13T22:56:15+08:00][info] 任务 66 第 895 次循环，重置群组 https://t.me/twogrqoup 消息状态
[2026-03-13T22:56:15+08:00][info] 使用当前发送用户 3471 的 session_path/www/wwwroot/tdata.tgbota.top/public/uploads/admin/202602/6997fc3070d84/819089723520/tdata/temp_8574369010.session
[2026-03-13T22:56:22+08:00][info] 返回:{"status":true,"message":"发送完成，成功1个，失败0个[]","data":{"success":[{"group_id":3895336513,"group_link":"https:\/\/t.me\/twogrqoup","type":"megagroup","message":"发送成功","message_id":8339}],"failed":[],"debug":["处理标识符: https:\/\/t.me\/twogrqoup, 清理后: https:\/\/t.me\/twogrqoup, 识别为链接: True, 识别为数字ID: False","已是群组成员，群组ID: 3895336513"],"warning":""},"api_address":"185.165.170.142:5023"}
[2026-03-13T22:56:22+08:00][info] 消息ID缓存成功: task_id=66, group_id=https://t.me/twogrqoup, msg_index=4, message_id=8339, send_user_id=3471
[2026-03-13T22:56:22+08:00][info] 消息状态标记为已发送: task_id=66, group_id=https://t.me/twogrqoup, msg_index=4
[2026-03-13T22:56:22+08:00][info] 任务 66 将在 26 秒后继续处理下一条消息，索引: 5, 实例ID: task_66_index_5_1773413782.9626
[2026-03-13T22:56:34+08:00][info] 开始处理队列任务: task_id=69, current_index=1110
[2026-03-13T22:56:34+08:00][info] 使用消息配置中指定的用户 4245 的 session_path/www/wwwroot/tdata.tgbota.top/public/uploads/admin/202603/69b10fe00169d/13378413177/tdata/temp_8408358101.session
[2026-03-13T22:56:38+08:00][info] 返回:{"status":true,"message":"发送完成，成功1个，失败0个[]","data":{"success":[{"group_id":5072487869,"group_link":"https:\/\/t.me\/+9ZnJ_gHIFV41NzFh","type":"chat","message":"发送成功","message_id":1116}],"failed":[],"debug":["处理标识符: https:\/\/t.me\/+9ZnJ_gHIFV41NzFh, 清理后: https:\/\/t.me\/+9ZnJ_gHIFV41NzFh, 识别为链接: True, 识别为数字ID: False"],"warning":""},"api_address":"185.165.170.142:5030"}
[2026-03-13T22:56:38+08:00][info] 消息ID缓存成功: task_id=69, group_id=https://t.me/+9ZnJ_gHIFV41NzFh, msg_index=1110, message_id=1116, send_user_id=4245
[2026-03-13T22:56:38+08:00][info] 消息状态标记为已发送: task_id=69, group_id=https://t.me/+9ZnJ_gHIFV41NzFh, msg_index=1110
[2026-03-13T22:56:38+08:00][info] 任务 69 将在 89 秒后继续处理下一条消息，索引: 1111, 实例ID: task_69_index_1111_1773413798.1672
[2026-03-13T22:56:49+08:00][info] 开始处理队列任务: task_id=66, current_index=5
[2026-03-13T22:56:49+08:00][info] 消息缓存初始化完成: task_id=66, groups=https://t.me/twogrqoup
[2026-03-13T22:56:49+08:00][info] 任务 66 第 895 次循环，重置群组 https://t.me/twogrqoup 消息状态
[2026-03-13T22:56:49+08:00][info] 使用当前发送用户 3469 的 session_path/www/wwwroot/tdata.tgbota.top/public/uploads/admin/202602/6997fc3070d84/819056965118/tdata/temp_8418493902.session
[2026-03-13T22:56:55+08:00][info] 返回:{"status":true,"message":"发送完成，成功1个，失败0个[]","data":{"success":[{"group_id":3895336513,"group_link":"https:\/\/t.me\/twogrqoup","type":"megagroup","message":"发送成功","message_id":8340}],"failed":[],"debug":["处理标识符: https:\/\/t.me\/twogrqoup, 清理后: https:\/\/t.me\/twogrqoup, 识别为链接: True, 识别为数字ID: False","已是群组成员，群组ID: 3895336513"],"warning":""},"api_address":"185.165.170.142:5062"}
[2026-03-13T22:56:55+08:00][info] 消息ID缓存成功: task_id=66, group_id=https://t.me/twogrqoup, msg_index=5, message_id=8340, send_user_id=3469
[2026-03-13T22:56:55+08:00][info] 消息状态标记为已发送: task_id=66, group_id=https://t.me/twogrqoup, msg_index=5
[2026-03-13T22:56:55+08:00][info] 任务 66 将在 27 秒后继续处理下一条消息，索引: 6, 实例ID: task_66_index_6_1773413815.5973
[2026-03-13T22:57:22+08:00][info] 开始处理队列任务: task_id=66, current_index=6
[2026-03-13T22:57:22+08:00][info] 消息缓存初始化完成: task_id=66, groups=https://t.me/twogrqoup
[2026-03-13T22:57:22+08:00][info] 任务 66 第 895 次循环，重置群组 https://t.me/twogrqoup 消息状态
[2026-03-13T22:57:22+08:00][info] 使用当前发送用户 3471 的 session_path/www/wwwroot/tdata.tgbota.top/public/uploads/admin/202602/6997fc3070d84/819089723520/tdata/temp_8574369010.session
[2026-03-13T22:57:28+08:00][info] 返回:{"status":true,"message":"发送完成，成功1个，失败0个[]","data":{"success":[{"group_id":3895336513,"group_link":"https:\/\/t.me\/twogrqoup","type":"megagroup","message":"发送成功","message_id":8341}],"failed":[],"debug":["处理标识符: https:\/\/t.me\/twogrqoup, 清理后: https:\/\/t.me\/twogrqoup, 识别为链接: True, 识别为数字ID: False","已是群组成员，群组ID: 3895336513"],"warning":""},"api_address":"185.165.170.142:5023"}
[2026-03-13T22:57:28+08:00][info] 消息ID缓存成功: task_id=66, group_id=https://t.me/twogrqoup, msg_index=6, message_id=8341, send_user_id=3471
[2026-03-13T22:57:28+08:00][info] 消息状态标记为已发送: task_id=66, group_id=https://t.me/twogrqoup, msg_index=6
[2026-03-13T22:57:28+08:00][info] 任务 66 将在 13 秒后继续处理下一条消息，索引: 7, 实例ID: task_66_index_7_1773413848.3564
[2026-03-13T22:57:41+08:00][info] 开始处理队列任务: task_id=66, current_index=7
[2026-03-13T22:57:41+08:00][info] 消息缓存初始化完成: task_id=66, groups=https://t.me/twogrqoup
[2026-03-13T22:57:41+08:00][info] 任务 66 第 895 次循环，重置群组 https://t.me/twogrqoup 消息状态
[2026-03-13T22:57:41+08:00][info] 使用当前发送用户 3471 的 session_path/www/wwwroot/tdata.tgbota.top/public/uploads/admin/202602/6997fc3070d84/819089723520/tdata/temp_8574369010.session
[2026-03-13T22:57:46+08:00][info] 返回:{"status":true,"message":"发送完成，成功1个，失败0个[]","data":{"success":[{"group_id":3895336513,"group_link":"https:\/\/t.me\/twogrqoup","type":"megagroup","message":"发送成功","message_id":8342}],"failed":[],"debug":["处理标识符: https:\/\/t.me\/twogrqoup, 清理后: https:\/\/t.me\/twogrqoup, 识别为链接: True, 识别为数字ID: False","已是群组成员，群组ID: 3895336513"],"warning":""},"api_address":"185.165.170.142:5023"}
[2026-03-13T22:57:46+08:00][info] 消息ID缓存成功: task_id=66, group_id=https://t.me/twogrqoup, msg_index=7, message_id=8342, send_user_id=3471
[2026-03-13T22:57:46+08:00][info] 消息状态标记为已发送: task_id=66, group_id=https://t.me/twogrqoup, msg_index=7
[2026-03-13T22:57:46+08:00][info] 任务 66 将在 26 秒后继续处理下一条消息，索引: 8, 实例ID: task_66_index_8_1773413866.8561
[2026-03-13T22:58:07+08:00][info] 开始处理队列任务: task_id=69, current_index=1111
[2026-03-13T22:58:07+08:00][info] 从数据库获取用户 4244 的 session_path
[2026-03-13T22:58:13+08:00][info] 返回:{"status":true,"message":"发送完成，成功1个，失败0个[]","data":{"success":[{"group_id":5072487869,"group_link":"https:\/\/t.me\/+9ZnJ_gHIFV41NzFh","type":"chat","message":"发送成功","message_id":1112}],"failed":[],"debug":["处理标识符: https:\/\/t.me\/+9ZnJ_gHIFV41NzFh, 清理后: https:\/\/t.me\/+9ZnJ_gHIFV41NzFh, 识别为链接: True, 识别为数字ID: False"],"warning":""},"api_address":"185.165.170.142:5029"}
[2026-03-13T22:58:13+08:00][info] 消息ID缓存成功: task_id=69, group_id=https://t.me/+9ZnJ_gHIFV41NzFh, msg_index=1111, message_id=1112, send_user_id=4244
[2026-03-13T22:58:13+08:00][info] 消息状态标记为已发送: task_id=69, group_id=https://t.me/+9ZnJ_gHIFV41NzFh, msg_index=1111
[2026-03-13T22:58:13+08:00][info] 任务 69 将在 105 秒后继续处理下一条消息，索引: 1112, 实例ID: task_69_index_1112_1773413893.216
[2026-03-13T22:58:13+08:00][info] 开始处理队列任务: task_id=66, current_index=8
[2026-03-13T22:58:13+08:00][info] 消息缓存初始化完成: task_id=66, groups=https://t.me/twogrqoup
[2026-03-13T22:58:13+08:00][info] 任务 66 第 895 次循环，重置群组 https://t.me/twogrqoup 消息状态
[2026-03-13T22:58:13+08:00][info] 使用当前发送用户 3469 的 session_path/www/wwwroot/tdata.tgbota.top/public/uploads/admin/202602/6997fc3070d84/819056965118/tdata/temp_8418493902.session
[2026-03-13T22:58:21+08:00][info] 返回:{"status":true,"message":"发送完成，成功1个，失败0个[]","data":{"success":[{"group_id":3895336513,"group_link":"https:\/\/t.me\/twogrqoup","type":"megagroup","message":"发送成功","message_id":8343}],"failed":[],"debug":["处理标识符: https:\/\/t.me\/twogrqoup, 清理后: https:\/\/t.me\/twogrqoup, 识别为链接: True, 识别为数字ID: False","已是群组成员，群组ID: 3895336513"],"warning":""},"api_address":"185.165.170.142:5062"}
[2026-03-13T22:58:21+08:00][info] 消息ID缓存成功: task_id=66, group_id=https://t.me/twogrqoup, msg_index=8, message_id=8343, send_user_id=3469
[2026-03-13T22:58:21+08:00][info] 消息状态标记为已发送: task_id=66, group_id=https://t.me/twogrqoup, msg_index=8
[2026-03-13T22:58:21+08:00][info] 任务 66 将在 30 秒后继续处理下一条消息，索引: 9, 实例ID: task_66_index_9_1773413901.3591
[2026-03-13T22:58:51+08:00][info] 开始处理队列任务: task_id=66, current_index=9
[2026-03-13T22:58:51+08:00][info] 消息缓存初始化完成: task_id=66, groups=https://t.me/twogrqoup
[2026-03-13T22:58:51+08:00][info] 任务 66 第 895 次循环，重置群组 https://t.me/twogrqoup 消息状态
[2026-03-13T22:58:51+08:00][info] 任务 66 第 895 轮完成，准备进行第 896 轮
[2026-03-13T22:58:51+08:00][info] 任务 66 即将为下一轮重新入队，延迟 5 秒，从索引 0 开始
[2026-03-13T22:58:56+08:00][info] 开始处理队列任务: task_id=66, current_index=0
[2026-03-13T22:58:56+08:00][info] 消息缓存初始化完成: task_id=66, groups=https://t.me/twogrqoup
[2026-03-13T22:58:56+08:00][info] 任务 66 第 896 次循环，重置群组 https://t.me/twogrqoup 消息状态
[2026-03-13T22:58:56+08:00][info] 使用当前发送用户 3469 的 session_path/www/wwwroot/tdata.tgbota.top/public/uploads/admin/202602/6997fc3070d84/819056965118/tdata/temp_8418493902.session
[2026-03-13T22:59:03+08:00][info] 返回:{"status":true,"message":"发送完成，成功1个，失败0个[]","data":{"success":[{"group_id":3895336513,"group_link":"https:\/\/t.me\/twogrqoup","type":"megagroup","message":"发送成功","message_id":8344}],"failed":[],"debug":["处理标识符: https:\/\/t.me\/twogrqoup, 清理后: https:\/\/t.me\/twogrqoup, 识别为链接: True, 识别为数字ID: False","已是群组成员，群组ID: 3895336513"],"warning":""},"api_address":"185.165.170.142:5062"}
[2026-03-13T22:59:03+08:00][info] 消息ID缓存成功: task_id=66, group_id=https://t.me/twogrqoup, msg_index=0, message_id=8344, send_user_id=3469
[2026-03-13T22:59:03+08:00][info] 消息状态标记为已发送: task_id=66, group_id=https://t.me/twogrqoup, msg_index=0
[2026-03-13T22:59:03+08:00][info] 任务 66 将在 15 秒后继续处理下一条消息，索引: 1, 实例ID: task_66_index_1_1773413943.4771
[2026-03-13T22:59:18+08:00][info] 开始处理队列任务: task_id=66, current_index=1
[2026-03-13T22:59:18+08:00][info] 消息缓存初始化完成: task_id=66, groups=https://t.me/twogrqoup
[2026-03-13T22:59:18+08:00][info] 任务 66 第 896 次循环，重置群组 https://t.me/twogrqoup 消息状态
[2026-03-13T22:59:18+08:00][info] 使用当前发送用户 3472 的 session_path/www/wwwroot/tdata.tgbota.top/public/uploads/admin/202602/6997fc3070d84/819050054287/tdata/temp_8308580822.session
[2026-03-13T22:59:24+08:00][info] 返回:{"status":true,"message":"发送完成，成功1个，失败0个[]","data":{"success":[{"group_id":3895336513,"group_link":"https:\/\/t.me\/twogrqoup","type":"megagroup","message":"发送成功","message_id":8345}],"failed":[],"debug":["处理标识符: https:\/\/t.me\/twogrqoup, 清理后: https:\/\/t.me\/twogrqoup, 识别为链接: True, 识别为数字ID: False","已是群组成员，群组ID: 3895336513"],"warning":""},"api_address":"185.165.170.142:5042"}
[2026-03-13T22:59:24+08:00][info] 消息ID缓存成功: task_id=66, group_id=https://t.me/twogrqoup, msg_index=1, message_id=8345, send_user_id=3472
[2026-03-13T22:59:24+08:00][info] 消息状态标记为已发送: task_id=66, group_id=https://t.me/twogrqoup, msg_index=1
[2026-03-13T22:59:24+08:00][info] 任务 66 将在 30 秒后继续处理下一条消息，索引: 2, 实例ID: task_66_index_2_1773413964.6074
[2026-03-13T22:59:54+08:00][info] 开始处理队列任务: task_id=66, current_index=2
[2026-03-13T22:59:54+08:00][info] 消息缓存初始化完成: task_id=66, groups=https://t.me/twogrqoup
[2026-03-13T22:59:54+08:00][info] 任务 66 第 896 次循环，重置群组 https://t.me/twogrqoup 消息状态
[2026-03-13T22:59:54+08:00][info] 使用当前发送用户 3473 的 session_path/www/wwwroot/tdata.tgbota.top/public/uploads/admin/202602/6997fc3070d84/819054626431/tdata/temp_8503359249.session
[2026-03-13T22:59:58+08:00][info] 开始处理队列任务: task_id=69, current_index=1112
[2026-03-13T22:59:58+08:00][info] 使用feedbackType=1112的消息ID: 1112
[2026-03-13T22:59:58+08:00][info] 使用消息配置中指定的用户 4245 的 session_path/www/wwwroot/tdata.tgbota.top/public/uploads/admin/202603/69b10fe00169d/13378413177/tdata/temp_8408358101.session
[2026-03-13T23:00:00+08:00][info] 返回:{"status":true,"message":"发送完成，成功1个，失败0个[]","data":{"success":[{"group_id":3895336513,"group_link":"https:\/\/t.me\/twogrqoup","type":"megagroup","message":"发送成功","message_id":8346}],"failed":[],"debug":["处理标识符: https:\/\/t.me\/twogrqoup, 清理后: https:\/\/t.me\/twogrqoup, 识别为链接: True, 识别为数字ID: False","已是群组成员，群组ID: 3895336513"],"warning":""},"api_address":"185.165.170.142:5043"}
[2026-03-13T23:00:00+08:00][info] 消息ID缓存成功: task_id=66, group_id=https://t.me/twogrqoup, msg_index=2, message_id=8346, send_user_id=3473
[2026-03-13T23:00:00+08:00][info] 消息状态标记为已发送: task_id=66, group_id=https://t.me/twogrqoup, msg_index=2
[2026-03-13T23:00:00+08:00][info] 任务 66 将在 45 秒后继续处理下一条消息，索引: 3, 实例ID: task_66_index_3_1773414000.9696
[2026-03-13T23:00:04+08:00][info] 返回:{"status":true,"message":"发送完成，成功1个，失败0个[]","data":{"success":[{"group_id":5072487869,"group_link":"https:\/\/t.me\/+9ZnJ_gHIFV41NzFh","type":"chat","message":"发送成功","message_id":1118}],"failed":[],"debug":["处理标识符: https:\/\/t.me\/+9ZnJ_gHIFV41NzFh, 清理后: https:\/\/t.me\/+9ZnJ_gHIFV41NzFh, 识别为链接: True, 识别为数字ID: False"],"warning":""},"api_address":"185.165.170.142:5030"}
[2026-03-13T23:00:04+08:00][info] 消息ID缓存成功: task_id=69, group_id=https://t.me/+9ZnJ_gHIFV41NzFh, msg_index=1112, message_id=1118, send_user_id=4245
[2026-03-13T23:00:04+08:00][info] 消息状态标记为已发送: task_id=69, group_id=https://t.me/+9ZnJ_gHIFV41NzFh, msg_index=1112
[2026-03-13T23:00:04+08:00][info] 任务 69 将在 95 秒后继续处理下一条消息，索引: 1113, 实例ID: task_69_index_1113_1773414004.9563
[2026-03-13T23:00:45+08:00][info] 开始处理队列任务: task_id=66, current_index=3
[2026-03-13T23:00:45+08:00][info] 消息缓存初始化完成: task_id=66, groups=https://t.me/twogrqoup
[2026-03-13T23:00:45+08:00][info] 任务 66 第 896 次循环，重置群组 https://t.me/twogrqoup 消息状态
[2026-03-13T23:00:45+08:00][info] 使用当前发送用户 3469 的 session_path/www/wwwroot/tdata.tgbota.top/public/uploads/admin/202602/6997fc3070d84/819056965118/tdata/temp_8418493902.session
[2026-03-13T23:00:52+08:00][info] 返回:{"status":true,"message":"发送完成，成功1个，失败0个[]","data":{"success":[{"group_id":3895336513,"group_link":"https:\/\/t.me\/twogrqoup","type":"megagroup","message":"发送成功","message_id":8347}],"failed":[],"debug":["处理标识符: https:\/\/t.me\/twogrqoup, 清理后: https:\/\/t.me\/twogrqoup, 识别为链接: True, 识别为数字ID: False","已是群组成员，群组ID: 3895336513"],"warning":""},"api_address":"185.165.170.142:5062"}
[2026-03-13T23:00:52+08:00][info] 消息ID缓存成功: task_id=66, group_id=https://t.me/twogrqoup, msg_index=3, message_id=8347, send_user_id=3469
[2026-03-13T23:00:52+08:00][info] 消息状态标记为已发送: task_id=66, group_id=https://t.me/twogrqoup, msg_index=3
[2026-03-13T23:00:52+08:00][info] 任务 66 将在 20 秒后继续处理下一条消息，索引: 4, 实例ID: task_66_index_4_1773414052.639
[2026-03-13T23:01:12+08:00][info] 开始处理队列任务: task_id=66, current_index=4
[2026-03-13T23:01:13+08:00][info] 消息缓存初始化完成: task_id=66, groups=https://t.me/twogrqoup
[2026-03-13T23:01:13+08:00][info] 任务 66 第 896 次循环，重置群组 https://t.me/twogrqoup 消息状态
[2026-03-13T23:01:13+08:00][info] 使用当前发送用户 3471 的 session_path/www/wwwroot/tdata.tgbota.top/public/uploads/admin/202602/6997fc3070d84/819089723520/tdata/temp_8574369010.session
[2026-03-13T23:01:19+08:00][info] 返回:{"status":true,"message":"发送完成，成功1个，失败0个[]","data":{"success":[{"group_id":3895336513,"group_link":"https:\/\/t.me\/twogrqoup","type":"megagroup","message":"发送成功","message_id":8348}],"failed":[],"debug":["处理标识符: https:\/\/t.me\/twogrqoup, 清理后: https:\/\/t.me\/twogrqoup, 识别为链接: True, 识别为数字ID: False","已是群组成员，群组ID: 3895336513"],"warning":""},"api_address":"185.165.170.142:5023"}
[2026-03-13T23:01:19+08:00][info] 消息ID缓存成功: task_id=66, group_id=https://t.me/twogrqoup, msg_index=4, message_id=8348, send_user_id=3471
[2026-03-13T23:01:19+08:00][info] 消息状态标记为已发送: task_id=66, group_id=https://t.me/twogrqoup, msg_index=4
[2026-03-13T23:01:19+08:00][info] 任务 66 将在 26 秒后继续处理下一条消息，索引: 5, 实例ID: task_66_index_5_1773414079.3893
[2026-03-13T23:01:40+08:00][info] 开始处理队列任务: task_id=69, current_index=1113
[2026-03-13T23:01:40+08:00][info] 使用当前发送用户 4255 的 session_path/www/wwwroot/tdata.tgbota.top/public/uploads/admin/202603/69b10fe00169d/13528396542/tdata/temp_8117450112.session
[2026-03-13T23:01:46+08:00][info] 开始处理队列任务: task_id=66, current_index=5
[2026-03-13T23:01:46+08:00][info] 消息缓存初始化完成: task_id=66, groups=https://t.me/twogrqoup
[2026-03-13T23:01:46+08:00][info] 任务 66 第 896 次循环，重置群组 https://t.me/twogrqoup 消息状态
[2026-03-13T23:01:46+08:00][info] 使用当前发送用户 3469 的 session_path/www/wwwroot/tdata.tgbota.top/public/uploads/admin/202602/6997fc3070d84/819056965118/tdata/temp_8418493902.session
[2026-03-13T23:01:47+08:00][info] 返回:{"status":true,"message":"发送完成，成功1个，失败0个[]","data":{"success":[{"group_id":5072487869,"group_link":"https:\/\/t.me\/+9ZnJ_gHIFV41NzFh","type":"chat","message":"发送成功","message_id":1093}],"failed":[],"debug":["处理标识符: https:\/\/t.me\/+9ZnJ_gHIFV41NzFh, 清理后: https:\/\/t.me\/+9ZnJ_gHIFV41NzFh, 识别为链接: True, 识别为数字ID: False"],"warning":""},"api_address":"185.165.170.142:5040"}
[2026-03-13T23:01:47+08:00][info] 消息ID缓存成功: task_id=69, group_id=https://t.me/+9ZnJ_gHIFV41NzFh, msg_index=1113, message_id=1093, send_user_id=4255
[2026-03-13T23:01:47+08:00][info] 消息状态标记为已发送: task_id=69, group_id=https://t.me/+9ZnJ_gHIFV41NzFh, msg_index=1113
[2026-03-13T23:01:47+08:00][info] 任务 69 将在 90 秒后继续处理下一条消息，索引: 1114, 实例ID: task_69_index_1114_1773414107.2584
[2026-03-13T23:01:52+08:00][info] 返回:{"status":true,"message":"发送完成，成功1个，失败0个[]","data":{"success":[{"group_id":3895336513,"group_link":"https:\/\/t.me\/twogrqoup","type":"megagroup","message":"发送成功","message_id":8349}],"failed":[],"debug":["处理标识符: https:\/\/t.me\/twogrqoup, 清理后: https:\/\/t.me\/twogrqoup, 识别为链接: True, 识别为数字ID: False","已是群组成员，群组ID: 3895336513"],"warning":""},"api_address":"185.165.170.142:5062"}
[2026-03-13T23:01:52+08:00][info] 消息ID缓存成功: task_id=66, group_id=https://t.me/twogrqoup, msg_index=5, message_id=8349, send_user_id=3469
[2026-03-13T23:01:52+08:00][info] 消息状态标记为已发送: task_id=66, group_id=https://t.me/twogrqoup, msg_index=5
[2026-03-13T23:01:52+08:00][info] 任务 66 将在 27 秒后继续处理下一条消息，索引: 6, 实例ID: task_66_index_6_1773414112.2894
[2026-03-13T23:02:19+08:00][info] 开始处理队列任务: task_id=66, current_index=6
[2026-03-13T23:02:19+08:00][info] 消息缓存初始化完成: task_id=66, groups=https://t.me/twogrqoup
[2026-03-13T23:02:19+08:00][info] 任务 66 第 896 次循环，重置群组 https://t.me/twogrqoup 消息状态
[2026-03-13T23:02:19+08:00][info] 使用当前发送用户 3471 的 session_path/www/wwwroot/tdata.tgbota.top/public/uploads/admin/202602/6997fc3070d84/819089723520/tdata/temp_8574369010.session
[2026-03-13T23:02:24+08:00][info] 返回:{"status":true,"message":"发送完成，成功1个，失败0个[]","data":{"success":[{"group_id":3895336513,"group_link":"https:\/\/t.me\/twogrqoup","type":"megagroup","message":"发送成功","message_id":8350}],"failed":[],"debug":["处理标识符: https:\/\/t.me\/twogrqoup, 清理后: https:\/\/t.me\/twogrqoup, 识别为链接: True, 识别为数字ID: False","已是群组成员，群组ID: 3895336513"],"warning":""},"api_address":"185.165.170.142:5023"}
[2026-03-13T23:02:24+08:00][info] 消息ID缓存成功: task_id=66, group_id=https://t.me/twogrqoup, msg_index=6, message_id=8350, send_user_id=3471
[2026-03-13T23:02:24+08:00][info] 消息状态标记为已发送: task_id=66, group_id=https://t.me/twogrqoup, msg_index=6
[2026-03-13T23:02:24+08:00][info] 任务 66 将在 13 秒后继续处理下一条消息，索引: 7, 实例ID: task_66_index_7_1773414144.7489
[2026-03-13T23:02:37+08:00][info] 开始处理队列任务: task_id=66, current_index=7
[2026-03-13T23:02:37+08:00][info] 消息缓存初始化完成: task_id=66, groups=https://t.me/twogrqoup
[2026-03-13T23:02:37+08:00][info] 任务 66 第 896 次循环，重置群组 https://t.me/twogrqoup 消息状态
[2026-03-13T23:02:37+08:00][info] 使用当前发送用户 3471 的 session_path/www/wwwroot/tdata.tgbota.top/public/uploads/admin/202602/6997fc3070d84/819089723520/tdata/temp_8574369010.session
[2026-03-13T23:02:43+08:00][info] 返回:{"status":true,"message":"发送完成，成功1个，失败0个[]","data":{"success":[{"group_id":3895336513,"group_link":"https:\/\/t.me\/twogrqoup","type":"megagroup","message":"发送成功","message_id":8351}],"failed":[],"debug":["处理标识符: https:\/\/t.me\/twogrqoup, 清理后: https:\/\/t.me\/twogrqoup, 识别为链接: True, 识别为数字ID: False","已是群组成员，群组ID: 3895336513"],"warning":""},"api_address":"185.165.170.142:5023"}
[2026-03-13T23:02:43+08:00][info] 消息ID缓存成功: task_id=66, group_id=https://t.me/twogrqoup, msg_index=7, message_id=8351, send_user_id=3471
[2026-03-13T23:02:43+08:00][info] 消息状态标记为已发送: task_id=66, group_id=https://t.me/twogrqoup, msg_index=7
[2026-03-13T23:02:43+08:00][info] 任务 66 将在 26 秒后继续处理下一条消息，索引: 8, 实例ID: task_66_index_8_1773414163.8952
[2026-03-13T23:03:09+08:00][info] 开始处理队列任务: task_id=66, current_index=8
[2026-03-13T23:03:09+08:00][info] 消息缓存初始化完成: task_id=66, groups=https://t.me/twogrqoup
[2026-03-13T23:03:09+08:00][info] 任务 66 第 896 次循环，重置群组 https://t.me/twogrqoup 消息状态
[2026-03-13T23:03:09+08:00][info] 使用当前发送用户 3469 的 session_path/www/wwwroot/tdata.tgbota.top/public/uploads/admin/202602/6997fc3070d84/819056965118/tdata/temp_8418493902.session
[2026-03-13T23:03:16+08:00][info] 返回:{"status":true,"message":"发送完成，成功1个，失败0个[]","data":{"success":[{"group_id":3895336513,"group_link":"https:\/\/t.me\/twogrqoup","type":"megagroup","message":"发送成功","message_id":8352}],"failed":[],"debug":["处理标识符: https:\/\/t.me\/twogrqoup, 清理后: https:\/\/t.me\/twogrqoup, 识别为链接: True, 识别为数字ID: False","已是群组成员，群组ID: 3895336513"],"warning":""},"api_address":"185.165.170.142:5062"}
[2026-03-13T23:03:16+08:00][info] 消息ID缓存成功: task_id=66, group_id=https://t.me/twogrqoup, msg_index=8, message_id=8352, send_user_id=3469
[2026-03-13T23:03:16+08:00][info] 消息状态标记为已发送: task_id=66, group_id=https://t.me/twogrqoup, msg_index=8
[2026-03-13T23:03:16+08:00][info] 任务 66 将在 30 秒后继续处理下一条消息，索引: 9, 实例ID: task_66_index_9_1773414196.8279
[2026-03-13T23:03:17+08:00][info] 开始处理队列任务: task_id=69, current_index=1114
[2026-03-13T23:03:17+08:00][info] 使用消息配置中指定的用户 4247 的 session_path/www/wwwroot/tdata.tgbota.top/public/uploads/admin/202603/69b10fe00169d/13463004519/tdata/temp_8524606971.session
[2026-03-13T23:03:21+08:00][info] 返回:{"status":true,"message":"发送完成，成功1个，失败0个[]","data":{"success":[{"group_id":5072487869,"group_link":"https:\/\/t.me\/+9ZnJ_gHIFV41NzFh","type":"chat","message":"发送成功","message_id":1124}],"failed":[],"debug":["处理标识符: https:\/\/t.me\/+9ZnJ_gHIFV41NzFh, 清理后: https:\/\/t.me\/+9ZnJ_gHIFV41NzFh, 识别为链接: True, 识别为数字ID: False"],"warning":""},"api_address":"185.165.170.142:5032"}
[2026-03-13T23:03:21+08:00][info] 消息ID缓存成功: task_id=69, group_id=https://t.me/+9ZnJ_gHIFV41NzFh, msg_index=1114, message_id=1124, send_user_id=4247
[2026-03-13T23:03:21+08:00][info] 消息状态标记为已发送: task_id=69, group_id=https://t.me/+9ZnJ_gHIFV41NzFh, msg_index=1114
[2026-03-13T23:03:21+08:00][info] 任务 69 将在 101 秒后继续处理下一条消息，索引: 1115, 实例ID: task_69_index_1115_1773414201.571
[2026-03-13T23:03:46+08:00][info] 开始处理队列任务: task_id=66, current_index=9
[2026-03-13T23:03:46+08:00][info] 消息缓存初始化完成: task_id=66, groups=https://t.me/twogrqoup
[2026-03-13T23:03:46+08:00][info] 任务 66 第 896 次循环，重置群组 https://t.me/twogrqoup 消息状态
[2026-03-13T23:03:46+08:00][info] 任务 66 第 896 轮完成，准备进行第 897 轮
[2026-03-13T23:03:46+08:00][info] 任务 66 即将为下一轮重新入队，延迟 5 秒，从索引 0 开始
[2026-03-13T23:03:51+08:00][info] 开始处理队列任务: task_id=66, current_index=0
[2026-03-13T23:03:51+08:00][info] 消息缓存初始化完成: task_id=66, groups=https://t.me/twogrqoup
[2026-03-13T23:03:51+08:00][info] 任务 66 第 897 次循环，重置群组 https://t.me/twogrqoup 消息状态
[2026-03-13T23:03:51+08:00][info] 使用当前发送用户 3469 的 session_path/www/wwwroot/tdata.tgbota.top/public/uploads/admin/202602/6997fc3070d84/819056965118/tdata/temp_8418493902.session
[2026-03-13T23:03:58+08:00][info] 返回:{"status":true,"message":"发送完成，成功1个，失败0个[]","data":{"success":[{"group_id":3895336513,"group_link":"https:\/\/t.me\/twogrqoup","type":"megagroup","message":"发送成功","message_id":8353}],"failed":[],"debug":["处理标识符: https:\/\/t.me\/twogrqoup, 清理后: https:\/\/t.me\/twogrqoup, 识别为链接: True, 识别为数字ID: False","已是群组成员，群组ID: 3895336513"],"warning":""},"api_address":"185.165.170.142:5062"}
[2026-03-13T23:03:58+08:00][info] 消息ID缓存成功: task_id=66, group_id=https://t.me/twogrqoup, msg_index=0, message_id=8353, send_user_id=3469
[2026-03-13T23:03:58+08:00][info] 消息状态标记为已发送: task_id=66, group_id=https://t.me/twogrqoup, msg_index=0
[2026-03-13T23:03:58+08:00][info] 任务 66 将在 15 秒后继续处理下一条消息，索引: 1, 实例ID: task_66_index_1_1773414238.2934
[2026-03-13T23:04:13+08:00][info] 开始处理队列任务: task_id=66, current_index=1
[2026-03-13T23:04:13+08:00][info] 消息缓存初始化完成: task_id=66, groups=https://t.me/twogrqoup
[2026-03-13T23:04:13+08:00][info] 任务 66 第 897 次循环，重置群组 https://t.me/twogrqoup 消息状态
[2026-03-13T23:04:13+08:00][info] 使用当前发送用户 3472 的 session_path/www/wwwroot/tdata.tgbota.top/public/uploads/admin/202602/6997fc3070d84/819050054287/tdata/temp_8308580822.session
[2026-03-13T23:04:19+08:00][info] 返回:{"status":true,"message":"发送完成，成功1个，失败0个[]","data":{"success":[{"group_id":3895336513,"group_link":"https:\/\/t.me\/twogrqoup","type":"megagroup","message":"发送成功","message_id":8354}],"failed":[],"debug":["处理标识符: https:\/\/t.me\/twogrqoup, 清理后: https:\/\/t.me\/twogrqoup, 识别为链接: True, 识别为数字ID: False","已是群组成员，群组ID: 3895336513"],"warning":""},"api_address":"185.165.170.142:5042"}
[2026-03-13T23:04:19+08:00][info] 消息ID缓存成功: task_id=66, group_id=https://t.me/twogrqoup, msg_index=1, message_id=8354, send_user_id=3472
[2026-03-13T23:04:19+08:00][info] 消息状态标记为已发送: task_id=66, group_id=https://t.me/twogrqoup, msg_index=1
[2026-03-13T23:04:19+08:00][info] 任务 66 将在 30 秒后继续处理下一条消息，索引: 2, 实例ID: task_66_index_2_1773414259.1252
[2026-03-13T23:04:49+08:00][info] 开始处理队列任务: task_id=66, current_index=2
[2026-03-13T23:04:49+08:00][info] 消息缓存初始化完成: task_id=66, groups=https://t.me/twogrqoup
[2026-03-13T23:04:49+08:00][info] 任务 66 第 897 次循环，重置群组 https://t.me/twogrqoup 消息状态
[2026-03-13T23:04:49+08:00][info] 使用当前发送用户 3473 的 session_path/www/wwwroot/tdata.tgbota.top/public/uploads/admin/202602/6997fc3070d84/819054626431/tdata/temp_8503359249.session
[2026-03-13T23:04:54+08:00][info] 返回:{"status":true,"message":"发送完成，成功1个，失败0个[]","data":{"success":[{"group_id":3895336513,"group_link":"https:\/\/t.me\/twogrqoup","type":"megagroup","message":"发送成功","message_id":8355}],"failed":[],"debug":["处理标识符: https:\/\/t.me\/twogrqoup, 清理后: https:\/\/t.me\/twogrqoup, 识别为链接: True, 识别为数字ID: False","已是群组成员，群组ID: 3895336513"],"warning":""},"api_address":"185.165.170.142:5043"}
[2026-03-13T23:04:54+08:00][info] 消息ID缓存成功: task_id=66, group_id=https://t.me/twogrqoup, msg_index=2, message_id=8355, send_user_id=3473
[2026-03-13T23:04:54+08:00][info] 消息状态标记为已发送: task_id=66, group_id=https://t.me/twogrqoup, msg_index=2
[2026-03-13T23:04:54+08:00][info] 任务 66 将在 45 秒后继续处理下一条消息，索引: 3, 实例ID: task_66_index_3_1773414294.4105
[2026-03-13T23:05:02+08:00][info] 开始处理队列任务: task_id=69, current_index=1115
[2026-03-13T23:05:02+08:00][info] 使用消息配置中指定的用户 4246 的 session_path/www/wwwroot/tdata.tgbota.top/public/uploads/admin/202603/69b10fe00169d/13525689778/tdata/temp_8298330802.session
[2026-03-13T23:05:07+08:00][info] 返回:{"status":true,"message":"发送完成，成功1个，失败0个[]","data":{"success":[{"group_id":5072487869,"group_link":"https:\/\/t.me\/+9ZnJ_gHIFV41NzFh","type":"chat","message":"发送成功","message_id":1123}],"failed":[],"debug":["处理标识符: https:\/\/t.me\/+9ZnJ_gHIFV41NzFh, 清理后: https:\/\/t.me\/+9ZnJ_gHIFV41NzFh, 识别为链接: True, 识别为数字ID: False"],"warning":""},"api_address":"185.165.170.142:5031"}
[2026-03-13T23:05:07+08:00][info] 消息ID缓存成功: task_id=69, group_id=https://t.me/+9ZnJ_gHIFV41NzFh, msg_index=1115, message_id=1123, send_user_id=4246
[2026-03-13T23:05:07+08:00][info] 消息状态标记为已发送: task_id=69, group_id=https://t.me/+9ZnJ_gHIFV41NzFh, msg_index=1115
[2026-03-13T23:05:07+08:00][info] 任务 69 将在 91 秒后继续处理下一条消息，索引: 1116, 实例ID: task_69_index_1116_1773414307.2499
[2026-03-13T23:05:39+08:00][info] 开始处理队列任务: task_id=66, current_index=3
[2026-03-13T23:05:39+08:00][info] 消息缓存初始化完成: task_id=66, groups=https://t.me/twogrqoup
[2026-03-13T23:05:39+08:00][info] 任务 66 第 897 次循环，重置群组 https://t.me/twogrqoup 消息状态
[2026-03-13T23:05:39+08:00][info] 使用当前发送用户 3469 的 session_path/www/wwwroot/tdata.tgbota.top/public/uploads/admin/202602/6997fc3070d84/819056965118/tdata/temp_8418493902.session
[2026-03-13T23:05:46+08:00][info] 返回:{"status":true,"message":"发送完成，成功1个，失败0个[]","data":{"success":[{"group_id":3895336513,"group_link":"https:\/\/t.me\/twogrqoup","type":"megagroup","message":"发送成功","message_id":8356}],"failed":[],"debug":["处理标识符: https:\/\/t.me\/twogrqoup, 清理后: https:\/\/t.me\/twogrqoup, 识别为链接: True, 识别为数字ID: False","已是群组成员，群组ID: 3895336513"],"warning":""},"api_address":"185.165.170.142:5062"}
[2026-03-13T23:05:46+08:00][info] 消息ID缓存成功: task_id=66, group_id=https://t.me/twogrqoup, msg_index=3, message_id=8356, send_user_id=3469
[2026-03-13T23:05:46+08:00][info] 消息状态标记为已发送: task_id=66, group_id=https://t.me/twogrqoup, msg_index=3
[2026-03-13T23:05:46+08:00][info] 任务 66 将在 20 秒后继续处理下一条消息，索引: 4, 实例ID: task_66_index_4_1773414346.6693
[2026-03-13T23:06:07+08:00][info] 开始处理队列任务: task_id=66, current_index=4
[2026-03-13T23:06:07+08:00][info] 消息缓存初始化完成: task_id=66, groups=https://t.me/twogrqoup
[2026-03-13T23:06:07+08:00][info] 任务 66 第 897 次循环，重置群组 https://t.me/twogrqoup 消息状态
[2026-03-13T23:06:07+08:00][info] 使用当前发送用户 3471 的 session_path/www/wwwroot/tdata.tgbota.top/public/uploads/admin/202602/6997fc3070d84/819089723520/tdata/temp_8574369010.session
[2026-03-13T23:06:14+08:00][info] 返回:{"status":true,"message":"发送完成，成功1个，失败0个[]","data":{"success":[{"group_id":3895336513,"group_link":"https:\/\/t.me\/twogrqoup","type":"megagroup","message":"发送成功","message_id":8357}],"failed":[],"debug":["处理标识符: https:\/\/t.me\/twogrqoup, 清理后: https:\/\/t.me\/twogrqoup, 识别为链接: True, 识别为数字ID: False","已是群组成员，群组ID: 3895336513"],"warning":""},"api_address":"185.165.170.142:5023"}
[2026-03-13T23:06:14+08:00][info] 消息ID缓存成功: task_id=66, group_id=https://t.me/twogrqoup, msg_index=4, message_id=8357, send_user_id=3471
[2026-03-13T23:06:14+08:00][info] 消息状态标记为已发送: task_id=66, group_id=https://t.me/twogrqoup, msg_index=4
[2026-03-13T23:06:14+08:00][info] 任务 66 将在 26 秒后继续处理下一条消息，索引: 5, 实例ID: task_66_index_5_1773414374.2847
[2026-03-13T23:06:38+08:00][info] 开始处理队列任务: task_id=69, current_index=1116
[2026-03-13T23:06:38+08:00][info] 使用消息配置中指定的用户 4240 的 session_path/www/wwwroot/tdata.tgbota.top/public/uploads/admin/202603/69b10fe00169d/13618639920/tdata/temp_8531252785.session
[2026-03-13T23:06:40+08:00][info] 开始处理队列任务: task_id=66, current_index=5
[2026-03-13T23:06:40+08:00][info] 消息缓存初始化完成: task_id=66, groups=https://t.me/twogrqoup
[2026-03-13T23:06:40+08:00][info] 任务 66 第 897 次循环，重置群组 https://t.me/twogrqoup 消息状态
[2026-03-13T23:06:40+08:00][info] 使用当前发送用户 3469 的 session_path/www/wwwroot/tdata.tgbota.top/public/uploads/admin/202602/6997fc3070d84/819056965118/tdata/temp_8418493902.session
[2026-03-13T23:06:44+08:00][info] 返回:{"status":true,"message":"发送完成，成功1个，失败0个[]","data":{"success":[{"group_id":5072487869,"group_link":"https:\/\/t.me\/+9ZnJ_gHIFV41NzFh","type":"chat","message":"发送成功","message_id":1109}],"failed":[],"debug":["处理标识符: https:\/\/t.me\/+9ZnJ_gHIFV41NzFh, 清理后: https:\/\/t.me\/+9ZnJ_gHIFV41NzFh, 识别为链接: True, 识别为数字ID: False"],"warning":""},"api_address":"185.165.170.142:5025"}
[2026-03-13T23:06:44+08:00][info] 消息ID缓存成功: task_id=69, group_id=https://t.me/+9ZnJ_gHIFV41NzFh, msg_index=1116, message_id=1109, send_user_id=4240
[2026-03-13T23:06:44+08:00][info] 消息状态标记为已发送: task_id=69, group_id=https://t.me/+9ZnJ_gHIFV41NzFh, msg_index=1116
[2026-03-13T23:06:44+08:00][info] 任务 69 将在 109 秒后继续处理下一条消息，索引: 1117, 实例ID: task_69_index_1117_1773414404.5736
[2026-03-13T23:06:48+08:00][info] 返回:{"status":true,"message":"发送完成，成功1个，失败0个[]","data":{"success":[{"group_id":3895336513,"group_link":"https:\/\/t.me\/twogrqoup","type":"megagroup","message":"发送成功","message_id":8358}],"failed":[],"debug":["处理标识符: https:\/\/t.me\/twogrqoup, 清理后: https:\/\/t.me\/twogrqoup, 识别为链接: True, 识别为数字ID: False","已是群组成员，群组ID: 3895336513"],"warning":""},"api_address":"185.165.170.142:5062"}
[2026-03-13T23:06:48+08:00][info] 消息ID缓存成功: task_id=66, group_id=https://t.me/twogrqoup, msg_index=5, message_id=8358, send_user_id=3469
[2026-03-13T23:06:48+08:00][info] 消息状态标记为已发送: task_id=66, group_id=https://t.me/twogrqoup, msg_index=5
[2026-03-13T23:06:48+08:00][info] 任务 66 将在 27 秒后继续处理下一条消息，索引: 6, 实例ID: task_66_index_6_1773414408.5646
[2026-03-13T23:07:15+08:00][info] 开始处理队列任务: task_id=66, current_index=6
[2026-03-13T23:07:15+08:00][info] 消息缓存初始化完成: task_id=66, groups=https://t.me/twogrqoup
[2026-03-13T23:07:15+08:00][info] 任务 66 第 897 次循环，重置群组 https://t.me/twogrqoup 消息状态
[2026-03-13T23:07:15+08:00][info] 使用当前发送用户 3471 的 session_path/www/wwwroot/tdata.tgbota.top/public/uploads/admin/202602/6997fc3070d84/819089723520/tdata/temp_8574369010.session
[2026-03-13T23:07:22+08:00][info] 返回:{"status":true,"message":"发送完成，成功1个，失败0个[]","data":{"success":[{"group_id":3895336513,"group_link":"https:\/\/t.me\/twogrqoup","type":"megagroup","message":"发送成功","message_id":8359}],"failed":[],"debug":["处理标识符: https:\/\/t.me\/twogrqoup, 清理后: https:\/\/t.me\/twogrqoup, 识别为链接: True, 识别为数字ID: False","已是群组成员，群组ID: 3895336513"],"warning":""},"api_address":"185.165.170.142:5023"}
[2026-03-13T23:07:22+08:00][info] 消息ID缓存成功: task_id=66, group_id=https://t.me/twogrqoup, msg_index=6, message_id=8359, send_user_id=3471
[2026-03-13T23:07:22+08:00][info] 消息状态标记为已发送: task_id=66, group_id=https://t.me/twogrqoup, msg_index=6
[2026-03-13T23:07:22+08:00][info] 任务 66 将在 13 秒后继续处理下一条消息，索引: 7, 实例ID: task_66_index_7_1773414442.0669
[2026-03-13T23:07:35+08:00][info] 开始处理队列任务: task_id=66, current_index=7
[2026-03-13T23:07:35+08:00][info] 消息缓存初始化完成: task_id=66, groups=https://t.me/twogrqoup
[2026-03-13T23:07:35+08:00][info] 任务 66 第 897 次循环，重置群组 https://t.me/twogrqoup 消息状态
[2026-03-13T23:07:35+08:00][info] 使用当前发送用户 3471 的 session_path/www/wwwroot/tdata.tgbota.top/public/uploads/admin/202602/6997fc3070d84/819089723520/tdata/temp_8574369010.session
[2026-03-13T23:07:42+08:00][info] 返回:{"status":true,"message":"发送完成，成功1个，失败0个[]","data":{"success":[{"group_id":3895336513,"group_link":"https:\/\/t.me\/twogrqoup","type":"megagroup","message":"发送成功","message_id":8360}],"failed":[],"debug":["处理标识符: https:\/\/t.me\/twogrqoup, 清理后: https:\/\/t.me\/twogrqoup, 识别为链接: True, 识别为数字ID: False","已是群组成员，群组ID: 3895336513"],"warning":""},"api_address":"185.165.170.142:5023"}
[2026-03-13T23:07:42+08:00][info] 消息ID缓存成功: task_id=66, group_id=https://t.me/twogrqoup, msg_index=7, message_id=8360, send_user_id=3471
[2026-03-13T23:07:42+08:00][info] 消息状态标记为已发送: task_id=66, group_id=https://t.me/twogrqoup, msg_index=7
[2026-03-13T23:07:42+08:00][info] 任务 66 将在 26 秒后继续处理下一条消息，索引: 8, 实例ID: task_66_index_8_1773414462.5836
[2026-03-13T23:08:08+08:00][info] 开始处理队列任务: task_id=66, current_index=8
[2026-03-13T23:08:08+08:00][info] 消息缓存初始化完成: task_id=66, groups=https://t.me/twogrqoup
[2026-03-13T23:08:08+08:00][info] 任务 66 第 897 次循环，重置群组 https://t.me/twogrqoup 消息状态
[2026-03-13T23:08:08+08:00][info] 使用当前发送用户 3469 的 session_path/www/wwwroot/tdata.tgbota.top/public/uploads/admin/202602/6997fc3070d84/819056965118/tdata/temp_8418493902.session
[2026-03-13T23:08:16+08:00][info] 返回:{"status":true,"message":"发送完成，成功1个，失败0个[]","data":{"success":[{"group_id":3895336513,"group_link":"https:\/\/t.me\/twogrqoup","type":"megagroup","message":"发送成功","message_id":8361}],"failed":[],"debug":["处理标识符: https:\/\/t.me\/twogrqoup, 清理后: https:\/\/t.me\/twogrqoup, 识别为链接: True, 识别为数字ID: False","已是群组成员，群组ID: 3895336513"],"warning":""},"api_address":"185.165.170.142:5062"}
[2026-03-13T23:08:16+08:00][info] 消息ID缓存成功: task_id=66, group_id=https://t.me/twogrqoup, msg_index=8, message_id=8361, send_user_id=3469
[2026-03-13T23:08:16+08:00][info] 消息状态标记为已发送: task_id=66, group_id=https://t.me/twogrqoup, msg_index=8
[2026-03-13T23:08:16+08:00][info] 任务 66 将在 30 秒后继续处理下一条消息，索引: 9, 实例ID: task_66_index_9_1773414496.0756
[2026-03-13T23:08:33+08:00][info] 开始处理队列任务: task_id=69, current_index=1117
[2026-03-13T23:08:33+08:00][info] 使用当前发送用户 4254 的 session_path/www/wwwroot/tdata.tgbota.top/public/uploads/admin/202603/69b10fe00169d/13378414919/tdata/temp_7734543207.session
[2026-03-13T23:08:37+08:00][info] 返回:{"status":true,"message":"发送完成，成功1个，失败0个[]","data":{"success":[{"group_id":5072487869,"group_link":"https:\/\/t.me\/+9ZnJ_gHIFV41NzFh","type":"chat","message":"发送成功","message_id":1094}],"failed":[],"debug":["处理标识符: https:\/\/t.me\/+9ZnJ_gHIFV41NzFh, 清理后: https:\/\/t.me\/+9ZnJ_gHIFV41NzFh, 识别为链接: True, 识别为数字ID: False"],"warning":""},"api_address":"185.165.170.142:5039"}
[2026-03-13T23:08:37+08:00][info] 消息ID缓存成功: task_id=69, group_id=https://t.me/+9ZnJ_gHIFV41NzFh, msg_index=1117, message_id=1094, send_user_id=4254
[2026-03-13T23:08:37+08:00][info] 消息状态标记为已发送: task_id=69, group_id=https://t.me/+9ZnJ_gHIFV41NzFh, msg_index=1117
[2026-03-13T23:08:37+08:00][info] 任务 69 将在 80 秒后继续处理下一条消息，索引: 1118, 实例ID: task_69_index_1118_1773414517.9914
[2026-03-13T23:08:46+08:00][info] 开始处理队列任务: task_id=66, current_index=9
[2026-03-13T23:08:46+08:00][info] 消息缓存初始化完成: task_id=66, groups=https://t.me/twogrqoup
[2026-03-13T23:08:46+08:00][info] 任务 66 第 897 次循环，重置群组 https://t.me/twogrqoup 消息状态
[2026-03-13T23:08:46+08:00][info] 任务 66 第 897 轮完成，准备进行第 898 轮
[2026-03-13T23:08:46+08:00][info] 任务 66 即将为下一轮重新入队，延迟 5 秒，从索引 0 开始
[2026-03-13T23:08:52+08:00][info] 开始处理队列任务: task_id=66, current_index=0
[2026-03-13T23:08:52+08:00][info] 消息缓存初始化完成: task_id=66, groups=https://t.me/twogrqoup
[2026-03-13T23:08:52+08:00][info] 任务 66 第 898 次循环，重置群组 https://t.me/twogrqoup 消息状态
[2026-03-13T23:08:52+08:00][info] 使用当前发送用户 3469 的 session_path/www/wwwroot/tdata.tgbota.top/public/uploads/admin/202602/6997fc3070d84/819056965118/tdata/temp_8418493902.session
[2026-03-13T23:08:59+08:00][info] 返回:{"status":true,"message":"发送完成，成功1个，失败0个[]","data":{"success":[{"group_id":3895336513,"group_link":"https:\/\/t.me\/twogrqoup","type":"megagroup","message":"发送成功","message_id":8362}],"failed":[],"debug":["处理标识符: https:\/\/t.me\/twogrqoup, 清理后: https:\/\/t.me\/twogrqoup, 识别为链接: True, 识别为数字ID: False","已是群组成员，群组ID: 3895336513"],"warning":""},"api_address":"185.165.170.142:5062"}
[2026-03-13T23:08:59+08:00][info] 消息ID缓存成功: task_id=66, group_id=https://t.me/twogrqoup, msg_index=0, message_id=8362, send_user_id=3469
[2026-03-13T23:08:59+08:00][info] 消息状态标记为已发送: task_id=66, group_id=https://t.me/twogrqoup, msg_index=0
[2026-03-13T23:08:59+08:00][info] 任务 66 将在 15 秒后继续处理下一条消息，索引: 1, 实例ID: task_66_index_1_1773414539.8269
[2026-03-13T23:09:14+08:00][info] 开始处理队列任务: task_id=66, current_index=1
[2026-03-13T23:09:14+08:00][info] 消息缓存初始化完成: task_id=66, groups=https://t.me/twogrqoup
[2026-03-13T23:09:14+08:00][info] 任务 66 第 898 次循环，重置群组 https://t.me/twogrqoup 消息状态
[2026-03-13T23:09:14+08:00][info] 使用当前发送用户 3472 的 session_path/www/wwwroot/tdata.tgbota.top/public/uploads/admin/202602/6997fc3070d84/819050054287/tdata/temp_8308580822.session
[2026-03-13T23:09:20+08:00][info] 返回:{"status":true,"message":"发送完成，成功1个，失败0个[]","data":{"success":[{"group_id":3895336513,"group_link":"https:\/\/t.me\/twogrqoup","type":"megagroup","message":"发送成功","message_id":8363}],"failed":[],"debug":["处理标识符: https:\/\/t.me\/twogrqoup, 清理后: https:\/\/t.me\/twogrqoup, 识别为链接: True, 识别为数字ID: False","已是群组成员，群组ID: 3895336513"],"warning":""},"api_address":"185.165.170.142:5042"}
[2026-03-13T23:09:20+08:00][info] 消息ID缓存成功: task_id=66, group_id=https://t.me/twogrqoup, msg_index=1, message_id=8363, send_user_id=3472
[2026-03-13T23:09:20+08:00][info] 消息状态标记为已发送: task_id=66, group_id=https://t.me/twogrqoup, msg_index=1
[2026-03-13T23:09:20+08:00][info] 任务 66 将在 30 秒后继续处理下一条消息，索引: 2, 实例ID: task_66_index_2_1773414560.7235
[2026-03-13T23:09:50+08:00][info] 开始处理队列任务: task_id=66, current_index=2
[2026-03-13T23:09:50+08:00][info] 消息缓存初始化完成: task_id=66, groups=https://t.me/twogrqoup
[2026-03-13T23:09:50+08:00][info] 任务 66 第 898 次循环，重置群组 https://t.me/twogrqoup 消息状态
[2026-03-13T23:09:50+08:00][info] 使用当前发送用户 3473 的 session_path/www/wwwroot/tdata.tgbota.top/public/uploads/admin/202602/6997fc3070d84/819054626431/tdata/temp_8503359249.session
[2026-03-13T23:09:57+08:00][info] 返回:{"status":true,"message":"发送完成，成功1个，失败0个[]","data":{"success":[{"group_id":3895336513,"group_link":"https:\/\/t.me\/twogrqoup","type":"megagroup","message":"发送成功","message_id":8364}],"failed":[],"debug":["处理标识符: https:\/\/t.me\/twogrqoup, 清理后: https:\/\/t.me\/twogrqoup, 识别为链接: True, 识别为数字ID: False","已是群组成员，群组ID: 3895336513"],"warning":""},"api_address":"185.165.170.142:5043"}
[2026-03-13T23:09:57+08:00][info] 消息ID缓存成功: task_id=66, group_id=https://t.me/twogrqoup, msg_index=2, message_id=8364, send_user_id=3473
[2026-03-13T23:09:57+08:00][info] 消息状态标记为已发送: task_id=66, group_id=https://t.me/twogrqoup, msg_index=2
[2026-03-13T23:09:57+08:00][info] 任务 66 将在 45 秒后继续处理下一条消息，索引: 3, 实例ID: task_66_index_3_1773414597.7039
[2026-03-13T23:09:57+08:00][info] 开始处理队列任务: task_id=69, current_index=1118
[2026-03-13T23:09:57+08:00][info] 使用当前发送用户 4254 的 session_path/www/wwwroot/tdata.tgbota.top/public/uploads/admin/202603/69b10fe00169d/13378414919/tdata/temp_7734543207.session
[2026-03-13T23:10:02+08:00][info] 返回:{"status":true,"message":"发送完成，成功1个，失败0个[]","data":{"success":[{"group_id":5072487869,"group_link":"https:\/\/t.me\/+9ZnJ_gHIFV41NzFh","type":"chat","message":"发送成功","message_id":1095}],"failed":[],"debug":["处理标识符: https:\/\/t.me\/+9ZnJ_gHIFV41NzFh, 清理后: https:\/\/t.me\/+9ZnJ_gHIFV41NzFh, 识别为链接: True, 识别为数字ID: False"],"warning":""},"api_address":"185.165.170.142:5039"}
[2026-03-13T23:10:02+08:00][info] 消息ID缓存成功: task_id=69, group_id=https://t.me/+9ZnJ_gHIFV41NzFh, msg_index=1118, message_id=1095, send_user_id=4254
[2026-03-13T23:10:02+08:00][info] 消息状态标记为已发送: task_id=69, group_id=https://t.me/+9ZnJ_gHIFV41NzFh, msg_index=1118
[2026-03-13T23:10:02+08:00][info] 任务 69 将在 99 秒后继续处理下一条消息，索引: 1119, 实例ID: task_69_index_1119_1773414602.8543
[2026-03-13T23:10:43+08:00][info] 开始处理队列任务: task_id=66, current_index=3
[2026-03-13T23:10:43+08:00][info] 消息缓存初始化完成: task_id=66, groups=https://t.me/twogrqoup
[2026-03-13T23:10:43+08:00][info] 任务 66 第 898 次循环，重置群组 https://t.me/twogrqoup 消息状态
[2026-03-13T23:10:43+08:00][info] 使用当前发送用户 3469 的 session_path/www/wwwroot/tdata.tgbota.top/public/uploads/admin/202602/6997fc3070d84/819056965118/tdata/temp_8418493902.session
[2026-03-13T23:10:50+08:00][info] 返回:{"status":true,"message":"发送完成，成功1个，失败0个[]","data":{"success":[{"group_id":3895336513,"group_link":"https:\/\/t.me\/twogrqoup","type":"megagroup","message":"发送成功","message_id":8365}],"failed":[],"debug":["处理标识符: https:\/\/t.me\/twogrqoup, 清理后: https:\/\/t.me\/twogrqoup, 识别为链接: True, 识别为数字ID: False","已是群组成员，群组ID: 3895336513"],"warning":""},"api_address":"185.165.170.142:5062"}
[2026-03-13T23:10:50+08:00][info] 消息ID缓存成功: task_id=66, group_id=https://t.me/twogrqoup, msg_index=3, message_id=8365, send_user_id=3469
[2026-03-13T23:10:50+08:00][info] 消息状态标记为已发送: task_id=66, group_id=https://t.me/twogrqoup, msg_index=3
[2026-03-13T23:10:50+08:00][info] 任务 66 将在 20 秒后继续处理下一条消息，索引: 4, 实例ID: task_66_index_4_1773414650.7356
[2026-03-13T23:11:10+08:00][info] 开始处理队列任务: task_id=66, current_index=4
[2026-03-13T23:11:11+08:00][info] 消息缓存初始化完成: task_id=66, groups=https://t.me/twogrqoup
[2026-03-13T23:11:11+08:00][info] 任务 66 第 898 次循环，重置群组 https://t.me/twogrqoup 消息状态
[2026-03-13T23:11:11+08:00][info] 使用当前发送用户 3471 的 session_path/www/wwwroot/tdata.tgbota.top/public/uploads/admin/202602/6997fc3070d84/819089723520/tdata/temp_8574369010.session
[2026-03-13T23:11:16+08:00][info] 返回:{"status":true,"message":"发送完成，成功1个，失败0个[]","data":{"success":[{"group_id":3895336513,"group_link":"https:\/\/t.me\/twogrqoup","type":"megagroup","message":"发送成功","message_id":8366}],"failed":[],"debug":["处理标识符: https:\/\/t.me\/twogrqoup, 清理后: https:\/\/t.me\/twogrqoup, 识别为链接: True, 识别为数字ID: False","已是群组成员，群组ID: 3895336513"],"warning":""},"api_address":"185.165.170.142:5023"}
[2026-03-13T23:11:16+08:00][info] 消息ID缓存成功: task_id=66, group_id=https://t.me/twogrqoup, msg_index=4, message_id=8366, send_user_id=3471
[2026-03-13T23:11:16+08:00][info] 消息状态标记为已发送: task_id=66, group_id=https://t.me/twogrqoup, msg_index=4
[2026-03-13T23:11:16+08:00][info] 任务 66 将在 26 秒后继续处理下一条消息，索引: 5, 实例ID: task_66_index_5_1773414676.2194
[2026-03-13T23:11:41+08:00][info] 开始处理队列任务: task_id=69, current_index=1119
[2026-03-13T23:11:41+08:00][info] 使用消息配置中指定的用户 4244 的 session_path/www/wwwroot/tdata.tgbota.top/public/uploads/admin/202603/69b10fe00169d/13632168755/tdata/temp_8062228317.session
[2026-03-13T23:11:43+08:00][info] 开始处理队列任务: task_id=66, current_index=5
[2026-03-13T23:11:43+08:00][info] 消息缓存初始化完成: task_id=66, groups=https://t.me/twogrqoup
[2026-03-13T23:11:43+08:00][info] 任务 66 第 898 次循环，重置群组 https://t.me/twogrqoup 消息状态
[2026-03-13T23:11:43+08:00][info] 使用当前发送用户 3469 的 session_path/www/wwwroot/tdata.tgbota.top/public/uploads/admin/202602/6997fc3070d84/819056965118/tdata/temp_8418493902.session
[2026-03-13T23:11:46+08:00][info] 返回:{"status":true,"message":"发送完成，成功1个，失败0个[]","data":{"success":[{"group_id":5072487869,"group_link":"https:\/\/t.me\/+9ZnJ_gHIFV41NzFh","type":"chat","message":"发送成功","message_id":1120}],"failed":[],"debug":["处理标识符: https:\/\/t.me\/+9ZnJ_gHIFV41NzFh, 清理后: https:\/\/t.me\/+9ZnJ_gHIFV41NzFh, 识别为链接: True, 识别为数字ID: False"],"warning":""},"api_address":"185.165.170.142:5029"}
[2026-03-13T23:11:46+08:00][info] 消息ID缓存成功: task_id=69, group_id=https://t.me/+9ZnJ_gHIFV41NzFh, msg_index=1119, message_id=1120, send_user_id=4244
[2026-03-13T23:11:46+08:00][info] 消息状态标记为已发送: task_id=69, group_id=https://t.me/+9ZnJ_gHIFV41NzFh, msg_index=1119
[2026-03-13T23:11:46+08:00][info] 任务 69 将在 85 秒后继续处理下一条消息，索引: 1120, 实例ID: task_69_index_1120_1773414706.1358
[2026-03-13T23:11:49+08:00][info] 返回:{"status":true,"message":"发送完成，成功1个，失败0个[]","data":{"success":[{"group_id":3895336513,"group_link":"https:\/\/t.me\/twogrqoup","type":"megagroup","message":"发送成功","message_id":8367}],"failed":[],"debug":["处理标识符: https:\/\/t.me\/twogrqoup, 清理后: https:\/\/t.me\/twogrqoup, 识别为链接: True, 识别为数字ID: False","已是群组成员，群组ID: 3895336513"],"warning":""},"api_address":"185.165.170.142:5062"}
[2026-03-13T23:11:49+08:00][info] 消息ID缓存成功: task_id=66, group_id=https://t.me/twogrqoup, msg_index=5, message_id=8367, send_user_id=3469
[2026-03-13T23:11:49+08:00][info] 消息状态标记为已发送: task_id=66, group_id=https://t.me/twogrqoup, msg_index=5
[2026-03-13T23:11:49+08:00][info] 任务 66 将在 27 秒后继续处理下一条消息，索引: 6, 实例ID: task_66_index_6_1773414709.6579
[2026-03-13T23:12:16+08:00][info] 开始处理队列任务: task_id=66, current_index=6
[2026-03-13T23:12:16+08:00][info] 消息缓存初始化完成: task_id=66, groups=https://t.me/twogrqoup
[2026-03-13T23:12:16+08:00][info] 任务 66 第 898 次循环，重置群组 https://t.me/twogrqoup 消息状态
[2026-03-13T23:12:16+08:00][info] 使用当前发送用户 3471 的 session_path/www/wwwroot/tdata.tgbota.top/public/uploads/admin/202602/6997fc3070d84/819089723520/tdata/temp_8574369010.session
[2026-03-13T23:12:22+08:00][info] 返回:{"status":true,"message":"发送完成，成功1个，失败0个[]","data":{"success":[{"group_id":3895336513,"group_link":"https:\/\/t.me\/twogrqoup","type":"megagroup","message":"发送成功","message_id":8368}],"failed":[],"debug":["处理标识符: https:\/\/t.me\/twogrqoup, 清理后: https:\/\/t.me\/twogrqoup, 识别为链接: True, 识别为数字ID: False","已是群组成员，群组ID: 3895336513"],"warning":""},"api_address":"185.165.170.142:5023"}
[2026-03-13T23:12:22+08:00][info] 消息ID缓存成功: task_id=66, group_id=https://t.me/twogrqoup, msg_index=6, message_id=8368, send_user_id=3471
[2026-03-13T23:12:22+08:00][info] 消息状态标记为已发送: task_id=66, group_id=https://t.me/twogrqoup, msg_index=6
[2026-03-13T23:12:22+08:00][info] 任务 66 将在 13 秒后继续处理下一条消息，索引: 7, 实例ID: task_66_index_7_1773414742.3935
[2026-03-13T23:12:35+08:00][info] 开始处理队列任务: task_id=66, current_index=7
[2026-03-13T23:12:35+08:00][info] 消息缓存初始化完成: task_id=66, groups=https://t.me/twogrqoup
[2026-03-13T23:12:35+08:00][info] 任务 66 第 898 次循环，重置群组 https://t.me/twogrqoup 消息状态
[2026-03-13T23:12:35+08:00][info] 使用当前发送用户 3471 的 session_path/www/wwwroot/tdata.tgbota.top/public/uploads/admin/202602/6997fc3070d84/819089723520/tdata/temp_8574369010.session
[2026-03-13T23:12:40+08:00][info] 返回:{"status":true,"message":"发送完成，成功1个，失败0个[]","data":{"success":[{"group_id":3895336513,"group_link":"https:\/\/t.me\/twogrqoup","type":"megagroup","message":"发送成功","message_id":8369}],"failed":[],"debug":["处理标识符: https:\/\/t.me\/twogrqoup, 清理后: https:\/\/t.me\/twogrqoup, 识别为链接: True, 识别为数字ID: False","已是群组成员，群组ID: 3895336513"],"warning":""},"api_address":"185.165.170.142:5023"}
[2026-03-13T23:12:40+08:00][info] 消息ID缓存成功: task_id=66, group_id=https://t.me/twogrqoup, msg_index=7, message_id=8369, send_user_id=3471
[2026-03-13T23:12:40+08:00][info] 消息状态标记为已发送: task_id=66, group_id=https://t.me/twogrqoup, msg_index=7
[2026-03-13T23:12:40+08:00][info] 任务 66 将在 26 秒后继续处理下一条消息，索引: 8, 实例ID: task_66_index_8_1773414760.1671
[2026-03-13T23:13:07+08:00][info] 开始处理队列任务: task_id=66, current_index=8
[2026-03-13T23:13:07+08:00][info] 消息缓存初始化完成: task_id=66, groups=https://t.me/twogrqoup
[2026-03-13T23:13:07+08:00][info] 任务 66 第 898 次循环，重置群组 https://t.me/twogrqoup 消息状态
[2026-03-13T23:13:07+08:00][info] 使用当前发送用户 3469 的 session_path/www/wwwroot/tdata.tgbota.top/public/uploads/admin/202602/6997fc3070d84/819056965118/tdata/temp_8418493902.session
[2026-03-13T23:13:11+08:00][info] 开始处理队列任务: task_id=69, current_index=1120
[2026-03-13T23:13:11+08:00][info] 使用当前发送用户 4237 的 session_path/www/wwwroot/tdata.tgbota.top/public/uploads/admin/202603/69b10fe00169d/13613573352/tdata/temp_8384621196.session
[2026-03-13T23:13:14+08:00][info] 返回:{"status":true,"message":"发送完成，成功1个，失败0个[]","data":{"success":[{"group_id":3895336513,"group_link":"https:\/\/t.me\/twogrqoup","type":"megagroup","message":"发送成功","message_id":8370}],"failed":[],"debug":["处理标识符: https:\/\/t.me\/twogrqoup, 清理后: https:\/\/t.me\/twogrqoup, 识别为链接: True, 识别为数字ID: False","已是群组成员，群组ID: 3895336513"],"warning":""},"api_address":"185.165.170.142:5062"}
[2026-03-13T23:13:14+08:00][info] 消息ID缓存成功: task_id=66, group_id=https://t.me/twogrqoup, msg_index=8, message_id=8370, send_user_id=3469
[2026-03-13T23:13:14+08:00][info] 消息状态标记为已发送: task_id=66, group_id=https://t.me/twogrqoup, msg_index=8
[2026-03-13T23:13:14+08:00][info] 任务 66 将在 30 秒后继续处理下一条消息，索引: 9, 实例ID: task_66_index_9_1773414794.3953
[2026-03-13T23:13:17+08:00][info] 返回:{"status":true,"message":"发送完成，成功1个，失败0个[]","data":{"success":[{"group_id":5072487869,"group_link":"https:\/\/t.me\/+9ZnJ_gHIFV41NzFh","type":"chat","message":"发送成功","message_id":1106}],"failed":[],"debug":["处理标识符: https:\/\/t.me\/+9ZnJ_gHIFV41NzFh, 清理后: https:\/\/t.me\/+9ZnJ_gHIFV41NzFh, 识别为链接: True, 识别为数字ID: False"],"warning":""},"api_address":"185.165.170.142:5022"}
[2026-03-13T23:13:17+08:00][info] 消息ID缓存成功: task_id=69, group_id=https://t.me/+9ZnJ_gHIFV41NzFh, msg_index=1120, message_id=1106, send_user_id=4237
[2026-03-13T23:13:17+08:00][info] 消息状态标记为已发送: task_id=69, group_id=https://t.me/+9ZnJ_gHIFV41NzFh, msg_index=1120
[2026-03-13T23:13:17+08:00][info] 任务 69 将在 98 秒后继续处理下一条消息，索引: 1121, 实例ID: task_69_index_1121_1773414797.6388
[2026-03-13T23:13:44+08:00][info] 开始处理队列任务: task_id=66, current_index=9
[2026-03-13T23:13:44+08:00][info] 消息缓存初始化完成: task_id=66, groups=https://t.me/twogrqoup
[2026-03-13T23:13:44+08:00][info] 任务 66 第 898 次循环，重置群组 https://t.me/twogrqoup 消息状态
[2026-03-13T23:13:44+08:00][info] 任务 66 第 898 轮完成，准备进行第 899 轮
[2026-03-13T23:13:44+08:00][info] 任务 66 即将为下一轮重新入队，延迟 5 秒，从索引 0 开始
[2026-03-13T23:13:49+08:00][info] 开始处理队列任务: task_id=66, current_index=0
[2026-03-13T23:13:49+08:00][info] 消息缓存初始化完成: task_id=66, groups=https://t.me/twogrqoup
[2026-03-13T23:13:49+08:00][info] 任务 66 第 899 次循环，重置群组 https://t.me/twogrqoup 消息状态
[2026-03-13T23:13:49+08:00][info] 使用当前发送用户 3469 的 session_path/www/wwwroot/tdata.tgbota.top/public/uploads/admin/202602/6997fc3070d84/819056965118/tdata/temp_8418493902.session
[2026-03-13T23:13:55+08:00][info] 返回:{"status":true,"message":"发送完成，成功1个，失败0个[]","data":{"success":[{"group_id":3895336513,"group_link":"https:\/\/t.me\/twogrqoup","type":"megagroup","message":"发送成功","message_id":8371}],"failed":[],"debug":["处理标识符: https:\/\/t.me\/twogrqoup, 清理后: https:\/\/t.me\/twogrqoup, 识别为链接: True, 识别为数字ID: False","已是群组成员，群组ID: 3895336513"],"warning":""},"api_address":"185.165.170.142:5062"}
[2026-03-13T23:13:55+08:00][info] 消息ID缓存成功: task_id=66, group_id=https://t.me/twogrqoup, msg_index=0, message_id=8371, send_user_id=3469
[2026-03-13T23:13:55+08:00][info] 消息状态标记为已发送: task_id=66, group_id=https://t.me/twogrqoup, msg_index=0
[2026-03-13T23:13:55+08:00][info] 任务 66 将在 15 秒后继续处理下一条消息，索引: 1, 实例ID: task_66_index_1_1773414835.0745
[2026-03-13T23:14:10+08:00][info] 开始处理队列任务: task_id=66, current_index=1
[2026-03-13T23:14:10+08:00][info] 消息缓存初始化完成: task_id=66, groups=https://t.me/twogrqoup
[2026-03-13T23:14:10+08:00][info] 任务 66 第 899 次循环，重置群组 https://t.me/twogrqoup 消息状态
[2026-03-13T23:14:10+08:00][info] 使用当前发送用户 3472 的 session_path/www/wwwroot/tdata.tgbota.top/public/uploads/admin/202602/6997fc3070d84/819050054287/tdata/temp_8308580822.session
[2026-03-13T23:14:17+08:00][info] 返回:{"status":true,"message":"发送完成，成功1个，失败0个[]","data":{"success":[{"group_id":3895336513,"group_link":"https:\/\/t.me\/twogrqoup","type":"megagroup","message":"发送成功","message_id":8372}],"failed":[],"debug":["处理标识符: https:\/\/t.me\/twogrqoup, 清理后: https:\/\/t.me\/twogrqoup, 识别为链接: True, 识别为数字ID: False","已是群组成员，群组ID: 3895336513"],"warning":""},"api_address":"185.165.170.142:5042"}
[2026-03-13T23:14:17+08:00][info] 消息ID缓存成功: task_id=66, group_id=https://t.me/twogrqoup, msg_index=1, message_id=8372, send_user_id=3472
[2026-03-13T23:14:17+08:00][info] 消息状态标记为已发送: task_id=66, group_id=https://t.me/twogrqoup, msg_index=1
[2026-03-13T23:14:17+08:00][info] 任务 66 将在 30 秒后继续处理下一条消息，索引: 2, 实例ID: task_66_index_2_1773414857.9703
[2026-03-13T23:14:47+08:00][info] 开始处理队列任务: task_id=66, current_index=2
[2026-03-13T23:14:47+08:00][info] 消息缓存初始化完成: task_id=66, groups=https://t.me/twogrqoup
[2026-03-13T23:14:47+08:00][info] 任务 66 第 899 次循环，重置群组 https://t.me/twogrqoup 消息状态
[2026-03-13T23:14:47+08:00][info] 使用当前发送用户 3473 的 session_path/www/wwwroot/tdata.tgbota.top/public/uploads/admin/202602/6997fc3070d84/819054626431/tdata/temp_8503359249.session
[2026-03-13T23:14:53+08:00][info] 返回:{"status":true,"message":"发送完成，成功1个，失败0个[]","data":{"success":[{"group_id":3895336513,"group_link":"https:\/\/t.me\/twogrqoup","type":"megagroup","message":"发送成功","message_id":8373}],"failed":[],"debug":["处理标识符: https:\/\/t.me\/twogrqoup, 清理后: https:\/\/t.me\/twogrqoup, 识别为链接: True, 识别为数字ID: False","已是群组成员，群组ID: 3895336513"],"warning":""},"api_address":"185.165.170.142:5043"}
[2026-03-13T23:14:53+08:00][info] 消息ID缓存成功: task_id=66, group_id=https://t.me/twogrqoup, msg_index=2, message_id=8373, send_user_id=3473
[2026-03-13T23:14:53+08:00][info] 消息状态标记为已发送: task_id=66, group_id=https://t.me/twogrqoup, msg_index=2
[2026-03-13T23:14:53+08:00][info] 任务 66 将在 45 秒后继续处理下一条消息，索引: 3, 实例ID: task_66_index_3_1773414893.713
[2026-03-13T23:14:55+08:00][info] 开始处理队列任务: task_id=69, current_index=1121
[2026-03-13T23:14:55+08:00][info] 使用消息配置中指定的用户 4252 的 session_path/www/wwwroot/tdata.tgbota.top/public/uploads/admin/202603/69b10fe00169d/13394007390/tdata/temp_8558000424.session
[2026-03-13T23:14:59+08:00][info] 返回:{"status":true,"message":"发送完成，成功1个，失败0个[]","data":{"success":[{"group_id":5072487869,"group_link":"https:\/\/t.me\/+9ZnJ_gHIFV41NzFh","type":"chat","message":"发送成功","message_id":1142}],"failed":[],"debug":["处理标识符: https:\/\/t.me\/+9ZnJ_gHIFV41NzFh, 清理后: https:\/\/t.me\/+9ZnJ_gHIFV41NzFh, 识别为链接: True, 识别为数字ID: False"],"warning":""},"api_address":"185.165.170.142:5037"}
[2026-03-13T23:14:59+08:00][info] 消息ID缓存成功: task_id=69, group_id=https://t.me/+9ZnJ_gHIFV41NzFh, msg_index=1121, message_id=1142, send_user_id=4252
[2026-03-13T23:14:59+08:00][info] 消息状态标记为已发送: task_id=69, group_id=https://t.me/+9ZnJ_gHIFV41NzFh, msg_index=1121
[2026-03-13T23:14:59+08:00][info] 任务 69 将在 100 秒后继续处理下一条消息，索引: 1122, 实例ID: task_69_index_1122_1773414899.8096
[2026-03-13T23:15:38+08:00][info] 开始处理队列任务: task_id=66, current_index=3
[2026-03-13T23:15:38+08:00][info] 消息缓存初始化完成: task_id=66, groups=https://t.me/twogrqoup
[2026-03-13T23:15:38+08:00][info] 任务 66 第 899 次循环，重置群组 https://t.me/twogrqoup 消息状态
[2026-03-13T23:15:38+08:00][info] 使用当前发送用户 3469 的 session_path/www/wwwroot/tdata.tgbota.top/public/uploads/admin/202602/6997fc3070d84/819056965118/tdata/temp_8418493902.session
[2026-03-13T23:15:44+08:00][info] 返回:{"status":true,"message":"发送完成，成功1个，失败0个[]","data":{"success":[{"group_id":3895336513,"group_link":"https:\/\/t.me\/twogrqoup","type":"megagroup","message":"发送成功","message_id":8374}],"failed":[],"debug":["处理标识符: https:\/\/t.me\/twogrqoup, 清理后: https:\/\/t.me\/twogrqoup, 识别为链接: True, 识别为数字ID: False","已是群组成员，群组ID: 3895336513"],"warning":""},"api_address":"185.165.170.142:5062"}
[2026-03-13T23:15:44+08:00][info] 消息ID缓存成功: task_id=66, group_id=https://t.me/twogrqoup, msg_index=3, message_id=8374, send_user_id=3469
[2026-03-13T23:15:44+08:00][info] 消息状态标记为已发送: task_id=66, group_id=https://t.me/twogrqoup, msg_index=3
[2026-03-13T23:15:44+08:00][info] 任务 66 将在 20 秒后继续处理下一条消息，索引: 4, 实例ID: task_66_index_4_1773414944.0464
[2026-03-13T23:16:05+08:00][info] 开始处理队列任务: task_id=66, current_index=4
[2026-03-13T23:16:05+08:00][info] 消息缓存初始化完成: task_id=66, groups=https://t.me/twogrqoup
[2026-03-13T23:16:05+08:00][info] 任务 66 第 899 次循环，重置群组 https://t.me/twogrqoup 消息状态
[2026-03-13T23:16:05+08:00][info] 使用当前发送用户 3471 的 session_path/www/wwwroot/tdata.tgbota.top/public/uploads/admin/202602/6997fc3070d84/819089723520/tdata/temp_8574369010.session
[2026-03-13T23:16:10+08:00][info] 返回:{"status":true,"message":"发送完成，成功1个，失败0个[]","data":{"success":[{"group_id":3895336513,"group_link":"https:\/\/t.me\/twogrqoup","type":"megagroup","message":"发送成功","message_id":8375}],"failed":[],"debug":["处理标识符: https:\/\/t.me\/twogrqoup, 清理后: https:\/\/t.me\/twogrqoup, 识别为链接: True, 识别为数字ID: False","已是群组成员，群组ID: 3895336513"],"warning":""},"api_address":"185.165.170.142:5023"}
[2026-03-13T23:16:10+08:00][info] 消息ID缓存成功: task_id=66, group_id=https://t.me/twogrqoup, msg_index=4, message_id=8375, send_user_id=3471
[2026-03-13T23:16:10+08:00][info] 消息状态标记为已发送: task_id=66, group_id=https://t.me/twogrqoup, msg_index=4
[2026-03-13T23:16:10+08:00][info] 任务 66 将在 26 秒后继续处理下一条消息，索引: 5, 实例ID: task_66_index_5_1773414970.6364
[2026-03-13T23:16:36+08:00][info] 开始处理队列任务: task_id=66, current_index=5
[2026-03-13T23:16:36+08:00][info] 消息缓存初始化完成: task_id=66, groups=https://t.me/twogrqoup
[2026-03-13T23:16:36+08:00][info] 任务 66 第 899 次循环，重置群组 https://t.me/twogrqoup 消息状态
[2026-03-13T23:16:36+08:00][info] 使用当前发送用户 3469 的 session_path/www/wwwroot/tdata.tgbota.top/public/uploads/admin/202602/6997fc3070d84/819056965118/tdata/temp_8418493902.session
[2026-03-13T23:16:39+08:00][info] 开始处理队列任务: task_id=69, current_index=1122
[2026-03-13T23:16:39+08:00][info] 使用消息配置中指定的用户 4252 的 session_path/www/wwwroot/tdata.tgbota.top/public/uploads/admin/202603/69b10fe00169d/13394007390/tdata/temp_8558000424.session
[2026-03-13T23:16:41+08:00][info] 返回:{"status":true,"message":"发送完成，成功1个，失败0个[]","data":{"success":[{"group_id":3895336513,"group_link":"https:\/\/t.me\/twogrqoup","type":"megagroup","message":"发送成功","message_id":8376}],"failed":[],"debug":["处理标识符: https:\/\/t.me\/twogrqoup, 清理后: https:\/\/t.me\/twogrqoup, 识别为链接: True, 识别为数字ID: False","已是群组成员，群组ID: 3895336513"],"warning":""},"api_address":"185.165.170.142:5062"}
[2026-03-13T23:16:41+08:00][info] 消息ID缓存成功: task_id=66, group_id=https://t.me/twogrqoup, msg_index=5, message_id=8376, send_user_id=3469
[2026-03-13T23:16:41+08:00][info] 消息状态标记为已发送: task_id=66, group_id=https://t.me/twogrqoup, msg_index=5
[2026-03-13T23:16:41+08:00][info] 任务 66 将在 27 秒后继续处理下一条消息，索引: 6, 实例ID: task_66_index_6_1773415001.6656
[2026-03-13T23:16:44+08:00][info] 返回:{"status":true,"message":"发送完成，成功1个，失败0个[]","data":{"success":[{"group_id":5072487869,"group_link":"https:\/\/t.me\/+9ZnJ_gHIFV41NzFh","type":"chat","message":"发送成功","message_id":1143}],"failed":[],"debug":["处理标识符: https:\/\/t.me\/+9ZnJ_gHIFV41NzFh, 清理后: https:\/\/t.me\/+9ZnJ_gHIFV41NzFh, 识别为链接: True, 识别为数字ID: False"],"warning":""},"api_address":"185.165.170.142:5037"}
[2026-03-13T23:16:44+08:00][info] 消息ID缓存成功: task_id=69, group_id=https://t.me/+9ZnJ_gHIFV41NzFh, msg_index=1122, message_id=1143, send_user_id=4252
[2026-03-13T23:16:44+08:00][info] 消息状态标记为已发送: task_id=69, group_id=https://t.me/+9ZnJ_gHIFV41NzFh, msg_index=1122
[2026-03-13T23:16:44+08:00][info] 任务 69 将在 87 秒后继续处理下一条消息，索引: 1123, 实例ID: task_69_index_1123_1773415004.2098
[2026-03-13T23:17:08+08:00][info] 开始处理队列任务: task_id=66, current_index=6
[2026-03-13T23:17:08+08:00][info] 消息缓存初始化完成: task_id=66, groups=https://t.me/twogrqoup
[2026-03-13T23:17:08+08:00][info] 任务 66 第 899 次循环，重置群组 https://t.me/twogrqoup 消息状态
[2026-03-13T23:17:08+08:00][info] 使用当前发送用户 3471 的 session_path/www/wwwroot/tdata.tgbota.top/public/uploads/admin/202602/6997fc3070d84/819089723520/tdata/temp_8574369010.session
[2026-03-13T23:17:14+08:00][info] 返回:{"status":true,"message":"发送完成，成功1个，失败0个[]","data":{"success":[{"group_id":3895336513,"group_link":"https:\/\/t.me\/twogrqoup","type":"megagroup","message":"发送成功","message_id":8377}],"failed":[],"debug":["处理标识符: https:\/\/t.me\/twogrqoup, 清理后: https:\/\/t.me\/twogrqoup, 识别为链接: True, 识别为数字ID: False","已是群组成员，群组ID: 3895336513"],"warning":""},"api_address":"185.165.170.142:5023"}
[2026-03-13T23:17:14+08:00][info] 消息ID缓存成功: task_id=66, group_id=https://t.me/twogrqoup, msg_index=6, message_id=8377, send_user_id=3471
[2026-03-13T23:17:14+08:00][info] 消息状态标记为已发送: task_id=66, group_id=https://t.me/twogrqoup, msg_index=6
[2026-03-13T23:17:14+08:00][info] 任务 66 将在 13 秒后继续处理下一条消息，索引: 7, 实例ID: task_66_index_7_1773415034.815
[2026-03-13T23:17:27+08:00][info] 开始处理队列任务: task_id=66, current_index=7
[2026-03-13T23:17:27+08:00][info] 消息缓存初始化完成: task_id=66, groups=https://t.me/twogrqoup
[2026-03-13T23:17:27+08:00][info] 任务 66 第 899 次循环，重置群组 https://t.me/twogrqoup 消息状态
[2026-03-13T23:17:27+08:00][info] 使用当前发送用户 3471 的 session_path/www/wwwroot/tdata.tgbota.top/public/uploads/admin/202602/6997fc3070d84/819089723520/tdata/temp_8574369010.session
[2026-03-13T23:17:33+08:00][info] 返回:{"status":true,"message":"发送完成，成功1个，失败0个[]","data":{"success":[{"group_id":3895336513,"group_link":"https:\/\/t.me\/twogrqoup","type":"megagroup","message":"发送成功","message_id":8378}],"failed":[],"debug":["处理标识符: https:\/\/t.me\/twogrqoup, 清理后: https:\/\/t.me\/twogrqoup, 识别为链接: True, 识别为数字ID: False","已是群组成员，群组ID: 3895336513"],"warning":""},"api_address":"185.165.170.142:5023"}
[2026-03-13T23:17:33+08:00][info] 消息ID缓存成功: task_id=66, group_id=https://t.me/twogrqoup, msg_index=7, message_id=8378, send_user_id=3471
[2026-03-13T23:17:33+08:00][info] 消息状态标记为已发送: task_id=66, group_id=https://t.me/twogrqoup, msg_index=7
[2026-03-13T23:17:33+08:00][info] 任务 66 将在 26 秒后继续处理下一条消息，索引: 8, 实例ID: task_66_index_8_1773415053.3206
[2026-03-13T23:17:59+08:00][info] 开始处理队列任务: task_id=66, current_index=8
[2026-03-13T23:17:59+08:00][info] 消息缓存初始化完成: task_id=66, groups=https://t.me/twogrqoup
[2026-03-13T23:17:59+08:00][info] 任务 66 第 899 次循环，重置群组 https://t.me/twogrqoup 消息状态
[2026-03-13T23:17:59+08:00][info] 使用当前发送用户 3469 的 session_path/www/wwwroot/tdata.tgbota.top/public/uploads/admin/202602/6997fc3070d84/819056965118/tdata/temp_8418493902.session
[2026-03-13T23:18:07+08:00][info] 返回:{"status":true,"message":"发送完成，成功1个，失败0个[]","data":{"success":[{"group_id":3895336513,"group_link":"https:\/\/t.me\/twogrqoup","type":"megagroup","message":"发送成功","message_id":8379}],"failed":[],"debug":["处理标识符: https:\/\/t.me\/twogrqoup, 清理后: https:\/\/t.me\/twogrqoup, 识别为链接: True, 识别为数字ID: False","已是群组成员，群组ID: 3895336513"],"warning":""},"api_address":"185.165.170.142:5062"}
[2026-03-13T23:18:07+08:00][info] 消息ID缓存成功: task_id=66, group_id=https://t.me/twogrqoup, msg_index=8, message_id=8379, send_user_id=3469
[2026-03-13T23:18:07+08:00][info] 消息状态标记为已发送: task_id=66, group_id=https://t.me/twogrqoup, msg_index=8
[2026-03-13T23:18:07+08:00][info] 任务 66 将在 30 秒后继续处理下一条消息，索引: 9, 实例ID: task_66_index_9_1773415087.3106
[2026-03-13T23:18:11+08:00][info] 开始处理队列任务: task_id=69, current_index=1123
[2026-03-13T23:18:11+08:00][info] 使用消息配置中指定的用户 4252 的 session_path/www/wwwroot/tdata.tgbota.top/public/uploads/admin/202603/69b10fe00169d/13394007390/tdata/temp_8558000424.session
[2026-03-13T23:18:16+08:00][info] 返回:{"status":true,"message":"发送完成，成功1个，失败0个[]","data":{"success":[{"group_id":5072487869,"group_link":"https:\/\/t.me\/+9ZnJ_gHIFV41NzFh","type":"chat","message":"发送成功","message_id":1144}],"failed":[],"debug":["处理标识符: https:\/\/t.me\/+9ZnJ_gHIFV41NzFh, 清理后: https:\/\/t.me\/+9ZnJ_gHIFV41NzFh, 识别为链接: True, 识别为数字ID: False"],"warning":""},"api_address":"185.165.170.142:5037"}
[2026-03-13T23:18:16+08:00][info] 消息ID缓存成功: task_id=69, group_id=https://t.me/+9ZnJ_gHIFV41NzFh, msg_index=1123, message_id=1144, send_user_id=4252
[2026-03-13T23:18:16+08:00][info] 消息状态标记为已发送: task_id=69, group_id=https://t.me/+9ZnJ_gHIFV41NzFh, msg_index=1123
[2026-03-13T23:18:17+08:00][info] 任务 69 将在 109 秒后继续处理下一条消息，索引: 1124, 实例ID: task_69_index_1124_1773415097.0038
[2026-03-13T23:18:37+08:00][info] 开始处理队列任务: task_id=66, current_index=9
[2026-03-13T23:18:37+08:00][info] 消息缓存初始化完成: task_id=66, groups=https://t.me/twogrqoup
[2026-03-13T23:18:37+08:00][info] 任务 66 第 899 次循环，重置群组 https://t.me/twogrqoup 消息状态
[2026-03-13T23:18:37+08:00][info] 任务 66 第 899 轮完成，准备进行第 900 轮
[2026-03-13T23:18:37+08:00][info] 任务 66 即将为下一轮重新入队，延迟 5 秒，从索引 0 开始
[2026-03-13T23:18:42+08:00][info] 开始处理队列任务: task_id=66, current_index=0
[2026-03-13T23:18:42+08:00][info] 消息缓存初始化完成: task_id=66, groups=https://t.me/twogrqoup
[2026-03-13T23:18:42+08:00][info] 任务 66 第 900 次循环，重置群组 https://t.me/twogrqoup 消息状态
[2026-03-13T23:18:42+08:00][info] 使用当前发送用户 3469 的 session_path/www/wwwroot/tdata.tgbota.top/public/uploads/admin/202602/6997fc3070d84/819056965118/tdata/temp_8418493902.session
[2026-03-13T23:18:48+08:00][info] 返回:{"status":true,"message":"发送完成，成功1个，失败0个[]","data":{"success":[{"group_id":3895336513,"group_link":"https:\/\/t.me\/twogrqoup","type":"megagroup","message":"发送成功","message_id":8380}],"failed":[],"debug":["处理标识符: https:\/\/t.me\/twogrqoup, 清理后: https:\/\/t.me\/twogrqoup, 识别为链接: True, 识别为数字ID: False","已是群组成员，群组ID: 3895336513"],"warning":""},"api_address":"185.165.170.142:5062"}
[2026-03-13T23:18:48+08:00][info] 消息ID缓存成功: task_id=66, group_id=https://t.me/twogrqoup, msg_index=0, message_id=8380, send_user_id=3469
[2026-03-13T23:18:48+08:00][info] 消息状态标记为已发送: task_id=66, group_id=https://t.me/twogrqoup, msg_index=0
[2026-03-13T23:18:48+08:00][info] 任务 66 将在 15 秒后继续处理下一条消息，索引: 1, 实例ID: task_66_index_1_1773415128.4007
[2026-03-13T23:19:03+08:00][info] 开始处理队列任务: task_id=66, current_index=1
[2026-03-13T23:19:03+08:00][info] 消息缓存初始化完成: task_id=66, groups=https://t.me/twogrqoup
[2026-03-13T23:19:03+08:00][info] 任务 66 第 900 次循环，重置群组 https://t.me/twogrqoup 消息状态
[2026-03-13T23:19:03+08:00][info] 使用当前发送用户 3472 的 session_path/www/wwwroot/tdata.tgbota.top/public/uploads/admin/202602/6997fc3070d84/819050054287/tdata/temp_8308580822.session
[2026-03-13T23:19:08+08:00][info] 返回:{"status":true,"message":"发送完成，成功1个，失败0个[]","data":{"success":[{"group_id":3895336513,"group_link":"https:\/\/t.me\/twogrqoup","type":"megagroup","message":"发送成功","message_id":8381}],"failed":[],"debug":["处理标识符: https:\/\/t.me\/twogrqoup, 清理后: https:\/\/t.me\/twogrqoup, 识别为链接: True, 识别为数字ID: False","已是群组成员，群组ID: 3895336513"],"warning":""},"api_address":"185.165.170.142:5042"}
[2026-03-13T23:19:08+08:00][info] 消息ID缓存成功: task_id=66, group_id=https://t.me/twogrqoup, msg_index=1, message_id=8381, send_user_id=3472
[2026-03-13T23:19:08+08:00][info] 消息状态标记为已发送: task_id=66, group_id=https://t.me/twogrqoup, msg_index=1
[2026-03-13T23:19:08+08:00][info] 任务 66 将在 30 秒后继续处理下一条消息，索引: 2, 实例ID: task_66_index_2_1773415148.695
[2026-03-13T23:19:38+08:00][info] 开始处理队列任务: task_id=66, current_index=2
[2026-03-13T23:19:38+08:00][info] 消息缓存初始化完成: task_id=66, groups=https://t.me/twogrqoup
[2026-03-13T23:19:38+08:00][info] 任务 66 第 900 次循环，重置群组 https://t.me/twogrqoup 消息状态
[2026-03-13T23:19:38+08:00][info] 使用当前发送用户 3473 的 session_path/www/wwwroot/tdata.tgbota.top/public/uploads/admin/202602/6997fc3070d84/819054626431/tdata/temp_8503359249.session
[2026-03-13T23:19:45+08:00][info] 返回:{"status":true,"message":"发送完成，成功1个，失败0个[]","data":{"success":[{"group_id":3895336513,"group_link":"https:\/\/t.me\/twogrqoup","type":"megagroup","message":"发送成功","message_id":8382}],"failed":[],"debug":["处理标识符: https:\/\/t.me\/twogrqoup, 清理后: https:\/\/t.me\/twogrqoup, 识别为链接: True, 识别为数字ID: False","已是群组成员，群组ID: 3895336513"],"warning":""},"api_address":"185.165.170.142:5043"}
[2026-03-13T23:19:45+08:00][info] 消息ID缓存成功: task_id=66, group_id=https://t.me/twogrqoup, msg_index=2, message_id=8382, send_user_id=3473
[2026-03-13T23:19:45+08:00][info] 消息状态标记为已发送: task_id=66, group_id=https://t.me/twogrqoup, msg_index=2
[2026-03-13T23:19:45+08:00][info] 任务 66 将在 45 秒后继续处理下一条消息，索引: 3, 实例ID: task_66_index_3_1773415185.2531
[2026-03-13T23:20:06+08:00][info] 开始处理队列任务: task_id=69, current_index=1124
[2026-03-13T23:20:06+08:00][info] 使用feedbackType=1121的消息ID: 1106
[2026-03-13T23:20:06+08:00][info] 使用消息配置中指定的用户 4245 的 session_path/www/wwwroot/tdata.tgbota.top/public/uploads/admin/202603/69b10fe00169d/13378413177/tdata/temp_8408358101.session
[2026-03-13T23:20:12+08:00][info] 返回:{"status":true,"message":"发送完成，成功1个，失败0个[]","data":{"success":[{"group_id":5072487869,"group_link":"https:\/\/t.me\/+9ZnJ_gHIFV41NzFh","type":"chat","message":"发送成功","message_id":1130}],"failed":[],"debug":["处理标识符: https:\/\/t.me\/+9ZnJ_gHIFV41NzFh, 清理后: https:\/\/t.me\/+9ZnJ_gHIFV41NzFh, 识别为链接: True, 识别为数字ID: False"],"warning":""},"api_address":"185.165.170.142:5030"}
[2026-03-13T23:20:12+08:00][info] 消息ID缓存成功: task_id=69, group_id=https://t.me/+9ZnJ_gHIFV41NzFh, msg_index=1124, message_id=1130, send_user_id=4245
[2026-03-13T23:20:12+08:00][info] 消息状态标记为已发送: task_id=69, group_id=https://t.me/+9ZnJ_gHIFV41NzFh, msg_index=1124
[2026-03-13T23:20:12+08:00][info] 任务 69 将在 110 秒后继续处理下一条消息，索引: 1125, 实例ID: task_69_index_1125_1773415212.3794
[2026-03-13T23:20:30+08:00][info] 开始处理队列任务: task_id=66, current_index=3
[2026-03-13T23:20:30+08:00][info] 消息缓存初始化完成: task_id=66, groups=https://t.me/twogrqoup
[2026-03-13T23:20:30+08:00][info] 任务 66 第 900 次循环，重置群组 https://t.me/twogrqoup 消息状态
[2026-03-13T23:20:30+08:00][info] 使用当前发送用户 3469 的 session_path/www/wwwroot/tdata.tgbota.top/public/uploads/admin/202602/6997fc3070d84/819056965118/tdata/temp_8418493902.session
[2026-03-13T23:20:37+08:00][info] 返回:{"status":true,"message":"发送完成，成功1个，失败0个[]","data":{"success":[{"group_id":3895336513,"group_link":"https:\/\/t.me\/twogrqoup","type":"megagroup","message":"发送成功","message_id":8383}],"failed":[],"debug":["处理标识符: https:\/\/t.me\/twogrqoup, 清理后: https:\/\/t.me\/twogrqoup, 识别为链接: True, 识别为数字ID: False","已是群组成员，群组ID: 3895336513"],"warning":""},"api_address":"185.165.170.142:5062"}
[2026-03-13T23:20:37+08:00][info] 消息ID缓存成功: task_id=66, group_id=https://t.me/twogrqoup, msg_index=3, message_id=8383, send_user_id=3469
[2026-03-13T23:20:37+08:00][info] 消息状态标记为已发送: task_id=66, group_id=https://t.me/twogrqoup, msg_index=3
[2026-03-13T23:20:37+08:00][info] 任务 66 将在 20 秒后继续处理下一条消息，索引: 4, 实例ID: task_66_index_4_1773415237.2705
[2026-03-13T23:20:58+08:00][info] 开始处理队列任务: task_id=66, current_index=4
[2026-03-13T23:20:58+08:00][info] 消息缓存初始化完成: task_id=66, groups=https://t.me/twogrqoup
[2026-03-13T23:20:58+08:00][info] 任务 66 第 900 次循环，重置群组 https://t.me/twogrqoup 消息状态
[2026-03-13T23:20:58+08:00][info] 使用当前发送用户 3471 的 session_path/www/wwwroot/tdata.tgbota.top/public/uploads/admin/202602/6997fc3070d84/819089723520/tdata/temp_8574369010.session
[2026-03-13T23:21:05+08:00][info] 返回:{"status":true,"message":"发送完成，成功1个，失败0个[]","data":{"success":[{"group_id":3895336513,"group_link":"https:\/\/t.me\/twogrqoup","type":"megagroup","message":"发送成功","message_id":8384}],"failed":[],"debug":["处理标识符: https:\/\/t.me\/twogrqoup, 清理后: https:\/\/t.me\/twogrqoup, 识别为链接: True, 识别为数字ID: False","已是群组成员，群组ID: 3895336513"],"warning":""},"api_address":"185.165.170.142:5023"}
[2026-03-13T23:21:05+08:00][info] 消息ID缓存成功: task_id=66, group_id=https://t.me/twogrqoup, msg_index=4, message_id=8384, send_user_id=3471
[2026-03-13T23:21:05+08:00][info] 消息状态标记为已发送: task_id=66, group_id=https://t.me/twogrqoup, msg_index=4
[2026-03-13T23:21:05+08:00][info] 任务 66 将在 26 秒后继续处理下一条消息，索引: 5, 实例ID: task_66_index_5_1773415265.2819
[2026-03-13T23:21:31+08:00][info] 开始处理队列任务: task_id=66, current_index=5
[2026-03-13T23:21:31+08:00][info] 消息缓存初始化完成: task_id=66, groups=https://t.me/twogrqoup
[2026-03-13T23:21:31+08:00][info] 任务 66 第 900 次循环，重置群组 https://t.me/twogrqoup 消息状态
[2026-03-13T23:21:31+08:00][info] 使用当前发送用户 3469 的 session_path/www/wwwroot/tdata.tgbota.top/public/uploads/admin/202602/6997fc3070d84/819056965118/tdata/temp_8418493902.session
[2026-03-13T23:21:39+08:00][info] 返回:{"status":true,"message":"发送完成，成功1个，失败0个[]","data":{"success":[{"group_id":3895336513,"group_link":"https:\/\/t.me\/twogrqoup","type":"megagroup","message":"发送成功","message_id":8385}],"failed":[],"debug":["处理标识符: https:\/\/t.me\/twogrqoup, 清理后: https:\/\/t.me\/twogrqoup, 识别为链接: True, 识别为数字ID: False","已是群组成员，群组ID: 3895336513"],"warning":""},"api_address":"185.165.170.142:5062"}
[2026-03-13T23:21:39+08:00][info] 消息ID缓存成功: task_id=66, group_id=https://t.me/twogrqoup, msg_index=5, message_id=8385, send_user_id=3469
[2026-03-13T23:21:39+08:00][info] 消息状态标记为已发送: task_id=66, group_id=https://t.me/twogrqoup, msg_index=5
[2026-03-13T23:21:39+08:00][info] 任务 66 将在 27 秒后继续处理下一条消息，索引: 6, 实例ID: task_66_index_6_1773415299.1733
[2026-03-13T23:22:02+08:00][info] 开始处理队列任务: task_id=69, current_index=1125
[2026-03-13T23:22:02+08:00][info] 使用当前发送用户 4237 的 session_path/www/wwwroot/tdata.tgbota.top/public/uploads/admin/202603/69b10fe00169d/13613573352/tdata/temp_8384621196.session
[2026-03-13T23:22:06+08:00][info] 开始处理队列任务: task_id=66, current_index=6
[2026-03-13T23:22:06+08:00][info] 消息缓存初始化完成: task_id=66, groups=https://t.me/twogrqoup
[2026-03-13T23:22:06+08:00][info] 任务 66 第 900 次循环，重置群组 https://t.me/twogrqoup 消息状态
[2026-03-13T23:22:06+08:00][info] 使用当前发送用户 3471 的 session_path/www/wwwroot/tdata.tgbota.top/public/uploads/admin/202602/6997fc3070d84/819089723520/tdata/temp_8574369010.session
[2026-03-13T23:22:07+08:00][info] 返回:{"status":true,"message":"发送完成，成功1个，失败0个[]","data":{"success":[{"group_id":5072487869,"group_link":"https:\/\/t.me\/+9ZnJ_gHIFV41NzFh","type":"chat","message":"发送成功","message_id":1111}],"failed":[],"debug":["处理标识符: https:\/\/t.me\/+9ZnJ_gHIFV41NzFh, 清理后: https:\/\/t.me\/+9ZnJ_gHIFV41NzFh, 识别为链接: True, 识别为数字ID: False"],"warning":""},"api_address":"185.165.170.142:5022"}
[2026-03-13T23:22:07+08:00][info] 消息ID缓存成功: task_id=69, group_id=https://t.me/+9ZnJ_gHIFV41NzFh, msg_index=1125, message_id=1111, send_user_id=4237
[2026-03-13T23:22:07+08:00][info] 消息状态标记为已发送: task_id=69, group_id=https://t.me/+9ZnJ_gHIFV41NzFh, msg_index=1125
[2026-03-13T23:22:07+08:00][info] 任务 69 将在 95 秒后继续处理下一条消息，索引: 1126, 实例ID: task_69_index_1126_1773415327.5201
[2026-03-13T23:22:11+08:00][info] 返回:{"status":true,"message":"发送完成，成功1个，失败0个[]","data":{"success":[{"group_id":3895336513,"group_link":"https:\/\/t.me\/twogrqoup","type":"megagroup","message":"发送成功","message_id":8386}],"failed":[],"debug":["处理标识符: https:\/\/t.me\/twogrqoup, 清理后: https:\/\/t.me\/twogrqoup, 识别为链接: True, 识别为数字ID: False","已是群组成员，群组ID: 3895336513"],"warning":""},"api_address":"185.165.170.142:5023"}
[2026-03-13T23:22:11+08:00][info] 消息ID缓存成功: task_id=66, group_id=https://t.me/twogrqoup, msg_index=6, message_id=8386, send_user_id=3471
[2026-03-13T23:22:11+08:00][info] 消息状态标记为已发送: task_id=66, group_id=https://t.me/twogrqoup, msg_index=6
[2026-03-13T23:22:11+08:00][info] 任务 66 将在 13 秒后继续处理下一条消息，索引: 7, 实例ID: task_66_index_7_1773415331.3504
[2026-03-13T23:22:25+08:00][info] 开始处理队列任务: task_id=66, current_index=7
[2026-03-13T23:22:25+08:00][info] 消息缓存初始化完成: task_id=66, groups=https://t.me/twogrqoup
[2026-03-13T23:22:25+08:00][info] 任务 66 第 900 次循环，重置群组 https://t.me/twogrqoup 消息状态
[2026-03-13T23:22:25+08:00][info] 使用当前发送用户 3471 的 session_path/www/wwwroot/tdata.tgbota.top/public/uploads/admin/202602/6997fc3070d84/819089723520/tdata/temp_8574369010.session
[2026-03-13T23:22:32+08:00][info] 返回:{"status":true,"message":"发送完成，成功1个，失败0个[]","data":{"success":[{"group_id":3895336513,"group_link":"https:\/\/t.me\/twogrqoup","type":"megagroup","message":"发送成功","message_id":8387}],"failed":[],"debug":["处理标识符: https:\/\/t.me\/twogrqoup, 清理后: https:\/\/t.me\/twogrqoup, 识别为链接: True, 识别为数字ID: False","已是群组成员，群组ID: 3895336513"],"warning":""},"api_address":"185.165.170.142:5023"}
[2026-03-13T23:22:32+08:00][info] 消息ID缓存成功: task_id=66, group_id=https://t.me/twogrqoup, msg_index=7, message_id=8387, send_user_id=3471
[2026-03-13T23:22:32+08:00][info] 消息状态标记为已发送: task_id=66, group_id=https://t.me/twogrqoup, msg_index=7
[2026-03-13T23:22:32+08:00][info] 任务 66 将在 26 秒后继续处理下一条消息，索引: 8, 实例ID: task_66_index_8_1773415352.9751
[2026-03-13T23:22:58+08:00][info] 开始处理队列任务: task_id=66, current_index=8
[2026-03-13T23:22:58+08:00][info] 消息缓存初始化完成: task_id=66, groups=https://t.me/twogrqoup
[2026-03-13T23:22:58+08:00][info] 任务 66 第 900 次循环，重置群组 https://t.me/twogrqoup 消息状态
[2026-03-13T23:22:58+08:00][info] 使用当前发送用户 3469 的 session_path/www/wwwroot/tdata.tgbota.top/public/uploads/admin/202602/6997fc3070d84/819056965118/tdata/temp_8418493902.session
[2026-03-13T23:23:06+08:00][info] 返回:{"status":true,"message":"发送完成，成功1个，失败0个[]","data":{"success":[{"group_id":3895336513,"group_link":"https:\/\/t.me\/twogrqoup","type":"megagroup","message":"发送成功","message_id":8388}],"failed":[],"debug":["处理标识符: https:\/\/t.me\/twogrqoup, 清理后: https:\/\/t.me\/twogrqoup, 识别为链接: True, 识别为数字ID: False","已是群组成员，群组ID: 3895336513"],"warning":""},"api_address":"185.165.170.142:5062"}
[2026-03-13T23:23:06+08:00][info] 消息ID缓存成功: task_id=66, group_id=https://t.me/twogrqoup, msg_index=8, message_id=8388, send_user_id=3469
[2026-03-13T23:23:06+08:00][info] 消息状态标记为已发送: task_id=66, group_id=https://t.me/twogrqoup, msg_index=8
[2026-03-13T23:23:06+08:00][info] 任务 66 将在 30 秒后继续处理下一条消息，索引: 9, 实例ID: task_66_index_9_1773415386.4279
[2026-03-13T23:23:36+08:00][info] 开始处理队列任务: task_id=66, current_index=9
[2026-03-13T23:23:36+08:00][info] 消息缓存初始化完成: task_id=66, groups=https://t.me/twogrqoup
[2026-03-13T23:23:36+08:00][info] 任务 66 第 900 次循环，重置群组 https://t.me/twogrqoup 消息状态
[2026-03-13T23:23:36+08:00][info] 任务 66 第 900 轮完成，准备进行第 901 轮
[2026-03-13T23:23:36+08:00][info] 任务 66 即将为下一轮重新入队，延迟 5 秒，从索引 0 开始
[2026-03-13T23:23:41+08:00][info] 开始处理队列任务: task_id=66, current_index=0
[2026-03-13T23:23:41+08:00][info] 消息缓存初始化完成: task_id=66, groups=https://t.me/twogrqoup
[2026-03-13T23:23:41+08:00][info] 任务 66 第 901 次循环，重置群组 https://t.me/twogrqoup 消息状态
[2026-03-13T23:23:41+08:00][info] 使用当前发送用户 3469 的 session_path/www/wwwroot/tdata.tgbota.top/public/uploads/admin/202602/6997fc3070d84/819056965118/tdata/temp_8418493902.session
[2026-03-13T23:23:42+08:00][info] 开始处理队列任务: task_id=69, current_index=1126
[2026-03-13T23:23:42+08:00][info] 使用消息配置中指定的用户 4248 的 session_path/www/wwwroot/tdata.tgbota.top/public/uploads/admin/202603/69b10fe00169d/13394631524/tdata/temp_8023071106.session
[2026-03-13T23:23:46+08:00][info] 返回:{"status":true,"message":"发送完成，成功1个，失败0个[]","data":{"success":[{"group_id":5072487869,"group_link":"https:\/\/t.me\/+9ZnJ_gHIFV41NzFh","type":"chat","message":"发送成功","message_id":1138}],"failed":[],"debug":["处理标识符: https:\/\/t.me\/+9ZnJ_gHIFV41NzFh, 清理后: https:\/\/t.me\/+9ZnJ_gHIFV41NzFh, 识别为链接: True, 识别为数字ID: False"],"warning":""},"api_address":"185.165.170.142:5033"}
[2026-03-13T23:23:46+08:00][info] 消息ID缓存成功: task_id=69, group_id=https://t.me/+9ZnJ_gHIFV41NzFh, msg_index=1126, message_id=1138, send_user_id=4248
[2026-03-13T23:23:46+08:00][info] 消息状态标记为已发送: task_id=69, group_id=https://t.me/+9ZnJ_gHIFV41NzFh, msg_index=1126
[2026-03-13T23:23:46+08:00][info] 任务 69 将在 100 秒后继续处理下一条消息，索引: 1127, 实例ID: task_69_index_1127_1773415426.0778
[2026-03-13T23:23:46+08:00][info] 返回:{"status":true,"message":"发送完成，成功1个，失败0个[]","data":{"success":[{"group_id":3895336513,"group_link":"https:\/\/t.me\/twogrqoup","type":"megagroup","message":"发送成功","message_id":8389}],"failed":[],"debug":["处理标识符: https:\/\/t.me\/twogrqoup, 清理后: https:\/\/t.me\/twogrqoup, 识别为链接: True, 识别为数字ID: False","已是群组成员，群组ID: 3895336513"],"warning":""},"api_address":"185.165.170.142:5062"}
[2026-03-13T23:23:46+08:00][info] 消息ID缓存成功: task_id=66, group_id=https://t.me/twogrqoup, msg_index=0, message_id=8389, send_user_id=3469
[2026-03-13T23:23:46+08:00][info] 消息状态标记为已发送: task_id=66, group_id=https://t.me/twogrqoup, msg_index=0
[2026-03-13T23:23:46+08:00][info] 任务 66 将在 15 秒后继续处理下一条消息，索引: 1, 实例ID: task_66_index_1_1773415426.945
[2026-03-13T23:24:01+08:00][info] 开始处理队列任务: task_id=66, current_index=1
[2026-03-13T23:24:01+08:00][info] 消息缓存初始化完成: task_id=66, groups=https://t.me/twogrqoup
[2026-03-13T23:24:01+08:00][info] 任务 66 第 901 次循环，重置群组 https://t.me/twogrqoup 消息状态
[2026-03-13T23:24:01+08:00][info] 使用当前发送用户 3472 的 session_path/www/wwwroot/tdata.tgbota.top/public/uploads/admin/202602/6997fc3070d84/819050054287/tdata/temp_8308580822.session
[2026-03-13T23:24:06+08:00][info] 返回:{"status":true,"message":"发送完成，成功1个，失败0个[]","data":{"success":[{"group_id":3895336513,"group_link":"https:\/\/t.me\/twogrqoup","type":"megagroup","message":"发送成功","message_id":8390}],"failed":[],"debug":["处理标识符: https:\/\/t.me\/twogrqoup, 清理后: https:\/\/t.me\/twogrqoup, 识别为链接: True, 识别为数字ID: False","已是群组成员，群组ID: 3895336513"],"warning":""},"api_address":"185.165.170.142:5042"}
[2026-03-13T23:24:06+08:00][info] 消息ID缓存成功: task_id=66, group_id=https://t.me/twogrqoup, msg_index=1, message_id=8390, send_user_id=3472
[2026-03-13T23:24:06+08:00][info] 消息状态标记为已发送: task_id=66, group_id=https://t.me/twogrqoup, msg_index=1
[2026-03-13T23:24:07+08:00][info] 任务 66 将在 30 秒后继续处理下一条消息，索引: 2, 实例ID: task_66_index_2_1773415447.0355
[2026-03-13T23:24:37+08:00][info] 开始处理队列任务: task_id=66, current_index=2
[2026-03-13T23:24:37+08:00][info] 消息缓存初始化完成: task_id=66, groups=https://t.me/twogrqoup
[2026-03-13T23:24:37+08:00][info] 任务 66 第 901 次循环，重置群组 https://t.me/twogrqoup 消息状态
[2026-03-13T23:24:37+08:00][info] 使用当前发送用户 3473 的 session_path/www/wwwroot/tdata.tgbota.top/public/uploads/admin/202602/6997fc3070d84/819054626431/tdata/temp_8503359249.session
[2026-03-13T23:24:42+08:00][info] 返回:{"status":true,"message":"发送完成，成功1个，失败0个[]","data":{"success":[{"group_id":3895336513,"group_link":"https:\/\/t.me\/twogrqoup","type":"megagroup","message":"发送成功","message_id":8391}],"failed":[],"debug":["处理标识符: https:\/\/t.me\/twogrqoup, 清理后: https:\/\/t.me\/twogrqoup, 识别为链接: True, 识别为数字ID: False","已是群组成员，群组ID: 3895336513"],"warning":""},"api_address":"185.165.170.142:5043"}
[2026-03-13T23:24:42+08:00][info] 消息ID缓存成功: task_id=66, group_id=https://t.me/twogrqoup, msg_index=2, message_id=8391, send_user_id=3473
[2026-03-13T23:24:42+08:00][info] 消息状态标记为已发送: task_id=66, group_id=https://t.me/twogrqoup, msg_index=2
[2026-03-13T23:24:42+08:00][info] 任务 66 将在 45 秒后继续处理下一条消息，索引: 3, 实例ID: task_66_index_3_1773415482.7832
[2026-03-13T23:25:26+08:00][info] 开始处理队列任务: task_id=69, current_index=1127
[2026-03-13T23:25:26+08:00][info] 使用feedbackType=1127的消息ID: 1138
[2026-03-13T23:25:26+08:00][info] 使用消息配置中指定的用户 4250 的 session_path/www/wwwroot/tdata.tgbota.top/public/uploads/admin/202603/69b10fe00169d/13639996422/tdata/temp_8445838957.session
[2026-03-13T23:25:27+08:00][info] 开始处理队列任务: task_id=66, current_index=3
[2026-03-13T23:25:27+08:00][info] 消息缓存初始化完成: task_id=66, groups=https://t.me/twogrqoup
[2026-03-13T23:25:27+08:00][info] 任务 66 第 901 次循环，重置群组 https://t.me/twogrqoup 消息状态
[2026-03-13T23:25:27+08:00][info] 使用当前发送用户 3469 的 session_path/www/wwwroot/tdata.tgbota.top/public/uploads/admin/202602/6997fc3070d84/819056965118/tdata/temp_8418493902.session
[2026-03-13T23:25:32+08:00][info] 返回:{"status":true,"message":"发送完成，成功1个，失败0个[]","data":{"success":[{"group_id":5072487869,"group_link":"https:\/\/t.me\/+9ZnJ_gHIFV41NzFh","type":"chat","message":"发送成功","message_id":1143}],"failed":[],"debug":["处理标识符: https:\/\/t.me\/+9ZnJ_gHIFV41NzFh, 清理后: https:\/\/t.me\/+9ZnJ_gHIFV41NzFh, 识别为链接: True, 识别为数字ID: False"],"warning":""},"api_address":"185.165.170.142:5035"}
[2026-03-13T23:25:32+08:00][info] 消息ID缓存成功: task_id=69, group_id=https://t.me/+9ZnJ_gHIFV41NzFh, msg_index=1127, message_id=1143, send_user_id=4250
[2026-03-13T23:25:32+08:00][info] 消息状态标记为已发送: task_id=69, group_id=https://t.me/+9ZnJ_gHIFV41NzFh, msg_index=1127
[2026-03-13T23:25:32+08:00][info] 任务 69 将在 85 秒后继续处理下一条消息，索引: 1128, 实例ID: task_69_index_1128_1773415532.1454
[2026-03-13T23:25:33+08:00][info] 返回:{"status":true,"message":"发送完成，成功1个，失败0个[]","data":{"success":[{"group_id":3895336513,"group_link":"https:\/\/t.me\/twogrqoup","type":"megagroup","message":"发送成功","message_id":8392}],"failed":[],"debug":["处理标识符: https:\/\/t.me\/twogrqoup, 清理后: https:\/\/t.me\/twogrqoup, 识别为链接: True, 识别为数字ID: False","已是群组成员，群组ID: 3895336513"],"warning":""},"api_address":"185.165.170.142:5062"}
[2026-03-13T23:25:33+08:00][info] 消息ID缓存成功: task_id=66, group_id=https://t.me/twogrqoup, msg_index=3, message_id=8392, send_user_id=3469
[2026-03-13T23:25:33+08:00][info] 消息状态标记为已发送: task_id=66, group_id=https://t.me/twogrqoup, msg_index=3
[2026-03-13T23:25:33+08:00][info] 任务 66 将在 20 秒后继续处理下一条消息，索引: 4, 实例ID: task_66_index_4_1773415533.7571
[2026-03-13T23:25:53+08:00][info] 开始处理队列任务: task_id=66, current_index=4
[2026-03-13T23:25:53+08:00][info] 消息缓存初始化完成: task_id=66, groups=https://t.me/twogrqoup
[2026-03-13T23:25:53+08:00][info] 任务 66 第 901 次循环，重置群组 https://t.me/twogrqoup 消息状态
[2026-03-13T23:25:53+08:00][info] 使用当前发送用户 3471 的 session_path/www/wwwroot/tdata.tgbota.top/public/uploads/admin/202602/6997fc3070d84/819089723520/tdata/temp_8574369010.session
[2026-03-13T23:25:59+08:00][info] 返回:{"status":true,"message":"发送完成，成功1个，失败0个[]","data":{"success":[{"group_id":3895336513,"group_link":"https:\/\/t.me\/twogrqoup","type":"megagroup","message":"发送成功","message_id":8393}],"failed":[],"debug":["处理标识符: https:\/\/t.me\/twogrqoup, 清理后: https:\/\/t.me\/twogrqoup, 识别为链接: True, 识别为数字ID: False","已是群组成员，群组ID: 3895336513"],"warning":""},"api_address":"185.165.170.142:5023"}
[2026-03-13T23:25:59+08:00][info] 消息ID缓存成功: task_id=66, group_id=https://t.me/twogrqoup, msg_index=4, message_id=8393, send_user_id=3471
[2026-03-13T23:25:59+08:00][info] 消息状态标记为已发送: task_id=66, group_id=https://t.me/twogrqoup, msg_index=4
[2026-03-13T23:25:59+08:00][info] 任务 66 将在 26 秒后继续处理下一条消息，索引: 5, 实例ID: task_66_index_5_1773415559.4003
[2026-03-13T23:26:26+08:00][info] 开始处理队列任务: task_id=66, current_index=5
[2026-03-13T23:26:26+08:00][info] 消息缓存初始化完成: task_id=66, groups=https://t.me/twogrqoup
[2026-03-13T23:26:26+08:00][info] 任务 66 第 901 次循环，重置群组 https://t.me/twogrqoup 消息状态
[2026-03-13T23:26:26+08:00][info] 使用当前发送用户 3469 的 session_path/www/wwwroot/tdata.tgbota.top/public/uploads/admin/202602/6997fc3070d84/819056965118/tdata/temp_8418493902.session
[2026-03-13T23:26:31+08:00][info] 返回:{"status":true,"message":"发送完成，成功1个，失败0个[]","data":{"success":[{"group_id":3895336513,"group_link":"https:\/\/t.me\/twogrqoup","type":"megagroup","message":"发送成功","message_id":8394}],"failed":[],"debug":["处理标识符: https:\/\/t.me\/twogrqoup, 清理后: https:\/\/t.me\/twogrqoup, 识别为链接: True, 识别为数字ID: False","已是群组成员，群组ID: 3895336513"],"warning":""},"api_address":"185.165.170.142:5062"}
[2026-03-13T23:26:31+08:00][info] 消息ID缓存成功: task_id=66, group_id=https://t.me/twogrqoup, msg_index=5, message_id=8394, send_user_id=3469
[2026-03-13T23:26:31+08:00][info] 消息状态标记为已发送: task_id=66, group_id=https://t.me/twogrqoup, msg_index=5
[2026-03-13T23:26:31+08:00][info] 任务 66 将在 27 秒后继续处理下一条消息，索引: 6, 实例ID: task_66_index_6_1773415591.7494
[2026-03-13T23:26:57+08:00][info] 开始处理队列任务: task_id=69, current_index=1128
[2026-03-13T23:26:57+08:00][info] 使用当前发送用户 4239 的 session_path/www/wwwroot/tdata.tgbota.top/public/uploads/admin/202603/69b10fe00169d/13376377324/tdata/temp_8582856958.session
[2026-03-13T23:26:58+08:00][info] 开始处理队列任务: task_id=66, current_index=6
[2026-03-13T23:26:58+08:00][info] 消息缓存初始化完成: task_id=66, groups=https://t.me/twogrqoup
[2026-03-13T23:26:58+08:00][info] 任务 66 第 901 次循环，重置群组 https://t.me/twogrqoup 消息状态
[2026-03-13T23:26:58+08:00][info] 使用当前发送用户 3471 的 session_path/www/wwwroot/tdata.tgbota.top/public/uploads/admin/202602/6997fc3070d84/819089723520/tdata/temp_8574369010.session
[2026-03-13T23:27:01+08:00][info] 返回:{"status":true,"message":"发送完成，成功1个，失败0个[]","data":{"success":[{"group_id":5072487869,"group_link":"https:\/\/t.me\/+9ZnJ_gHIFV41NzFh","type":"chat","message":"发送成功","message_id":1118}],"failed":[],"debug":["处理标识符: https:\/\/t.me\/+9ZnJ_gHIFV41NzFh, 清理后: https:\/\/t.me\/+9ZnJ_gHIFV41NzFh, 识别为链接: True, 识别为数字ID: False"],"warning":""},"api_address":"185.165.170.142:5024"}
[2026-03-13T23:27:01+08:00][info] 消息ID缓存成功: task_id=69, group_id=https://t.me/+9ZnJ_gHIFV41NzFh, msg_index=1128, message_id=1118, send_user_id=4239
[2026-03-13T23:27:01+08:00][info] 消息状态标记为已发送: task_id=69, group_id=https://t.me/+9ZnJ_gHIFV41NzFh, msg_index=1128
[2026-03-13T23:27:01+08:00][info] 任务 69 将在 96 秒后继续处理下一条消息，索引: 1129, 实例ID: task_69_index_1129_1773415621.5694
[2026-03-13T23:27:05+08:00][info] 返回:{"status":true,"message":"发送完成，成功1个，失败0个[]","data":{"success":[{"group_id":3895336513,"group_link":"https:\/\/t.me\/twogrqoup","type":"megagroup","message":"发送成功","message_id":8395}],"failed":[],"debug":["处理标识符: https:\/\/t.me\/twogrqoup, 清理后: https:\/\/t.me\/twogrqoup, 识别为链接: True, 识别为数字ID: False","已是群组成员，群组ID: 3895336513"],"warning":""},"api_address":"185.165.170.142:5023"}
[2026-03-13T23:27:05+08:00][info] 消息ID缓存成功: task_id=66, group_id=https://t.me/twogrqoup, msg_index=6, message_id=8395, send_user_id=3471
[2026-03-13T23:27:05+08:00][info] 消息状态标记为已发送: task_id=66, group_id=https://t.me/twogrqoup, msg_index=6
[2026-03-13T23:27:05+08:00][info] 任务 66 将在 13 秒后继续处理下一条消息，索引: 7, 实例ID: task_66_index_7_1773415625.3467
[2026-03-13T23:27:18+08:00][info] 开始处理队列任务: task_id=66, current_index=7
[2026-03-13T23:27:18+08:00][info] 消息缓存初始化完成: task_id=66, groups=https://t.me/twogrqoup
[2026-03-13T23:27:18+08:00][info] 任务 66 第 901 次循环，重置群组 https://t.me/twogrqoup 消息状态
[2026-03-13T23:27:18+08:00][info] 使用当前发送用户 3471 的 session_path/www/wwwroot/tdata.tgbota.top/public/uploads/admin/202602/6997fc3070d84/819089723520/tdata/temp_8574369010.session
[2026-03-13T23:27:23+08:00][info] 返回:{"status":true,"message":"发送完成，成功1个，失败0个[]","data":{"success":[{"group_id":3895336513,"group_link":"https:\/\/t.me\/twogrqoup","type":"megagroup","message":"发送成功","message_id":8396}],"failed":[],"debug":["处理标识符: https:\/\/t.me\/twogrqoup, 清理后: https:\/\/t.me\/twogrqoup, 识别为链接: True, 识别为数字ID: False","已是群组成员，群组ID: 3895336513"],"warning":""},"api_address":"185.165.170.142:5023"}
[2026-03-13T23:27:23+08:00][info] 消息ID缓存成功: task_id=66, group_id=https://t.me/twogrqoup, msg_index=7, message_id=8396, send_user_id=3471
[2026-03-13T23:27:23+08:00][info] 消息状态标记为已发送: task_id=66, group_id=https://t.me/twogrqoup, msg_index=7
[2026-03-13T23:27:23+08:00][info] 任务 66 将在 26 秒后继续处理下一条消息，索引: 8, 实例ID: task_66_index_8_1773415643.7019
[2026-03-13T23:27:49+08:00][info] 开始处理队列任务: task_id=66, current_index=8
[2026-03-13T23:27:49+08:00][info] 消息缓存初始化完成: task_id=66, groups=https://t.me/twogrqoup
[2026-03-13T23:27:49+08:00][info] 任务 66 第 901 次循环，重置群组 https://t.me/twogrqoup 消息状态
[2026-03-13T23:27:49+08:00][info] 使用当前发送用户 3469 的 session_path/www/wwwroot/tdata.tgbota.top/public/uploads/admin/202602/6997fc3070d84/819056965118/tdata/temp_8418493902.session
[2026-03-13T23:27:57+08:00][info] 返回:{"status":true,"message":"发送完成，成功1个，失败0个[]","data":{"success":[{"group_id":3895336513,"group_link":"https:\/\/t.me\/twogrqoup","type":"megagroup","message":"发送成功","message_id":8397}],"failed":[],"debug":["处理标识符: https:\/\/t.me\/twogrqoup, 清理后: https:\/\/t.me\/twogrqoup, 识别为链接: True, 识别为数字ID: False","已是群组成员，群组ID: 3895336513"],"warning":""},"api_address":"185.165.170.142:5062"}
[2026-03-13T23:27:57+08:00][info] 消息ID缓存成功: task_id=66, group_id=https://t.me/twogrqoup, msg_index=8, message_id=8397, send_user_id=3469
[2026-03-13T23:27:57+08:00][info] 消息状态标记为已发送: task_id=66, group_id=https://t.me/twogrqoup, msg_index=8
[2026-03-13T23:27:57+08:00][info] 任务 66 将在 30 秒后继续处理下一条消息，索引: 9, 实例ID: task_66_index_9_1773415677.2492
[2026-03-13T23:28:27+08:00][info] 开始处理队列任务: task_id=66, current_index=9
[2026-03-13T23:28:27+08:00][info] 消息缓存初始化完成: task_id=66, groups=https://t.me/twogrqoup
[2026-03-13T23:28:27+08:00][info] 任务 66 第 901 次循环，重置群组 https://t.me/twogrqoup 消息状态
[2026-03-13T23:28:27+08:00][info] 任务 66 第 901 轮完成，准备进行第 902 轮
[2026-03-13T23:28:27+08:00][info] 任务 66 即将为下一轮重新入队，延迟 5 秒，从索引 0 开始
[2026-03-13T23:28:32+08:00][info] 开始处理队列任务: task_id=66, current_index=0
[2026-03-13T23:28:32+08:00][info] 消息缓存初始化完成: task_id=66, groups=https://t.me/twogrqoup
[2026-03-13T23:28:32+08:00][info] 任务 66 第 902 次循环，重置群组 https://t.me/twogrqoup 消息状态
[2026-03-13T23:28:32+08:00][info] 使用当前发送用户 3469 的 session_path/www/wwwroot/tdata.tgbota.top/public/uploads/admin/202602/6997fc3070d84/819056965118/tdata/temp_8418493902.session
[2026-03-13T23:28:38+08:00][info] 开始处理队列任务: task_id=69, current_index=1129
[2026-03-13T23:28:38+08:00][info] 使用消息配置中指定的用户 4244 的 session_path/www/wwwroot/tdata.tgbota.top/public/uploads/admin/202603/69b10fe00169d/13632168755/tdata/temp_8062228317.session
[2026-03-13T23:28:41+08:00][info] 返回:{"status":true,"message":"发送完成，成功1个，失败0个[]","data":{"success":[{"group_id":3895336513,"group_link":"https:\/\/t.me\/twogrqoup","type":"megagroup","message":"发送成功","message_id":8398}],"failed":[],"debug":["处理标识符: https:\/\/t.me\/twogrqoup, 清理后: https:\/\/t.me\/twogrqoup, 识别为链接: True, 识别为数字ID: False","已是群组成员，群组ID: 3895336513"],"warning":""},"api_address":"185.165.170.142:5062"}
[2026-03-13T23:28:41+08:00][info] 消息ID缓存成功: task_id=66, group_id=https://t.me/twogrqoup, msg_index=0, message_id=8398, send_user_id=3469
[2026-03-13T23:28:41+08:00][info] 消息状态标记为已发送: task_id=66, group_id=https://t.me/twogrqoup, msg_index=0
[2026-03-13T23:28:41+08:00][info] 任务 66 将在 15 秒后继续处理下一条消息，索引: 1, 实例ID: task_66_index_1_1773415721.634
[2026-03-13T23:28:44+08:00][info] 返回:{"status":true,"message":"发送完成，成功1个，失败0个[]","data":{"success":[{"group_id":5072487869,"group_link":"https:\/\/t.me\/+9ZnJ_gHIFV41NzFh","type":"chat","message":"发送成功","message_id":1130}],"failed":[],"debug":["处理标识符: https:\/\/t.me\/+9ZnJ_gHIFV41NzFh, 清理后: https:\/\/t.me\/+9ZnJ_gHIFV41NzFh, 识别为链接: True, 识别为数字ID: False"],"warning":""},"api_address":"185.165.170.142:5029"}
[2026-03-13T23:28:44+08:00][info] 消息ID缓存成功: task_id=69, group_id=https://t.me/+9ZnJ_gHIFV41NzFh, msg_index=1129, message_id=1130, send_user_id=4244
[2026-03-13T23:28:44+08:00][info] 消息状态标记为已发送: task_id=69, group_id=https://t.me/+9ZnJ_gHIFV41NzFh, msg_index=1129
[2026-03-13T23:28:44+08:00][info] 任务 69 将在 100 秒后继续处理下一条消息，索引: 1130, 实例ID: task_69_index_1130_1773415724.0952
[2026-03-13T23:28:56+08:00][info] 开始处理队列任务: task_id=66, current_index=1
[2026-03-13T23:28:56+08:00][info] 消息缓存初始化完成: task_id=66, groups=https://t.me/twogrqoup
[2026-03-13T23:28:56+08:00][info] 任务 66 第 902 次循环，重置群组 https://t.me/twogrqoup 消息状态
[2026-03-13T23:28:56+08:00][info] 使用当前发送用户 3472 的 session_path/www/wwwroot/tdata.tgbota.top/public/uploads/admin/202602/6997fc3070d84/819050054287/tdata/temp_8308580822.session
[2026-03-13T23:29:03+08:00][info] 返回:{"status":true,"message":"发送完成，成功1个，失败0个[]","data":{"success":[{"group_id":3895336513,"group_link":"https:\/\/t.me\/twogrqoup","type":"megagroup","message":"发送成功","message_id":8399}],"failed":[],"debug":["处理标识符: https:\/\/t.me\/twogrqoup, 清理后: https:\/\/t.me\/twogrqoup, 识别为链接: True, 识别为数字ID: False","已是群组成员，群组ID: 3895336513"],"warning":""},"api_address":"185.165.170.142:5042"}
[2026-03-13T23:29:03+08:00][info] 消息ID缓存成功: task_id=66, group_id=https://t.me/twogrqoup, msg_index=1, message_id=8399, send_user_id=3472
[2026-03-13T23:29:03+08:00][info] 消息状态标记为已发送: task_id=66, group_id=https://t.me/twogrqoup, msg_index=1
[2026-03-13T23:29:03+08:00][info] 任务 66 将在 30 秒后继续处理下一条消息，索引: 2, 实例ID: task_66_index_2_1773415743.363
[2026-03-13T23:29:33+08:00][info] 开始处理队列任务: task_id=66, current_index=2
[2026-03-13T23:29:33+08:00][info] 消息缓存初始化完成: task_id=66, groups=https://t.me/twogrqoup
[2026-03-13T23:29:33+08:00][info] 任务 66 第 902 次循环，重置群组 https://t.me/twogrqoup 消息状态
[2026-03-13T23:29:33+08:00][info] 使用当前发送用户 3473 的 session_path/www/wwwroot/tdata.tgbota.top/public/uploads/admin/202602/6997fc3070d84/819054626431/tdata/temp_8503359249.session
[2026-03-13T23:29:40+08:00][info] 返回:{"status":true,"message":"发送完成，成功1个，失败0个[]","data":{"success":[{"group_id":3895336513,"group_link":"https:\/\/t.me\/twogrqoup","type":"megagroup","message":"发送成功","message_id":8400}],"failed":[],"debug":["处理标识符: https:\/\/t.me\/twogrqoup, 清理后: https:\/\/t.me\/twogrqoup, 识别为链接: True, 识别为数字ID: False","已是群组成员，群组ID: 3895336513"],"warning":""},"api_address":"185.165.170.142:5043"}
[2026-03-13T23:29:40+08:00][info] 消息ID缓存成功: task_id=66, group_id=https://t.me/twogrqoup, msg_index=2, message_id=8400, send_user_id=3473
[2026-03-13T23:29:40+08:00][info] 消息状态标记为已发送: task_id=66, group_id=https://t.me/twogrqoup, msg_index=2
[2026-03-13T23:29:40+08:00][info] 任务 66 将在 45 秒后继续处理下一条消息，索引: 3, 实例ID: task_66_index_3_1773415780.9018
[2026-03-13T23:30:24+08:00][info] 开始处理队列任务: task_id=69, current_index=1130
[2026-03-13T23:30:24+08:00][info] 使用消息配置中指定的用户 4246 的 session_path/www/wwwroot/tdata.tgbota.top/public/uploads/admin/202603/69b10fe00169d/13525689778/tdata/temp_8298330802.session
[2026-03-13T23:30:25+08:00][info] 开始处理队列任务: task_id=66, current_index=3
[2026-03-13T23:30:25+08:00][info] 消息缓存初始化完成: task_id=66, groups=https://t.me/twogrqoup
[2026-03-13T23:30:25+08:00][info] 任务 66 第 902 次循环，重置群组 https://t.me/twogrqoup 消息状态
[2026-03-13T23:30:25+08:00][info] 使用当前发送用户 3469 的 session_path/www/wwwroot/tdata.tgbota.top/public/uploads/admin/202602/6997fc3070d84/819056965118/tdata/temp_8418493902.session
[2026-03-13T23:30:31+08:00][info] 返回:{"status":true,"message":"发送完成，成功1个，失败0个[]","data":{"success":[{"group_id":5072487869,"group_link":"https:\/\/t.me\/+9ZnJ_gHIFV41NzFh","type":"chat","message":"发送成功","message_id":1138}],"failed":[],"debug":["处理标识符: https:\/\/t.me\/+9ZnJ_gHIFV41NzFh, 清理后: https:\/\/t.me\/+9ZnJ_gHIFV41NzFh, 识别为链接: True, 识别为数字ID: False","文件1有效: \/www\/wwwroot\/tdata.tgbota.top\/public\/uploads\/admin\/202512\/693ae4ce1e6a2.jpg (87512字节)","发送单个文件: \/www\/wwwroot\/tdata.tgbota.top\/public\/uploads\/admin\/202512\/693ae4ce1e6a2.jpg"],"warning":""},"api_address":"185.165.170.142:5031"}
[2026-03-13T23:30:31+08:00][info] 消息ID缓存成功: task_id=69, group_id=https://t.me/+9ZnJ_gHIFV41NzFh, msg_index=1130, message_id=1138, send_user_id=4246
[2026-03-13T23:30:31+08:00][info] 消息状态标记为已发送: task_id=69, group_id=https://t.me/+9ZnJ_gHIFV41NzFh, msg_index=1130
[2026-03-13T23:30:31+08:00][info] 任务 69 将在 70 秒后继续处理下一条消息，索引: 1131, 实例ID: task_69_index_1131_1773415831.3799
[2026-03-13T23:30:31+08:00][info] 返回:{"status":true,"message":"发送完成，成功1个，失败0个[]","data":{"success":[{"group_id":3895336513,"group_link":"https:\/\/t.me\/twogrqoup","type":"megagroup","message":"发送成功","message_id":8401}],"failed":[],"debug":["处理标识符: https:\/\/t.me\/twogrqoup, 清理后: https:\/\/t.me\/twogrqoup, 识别为链接: True, 识别为数字ID: False","已是群组成员，群组ID: 3895336513"],"warning":""},"api_address":"185.165.170.142:5062"}
[2026-03-13T23:30:31+08:00][info] 消息ID缓存成功: task_id=66, group_id=https://t.me/twogrqoup, msg_index=3, message_id=8401, send_user_id=3469
[2026-03-13T23:30:31+08:00][info] 消息状态标记为已发送: task_id=66, group_id=https://t.me/twogrqoup, msg_index=3
[2026-03-13T23:30:31+08:00][info] 任务 66 将在 20 秒后继续处理下一条消息，索引: 4, 实例ID: task_66_index_4_1773415831.9723
[2026-03-13T23:30:38+08:00][info] 开始处理队列任务: task_id=68, current_index=0
[2026-03-13T23:30:38+08:00][info] 消息缓存初始化完成: task_id=68, groups=https://t.me/+Ro19Ihqy-nRmZTMx
[2026-03-13T23:30:38+08:00][info] 使用当前发送用户 4273 的 session_path/www/wwwroot/tdata.tgbota.top/public/uploads/admin/202603/69b10fe00169d/13632173432/tdata/temp_8139239544.session
[2026-03-13T23:30:41+08:00][info] 开始处理队列任务: task_id=67, current_index=0
[2026-03-13T23:30:41+08:00][info] 消息缓存初始化完成: task_id=67, groups=https://t.me/+o6W8r1Tomb04Y2Q5
[2026-03-13T23:30:41+08:00][info] 使用当前发送用户 4273 的 session_path/www/wwwroot/tdata.tgbota.top/public/uploads/admin/202603/69b10fe00169d/13632173432/tdata/temp_8139239544.session
[2026-03-13T23:30:44+08:00][info] 使用当前发送用户 4273 的 session_path/www/wwwroot/tdata.tgbota.top/public/uploads/admin/202603/69b10fe00169d/13632173432/tdata/temp_8139239544.session
[2026-03-13T23:30:45+08:00][info] 返回:{"status":true,"message":"发送完成，成功1个，失败0个[]","data":{"success":[{"group_id":5288642383,"group_link":"https:\/\/t.me\/+Ro19Ihqy-nRmZTMx","type":"chat","message":"发送成功","message_id":1729}],"failed":[],"debug":["处理标识符: https:\/\/t.me\/+Ro19Ihqy-nRmZTMx, 清理后: https:\/\/t.me\/+Ro19Ihqy-nRmZTMx, 识别为链接: True, 识别为数字ID: False"],"warning":""},"api_address":"185.165.170.142:5018"}
[2026-03-13T23:30:45+08:00][info] 消息ID缓存成功: task_id=68, group_id=https://t.me/+Ro19Ihqy-nRmZTMx, msg_index=0, message_id=1729, send_user_id=4273
[2026-03-13T23:30:45+08:00][info] 消息状态标记为已发送: task_id=68, group_id=https://t.me/+Ro19Ihqy-nRmZTMx, msg_index=0
[2026-03-13T23:30:45+08:00][info] 任务 68 将在 87 秒后继续处理下一条消息，索引: 1, 实例ID: task_68_index_1_1773415845.4764
[2026-03-13T23:30:49+08:00][info] 使用当前发送用户 4273 的 session_path/www/wwwroot/tdata.tgbota.top/public/uploads/admin/202603/69b10fe00169d/13632173432/tdata/temp_8139239544.session
[2026-03-13T23:30:51+08:00][info] 开始处理队列任务: task_id=66, current_index=4
[2026-03-13T23:30:51+08:00][info] 消息缓存初始化完成: task_id=66, groups=https://t.me/twogrqoup
[2026-03-13T23:30:51+08:00][info] 任务 66 第 902 次循环，重置群组 https://t.me/twogrqoup 消息状态
[2026-03-13T23:30:51+08:00][info] 使用当前发送用户 3471 的 session_path/www/wwwroot/tdata.tgbota.top/public/uploads/admin/202602/6997fc3070d84/819089723520/tdata/temp_8574369010.session
[2026-03-13T23:30:56+08:00][info] 返回:{"status":true,"message":"发送完成，成功1个，失败0个[]","data":{"success":[{"group_id":5283535179,"group_link":"https:\/\/t.me\/+o6W8r1Tomb04Y2Q5","type":"chat","message":"发送成功","message_id":1730}],"failed":[],"debug":["处理标识符: https:\/\/t.me\/+o6W8r1Tomb04Y2Q5, 清理后: https:\/\/t.me\/+o6W8r1Tomb04Y2Q5, 识别为链接: True, 识别为数字ID: False"],"warning":""},"api_address":"185.165.170.142:5018"}
[2026-03-13T23:30:56+08:00][info] 消息ID缓存成功: task_id=67, group_id=https://t.me/+o6W8r1Tomb04Y2Q5, msg_index=0, message_id=1730, send_user_id=4273
[2026-03-13T23:30:56+08:00][info] 消息状态标记为已发送: task_id=67, group_id=https://t.me/+o6W8r1Tomb04Y2Q5, msg_index=0
[2026-03-13T23:30:56+08:00][info] 任务 67 将在 87 秒后继续处理下一条消息，索引: 1, 实例ID: task_67_index_1_1773415856.4123
[2026-03-13T23:30:58+08:00][info] 返回:{"status":true,"message":"发送完成，成功1个，失败0个[]","data":{"success":[{"group_id":3895336513,"group_link":"https:\/\/t.me\/twogrqoup","type":"megagroup","message":"发送成功","message_id":8402}],"failed":[],"debug":["处理标识符: https:\/\/t.me\/twogrqoup, 清理后: https:\/\/t.me\/twogrqoup, 识别为链接: True, 识别为数字ID: False","已是群组成员，群组ID: 3895336513"],"warning":""},"api_address":"185.165.170.142:5023"}
[2026-03-13T23:30:58+08:00][info] 消息ID缓存成功: task_id=66, group_id=https://t.me/twogrqoup, msg_index=4, message_id=8402, send_user_id=3471
[2026-03-13T23:30:58+08:00][info] 消息状态标记为已发送: task_id=66, group_id=https://t.me/twogrqoup, msg_index=4
[2026-03-13T23:30:58+08:00][info] 任务 66 将在 26 秒后继续处理下一条消息，索引: 5, 实例ID: task_66_index_5_1773415858.0528
[2026-03-13T23:31:24+08:00][info] 开始处理队列任务: task_id=66, current_index=5
[2026-03-13T23:31:24+08:00][info] 消息缓存初始化完成: task_id=66, groups=https://t.me/twogrqoup
[2026-03-13T23:31:24+08:00][info] 任务 66 第 902 次循环，重置群组 https://t.me/twogrqoup 消息状态
[2026-03-13T23:31:24+08:00][info] 使用当前发送用户 3469 的 session_path/www/wwwroot/tdata.tgbota.top/public/uploads/admin/202602/6997fc3070d84/819056965118/tdata/temp_8418493902.session
[2026-03-13T23:31:29+08:00][info] 返回:{"status":true,"message":"发送完成，成功1个，失败0个[]","data":{"success":[{"group_id":3895336513,"group_link":"https:\/\/t.me\/twogrqoup","type":"megagroup","message":"发送成功","message_id":8403}],"failed":[],"debug":["处理标识符: https:\/\/t.me\/twogrqoup, 清理后: https:\/\/t.me\/twogrqoup, 识别为链接: True, 识别为数字ID: False","已是群组成员，群组ID: 3895336513"],"warning":""},"api_address":"185.165.170.142:5062"}
[2026-03-13T23:31:29+08:00][info] 消息ID缓存成功: task_id=66, group_id=https://t.me/twogrqoup, msg_index=5, message_id=8403, send_user_id=3469
[2026-03-13T23:31:29+08:00][info] 消息状态标记为已发送: task_id=66, group_id=https://t.me/twogrqoup, msg_index=5
[2026-03-13T23:31:29+08:00][info] 任务 66 将在 27 秒后继续处理下一条消息，索引: 6, 实例ID: task_66_index_6_1773415889.7751
[2026-03-13T23:31:41+08:00][info] 开始处理队列任务: task_id=69, current_index=1131
[2026-03-13T23:31:41+08:00][info] 使用消息配置中指定的用户 4246 的 session_path/www/wwwroot/tdata.tgbota.top/public/uploads/admin/202603/69b10fe00169d/13525689778/tdata/temp_8298330802.session
[2026-03-13T23:31:48+08:00][info] 返回:{"status":true,"message":"发送完成，成功1个，失败0个[]","data":{"success":[{"group_id":5072487869,"group_link":"https:\/\/t.me\/+9ZnJ_gHIFV41NzFh","type":"chat","message":"发送成功","message_id":1139}],"failed":[],"debug":["处理标识符: https:\/\/t.me\/+9ZnJ_gHIFV41NzFh, 清理后: https:\/\/t.me\/+9ZnJ_gHIFV41NzFh, 识别为链接: True, 识别为数字ID: False"],"warning":""},"api_address":"185.165.170.142:5031"}
[2026-03-13T23:31:48+08:00][info] 消息ID缓存成功: task_id=69, group_id=https://t.me/+9ZnJ_gHIFV41NzFh, msg_index=1131, message_id=1139, send_user_id=4246
[2026-03-13T23:31:48+08:00][info] 消息状态标记为已发送: task_id=69, group_id=https://t.me/+9ZnJ_gHIFV41NzFh, msg_index=1131
[2026-03-13T23:31:48+08:00][info] 任务 69 将在 130 秒后继续处理下一条消息，索引: 1132, 实例ID: task_69_index_1132_1773415908.314
[2026-03-13T23:31:56+08:00][info] 开始处理队列任务: task_id=66, current_index=6
[2026-03-13T23:31:56+08:00][info] 消息缓存初始化完成: task_id=66, groups=https://t.me/twogrqoup
[2026-03-13T23:31:56+08:00][info] 任务 66 第 902 次循环，重置群组 https://t.me/twogrqoup 消息状态
[2026-03-13T23:31:56+08:00][info] 使用当前发送用户 3471 的 session_path/www/wwwroot/tdata.tgbota.top/public/uploads/admin/202602/6997fc3070d84/819089723520/tdata/temp_8574369010.session
[2026-03-13T23:32:03+08:00][info] 返回:{"status":true,"message":"发送完成，成功1个，失败0个[]","data":{"success":[{"group_id":3895336513,"group_link":"https:\/\/t.me\/twogrqoup","type":"megagroup","message":"发送成功","message_id":8404}],"failed":[],"debug":["处理标识符: https:\/\/t.me\/twogrqoup, 清理后: https:\/\/t.me\/twogrqoup, 识别为链接: True, 识别为数字ID: False","已是群组成员，群组ID: 3895336513"],"warning":""},"api_address":"185.165.170.142:5023"}
[2026-03-13T23:32:03+08:00][info] 消息ID缓存成功: task_id=66, group_id=https://t.me/twogrqoup, msg_index=6, message_id=8404, send_user_id=3471
[2026-03-13T23:32:03+08:00][info] 消息状态标记为已发送: task_id=66, group_id=https://t.me/twogrqoup, msg_index=6
[2026-03-13T23:32:03+08:00][info] 任务 66 将在 13 秒后继续处理下一条消息，索引: 7, 实例ID: task_66_index_7_1773415923.1076
[2026-03-13T23:32:12+08:00][info] 开始处理队列任务: task_id=68, current_index=1
[2026-03-13T23:32:12+08:00][info] 使用当前发送用户 4273 的 session_path/www/wwwroot/tdata.tgbota.top/public/uploads/admin/202603/69b10fe00169d/13632173432/tdata/temp_8139239544.session
[2026-03-13T23:32:16+08:00][info] 开始处理队列任务: task_id=66, current_index=7
[2026-03-13T23:32:16+08:00][info] 消息缓存初始化完成: task_id=66, groups=https://t.me/twogrqoup
[2026-03-13T23:32:16+08:00][info] 任务 66 第 902 次循环，重置群组 https://t.me/twogrqoup 消息状态
[2026-03-13T23:32:16+08:00][info] 使用当前发送用户 3471 的 session_path/www/wwwroot/tdata.tgbota.top/public/uploads/admin/202602/6997fc3070d84/819089723520/tdata/temp_8574369010.session
[2026-03-13T23:32:18+08:00][info] 返回:{"status":true,"message":"发送完成，成功1个，失败0个[]","data":{"success":[{"group_id":5288642383,"group_link":"https:\/\/t.me\/+Ro19Ihqy-nRmZTMx","type":"chat","message":"发送成功","message_id":1731}],"failed":[],"debug":["处理标识符: https:\/\/t.me\/+Ro19Ihqy-nRmZTMx, 清理后: https:\/\/t.me\/+Ro19Ihqy-nRmZTMx, 识别为链接: True, 识别为数字ID: False"],"warning":""},"api_address":"185.165.170.142:5018"}
[2026-03-13T23:32:18+08:00][info] 消息ID缓存成功: task_id=68, group_id=https://t.me/+Ro19Ihqy-nRmZTMx, msg_index=1, message_id=1731, send_user_id=4273
[2026-03-13T23:32:18+08:00][info] 消息状态标记为已发送: task_id=68, group_id=https://t.me/+Ro19Ihqy-nRmZTMx, msg_index=1
[2026-03-13T23:32:18+08:00][info] 任务 68 将在 100 秒后继续处理下一条消息，索引: 2, 实例ID: task_68_index_2_1773415938.4968
[2026-03-13T23:32:23+08:00][info] 返回:{"status":true,"message":"发送完成，成功1个，失败0个[]","data":{"success":[{"group_id":3895336513,"group_link":"https:\/\/t.me\/twogrqoup","type":"megagroup","message":"发送成功","message_id":8405}],"failed":[],"debug":["处理标识符: https:\/\/t.me\/twogrqoup, 清理后: https:\/\/t.me\/twogrqoup, 识别为链接: True, 识别为数字ID: False","已是群组成员，群组ID: 3895336513"],"warning":""},"api_address":"185.165.170.142:5023"}
[2026-03-13T23:32:23+08:00][info] 消息ID缓存成功: task_id=66, group_id=https://t.me/twogrqoup, msg_index=7, message_id=8405, send_user_id=3471
[2026-03-13T23:32:23+08:00][info] 消息状态标记为已发送: task_id=66, group_id=https://t.me/twogrqoup, msg_index=7
[2026-03-13T23:32:23+08:00][info] 任务 66 将在 26 秒后继续处理下一条消息，索引: 8, 实例ID: task_66_index_8_1773415943.14
[2026-03-13T23:32:23+08:00][info] 开始处理队列任务: task_id=67, current_index=1
[2026-03-13T23:32:23+08:00][info] 使用当前发送用户 4273 的 session_path/www/wwwroot/tdata.tgbota.top/public/uploads/admin/202603/69b10fe00169d/13632173432/tdata/temp_8139239544.session
[2026-03-13T23:32:27+08:00][info] 返回:{"status":true,"message":"发送完成，成功1个，失败0个[]","data":{"success":[{"group_id":5283535179,"group_link":"https:\/\/t.me\/+o6W8r1Tomb04Y2Q5","type":"chat","message":"发送成功","message_id":1732}],"failed":[],"debug":["处理标识符: https:\/\/t.me\/+o6W8r1Tomb04Y2Q5, 清理后: https:\/\/t.me\/+o6W8r1Tomb04Y2Q5, 识别为链接: True, 识别为数字ID: False"],"warning":""},"api_address":"185.165.170.142:5018"}
[2026-03-13T23:32:27+08:00][info] 消息ID缓存成功: task_id=67, group_id=https://t.me/+o6W8r1Tomb04Y2Q5, msg_index=1, message_id=1732, send_user_id=4273
[2026-03-13T23:32:27+08:00][info] 消息状态标记为已发送: task_id=67, group_id=https://t.me/+o6W8r1Tomb04Y2Q5, msg_index=1
[2026-03-13T23:32:27+08:00][info] 任务 67 将在 100 秒后继续处理下一条消息，索引: 2, 实例ID: task_67_index_2_1773415947.1153
[2026-03-13T23:32:49+08:00][info] 开始处理队列任务: task_id=66, current_index=8
[2026-03-13T23:32:49+08:00][info] 消息缓存初始化完成: task_id=66, groups=https://t.me/twogrqoup
[2026-03-13T23:32:49+08:00][info] 任务 66 第 902 次循环，重置群组 https://t.me/twogrqoup 消息状态
[2026-03-13T23:32:49+08:00][info] 使用当前发送用户 3469 的 session_path/www/wwwroot/tdata.tgbota.top/public/uploads/admin/202602/6997fc3070d84/819056965118/tdata/temp_8418493902.session
[2026-03-13T23:32:56+08:00][info] 返回:{"status":true,"message":"发送完成，成功1个，失败0个[]","data":{"success":[{"group_id":3895336513,"group_link":"https:\/\/t.me\/twogrqoup","type":"megagroup","message":"发送成功","message_id":8406}],"failed":[],"debug":["处理标识符: https:\/\/t.me\/twogrqoup, 清理后: https:\/\/t.me\/twogrqoup, 识别为链接: True, 识别为数字ID: False","已是群组成员，群组ID: 3895336513"],"warning":""},"api_address":"185.165.170.142:5062"}
[2026-03-13T23:32:56+08:00][info] 消息ID缓存成功: task_id=66, group_id=https://t.me/twogrqoup, msg_index=8, message_id=8406, send_user_id=3469
[2026-03-13T23:32:56+08:00][info] 消息状态标记为已发送: task_id=66, group_id=https://t.me/twogrqoup, msg_index=8
[2026-03-13T23:32:56+08:00][info] 任务 66 将在 30 秒后继续处理下一条消息，索引: 9, 实例ID: task_66_index_9_1773415976.9044
[2026-03-13T23:33:26+08:00][info] 开始处理队列任务: task_id=66, current_index=9
[2026-03-13T23:33:26+08:00][info] 消息缓存初始化完成: task_id=66, groups=https://t.me/twogrqoup
[2026-03-13T23:33:26+08:00][info] 任务 66 第 902 次循环，重置群组 https://t.me/twogrqoup 消息状态
[2026-03-13T23:33:26+08:00][info] 任务 66 第 902 轮完成，准备进行第 903 轮
[2026-03-13T23:33:26+08:00][info] 任务 66 即将为下一轮重新入队，延迟 5 秒，从索引 0 开始
[2026-03-13T23:33:32+08:00][info] 开始处理队列任务: task_id=66, current_index=0
[2026-03-13T23:33:32+08:00][info] 消息缓存初始化完成: task_id=66, groups=https://t.me/twogrqoup
[2026-03-13T23:33:32+08:00][info] 任务 66 第 903 次循环，重置群组 https://t.me/twogrqoup 消息状态
[2026-03-13T23:33:32+08:00][info] 使用当前发送用户 3469 的 session_path/www/wwwroot/tdata.tgbota.top/public/uploads/admin/202602/6997fc3070d84/819056965118/tdata/temp_8418493902.session
[2026-03-13T23:33:40+08:00][info] 返回:{"status":true,"message":"发送完成，成功1个，失败0个[]","data":{"success":[{"group_id":3895336513,"group_link":"https:\/\/t.me\/twogrqoup","type":"megagroup","message":"发送成功","message_id":8407}],"failed":[],"debug":["处理标识符: https:\/\/t.me\/twogrqoup, 清理后: https:\/\/t.me\/twogrqoup, 识别为链接: True, 识别为数字ID: False","已是群组成员，群组ID: 3895336513"],"warning":""},"api_address":"185.165.170.142:5062"}
[2026-03-13T23:33:40+08:00][info] 消息ID缓存成功: task_id=66, group_id=https://t.me/twogrqoup, msg_index=0, message_id=8407, send_user_id=3469
[2026-03-13T23:33:40+08:00][info] 消息状态标记为已发送: task_id=66, group_id=https://t.me/twogrqoup, msg_index=0
[2026-03-13T23:33:40+08:00][info] 任务 66 将在 15 秒后继续处理下一条消息，索引: 1, 实例ID: task_66_index_1_1773416020.9785
[2026-03-13T23:33:55+08:00][info] 开始处理队列任务: task_id=66, current_index=1
[2026-03-13T23:33:56+08:00][info] 消息缓存初始化完成: task_id=66, groups=https://t.me/twogrqoup
[2026-03-13T23:33:56+08:00][info] 任务 66 第 903 次循环，重置群组 https://t.me/twogrqoup 消息状态
[2026-03-13T23:33:56+08:00][info] 使用当前发送用户 3472 的 session_path/www/wwwroot/tdata.tgbota.top/public/uploads/admin/202602/6997fc3070d84/819050054287/tdata/temp_8308580822.session
[2026-03-13T23:33:59+08:00][info] 开始处理队列任务: task_id=68, current_index=2
[2026-03-13T23:33:59+08:00][info] 使用消息配置中指定的用户 4272 的 session_path/www/wwwroot/tdata.tgbota.top/public/uploads/admin/202603/69b10fe00169d/13412478417/tdata/temp_8436050610.session
[2026-03-13T23:34:00+08:00][info] 开始处理队列任务: task_id=69, current_index=1132
[2026-03-13T23:34:00+08:00][info] 使用当前发送用户 4239 的 session_path/www/wwwroot/tdata.tgbota.top/public/uploads/admin/202603/69b10fe00169d/13376377324/tdata/temp_8582856958.session
[2026-03-13T23:34:03+08:00][info] 返回:{"status":true,"message":"发送完成，成功1个，失败0个[]","data":{"success":[{"group_id":3895336513,"group_link":"https:\/\/t.me\/twogrqoup","type":"megagroup","message":"发送成功","message_id":8408}],"failed":[],"debug":["处理标识符: https:\/\/t.me\/twogrqoup, 清理后: https:\/\/t.me\/twogrqoup, 识别为链接: True, 识别为数字ID: False","已是群组成员，群组ID: 3895336513"],"warning":""},"api_address":"185.165.170.142:5042"}
[2026-03-13T23:34:03+08:00][info] 消息ID缓存成功: task_id=66, group_id=https://t.me/twogrqoup, msg_index=1, message_id=8408, send_user_id=3472
[2026-03-13T23:34:03+08:00][info] 消息状态标记为已发送: task_id=66, group_id=https://t.me/twogrqoup, msg_index=1
[2026-03-13T23:34:03+08:00][info] 任务 66 将在 30 秒后继续处理下一条消息，索引: 2, 实例ID: task_66_index_2_1773416043.2862
[2026-03-13T23:34:05+08:00][info] 返回:{"status":true,"message":"发送完成，成功1个，失败0个[]","data":{"success":[{"group_id":5288642383,"group_link":"https:\/\/t.me\/+Ro19Ihqy-nRmZTMx","type":"chat","message":"发送成功","message_id":1727}],"failed":[],"debug":["处理标识符: https:\/\/t.me\/+Ro19Ihqy-nRmZTMx, 清理后: https:\/\/t.me\/+Ro19Ihqy-nRmZTMx, 识别为链接: True, 识别为数字ID: False"],"warning":""},"api_address":"185.165.170.142:5017"}
[2026-03-13T23:34:05+08:00][info] 消息ID缓存成功: task_id=68, group_id=https://t.me/+Ro19Ihqy-nRmZTMx, msg_index=2, message_id=1727, send_user_id=4272
[2026-03-13T23:34:05+08:00][info] 消息状态标记为已发送: task_id=68, group_id=https://t.me/+Ro19Ihqy-nRmZTMx, msg_index=2
[2026-03-13T23:34:05+08:00][info] 任务 68 将在 80 秒后继续处理下一条消息，索引: 3, 实例ID: task_68_index_3_1773416045.2323
[2026-03-13T23:34:06+08:00][info] 返回:{"status":true,"message":"发送完成，成功1个，失败0个[]","data":{"success":[{"group_id":5072487869,"group_link":"https:\/\/t.me\/+9ZnJ_gHIFV41NzFh","type":"chat","message":"发送成功","message_id":1122}],"failed":[],"debug":["处理标识符: https:\/\/t.me\/+9ZnJ_gHIFV41NzFh, 清理后: https:\/\/t.me\/+9ZnJ_gHIFV41NzFh, 识别为链接: True, 识别为数字ID: False"],"warning":""},"api_address":"185.165.170.142:5024"}
[2026-03-13T23:34:06+08:00][info] 消息ID缓存成功: task_id=69, group_id=https://t.me/+9ZnJ_gHIFV41NzFh, msg_index=1132, message_id=1122, send_user_id=4239
[2026-03-13T23:34:06+08:00][info] 消息状态标记为已发送: task_id=69, group_id=https://t.me/+9ZnJ_gHIFV41NzFh, msg_index=1132
[2026-03-13T23:34:06+08:00][info] 任务 69 将在 98 秒后继续处理下一条消息，索引: 1133, 实例ID: task_69_index_1133_1773416046.8489
[2026-03-13T23:34:08+08:00][info] 开始处理队列任务: task_id=67, current_index=2
[2026-03-13T23:34:08+08:00][info] 使用消息配置中指定的用户 4272 的 session_path/www/wwwroot/tdata.tgbota.top/public/uploads/admin/202603/69b10fe00169d/13412478417/tdata/temp_8436050610.session
[2026-03-13T23:34:12+08:00][info] 返回:{"status":true,"message":"发送完成，成功1个，失败0个[]","data":{"success":[{"group_id":5283535179,"group_link":"https:\/\/t.me\/+o6W8r1Tomb04Y2Q5","type":"chat","message":"发送成功","message_id":1728}],"failed":[],"debug":["处理标识符: https:\/\/t.me\/+o6W8r1Tomb04Y2Q5, 清理后: https:\/\/t.me\/+o6W8r1Tomb04Y2Q5, 识别为链接: True, 识别为数字ID: False"],"warning":""},"api_address":"185.165.170.142:5017"}
[2026-03-13T23:34:12+08:00][info] 消息ID缓存成功: task_id=67, group_id=https://t.me/+o6W8r1Tomb04Y2Q5, msg_index=2, message_id=1728, send_user_id=4272
[2026-03-13T23:34:12+08:00][info] 消息状态标记为已发送: task_id=67, group_id=https://t.me/+o6W8r1Tomb04Y2Q5, msg_index=2
[2026-03-13T23:34:12+08:00][info] 任务 67 将在 80 秒后继续处理下一条消息，索引: 3, 实例ID: task_67_index_3_1773416052.5105
[2026-03-13T23:34:33+08:00][info] 开始处理队列任务: task_id=66, current_index=2
[2026-03-13T23:34:33+08:00][info] 消息缓存初始化完成: task_id=66, groups=https://t.me/twogrqoup
[2026-03-13T23:34:33+08:00][info] 任务 66 第 903 次循环，重置群组 https://t.me/twogrqoup 消息状态
[2026-03-13T23:34:33+08:00][info] 使用当前发送用户 3473 的 session_path/www/wwwroot/tdata.tgbota.top/public/uploads/admin/202602/6997fc3070d84/819054626431/tdata/temp_8503359249.session
[2026-03-13T23:34:39+08:00][info] 返回:{"status":true,"message":"发送完成，成功1个，失败0个[]","data":{"success":[{"group_id":3895336513,"group_link":"https:\/\/t.me\/twogrqoup","type":"megagroup","message":"发送成功","message_id":8409}],"failed":[],"debug":["处理标识符: https:\/\/t.me\/twogrqoup, 清理后: https:\/\/t.me\/twogrqoup, 识别为链接: True, 识别为数字ID: False","已是群组成员，群组ID: 3895336513"],"warning":""},"api_address":"185.165.170.142:5043"}
[2026-03-13T23:34:39+08:00][info] 消息ID缓存成功: task_id=66, group_id=https://t.me/twogrqoup, msg_index=2, message_id=8409, send_user_id=3473
[2026-03-13T23:34:39+08:00][info] 消息状态标记为已发送: task_id=66, group_id=https://t.me/twogrqoup, msg_index=2
[2026-03-13T23:34:39+08:00][info] 任务 66 将在 45 秒后继续处理下一条消息，索引: 3, 实例ID: task_66_index_3_1773416079.7698
[2026-03-13T23:35:24+08:00][info] 开始处理队列任务: task_id=66, current_index=3
[2026-03-13T23:35:24+08:00][info] 消息缓存初始化完成: task_id=66, groups=https://t.me/twogrqoup
[2026-03-13T23:35:24+08:00][info] 任务 66 第 903 次循环，重置群组 https://t.me/twogrqoup 消息状态
[2026-03-13T23:35:24+08:00][info] 使用当前发送用户 3469 的 session_path/www/wwwroot/tdata.tgbota.top/public/uploads/admin/202602/6997fc3070d84/819056965118/tdata/temp_8418493902.session
[2026-03-13T23:35:25+08:00][info] 开始处理队列任务: task_id=68, current_index=3
[2026-03-13T23:35:25+08:00][info] 使用feedbackType=1的消息ID: 1729
[2026-03-13T23:35:25+08:00][info] 使用消息配置中指定的用户 4271 的 session_path/www/wwwroot/tdata.tgbota.top/public/uploads/admin/202603/69b10fe00169d/13632168274/tdata/temp_8130378291.session
[2026-03-13T23:35:31+08:00][info] 返回:{"status":true,"message":"发送完成，成功1个，失败0个[]","data":{"success":[{"group_id":3895336513,"group_link":"https:\/\/t.me\/twogrqoup","type":"megagroup","message":"发送成功","message_id":8410}],"failed":[],"debug":["处理标识符: https:\/\/t.me\/twogrqoup, 清理后: https:\/\/t.me\/twogrqoup, 识别为链接: True, 识别为数字ID: False","已是群组成员，群组ID: 3895336513"],"warning":""},"api_address":"185.165.170.142:5062"}
[2026-03-13T23:35:31+08:00][info] 消息ID缓存成功: task_id=66, group_id=https://t.me/twogrqoup, msg_index=3, message_id=8410, send_user_id=3469
[2026-03-13T23:35:31+08:00][info] 消息状态标记为已发送: task_id=66, group_id=https://t.me/twogrqoup, msg_index=3
[2026-03-13T23:35:31+08:00][info] 任务 66 将在 20 秒后继续处理下一条消息，索引: 4, 实例ID: task_66_index_4_1773416131.126
[2026-03-13T23:35:32+08:00][info] 返回:{"status":true,"message":"发送完成，成功1个，失败0个[]","data":{"success":[{"group_id":5288642383,"group_link":"https:\/\/t.me\/+Ro19Ihqy-nRmZTMx","type":"chat","message":"发送成功","message_id":1725}],"failed":[],"debug":["处理标识符: https:\/\/t.me\/+Ro19Ihqy-nRmZTMx, 清理后: https:\/\/t.me\/+Ro19Ihqy-nRmZTMx, 识别为链接: True, 识别为数字ID: False"],"warning":""},"api_address":"185.165.170.142:5016"}
[2026-03-13T23:35:32+08:00][info] 消息ID缓存成功: task_id=68, group_id=https://t.me/+Ro19Ihqy-nRmZTMx, msg_index=3, message_id=1725, send_user_id=4271
[2026-03-13T23:35:32+08:00][info] 消息状态标记为已发送: task_id=68, group_id=https://t.me/+Ro19Ihqy-nRmZTMx, msg_index=3
[2026-03-13T23:35:32+08:00][info] 任务 68 将在 105 秒后继续处理下一条消息，索引: 4, 实例ID: task_68_index_4_1773416132.1663
[2026-03-13T23:35:32+08:00][info] 开始处理队列任务: task_id=67, current_index=3
[2026-03-13T23:35:32+08:00][info] 使用feedbackType=1的消息ID: 1730
[2026-03-13T23:35:32+08:00][info] 使用消息配置中指定的用户 4271 的 session_path/www/wwwroot/tdata.tgbota.top/public/uploads/admin/202603/69b10fe00169d/13632168274/tdata/temp_8130378291.session
[2026-03-13T23:35:37+08:00][info] 返回:{"status":true,"message":"发送完成，成功1个，失败0个[]","data":{"success":[{"group_id":5283535179,"group_link":"https:\/\/t.me\/+o6W8r1Tomb04Y2Q5","type":"chat","message":"发送成功","message_id":1726}],"failed":[],"debug":["处理标识符: https:\/\/t.me\/+o6W8r1Tomb04Y2Q5, 清理后: https:\/\/t.me\/+o6W8r1Tomb04Y2Q5, 识别为链接: True, 识别为数字ID: False"],"warning":""},"api_address":"185.165.170.142:5016"}
[2026-03-13T23:35:37+08:00][info] 消息ID缓存成功: task_id=67, group_id=https://t.me/+o6W8r1Tomb04Y2Q5, msg_index=3, message_id=1726, send_user_id=4271
[2026-03-13T23:35:37+08:00][info] 消息状态标记为已发送: task_id=67, group_id=https://t.me/+o6W8r1Tomb04Y2Q5, msg_index=3
[2026-03-13T23:35:37+08:00][info] 任务 67 将在 105 秒后继续处理下一条消息，索引: 4, 实例ID: task_67_index_4_1773416137.9092
[2026-03-13T23:35:45+08:00][info] 开始处理队列任务: task_id=69, current_index=1133
[2026-03-13T23:35:45+08:00][info] 使用消息配置中指定的用户 4251 的 session_path/www/wwwroot/tdata.tgbota.top/public/uploads/admin/202603/69b10fe00169d/13412475078/tdata/temp_8525124544.session
[2026-03-13T23:35:51+08:00][info] 开始处理队列任务: task_id=66, current_index=4
[2026-03-13T23:35:51+08:00][info] 消息缓存初始化完成: task_id=66, groups=https://t.me/twogrqoup
[2026-03-13T23:35:51+08:00][info] 任务 66 第 903 次循环，重置群组 https://t.me/twogrqoup 消息状态
[2026-03-13T23:35:51+08:00][info] 使用当前发送用户 3471 的 session_path/www/wwwroot/tdata.tgbota.top/public/uploads/admin/202602/6997fc3070d84/819089723520/tdata/temp_8574369010.session
[2026-03-13T23:35:52+08:00][info] 返回:{"status":true,"message":"发送完成，成功1个，失败0个[]","data":{"success":[{"group_id":5072487869,"group_link":"https:\/\/t.me\/+9ZnJ_gHIFV41NzFh","type":"chat","message":"发送成功","message_id":1152}],"failed":[],"debug":["处理标识符: https:\/\/t.me\/+9ZnJ_gHIFV41NzFh, 清理后: https:\/\/t.me\/+9ZnJ_gHIFV41NzFh, 识别为链接: True, 识别为数字ID: False"],"warning":""},"api_address":"185.165.170.142:5036"}
[2026-03-13T23:35:52+08:00][info] 消息ID缓存成功: task_id=69, group_id=https://t.me/+9ZnJ_gHIFV41NzFh, msg_index=1133, message_id=1152, send_user_id=4251
[2026-03-13T23:35:52+08:00][info] 消息状态标记为已发送: task_id=69, group_id=https://t.me/+9ZnJ_gHIFV41NzFh, msg_index=1133
[2026-03-13T23:35:52+08:00][info] 任务 69 将在 103 秒后继续处理下一条消息，索引: 1134, 实例ID: task_69_index_1134_1773416152.1247
[2026-03-13T23:35:57+08:00][info] 返回:{"status":true,"message":"发送完成，成功1个，失败0个[]","data":{"success":[{"group_id":3895336513,"group_link":"https:\/\/t.me\/twogrqoup","type":"megagroup","message":"发送成功","message_id":8411}],"failed":[],"debug":["处理标识符: https:\/\/t.me\/twogrqoup, 清理后: https:\/\/t.me\/twogrqoup, 识别为链接: True, 识别为数字ID: False","已是群组成员，群组ID: 3895336513"],"warning":""},"api_address":"185.165.170.142:5023"}
[2026-03-13T23:35:57+08:00][info] 消息ID缓存成功: task_id=66, group_id=https://t.me/twogrqoup, msg_index=4, message_id=8411, send_user_id=3471
[2026-03-13T23:35:57+08:00][info] 消息状态标记为已发送: task_id=66, group_id=https://t.me/twogrqoup, msg_index=4
[2026-03-13T23:35:57+08:00][info] 任务 66 将在 26 秒后继续处理下一条消息，索引: 5, 实例ID: task_66_index_5_1773416157.9047
[2026-03-13T23:36:24+08:00][info] 开始处理队列任务: task_id=66, current_index=5
[2026-03-13T23:36:24+08:00][info] 消息缓存初始化完成: task_id=66, groups=https://t.me/twogrqoup
[2026-03-13T23:36:24+08:00][info] 任务 66 第 903 次循环，重置群组 https://t.me/twogrqoup 消息状态
[2026-03-13T23:36:24+08:00][info] 使用当前发送用户 3469 的 session_path/www/wwwroot/tdata.tgbota.top/public/uploads/admin/202602/6997fc3070d84/819056965118/tdata/temp_8418493902.session
[2026-03-13T23:36:31+08:00][info] 返回:{"status":true,"message":"发送完成，成功1个，失败0个[]","data":{"success":[{"group_id":3895336513,"group_link":"https:\/\/t.me\/twogrqoup","type":"megagroup","message":"发送成功","message_id":8412}],"failed":[],"debug":["处理标识符: https:\/\/t.me\/twogrqoup, 清理后: https:\/\/t.me\/twogrqoup, 识别为链接: True, 识别为数字ID: False","已是群组成员，群组ID: 3895336513"],"warning":""},"api_address":"185.165.170.142:5062"}
[2026-03-13T23:36:31+08:00][info] 消息ID缓存成功: task_id=66, group_id=https://t.me/twogrqoup, msg_index=5, message_id=8412, send_user_id=3469
[2026-03-13T23:36:31+08:00][info] 消息状态标记为已发送: task_id=66, group_id=https://t.me/twogrqoup, msg_index=5
[2026-03-13T23:36:31+08:00][info] 任务 66 将在 27 秒后继续处理下一条消息，索引: 6, 实例ID: task_66_index_6_1773416191.7166
[2026-03-13T23:36:58+08:00][info] 开始处理队列任务: task_id=66, current_index=6
[2026-03-13T23:36:58+08:00][info] 消息缓存初始化完成: task_id=66, groups=https://t.me/twogrqoup
[2026-03-13T23:36:58+08:00][info] 任务 66 第 903 次循环，重置群组 https://t.me/twogrqoup 消息状态
[2026-03-13T23:36:58+08:00][info] 使用当前发送用户 3471 的 session_path/www/wwwroot/tdata.tgbota.top/public/uploads/admin/202602/6997fc3070d84/819089723520/tdata/temp_8574369010.session
[2026-03-13T23:37:05+08:00][info] 返回:{"status":true,"message":"发送完成，成功1个，失败0个[]","data":{"success":[{"group_id":3895336513,"group_link":"https:\/\/t.me\/twogrqoup","type":"megagroup","message":"发送成功","message_id":8413}],"failed":[],"debug":["处理标识符: https:\/\/t.me\/twogrqoup, 清理后: https:\/\/t.me\/twogrqoup, 识别为链接: True, 识别为数字ID: False","已是群组成员，群组ID: 3895336513"],"warning":""},"api_address":"185.165.170.142:5023"}
[2026-03-13T23:37:05+08:00][info] 消息ID缓存成功: task_id=66, group_id=https://t.me/twogrqoup, msg_index=6, message_id=8413, send_user_id=3471
[2026-03-13T23:37:05+08:00][info] 消息状态标记为已发送: task_id=66, group_id=https://t.me/twogrqoup, msg_index=6
[2026-03-13T23:37:05+08:00][info] 任务 66 将在 13 秒后继续处理下一条消息，索引: 7, 实例ID: task_66_index_7_1773416225.5895
[2026-03-13T23:37:17+08:00][info] 开始处理队列任务: task_id=68, current_index=4
[2026-03-13T23:37:17+08:00][info] 使用消息配置中指定的用户 4271 的 session_path/www/wwwroot/tdata.tgbota.top/public/uploads/admin/202603/69b10fe00169d/13632168274/tdata/temp_8130378291.session
[2026-03-13T23:37:18+08:00][info] 开始处理队列任务: task_id=66, current_index=7
[2026-03-13T23:37:18+08:00][info] 消息缓存初始化完成: task_id=66, groups=https://t.me/twogrqoup
[2026-03-13T23:37:18+08:00][info] 任务 66 第 903 次循环，重置群组 https://t.me/twogrqoup 消息状态
[2026-03-13T23:37:18+08:00][info] 使用当前发送用户 3471 的 session_path/www/wwwroot/tdata.tgbota.top/public/uploads/admin/202602/6997fc3070d84/819089723520/tdata/temp_8574369010.session
[2026-03-13T23:37:22+08:00][info] 开始处理队列任务: task_id=67, current_index=4
[2026-03-13T23:37:22+08:00][info] 使用消息配置中指定的用户 4271 的 session_path/www/wwwroot/tdata.tgbota.top/public/uploads/admin/202603/69b10fe00169d/13632168274/tdata/temp_8130378291.session
[2026-03-13T23:37:22+08:00][info] 返回:{"status":true,"message":"发送完成，成功1个，失败0个[]","data":{"success":[{"group_id":5288642383,"group_link":"https:\/\/t.me\/+Ro19Ihqy-nRmZTMx","type":"chat","message":"发送成功","message_id":1727}],"failed":[],"debug":["处理标识符: https:\/\/t.me\/+Ro19Ihqy-nRmZTMx, 清理后: https:\/\/t.me\/+Ro19Ihqy-nRmZTMx, 识别为链接: True, 识别为数字ID: False"],"warning":""},"api_address":"185.165.170.142:5016"}
[2026-03-13T23:37:22+08:00][info] 消息ID缓存成功: task_id=68, group_id=https://t.me/+Ro19Ihqy-nRmZTMx, msg_index=4, message_id=1727, send_user_id=4271
[2026-03-13T23:37:22+08:00][info] 消息状态标记为已发送: task_id=68, group_id=https://t.me/+Ro19Ihqy-nRmZTMx, msg_index=4
[2026-03-13T23:37:22+08:00][info] 任务 68 将在 110 秒后继续处理下一条消息，索引: 5, 实例ID: task_68_index_5_1773416242.2748
[2026-03-13T23:37:24+08:00][info] 返回:{"status":true,"message":"发送完成，成功1个，失败0个[]","data":{"success":[{"group_id":3895336513,"group_link":"https:\/\/t.me\/twogrqoup","type":"megagroup","message":"发送成功","message_id":8414}],"failed":[],"debug":["处理标识符: https:\/\/t.me\/twogrqoup, 清理后: https:\/\/t.me\/twogrqoup, 识别为链接: True, 识别为数字ID: False","已是群组成员，群组ID: 3895336513"],"warning":""},"api_address":"185.165.170.142:5023"}
[2026-03-13T23:37:24+08:00][info] 消息ID缓存成功: task_id=66, group_id=https://t.me/twogrqoup, msg_index=7, message_id=8414, send_user_id=3471
[2026-03-13T23:37:24+08:00][info] 消息状态标记为已发送: task_id=66, group_id=https://t.me/twogrqoup, msg_index=7
[2026-03-13T23:37:24+08:00][info] 任务 66 将在 26 秒后继续处理下一条消息，索引: 8, 实例ID: task_66_index_8_1773416244.1638
[2026-03-13T23:37:26+08:00][info] 使用当前发送用户 4271 的 session_path/www/wwwroot/tdata.tgbota.top/public/uploads/admin/202603/69b10fe00169d/13632168274/tdata/temp_8130378291.session
[2026-03-13T23:37:30+08:00][info] 返回:{"status":true,"message":"发送完成，成功1个，失败0个[]","data":{"success":[{"group_id":5283535179,"group_link":"https:\/\/t.me\/+o6W8r1Tomb04Y2Q5","type":"chat","message":"发送成功","message_id":1728}],"failed":[],"debug":["处理标识符: https:\/\/t.me\/+o6W8r1Tomb04Y2Q5, 清理后: https:\/\/t.me\/+o6W8r1Tomb04Y2Q5, 识别为链接: True, 识别为数字ID: False"],"warning":""},"api_address":"185.165.170.142:5016"}
[2026-03-13T23:37:30+08:00][info] 消息ID缓存成功: task_id=67, group_id=https://t.me/+o6W8r1Tomb04Y2Q5, msg_index=4, message_id=1728, send_user_id=4271
[2026-03-13T23:37:30+08:00][info] 消息状态标记为已发送: task_id=67, group_id=https://t.me/+o6W8r1Tomb04Y2Q5, msg_index=4
[2026-03-13T23:37:30+08:00][info] 任务 67 将在 110 秒后继续处理下一条消息，索引: 5, 实例ID: task_67_index_5_1773416250.0631
[2026-03-13T23:37:36+08:00][info] 开始处理队列任务: task_id=69, current_index=1134
[2026-03-13T23:37:36+08:00][info] 从数据库获取用户 4240 的 session_path
[2026-03-13T23:37:41+08:00][info] 返回:{"status":true,"message":"发送完成，成功1个，失败0个[]","data":{"success":[{"group_id":5072487869,"group_link":"https:\/\/t.me\/+9ZnJ_gHIFV41NzFh","type":"chat","message":"发送成功","message_id":1127}],"failed":[],"debug":["处理标识符: https:\/\/t.me\/+9ZnJ_gHIFV41NzFh, 清理后: https:\/\/t.me\/+9ZnJ_gHIFV41NzFh, 识别为链接: True, 识别为数字ID: False"],"warning":""},"api_address":"185.165.170.142:5025"}
[2026-03-13T23:37:41+08:00][info] 消息ID缓存成功: task_id=69, group_id=https://t.me/+9ZnJ_gHIFV41NzFh, msg_index=1134, message_id=1127, send_user_id=4240
[2026-03-13T23:37:41+08:00][info] 消息状态标记为已发送: task_id=69, group_id=https://t.me/+9ZnJ_gHIFV41NzFh, msg_index=1134
[2026-03-13T23:37:41+08:00][info] 任务 69 将在 80 秒后继续处理下一条消息，索引: 1135, 实例ID: task_69_index_1135_1773416261.4866
[2026-03-13T23:37:50+08:00][info] 开始处理队列任务: task_id=66, current_index=8
[2026-03-13T23:37:50+08:00][info] 消息缓存初始化完成: task_id=66, groups=https://t.me/twogrqoup
[2026-03-13T23:37:50+08:00][info] 任务 66 第 903 次循环，重置群组 https://t.me/twogrqoup 消息状态
[2026-03-13T23:37:50+08:00][info] 使用当前发送用户 3469 的 session_path/www/wwwroot/tdata.tgbota.top/public/uploads/admin/202602/6997fc3070d84/819056965118/tdata/temp_8418493902.session
[2026-03-13T23:37:56+08:00][info] 返回:{"status":true,"message":"发送完成，成功1个，失败0个[]","data":{"success":[{"group_id":3895336513,"group_link":"https:\/\/t.me\/twogrqoup","type":"megagroup","message":"发送成功","message_id":8415}],"failed":[],"debug":["处理标识符: https:\/\/t.me\/twogrqoup, 清理后: https:\/\/t.me\/twogrqoup, 识别为链接: True, 识别为数字ID: False","已是群组成员，群组ID: 3895336513"],"warning":""},"api_address":"185.165.170.142:5062"}
[2026-03-13T23:37:56+08:00][info] 消息ID缓存成功: task_id=66, group_id=https://t.me/twogrqoup, msg_index=8, message_id=8415, send_user_id=3469
[2026-03-13T23:37:56+08:00][info] 消息状态标记为已发送: task_id=66, group_id=https://t.me/twogrqoup, msg_index=8
[2026-03-13T23:37:56+08:00][info] 任务 66 将在 30 秒后继续处理下一条消息，索引: 9, 实例ID: task_66_index_9_1773416276.1467
[2026-03-13T23:38:26+08:00][info] 开始处理队列任务: task_id=66, current_index=9
[2026-03-13T23:38:26+08:00][info] 消息缓存初始化完成: task_id=66, groups=https://t.me/twogrqoup
[2026-03-13T23:38:26+08:00][info] 任务 66 第 903 次循环，重置群组 https://t.me/twogrqoup 消息状态
[2026-03-13T23:38:26+08:00][info] 任务 66 第 903 轮完成，准备进行第 904 轮
[2026-03-13T23:38:26+08:00][info] 任务 66 即将为下一轮重新入队，延迟 5 秒，从索引 0 开始
[2026-03-13T23:38:31+08:00][info] 开始处理队列任务: task_id=66, current_index=0
[2026-03-13T23:38:31+08:00][info] 消息缓存初始化完成: task_id=66, groups=https://t.me/twogrqoup
[2026-03-13T23:38:31+08:00][info] 任务 66 第 904 次循环，重置群组 https://t.me/twogrqoup 消息状态
[2026-03-13T23:38:31+08:00][info] 使用当前发送用户 3469 的 session_path/www/wwwroot/tdata.tgbota.top/public/uploads/admin/202602/6997fc3070d84/819056965118/tdata/temp_8418493902.session
[2026-03-13T23:38:37+08:00][info] 返回:{"status":true,"message":"发送完成，成功1个，失败0个[]","data":{"success":[{"group_id":3895336513,"group_link":"https:\/\/t.me\/twogrqoup","type":"megagroup","message":"发送成功","message_id":8416}],"failed":[],"debug":["处理标识符: https:\/\/t.me\/twogrqoup, 清理后: https:\/\/t.me\/twogrqoup, 识别为链接: True, 识别为数字ID: False","已是群组成员，群组ID: 3895336513"],"warning":""},"api_address":"185.165.170.142:5062"}
[2026-03-13T23:38:37+08:00][info] 消息ID缓存成功: task_id=66, group_id=https://t.me/twogrqoup, msg_index=0, message_id=8416, send_user_id=3469
[2026-03-13T23:38:37+08:00][info] 消息状态标记为已发送: task_id=66, group_id=https://t.me/twogrqoup, msg_index=0
[2026-03-13T23:38:37+08:00][info] 任务 66 将在 15 秒后继续处理下一条消息，索引: 1, 实例ID: task_66_index_1_1773416317.1094
[2026-03-13T23:38:52+08:00][info] 开始处理队列任务: task_id=66, current_index=1
[2026-03-13T23:38:52+08:00][info] 消息缓存初始化完成: task_id=66, groups=https://t.me/twogrqoup
[2026-03-13T23:38:52+08:00][info] 任务 66 第 904 次循环，重置群组 https://t.me/twogrqoup 消息状态
[2026-03-13T23:38:52+08:00][info] 使用当前发送用户 3472 的 session_path/www/wwwroot/tdata.tgbota.top/public/uploads/admin/202602/6997fc3070d84/819050054287/tdata/temp_8308580822.session
[2026-03-13T23:38:58+08:00][info] 返回:{"status":true,"message":"发送完成，成功1个，失败0个[]","data":{"success":[{"group_id":3895336513,"group_link":"https:\/\/t.me\/twogrqoup","type":"megagroup","message":"发送成功","message_id":8417}],"failed":[],"debug":["处理标识符: https:\/\/t.me\/twogrqoup, 清理后: https:\/\/t.me\/twogrqoup, 识别为链接: True, 识别为数字ID: False","已是群组成员，群组ID: 3895336513"],"warning":""},"api_address":"185.165.170.142:5042"}
[2026-03-13T23:38:58+08:00][info] 消息ID缓存成功: task_id=66, group_id=https://t.me/twogrqoup, msg_index=1, message_id=8417, send_user_id=3472
[2026-03-13T23:38:58+08:00][info] 消息状态标记为已发送: task_id=66, group_id=https://t.me/twogrqoup, msg_index=1
[2026-03-13T23:38:58+08:00][info] 任务 66 将在 30 秒后继续处理下一条消息，索引: 2, 实例ID: task_66_index_2_1773416338.4104
[2026-03-13T23:39:01+08:00][info] 开始处理队列任务: task_id=69, current_index=1135
[2026-03-13T23:39:01+08:00][info] 使用消息配置中指定的用户 4240 的 session_path/www/wwwroot/tdata.tgbota.top/public/uploads/admin/202603/69b10fe00169d/13618639920/tdata/temp_8531252785.session
[2026-03-13T23:39:07+08:00][info] 返回:{"status":true,"message":"发送完成，成功1个，失败0个[]","data":{"success":[{"group_id":5072487869,"group_link":"https:\/\/t.me\/+9ZnJ_gHIFV41NzFh","type":"chat","message":"发送成功","message_id":1128}],"failed":[],"debug":["处理标识符: https:\/\/t.me\/+9ZnJ_gHIFV41NzFh, 清理后: https:\/\/t.me\/+9ZnJ_gHIFV41NzFh, 识别为链接: True, 识别为数字ID: False"],"warning":""},"api_address":"185.165.170.142:5025"}
[2026-03-13T23:39:07+08:00][info] 消息ID缓存成功: task_id=69, group_id=https://t.me/+9ZnJ_gHIFV41NzFh, msg_index=1135, message_id=1128, send_user_id=4240
[2026-03-13T23:39:07+08:00][info] 消息状态标记为已发送: task_id=69, group_id=https://t.me/+9ZnJ_gHIFV41NzFh, msg_index=1135
[2026-03-13T23:39:07+08:00][info] 任务 69 将在 100 秒后继续处理下一条消息，索引: 1136, 实例ID: task_69_index_1136_1773416347.0459
[2026-03-13T23:39:12+08:00][info] 开始处理队列任务: task_id=68, current_index=5
[2026-03-13T23:39:12+08:00][info] 使用消息配置中指定的用户 4270 的 session_path/www/wwwroot/tdata.tgbota.top/public/uploads/admin/202603/69b10fe00169d/13507775586/tdata/temp_8279075441.session
[2026-03-13T23:39:17+08:00][info] 返回:{"status":true,"message":"发送完成，成功1个，失败0个[]","data":{"success":[{"group_id":5288642383,"group_link":"https:\/\/t.me\/+Ro19Ihqy-nRmZTMx","type":"chat","message":"发送成功","message_id":1723}],"failed":[],"debug":["处理标识符: https:\/\/t.me\/+Ro19Ihqy-nRmZTMx, 清理后: https:\/\/t.me\/+Ro19Ihqy-nRmZTMx, 识别为链接: True, 识别为数字ID: False"],"warning":""},"api_address":"185.165.170.142:5015"}
[2026-03-13T23:39:17+08:00][info] 消息ID缓存成功: task_id=68, group_id=https://t.me/+Ro19Ihqy-nRmZTMx, msg_index=5, message_id=1723, send_user_id=4270
[2026-03-13T23:39:17+08:00][info] 消息状态标记为已发送: task_id=68, group_id=https://t.me/+Ro19Ihqy-nRmZTMx, msg_index=5
[2026-03-13T23:39:17+08:00][info] 任务 68 将在 90 秒后继续处理下一条消息，索引: 6, 实例ID: task_68_index_6_1773416357.7343
[2026-03-13T23:39:20+08:00][info] 开始处理队列任务: task_id=67, current_index=5
[2026-03-13T23:39:20+08:00][info] 使用消息配置中指定的用户 4270 的 session_path/www/wwwroot/tdata.tgbota.top/public/uploads/admin/202603/69b10fe00169d/13507775586/tdata/temp_8279075441.session
[2026-03-13T23:39:26+08:00][info] 返回:{"status":true,"message":"发送完成，成功1个，失败0个[]","data":{"success":[{"group_id":5283535179,"group_link":"https:\/\/t.me\/+o6W8r1Tomb04Y2Q5","type":"chat","message":"发送成功","message_id":1724}],"failed":[],"debug":["处理标识符: https:\/\/t.me\/+o6W8r1Tomb04Y2Q5, 清理后: https:\/\/t.me\/+o6W8r1Tomb04Y2Q5, 识别为链接: True, 识别为数字ID: False"],"warning":""},"api_address":"185.165.170.142:5015"}
[2026-03-13T23:39:26+08:00][info] 消息ID缓存成功: task_id=67, group_id=https://t.me/+o6W8r1Tomb04Y2Q5, msg_index=5, message_id=1724, send_user_id=4270
[2026-03-13T23:39:26+08:00][info] 消息状态标记为已发送: task_id=67, group_id=https://t.me/+o6W8r1Tomb04Y2Q5, msg_index=5
[2026-03-13T23:39:26+08:00][info] 任务 67 将在 90 秒后继续处理下一条消息，索引: 6, 实例ID: task_67_index_6_1773416366.249
[2026-03-13T23:39:28+08:00][info] 开始处理队列任务: task_id=66, current_index=2
[2026-03-13T23:39:28+08:00][info] 消息缓存初始化完成: task_id=66, groups=https://t.me/twogrqoup
[2026-03-13T23:39:28+08:00][info] 任务 66 第 904 次循环，重置群组 https://t.me/twogrqoup 消息状态
[2026-03-13T23:39:28+08:00][info] 使用当前发送用户 3473 的 session_path/www/wwwroot/tdata.tgbota.top/public/uploads/admin/202602/6997fc3070d84/819054626431/tdata/temp_8503359249.session
[2026-03-13T23:39:34+08:00][info] 返回:{"status":true,"message":"发送完成，成功1个，失败0个[]","data":{"success":[{"group_id":3895336513,"group_link":"https:\/\/t.me\/twogrqoup","type":"megagroup","message":"发送成功","message_id":8418}],"failed":[],"debug":["处理标识符: https:\/\/t.me\/twogrqoup, 清理后: https:\/\/t.me\/twogrqoup, 识别为链接: True, 识别为数字ID: False","已是群组成员，群组ID: 3895336513"],"warning":""},"api_address":"185.165.170.142:5043"}
[2026-03-13T23:39:34+08:00][info] 消息ID缓存成功: task_id=66, group_id=https://t.me/twogrqoup, msg_index=2, message_id=8418, send_user_id=3473
[2026-03-13T23:39:34+08:00][info] 消息状态标记为已发送: task_id=66, group_id=https://t.me/twogrqoup, msg_index=2
[2026-03-13T23:39:34+08:00][info] 任务 66 将在 45 秒后继续处理下一条消息，索引: 3, 实例ID: task_66_index_3_1773416374.4315
[2026-03-13T23:40:19+08:00][info] 开始处理队列任务: task_id=66, current_index=3
[2026-03-13T23:40:19+08:00][info] 消息缓存初始化完成: task_id=66, groups=https://t.me/twogrqoup
[2026-03-13T23:40:19+08:00][info] 任务 66 第 904 次循环，重置群组 https://t.me/twogrqoup 消息状态
[2026-03-13T23:40:19+08:00][info] 使用当前发送用户 3469 的 session_path/www/wwwroot/tdata.tgbota.top/public/uploads/admin/202602/6997fc3070d84/819056965118/tdata/temp_8418493902.session
[2026-03-13T23:40:25+08:00][info] 返回:{"status":true,"message":"发送完成，成功1个，失败0个[]","data":{"success":[{"group_id":3895336513,"group_link":"https:\/\/t.me\/twogrqoup","type":"megagroup","message":"发送成功","message_id":8419}],"failed":[],"debug":["处理标识符: https:\/\/t.me\/twogrqoup, 清理后: https:\/\/t.me\/twogrqoup, 识别为链接: True, 识别为数字ID: False","已是群组成员，群组ID: 3895336513"],"warning":""},"api_address":"185.165.170.142:5062"}
[2026-03-13T23:40:25+08:00][info] 消息ID缓存成功: task_id=66, group_id=https://t.me/twogrqoup, msg_index=3, message_id=8419, send_user_id=3469
[2026-03-13T23:40:25+08:00][info] 消息状态标记为已发送: task_id=66, group_id=https://t.me/twogrqoup, msg_index=3
[2026-03-13T23:40:25+08:00][info] 任务 66 将在 20 秒后继续处理下一条消息，索引: 4, 实例ID: task_66_index_4_1773416425.8191
[2026-03-13T23:40:45+08:00][info] 开始处理队列任务: task_id=66, current_index=4
[2026-03-13T23:40:45+08:00][info] 消息缓存初始化完成: task_id=66, groups=https://t.me/twogrqoup
[2026-03-13T23:40:45+08:00][info] 任务 66 第 904 次循环，重置群组 https://t.me/twogrqoup 消息状态
[2026-03-13T23:40:45+08:00][info] 使用当前发送用户 3471 的 session_path/www/wwwroot/tdata.tgbota.top/public/uploads/admin/202602/6997fc3070d84/819089723520/tdata/temp_8574369010.session
[2026-03-13T23:40:47+08:00][info] 开始处理队列任务: task_id=68, current_index=6
[2026-03-13T23:40:47+08:00][info] 使用消息配置中指定的用户 4269 的 session_path/www/wwwroot/tdata.tgbota.top/public/uploads/admin/202603/69b10fe00169d/13502520210/tdata/temp_8262386755.session
[2026-03-13T23:40:47+08:00][info] 开始处理队列任务: task_id=69, current_index=1136
[2026-03-13T23:40:47+08:00][info] 使用消息配置中指定的用户 4251 的 session_path/www/wwwroot/tdata.tgbota.top/public/uploads/admin/202603/69b10fe00169d/13412475078/tdata/temp_8525124544.session
[2026-03-13T23:40:52+08:00][info] 返回:{"status":true,"message":"发送完成，成功1个，失败0个[]","data":{"success":[{"group_id":3895336513,"group_link":"https:\/\/t.me\/twogrqoup","type":"megagroup","message":"发送成功","message_id":8420}],"failed":[],"debug":["处理标识符: https:\/\/t.me\/twogrqoup, 清理后: https:\/\/t.me\/twogrqoup, 识别为链接: True, 识别为数字ID: False","已是群组成员，群组ID: 3895336513"],"warning":""},"api_address":"185.165.170.142:5023"}
[2026-03-13T23:40:52+08:00][info] 消息ID缓存成功: task_id=66, group_id=https://t.me/twogrqoup, msg_index=4, message_id=8420, send_user_id=3471
[2026-03-13T23:40:52+08:00][info] 消息状态标记为已发送: task_id=66, group_id=https://t.me/twogrqoup, msg_index=4
[2026-03-13T23:40:52+08:00][info] 任务 66 将在 26 秒后继续处理下一条消息，索引: 5, 实例ID: task_66_index_5_1773416452.9814
[2026-03-13T23:40:53+08:00][info] 返回:{"status":true,"message":"发送完成，成功1个，失败0个[]","data":{"success":[{"group_id":5288642383,"group_link":"https:\/\/t.me\/+Ro19Ihqy-nRmZTMx","type":"chat","message":"发送成功","message_id":1721}],"failed":[],"debug":["处理标识符: https:\/\/t.me\/+Ro19Ihqy-nRmZTMx, 清理后: https:\/\/t.me\/+Ro19Ihqy-nRmZTMx, 识别为链接: True, 识别为数字ID: False"],"warning":""},"api_address":"185.165.170.142:5014"}
[2026-03-13T23:40:53+08:00][info] 消息ID缓存成功: task_id=68, group_id=https://t.me/+Ro19Ihqy-nRmZTMx, msg_index=6, message_id=1721, send_user_id=4269
[2026-03-13T23:40:53+08:00][info] 消息状态标记为已发送: task_id=68, group_id=https://t.me/+Ro19Ihqy-nRmZTMx, msg_index=6
[2026-03-13T23:40:53+08:00][info] 任务 68 将在 95 秒后继续处理下一条消息，索引: 7, 实例ID: task_68_index_7_1773416453.0397
[2026-03-13T23:40:53+08:00][info] 返回:{"status":true,"message":"发送完成，成功1个，失败0个[]","data":{"success":[{"group_id":5072487869,"group_link":"https:\/\/t.me\/+9ZnJ_gHIFV41NzFh","type":"chat","message":"发送成功","message_id":1155}],"failed":[],"debug":["处理标识符: https:\/\/t.me\/+9ZnJ_gHIFV41NzFh, 清理后: https:\/\/t.me\/+9ZnJ_gHIFV41NzFh, 识别为链接: True, 识别为数字ID: False"],"warning":""},"api_address":"185.165.170.142:5036"}
[2026-03-13T23:40:53+08:00][info] 消息ID缓存成功: task_id=69, group_id=https://t.me/+9ZnJ_gHIFV41NzFh, msg_index=1136, message_id=1155, send_user_id=4251
[2026-03-13T23:40:53+08:00][info] 消息状态标记为已发送: task_id=69, group_id=https://t.me/+9ZnJ_gHIFV41NzFh, msg_index=1136
[2026-03-13T23:40:53+08:00][info] 任务 69 将在 95 秒后继续处理下一条消息，索引: 1137, 实例ID: task_69_index_1137_1773416453.2199
[2026-03-13T23:40:56+08:00][info] 开始处理队列任务: task_id=67, current_index=6
[2026-03-13T23:40:56+08:00][info] 使用消息配置中指定的用户 4269 的 session_path/www/wwwroot/tdata.tgbota.top/public/uploads/admin/202603/69b10fe00169d/13502520210/tdata/temp_8262386755.session
[2026-03-13T23:41:00+08:00][info] 返回:{"status":true,"message":"发送完成，成功1个，失败0个[]","data":{"success":[{"group_id":5283535179,"group_link":"https:\/\/t.me\/+o6W8r1Tomb04Y2Q5","type":"chat","message":"发送成功","message_id":1722}],"failed":[],"debug":["处理标识符: https:\/\/t.me\/+o6W8r1Tomb04Y2Q5, 清理后: https:\/\/t.me\/+o6W8r1Tomb04Y2Q5, 识别为链接: True, 识别为数字ID: False"],"warning":""},"api_address":"185.165.170.142:5014"}
[2026-03-13T23:41:00+08:00][info] 消息ID缓存成功: task_id=67, group_id=https://t.me/+o6W8r1Tomb04Y2Q5, msg_index=6, message_id=1722, send_user_id=4269
[2026-03-13T23:41:00+08:00][info] 消息状态标记为已发送: task_id=67, group_id=https://t.me/+o6W8r1Tomb04Y2Q5, msg_index=6
[2026-03-13T23:41:00+08:00][info] 任务 67 将在 95 秒后继续处理下一条消息，索引: 7, 实例ID: task_67_index_7_1773416460.3518
[2026-03-13T23:41:18+08:00][info] 开始处理队列任务: task_id=66, current_index=5
[2026-03-13T23:41:18+08:00][info] 消息缓存初始化完成: task_id=66, groups=https://t.me/twogrqoup
[2026-03-13T23:41:18+08:00][info] 任务 66 第 904 次循环，重置群组 https://t.me/twogrqoup 消息状态
[2026-03-13T23:41:18+08:00][info] 使用当前发送用户 3469 的 session_path/www/wwwroot/tdata.tgbota.top/public/uploads/admin/202602/6997fc3070d84/819056965118/tdata/temp_8418493902.session
[2026-03-13T23:41:23+08:00][info] 返回:{"status":true,"message":"发送完成，成功1个，失败0个[]","data":{"success":[{"group_id":3895336513,"group_link":"https:\/\/t.me\/twogrqoup","type":"megagroup","message":"发送成功","message_id":8421}],"failed":[],"debug":["处理标识符: https:\/\/t.me\/twogrqoup, 清理后: https:\/\/t.me\/twogrqoup, 识别为链接: True, 识别为数字ID: False","已是群组成员，群组ID: 3895336513"],"warning":""},"api_address":"185.165.170.142:5062"}
[2026-03-13T23:41:23+08:00][info] 消息ID缓存成功: task_id=66, group_id=https://t.me/twogrqoup, msg_index=5, message_id=8421, send_user_id=3469
[2026-03-13T23:41:23+08:00][info] 消息状态标记为已发送: task_id=66, group_id=https://t.me/twogrqoup, msg_index=5
[2026-03-13T23:41:23+08:00][info] 任务 66 将在 27 秒后继续处理下一条消息，索引: 6, 实例ID: task_66_index_6_1773416483.6328
[2026-03-13T23:41:50+08:00][info] 开始处理队列任务: task_id=66, current_index=6
[2026-03-13T23:41:50+08:00][info] 消息缓存初始化完成: task_id=66, groups=https://t.me/twogrqoup
[2026-03-13T23:41:50+08:00][info] 任务 66 第 904 次循环，重置群组 https://t.me/twogrqoup 消息状态
[2026-03-13T23:41:50+08:00][info] 使用当前发送用户 3471 的 session_path/www/wwwroot/tdata.tgbota.top/public/uploads/admin/202602/6997fc3070d84/819089723520/tdata/temp_8574369010.session
[2026-03-13T23:41:57+08:00][info] 返回:{"status":true,"message":"发送完成，成功1个，失败0个[]","data":{"success":[{"group_id":3895336513,"group_link":"https:\/\/t.me\/twogrqoup","type":"megagroup","message":"发送成功","message_id":8422}],"failed":[],"debug":["处理标识符: https:\/\/t.me\/twogrqoup, 清理后: https:\/\/t.me\/twogrqoup, 识别为链接: True, 识别为数字ID: False","已是群组成员，群组ID: 3895336513"],"warning":""},"api_address":"185.165.170.142:5023"}
[2026-03-13T23:41:57+08:00][info] 消息ID缓存成功: task_id=66, group_id=https://t.me/twogrqoup, msg_index=6, message_id=8422, send_user_id=3471
[2026-03-13T23:41:57+08:00][info] 消息状态标记为已发送: task_id=66, group_id=https://t.me/twogrqoup, msg_index=6
[2026-03-13T23:41:57+08:00][info] 任务 66 将在 13 秒后继续处理下一条消息，索引: 7, 实例ID: task_66_index_7_1773416517.8921
[2026-03-13T23:42:10+08:00][info] 开始处理队列任务: task_id=66, current_index=7
[2026-03-13T23:42:10+08:00][info] 消息缓存初始化完成: task_id=66, groups=https://t.me/twogrqoup
[2026-03-13T23:42:10+08:00][info] 任务 66 第 904 次循环，重置群组 https://t.me/twogrqoup 消息状态
[2026-03-13T23:42:10+08:00][info] 使用当前发送用户 3471 的 session_path/www/wwwroot/tdata.tgbota.top/public/uploads/admin/202602/6997fc3070d84/819089723520/tdata/temp_8574369010.session
[2026-03-13T23:42:16+08:00][info] 返回:{"status":true,"message":"发送完成，成功1个，失败0个[]","data":{"success":[{"group_id":3895336513,"group_link":"https:\/\/t.me\/twogrqoup","type":"megagroup","message":"发送成功","message_id":8423}],"failed":[],"debug":["处理标识符: https:\/\/t.me\/twogrqoup, 清理后: https:\/\/t.me\/twogrqoup, 识别为链接: True, 识别为数字ID: False","已是群组成员，群组ID: 3895336513"],"warning":""},"api_address":"185.165.170.142:5023"}
[2026-03-13T23:42:16+08:00][info] 消息ID缓存成功: task_id=66, group_id=https://t.me/twogrqoup, msg_index=7, message_id=8423, send_user_id=3471
[2026-03-13T23:42:16+08:00][info] 消息状态标记为已发送: task_id=66, group_id=https://t.me/twogrqoup, msg_index=7
[2026-03-13T23:42:16+08:00][info] 任务 66 将在 26 秒后继续处理下一条消息，索引: 8, 实例ID: task_66_index_8_1773416536.2779
[2026-03-13T23:42:28+08:00][info] 开始处理队列任务: task_id=68, current_index=7
[2026-03-13T23:42:28+08:00][info] 使用消息配置中指定的用户 4268 的 session_path/www/wwwroot/tdata.tgbota.top/public/uploads/admin/202603/69b10fe00169d/13632173820/tdata/temp_8599304149.session
[2026-03-13T23:42:28+08:00][info] 开始处理队列任务: task_id=69, current_index=1137
[2026-03-13T23:42:28+08:00][info] 使用消息配置中指定的用户 4251 的 session_path/www/wwwroot/tdata.tgbota.top/public/uploads/admin/202603/69b10fe00169d/13412475078/tdata/temp_8525124544.session
[2026-03-13T23:42:32+08:00][info] 返回:{"status":true,"message":"发送完成，成功1个，失败0个[]","data":{"success":[{"group_id":5288642383,"group_link":"https:\/\/t.me\/+Ro19Ihqy-nRmZTMx","type":"chat","message":"发送成功","message_id":1719}],"failed":[],"debug":["处理标识符: https:\/\/t.me\/+Ro19Ihqy-nRmZTMx, 清理后: https:\/\/t.me\/+Ro19Ihqy-nRmZTMx, 识别为链接: True, 识别为数字ID: False"],"warning":""},"api_address":"185.165.170.142:5013"}
[2026-03-13T23:42:32+08:00][info] 消息ID缓存成功: task_id=68, group_id=https://t.me/+Ro19Ihqy-nRmZTMx, msg_index=7, message_id=1719, send_user_id=4268
[2026-03-13T23:42:32+08:00][info] 消息状态标记为已发送: task_id=68, group_id=https://t.me/+Ro19Ihqy-nRmZTMx, msg_index=7
[2026-03-13T23:42:32+08:00][info] 任务 68 将在 110 秒后继续处理下一条消息，索引: 8, 实例ID: task_68_index_8_1773416552.5769
[2026-03-13T23:42:34+08:00][info] 返回:{"status":true,"message":"发送完成，成功1个，失败0个[]","data":{"success":[{"group_id":5072487869,"group_link":"https:\/\/t.me\/+9ZnJ_gHIFV41NzFh","type":"chat","message":"发送成功","message_id":1156}],"failed":[],"debug":["处理标识符: https:\/\/t.me\/+9ZnJ_gHIFV41NzFh, 清理后: https:\/\/t.me\/+9ZnJ_gHIFV41NzFh, 识别为链接: True, 识别为数字ID: False"],"warning":""},"api_address":"185.165.170.142:5036"}
[2026-03-13T23:42:34+08:00][info] 消息ID缓存成功: task_id=69, group_id=https://t.me/+9ZnJ_gHIFV41NzFh, msg_index=1137, message_id=1156, send_user_id=4251
[2026-03-13T23:42:34+08:00][info] 消息状态标记为已发送: task_id=69, group_id=https://t.me/+9ZnJ_gHIFV41NzFh, msg_index=1137
[2026-03-13T23:42:34+08:00][info] 任务 69 将在 89 秒后继续处理下一条消息，索引: 1138, 实例ID: task_69_index_1138_1773416554.1402
[2026-03-13T23:42:35+08:00][info] 开始处理队列任务: task_id=67, current_index=7
[2026-03-13T23:42:35+08:00][info] 使用消息配置中指定的用户 4268 的 session_path/www/wwwroot/tdata.tgbota.top/public/uploads/admin/202603/69b10fe00169d/13632173820/tdata/temp_8599304149.session
[2026-03-13T23:42:40+08:00][info] 返回:{"status":true,"message":"发送完成，成功1个，失败0个[]","data":{"success":[{"group_id":5283535179,"group_link":"https:\/\/t.me\/+o6W8r1Tomb04Y2Q5","type":"chat","message":"发送成功","message_id":1720}],"failed":[],"debug":["处理标识符: https:\/\/t.me\/+o6W8r1Tomb04Y2Q5, 清理后: https:\/\/t.me\/+o6W8r1Tomb04Y2Q5, 识别为链接: True, 识别为数字ID: False"],"warning":""},"api_address":"185.165.170.142:5013"}
[2026-03-13T23:42:40+08:00][info] 消息ID缓存成功: task_id=67, group_id=https://t.me/+o6W8r1Tomb04Y2Q5, msg_index=7, message_id=1720, send_user_id=4268
[2026-03-13T23:42:40+08:00][info] 消息状态标记为已发送: task_id=67, group_id=https://t.me/+o6W8r1Tomb04Y2Q5, msg_index=7
[2026-03-13T23:42:40+08:00][info] 任务 67 将在 110 秒后继续处理下一条消息，索引: 8, 实例ID: task_67_index_8_1773416560.1343
[2026-03-13T23:42:42+08:00][info] 开始处理队列任务: task_id=66, current_index=8
[2026-03-13T23:42:42+08:00][info] 消息缓存初始化完成: task_id=66, groups=https://t.me/twogrqoup
[2026-03-13T23:42:42+08:00][info] 任务 66 第 904 次循环，重置群组 https://t.me/twogrqoup 消息状态
[2026-03-13T23:42:42+08:00][info] 使用当前发送用户 3469 的 session_path/www/wwwroot/tdata.tgbota.top/public/uploads/admin/202602/6997fc3070d84/819056965118/tdata/temp_8418493902.session
[2026-03-13T23:42:47+08:00][info] 返回:{"status":true,"message":"发送完成，成功1个，失败0个[]","data":{"success":[{"group_id":3895336513,"group_link":"https:\/\/t.me\/twogrqoup","type":"megagroup","message":"发送成功","message_id":8424}],"failed":[],"debug":["处理标识符: https:\/\/t.me\/twogrqoup, 清理后: https:\/\/t.me\/twogrqoup, 识别为链接: True, 识别为数字ID: False","已是群组成员，群组ID: 3895336513"],"warning":""},"api_address":"185.165.170.142:5062"}
[2026-03-13T23:42:47+08:00][info] 消息ID缓存成功: task_id=66, group_id=https://t.me/twogrqoup, msg_index=8, message_id=8424, send_user_id=3469
[2026-03-13T23:42:47+08:00][info] 消息状态标记为已发送: task_id=66, group_id=https://t.me/twogrqoup, msg_index=8
[2026-03-13T23:42:47+08:00][info] 任务 66 将在 30 秒后继续处理下一条消息，索引: 9, 实例ID: task_66_index_9_1773416567.9625
[2026-03-13T23:43:17+08:00][info] 开始处理队列任务: task_id=66, current_index=9
[2026-03-13T23:43:17+08:00][info] 消息缓存初始化完成: task_id=66, groups=https://t.me/twogrqoup
[2026-03-13T23:43:17+08:00][info] 任务 66 第 904 次循环，重置群组 https://t.me/twogrqoup 消息状态
[2026-03-13T23:43:17+08:00][info] 任务 66 第 904 轮完成，准备进行第 905 轮
[2026-03-13T23:43:17+08:00][info] 任务 66 即将为下一轮重新入队，延迟 5 秒，从索引 0 开始
[2026-03-13T23:43:22+08:00][info] 开始处理队列任务: task_id=66, current_index=0
[2026-03-13T23:43:22+08:00][info] 消息缓存初始化完成: task_id=66, groups=https://t.me/twogrqoup
[2026-03-13T23:43:22+08:00][info] 任务 66 第 905 次循环，重置群组 https://t.me/twogrqoup 消息状态
[2026-03-13T23:43:22+08:00][info] 使用当前发送用户 3469 的 session_path/www/wwwroot/tdata.tgbota.top/public/uploads/admin/202602/6997fc3070d84/819056965118/tdata/temp_8418493902.session
[2026-03-13T23:43:30+08:00][info] 返回:{"status":true,"message":"发送完成，成功1个，失败0个[]","data":{"success":[{"group_id":3895336513,"group_link":"https:\/\/t.me\/twogrqoup","type":"megagroup","message":"发送成功","message_id":8425}],"failed":[],"debug":["处理标识符: https:\/\/t.me\/twogrqoup, 清理后: https:\/\/t.me\/twogrqoup, 识别为链接: True, 识别为数字ID: False","已是群组成员，群组ID: 3895336513"],"warning":""},"api_address":"185.165.170.142:5062"}
[2026-03-13T23:43:30+08:00][info] 消息ID缓存成功: task_id=66, group_id=https://t.me/twogrqoup, msg_index=0, message_id=8425, send_user_id=3469
[2026-03-13T23:43:30+08:00][info] 消息状态标记为已发送: task_id=66, group_id=https://t.me/twogrqoup, msg_index=0
[2026-03-13T23:43:30+08:00][info] 任务 66 将在 15 秒后继续处理下一条消息，索引: 1, 实例ID: task_66_index_1_1773416610.0743
[2026-03-13T23:43:45+08:00][info] 开始处理队列任务: task_id=66, current_index=1
[2026-03-13T23:43:45+08:00][info] 消息缓存初始化完成: task_id=66, groups=https://t.me/twogrqoup
[2026-03-13T23:43:45+08:00][info] 任务 66 第 905 次循环，重置群组 https://t.me/twogrqoup 消息状态
[2026-03-13T23:43:45+08:00][info] 使用当前发送用户 3472 的 session_path/www/wwwroot/tdata.tgbota.top/public/uploads/admin/202602/6997fc3070d84/819050054287/tdata/temp_8308580822.session
[2026-03-13T23:43:52+08:00][info] 返回:{"status":true,"message":"发送完成，成功1个，失败0个[]","data":{"success":[{"group_id":3895336513,"group_link":"https:\/\/t.me\/twogrqoup","type":"megagroup","message":"发送成功","message_id":8426}],"failed":[],"debug":["处理标识符: https:\/\/t.me\/twogrqoup, 清理后: https:\/\/t.me\/twogrqoup, 识别为链接: True, 识别为数字ID: False","已是群组成员，群组ID: 3895336513"],"warning":""},"api_address":"185.165.170.142:5042"}
[2026-03-13T23:43:52+08:00][info] 消息ID缓存成功: task_id=66, group_id=https://t.me/twogrqoup, msg_index=1, message_id=8426, send_user_id=3472
[2026-03-13T23:43:52+08:00][info] 消息状态标记为已发送: task_id=66, group_id=https://t.me/twogrqoup, msg_index=1
[2026-03-13T23:43:52+08:00][info] 任务 66 将在 30 秒后继续处理下一条消息，索引: 2, 实例ID: task_66_index_2_1773416632.4252
[2026-03-13T23:44:03+08:00][info] 开始处理队列任务: task_id=69, current_index=1138
[2026-03-13T23:44:04+08:00][info] 使用消息配置中指定的用户 4243 的 session_path/www/wwwroot/tdata.tgbota.top/public/uploads/admin/202603/69b10fe00169d/13528411477/tdata/temp_8338895902.session
[2026-03-13T23:44:10+08:00][info] 返回:{"status":true,"message":"发送完成，成功1个，失败0个[]","data":{"success":[{"group_id":5072487869,"group_link":"https:\/\/t.me\/+9ZnJ_gHIFV41NzFh","type":"chat","message":"发送成功","message_id":1137}],"failed":[],"debug":["处理标识符: https:\/\/t.me\/+9ZnJ_gHIFV41NzFh, 清理后: https:\/\/t.me\/+9ZnJ_gHIFV41NzFh, 识别为链接: True, 识别为数字ID: False"],"warning":""},"api_address":"185.165.170.142:5028"}
[2026-03-13T23:44:10+08:00][info] 消息ID缓存成功: task_id=69, group_id=https://t.me/+9ZnJ_gHIFV41NzFh, msg_index=1138, message_id=1137, send_user_id=4243
[2026-03-13T23:44:10+08:00][info] 消息状态标记为已发送: task_id=69, group_id=https://t.me/+9ZnJ_gHIFV41NzFh, msg_index=1138
[2026-03-13T23:44:10+08:00][info] 任务 69 将在 99 秒后继续处理下一条消息，索引: 1139, 实例ID: task_69_index_1139_1773416650.756
[2026-03-13T23:44:22+08:00][info] 开始处理队列任务: task_id=66, current_index=2
[2026-03-13T23:44:22+08:00][info] 消息缓存初始化完成: task_id=66, groups=https://t.me/twogrqoup
[2026-03-13T23:44:22+08:00][info] 任务 66 第 905 次循环，重置群组 https://t.me/twogrqoup 消息状态
[2026-03-13T23:44:22+08:00][info] 使用当前发送用户 3473 的 session_path/www/wwwroot/tdata.tgbota.top/public/uploads/admin/202602/6997fc3070d84/819054626431/tdata/temp_8503359249.session
[2026-03-13T23:44:22+08:00][info] 开始处理队列任务: task_id=68, current_index=8
[2026-03-13T23:44:22+08:00][info] 使用消息配置中指定的用户 4267 的 session_path/www/wwwroot/tdata.tgbota.top/public/uploads/admin/202603/69b10fe00169d/13512267866/tdata/temp_8534109663.session
[2026-03-13T23:44:27+08:00][info] 返回:{"status":true,"message":"发送完成，成功1个，失败0个[]","data":{"success":[{"group_id":3895336513,"group_link":"https:\/\/t.me\/twogrqoup","type":"megagroup","message":"发送成功","message_id":8427}],"failed":[],"debug":["处理标识符: https:\/\/t.me\/twogrqoup, 清理后: https:\/\/t.me\/twogrqoup, 识别为链接: True, 识别为数字ID: False","已是群组成员，群组ID: 3895336513"],"warning":""},"api_address":"185.165.170.142:5043"}
[2026-03-13T23:44:27+08:00][info] 消息ID缓存成功: task_id=66, group_id=https://t.me/twogrqoup, msg_index=2, message_id=8427, send_user_id=3473
[2026-03-13T23:44:27+08:00][info] 消息状态标记为已发送: task_id=66, group_id=https://t.me/twogrqoup, msg_index=2
[2026-03-13T23:44:27+08:00][info] 任务 66 将在 45 秒后继续处理下一条消息，索引: 3, 实例ID: task_66_index_3_1773416667.4868
[2026-03-13T23:44:27+08:00][info] 返回:{"status":true,"message":"发送完成，成功1个，失败0个[]","data":{"success":[{"group_id":5288642383,"group_link":"https:\/\/t.me\/+Ro19Ihqy-nRmZTMx","type":"chat","message":"发送成功","message_id":1717}],"failed":[],"debug":["处理标识符: https:\/\/t.me\/+Ro19Ihqy-nRmZTMx, 清理后: https:\/\/t.me\/+Ro19Ihqy-nRmZTMx, 识别为链接: True, 识别为数字ID: False"],"warning":""},"api_address":"185.165.170.142:5012"}
[2026-03-13T23:44:27+08:00][info] 消息ID缓存成功: task_id=68, group_id=https://t.me/+Ro19Ihqy-nRmZTMx, msg_index=8, message_id=1717, send_user_id=4267
[2026-03-13T23:44:27+08:00][info] 消息状态标记为已发送: task_id=68, group_id=https://t.me/+Ro19Ihqy-nRmZTMx, msg_index=8
[2026-03-13T23:44:27+08:00][info] 任务 68 将在 121 秒后继续处理下一条消息，索引: 9, 实例ID: task_68_index_9_1773416667.8983
[2026-03-13T23:44:30+08:00][info] 开始处理队列任务: task_id=67, current_index=8
[2026-03-13T23:44:30+08:00][info] 使用消息配置中指定的用户 4267 的 session_path/www/wwwroot/tdata.tgbota.top/public/uploads/admin/202603/69b10fe00169d/13512267866/tdata/temp_8534109663.session
[2026-03-13T23:44:34+08:00][info] 返回:{"status":true,"message":"发送完成，成功1个，失败0个[]","data":{"success":[{"group_id":5283535179,"group_link":"https:\/\/t.me\/+o6W8r1Tomb04Y2Q5","type":"chat","message":"发送成功","message_id":1718}],"failed":[],"debug":["处理标识符: https:\/\/t.me\/+o6W8r1Tomb04Y2Q5, 清理后: https:\/\/t.me\/+o6W8r1Tomb04Y2Q5, 识别为链接: True, 识别为数字ID: False"],"warning":""},"api_address":"185.165.170.142:5012"}
[2026-03-13T23:44:34+08:00][info] 消息ID缓存成功: task_id=67, group_id=https://t.me/+o6W8r1Tomb04Y2Q5, msg_index=8, message_id=1718, send_user_id=4267
[2026-03-13T23:44:34+08:00][info] 消息状态标记为已发送: task_id=67, group_id=https://t.me/+o6W8r1Tomb04Y2Q5, msg_index=8
[2026-03-13T23:44:35+08:00][info] 任务 67 将在 121 秒后继续处理下一条消息，索引: 9, 实例ID: task_67_index_9_1773416675.0069
[2026-03-13T23:45:12+08:00][info] 开始处理队列任务: task_id=66, current_index=3
[2026-03-13T23:45:12+08:00][info] 消息缓存初始化完成: task_id=66, groups=https://t.me/twogrqoup
[2026-03-13T23:45:12+08:00][info] 任务 66 第 905 次循环，重置群组 https://t.me/twogrqoup 消息状态
[2026-03-13T23:45:12+08:00][info] 使用当前发送用户 3469 的 session_path/www/wwwroot/tdata.tgbota.top/public/uploads/admin/202602/6997fc3070d84/819056965118/tdata/temp_8418493902.session
[2026-03-13T23:45:20+08:00][info] 返回:{"status":true,"message":"发送完成，成功1个，失败0个[]","data":{"success":[{"group_id":3895336513,"group_link":"https:\/\/t.me\/twogrqoup","type":"megagroup","message":"发送成功","message_id":8428}],"failed":[],"debug":["处理标识符: https:\/\/t.me\/twogrqoup, 清理后: https:\/\/t.me\/twogrqoup, 识别为链接: True, 识别为数字ID: False","已是群组成员，群组ID: 3895336513"],"warning":""},"api_address":"185.165.170.142:5062"}
[2026-03-13T23:45:20+08:00][info] 消息ID缓存成功: task_id=66, group_id=https://t.me/twogrqoup, msg_index=3, message_id=8428, send_user_id=3469
[2026-03-13T23:45:20+08:00][info] 消息状态标记为已发送: task_id=66, group_id=https://t.me/twogrqoup, msg_index=3
[2026-03-13T23:45:20+08:00][info] 任务 66 将在 20 秒后继续处理下一条消息，索引: 4, 实例ID: task_66_index_4_1773416720.3405
[2026-03-13T23:45:40+08:00][info] 开始处理队列任务: task_id=66, current_index=4
[2026-03-13T23:45:40+08:00][info] 消息缓存初始化完成: task_id=66, groups=https://t.me/twogrqoup
[2026-03-13T23:45:40+08:00][info] 任务 66 第 905 次循环，重置群组 https://t.me/twogrqoup 消息状态
[2026-03-13T23:45:40+08:00][info] 使用当前发送用户 3471 的 session_path/www/wwwroot/tdata.tgbota.top/public/uploads/admin/202602/6997fc3070d84/819089723520/tdata/temp_8574369010.session
[2026-03-13T23:45:47+08:00][info] 返回:{"status":true,"message":"发送完成，成功1个，失败0个[]","data":{"success":[{"group_id":3895336513,"group_link":"https:\/\/t.me\/twogrqoup","type":"megagroup","message":"发送成功","message_id":8429}],"failed":[],"debug":["处理标识符: https:\/\/t.me\/twogrqoup, 清理后: https:\/\/t.me\/twogrqoup, 识别为链接: True, 识别为数字ID: False","已是群组成员，群组ID: 3895336513"],"warning":""},"api_address":"185.165.170.142:5023"}
[2026-03-13T23:45:47+08:00][info] 消息ID缓存成功: task_id=66, group_id=https://t.me/twogrqoup, msg_index=4, message_id=8429, send_user_id=3471
[2026-03-13T23:45:47+08:00][info] 消息状态标记为已发送: task_id=66, group_id=https://t.me/twogrqoup, msg_index=4
[2026-03-13T23:45:47+08:00][info] 任务 66 将在 26 秒后继续处理下一条消息，索引: 5, 实例ID: task_66_index_5_1773416747.6578
[2026-03-13T23:45:49+08:00][info] 开始处理队列任务: task_id=69, current_index=1139
[2026-03-13T23:45:49+08:00][info] 使用当前发送用户 4254 的 session_path/www/wwwroot/tdata.tgbota.top/public/uploads/admin/202603/69b10fe00169d/13378414919/tdata/temp_7734543207.session
[2026-03-13T23:45:56+08:00][info] 返回:{"status":true,"message":"发送完成，成功1个，失败0个[]","data":{"success":[{"group_id":5072487869,"group_link":"https:\/\/t.me\/+9ZnJ_gHIFV41NzFh","type":"chat","message":"发送成功","message_id":1116}],"failed":[],"debug":["处理标识符: https:\/\/t.me\/+9ZnJ_gHIFV41NzFh, 清理后: https:\/\/t.me\/+9ZnJ_gHIFV41NzFh, 识别为链接: True, 识别为数字ID: False"],"warning":""},"api_address":"185.165.170.142:5039"}
[2026-03-13T23:45:56+08:00][info] 消息ID缓存成功: task_id=69, group_id=https://t.me/+9ZnJ_gHIFV41NzFh, msg_index=1139, message_id=1116, send_user_id=4254
[2026-03-13T23:45:56+08:00][info] 消息状态标记为已发送: task_id=69, group_id=https://t.me/+9ZnJ_gHIFV41NzFh, msg_index=1139
[2026-03-13T23:45:56+08:00][info] 任务 69 将在 81 秒后继续处理下一条消息，索引: 1140, 实例ID: task_69_index_1140_1773416756.6111
[2026-03-13T23:46:13+08:00][info] 开始处理队列任务: task_id=66, current_index=5
[2026-03-13T23:46:13+08:00][info] 消息缓存初始化完成: task_id=66, groups=https://t.me/twogrqoup
[2026-03-13T23:46:13+08:00][info] 任务 66 第 905 次循环，重置群组 https://t.me/twogrqoup 消息状态
[2026-03-13T23:46:13+08:00][info] 使用当前发送用户 3469 的 session_path/www/wwwroot/tdata.tgbota.top/public/uploads/admin/202602/6997fc3070d84/819056965118/tdata/temp_8418493902.session
[2026-03-13T23:46:18+08:00][info] 返回:{"status":true,"message":"发送完成，成功1个，失败0个[]","data":{"success":[{"group_id":3895336513,"group_link":"https:\/\/t.me\/twogrqoup","type":"megagroup","message":"发送成功","message_id":8430}],"failed":[],"debug":["处理标识符: https:\/\/t.me\/twogrqoup, 清理后: https:\/\/t.me\/twogrqoup, 识别为链接: True, 识别为数字ID: False","已是群组成员，群组ID: 3895336513"],"warning":""},"api_address":"185.165.170.142:5062"}
[2026-03-13T23:46:18+08:00][info] 消息ID缓存成功: task_id=66, group_id=https://t.me/twogrqoup, msg_index=5, message_id=8430, send_user_id=3469
[2026-03-13T23:46:18+08:00][info] 消息状态标记为已发送: task_id=66, group_id=https://t.me/twogrqoup, msg_index=5
[2026-03-13T23:46:18+08:00][info] 任务 66 将在 27 秒后继续处理下一条消息，索引: 6, 实例ID: task_66_index_6_1773416778.9846
[2026-03-13T23:46:28+08:00][info] 开始处理队列任务: task_id=68, current_index=9
[2026-03-13T23:46:28+08:00][info] 使用消息配置中指定的用户 4266 的 session_path/www/wwwroot/tdata.tgbota.top/public/uploads/admin/202603/69b10fe00169d/13502239886/tdata/temp_8407474163.session
[2026-03-13T23:46:35+08:00][info] 返回:{"status":true,"message":"发送完成，成功1个，失败0个[]","data":{"success":[{"group_id":5288642383,"group_link":"https:\/\/t.me\/+Ro19Ihqy-nRmZTMx","type":"chat","message":"发送成功","message_id":1715}],"failed":[],"debug":["处理标识符: https:\/\/t.me\/+Ro19Ihqy-nRmZTMx, 清理后: https:\/\/t.me\/+Ro19Ihqy-nRmZTMx, 识别为链接: True, 识别为数字ID: False"],"warning":""},"api_address":"185.165.170.142:5011"}
[2026-03-13T23:46:35+08:00][info] 消息ID缓存成功: task_id=68, group_id=https://t.me/+Ro19Ihqy-nRmZTMx, msg_index=9, message_id=1715, send_user_id=4266
[2026-03-13T23:46:35+08:00][info] 消息状态标记为已发送: task_id=68, group_id=https://t.me/+Ro19Ihqy-nRmZTMx, msg_index=9
[2026-03-13T23:46:35+08:00][info] 任务 68 将在 110 秒后继续处理下一条消息，索引: 10, 实例ID: task_68_index_10_1773416795.0836
[2026-03-13T23:46:36+08:00][info] 开始处理队列任务: task_id=67, current_index=9
[2026-03-13T23:46:36+08:00][info] 使用消息配置中指定的用户 4266 的 session_path/www/wwwroot/tdata.tgbota.top/public/uploads/admin/202603/69b10fe00169d/13502239886/tdata/temp_8407474163.session
[2026-03-13T23:46:41+08:00][info] 返回:{"status":true,"message":"发送完成，成功1个，失败0个[]","data":{"success":[{"group_id":5283535179,"group_link":"https:\/\/t.me\/+o6W8r1Tomb04Y2Q5","type":"chat","message":"发送成功","message_id":1716}],"failed":[],"debug":["处理标识符: https:\/\/t.me\/+o6W8r1Tomb04Y2Q5, 清理后: https:\/\/t.me\/+o6W8r1Tomb04Y2Q5, 识别为链接: True, 识别为数字ID: False"],"warning":""},"api_address":"185.165.170.142:5011"}
[2026-03-13T23:46:41+08:00][info] 消息ID缓存成功: task_id=67, group_id=https://t.me/+o6W8r1Tomb04Y2Q5, msg_index=9, message_id=1716, send_user_id=4266
[2026-03-13T23:46:41+08:00][info] 消息状态标记为已发送: task_id=67, group_id=https://t.me/+o6W8r1Tomb04Y2Q5, msg_index=9
[2026-03-13T23:46:41+08:00][info] 任务 67 将在 110 秒后继续处理下一条消息，索引: 10, 实例ID: task_67_index_10_1773416801.8188
[2026-03-13T23:46:45+08:00][info] 开始处理队列任务: task_id=66, current_index=6
[2026-03-13T23:46:46+08:00][info] 消息缓存初始化完成: task_id=66, groups=https://t.me/twogrqoup
[2026-03-13T23:46:46+08:00][info] 任务 66 第 905 次循环，重置群组 https://t.me/twogrqoup 消息状态
[2026-03-13T23:46:46+08:00][info] 使用当前发送用户 3471 的 session_path/www/wwwroot/tdata.tgbota.top/public/uploads/admin/202602/6997fc3070d84/819089723520/tdata/temp_8574369010.session
[2026-03-13T23:46:51+08:00][info] 返回:{"status":true,"message":"发送完成，成功1个，失败0个[]","data":{"success":[{"group_id":3895336513,"group_link":"https:\/\/t.me\/twogrqoup","type":"megagroup","message":"发送成功","message_id":8431}],"failed":[],"debug":["处理标识符: https:\/\/t.me\/twogrqoup, 清理后: https:\/\/t.me\/twogrqoup, 识别为链接: True, 识别为数字ID: False","已是群组成员，群组ID: 3895336513"],"warning":""},"api_address":"185.165.170.142:5023"}
[2026-03-13T23:46:51+08:00][info] 消息ID缓存成功: task_id=66, group_id=https://t.me/twogrqoup, msg_index=6, message_id=8431, send_user_id=3471
[2026-03-13T23:46:51+08:00][info] 消息状态标记为已发送: task_id=66, group_id=https://t.me/twogrqoup, msg_index=6
[2026-03-13T23:46:51+08:00][info] 任务 66 将在 13 秒后继续处理下一条消息，索引: 7, 实例ID: task_66_index_7_1773416811.5741
[2026-03-13T23:47:05+08:00][info] 开始处理队列任务: task_id=66, current_index=7
[2026-03-13T23:47:05+08:00][info] 消息缓存初始化完成: task_id=66, groups=https://t.me/twogrqoup
[2026-03-13T23:47:05+08:00][info] 任务 66 第 905 次循环，重置群组 https://t.me/twogrqoup 消息状态
[2026-03-13T23:47:05+08:00][info] 使用当前发送用户 3471 的 session_path/www/wwwroot/tdata.tgbota.top/public/uploads/admin/202602/6997fc3070d84/819089723520/tdata/temp_8574369010.session
[2026-03-13T23:47:10+08:00][info] 返回:{"status":true,"message":"发送完成，成功1个，失败0个[]","data":{"success":[{"group_id":3895336513,"group_link":"https:\/\/t.me\/twogrqoup","type":"megagroup","message":"发送成功","message_id":8432}],"failed":[],"debug":["处理标识符: https:\/\/t.me\/twogrqoup, 清理后: https:\/\/t.me\/twogrqoup, 识别为链接: True, 识别为数字ID: False","已是群组成员，群组ID: 3895336513"],"warning":""},"api_address":"185.165.170.142:5023"}
[2026-03-13T23:47:10+08:00][info] 消息ID缓存成功: task_id=66, group_id=https://t.me/twogrqoup, msg_index=7, message_id=8432, send_user_id=3471
[2026-03-13T23:47:10+08:00][info] 消息状态标记为已发送: task_id=66, group_id=https://t.me/twogrqoup, msg_index=7
[2026-03-13T23:47:10+08:00][info] 任务 66 将在 26 秒后继续处理下一条消息，索引: 8, 实例ID: task_66_index_8_1773416830.3769
[2026-03-13T23:47:17+08:00][info] 开始处理队列任务: task_id=69, current_index=1140
[2026-03-13T23:47:17+08:00][info] 使用消息配置中指定的用户 4245 的 session_path/www/wwwroot/tdata.tgbota.top/public/uploads/admin/202603/69b10fe00169d/13378413177/tdata/temp_8408358101.session
[2026-03-13T23:47:21+08:00][info] 返回:{"status":true,"message":"发送完成，成功1个，失败0个[]","data":{"success":[{"group_id":5072487869,"group_link":"https:\/\/t.me\/+9ZnJ_gHIFV41NzFh","type":"chat","message":"发送成功","message_id":1146}],"failed":[],"debug":["处理标识符: https:\/\/t.me\/+9ZnJ_gHIFV41NzFh, 清理后: https:\/\/t.me\/+9ZnJ_gHIFV41NzFh, 识别为链接: True, 识别为数字ID: False"],"warning":""},"api_address":"185.165.170.142:5030"}
[2026-03-13T23:47:21+08:00][info] 消息ID缓存成功: task_id=69, group_id=https://t.me/+9ZnJ_gHIFV41NzFh, msg_index=1140, message_id=1146, send_user_id=4245
[2026-03-13T23:47:21+08:00][info] 消息状态标记为已发送: task_id=69, group_id=https://t.me/+9ZnJ_gHIFV41NzFh, msg_index=1140
[2026-03-13T23:47:21+08:00][info] 任务 69 将在 90 秒后继续处理下一条消息，索引: 1141, 实例ID: task_69_index_1141_1773416841.3297
[2026-03-13T23:47:36+08:00][info] 开始处理队列任务: task_id=66, current_index=8
[2026-03-13T23:47:36+08:00][info] 消息缓存初始化完成: task_id=66, groups=https://t.me/twogrqoup
[2026-03-13T23:47:36+08:00][info] 任务 66 第 905 次循环，重置群组 https://t.me/twogrqoup 消息状态
[2026-03-13T23:47:36+08:00][info] 使用当前发送用户 3469 的 session_path/www/wwwroot/tdata.tgbota.top/public/uploads/admin/202602/6997fc3070d84/819056965118/tdata/temp_8418493902.session
[2026-03-13T23:47:41+08:00][info] 返回:{"status":true,"message":"发送完成，成功1个，失败0个[]","data":{"success":[{"group_id":3895336513,"group_link":"https:\/\/t.me\/twogrqoup","type":"megagroup","message":"发送成功","message_id":8433}],"failed":[],"debug":["处理标识符: https:\/\/t.me\/twogrqoup, 清理后: https:\/\/t.me\/twogrqoup, 识别为链接: True, 识别为数字ID: False","已是群组成员，群组ID: 3895336513"],"warning":""},"api_address":"185.165.170.142:5062"}
[2026-03-13T23:47:41+08:00][info] 消息ID缓存成功: task_id=66, group_id=https://t.me/twogrqoup, msg_index=8, message_id=8433, send_user_id=3469
[2026-03-13T23:47:41+08:00][info] 消息状态标记为已发送: task_id=66, group_id=https://t.me/twogrqoup, msg_index=8
[2026-03-13T23:47:41+08:00][info] 任务 66 将在 30 秒后继续处理下一条消息，索引: 9, 实例ID: task_66_index_9_1773416861.7955
[2026-03-13T23:48:11+08:00][info] 开始处理队列任务: task_id=66, current_index=9
[2026-03-13T23:48:11+08:00][info] 消息缓存初始化完成: task_id=66, groups=https://t.me/twogrqoup
[2026-03-13T23:48:11+08:00][info] 任务 66 第 905 次循环，重置群组 https://t.me/twogrqoup 消息状态
[2026-03-13T23:48:11+08:00][info] 任务 66 第 905 轮完成，准备进行第 906 轮
[2026-03-13T23:48:11+08:00][info] 任务 66 即将为下一轮重新入队，延迟 5 秒，从索引 0 开始
[2026-03-13T23:48:16+08:00][info] 开始处理队列任务: task_id=66, current_index=0
[2026-03-13T23:48:16+08:00][info] 消息缓存初始化完成: task_id=66, groups=https://t.me/twogrqoup
[2026-03-13T23:48:16+08:00][info] 任务 66 第 906 次循环，重置群组 https://t.me/twogrqoup 消息状态
[2026-03-13T23:48:16+08:00][info] 使用当前发送用户 3469 的 session_path/www/wwwroot/tdata.tgbota.top/public/uploads/admin/202602/6997fc3070d84/819056965118/tdata/temp_8418493902.session
[2026-03-13T23:48:22+08:00][info] 返回:{"status":true,"message":"发送完成，成功1个，失败0个[]","data":{"success":[{"group_id":3895336513,"group_link":"https:\/\/t.me\/twogrqoup","type":"megagroup","message":"发送成功","message_id":8434}],"failed":[],"debug":["处理标识符: https:\/\/t.me\/twogrqoup, 清理后: https:\/\/t.me\/twogrqoup, 识别为链接: True, 识别为数字ID: False","已是群组成员，群组ID: 3895336513"],"warning":""},"api_address":"185.165.170.142:5062"}
[2026-03-13T23:48:22+08:00][info] 消息ID缓存成功: task_id=66, group_id=https://t.me/twogrqoup, msg_index=0, message_id=8434, send_user_id=3469
[2026-03-13T23:48:22+08:00][info] 消息状态标记为已发送: task_id=66, group_id=https://t.me/twogrqoup, msg_index=0
[2026-03-13T23:48:22+08:00][info] 任务 66 将在 15 秒后继续处理下一条消息，索引: 1, 实例ID: task_66_index_1_1773416902.7929
[2026-03-13T23:48:25+08:00][info] 开始处理队列任务: task_id=68, current_index=10
[2026-03-13T23:48:25+08:00][info] 使用feedbackType=7的消息ID: 1721
[2026-03-13T23:48:25+08:00][info] 使用消息配置中指定的用户 4265 的 session_path/www/wwwroot/tdata.tgbota.top/public/uploads/admin/202603/69b10fe00169d/13509008919/tdata/temp_8402830255.session
[2026-03-13T23:48:32+08:00][info] 开始处理队列任务: task_id=67, current_index=10
[2026-03-13T23:48:32+08:00][info] 使用feedbackType=7的消息ID: 1722
[2026-03-13T23:48:32+08:00][info] 使用消息配置中指定的用户 4265 的 session_path/www/wwwroot/tdata.tgbota.top/public/uploads/admin/202603/69b10fe00169d/13509008919/tdata/temp_8402830255.session
[2026-03-13T23:48:32+08:00][info] 返回:{"status":true,"message":"发送完成，成功1个，失败0个[]","data":{"success":[{"group_id":5288642383,"group_link":"https:\/\/t.me\/+Ro19Ihqy-nRmZTMx","type":"chat","message":"发送成功","message_id":1713}],"failed":[],"debug":["处理标识符: https:\/\/t.me\/+Ro19Ihqy-nRmZTMx, 清理后: https:\/\/t.me\/+Ro19Ihqy-nRmZTMx, 识别为链接: True, 识别为数字ID: False"],"warning":""},"api_address":"185.165.170.142:5010"}
[2026-03-13T23:48:32+08:00][info] 消息ID缓存成功: task_id=68, group_id=https://t.me/+Ro19Ihqy-nRmZTMx, msg_index=10, message_id=1713, send_user_id=4265
[2026-03-13T23:48:32+08:00][info] 消息状态标记为已发送: task_id=68, group_id=https://t.me/+Ro19Ihqy-nRmZTMx, msg_index=10
[2026-03-13T23:48:32+08:00][info] 任务 68 将在 95 秒后继续处理下一条消息，索引: 11, 实例ID: task_68_index_11_1773416912.901
[2026-03-13T23:48:34+08:00][info] 使用feedbackType=7的消息ID: 1722
[2026-03-13T23:48:34+08:00][info] 使用当前发送用户 4265 的 session_path/www/wwwroot/tdata.tgbota.top/public/uploads/admin/202603/69b10fe00169d/13509008919/tdata/temp_8402830255.session
[2026-03-13T23:48:38+08:00][info] 开始处理队列任务: task_id=66, current_index=1
[2026-03-13T23:48:38+08:00][info] 消息缓存初始化完成: task_id=66, groups=https://t.me/twogrqoup
[2026-03-13T23:48:38+08:00][info] 任务 66 第 906 次循环，重置群组 https://t.me/twogrqoup 消息状态
[2026-03-13T23:48:38+08:00][info] 使用当前发送用户 3472 的 session_path/www/wwwroot/tdata.tgbota.top/public/uploads/admin/202602/6997fc3070d84/819050054287/tdata/temp_8308580822.session
[2026-03-13T23:48:41+08:00][info] 返回:{"status":true,"message":"发送完成，成功1个，失败0个[]","data":{"success":[{"group_id":5283535179,"group_link":"https:\/\/t.me\/+o6W8r1Tomb04Y2Q5","type":"chat","message":"发送成功","message_id":1714}],"failed":[],"debug":["处理标识符: https:\/\/t.me\/+o6W8r1Tomb04Y2Q5, 清理后: https:\/\/t.me\/+o6W8r1Tomb04Y2Q5, 识别为链接: True, 识别为数字ID: False"],"warning":""},"api_address":"185.165.170.142:5010"}
[2026-03-13T23:48:41+08:00][info] 消息ID缓存成功: task_id=67, group_id=https://t.me/+o6W8r1Tomb04Y2Q5, msg_index=10, message_id=1714, send_user_id=4265
[2026-03-13T23:48:41+08:00][info] 消息状态标记为已发送: task_id=67, group_id=https://t.me/+o6W8r1Tomb04Y2Q5, msg_index=10
[2026-03-13T23:48:41+08:00][info] 任务 67 将在 95 秒后继续处理下一条消息，索引: 11, 实例ID: task_67_index_11_1773416921.2684
[2026-03-13T23:48:43+08:00][info] 返回:{"status":true,"message":"发送完成，成功1个，失败0个[]","data":{"success":[{"group_id":3895336513,"group_link":"https:\/\/t.me\/twogrqoup","type":"megagroup","message":"发送成功","message_id":8435}],"failed":[],"debug":["处理标识符: https:\/\/t.me\/twogrqoup, 清理后: https:\/\/t.me\/twogrqoup, 识别为链接: True, 识别为数字ID: False","已是群组成员，群组ID: 3895336513"],"warning":""},"api_address":"185.165.170.142:5042"}
[2026-03-13T23:48:43+08:00][info] 消息ID缓存成功: task_id=66, group_id=https://t.me/twogrqoup, msg_index=1, message_id=8435, send_user_id=3472
[2026-03-13T23:48:43+08:00][info] 消息状态标记为已发送: task_id=66, group_id=https://t.me/twogrqoup, msg_index=1
[2026-03-13T23:48:43+08:00][info] 任务 66 将在 30 秒后继续处理下一条消息，索引: 2, 实例ID: task_66_index_2_1773416923.7442
[2026-03-13T23:48:51+08:00][info] 开始处理队列任务: task_id=69, current_index=1141
[2026-03-13T23:48:51+08:00][info] 使用feedbackType=1141的消息ID: 1146
[2026-03-13T23:48:51+08:00][info] 使用当前发送用户 4238 的 session_path/www/wwwroot/tdata.tgbota.top/public/uploads/admin/202603/69b10fe00169d/13513524987/tdata/temp_8437054734.session
[2026-03-13T23:48:59+08:00][info] 返回:{"status":true,"message":"发送完成，成功1个，失败0个[]","data":{"success":[{"group_id":5072487869,"group_link":"https:\/\/t.me\/+9ZnJ_gHIFV41NzFh","type":"chat","message":"发送成功","message_id":1129}],"failed":[],"debug":["处理标识符: https:\/\/t.me\/+9ZnJ_gHIFV41NzFh, 清理后: https:\/\/t.me\/+9ZnJ_gHIFV41NzFh, 识别为链接: True, 识别为数字ID: False","文件1有效: \/www\/wwwroot\/tdata.tgbota.top\/public\/uploads\/admin\/202512\/693ae50367232.jpg (37338字节)","发送单个文件: \/www\/wwwroot\/tdata.tgbota.top\/public\/uploads\/admin\/202512\/693ae50367232.jpg"],"warning":""},"api_address":"185.165.170.142:5023"}
[2026-03-13T23:48:59+08:00][info] 消息ID缓存成功: task_id=69, group_id=https://t.me/+9ZnJ_gHIFV41NzFh, msg_index=1141, message_id=1129, send_user_id=4238
[2026-03-13T23:48:59+08:00][info] 消息状态标记为已发送: task_id=69, group_id=https://t.me/+9ZnJ_gHIFV41NzFh, msg_index=1141
[2026-03-13T23:48:59+08:00][info] 任务 69 将在 65 秒后继续处理下一条消息，索引: 1142, 实例ID: task_69_index_1142_1773416939.5431
[2026-03-13T23:49:13+08:00][info] 开始处理队列任务: task_id=66, current_index=2
[2026-03-13T23:49:13+08:00][info] 消息缓存初始化完成: task_id=66, groups=https://t.me/twogrqoup
[2026-03-13T23:49:13+08:00][info] 任务 66 第 906 次循环，重置群组 https://t.me/twogrqoup 消息状态
[2026-03-13T23:49:13+08:00][info] 使用当前发送用户 3473 的 session_path/www/wwwroot/tdata.tgbota.top/public/uploads/admin/202602/6997fc3070d84/819054626431/tdata/temp_8503359249.session
[2026-03-13T23:49:20+08:00][info] 返回:{"status":true,"message":"发送完成，成功1个，失败0个[]","data":{"success":[{"group_id":3895336513,"group_link":"https:\/\/t.me\/twogrqoup","type":"megagroup","message":"发送成功","message_id":8436}],"failed":[],"debug":["处理标识符: https:\/\/t.me\/twogrqoup, 清理后: https:\/\/t.me\/twogrqoup, 识别为链接: True, 识别为数字ID: False","已是群组成员，群组ID: 3895336513"],"warning":""},"api_address":"185.165.170.142:5043"}
[2026-03-13T23:49:20+08:00][info] 消息ID缓存成功: task_id=66, group_id=https://t.me/twogrqoup, msg_index=2, message_id=8436, send_user_id=3473
[2026-03-13T23:49:20+08:00][info] 消息状态标记为已发送: task_id=66, group_id=https://t.me/twogrqoup, msg_index=2
[2026-03-13T23:49:21+08:00][info] 任务 66 将在 45 秒后继续处理下一条消息，索引: 3, 实例ID: task_66_index_3_1773416961.0276
[2026-03-13T23:50:05+08:00][info] 开始处理队列任务: task_id=69, current_index=1142
[2026-03-13T23:50:05+08:00][info] 使用当前发送用户 4238 的 session_path/www/wwwroot/tdata.tgbota.top/public/uploads/admin/202603/69b10fe00169d/13513524987/tdata/temp_8437054734.session
[2026-03-13T23:50:06+08:00][info] 开始处理队列任务: task_id=66, current_index=3
[2026-03-13T23:50:06+08:00][info] 消息缓存初始化完成: task_id=66, groups=https://t.me/twogrqoup
[2026-03-13T23:50:06+08:00][info] 任务 66 第 906 次循环，重置群组 https://t.me/twogrqoup 消息状态
[2026-03-13T23:50:06+08:00][info] 使用当前发送用户 3469 的 session_path/www/wwwroot/tdata.tgbota.top/public/uploads/admin/202602/6997fc3070d84/819056965118/tdata/temp_8418493902.session
[2026-03-13T23:50:08+08:00][info] 开始处理队列任务: task_id=68, current_index=11
[2026-03-13T23:50:08+08:00][info] 使用消息配置中指定的用户 4269 的 session_path/www/wwwroot/tdata.tgbota.top/public/uploads/admin/202603/69b10fe00169d/13502520210/tdata/temp_8262386755.session
[2026-03-13T23:50:10+08:00][info] 返回:{"status":true,"message":"发送完成，成功1个，失败0个[]","data":{"success":[{"group_id":5072487869,"group_link":"https:\/\/t.me\/+9ZnJ_gHIFV41NzFh","type":"chat","message":"发送成功","message_id":1130}],"failed":[],"debug":["处理标识符: https:\/\/t.me\/+9ZnJ_gHIFV41NzFh, 清理后: https:\/\/t.me\/+9ZnJ_gHIFV41NzFh, 识别为链接: True, 识别为数字ID: False"],"warning":""},"api_address":"185.165.170.142:5023"}
[2026-03-13T23:50:10+08:00][info] 消息ID缓存成功: task_id=69, group_id=https://t.me/+9ZnJ_gHIFV41NzFh, msg_index=1142, message_id=1130, send_user_id=4238
[2026-03-13T23:50:10+08:00][info] 消息状态标记为已发送: task_id=69, group_id=https://t.me/+9ZnJ_gHIFV41NzFh, msg_index=1142
[2026-03-13T23:50:10+08:00][info] 任务 69 将在 109 秒后继续处理下一条消息，索引: 1143, 实例ID: task_69_index_1143_1773417010.5198
[2026-03-13T23:50:13+08:00][info] 返回:{"status":true,"message":"发送完成，成功1个，失败0个[]","data":{"success":[{"group_id":5288642383,"group_link":"https:\/\/t.me\/+Ro19Ihqy-nRmZTMx","type":"chat","message":"发送成功","message_id":1731}],"failed":[],"debug":["处理标识符: https:\/\/t.me\/+Ro19Ihqy-nRmZTMx, 清理后: https:\/\/t.me\/+Ro19Ihqy-nRmZTMx, 识别为链接: True, 识别为数字ID: False"],"warning":""},"api_address":"185.165.170.142:5014"}
[2026-03-13T23:50:13+08:00][info] 消息ID缓存成功: task_id=68, group_id=https://t.me/+Ro19Ihqy-nRmZTMx, msg_index=11, message_id=1731, send_user_id=4269
[2026-03-13T23:50:13+08:00][info] 消息状态标记为已发送: task_id=68, group_id=https://t.me/+Ro19Ihqy-nRmZTMx, msg_index=11
[2026-03-13T23:50:13+08:00][info] 任务 68 将在 100 秒后继续处理下一条消息，索引: 12, 实例ID: task_68_index_12_1773417013.0382
[2026-03-13T23:50:14+08:00][info] 返回:{"status":true,"message":"发送完成，成功1个，失败0个[]","data":{"success":[{"group_id":3895336513,"group_link":"https:\/\/t.me\/twogrqoup","type":"megagroup","message":"发送成功","message_id":8437}],"failed":[],"debug":["处理标识符: https:\/\/t.me\/twogrqoup, 清理后: https:\/\/t.me\/twogrqoup, 识别为链接: True, 识别为数字ID: False","已是群组成员，群组ID: 3895336513"],"warning":""},"api_address":"185.165.170.142:5062"}
[2026-03-13T23:50:14+08:00][info] 消息ID缓存成功: task_id=66, group_id=https://t.me/twogrqoup, msg_index=3, message_id=8437, send_user_id=3469
[2026-03-13T23:50:14+08:00][info] 消息状态标记为已发送: task_id=66, group_id=https://t.me/twogrqoup, msg_index=3
[2026-03-13T23:50:14+08:00][info] 任务 66 将在 20 秒后继续处理下一条消息，索引: 4, 实例ID: task_66_index_4_1773417014.2652
[2026-03-13T23:50:16+08:00][info] 开始处理队列任务: task_id=67, current_index=11
[2026-03-13T23:50:16+08:00][info] 使用消息配置中指定的用户 4269 的 session_path/www/wwwroot/tdata.tgbota.top/public/uploads/admin/202603/69b10fe00169d/13502520210/tdata/temp_8262386755.session
[2026-03-13T23:50:21+08:00][info] 返回:{"status":true,"message":"发送完成，成功1个，失败0个[]","data":{"success":[{"group_id":5283535179,"group_link":"https:\/\/t.me\/+o6W8r1Tomb04Y2Q5","type":"chat","message":"发送成功","message_id":1732}],"failed":[],"debug":["处理标识符: https:\/\/t.me\/+o6W8r1Tomb04Y2Q5, 清理后: https:\/\/t.me\/+o6W8r1Tomb04Y2Q5, 识别为链接: True, 识别为数字ID: False"],"warning":""},"api_address":"185.165.170.142:5014"}
[2026-03-13T23:50:21+08:00][info] 消息ID缓存成功: task_id=67, group_id=https://t.me/+o6W8r1Tomb04Y2Q5, msg_index=11, message_id=1732, send_user_id=4269
[2026-03-13T23:50:21+08:00][info] 消息状态标记为已发送: task_id=67, group_id=https://t.me/+o6W8r1Tomb04Y2Q5, msg_index=11
[2026-03-13T23:50:21+08:00][info] 任务 67 将在 100 秒后继续处理下一条消息，索引: 12, 实例ID: task_67_index_12_1773417021.8938
[2026-03-13T23:50:34+08:00][info] 开始处理队列任务: task_id=66, current_index=4
[2026-03-13T23:50:34+08:00][info] 消息缓存初始化完成: task_id=66, groups=https://t.me/twogrqoup
[2026-03-13T23:50:34+08:00][info] 任务 66 第 906 次循环，重置群组 https://t.me/twogrqoup 消息状态
[2026-03-13T23:50:34+08:00][info] 使用当前发送用户 3471 的 session_path/www/wwwroot/tdata.tgbota.top/public/uploads/admin/202602/6997fc3070d84/819089723520/tdata/temp_8574369010.session
[2026-03-13T23:50:40+08:00][info] 返回:{"status":true,"message":"发送完成，成功1个，失败0个[]","data":{"success":[{"group_id":3895336513,"group_link":"https:\/\/t.me\/twogrqoup","type":"megagroup","message":"发送成功","message_id":8438}],"failed":[],"debug":["处理标识符: https:\/\/t.me\/twogrqoup, 清理后: https:\/\/t.me\/twogrqoup, 识别为链接: True, 识别为数字ID: False","已是群组成员，群组ID: 3895336513"],"warning":""},"api_address":"185.165.170.142:5023"}
[2026-03-13T23:50:40+08:00][info] 消息ID缓存成功: task_id=66, group_id=https://t.me/twogrqoup, msg_index=4, message_id=8438, send_user_id=3471
[2026-03-13T23:50:40+08:00][info] 消息状态标记为已发送: task_id=66, group_id=https://t.me/twogrqoup, msg_index=4
[2026-03-13T23:50:40+08:00][info] 任务 66 将在 26 秒后继续处理下一条消息，索引: 5, 实例ID: task_66_index_5_1773417040.1019
[2026-03-13T23:51:06+08:00][info] 开始处理队列任务: task_id=66, current_index=5
[2026-03-13T23:51:06+08:00][info] 消息缓存初始化完成: task_id=66, groups=https://t.me/twogrqoup
[2026-03-13T23:51:06+08:00][info] 任务 66 第 906 次循环，重置群组 https://t.me/twogrqoup 消息状态
[2026-03-13T23:51:06+08:00][info] 使用当前发送用户 3469 的 session_path/www/wwwroot/tdata.tgbota.top/public/uploads/admin/202602/6997fc3070d84/819056965118/tdata/temp_8418493902.session
[2026-03-13T23:51:13+08:00][info] 返回:{"status":true,"message":"发送完成，成功1个，失败0个[]","data":{"success":[{"group_id":3895336513,"group_link":"https:\/\/t.me\/twogrqoup","type":"megagroup","message":"发送成功","message_id":8439}],"failed":[],"debug":["处理标识符: https:\/\/t.me\/twogrqoup, 清理后: https:\/\/t.me\/twogrqoup, 识别为链接: True, 识别为数字ID: False","已是群组成员，群组ID: 3895336513"],"warning":""},"api_address":"185.165.170.142:5062"}
[2026-03-13T23:51:13+08:00][info] 消息ID缓存成功: task_id=66, group_id=https://t.me/twogrqoup, msg_index=5, message_id=8439, send_user_id=3469
[2026-03-13T23:51:13+08:00][info] 消息状态标记为已发送: task_id=66, group_id=https://t.me/twogrqoup, msg_index=5
[2026-03-13T23:51:13+08:00][info] 任务 66 将在 27 秒后继续处理下一条消息，索引: 6, 实例ID: task_66_index_6_1773417073.283
[2026-03-13T23:51:40+08:00][info] 开始处理队列任务: task_id=66, current_index=6
[2026-03-13T23:51:40+08:00][info] 消息缓存初始化完成: task_id=66, groups=https://t.me/twogrqoup
[2026-03-13T23:51:40+08:00][info] 任务 66 第 906 次循环，重置群组 https://t.me/twogrqoup 消息状态
[2026-03-13T23:51:40+08:00][info] 使用当前发送用户 3471 的 session_path/www/wwwroot/tdata.tgbota.top/public/uploads/admin/202602/6997fc3070d84/819089723520/tdata/temp_8574369010.session
[2026-03-13T23:51:46+08:00][info] 返回:{"status":true,"message":"发送完成，成功1个，失败0个[]","data":{"success":[{"group_id":3895336513,"group_link":"https:\/\/t.me\/twogrqoup","type":"megagroup","message":"发送成功","message_id":8440}],"failed":[],"debug":["处理标识符: https:\/\/t.me\/twogrqoup, 清理后: https:\/\/t.me\/twogrqoup, 识别为链接: True, 识别为数字ID: False","已是群组成员，群组ID: 3895336513"],"warning":""},"api_address":"185.165.170.142:5023"}
[2026-03-13T23:51:46+08:00][info] 消息ID缓存成功: task_id=66, group_id=https://t.me/twogrqoup, msg_index=6, message_id=8440, send_user_id=3471
[2026-03-13T23:51:46+08:00][info] 消息状态标记为已发送: task_id=66, group_id=https://t.me/twogrqoup, msg_index=6
[2026-03-13T23:51:46+08:00][info] 任务 66 将在 13 秒后继续处理下一条消息，索引: 7, 实例ID: task_66_index_7_1773417106.5348
[2026-03-13T23:51:53+08:00][info] 开始处理队列任务: task_id=68, current_index=12
[2026-03-13T23:51:53+08:00][info] 使用消息配置中指定的用户 4269 的 session_path/www/wwwroot/tdata.tgbota.top/public/uploads/admin/202603/69b10fe00169d/13502520210/tdata/temp_8262386755.session
[2026-03-13T23:51:57+08:00][info] 返回:{"status":true,"message":"发送完成，成功1个，失败0个[]","data":{"success":[{"group_id":5288642383,"group_link":"https:\/\/t.me\/+Ro19Ihqy-nRmZTMx","type":"chat","message":"发送成功","message_id":1733}],"failed":[],"debug":["处理标识符: https:\/\/t.me\/+Ro19Ihqy-nRmZTMx, 清理后: https:\/\/t.me\/+Ro19Ihqy-nRmZTMx, 识别为链接: True, 识别为数字ID: False"],"warning":""},"api_address":"185.165.170.142:5014"}
[2026-03-13T23:51:57+08:00][info] 消息ID缓存成功: task_id=68, group_id=https://t.me/+Ro19Ihqy-nRmZTMx, msg_index=12, message_id=1733, send_user_id=4269
[2026-03-13T23:51:57+08:00][info] 消息状态标记为已发送: task_id=68, group_id=https://t.me/+Ro19Ihqy-nRmZTMx, msg_index=12
[2026-03-13T23:51:57+08:00][info] 任务 68 将在 101 秒后继续处理下一条消息，索引: 13, 实例ID: task_68_index_13_1773417117.8737
[2026-03-13T23:51:59+08:00][info] 开始处理队列任务: task_id=66, current_index=7
[2026-03-13T23:51:59+08:00][info] 消息缓存初始化完成: task_id=66, groups=https://t.me/twogrqoup
[2026-03-13T23:51:59+08:00][info] 任务 66 第 906 次循环，重置群组 https://t.me/twogrqoup 消息状态
[2026-03-13T23:51:59+08:00][info] 使用当前发送用户 3471 的 session_path/www/wwwroot/tdata.tgbota.top/public/uploads/admin/202602/6997fc3070d84/819089723520/tdata/temp_8574369010.session
[2026-03-13T23:51:59+08:00][info] 开始处理队列任务: task_id=69, current_index=1143
[2026-03-13T23:51:59+08:00][info] 使用消息配置中指定的用户 4249 的 session_path/www/wwwroot/tdata.tgbota.top/public/uploads/admin/202603/69b10fe00169d/13528023939/tdata/temp_8564033513.session
[2026-03-13T23:52:01+08:00][info] 开始处理队列任务: task_id=67, current_index=12
[2026-03-13T23:52:01+08:00][info] 使用消息配置中指定的用户 4269 的 session_path/www/wwwroot/tdata.tgbota.top/public/uploads/admin/202603/69b10fe00169d/13502520210/tdata/temp_8262386755.session
[2026-03-13T23:52:04+08:00][info] 返回:{"status":true,"message":"发送完成，成功1个，失败0个[]","data":{"success":[{"group_id":5072487869,"group_link":"https:\/\/t.me\/+9ZnJ_gHIFV41NzFh","type":"chat","message":"发送成功","message_id":1157}],"failed":[],"debug":["处理标识符: https:\/\/t.me\/+9ZnJ_gHIFV41NzFh, 清理后: https:\/\/t.me\/+9ZnJ_gHIFV41NzFh, 识别为链接: True, 识别为数字ID: False"],"warning":""},"api_address":"185.165.170.142:5034"}
[2026-03-13T23:52:04+08:00][info] 消息ID缓存成功: task_id=69, group_id=https://t.me/+9ZnJ_gHIFV41NzFh, msg_index=1143, message_id=1157, send_user_id=4249
[2026-03-13T23:52:04+08:00][info] 消息状态标记为已发送: task_id=69, group_id=https://t.me/+9ZnJ_gHIFV41NzFh, msg_index=1143
[2026-03-13T23:52:04+08:00][info] 任务 69 将在 121 秒后继续处理下一条消息，索引: 1144, 实例ID: task_69_index_1144_1773417124.7383
[2026-03-13T23:52:05+08:00][info] 返回:{"status":true,"message":"发送完成，成功1个，失败0个[]","data":{"success":[{"group_id":3895336513,"group_link":"https:\/\/t.me\/twogrqoup","type":"megagroup","message":"发送成功","message_id":8441}],"failed":[],"debug":["处理标识符: https:\/\/t.me\/twogrqoup, 清理后: https:\/\/t.me\/twogrqoup, 识别为链接: True, 识别为数字ID: False","已是群组成员，群组ID: 3895336513"],"warning":""},"api_address":"185.165.170.142:5023"}
[2026-03-13T23:52:05+08:00][info] 消息ID缓存成功: task_id=66, group_id=https://t.me/twogrqoup, msg_index=7, message_id=8441, send_user_id=3471
[2026-03-13T23:52:05+08:00][info] 消息状态标记为已发送: task_id=66, group_id=https://t.me/twogrqoup, msg_index=7
[2026-03-13T23:52:05+08:00][info] 任务 66 将在 26 秒后继续处理下一条消息，索引: 8, 实例ID: task_66_index_8_1773417125.9491
[2026-03-13T23:52:07+08:00][info] 返回:{"status":true,"message":"发送完成，成功1个，失败0个[]","data":{"success":[{"group_id":5283535179,"group_link":"https:\/\/t.me\/+o6W8r1Tomb04Y2Q5","type":"chat","message":"发送成功","message_id":1734}],"failed":[],"debug":["处理标识符: https:\/\/t.me\/+o6W8r1Tomb04Y2Q5, 清理后: https:\/\/t.me\/+o6W8r1Tomb04Y2Q5, 识别为链接: True, 识别为数字ID: False"],"warning":""},"api_address":"185.165.170.142:5014"}
[2026-03-13T23:52:07+08:00][info] 消息ID缓存成功: task_id=67, group_id=https://t.me/+o6W8r1Tomb04Y2Q5, msg_index=12, message_id=1734, send_user_id=4269
[2026-03-13T23:52:07+08:00][info] 消息状态标记为已发送: task_id=67, group_id=https://t.me/+o6W8r1Tomb04Y2Q5, msg_index=12
[2026-03-13T23:52:07+08:00][info] 任务 67 将在 101 秒后继续处理下一条消息，索引: 13, 实例ID: task_67_index_13_1773417127.6477
[2026-03-13T23:52:31+08:00][info] 开始处理队列任务: task_id=66, current_index=8
[2026-03-13T23:52:31+08:00][info] 消息缓存初始化完成: task_id=66, groups=https://t.me/twogrqoup
[2026-03-13T23:52:31+08:00][info] 任务 66 第 906 次循环，重置群组 https://t.me/twogrqoup 消息状态
[2026-03-13T23:52:31+08:00][info] 使用当前发送用户 3469 的 session_path/www/wwwroot/tdata.tgbota.top/public/uploads/admin/202602/6997fc3070d84/819056965118/tdata/temp_8418493902.session
[2026-03-13T23:52:36+08:00][info] 返回:{"status":true,"message":"发送完成，成功1个，失败0个[]","data":{"success":[{"group_id":3895336513,"group_link":"https:\/\/t.me\/twogrqoup","type":"megagroup","message":"发送成功","message_id":8442}],"failed":[],"debug":["处理标识符: https:\/\/t.me\/twogrqoup, 清理后: https:\/\/t.me\/twogrqoup, 识别为链接: True, 识别为数字ID: False","已是群组成员，群组ID: 3895336513"],"warning":""},"api_address":"185.165.170.142:5062"}
[2026-03-13T23:52:36+08:00][info] 消息ID缓存成功: task_id=66, group_id=https://t.me/twogrqoup, msg_index=8, message_id=8442, send_user_id=3469
[2026-03-13T23:52:36+08:00][info] 消息状态标记为已发送: task_id=66, group_id=https://t.me/twogrqoup, msg_index=8
[2026-03-13T23:52:37+08:00][info] 任务 66 将在 30 秒后继续处理下一条消息，索引: 9, 实例ID: task_66_index_9_1773417157.0239
[2026-03-13T23:53:07+08:00][info] 开始处理队列任务: task_id=66, current_index=9
[2026-03-13T23:53:07+08:00][info] 消息缓存初始化完成: task_id=66, groups=https://t.me/twogrqoup
[2026-03-13T23:53:07+08:00][info] 任务 66 第 906 次循环，重置群组 https://t.me/twogrqoup 消息状态
[2026-03-13T23:53:07+08:00][info] 任务 66 第 906 轮完成，准备进行第 907 轮
[2026-03-13T23:53:07+08:00][info] 任务 66 即将为下一轮重新入队，延迟 5 秒，从索引 0 开始
[2026-03-13T23:53:12+08:00][info] 开始处理队列任务: task_id=66, current_index=0
[2026-03-13T23:53:12+08:00][info] 消息缓存初始化完成: task_id=66, groups=https://t.me/twogrqoup
[2026-03-13T23:53:12+08:00][info] 任务 66 第 907 次循环，重置群组 https://t.me/twogrqoup 消息状态
[2026-03-13T23:53:12+08:00][info] 使用当前发送用户 3469 的 session_path/www/wwwroot/tdata.tgbota.top/public/uploads/admin/202602/6997fc3070d84/819056965118/tdata/temp_8418493902.session
[2026-03-13T23:53:20+08:00][info] 返回:{"status":true,"message":"发送完成，成功1个，失败0个[]","data":{"success":[{"group_id":3895336513,"group_link":"https:\/\/t.me\/twogrqoup","type":"megagroup","message":"发送成功","message_id":8443}],"failed":[],"debug":["处理标识符: https:\/\/t.me\/twogrqoup, 清理后: https:\/\/t.me\/twogrqoup, 识别为链接: True, 识别为数字ID: False","已是群组成员，群组ID: 3895336513"],"warning":""},"api_address":"185.165.170.142:5062"}
[2026-03-13T23:53:20+08:00][info] 消息ID缓存成功: task_id=66, group_id=https://t.me/twogrqoup, msg_index=0, message_id=8443, send_user_id=3469
[2026-03-13T23:53:20+08:00][info] 消息状态标记为已发送: task_id=66, group_id=https://t.me/twogrqoup, msg_index=0
[2026-03-13T23:53:20+08:00][info] 任务 66 将在 15 秒后继续处理下一条消息，索引: 1, 实例ID: task_66_index_1_1773417200.27
[2026-03-13T23:53:35+08:00][info] 开始处理队列任务: task_id=66, current_index=1
[2026-03-13T23:53:35+08:00][info] 消息缓存初始化完成: task_id=66, groups=https://t.me/twogrqoup
[2026-03-13T23:53:35+08:00][info] 任务 66 第 907 次循环，重置群组 https://t.me/twogrqoup 消息状态
[2026-03-13T23:53:35+08:00][info] 使用当前发送用户 3472 的 session_path/www/wwwroot/tdata.tgbota.top/public/uploads/admin/202602/6997fc3070d84/819050054287/tdata/temp_8308580822.session
[2026-03-13T23:53:38+08:00][info] 开始处理队列任务: task_id=68, current_index=13
[2026-03-13T23:53:38+08:00][info] 使用消息配置中指定的用户 4265 的 session_path/www/wwwroot/tdata.tgbota.top/public/uploads/admin/202603/69b10fe00169d/13509008919/tdata/temp_8402830255.session
[2026-03-13T23:53:41+08:00][info] 返回:{"status":true,"message":"发送完成，成功1个，失败0个[]","data":{"success":[{"group_id":3895336513,"group_link":"https:\/\/t.me\/twogrqoup","type":"megagroup","message":"发送成功","message_id":8444}],"failed":[],"debug":["处理标识符: https:\/\/t.me\/twogrqoup, 清理后: https:\/\/t.me\/twogrqoup, 识别为链接: True, 识别为数字ID: False","已是群组成员，群组ID: 3895336513"],"warning":""},"api_address":"185.165.170.142:5042"}
[2026-03-13T23:53:41+08:00][info] 消息ID缓存成功: task_id=66, group_id=https://t.me/twogrqoup, msg_index=1, message_id=8444, send_user_id=3472
[2026-03-13T23:53:41+08:00][info] 消息状态标记为已发送: task_id=66, group_id=https://t.me/twogrqoup, msg_index=1
[2026-03-13T23:53:41+08:00][info] 任务 66 将在 30 秒后继续处理下一条消息，索引: 2, 实例ID: task_66_index_2_1773417221.7395
[2026-03-13T23:53:44+08:00][info] 返回:{"status":true,"message":"发送完成，成功1个，失败0个[]","data":{"success":[{"group_id":5288642383,"group_link":"https:\/\/t.me\/+Ro19Ihqy-nRmZTMx","type":"chat","message":"发送成功","message_id":1719}],"failed":[],"debug":["处理标识符: https:\/\/t.me\/+Ro19Ihqy-nRmZTMx, 清理后: https:\/\/t.me\/+Ro19Ihqy-nRmZTMx, 识别为链接: True, 识别为数字ID: False"],"warning":""},"api_address":"185.165.170.142:5010"}
[2026-03-13T23:53:44+08:00][info] 消息ID缓存成功: task_id=68, group_id=https://t.me/+Ro19Ihqy-nRmZTMx, msg_index=13, message_id=1719, send_user_id=4265
[2026-03-13T23:53:44+08:00][info] 消息状态标记为已发送: task_id=68, group_id=https://t.me/+Ro19Ihqy-nRmZTMx, msg_index=13
[2026-03-13T23:53:44+08:00][info] 任务 68 将在 109 秒后继续处理下一条消息，索引: 14, 实例ID: task_68_index_14_1773417224.5408
[2026-03-13T23:53:48+08:00][info] 开始处理队列任务: task_id=67, current_index=13
[2026-03-13T23:53:48+08:00][info] 使用消息配置中指定的用户 4265 的 session_path/www/wwwroot/tdata.tgbota.top/public/uploads/admin/202603/69b10fe00169d/13509008919/tdata/temp_8402830255.session
[2026-03-13T23:53:54+08:00][info] 返回:{"status":true,"message":"发送完成，成功1个，失败0个[]","data":{"success":[{"group_id":5283535179,"group_link":"https:\/\/t.me\/+o6W8r1Tomb04Y2Q5","type":"chat","message":"发送成功","message_id":1720}],"failed":[],"debug":["处理标识符: https:\/\/t.me\/+o6W8r1Tomb04Y2Q5, 清理后: https:\/\/t.me\/+o6W8r1Tomb04Y2Q5, 识别为链接: True, 识别为数字ID: False"],"warning":""},"api_address":"185.165.170.142:5010"}
[2026-03-13T23:53:54+08:00][info] 消息ID缓存成功: task_id=67, group_id=https://t.me/+o6W8r1Tomb04Y2Q5, msg_index=13, message_id=1720, send_user_id=4265
[2026-03-13T23:53:54+08:00][info] 消息状态标记为已发送: task_id=67, group_id=https://t.me/+o6W8r1Tomb04Y2Q5, msg_index=13
[2026-03-13T23:53:54+08:00][info] 任务 67 将在 109 秒后继续处理下一条消息，索引: 14, 实例ID: task_67_index_14_1773417234.5417
[2026-03-13T23:54:05+08:00][info] 开始处理队列任务: task_id=69, current_index=1144
[2026-03-13T23:54:05+08:00][info] 使用消息配置中指定的用户 4249 的 session_path/www/wwwroot/tdata.tgbota.top/public/uploads/admin/202603/69b10fe00169d/13528023939/tdata/temp_8564033513.session
[2026-03-13T23:54:11+08:00][info] 开始处理队列任务: task_id=66, current_index=2
[2026-03-13T23:54:11+08:00][info] 消息缓存初始化完成: task_id=66, groups=https://t.me/twogrqoup
[2026-03-13T23:54:11+08:00][info] 任务 66 第 907 次循环，重置群组 https://t.me/twogrqoup 消息状态
[2026-03-13T23:54:11+08:00][info] 使用当前发送用户 3473 的 session_path/www/wwwroot/tdata.tgbota.top/public/uploads/admin/202602/6997fc3070d84/819054626431/tdata/temp_8503359249.session
[2026-03-13T23:54:11+08:00][info] 返回:{"status":true,"message":"发送完成，成功1个，失败0个[]","data":{"success":[{"group_id":5072487869,"group_link":"https:\/\/t.me\/+9ZnJ_gHIFV41NzFh","type":"chat","message":"发送成功","message_id":1158}],"failed":[],"debug":["处理标识符: https:\/\/t.me\/+9ZnJ_gHIFV41NzFh, 清理后: https:\/\/t.me\/+9ZnJ_gHIFV41NzFh, 识别为链接: True, 识别为数字ID: False"],"warning":""},"api_address":"185.165.170.142:5034"}
[2026-03-13T23:54:11+08:00][info] 消息ID缓存成功: task_id=69, group_id=https://t.me/+9ZnJ_gHIFV41NzFh, msg_index=1144, message_id=1158, send_user_id=4249
[2026-03-13T23:54:11+08:00][info] 消息状态标记为已发送: task_id=69, group_id=https://t.me/+9ZnJ_gHIFV41NzFh, msg_index=1144
[2026-03-13T23:54:11+08:00][info] 任务 69 将在 100 秒后继续处理下一条消息，索引: 1145, 实例ID: task_69_index_1145_1773417251.9511
[2026-03-13T23:54:17+08:00][info] 返回:{"status":true,"message":"发送完成，成功1个，失败0个[]","data":{"success":[{"group_id":3895336513,"group_link":"https:\/\/t.me\/twogrqoup","type":"megagroup","message":"发送成功","message_id":8445}],"failed":[],"debug":["处理标识符: https:\/\/t.me\/twogrqoup, 清理后: https:\/\/t.me\/twogrqoup, 识别为链接: True, 识别为数字ID: False","已是群组成员，群组ID: 3895336513"],"warning":""},"api_address":"185.165.170.142:5043"}
[2026-03-13T23:54:17+08:00][info] 消息ID缓存成功: task_id=66, group_id=https://t.me/twogrqoup, msg_index=2, message_id=8445, send_user_id=3473
[2026-03-13T23:54:17+08:00][info] 消息状态标记为已发送: task_id=66, group_id=https://t.me/twogrqoup, msg_index=2
[2026-03-13T23:54:17+08:00][info] 任务 66 将在 45 秒后继续处理下一条消息，索引: 3, 实例ID: task_66_index_3_1773417257.7946
[2026-03-13T23:55:02+08:00][info] 开始处理队列任务: task_id=66, current_index=3
[2026-03-13T23:55:02+08:00][info] 消息缓存初始化完成: task_id=66, groups=https://t.me/twogrqoup
[2026-03-13T23:55:02+08:00][info] 任务 66 第 907 次循环，重置群组 https://t.me/twogrqoup 消息状态
[2026-03-13T23:55:02+08:00][info] 使用当前发送用户 3469 的 session_path/www/wwwroot/tdata.tgbota.top/public/uploads/admin/202602/6997fc3070d84/819056965118/tdata/temp_8418493902.session
[2026-03-13T23:55:09+08:00][info] 返回:{"status":true,"message":"发送完成，成功1个，失败0个[]","data":{"success":[{"group_id":3895336513,"group_link":"https:\/\/t.me\/twogrqoup","type":"megagroup","message":"发送成功","message_id":8446}],"failed":[],"debug":["处理标识符: https:\/\/t.me\/twogrqoup, 清理后: https:\/\/t.me\/twogrqoup, 识别为链接: True, 识别为数字ID: False","已是群组成员，群组ID: 3895336513"],"warning":""},"api_address":"185.165.170.142:5062"}
[2026-03-13T23:55:09+08:00][info] 消息ID缓存成功: task_id=66, group_id=https://t.me/twogrqoup, msg_index=3, message_id=8446, send_user_id=3469
[2026-03-13T23:55:09+08:00][info] 消息状态标记为已发送: task_id=66, group_id=https://t.me/twogrqoup, msg_index=3
[2026-03-13T23:55:09+08:00][info] 任务 66 将在 20 秒后继续处理下一条消息，索引: 4, 实例ID: task_66_index_4_1773417309.1695
[2026-03-13T23:55:29+08:00][info] 开始处理队列任务: task_id=66, current_index=4
[2026-03-13T23:55:29+08:00][info] 消息缓存初始化完成: task_id=66, groups=https://t.me/twogrqoup
[2026-03-13T23:55:29+08:00][info] 任务 66 第 907 次循环，重置群组 https://t.me/twogrqoup 消息状态
[2026-03-13T23:55:29+08:00][info] 使用当前发送用户 3471 的 session_path/www/wwwroot/tdata.tgbota.top/public/uploads/admin/202602/6997fc3070d84/819089723520/tdata/temp_8574369010.session
[2026-03-13T23:55:33+08:00][info] 开始处理队列任务: task_id=68, current_index=14
[2026-03-13T23:55:33+08:00][info] 使用消息配置中指定的用户 4264 的 session_path/www/wwwroot/tdata.tgbota.top/public/uploads/admin/202603/69b10fe00169d/13376373824/tdata/temp_8349603378.session
[2026-03-13T23:55:37+08:00][info] 返回:{"status":true,"message":"发送完成，成功1个，失败0个[]","data":{"success":[{"group_id":3895336513,"group_link":"https:\/\/t.me\/twogrqoup","type":"megagroup","message":"发送成功","message_id":8447}],"failed":[],"debug":["处理标识符: https:\/\/t.me\/twogrqoup, 清理后: https:\/\/t.me\/twogrqoup, 识别为链接: True, 识别为数字ID: False","已是群组成员，群组ID: 3895336513"],"warning":""},"api_address":"185.165.170.142:5023"}
[2026-03-13T23:55:37+08:00][info] 消息ID缓存成功: task_id=66, group_id=https://t.me/twogrqoup, msg_index=4, message_id=8447, send_user_id=3471
[2026-03-13T23:55:37+08:00][info] 消息状态标记为已发送: task_id=66, group_id=https://t.me/twogrqoup, msg_index=4
[2026-03-13T23:55:37+08:00][info] 任务 66 将在 26 秒后继续处理下一条消息，索引: 5, 实例ID: task_66_index_5_1773417337.4879
[2026-03-13T23:55:38+08:00][info] 返回:{"status":true,"message":"发送完成，成功1个，失败0个[]","data":{"success":[{"group_id":5288642383,"group_link":"https:\/\/t.me\/+Ro19Ihqy-nRmZTMx","type":"chat","message":"发送成功","message_id":1711}],"failed":[],"debug":["处理标识符: https:\/\/t.me\/+Ro19Ihqy-nRmZTMx, 清理后: https:\/\/t.me\/+Ro19Ihqy-nRmZTMx, 识别为链接: True, 识别为数字ID: False"],"warning":""},"api_address":"185.165.170.142:5009"}
[2026-03-13T23:55:38+08:00][info] 消息ID缓存成功: task_id=68, group_id=https://t.me/+Ro19Ihqy-nRmZTMx, msg_index=14, message_id=1711, send_user_id=4264
[2026-03-13T23:55:38+08:00][info] 消息状态标记为已发送: task_id=68, group_id=https://t.me/+Ro19Ihqy-nRmZTMx, msg_index=14
[2026-03-13T23:55:38+08:00][info] 任务 68 将在 121 秒后继续处理下一条消息，索引: 15, 实例ID: task_68_index_15_1773417338.0663
[2026-03-13T23:55:43+08:00][info] 开始处理队列任务: task_id=67, current_index=14
[2026-03-13T23:55:43+08:00][info] 使用消息配置中指定的用户 4264 的 session_path/www/wwwroot/tdata.tgbota.top/public/uploads/admin/202603/69b10fe00169d/13376373824/tdata/temp_8349603378.session
[2026-03-13T23:55:49+08:00][info] 返回:{"status":true,"message":"发送完成，成功1个，失败0个[]","data":{"success":[{"group_id":5283535179,"group_link":"https:\/\/t.me\/+o6W8r1Tomb04Y2Q5","type":"chat","message":"发送成功","message_id":1712}],"failed":[],"debug":["处理标识符: https:\/\/t.me\/+o6W8r1Tomb04Y2Q5, 清理后: https:\/\/t.me\/+o6W8r1Tomb04Y2Q5, 识别为链接: True, 识别为数字ID: False"],"warning":""},"api_address":"185.165.170.142:5009"}
[2026-03-13T23:55:49+08:00][info] 消息ID缓存成功: task_id=67, group_id=https://t.me/+o6W8r1Tomb04Y2Q5, msg_index=14, message_id=1712, send_user_id=4264
[2026-03-13T23:55:49+08:00][info] 消息状态标记为已发送: task_id=67, group_id=https://t.me/+o6W8r1Tomb04Y2Q5, msg_index=14
[2026-03-13T23:55:49+08:00][info] 任务 67 将在 121 秒后继续处理下一条消息，索引: 15, 实例ID: task_67_index_15_1773417349.6875
[2026-03-13T23:55:51+08:00][info] 开始处理队列任务: task_id=69, current_index=1145
[2026-03-13T23:55:51+08:00][info] 使用当前发送用户 4239 的 session_path/www/wwwroot/tdata.tgbota.top/public/uploads/admin/202603/69b10fe00169d/13376377324/tdata/temp_8582856958.session
[2026-03-13T23:55:57+08:00][info] 返回:{"status":true,"message":"发送完成，成功1个，失败0个[]","data":{"success":[{"group_id":5072487869,"group_link":"https:\/\/t.me\/+9ZnJ_gHIFV41NzFh","type":"chat","message":"发送成功","message_id":1135}],"failed":[],"debug":["处理标识符: https:\/\/t.me\/+9ZnJ_gHIFV41NzFh, 清理后: https:\/\/t.me\/+9ZnJ_gHIFV41NzFh, 识别为链接: True, 识别为数字ID: False"],"warning":""},"api_address":"185.165.170.142:5024"}
[2026-03-13T23:55:57+08:00][info] 消息ID缓存成功: task_id=69, group_id=https://t.me/+9ZnJ_gHIFV41NzFh, msg_index=1145, message_id=1135, send_user_id=4239
[2026-03-13T23:55:57+08:00][info] 消息状态标记为已发送: task_id=69, group_id=https://t.me/+9ZnJ_gHIFV41NzFh, msg_index=1145
[2026-03-13T23:55:57+08:00][info] 任务 69 将在 91 秒后继续处理下一条消息，索引: 1146, 实例ID: task_69_index_1146_1773417357.143
[2026-03-13T23:56:03+08:00][info] 开始处理队列任务: task_id=66, current_index=5
[2026-03-13T23:56:03+08:00][info] 消息缓存初始化完成: task_id=66, groups=https://t.me/twogrqoup
[2026-03-13T23:56:03+08:00][info] 任务 66 第 907 次循环，重置群组 https://t.me/twogrqoup 消息状态
[2026-03-13T23:56:03+08:00][info] 使用当前发送用户 3469 的 session_path/www/wwwroot/tdata.tgbota.top/public/uploads/admin/202602/6997fc3070d84/819056965118/tdata/temp_8418493902.session
[2026-03-13T23:56:08+08:00][info] 返回:{"status":true,"message":"发送完成，成功1个，失败0个[]","data":{"success":[{"group_id":3895336513,"group_link":"https:\/\/t.me\/twogrqoup","type":"megagroup","message":"发送成功","message_id":8448}],"failed":[],"debug":["处理标识符: https:\/\/t.me\/twogrqoup, 清理后: https:\/\/t.me\/twogrqoup, 识别为链接: True, 识别为数字ID: False","已是群组成员，群组ID: 3895336513"],"warning":""},"api_address":"185.165.170.142:5062"}
[2026-03-13T23:56:08+08:00][info] 消息ID缓存成功: task_id=66, group_id=https://t.me/twogrqoup, msg_index=5, message_id=8448, send_user_id=3469
[2026-03-13T23:56:08+08:00][info] 消息状态标记为已发送: task_id=66, group_id=https://t.me/twogrqoup, msg_index=5
[2026-03-13T23:56:08+08:00][info] 任务 66 将在 27 秒后继续处理下一条消息，索引: 6, 实例ID: task_66_index_6_1773417368.8851
[2026-03-13T23:56:35+08:00][info] 开始处理队列任务: task_id=66, current_index=6
[2026-03-13T23:56:35+08:00][info] 消息缓存初始化完成: task_id=66, groups=https://t.me/twogrqoup
[2026-03-13T23:56:35+08:00][info] 任务 66 第 907 次循环，重置群组 https://t.me/twogrqoup 消息状态
[2026-03-13T23:56:35+08:00][info] 使用当前发送用户 3471 的 session_path/www/wwwroot/tdata.tgbota.top/public/uploads/admin/202602/6997fc3070d84/819089723520/tdata/temp_8574369010.session
[2026-03-13T23:56:41+08:00][info] 返回:{"status":true,"message":"发送完成，成功1个，失败0个[]","data":{"success":[{"group_id":3895336513,"group_link":"https:\/\/t.me\/twogrqoup","type":"megagroup","message":"发送成功","message_id":8449}],"failed":[],"debug":["处理标识符: https:\/\/t.me\/twogrqoup, 清理后: https:\/\/t.me\/twogrqoup, 识别为链接: True, 识别为数字ID: False","已是群组成员，群组ID: 3895336513"],"warning":""},"api_address":"185.165.170.142:5023"}
[2026-03-13T23:56:41+08:00][info] 消息ID缓存成功: task_id=66, group_id=https://t.me/twogrqoup, msg_index=6, message_id=8449, send_user_id=3471
[2026-03-13T23:56:41+08:00][info] 消息状态标记为已发送: task_id=66, group_id=https://t.me/twogrqoup, msg_index=6
[2026-03-13T23:56:41+08:00][info] 任务 66 将在 13 秒后继续处理下一条消息，索引: 7, 实例ID: task_66_index_7_1773417401.4558
[2026-03-13T23:56:54+08:00][info] 开始处理队列任务: task_id=66, current_index=7
[2026-03-13T23:56:54+08:00][info] 消息缓存初始化完成: task_id=66, groups=https://t.me/twogrqoup
[2026-03-13T23:56:54+08:00][info] 任务 66 第 907 次循环，重置群组 https://t.me/twogrqoup 消息状态
[2026-03-13T23:56:54+08:00][info] 使用当前发送用户 3471 的 session_path/www/wwwroot/tdata.tgbota.top/public/uploads/admin/202602/6997fc3070d84/819089723520/tdata/temp_8574369010.session
[2026-03-13T23:57:00+08:00][info] 返回:{"status":true,"message":"发送完成，成功1个，失败0个[]","data":{"success":[{"group_id":3895336513,"group_link":"https:\/\/t.me\/twogrqoup","type":"megagroup","message":"发送成功","message_id":8450}],"failed":[],"debug":["处理标识符: https:\/\/t.me\/twogrqoup, 清理后: https:\/\/t.me\/twogrqoup, 识别为链接: True, 识别为数字ID: False","已是群组成员，群组ID: 3895336513"],"warning":""},"api_address":"185.165.170.142:5023"}
[2026-03-13T23:57:00+08:00][info] 消息ID缓存成功: task_id=66, group_id=https://t.me/twogrqoup, msg_index=7, message_id=8450, send_user_id=3471
[2026-03-13T23:57:00+08:00][info] 消息状态标记为已发送: task_id=66, group_id=https://t.me/twogrqoup, msg_index=7
[2026-03-13T23:57:00+08:00][info] 任务 66 将在 26 秒后继续处理下一条消息，索引: 8, 实例ID: task_66_index_8_1773417420.3799
[2026-03-13T23:57:26+08:00][info] 开始处理队列任务: task_id=66, current_index=8
[2026-03-13T23:57:26+08:00][info] 消息缓存初始化完成: task_id=66, groups=https://t.me/twogrqoup
[2026-03-13T23:57:26+08:00][info] 任务 66 第 907 次循环，重置群组 https://t.me/twogrqoup 消息状态
[2026-03-13T23:57:26+08:00][info] 使用当前发送用户 3469 的 session_path/www/wwwroot/tdata.tgbota.top/public/uploads/admin/202602/6997fc3070d84/819056965118/tdata/temp_8418493902.session
[2026-03-13T23:57:28+08:00][info] 开始处理队列任务: task_id=69, current_index=1146
[2026-03-13T23:57:28+08:00][info] 从数据库获取用户 4252 的 session_path
[2026-03-13T23:57:34+08:00][info] 返回:{"status":true,"message":"发送完成，成功1个，失败0个[]","data":{"success":[{"group_id":3895336513,"group_link":"https:\/\/t.me\/twogrqoup","type":"megagroup","message":"发送成功","message_id":8451}],"failed":[],"debug":["处理标识符: https:\/\/t.me\/twogrqoup, 清理后: https:\/\/t.me\/twogrqoup, 识别为链接: True, 识别为数字ID: False","已是群组成员，群组ID: 3895336513"],"warning":""},"api_address":"185.165.170.142:5062"}
[2026-03-13T23:57:34+08:00][info] 消息ID缓存成功: task_id=66, group_id=https://t.me/twogrqoup, msg_index=8, message_id=8451, send_user_id=3469
[2026-03-13T23:57:34+08:00][info] 消息状态标记为已发送: task_id=66, group_id=https://t.me/twogrqoup, msg_index=8
[2026-03-13T23:57:34+08:00][info] 任务 66 将在 30 秒后继续处理下一条消息，索引: 9, 实例ID: task_66_index_9_1773417454.3454
[2026-03-13T23:57:34+08:00][info] 返回:{"status":true,"message":"发送完成，成功1个，失败0个[]","data":{"success":[{"group_id":5072487869,"group_link":"https:\/\/t.me\/+9ZnJ_gHIFV41NzFh","type":"chat","message":"发送成功","message_id":1167}],"failed":[],"debug":["处理标识符: https:\/\/t.me\/+9ZnJ_gHIFV41NzFh, 清理后: https:\/\/t.me\/+9ZnJ_gHIFV41NzFh, 识别为链接: True, 识别为数字ID: False"],"warning":""},"api_address":"185.165.170.142:5037"}
[2026-03-13T23:57:34+08:00][info] 消息ID缓存成功: task_id=69, group_id=https://t.me/+9ZnJ_gHIFV41NzFh, msg_index=1146, message_id=1167, send_user_id=4252
[2026-03-13T23:57:34+08:00][info] 消息状态标记为已发送: task_id=69, group_id=https://t.me/+9ZnJ_gHIFV41NzFh, msg_index=1146
[2026-03-13T23:57:34+08:00][info] 任务 69 将在 101 秒后继续处理下一条消息，索引: 1147, 实例ID: task_69_index_1147_1773417454.8888
[2026-03-13T23:57:39+08:00][info] 开始处理队列任务: task_id=68, current_index=15
[2026-03-13T23:57:39+08:00][info] 使用消息配置中指定的用户 4263 的 session_path/www/wwwroot/tdata.tgbota.top/public/uploads/admin/202603/69b10fe00169d/13636668793/tdata/temp_8447627457.session
[2026-03-13T23:57:44+08:00][info] 返回:{"status":true,"message":"发送完成，成功1个，失败0个[]","data":{"success":[{"group_id":5288642383,"group_link":"https:\/\/t.me\/+Ro19Ihqy-nRmZTMx","type":"chat","message":"发送成功","message_id":1709}],"failed":[],"debug":["处理标识符: https:\/\/t.me\/+Ro19Ihqy-nRmZTMx, 清理后: https:\/\/t.me\/+Ro19Ihqy-nRmZTMx, 识别为链接: True, 识别为数字ID: False"],"warning":""},"api_address":"185.165.170.142:5008"}
[2026-03-13T23:57:44+08:00][info] 消息ID缓存成功: task_id=68, group_id=https://t.me/+Ro19Ihqy-nRmZTMx, msg_index=15, message_id=1709, send_user_id=4263
[2026-03-13T23:57:44+08:00][info] 消息状态标记为已发送: task_id=68, group_id=https://t.me/+Ro19Ihqy-nRmZTMx, msg_index=15
[2026-03-13T23:57:44+08:00][info] 任务 68 将在 108 秒后继续处理下一条消息，索引: 16, 实例ID: task_68_index_16_1773417464.4291
[2026-03-13T23:57:50+08:00][info] 开始处理队列任务: task_id=67, current_index=15
[2026-03-13T23:57:50+08:00][info] 使用消息配置中指定的用户 4263 的 session_path/www/wwwroot/tdata.tgbota.top/public/uploads/admin/202603/69b10fe00169d/13636668793/tdata/temp_8447627457.session
[2026-03-13T23:57:55+08:00][info] 返回:{"status":true,"message":"发送完成，成功1个，失败0个[]","data":{"success":[{"group_id":5283535179,"group_link":"https:\/\/t.me\/+o6W8r1Tomb04Y2Q5","type":"chat","message":"发送成功","message_id":1710}],"failed":[],"debug":["处理标识符: https:\/\/t.me\/+o6W8r1Tomb04Y2Q5, 清理后: https:\/\/t.me\/+o6W8r1Tomb04Y2Q5, 识别为链接: True, 识别为数字ID: False"],"warning":""},"api_address":"185.165.170.142:5008"}
[2026-03-13T23:57:55+08:00][info] 消息ID缓存成功: task_id=67, group_id=https://t.me/+o6W8r1Tomb04Y2Q5, msg_index=15, message_id=1710, send_user_id=4263
[2026-03-13T23:57:55+08:00][info] 消息状态标记为已发送: task_id=67, group_id=https://t.me/+o6W8r1Tomb04Y2Q5, msg_index=15
[2026-03-13T23:57:55+08:00][info] 任务 67 将在 108 秒后继续处理下一条消息，索引: 16, 实例ID: task_67_index_16_1773417475.9357
[2026-03-13T23:58:04+08:00][info] 开始处理队列任务: task_id=66, current_index=9
[2026-03-13T23:58:04+08:00][info] 消息缓存初始化完成: task_id=66, groups=https://t.me/twogrqoup
[2026-03-13T23:58:04+08:00][info] 任务 66 第 907 次循环，重置群组 https://t.me/twogrqoup 消息状态
[2026-03-13T23:58:04+08:00][info] 任务 66 第 907 轮完成，准备进行第 908 轮
[2026-03-13T23:58:04+08:00][info] 任务 66 即将为下一轮重新入队，延迟 5 秒，从索引 0 开始
[2026-03-13T23:58:09+08:00][info] 开始处理队列任务: task_id=66, current_index=0
[2026-03-13T23:58:09+08:00][info] 消息缓存初始化完成: task_id=66, groups=https://t.me/twogrqoup
[2026-03-13T23:58:09+08:00][info] 任务 66 第 908 次循环，重置群组 https://t.me/twogrqoup 消息状态
[2026-03-13T23:58:09+08:00][info] 使用当前发送用户 3469 的 session_path/www/wwwroot/tdata.tgbota.top/public/uploads/admin/202602/6997fc3070d84/819056965118/tdata/temp_8418493902.session
[2026-03-13T23:58:15+08:00][info] 返回:{"status":true,"message":"发送完成，成功1个，失败0个[]","data":{"success":[{"group_id":3895336513,"group_link":"https:\/\/t.me\/twogrqoup","type":"megagroup","message":"发送成功","message_id":8452}],"failed":[],"debug":["处理标识符: https:\/\/t.me\/twogrqoup, 清理后: https:\/\/t.me\/twogrqoup, 识别为链接: True, 识别为数字ID: False","已是群组成员，群组ID: 3895336513"],"warning":""},"api_address":"185.165.170.142:5062"}
[2026-03-13T23:58:15+08:00][info] 消息ID缓存成功: task_id=66, group_id=https://t.me/twogrqoup, msg_index=0, message_id=8452, send_user_id=3469
[2026-03-13T23:58:15+08:00][info] 消息状态标记为已发送: task_id=66, group_id=https://t.me/twogrqoup, msg_index=0
[2026-03-13T23:58:16+08:00][info] 任务 66 将在 15 秒后继续处理下一条消息，索引: 1, 实例ID: task_66_index_1_1773417496.0103
[2026-03-13T23:58:31+08:00][info] 开始处理队列任务: task_id=66, current_index=1
[2026-03-13T23:58:31+08:00][info] 消息缓存初始化完成: task_id=66, groups=https://t.me/twogrqoup
[2026-03-13T23:58:31+08:00][info] 任务 66 第 908 次循环，重置群组 https://t.me/twogrqoup 消息状态
[2026-03-13T23:58:31+08:00][info] 使用当前发送用户 3472 的 session_path/www/wwwroot/tdata.tgbota.top/public/uploads/admin/202602/6997fc3070d84/819050054287/tdata/temp_8308580822.session
[2026-03-13T23:58:37+08:00][info] 返回:{"status":true,"message":"发送完成，成功1个，失败0个[]","data":{"success":[{"group_id":3895336513,"group_link":"https:\/\/t.me\/twogrqoup","type":"megagroup","message":"发送成功","message_id":8453}],"failed":[],"debug":["处理标识符: https:\/\/t.me\/twogrqoup, 清理后: https:\/\/t.me\/twogrqoup, 识别为链接: True, 识别为数字ID: False","已是群组成员，群组ID: 3895336513"],"warning":""},"api_address":"185.165.170.142:5042"}
[2026-03-13T23:58:37+08:00][info] 消息ID缓存成功: task_id=66, group_id=https://t.me/twogrqoup, msg_index=1, message_id=8453, send_user_id=3472
[2026-03-13T23:58:37+08:00][info] 消息状态标记为已发送: task_id=66, group_id=https://t.me/twogrqoup, msg_index=1
[2026-03-13T23:58:37+08:00][info] 任务 66 将在 30 秒后继续处理下一条消息，索引: 2, 实例ID: task_66_index_2_1773417517.6056
[2026-03-13T23:59:07+08:00][info] 开始处理队列任务: task_id=66, current_index=2
[2026-03-13T23:59:07+08:00][info] 消息缓存初始化完成: task_id=66, groups=https://t.me/twogrqoup
[2026-03-13T23:59:07+08:00][info] 任务 66 第 908 次循环，重置群组 https://t.me/twogrqoup 消息状态
[2026-03-13T23:59:07+08:00][info] 使用当前发送用户 3473 的 session_path/www/wwwroot/tdata.tgbota.top/public/uploads/admin/202602/6997fc3070d84/819054626431/tdata/temp_8503359249.session
[2026-03-13T23:59:13+08:00][info] 返回:{"status":true,"message":"发送完成，成功1个，失败0个[]","data":{"success":[{"group_id":3895336513,"group_link":"https:\/\/t.me\/twogrqoup","type":"megagroup","message":"发送成功","message_id":8454}],"failed":[],"debug":["处理标识符: https:\/\/t.me\/twogrqoup, 清理后: https:\/\/t.me\/twogrqoup, 识别为链接: True, 识别为数字ID: False","已是群组成员，群组ID: 3895336513"],"warning":""},"api_address":"185.165.170.142:5043"}
[2026-03-13T23:59:13+08:00][info] 消息ID缓存成功: task_id=66, group_id=https://t.me/twogrqoup, msg_index=2, message_id=8454, send_user_id=3473
[2026-03-13T23:59:13+08:00][info] 消息状态标记为已发送: task_id=66, group_id=https://t.me/twogrqoup, msg_index=2
[2026-03-13T23:59:13+08:00][info] 任务 66 将在 45 秒后继续处理下一条消息，索引: 3, 实例ID: task_66_index_3_1773417553.7643
[2026-03-13T23:59:15+08:00][info] 开始处理队列任务: task_id=69, current_index=1147
[2026-03-13T23:59:15+08:00][info] 使用消息配置中指定的用户 4241 的 session_path/www/wwwroot/tdata.tgbota.top/public/uploads/admin/202603/69b10fe00169d/13525689534/tdata/temp_8404156247.session
[2026-03-13T23:59:21+08:00][info] 返回:{"status":true,"message":"发送完成，成功1个，失败0个[]","data":{"success":[{"group_id":5072487869,"group_link":"https:\/\/t.me\/+9ZnJ_gHIFV41NzFh","type":"chat","message":"发送成功","message_id":1142}],"failed":[],"debug":["处理标识符: https:\/\/t.me\/+9ZnJ_gHIFV41NzFh, 清理后: https:\/\/t.me\/+9ZnJ_gHIFV41NzFh, 识别为链接: True, 识别为数字ID: False"],"warning":""},"api_address":"185.165.170.142:5026"}
[2026-03-13T23:59:21+08:00][info] 消息ID缓存成功: task_id=69, group_id=https://t.me/+9ZnJ_gHIFV41NzFh, msg_index=1147, message_id=1142, send_user_id=4241
[2026-03-13T23:59:21+08:00][info] 消息状态标记为已发送: task_id=69, group_id=https://t.me/+9ZnJ_gHIFV41NzFh, msg_index=1147
[2026-03-13T23:59:21+08:00][info] 任务 69 将在 98 秒后继续处理下一条消息，索引: 1148, 实例ID: task_69_index_1148_1773417561.3893
[2026-03-13T23:59:32+08:00][info] 开始处理队列任务: task_id=68, current_index=16
[2026-03-13T23:59:33+08:00][info] 使用消息配置中指定的用户 4262 的 session_path/www/wwwroot/tdata.tgbota.top/public/uploads/admin/202603/69b10fe00169d/13394638382/tdata/temp_8334055965.session
[2026-03-13T23:59:39+08:00][info] 返回:{"status":true,"message":"发送完成，成功1个，失败0个[]","data":{"success":[{"group_id":5288642383,"group_link":"https:\/\/t.me\/+Ro19Ihqy-nRmZTMx","type":"chat","message":"发送成功","message_id":1707}],"failed":[],"debug":["处理标识符: https:\/\/t.me\/+Ro19Ihqy-nRmZTMx, 清理后: https:\/\/t.me\/+Ro19Ihqy-nRmZTMx, 识别为链接: True, 识别为数字ID: False"],"warning":""},"api_address":"185.165.170.142:5007"}
[2026-03-13T23:59:39+08:00][info] 消息ID缓存成功: task_id=68, group_id=https://t.me/+Ro19Ihqy-nRmZTMx, msg_index=16, message_id=1707, send_user_id=4262
[2026-03-13T23:59:39+08:00][info] 消息状态标记为已发送: task_id=68, group_id=https://t.me/+Ro19Ihqy-nRmZTMx, msg_index=16
[2026-03-13T23:59:39+08:00][info] 任务 68 将在 103 秒后继续处理下一条消息，索引: 17, 实例ID: task_68_index_17_1773417579.1297
[2026-03-13T23:59:43+08:00][info] 开始处理队列任务: task_id=67, current_index=16
[2026-03-13T23:59:43+08:00][info] 使用消息配置中指定的用户 4262 的 session_path/www/wwwroot/tdata.tgbota.top/public/uploads/admin/202603/69b10fe00169d/13394638382/tdata/temp_8334055965.session
[2026-03-13T23:59:49+08:00][info] 返回:{"status":true,"message":"发送完成，成功1个，失败0个[]","data":{"success":[{"group_id":5283535179,"group_link":"https:\/\/t.me\/+o6W8r1Tomb04Y2Q5","type":"chat","message":"发送成功","message_id":1708}],"failed":[],"debug":["处理标识符: https:\/\/t.me\/+o6W8r1Tomb04Y2Q5, 清理后: https:\/\/t.me\/+o6W8r1Tomb04Y2Q5, 识别为链接: True, 识别为数字ID: False"],"warning":""},"api_address":"185.165.170.142:5007"}
[2026-03-13T23:59:49+08:00][info] 消息ID缓存成功: task_id=67, group_id=https://t.me/+o6W8r1Tomb04Y2Q5, msg_index=16, message_id=1708, send_user_id=4262
[2026-03-13T23:59:49+08:00][info] 消息状态标记为已发送: task_id=67, group_id=https://t.me/+o6W8r1Tomb04Y2Q5, msg_index=16
[2026-03-13T23:59:49+08:00][info] 任务 67 将在 103 秒后继续处理下一条消息，索引: 17, 实例ID: task_67_index_17_1773417589.2566
[2026-03-13T23:59:58+08:00][info] 开始处理队列任务: task_id=66, current_index=3
[2026-03-13T23:59:58+08:00][info] 消息缓存初始化完成: task_id=66, groups=https://t.me/twogrqoup
[2026-03-13T23:59:58+08:00][info] 任务 66 第 908 次循环，重置群组 https://t.me/twogrqoup 消息状态
[2026-03-13T23:59:58+08:00][info] 使用当前发送用户 3469 的 session_path/www/wwwroot/tdata.tgbota.top/public/uploads/admin/202602/6997fc3070d84/819056965118/tdata/temp_8418493902.session
